<?xml version="1.0" encoding="UTF-8"?>
<!DOCTYPE X3D PUBLIC "ISO//Web3D//DTD X3D 4.0//EN" "https://www.web3d.org/specifications/x3d-4.0.dtd">
<X3D profile="Immersive" version="4.0" xmlns:xsd="http://www.w3.org/2001/XMLSchema-instance" xsd:noNamespaceSchemaLocation="https://www.web3d.org/specifications/x3d-4.0.xsd">
<head>
<meta name="title" content="Potter Creek Cave"/>
<meta name="description" content="To-scale model from Sinclair (1904), excavation directed by John C. Merriam. Shasta County, California."/>
<meta name="reference" content="Sinclair, W.J. (1904) The Exploration of Potter Creek Cave. Univ. Calif. Publ. Amer. Arch. Ethn. 2(1)."/>
<meta name="creator" content="x3d_mcp cave pipeline"/>
</head>
<Scene>
<Background skyColor="0.02 0.02 0.03 0.04 0.04 0.05" groundColor="0.02 0.02 0.02" skyAngle="1.2"/><Fog fogType="LINEAR" color="0.04 0.04 0.05" visibilityRange="520"/><NavigationInfo type='"EXAMINE" "WALK" "ANY"' headlight="false" avatarSize="0.5 6 0.75" speed="12"/><Viewpoint DEF="Section" description="Down the chamber from the entrance" position="53.5 54 126" orientation="-1 -0 0 0.18" fieldOfView="1.05"/><Viewpoint DEF="Hero" description="Hero -- the entrance fan and daylight shaft" position="32 50 96" orientation="-1 -0 0 0.184" fieldOfView="0.95"/><Viewpoint DEF="Plan" description="Plan / overhead" position="53 130 1" orientation="1 0 0 -1.5707" fieldOfView="0.9"/><DirectionalLight direction="0.1 -0.5 -1" intensity="0.6" color="0.82 0.86 0.96"/><DirectionalLight direction="-0.2 -1 0.1" intensity="0.2" color="0.55 0.58 0.68"/><PointLight location="9 12.679 -3" color="1 0.83 0.5" intensity="0.6" radius="48" attenuation="1 0.03 0.004"/><PointLight location="26 18 -3" color="1 0.78 0.46" intensity="0.5" radius="42" attenuation="1 0.04 0.006"/><PointLight location="82 17 -3" color="1 0.8 0.48" intensity="0.5" radius="42" attenuation="1 0.04 0.006"/><PointLight location="9 59.052 -3" color="0.7 0.8 1" intensity="0.9" radius="55" attenuation="1 0.02 0.002"/><Group><Shape><Appearance><Material diffuseColor="1 1 1" specularColor="0.08 0.08 0.07" shininess="0.12" ambientIntensity="0.2"/></Appearance><IndexedFaceSet solid="false" creaseAngle="1.2" colorPerVertex="true" coordIndex="0 1 18 17 -1 1 2 19 18 -1 2 3 20 19 -1 3 4 21 20 -1 4 5 22 21 -1 5 6 23 22 -1 6 7 24 23 -1 7 8 25 24 -1 8 9 26 25 -1 9 10 27 26 -1 10 11 28 27 -1 11 12 29 28 -1 12 13 30 29 -1 13 14 31 30 -1 14 15 32 31 -1 15 16 33 32 -1 17 18 35 34 -1 18 19 36 35 -1 19 20 37 36 -1 20 21 38 37 -1 21 22 39 38 -1 22 23 40 39 -1 23 24 41 40 -1 24 25 42 41 -1 25 26 43 42 -1 26 27 44 43 -1 27 28 45 44 -1 28 29 46 45 -1 29 30 47 46 -1 30 31 48 47 -1 31 32 49 48 -1 32 33 50 49 -1 34 35 52 51 -1 35 36 53 52 -1 36 37 54 53 -1 37 38 55 54 -1 38 39 56 55 -1 39 40 57 56 -1 40 41 58 57 -1 41 42 59 58 -1 42 43 60 59 -1 43 44 61 60 -1 44 45 62 61 -1 45 46 63 62 -1 46 47 64 63 -1 47 48 65 64 -1 48 49 66 65 -1 49 50 67 66 -1 51 52 69 68 -1 52 53 70 69 -1 53 54 71 70 -1 54 55 72 71 -1 55 56 73 72 -1 56 57 74 73 -1 57 58 75 74 -1 58 59 76 75 -1 59 60 77 76 -1 60 61 78 77 -1 61 62 79 78 -1 62 63 80 79 -1 63 64 81 80 -1 64 65 82 81 -1 65 66 83 82 -1 66 67 84 83 -1 68 69 86 85 -1 69 70 87 86 -1 70 71 88 87 -1 71 72 89 88 -1 72 73 90 89 -1 73 74 91 90 -1 74 75 92 91 -1 75 76 93 92 -1 76 77 94 93 -1 77 78 95 94 -1 78 79 96 95 -1 79 80 97 96 -1 80 81 98 97 -1 81 82 99 98 -1 82 83 100 99 -1 83 84 101 100 -1 85 86 103 102 -1 86 87 104 103 -1 87 88 105 104 -1 88 89 106 105 -1 89 90 107 106 -1 90 91 108 107 -1 91 92 109 108 -1 92 93 110 109 -1 93 94 111 110 -1 94 95 112 111 -1 95 96 113 112 -1 96 97 114 113 -1 97 98 115 114 -1 98 99 116 115 -1 99 100 117 116 -1 100 101 118 117 -1 102 103 120 119 -1 103 104 121 120 -1 104 105 122 121 -1 105 106 123 122 -1 106 107 124 123 -1 107 108 125 124 -1 108 109 126 125 -1 109 110 127 126 -1 110 111 128 127 -1 111 112 129 128 -1 112 113 130 129 -1 113 114 131 130 -1 114 115 132 131 -1 115 116 133 132 -1 116 117 134 133 -1 117 118 135 134 -1 119 120 137 136 -1 120 121 138 137 -1 121 122 139 138 -1 122 123 140 139 -1 123 124 141 140 -1 124 125 142 141 -1 125 126 143 142 -1 126 127 144 143 -1 127 128 145 144 -1 128 129 146 145 -1 129 130 147 146 -1 130 131 148 147 -1 131 132 149 148 -1 132 133 150 149 -1 133 134 151 150 -1 134 135 152 151 -1 136 137 154 153 -1 137 138 155 154 -1 138 139 156 155 -1 139 140 157 156 -1 140 141 158 157 -1 141 142 159 158 -1 142 143 160 159 -1 143 144 161 160 -1 144 145 162 161 -1 145 146 163 162 -1 146 147 164 163 -1 147 148 165 164 -1 148 149 166 165 -1 149 150 167 166 -1 150 151 168 167 -1 151 152 169 168 -1 153 154 171 170 -1 154 155 172 171 -1 155 156 173 172 -1 156 157 174 173 -1 157 158 175 174 -1 158 159 176 175 -1 159 160 177 176 -1 160 161 178 177 -1 161 162 179 178 -1 162 163 180 179 -1 163 164 181 180 -1 164 165 182 181 -1 165 166 183 182 -1 166 167 184 183 -1 167 168 185 184 -1 168 169 186 185 -1 170 171 188 187 -1 171 172 189 188 -1 172 173 190 189 -1 173 174 191 190 -1 174 175 192 191 -1 175 176 193 192 -1 176 177 194 193 -1 177 178 195 194 -1 178 179 196 195 -1 179 180 197 196 -1 180 181 198 197 -1 181 182 199 198 -1 182 183 200 199 -1 183 184 201 200 -1 184 185 202 201 -1 185 186 203 202 -1 187 188 205 204 -1 188 189 206 205 -1 189 190 207 206 -1 190 191 208 207 -1 191 192 209 208 -1 192 193 210 209 -1 193 194 211 210 -1 194 195 212 211 -1 195 196 213 212 -1 196 197 214 213 -1 197 198 215 214 -1 198 199 216 215 -1 199 200 217 216 -1 200 201 218 217 -1 201 202 219 218 -1 202 203 220 219 -1 204 205 222 221 -1 205 206 223 222 -1 206 207 224 223 -1 207 208 225 224 -1 208 209 226 225 -1 209 210 227 226 -1 210 211 228 227 -1 211 212 229 228 -1 212 213 230 229 -1 213 214 231 230 -1 214 215 232 231 -1 215 216 233 232 -1 216 217 234 233 -1 217 218 235 234 -1 218 219 236 235 -1 219 220 237 236 -1 221 222 239 238 -1 222 223 240 239 -1 223 224 241 240 -1 224 225 242 241 -1 225 226 243 242 -1 226 227 244 243 -1 227 228 245 244 -1 228 229 246 245 -1 229 230 247 246 -1 230 231 248 247 -1 231 232 249 248 -1 232 233 250 249 -1 233 234 251 250 -1 234 235 252 251 -1 235 236 253 252 -1 236 237 254 253 -1 238 239 256 255 -1 239 240 257 256 -1 240 241 258 257 -1 241 242 259 258 -1 242 243 260 259 -1 243 244 261 260 -1 244 245 262 261 -1 245 246 263 262 -1 246 247 264 263 -1 247 248 265 264 -1 248 249 266 265 -1 249 250 267 266 -1 250 251 268 267 -1 251 252 269 268 -1 252 253 270 269 -1 253 254 271 270 -1 255 256 273 272 -1 256 257 274 273 -1 257 258 275 274 -1 258 259 276 275 -1 259 260 277 276 -1 260 261 278 277 -1 261 262 279 278 -1 262 263 280 279 -1 263 264 281 280 -1 264 265 282 281 -1 265 266 283 282 -1 266 267 284 283 -1 267 268 285 284 -1 268 269 286 285 -1 269 270 287 286 -1 270 271 288 287 -1 272 273 290 289 -1 273 274 291 290 -1 274 275 292 291 -1 275 276 293 292 -1 276 277 294 293 -1 277 278 295 294 -1 278 279 296 295 -1 279 280 297 296 -1 280 281 298 297 -1 281 282 299 298 -1 282 283 300 299 -1 283 284 301 300 -1 284 285 302 301 -1 285 286 303 302 -1 286 287 304 303 -1 287 288 305 304 -1 289 290 307 306 -1 290 291 308 307 -1 291 292 309 308 -1 292 293 310 309 -1 293 294 311 310 -1 294 295 312 311 -1 295 296 313 312 -1 296 297 314 313 -1 297 298 315 314 -1 298 299 316 315 -1 299 300 317 316 -1 300 301 318 317 -1 301 302 319 318 -1 302 303 320 319 -1 303 304 321 320 -1 304 305 322 321 -1 306 307 324 323 -1 307 308 325 324 -1 308 309 326 325 -1 309 310 327 326 -1 310 311 328 327 -1 311 312 329 328 -1 312 313 330 329 -1 313 314 331 330 -1 314 315 332 331 -1 315 316 333 332 -1 316 317 334 333 -1 317 318 335 334 -1 318 319 336 335 -1 319 320 337 336 -1 320 321 338 337 -1 321 322 339 338 -1 323 324 341 340 -1 324 325 342 341 -1 325 326 343 342 -1 326 327 344 343 -1 327 328 345 344 -1 328 329 346 345 -1 329 330 347 346 -1 330 331 348 347 -1 331 332 349 348 -1 332 333 350 349 -1 333 334 351 350 -1 334 335 352 351 -1 335 336 353 352 -1 336 337 354 353 -1 337 338 355 354 -1 338 339 356 355 -1 340 341 358 357 -1 341 342 359 358 -1 342 343 360 359 -1 343 344 361 360 -1 344 345 362 361 -1 345 346 363 362 -1 346 347 364 363 -1 347 348 365 364 -1 348 349 366 365 -1 349 350 367 366 -1 350 351 368 367 -1 351 352 369 368 -1 352 353 370 369 -1 353 354 371 370 -1 354 355 372 371 -1 355 356 373 372 -1 357 358 375 374 -1 358 359 376 375 -1 359 360 377 376 -1 360 361 378 377 -1 361 362 379 378 -1 362 363 380 379 -1 363 364 381 380 -1 364 365 382 381 -1 365 366 383 382 -1 366 367 384 383 -1 367 368 385 384 -1 368 369 386 385 -1 369 370 387 386 -1 370 371 388 387 -1 371 372 389 388 -1 372 373 390 389 -1 374 375 392 391 -1 375 376 393 392 -1 376 377 394 393 -1 377 378 395 394 -1 378 379 396 395 -1 379 380 397 396 -1 380 381 398 397 -1 381 382 399 398 -1 382 383 400 399 -1 383 384 401 400 -1 384 385 402 401 -1 385 386 403 402 -1 386 387 404 403 -1 387 388 405 404 -1 388 389 406 405 -1 389 390 407 406 -1 391 392 409 408 -1 392 393 410 409 -1 393 394 411 410 -1 394 395 412 411 -1 395 396 413 412 -1 396 397 414 413 -1 397 398 415 414 -1 398 399 416 415 -1 399 400 417 416 -1 400 401 418 417 -1 401 402 419 418 -1 402 403 420 419 -1 403 404 421 420 -1 404 405 422 421 -1 405 406 423 422 -1 406 407 424 423 -1 408 409 426 425 -1 409 410 427 426 -1 410 411 428 427 -1 411 412 429 428 -1 412 413 430 429 -1 413 414 431 430 -1 414 415 432 431 -1 415 416 433 432 -1 416 417 434 433 -1 417 418 435 434 -1 418 419 436 435 -1 419 420 437 436 -1 420 421 438 437 -1 421 422 439 438 -1 422 423 440 439 -1 423 424 441 440 -1 425 426 443 442 -1 426 427 444 443 -1 427 428 445 444 -1 428 429 446 445 -1 429 430 447 446 -1 430 431 448 447 -1 431 432 449 448 -1 432 433 450 449 -1 433 434 451 450 -1 434 435 452 451 -1 435 436 453 452 -1 436 437 454 453 -1 437 438 455 454 -1 438 439 456 455 -1 439 440 457 456 -1 440 441 458 457 -1 442 443 460 459 -1 443 444 461 460 -1 444 445 462 461 -1 445 446 463 462 -1 446 447 464 463 -1 447 448 465 464 -1 448 449 466 465 -1 449 450 467 466 -1 450 451 468 467 -1 451 452 469 468 -1 452 453 470 469 -1 453 454 471 470 -1 454 455 472 471 -1 455 456 473 472 -1 456 457 474 473 -1 457 458 475 474 -1 459 460 477 476 -1 460 461 478 477 -1 461 462 479 478 -1 462 463 480 479 -1 463 464 481 480 -1 464 465 482 481 -1 465 466 483 482 -1 466 467 484 483 -1 467 468 485 484 -1 468 469 486 485 -1 469 470 487 486 -1 470 471 488 487 -1 471 472 489 488 -1 472 473 490 489 -1 473 474 491 490 -1 474 475 492 491 -1 476 477 494 493 -1 477 478 495 494 -1 478 479 496 495 -1 479 480 497 496 -1 480 481 498 497 -1 481 482 499 498 -1 482 483 500 499 -1 483 484 501 500 -1 484 485 502 501 -1 485 486 503 502 -1 486 487 504 503 -1 487 488 505 504 -1 488 489 506 505 -1 489 490 507 506 -1 490 491 508 507 -1 491 492 509 508 -1 493 494 511 510 -1 494 495 512 511 -1 495 496 513 512 -1 496 497 514 513 -1 497 498 515 514 -1 498 499 516 515 -1 499 500 517 516 -1 500 501 518 517 -1 501 502 519 518 -1 502 503 520 519 -1 503 504 521 520 -1 504 505 522 521 -1 505 506 523 522 -1 506 507 524 523 -1 507 508 525 524 -1 508 509 526 525 -1 510 511 528 527 -1 511 512 529 528 -1 512 513 530 529 -1 513 514 531 530 -1 514 515 532 531 -1 515 516 533 532 -1 516 517 534 533 -1 517 518 535 534 -1 518 519 536 535 -1 519 520 537 536 -1 520 521 538 537 -1 521 522 539 538 -1 522 523 540 539 -1 523 524 541 540 -1 524 525 542 541 -1 525 526 543 542 -1 527 528 545 544 -1 528 529 546 545 -1 529 530 547 546 -1 530 531 548 547 -1 531 532 549 548 -1 532 533 550 549 -1 533 534 551 550 -1 534 535 552 551 -1 535 536 553 552 -1 536 537 554 553 -1 537 538 555 554 -1 538 539 556 555 -1 539 540 557 556 -1 540 541 558 557 -1 541 542 559 558 -1 542 543 560 559 -1 544 545 562 561 -1 545 546 563 562 -1 546 547 564 563 -1 547 548 565 564 -1 548 549 566 565 -1 549 550 567 566 -1 550 551 568 567 -1 551 552 569 568 -1 552 553 570 569 -1 553 554 571 570 -1 554 555 572 571 -1 555 556 573 572 -1 556 557 574 573 -1 557 558 575 574 -1 558 559 576 575 -1 559 560 577 576 -1 561 562 579 578 -1 562 563 580 579 -1 563 564 581 580 -1 564 565 582 581 -1 565 566 583 582 -1 566 567 584 583 -1 567 568 585 584 -1 568 569 586 585 -1 569 570 587 586 -1 570 571 588 587 -1 571 572 589 588 -1 572 573 590 589 -1 573 574 591 590 -1 574 575 592 591 -1 575 576 593 592 -1 576 577 594 593 -1 578 579 596 595 -1 579 580 597 596 -1 580 581 598 597 -1 581 582 599 598 -1 582 583 600 599 -1 583 584 601 600 -1 584 585 602 601 -1 585 586 603 602 -1 586 587 604 603 -1 587 588 605 604 -1 588 589 606 605 -1 589 590 607 606 -1 590 591 608 607 -1 591 592 609 608 -1 592 593 610 609 -1 593 594 611 610 -1 595 596 613 612 -1 596 597 614 613 -1 597 598 615 614 -1 598 599 616 615 -1 599 600 617 616 -1 600 601 618 617 -1 601 602 619 618 -1 602 603 620 619 -1 603 604 621 620 -1 604 605 622 621 -1 605 606 623 622 -1 606 607 624 623 -1 607 608 625 624 -1 608 609 626 625 -1 609 610 627 626 -1 610 611 628 627 -1 612 613 630 629 -1 613 614 631 630 -1 614 615 632 631 -1 615 616 633 632 -1 616 617 634 633 -1 617 618 635 634 -1 618 619 636 635 -1 619 620 637 636 -1 620 621 638 637 -1 621 622 639 638 -1 622 623 640 639 -1 623 624 641 640 -1 624 625 642 641 -1 625 626 643 642 -1 626 627 644 643 -1 627 628 645 644 -1 629 630 647 646 -1 630 631 648 647 -1 631 632 649 648 -1 632 633 650 649 -1 633 634 651 650 -1 634 635 652 651 -1 635 636 653 652 -1 636 637 654 653 -1 637 638 655 654 -1 638 639 656 655 -1 639 640 657 656 -1 640 641 658 657 -1 641 642 659 658 -1 642 643 660 659 -1 643 644 661 660 -1 644 645 662 661 -1 646 647 664 663 -1 647 648 665 664 -1 648 649 666 665 -1 649 650 667 666 -1 650 651 668 667 -1 651 652 669 668 -1 652 653 670 669 -1 653 654 671 670 -1 654 655 672 671 -1 655 656 673 672 -1 656 657 674 673 -1 657 658 675 674 -1 658 659 676 675 -1 659 660 677 676 -1 660 661 678 677 -1 661 662 679 678 -1 663 664 681 680 -1 664 665 682 681 -1 665 666 683 682 -1 666 667 684 683 -1 667 668 685 684 -1 668 669 686 685 -1 669 670 687 686 -1 670 671 688 687 -1 671 672 689 688 -1 672 673 690 689 -1 673 674 691 690 -1 674 675 692 691 -1 675 676 693 692 -1 676 677 694 693 -1 677 678 695 694 -1 678 679 696 695 -1 680 681 698 697 -1 681 682 699 698 -1 682 683 700 699 -1 683 684 701 700 -1 684 685 702 701 -1 685 686 703 702 -1 686 687 704 703 -1 687 688 705 704 -1 688 689 706 705 -1 689 690 707 706 -1 690 691 708 707 -1 691 692 709 708 -1 692 693 710 709 -1 693 694 711 710 -1 694 695 712 711 -1 695 696 713 712 -1 697 698 715 714 -1 698 699 716 715 -1 699 700 717 716 -1 700 701 718 717 -1 701 702 719 718 -1 702 703 720 719 -1 703 704 721 720 -1 704 705 722 721 -1 705 706 723 722 -1 706 707 724 723 -1 707 708 725 724 -1 708 709 726 725 -1 709 710 727 726 -1 710 711 728 727 -1 711 712 729 728 -1 712 713 730 729 -1 714 715 732 731 -1 715 716 733 732 -1 716 717 734 733 -1 717 718 735 734 -1 718 719 736 735 -1 719 720 737 736 -1 720 721 738 737 -1 721 722 739 738 -1 722 723 740 739 -1 723 724 741 740 -1 724 725 742 741 -1 725 726 743 742 -1 726 727 744 743 -1 727 728 745 744 -1 728 729 746 745 -1 729 730 747 746 -1 731 732 749 748 -1 732 733 750 749 -1 733 734 751 750 -1 734 735 752 751 -1 735 736 753 752 -1 736 737 754 753 -1 737 738 755 754 -1 738 739 756 755 -1 739 740 757 756 -1 740 741 758 757 -1 741 742 759 758 -1 742 743 760 759 -1 743 744 761 760 -1 744 745 762 761 -1 745 746 763 762 -1 746 747 764 763 -1 748 749 766 765 -1 749 750 767 766 -1 750 751 768 767 -1 751 752 769 768 -1 752 753 770 769 -1 753 754 771 770 -1 754 755 772 771 -1 755 756 773 772 -1 756 757 774 773 -1 757 758 775 774 -1 758 759 776 775 -1 759 760 777 776 -1 760 761 778 777 -1 761 762 779 778 -1 762 763 780 779 -1 763 764 781 780 -1"><Coordinate point="0 3.964 -2.55 0 5.177 -2.557 0 6.395 -2.538 0 7.603 -2.491 0 8.783 -2.416 0 9.916 -2.313 0 10.985 -2.183 0 11.972 -2.027 0 12.863 -1.848 0 13.646 -1.65 0 14.313 -1.436 0 14.862 -1.21 0 15.293 -0.975 0 15.609 -0.734 0 15.814 -0.49 0 15.915 -0.244 0 15.919 -0 2.378 4.45 -3.83 2.378 6.508 -3.836 2.378 8.566 -3.799 2.378 10.593 -3.718 2.378 12.558 -3.593 2.378 14.428 -3.427 2.378 16.175 -3.221 2.378 17.775 -2.981 2.378 19.21 -2.71 2.378 20.468 -2.413 2.378 21.544 -2.097 2.378 22.438 -1.765 2.378 23.155 -1.422 2.378 23.701 -1.072 2.378 24.086 -0.717 2.378 24.315 -0.359 2.378 24.394 -0 4.756 5.098 -4.884 4.756 7.653 -4.877 4.756 10.19 -4.813 4.756 12.67 -4.692 4.756 15.053 -4.518 4.756 17.304 -4.293 4.756 19.396 -4.023 4.756 21.306 -3.713 4.756 23.022 -3.369 4.756 24.535 -2.999 4.756 25.848 -2.606 4.756 26.962 -2.197 4.756 27.886 -1.774 4.756 28.626 -1.342 4.756 29.186 -0.901 4.756 29.566 -0.453 4.756 29.763 -0 7.133 5.918 -6.059 7.133 8.967 -6.027 7.133 11.971 -5.926 7.133 14.887 -5.757 7.133 17.673 -5.526 7.133 20.298 -5.239 7.133 22.737 -4.901 7.133 24.975 -4.521 7.133 27.002 -4.105 7.133 28.818 -3.659 7.133 30.424 -3.188 7.133 31.825 -2.696 7.133 33.022 -2.186 7.133 34.015 -1.66 7.133 34.797 -1.119 7.133 35.36 -0.565 7.133 35.686 -0 9.511 6.903 -6.896 9.511 10.232 -6.835 9.511 13.491 -6.698 9.511 16.639 -6.49 9.511 19.639 -6.218 9.511 22.469 -5.889 9.511 25.11 -5.51 9.511 27.554 -5.088 9.511 29.798 -4.63 9.511 31.842 -4.139 9.511 33.686 -3.619 9.511 35.328 -3.072 9.511 36.76 -2.501 9.511 37.97 -1.906 9.511 38.94 -1.289 9.511 39.646 -0.652 9.511 40.062 -0 11.889 8.021 -7.507 11.889 11.5 -7.419 11.889 14.893 -7.255 11.889 18.164 -7.021 11.889 21.288 -6.726 11.889 24.25 -6.376 11.889 27.039 -5.977 11.889 29.653 -5.535 11.889 32.088 -5.054 11.889 34.34 -4.536 11.889 36.401 -3.982 11.889 38.259 -3.394 11.889 39.892 -2.772 11.889 41.275 -2.118 11.889 42.376 -1.435 11.889 43.163 -0.727 11.889 43.602 -0 14.267 9.21 -8.419 14.267 12.972 -8.313 14.267 16.641 -8.13 14.267 20.19 -7.878 14.267 23.603 -7.563 14.267 26.869 -7.19 14.267 29.98 -6.765 14.267 32.929 -6.29 14.267 35.706 -5.767 14.267 38.296 -5.195 14.267 40.677 -4.576 14.267 42.821 -3.91 14.267 44.692 -3.199 14.267 46.252 -2.446 14.267 47.459 -1.656 14.267 48.276 -0.837 14.267 48.671 -0 16.644 10.387 -9.113 16.644 14.333 -9.005 16.644 18.195 -8.824 16.644 21.957 -8.573 16.644 25.605 -8.259 16.644 29.13 -7.882 16.644 32.52 -7.446 16.644 35.76 -6.95 16.644 38.827 -6.393 16.644 41.691 -5.775 16.644 44.315 -5.096 16.644 46.656 -4.358 16.644 48.667 -3.564 16.644 50.301 -2.722 16.644 51.515 -1.839 16.644 52.274 -0.927 16.644 52.555 -0 19.022 11.45 -9.393 19.022 15.418 -9.305 19.022 19.329 -9.147 19.022 23.168 -8.921 19.022 26.926 -8.628 19.022 30.587 -8.268 19.022 34.131 -7.839 19.022 37.529 -7.338 19.022 40.746 -6.765 19.022 43.736 -6.119 19.022 46.449 -5.4 19.022 48.833 -4.614 19.022 50.835 -3.767 19.022 52.41 -2.869 19.022 53.52 -1.932 19.022 54.141 -0.971 19.022 54.263 -0 21.4 12.294 -10.113 21.4 16.498 -10.058 21.4 20.674 -9.927 21.4 24.808 -9.72 21.4 28.88 -9.435 21.4 32.862 -9.067 21.4 36.72 -8.614 21.4 40.409 -8.072 21.4 43.875 -7.441 21.4 47.061 -6.723 21.4 49.907 -5.922 21.4 52.357 -5.046 21.4 54.361 -4.106 21.4 55.88 -3.115 21.4 56.889 -2.09 21.4 57.379 -1.046 21.4 57.356 -0 23.778 12.831 -10.986 23.778 17.359 -10.969 23.778 21.89 -10.864 23.778 26.397 -10.669 23.778 30.848 -10.376 23.778 35.198 -9.982 23.778 39.393 -9.483 23.778 43.373 -8.878 23.778 47.072 -8.168 23.778 50.425 -7.36 23.778 53.369 -6.462 23.778 55.852 -5.485 23.778 57.833 -4.447 23.778 59.287 -3.362 23.778 60.205 -2.248 23.778 60.594 -1.122 23.778 60.475 -0 26.156 12.999 -11.316 26.156 17.66 -11.335 26.156 22.345 -11.255 26.156 27.016 -11.069 26.156 31.624 -10.772 26.156 36.109 -10.357 26.156 40.403 -9.825 26.156 44.436 -9.176 26.156 48.137 -8.417 26.156 51.441 -7.558 26.156 54.296 -6.61 26.156 56.66 -5.591 26.156 58.509 -4.516 26.156 59.835 -3.403 26.156 60.645 -2.27 26.156 60.962 -1.132 26.156 60.814 -0 28.533 12.781 -11.941 28.533 17.722 -11.979 28.533 22.695 -11.9 28.533 27.642 -11.697 28.533 32.496 -11.364 28.533 37.184 -10.901 28.533 41.628 -10.308 28.533 45.755 -9.593 28.533 49.496 -8.766 28.533 52.796 -7.841 28.533 55.614 -6.833 28.533 57.927 -5.762 28.533 59.726 -4.643 28.533 61.02 -3.494 28.533 61.829 -2.329 28.533 62.181 -1.162 28.533 62.105 -0 30.911 12.2 -13.021 30.911 17.636 -13.053 30.911 23.088 -12.945 30.911 28.479 -12.691 30.911 33.728 -12.291 30.911 38.751 -11.747 30.911 43.468 -11.067 30.911 47.806 -10.261 30.911 51.709 -9.344 30.911 55.134 -8.333 30.911 58.055 -7.246 30.911 60.465 -6.101 30.911 62.371 -4.915 30.911 63.789 -3.701 30.911 64.743 -2.472 30.911 65.257 -1.236 30.911 65.353 -0 33.289 11.323 -13.445 33.289 17.003 -13.449 33.289 22.666 -13.299 33.289 28.225 -12.995 33.289 33.593 -12.539 33.289 38.685 -11.939 33.289 43.43 -11.207 33.289 47.768 -10.357 33.289 51.659 -9.407 33.289 55.078 -8.375 33.289 58.016 -7.276 33.289 60.48 -6.128 33.289 62.483 -4.942 33.289 64.044 -3.73 33.289 65.18 -2.498 33.289 65.904 -1.254 33.289 66.218 -0 35.667 10.243 -13.679 35.667 16.096 -13.636 35.667 21.889 -13.434 35.667 27.531 -13.077 35.667 32.937 -12.571 35.667 38.033 -11.929 35.667 42.763 -11.167 35.667 47.086 -10.301 35.667 50.978 -9.346 35.667 54.432 -8.321 35.667 57.451 -7.237 35.667 60.045 -6.108 35.667 62.227 -4.941 35.667 64.006 -3.742 35.667 65.384 -2.517 35.667 66.353 -1.268 35.667 66.894 -0 38.044 9.065 -14.476 38.044 15.341 -14.376 38.044 21.508 -14.112 38.044 27.477 -13.693 38.044 33.173 -13.13 38.044 38.538 -12.439 38.044 43.529 -11.636 38.044 48.122 -10.736 38.044 52.306 -9.755 38.044 56.081 -8.704 38.044 59.45 -7.595 38.044 62.416 -6.433 38.044 64.978 -5.225 38.044 67.125 -3.973 38.044 68.836 -2.682 38.044 70.078 -1.356 38.044 70.812 -0 40.422 7.892 -14.743 40.422 14.366 -14.593 40.422 20.693 -14.286 40.422 26.797 -13.835 40.422 32.621 -13.253 40.422 38.122 -12.555 40.422 43.277 -11.756 40.422 48.073 -10.869 40.422 52.504 -9.903 40.422 56.567 -8.868 40.422 60.258 -7.767 40.422 63.563 -6.606 40.422 66.458 -5.385 40.422 68.908 -4.109 40.422 70.869 -2.781 40.422 72.286 -1.408 40.422 73.105 -0 42.8 6.81 -14.386 42.8 13.204 -14.207 42.8 19.433 -13.889 42.8 25.445 -13.445 42.8 31.201 -12.887 42.8 36.677 -12.229 42.8 41.861 -11.481 42.8 46.744 -10.65 42.8 51.319 -9.741 42.8 55.57 -8.758 42.8 59.476 -7.702 42.8 62.999 -6.573 42.8 66.093 -5.374 42.8 68.701 -4.109 42.8 70.757 -2.784 42.8 72.198 -1.409 42.8 72.964 -0 45.178 5.884 -14.642 45.178 12.467 -14.458 45.178 18.893 -14.148 45.178 25.126 -13.721 45.178 31.14 -13.189 45.178 36.92 -12.56 45.178 42.45 -11.837 45.178 47.715 -11.026 45.178 52.69 -10.124 45.178 57.338 -9.134 45.178 61.611 -8.054 45.178 65.449 -6.887 45.178 68.78 -5.635 45.178 71.53 -4.307 45.178 73.626 -2.915 45.178 75.002 -1.473 45.178 75.608 -0 47.556 5.152 -14.88 47.556 11.914 -14.719 47.556 18.552 -14.441 47.556 25.038 -14.053 47.556 31.354 -13.56 47.556 37.479 -12.965 47.556 43.387 -12.267 47.556 49.043 -11.465 47.556 54.399 -10.557 47.556 59.393 -9.542 47.556 63.95 -8.422 47.556 67.991 -7.2 47.556 71.43 -5.885 47.556 74.187 -4.489 47.556 76.192 -3.029 47.556 77.393 -1.525 47.556 77.759 -0 49.933 4.634 -14.371 49.933 11.227 -14.26 49.933 17.746 -14.043 49.933 24.171 -13.72 49.933 30.479 -13.292 49.933 36.639 -12.755 49.933 42.607 -12.106 49.933 48.326 -11.342 49.933 53.726 -10.458 49.933 58.724 -9.457 49.933 63.231 -8.341 49.933 67.156 -7.119 49.933 70.416 -5.805 49.933 72.939 -4.414 49.933 74.673 -2.968 49.933 75.588 -1.489 49.933 75.679 -0 52.311 4.338 -14.372 52.311 10.982 -14.319 52.311 17.604 -14.157 52.311 24.178 -13.883 52.311 30.666 -13.492 52.311 37.015 -12.977 52.311 43.159 -12.333 52.311 49.018 -11.556 52.311 54.501 -10.648 52.311 59.511 -9.611 52.311 63.954 -8.455 52.311 67.742 -7.194 52.311 70.805 -5.844 52.311 73.089 -4.427 52.311 74.568 -2.965 52.311 75.237 -1.482 52.311 75.117 -0 54.689 4.261 -14.888 54.689 11.176 -14.886 54.689 18.11 -14.763 54.689 25.017 -14.508 54.689 31.837 -14.116 54.689 38.492 -13.579 54.689 44.892 -12.893 54.689 50.938 -12.06 54.689 56.528 -11.082 54.689 61.562 -9.971 54.689 65.951 -8.74 54.689 69.622 -7.408 54.689 72.524 -5.995 54.689 74.631 -4.526 54.689 75.94 -3.023 54.689 76.471 -1.508 54.689 76.263 -0 57.067 4.402 -14.687 57.067 11.231 -14.723 57.067 18.103 -14.625 57.067 24.949 -14.382 57.067 31.69 -13.988 57.067 38.229 -13.437 57.067 44.463 -12.73 57.067 50.29 -11.872 57.067 55.608 -10.872 57.067 60.331 -9.746 57.067 64.388 -8.51 57.067 67.731 -7.187 57.067 70.337 -5.799 57.067 72.204 -4.367 57.067 73.35 -2.912 57.067 73.812 -1.452 57.067 73.635 -0 59.444 4.756 -14.533 59.444 11.493 -14.58 59.444 18.267 -14.478 59.444 24.992 -14.219 59.444 31.571 -13.799 59.444 37.899 -13.217 59.444 43.872 -12.478 59.444 49.391 -11.593 59.444 54.373 -10.576 59.444 58.751 -9.445 59.444 62.481 -8.221 59.444 65.54 -6.925 59.444 67.928 -5.577 59.444 69.663 -4.197 59.444 70.776 -2.799 59.444 71.303 -1.397 59.444 71.282 -0 61.822 5.318 -15.059 61.822 12.244 -15.084 61.822 19.174 -14.943 61.822 26.007 -14.631 61.822 32.636 -14.148 61.822 38.954 -13.499 61.822 44.865 -12.697 61.822 50.286 -11.754 61.822 55.151 -10.69 61.822 59.419 -9.525 61.822 63.067 -8.278 61.822 66.094 -6.969 61.822 68.513 -5.615 61.822 70.347 -4.232 61.822 71.625 -2.829 61.822 72.371 -1.417 61.822 72.603 -0 64.2 6.071 -14.975 64.2 12.878 -14.958 64.2 19.644 -14.769 64.2 26.263 -14.407 64.2 32.631 -13.879 64.2 38.657 -13.195 64.2 44.26 -12.37 64.2 49.38 -11.422 64.2 53.978 -10.369 64.2 58.034 -9.23 64.2 61.544 -8.022 64.2 64.517 -6.762 64.2 66.971 -5.46 64.2 68.922 -4.127 64.2 70.385 -2.769 64.2 71.363 -1.392 64.2 71.851 -0 66.578 6.986 -14.366 66.578 13.419 -14.298 66.578 19.764 -14.062 66.578 25.925 -13.666 66.578 31.813 -13.12 66.578 37.357 -12.438 66.578 42.503 -11.635 66.578 47.216 -10.73 66.578 51.477 -9.739 66.578 55.283 -8.676 66.578 58.64 -7.555 66.578 61.558 -6.385 66.578 64.046 -5.173 66.578 66.105 -3.925 66.578 67.727 -2.645 66.578 68.893 -1.335 66.578 69.573 -0 68.956 8.012 -14.34 68.956 14.326 -14.219 68.956 20.512 -13.939 68.956 26.488 -13.51 68.956 32.187 -12.945 68.956 37.556 -12.26 68.956 42.564 -11.47 68.956 47.192 -10.589 68.956 51.432 -9.631 68.956 55.286 -8.605 68.956 58.755 -7.52 68.956 61.836 -6.381 68.956 64.519 -5.191 68.956 66.783 -3.954 68.956 68.598 -2.673 68.956 69.92 -1.352 68.956 70.703 -0 71.333 9.079 -14.07 71.333 15.169 -13.913 71.333 21.111 -13.611 71.333 26.844 -13.177 71.333 32.32 -12.625 71.333 37.508 -11.968 71.333 42.39 -11.218 71.333 46.956 -10.385 71.333 51.201 -9.478 71.333 55.117 -8.501 71.333 58.693 -7.459 71.333 61.907 -6.354 71.333 64.727 -5.187 71.333 67.112 -3.961 71.333 69.01 -2.682 71.333 70.365 -1.358 71.333 71.123 -0 73.711 10.099 -13.055 73.711 15.66 -12.888 73.711 21.08 -12.601 73.711 26.319 -12.205 73.711 31.35 -11.711 73.711 36.157 -11.129 73.711 40.73 -10.465 73.711 45.06 -9.724 73.711 49.134 -8.911 73.711 52.934 -8.025 73.711 56.429 -7.067 73.711 59.58 -6.037 73.711 62.338 -4.939 73.711 64.644 -3.777 73.711 66.44 -2.558 73.711 67.667 -1.294 73.711 68.278 -0 76.089 10.977 -12.486 76.089 16.23 -12.334 76.089 21.368 -12.079 76.089 26.365 -11.73 76.089 31.206 -11.293 76.089 35.878 -10.772 76.089 40.368 -10.171 76.089 44.656 -9.489 76.089 48.717 -8.727 76.089 52.513 -7.882 76.089 55.997 -6.956 76.089 59.113 -5.949 76.089 61.797 -4.868 76.089 63.989 -3.718 76.089 65.629 -2.514 76.089 66.667 -1.268 76.089 67.071 -0 78.467 11.62 -12.194 78.467 16.715 -12.077 78.467 21.731 -11.867 78.467 26.65 -11.568 78.467 31.458 -11.181 78.467 36.136 -10.708 78.467 40.658 -10.146 78.467 44.991 -9.493 78.467 49.09 -8.748 78.467 52.901 -7.909 78.467 56.363 -6.98 78.467 59.41 -5.964 78.467 61.977 -4.87 78.467 64.005 -3.71 78.467 65.447 -2.5 78.467 66.269 -1.257 78.467 66.456 -0 80.844 11.959 -11.289 80.844 16.671 -11.221 80.844 21.346 -11.069 80.844 25.97 -10.833 80.844 30.521 -10.511 80.844 34.971 -10.098 80.844 39.283 -9.591 80.844 43.408 -8.988 80.844 47.289 -8.287 80.844 50.862 -7.488 80.844 54.062 -6.598 80.844 56.823 -5.625 80.844 59.09 -4.579 80.844 60.817 -3.476 80.844 61.974 -2.333 80.844 62.547 -1.169 80.844 62.541 -0 83.222 11.954 -10.569 83.222 16.391 -10.549 83.222 20.829 -10.446 83.222 25.243 -10.257 83.222 29.604 -9.977 83.222 33.871 -9.6 83.222 37.992 -9.124 83.222 41.908 -8.546 83.222 45.554 -7.867 83.222 48.866 -7.093 83.222 51.779 -6.23 83.222 54.241 -5.292 83.222 56.209 -4.292 83.222 57.655 -3.246 83.222 58.568 -2.171 83.222 58.955 -1.084 83.222 58.834 -0 85.6 11.605 -10.379 85.6 16.016 -10.391 85.6 20.448 -10.314 85.6 24.864 -10.141 85.6 29.221 -9.867 85.6 33.463 -9.488 85.6 37.529 -9.002 85.6 41.352 -8.41 85.6 44.868 -7.718 85.6 48.014 -6.933 85.6 50.738 -6.067 85.6 53.001 -5.134 85.6 54.776 -4.149 85.6 56.055 -3.129 85.6 56.841 -2.088 85.6 57.153 -1.041 85.6 57.019 -0 87.978 10.953 -9.759 87.978 15.177 -9.788 87.978 19.425 -9.722 87.978 23.653 -9.556 87.978 27.805 -9.286 87.978 31.818 -8.91 87.978 35.628 -8.429 87.978 39.171 -7.848 87.978 42.389 -7.175 87.978 45.233 -6.421 87.978 47.666 -5.599 87.978 49.666 -4.723 87.978 51.224 -3.807 87.978 52.345 -2.866 87.978 53.044 -1.911 87.978 53.345 -0.953 87.978 53.273 -0 90.356 10.069 -8.933 90.356 14.025 -8.959 90.356 17.997 -8.889 90.356 21.93 -8.72 90.356 25.764 -8.451 90.356 29.436 -8.081 90.356 32.888 -7.617 90.356 36.065 -7.064 90.356 38.922 -6.435 90.356 41.426 -5.739 90.356 43.559 -4.991 90.356 45.313 -4.201 90.356 46.692 -3.383 90.356 47.71 -2.547 90.356 48.384 -1.7 90.356 48.735 -0.849 90.356 48.781 -0 92.733 9.041 -8.515 92.733 12.914 -8.52 92.733 16.779 -8.429 92.733 20.577 -8.24 92.733 24.248 -7.955 92.733 27.735 -7.578 92.733 30.986 -7.117 92.733 33.961 -6.58 92.733 36.629 -5.978 92.733 38.971 -5.322 92.733 40.982 -4.624 92.733 42.663 -3.894 92.733 44.024 -3.14 92.733 45.077 -2.369 92.733 45.836 -1.586 92.733 46.311 -0.795 92.733 46.505 -0 95.111 7.965 -7.852 95.111 11.644 -7.831 95.111 15.288 -7.719 95.111 18.842 -7.517 95.111 22.251 -7.231 95.111 25.469 -6.866 95.111 28.459 -6.43 95.111 31.192 -5.934 95.111 33.653 -5.386 95.111 35.835 -4.795 95.111 37.738 -4.171 95.111 39.369 -3.519 95.111 40.734 -2.846 95.111 41.839 -2.154 95.111 42.688 -1.448 95.111 43.277 -0.729 95.111 43.595 -0 97.489 6.924 -6.773 97.489 10.199 -6.729 97.489 13.42 -6.608 97.489 16.538 -6.413 97.489 19.514 -6.15 97.489 22.314 -5.826 97.489 24.917 -5.449 97.489 27.308 -5.026 97.489 29.482 -4.564 97.489 31.438 -4.071 97.489 33.179 -3.55 97.489 34.708 -3.005 97.489 36.027 -2.439 97.489 37.131 -1.854 97.489 38.01 -1.251 97.489 38.65 -0.632 97.489 39.03 -0 99.867 5.982 -5.899 99.867 8.93 -5.841 99.867 11.812 -5.719 99.867 14.592 -5.539 99.867 17.243 -5.305 99.867 19.744 -5.024 99.867 22.085 -4.703 99.867 24.259 -4.346 99.867 26.263 -3.958 99.867 28.098 -3.542 99.867 29.762 -3.101 99.867 31.251 -2.636 99.867 32.555 -2.148 99.867 33.659 -1.638 99.867 34.545 -1.109 99.867 35.189 -0.561 99.867 35.565 -0 102.244 5.18 -5.004 102.244 7.762 -4.944 102.244 10.279 -4.835 102.244 12.709 -4.681 102.244 15.036 -4.487 102.244 17.247 -4.258 102.244 19.338 -3.996 102.244 21.304 -3.705 102.244 23.141 -3.387 102.244 24.845 -3.044 102.244 26.407 -2.675 102.244 27.814 -2.281 102.244 29.047 -1.864 102.244 30.086 -1.425 102.244 30.906 -0.965 102.244 31.482 -0.489 102.244 31.79 -0 104.622 4.532 -3.773 104.622 6.522 -3.725 104.622 8.465 -3.644 104.622 10.346 -3.533 104.622 12.16 -3.395 104.622 13.901 -3.231 104.622 15.564 -3.043 104.622 17.146 -2.833 104.622 18.64 -2.6 104.622 20.035 -2.345 104.622 21.319 -2.067 104.622 22.473 -1.768 104.622 23.477 -1.446 104.622 24.309 -1.106 104.622 24.946 -0.748 104.622 25.369 -0.378 104.622 25.562 -0 107 4.035 -2.424 107 5.165 -2.397 107 6.273 -2.35 107 7.354 -2.286 107 8.405 -2.204 107 9.424 -2.107 107 10.407 -1.992 107 11.348 -1.862 107 12.239 -1.714 107 13.072 -1.55 107 13.834 -1.368 107 14.511 -1.17 107 15.09 -0.957 107 15.556 -0.73 107 15.897 -0.493 107 16.105 -0.248 107 16.172 -0"/><Color color="0.582 0.537 0.466 0.503 0.46 0.395 0.632 0.578 0.498 0.641 0.585 0.501 0.577 0.523 0.444 0.745 0.678 0.579 0.733 0.664 0.565 0.76 0.689 0.586 0.761 0.689 0.585 0.722 0.652 0.552 0.742 0.67 0.568 0.635 0.571 0.48 0.748 0.677 0.575 0.663 0.599 0.507 0.739 0.671 0.573 0.619 0.56 0.476 0.702 0.641 0.549 0.515 0.466 0.395 0.58 0.525 0.445 0.587 0.53 0.448 0.626 0.565 0.478 0.6 0.539 0.454 0.737 0.667 0.566 0.746 0.675 0.573 0.764 0.692 0.589 0.715 0.648 0.55 0.667 0.604 0.513 0.614 0.556 0.472 0.763 0.698 0.6 0.663 0.605 0.52 0.737 0.677 0.586 0.597 0.548 0.473 0.613 0.565 0.491 0.586 0.542 0.472 0.548 0.494 0.418 0.546 0.492 0.415 0.613 0.554 0.47 0.654 0.593 0.505 0.6 0.542 0.46 0.738 0.673 0.576 0.672 0.612 0.523 0.753 0.69 0.595 0.652 0.597 0.515 0.586 0.538 0.464 0.702 0.649 0.565 0.743 0.69 0.603 0.677 0.629 0.552 0.685 0.639 0.562 0.717 0.67 0.591 0.574 0.538 0.475 0.646 0.606 0.537 0.524 0.476 0.405 0.56 0.51 0.437 0.589 0.539 0.463 0.609 0.559 0.482 0.554 0.508 0.439 0.606 0.559 0.486 0.663 0.614 0.536 0.669 0.621 0.545 0.632 0.589 0.517 0.59 0.551 0.486 0.607 0.569 0.502 0.719 0.674 0.597 0.646 0.607 0.538 0.573 0.539 0.478 0.621 0.583 0.517 0.616 0.578 0.512 0.59 0.553 0.489 0.475 0.438 0.38 0.541 0.502 0.438 0.59 0.549 0.481 0.544 0.507 0.446 0.612 0.572 0.505 0.682 0.639 0.565 0.587 0.551 0.488 0.589 0.553 0.49 0.654 0.614 0.545 0.706 0.664 0.589 0.709 0.665 0.59 0.683 0.64 0.566 0.664 0.622 0.549 0.685 0.64 0.564 0.606 0.564 0.494 0.668 0.62 0.542 0.745 0.691 0.603 0.554 0.519 0.459 0.481 0.451 0.399 0.508 0.477 0.423 0.516 0.484 0.43 0.66 0.62 0.55 0.562 0.528 0.468 0.683 0.64 0.567 0.613 0.574 0.506 0.614 0.573 0.504 0.731 0.681 0.598 0.617 0.573 0.5 0.591 0.546 0.475 0.748 0.691 0.601 0.677 0.622 0.538 0.734 0.673 0.581 0.654 0.596 0.511 0.755 0.69 0.592 0.446 0.419 0.371 0.499 0.468 0.414 0.538 0.503 0.444 0.608 0.568 0.5 0.66 0.615 0.54 0.656 0.609 0.533 0.704 0.652 0.569 0.583 0.536 0.464 0.633 0.581 0.502 0.637 0.583 0.501 0.685 0.626 0.537 0.685 0.623 0.533 0.775 0.707 0.605 0.712 0.646 0.549 0.729 0.661 0.561 0.672 0.606 0.511 0.708 0.639 0.541 0.478 0.443 0.387 0.505 0.467 0.406 0.497 0.458 0.396 0.624 0.574 0.497 0.689 0.632 0.546 0.734 0.672 0.579 0.696 0.634 0.542 0.611 0.552 0.468 0.741 0.673 0.573 0.756 0.685 0.583 0.739 0.668 0.567 0.666 0.6 0.506 0.705 0.636 0.537 0.639 0.574 0.483 0.63 0.566 0.476 0.771 0.7 0.595 0.634 0.572 0.483 0.561 0.513 0.441 0.518 0.47 0.401 0.577 0.523 0.445 0.642 0.582 0.495 0.618 0.558 0.472 0.655 0.591 0.5 0.678 0.611 0.516 0.757 0.684 0.58 0.692 0.624 0.527 0.706 0.638 0.54 0.718 0.65 0.551 0.615 0.554 0.468 0.651 0.589 0.5 0.603 0.546 0.464 0.749 0.685 0.589 0.62 0.566 0.485 0.589 0.539 0.463 0.492 0.442 0.372 0.55 0.495 0.418 0.619 0.559 0.473 0.576 0.518 0.436 0.661 0.597 0.506 0.724 0.656 0.558 0.633 0.571 0.482 0.68 0.617 0.524 0.605 0.548 0.465 0.755 0.69 0.593 0.666 0.609 0.523 0.679 0.623 0.538 0.638 0.587 0.508 0.702 0.649 0.566 0.715 0.664 0.581 0.635 0.59 0.517 0.606 0.565 0.497 0.539 0.486 0.412 0.518 0.468 0.395 0.53 0.479 0.406 0.541 0.49 0.416 0.647 0.59 0.506 0.603 0.551 0.472 0.686 0.63 0.545 0.733 0.676 0.587 0.637 0.588 0.512 0.641 0.594 0.519 0.691 0.643 0.564 0.711 0.664 0.584 0.563 0.526 0.463 0.701 0.657 0.581 0.649 0.609 0.54 0.68 0.639 0.567 0.598 0.562 0.498 0.574 0.526 0.454 0.571 0.525 0.453 0.567 0.522 0.453 0.567 0.523 0.455 0.619 0.574 0.502 0.591 0.549 0.481 0.725 0.677 0.596 0.627 0.586 0.517 0.582 0.545 0.482 0.669 0.627 0.556 0.65 0.61 0.541 0.595 0.558 0.495 0.562 0.528 0.468 0.615 0.577 0.511 0.645 0.605 0.535 0.565 0.528 0.466 0.621 0.579 0.51 0.451 0.419 0.367 0.478 0.445 0.392 0.5 0.467 0.412 0.586 0.549 0.486 0.647 0.607 0.538 0.647 0.608 0.539 0.651 0.611 0.542 0.645 0.605 0.537 0.706 0.663 0.587 0.641 0.601 0.531 0.715 0.669 0.59 0.635 0.592 0.521 0.579 0.538 0.471 0.683 0.634 0.554 0.631 0.582 0.506 0.664 0.611 0.53 0.64 0.587 0.506 0.487 0.458 0.406 0.487 0.457 0.406 0.584 0.548 0.486 0.498 0.467 0.414 0.6 0.563 0.498 0.589 0.55 0.485 0.692 0.645 0.568 0.642 0.598 0.524 0.727 0.675 0.591 0.748 0.693 0.604 0.644 0.593 0.514 0.668 0.613 0.53 0.649 0.593 0.51 0.699 0.638 0.548 0.714 0.651 0.556 0.752 0.685 0.585 0.679 0.614 0.521 0.553 0.518 0.457 0.488 0.455 0.4 0.625 0.582 0.511 0.515 0.477 0.416 0.631 0.583 0.508 0.563 0.517 0.447 0.753 0.693 0.6 0.74 0.678 0.585 0.742 0.678 0.583 0.615 0.557 0.474 0.674 0.611 0.519 0.77 0.699 0.597 0.712 0.644 0.546 0.74 0.669 0.568 0.635 0.57 0.479 0.757 0.684 0.58 0.738 0.667 0.565 0.489 0.45 0.39 0.554 0.509 0.439 0.614 0.563 0.485 0.536 0.487 0.416 0.708 0.646 0.554 0.667 0.605 0.515 0.758 0.688 0.587 0.71 0.642 0.544 0.709 0.64 0.542 0.78 0.706 0.6 0.707 0.638 0.539 0.719 0.649 0.55 0.695 0.628 0.531 0.737 0.667 0.567 0.775 0.705 0.602 0.634 0.574 0.487 0.681 0.62 0.53 0.543 0.493 0.42 0.621 0.564 0.481 0.656 0.595 0.507 0.653 0.59 0.5 0.572 0.513 0.43 0.727 0.657 0.557 0.722 0.652 0.553 0.638 0.574 0.483 0.618 0.556 0.468 0.653 0.59 0.5 0.661 0.599 0.509 0.615 0.558 0.474 0.7 0.639 0.549 0.69 0.632 0.544 0.735 0.677 0.586 0.584 0.537 0.465 0.706 0.654 0.57 0.579 0.523 0.443 0.612 0.554 0.47 0.557 0.501 0.423 0.556 0.5 0.421 0.712 0.647 0.552 0.73 0.664 0.568 0.664 0.604 0.516 0.731 0.669 0.575 0.746 0.685 0.591 0.66 0.606 0.524 0.743 0.686 0.597 0.671 0.621 0.541 0.621 0.576 0.503 0.701 0.653 0.573 0.654 0.61 0.537 0.713 0.668 0.59 0.574 0.537 0.475 0.597 0.544 0.465 0.624 0.57 0.489 0.512 0.466 0.397 0.56 0.512 0.439 0.676 0.622 0.539 0.598 0.55 0.477 0.677 0.626 0.546 0.723 0.672 0.588 0.58 0.539 0.472 0.673 0.628 0.553 0.676 0.632 0.558 0.595 0.558 0.494 0.575 0.539 0.478 0.659 0.619 0.549 0.716 0.672 0.597 0.59 0.554 0.491 0.718 0.674 0.597 0.499 0.46 0.398 0.566 0.524 0.457 0.555 0.515 0.45 0.625 0.582 0.511 0.59 0.551 0.485 0.672 0.629 0.555 0.615 0.576 0.51 0.592 0.556 0.492 0.601 0.564 0.501 0.629 0.59 0.524 0.571 0.536 0.475 0.579 0.543 0.481 0.64 0.599 0.53 0.609 0.569 0.502 0.628 0.585 0.514 0.572 0.531 0.464 0.631 0.585 0.51 0.458 0.429 0.378 0.457 0.428 0.378 0.537 0.504 0.446 0.52 0.488 0.433 0.574 0.539 0.478 0.648 0.608 0.539 0.638 0.598 0.53 0.637 0.597 0.528 0.604 0.564 0.498 0.716 0.668 0.588 0.628 0.584 0.511 0.621 0.575 0.501 0.733 0.678 0.591 0.666 0.613 0.531 0.693 0.636 0.549 0.64 0.584 0.501 0.642 0.584 0.498 0.521 0.489 0.434 0.517 0.485 0.43 0.513 0.481 0.425 0.561 0.524 0.462 0.547 0.51 0.448 0.685 0.638 0.559 0.59 0.546 0.476 0.664 0.613 0.533 0.737 0.68 0.59 0.63 0.577 0.497 0.681 0.623 0.536 0.662 0.603 0.516 0.748 0.681 0.583 0.615 0.555 0.469 0.652 0.589 0.498 0.774 0.702 0.598 0.766 0.694 0.59 0.469 0.436 0.382 0.562 0.521 0.455 0.582 0.538 0.468 0.586 0.539 0.467 0.642 0.589 0.509 0.638 0.583 0.501 0.752 0.687 0.59 0.701 0.637 0.544 0.76 0.691 0.59 0.682 0.617 0.523 0.679 0.613 0.519 0.725 0.655 0.555 0.681 0.613 0.517 0.634 0.569 0.478 0.629 0.564 0.474 0.783 0.71 0.605 0.687 0.621 0.526 0.573 0.525 0.452 0.57 0.52 0.445 0.528 0.478 0.406 0.572 0.517 0.439 0.666 0.603 0.513 0.703 0.636 0.54 0.689 0.621 0.525 0.706 0.637 0.539 0.689 0.621 0.524 0.783 0.71 0.603 0.739 0.669 0.568 0.638 0.575 0.485 0.71 0.644 0.548 0.641 0.581 0.493 0.735 0.671 0.576 0.741 0.678 0.584 0.688 0.631 0.544 0.599 0.543 0.462 0.57 0.514 0.435 0.574 0.517 0.436 0.681 0.616 0.523 0.588 0.529 0.445 0.739 0.67 0.569 0.762 0.691 0.589 0.608 0.548 0.463 0.657 0.596 0.507 0.697 0.635 0.544 0.653 0.596 0.511 0.671 0.615 0.53 0.639 0.586 0.507 0.638 0.588 0.511 0.642 0.594 0.518 0.696 0.646 0.566 0.581 0.54 0.474 0.532 0.48 0.406 0.626 0.568 0.484 0.639 0.581 0.495 0.601 0.546 0.465 0.581 0.527 0.449 0.595 0.542 0.464 0.664 0.609 0.524 0.666 0.613 0.53 0.7 0.646 0.562 0.707 0.655 0.572 0.727 0.676 0.592 0.587 0.546 0.479 0.57 0.532 0.468 0.729 0.683 0.603 0.654 0.613 0.543 0.561 0.527 0.467 0.67 0.629 0.558 0.55 0.503 0.432 0.5 0.457 0.393 0.553 0.508 0.439 0.589 0.543 0.472 0.552 0.51 0.444 0.68 0.632 0.554 0.618 0.576 0.505 0.694 0.649 0.572 0.584 0.546 0.482 0.635 0.595 0.527 0.664 0.623 0.553 0.572 0.537 0.477 0.663 0.623 0.552 0.607 0.57 0.505 0.604 0.566 0.501 0.67 0.628 0.555 0.671 0.627 0.553 0.554 0.515 0.452 0.585 0.546 0.48 0.534 0.499 0.439 0.611 0.572 0.506 0.67 0.628 0.556 0.605 0.568 0.504 0.654 0.615 0.545 0.573 0.538 0.477 0.692 0.649 0.576 0.704 0.66 0.584 0.596 0.558 0.493 0.61 0.569 0.502 0.685 0.638 0.561 0.703 0.653 0.573 0.645 0.597 0.521 0.638 0.588 0.511 0.606 0.556 0.479 0.489 0.459 0.407 0.507 0.476 0.423 0.546 0.513 0.455 0.586 0.55 0.487 0.565 0.53 0.469 0.537 0.503 0.444 0.708 0.662 0.584 0.633 0.589 0.518 0.741 0.689 0.604 0.625 0.578 0.504 0.749 0.693 0.603 0.674 0.62 0.536 0.73 0.671 0.579 0.606 0.552 0.472 0.652 0.593 0.507 0.746 0.68 0.581 0.702 0.636 0.541 0.463 0.433 0.382 0.469 0.438 0.385 0.504 0.469 0.412 0.602 0.559 0.49 0.641 0.594 0.519 0.616 0.569 0.494 0.683 0.628 0.544 0.69 0.632 0.545 0.624 0.569 0.487 0.679 0.619 0.529 0.718 0.653 0.558 0.659 0.596 0.505 0.711 0.644 0.546 0.776 0.703 0.598 0.624 0.561 0.471 0.754 0.682 0.578 0.764 0.691 0.587 0.568 0.525 0.457 0.514 0.472 0.408 0.515 0.471 0.405 0.675 0.618 0.533 0.586 0.532 0.454 0.653 0.593 0.505 0.736 0.668 0.57 0.734 0.666 0.566 0.782 0.709 0.603 0.727 0.656 0.556 0.755 0.683 0.58 0.762 0.689 0.585 0.719 0.649 0.55 0.77 0.698 0.594 0.756 0.686 0.584 0.663 0.6 0.51 0.654 0.593 0.505 0.596 0.543 0.465 0.57 0.516 0.439 0.557 0.502 0.425 0.579 0.521 0.44 0.69 0.624 0.529 0.71 0.642 0.544 0.631 0.567 0.476 0.731 0.661 0.56 0.672 0.606 0.512 0.675 0.61 0.517 0.737 0.67 0.571 0.623 0.564 0.479 0.607 0.551 0.47 0.692 0.633 0.544 0.687 0.631 0.544 0.663 0.61 0.528 0.638 0.589 0.512 0.56 0.506 0.428 0.615 0.556 0.472 0.589 0.531 0.449 0.552 0.496 0.418 0.642 0.581 0.493 0.691 0.627 0.534 0.679 0.617 0.526 0.643 0.585 0.5 0.672 0.614 0.528 0.716 0.657 0.568 0.704 0.648 0.562 0.742 0.686 0.598 0.597 0.553 0.482 0.677 0.63 0.552 0.656 0.612 0.538 0.566 0.528 0.465 0.704 0.659 0.583 0.589 0.535 0.457 0.623 0.568 0.486 0.56 0.509 0.435 0.669 0.613 0.529 0.557 0.509 0.437 0.598 0.55 0.475 0.655 0.605 0.526 0.599 0.554 0.483 0.693 0.644 0.565 0.592 0.551 0.484 0.655 0.612 0.54 0.673 0.63 0.557 0.698 0.655 0.58 0.701 0.658 0.584 0.697 0.655 0.581 0.628 0.59 0.523 0.724 0.679 0.602 0.462 0.424 0.366 0.594 0.55 0.479 0.58 0.537 0.469 0.568 0.528 0.462 0.61 0.569 0.5 0.588 0.549 0.484 0.597 0.559 0.494 0.643 0.604 0.534 0.628 0.59 0.523 0.598 0.562 0.499 0.644 0.605 0.536 0.647 0.607 0.538 0.571 0.535 0.473 0.661 0.618 0.546 0.66 0.616 0.543 0.727 0.678 0.595 0.706 0.656 0.574 0.543 0.507 0.448 0.576 0.54 0.477 0.48 0.45 0.399 0.633 0.595 0.527 0.541 0.508 0.451 0.6 0.563 0.5 0.711 0.667 0.591 0.568 0.532 0.471 0.647 0.605 0.534 0.641 0.598 0.527 0.608 0.566 0.496 0.67 0.622 0.544 0.686 0.635 0.553 0.591 0.544 0.471 0.588 0.538 0.464 0.691 0.633 0.545 0.708 0.647 0.556 0.449 0.422 0.374 0.474 0.445 0.394 0.478 0.448 0.396 0.532 0.497 0.439 0.581 0.542 0.477 0.682 0.635 0.558 0.614 0.57 0.498 0.617 0.571 0.497 0.73 0.675 0.587 0.752 0.693 0.6 0.704 0.645 0.556 0.709 0.648 0.557 0.646 0.587 0.5 0.705 0.641 0.546 0.763 0.693 0.592 0.693 0.627 0.531 0.619 0.556 0.467 0.528 0.492 0.432 0.559 0.519 0.454 0.502 0.464 0.403 0.592 0.546 0.474 0.661 0.608 0.527 0.633 0.579 0.498 0.624 0.569 0.486 0.761 0.695 0.596 0.737 0.671 0.573 0.75 0.681 0.58 0.635 0.572 0.482 0.712 0.643 0.545 0.654 0.588 0.496 0.678 0.61 0.515 0.715 0.646 0.546 0.616 0.553 0.465 0.623 0.561 0.472 0.549 0.503 0.434 0.568 0.519 0.446 0.612 0.558 0.477 0.646 0.587 0.501 0.658 0.597 0.508 0.61 0.55 0.464 0.774 0.702 0.597 0.694 0.626 0.529 0.717 0.647 0.547 0.709 0.64 0.541 0.664 0.598 0.505 0.67 0.605 0.511 0.617 0.556 0.469 0.673 0.61 0.519 0.735 0.669 0.573 0.75 0.686 0.59 0.608 0.555 0.475 0.558 0.505 0.429 0.633 0.574 0.488 0.564 0.508 0.428 0.57 0.512 0.431 0.684 0.619 0.524 0.711 0.643 0.546 0.732 0.662 0.563 0.774 0.704 0.6 0.629 0.569 0.482 0.702 0.639 0.546 0.61 0.554 0.473 0.674 0.616 0.53 0.595 0.544 0.468 0.659 0.607 0.526 0.613 0.566 0.492 0.643 0.596 0.521 0.605 0.563 0.493 0.584 0.529 0.449 0.601 0.544 0.462 0.55 0.497 0.42 0.583 0.528 0.448 0.598 0.543 0.462 0.707 0.646 0.555 0.645 0.589 0.506 0.651 0.597 0.515 0.589 0.541 0.467 0.687 0.635 0.553 0.723 0.671 0.587 0.73 0.68 0.597 0.689 0.643 0.566 0.613 0.573 0.506 0.594 0.557 0.492 0.634 0.595 0.527 0.6 0.563 0.5 0.541 0.493 0.423 0.566 0.518 0.446 0.541 0.496 0.427 0.585 0.539 0.467 0.679 0.628 0.548 0.64 0.594 0.519 0.66 0.613 0.538 0.686 0.64 0.564 0.675 0.631 0.557 0.611 0.573 0.506 0.723 0.678 0.601 0.717 0.673 0.597 0.593 0.557 0.494 0.712 0.668 0.593 0.659 0.618 0.548 0.715 0.67 0.592 0.731 0.684 0.604 0.564 0.523 0.458 0.524 0.487 0.427 0.565 0.527 0.464 0.544 0.508 0.448 0.532 0.498 0.441 0.544 0.511 0.452 0.632 0.594 0.527 0.673 0.632 0.561 0.559 0.525 0.466 0.704 0.661 0.585 0.658 0.617 0.546 0.632 0.591 0.521 0.617 0.575 0.506 0.691 0.643 0.564 0.66 0.612 0.535 0.726 0.672 0.586 0.59 0.542 0.469 0.506 0.475 0.421 0.578 0.543 0.482 0.512 0.481 0.427 0.641 0.602 0.534 0.654 0.614 0.544 0.629 0.59 0.522 0.705 0.659 0.582 0.688 0.642 0.565 0.653 0.607 0.533 0.577 0.534 0.466 0.708 0.655 0.571 0.741 0.684 0.595 0.643 0.59 0.509 0.744 0.682 0.589 0.597 0.542 0.462 0.714 0.65 0.556 0.732 0.666 0.568 0.482 0.451 0.399 0.508 0.475 0.419 0.589 0.55 0.484 0.578 0.537 0.471 0.687 0.638 0.558 0.571 0.526 0.457 0.665 0.613 0.531 0.659 0.605 0.522 0.69 0.632 0.544 0.715 0.653 0.56 0.771 0.703 0.603 0.688 0.624 0.532 0.731 0.663 0.565 0.739 0.669 0.568 0.679 0.612 0.517 0.682 0.615 0.519 0.763 0.69 0.586 0.467 0.431 0.374 0.524 0.482 0.418 0.646 0.595 0.515 0.554 0.506 0.434 0.562 0.511 0.436 0.627 0.569 0.485 0.614 0.555 0.47 0.773 0.703 0.6 0.69 0.624 0.528 0.638 0.574 0.483 0.718 0.648 0.549 0.723 0.653 0.553 0.78 0.707 0.601 0.699 0.631 0.534 0.782 0.71 0.605 0.747 0.678 0.578 0.737 0.671 0.573"/></IndexedFaceSet></Shape><Shape><Appearance><Material diffuseColor="0.42 0.31 0.22" specularColor="0.03 0.025 0.02" ambientIntensity="0.22"/></Appearance><IndexedFaceSet solid="false" creaseAngle="1.2" coordIndex="0 1 14 13 -1 1 2 15 14 -1 2 3 16 15 -1 3 4 17 16 -1 4 5 18 17 -1 5 6 19 18 -1 6 7 20 19 -1 7 8 21 20 -1 8 9 22 21 -1 9 10 23 22 -1 10 11 24 23 -1 11 12 25 24 -1 13 14 27 26 -1 14 15 28 27 -1 15 16 29 28 -1 16 17 30 29 -1 17 18 31 30 -1 18 19 32 31 -1 19 20 33 32 -1 20 21 34 33 -1 21 22 35 34 -1 22 23 36 35 -1 23 24 37 36 -1 24 25 38 37 -1 26 27 40 39 -1 27 28 41 40 -1 28 29 42 41 -1 29 30 43 42 -1 30 31 44 43 -1 31 32 45 44 -1 32 33 46 45 -1 33 34 47 46 -1 34 35 48 47 -1 35 36 49 48 -1 36 37 50 49 -1 37 38 51 50 -1 39 40 53 52 -1 40 41 54 53 -1 41 42 55 54 -1 42 43 56 55 -1 43 44 57 56 -1 44 45 58 57 -1 45 46 59 58 -1 46 47 60 59 -1 47 48 61 60 -1 48 49 62 61 -1 49 50 63 62 -1 50 51 64 63 -1 52 53 66 65 -1 53 54 67 66 -1 54 55 68 67 -1 55 56 69 68 -1 56 57 70 69 -1 57 58 71 70 -1 58 59 72 71 -1 59 60 73 72 -1 60 61 74 73 -1 61 62 75 74 -1 62 63 76 75 -1 63 64 77 76 -1 65 66 79 78 -1 66 67 80 79 -1 67 68 81 80 -1 68 69 82 81 -1 69 70 83 82 -1 70 71 84 83 -1 71 72 85 84 -1 72 73 86 85 -1 73 74 87 86 -1 74 75 88 87 -1 75 76 89 88 -1 76 77 90 89 -1 78 79 92 91 -1 79 80 93 92 -1 80 81 94 93 -1 81 82 95 94 -1 82 83 96 95 -1 83 84 97 96 -1 84 85 98 97 -1 85 86 99 98 -1 86 87 100 99 -1 87 88 101 100 -1 88 89 102 101 -1 89 90 103 102 -1 91 92 105 104 -1 92 93 106 105 -1 93 94 107 106 -1 94 95 108 107 -1 95 96 109 108 -1 96 97 110 109 -1 97 98 111 110 -1 98 99 112 111 -1 99 100 113 112 -1 100 101 114 113 -1 101 102 115 114 -1 102 103 116 115 -1 104 105 118 117 -1 105 106 119 118 -1 106 107 120 119 -1 107 108 121 120 -1 108 109 122 121 -1 109 110 123 122 -1 110 111 124 123 -1 111 112 125 124 -1 112 113 126 125 -1 113 114 127 126 -1 114 115 128 127 -1 115 116 129 128 -1 117 118 131 130 -1 118 119 132 131 -1 119 120 133 132 -1 120 121 134 133 -1 121 122 135 134 -1 122 123 136 135 -1 123 124 137 136 -1 124 125 138 137 -1 125 126 139 138 -1 126 127 140 139 -1 127 128 141 140 -1 128 129 142 141 -1 130 131 144 143 -1 131 132 145 144 -1 132 133 146 145 -1 133 134 147 146 -1 134 135 148 147 -1 135 136 149 148 -1 136 137 150 149 -1 137 138 151 150 -1 138 139 152 151 -1 139 140 153 152 -1 140 141 154 153 -1 141 142 155 154 -1 143 144 157 156 -1 144 145 158 157 -1 145 146 159 158 -1 146 147 160 159 -1 147 148 161 160 -1 148 149 162 161 -1 149 150 163 162 -1 150 151 164 163 -1 151 152 165 164 -1 152 153 166 165 -1 153 154 167 166 -1 154 155 168 167 -1 156 157 170 169 -1 157 158 171 170 -1 158 159 172 171 -1 159 160 173 172 -1 160 161 174 173 -1 161 162 175 174 -1 162 163 176 175 -1 163 164 177 176 -1 164 165 178 177 -1 165 166 179 178 -1 166 167 180 179 -1 167 168 181 180 -1 169 170 183 182 -1 170 171 184 183 -1 171 172 185 184 -1 172 173 186 185 -1 173 174 187 186 -1 174 175 188 187 -1 175 176 189 188 -1 176 177 190 189 -1 177 178 191 190 -1 178 179 192 191 -1 179 180 193 192 -1 180 181 194 193 -1 182 183 196 195 -1 183 184 197 196 -1 184 185 198 197 -1 185 186 199 198 -1 186 187 200 199 -1 187 188 201 200 -1 188 189 202 201 -1 189 190 203 202 -1 190 191 204 203 -1 191 192 205 204 -1 192 193 206 205 -1 193 194 207 206 -1 195 196 209 208 -1 196 197 210 209 -1 197 198 211 210 -1 198 199 212 211 -1 199 200 213 212 -1 200 201 214 213 -1 201 202 215 214 -1 202 203 216 215 -1 203 204 217 216 -1 204 205 218 217 -1 205 206 219 218 -1 206 207 220 219 -1 208 209 222 221 -1 209 210 223 222 -1 210 211 224 223 -1 211 212 225 224 -1 212 213 226 225 -1 213 214 227 226 -1 214 215 228 227 -1 215 216 229 228 -1 216 217 230 229 -1 217 218 231 230 -1 218 219 232 231 -1 219 220 233 232 -1 221 222 235 234 -1 222 223 236 235 -1 223 224 237 236 -1 224 225 238 237 -1 225 226 239 238 -1 226 227 240 239 -1 227 228 241 240 -1 228 229 242 241 -1 229 230 243 242 -1 230 231 244 243 -1 231 232 245 244 -1 232 233 246 245 -1 234 235 248 247 -1 235 236 249 248 -1 236 237 250 249 -1 237 238 251 250 -1 238 239 252 251 -1 239 240 253 252 -1 240 241 254 253 -1 241 242 255 254 -1 242 243 256 255 -1 243 244 257 256 -1 244 245 258 257 -1 245 246 259 258 -1 247 248 261 260 -1 248 249 262 261 -1 249 250 263 262 -1 250 251 264 263 -1 251 252 265 264 -1 252 253 266 265 -1 253 254 267 266 -1 254 255 268 267 -1 255 256 269 268 -1 256 257 270 269 -1 257 258 271 270 -1 258 259 272 271 -1 260 261 274 273 -1 261 262 275 274 -1 262 263 276 275 -1 263 264 277 276 -1 264 265 278 277 -1 265 266 279 278 -1 266 267 280 279 -1 267 268 281 280 -1 268 269 282 281 -1 269 270 283 282 -1 270 271 284 283 -1 271 272 285 284 -1 273 274 287 286 -1 274 275 288 287 -1 275 276 289 288 -1 276 277 290 289 -1 277 278 291 290 -1 278 279 292 291 -1 279 280 293 292 -1 280 281 294 293 -1 281 282 295 294 -1 282 283 296 295 -1 283 284 297 296 -1 284 285 298 297 -1 286 287 300 299 -1 287 288 301 300 -1 288 289 302 301 -1 289 290 303 302 -1 290 291 304 303 -1 291 292 305 304 -1 292 293 306 305 -1 293 294 307 306 -1 294 295 308 307 -1 295 296 309 308 -1 296 297 310 309 -1 297 298 311 310 -1 299 300 313 312 -1 300 301 314 313 -1 301 302 315 314 -1 302 303 316 315 -1 303 304 317 316 -1 304 305 318 317 -1 305 306 319 318 -1 306 307 320 319 -1 307 308 321 320 -1 308 309 322 321 -1 309 310 323 322 -1 310 311 324 323 -1 312 313 326 325 -1 313 314 327 326 -1 314 315 328 327 -1 315 316 329 328 -1 316 317 330 329 -1 317 318 331 330 -1 318 319 332 331 -1 319 320 333 332 -1 320 321 334 333 -1 321 322 335 334 -1 322 323 336 335 -1 323 324 337 336 -1 325 326 339 338 -1 326 327 340 339 -1 327 328 341 340 -1 328 329 342 341 -1 329 330 343 342 -1 330 331 344 343 -1 331 332 345 344 -1 332 333 346 345 -1 333 334 347 346 -1 334 335 348 347 -1 335 336 349 348 -1 336 337 350 349 -1 338 339 352 351 -1 339 340 353 352 -1 340 341 354 353 -1 341 342 355 354 -1 342 343 356 355 -1 343 344 357 356 -1 344 345 358 357 -1 345 346 359 358 -1 346 347 360 359 -1 347 348 361 360 -1 348 349 362 361 -1 349 350 363 362 -1 351 352 365 364 -1 352 353 366 365 -1 353 354 367 366 -1 354 355 368 367 -1 355 356 369 368 -1 356 357 370 369 -1 357 358 371 370 -1 358 359 372 371 -1 359 360 373 372 -1 360 361 374 373 -1 361 362 375 374 -1 362 363 376 375 -1 364 365 378 377 -1 365 366 379 378 -1 366 367 380 379 -1 367 368 381 380 -1 368 369 382 381 -1 369 370 383 382 -1 370 371 384 383 -1 371 372 385 384 -1 372 373 386 385 -1 373 374 387 386 -1 374 375 388 387 -1 375 376 389 388 -1 377 378 391 390 -1 378 379 392 391 -1 379 380 393 392 -1 380 381 394 393 -1 381 382 395 394 -1 382 383 396 395 -1 383 384 397 396 -1 384 385 398 397 -1 385 386 399 398 -1 386 387 400 399 -1 387 388 401 400 -1 388 389 402 401 -1 390 391 404 403 -1 391 392 405 404 -1 392 393 406 405 -1 393 394 407 406 -1 394 395 408 407 -1 395 396 409 408 -1 396 397 410 409 -1 397 398 411 410 -1 398 399 412 411 -1 399 400 413 412 -1 400 401 414 413 -1 401 402 415 414 -1 403 404 417 416 -1 404 405 418 417 -1 405 406 419 418 -1 406 407 420 419 -1 407 408 421 420 -1 408 409 422 421 -1 409 410 423 422 -1 410 411 424 423 -1 411 412 425 424 -1 412 413 426 425 -1 413 414 427 426 -1 414 415 428 427 -1 416 417 430 429 -1 417 418 431 430 -1 418 419 432 431 -1 419 420 433 432 -1 420 421 434 433 -1 421 422 435 434 -1 422 423 436 435 -1 423 424 437 436 -1 424 425 438 437 -1 425 426 439 438 -1 426 427 440 439 -1 427 428 441 440 -1"><Coordinate point="0 3.464 -2.5 0 3.872 -2.292 0 4.011 -2.083 0 3.721 -1.875 0 3.182 -1.667 0 2.807 -1.458 0 2.92 -1.25 0 3.476 -1.042 0 4.064 -0.833 0 4.216 -0.625 0 3.789 -0.417 0 3.099 -0.208 0 2.679 0 3.242 4.582 -4.191 3.242 4.435 -3.842 3.242 4.026 -3.493 3.242 3.654 -3.143 3.242 3.643 -2.794 3.242 4.063 -2.445 3.242 4.623 -2.096 3.242 4.879 -1.746 3.242 4.588 -1.397 3.242 3.942 -1.048 3.242 3.435 -0.699 3.242 3.477 -0.349 3.242 4.05 0 6.485 5.138 -5.537 6.485 4.809 -5.075 6.485 4.717 -4.614 6.485 4.999 -4.152 6.485 5.486 -3.691 6.485 5.8 -3.23 6.485 5.649 -2.768 6.485 5.094 -2.307 6.485 4.549 -1.846 6.485 4.458 -1.384 6.485 4.928 -0.923 6.485 5.611 -0.461 6.485 5.974 0 9.727 6.13 -6.759 9.727 6.29 -6.195 9.727 6.675 -5.632 9.727 7 -5.069 9.727 6.968 -4.506 9.727 6.538 -3.943 9.727 6.008 -3.379 9.727 5.809 -2.816 9.727 6.146 -2.253 9.727 6.795 -1.69 9.727 7.254 -1.126 9.727 7.145 -0.563 9.727 6.536 0 12.97 8.13 -7.889 12.97 8.425 -7.232 12.97 8.478 -6.574 12.97 8.179 -5.917 12.97 7.711 -5.26 12.97 7.445 -4.602 12.97 7.643 -3.945 12.97 8.208 -3.287 12.97 8.716 -2.63 12.97 8.744 -1.972 12.97 8.23 -1.315 12.97 7.559 -0.657 12.97 7.257 0 16.212 10.024 -8.939 16.212 9.843 -8.194 16.212 9.467 -7.449 16.212 9.18 -6.704 16.212 9.255 -5.959 16.212 9.703 -5.215 16.212 10.206 -4.47 16.212 10.349 -3.725 16.212 9.965 -2.98 16.212 9.315 -2.235 16.212 8.908 -1.49 16.212 9.084 -0.745 16.212 9.724 0 19.455 11.018 -9.911 19.455 10.749 -9.085 19.455 10.733 -8.259 19.455 11.052 -7.433 19.455 11.505 -6.607 19.455 11.724 -5.781 19.455 11.479 -4.956 19.455 10.905 -4.13 19.455 10.437 -3.304 19.455 10.474 -2.478 19.455 11.027 -1.652 19.455 11.68 -0.826 19.455 11.918 0 22.697 11.805 -10.805 22.697 12.006 -9.905 22.697 12.375 -9.004 22.697 12.627 -8.104 22.697 12.509 -7.203 22.697 12.045 -6.303 22.697 11.57 -5.403 22.697 11.485 -4.502 22.697 11.913 -3.602 22.697 12.558 -2.701 22.697 12.909 -1.801 22.697 12.667 -0.9 22.697 12.004 0 25.939 12.635 -11.62 25.939 12.878 -10.651 25.939 12.858 -9.683 25.939 12.519 -8.715 25.939 12.083 -7.746 25.939 11.911 -6.778 25.939 12.201 -5.81 25.939 12.782 -4.841 25.939 13.205 -3.873 25.939 13.104 -2.905 25.939 12.517 -1.937 25.939 11.888 -0.968 25.939 11.717 0 29.182 12.462 -12.352 29.182 12.24 -11.323 29.182 11.878 -10.293 29.182 11.662 -9.264 29.182 11.822 -8.235 29.182 12.299 -7.205 29.182 12.744 -6.176 29.182 12.771 -5.147 29.182 12.301 -4.117 29.182 11.668 -3.088 29.182 11.375 -2.059 29.182 11.68 -1.029 29.182 12.361 0 32.424 11.008 -13 32.424 10.789 -11.917 32.424 10.844 -10.834 32.424 11.202 -9.75 32.424 11.619 -8.667 32.424 11.742 -7.584 32.424 11.41 -6.5 32.424 10.828 -5.417 32.424 10.452 -4.333 32.424 10.616 -3.25 32.424 11.233 -2.167 32.424 11.831 -1.083 32.424 11.933 0 35.667 9.457 -13.561 35.667 9.698 -12.431 35.667 10.052 -11.301 35.667 10.231 -10.171 35.667 10.031 -9.041 35.667 9.543 -7.911 35.667 9.133 -6.781 35.667 9.164 -5.651 35.667 9.671 -4.52 35.667 10.287 -3.39 35.667 10.517 -2.26 35.667 10.152 -1.13 35.667 9.462 0 38.909 8.323 -14.033 38.909 8.516 -12.864 38.909 8.426 -11.694 38.909 8.053 -10.525 38.909 7.658 -9.355 38.909 7.583 -8.186 38.909 7.956 -7.017 38.909 8.533 -5.847 38.909 8.858 -4.678 38.909 8.632 -3.508 38.909 7.993 -2.339 38.909 7.431 -1.169 38.909 7.399 0 42.152 6.856 -14.413 42.152 6.598 -13.212 42.152 6.255 -12.011 42.152 6.114 -10.81 42.152 6.353 -9.609 42.152 6.847 -8.408 42.152 7.218 -7.207 42.152 7.13 -6.005 42.152 6.591 -4.804 42.152 5.998 -3.603 42.152 5.832 -2.402 42.152 6.253 -1.201 42.152 6.947 0 45.394 5.093 -14.7 45.394 4.926 -13.475 45.394 5.05 -12.25 45.394 5.436 -11.025 45.394 5.806 -9.8 45.394 5.831 -8.575 45.394 5.422 -7.35 45.394 4.854 -6.125 45.394 4.584 -4.9 45.394 4.869 -3.675 45.394 5.525 -2.45 45.394 6.044 -1.225 45.394 6.007 0 48.636 4.148 -14.892 48.636 4.422 -13.651 48.636 4.752 -12.41 48.636 4.854 -11.169 48.636 4.578 -9.928 48.636 4.082 -8.687 48.636 3.752 -7.446 48.636 3.898 -6.205 48.636 4.463 -4.964 48.636 5.028 -3.723 48.636 5.128 -2.482 48.636 4.654 -1.241 48.636 3.964 0 51.879 4.115 -14.988 51.879 4.254 -13.739 51.879 4.097 -12.49 51.879 3.701 -11.241 51.879 3.359 -9.992 51.879 3.384 -8.743 51.879 3.826 -7.494 51.879 4.379 -6.245 51.879 4.592 -4.996 51.879 4.25 -3.747 51.879 3.584 -2.498 51.879 3.113 -1.249 51.879 3.22 0 55.121 3.988 -14.988 55.121 3.7 -13.739 55.121 3.386 -12.49 55.121 3.324 -11.241 55.121 3.634 -9.992 55.121 4.127 -8.743 55.121 4.412 -7.494 55.121 4.211 -6.245 55.121 3.624 -4.996 55.121 3.095 -3.747 55.121 3.062 -2.498 55.121 3.583 -1.249 55.121 4.262 0 58.364 3.807 -14.892 58.364 3.697 -13.651 58.364 3.886 -12.41 58.364 4.288 -11.169 58.364 4.599 -9.928 58.364 4.525 -8.687 58.364 4.053 -7.446 58.364 3.521 -6.205 58.364 3.366 -4.964 58.364 3.762 -3.723 58.364 4.431 -2.482 58.364 4.85 -1.241 58.364 4.675 0 61.606 4.567 -14.7 61.606 4.867 -13.475 61.606 5.162 -12.25 61.606 5.183 -11.025 61.606 4.842 -9.8 61.606 4.356 -8.575 61.606 4.118 -7.35 61.606 4.373 -6.125 61.606 4.976 -4.9 61.606 5.466 -3.675 61.606 5.431 -2.45 61.606 4.868 -1.225 61.606 4.206 0 64.848 6.088 -14.413 64.848 6.168 -13.212 64.848 5.949 -12.011 64.848 5.543 -10.81 64.848 5.267 -9.609 64.848 5.39 -8.408 64.848 5.886 -7.207 64.848 6.394 -6.005 64.848 6.487 -4.804 64.848 6.042 -3.603 64.848 5.376 -2.402 64.848 5.014 -1.201 64.848 5.256 -0 68.091 7.294 -14.033 68.091 6.984 -12.864 68.091 6.71 -11.694 68.091 6.73 -10.525 68.091 7.101 -9.355 68.091 7.575 -8.186 68.091 7.763 -7.017 68.091 7.457 -5.847 68.091 6.844 -4.678 68.091 6.399 -3.508 68.091 6.501 -2.339 68.091 7.101 -1.169 68.091 7.738 0 71.333 8.278 -13.561 71.333 8.23 -12.431 71.333 8.478 -11.301 71.333 8.883 -10.171 71.333 9.123 -9.041 71.333 8.951 -7.911 71.333 8.435 -6.781 71.333 7.958 -5.651 71.333 7.927 -4.52 71.333 8.417 -3.39 71.333 9.073 -2.26 71.333 9.374 -1.13 71.333 9.068 0 74.576 9.805 -13 74.576 10.122 -11.917 74.576 10.372 -10.834 74.576 10.311 -9.75 74.576 9.914 -8.667 74.576 9.456 -7.584 74.576 9.32 -6.5 74.576 9.675 -5.417 74.576 10.292 -4.333 74.576 10.688 -3.25 74.576 10.52 -2.167 74.576 9.889 -1.083 74.576 9.283 0 77.818 11.291 -12.352 77.818 11.307 -11.323 77.818 11.03 -10.293 77.818 10.629 -9.264 77.818 10.428 -8.235 77.818 10.648 -7.205 77.818 11.18 -6.176 77.818 11.622 -5.147 77.818 11.59 -4.117 77.818 11.059 -3.088 77.818 10.42 -2.059 77.818 10.182 -1.029 77.818 10.55 0 81.061 11.578 -11.62 81.061 11.255 -10.651 81.061 11.03 -9.683 81.061 11.134 -8.715 81.061 11.554 -7.746 81.061 11.992 -6.778 81.061 12.075 -5.81 81.061 11.673 -4.841 81.061 11.058 -3.873 81.061 10.716 -2.905 81.061 10.949 -1.937 81.061 11.603 -0.968 81.061 12.173 0 84.303 11.002 -10.805 84.303 11.019 -9.905 84.303 11.323 -9.004 84.303 11.718 -8.104 84.303 11.877 -7.203 84.303 11.61 -6.303 84.303 11.067 -5.403 84.303 10.665 -4.502 84.303 10.759 -3.602 84.303 11.326 -2.701 84.303 11.942 -1.801 84.303 12.113 -0.9 84.303 11.688 -0 87.545 10.519 -9.911 87.545 10.846 -9.085 87.545 11.043 -8.259 87.545 10.896 -7.433 87.545 10.455 -6.607 87.545 10.04 -5.781 87.545 10.014 -4.956 87.545 10.459 -4.13 87.545 11.066 -3.304 87.545 11.351 -2.478 87.545 11.055 -1.652 87.545 10.383 -0.826 87.545 9.856 0 90.788 9.741 -8.939 90.788 9.689 -8.194 90.788 9.358 -7.449 90.788 8.971 -6.704 90.788 8.856 -5.959 90.788 9.169 -5.215 90.788 9.719 -4.47 90.788 10.078 -3.725 90.788 9.921 -2.98 90.788 9.324 -2.235 90.788 8.737 -1.49 90.788 8.633 -0.745 90.788 9.112 0 94.03 7.994 -7.889 94.03 7.661 -7.232 94.03 7.495 -6.574 94.03 7.686 -5.917 94.03 8.148 -5.26 94.03 8.535 -4.602 94.03 8.504 -3.945 94.03 8.019 -3.287 94.03 7.425 -2.63 94.03 7.2 -1.972 94.03 7.556 -1.315 94.03 8.24 -0.657 94.03 8.718 0 97.273 6.141 -6.759 97.273 6.234 -6.195 97.273 6.596 -5.632 97.273 6.973 -5.069 97.273 7.041 -4.506 97.273 6.681 -3.943 97.273 6.126 -3.379 97.273 5.815 -2.816 97.273 6.035 -2.253 97.273 6.658 -1.69 97.273 7.209 -1.126 97.273 7.243 -0.563 97.273 6.716 0 100.515 5.245 -5.537 100.515 5.589 -5.075 100.515 5.723 -4.614 100.515 5.481 -4.152 100.515 4.995 -3.691 100.515 4.637 -3.23 100.515 4.728 -2.768 100.515 5.255 -2.307 100.515 5.831 -1.846 100.515 5.992 -1.384 100.515 5.577 -0.923 100.515 4.89 -0.461 100.515 4.465 0 103.758 4.666 -4.191 103.758 4.521 -3.842 103.758 4.113 -3.493 103.758 3.738 -3.143 103.758 3.724 -2.794 103.758 4.141 -2.445 103.758 4.703 -2.096 103.758 4.962 -1.746 103.758 4.676 -1.397 103.758 4.031 -1.048 103.758 3.52 -0.699 103.758 3.557 -0.349 103.758 4.127 0 107 3.491 -2.5 107 3.099 -2.292 107 3.003 -2.083 107 3.33 -1.875 107 3.869 -1.667 107 4.203 -1.458 107 4.036 -1.25 107 3.455 -1.042 107 2.895 -0.833 107 2.804 -0.625 107 3.278 -0.417 107 3.964 -0.208 107 4.331 0"/></IndexedFaceSet></Shape><Shape><Appearance><Material diffuseColor="0.62 0.58 0.5" specularColor="0.35 0.34 0.3" shininess="0.55" ambientIntensity="0.22"/></Appearance><IndexedFaceSet solid="true" creaseAngle="1.0" coordIndex="0 1 11 10 -1 1 2 12 11 -1 2 3 13 12 -1 3 4 14 13 -1 4 5 15 14 -1 5 6 16 15 -1 6 7 17 16 -1 7 8 18 17 -1 8 9 19 18 -1 10 11 21 20 -1 11 12 22 21 -1 12 13 23 22 -1 13 14 24 23 -1 14 15 25 24 -1 15 16 26 25 -1 16 17 27 26 -1 17 18 28 27 -1 18 19 29 28 -1 20 21 31 30 -1 21 22 32 31 -1 22 23 33 32 -1 23 24 34 33 -1 24 25 35 34 -1 25 26 36 35 -1 26 27 37 36 -1 27 28 38 37 -1 28 29 39 38 -1 30 31 41 40 -1 31 32 42 41 -1 32 33 43 42 -1 33 34 44 43 -1 34 35 45 44 -1 35 36 46 45 -1 36 37 47 46 -1 37 38 48 47 -1 38 39 49 48 -1 40 41 51 50 -1 41 42 52 51 -1 42 43 53 52 -1 43 44 54 53 -1 44 45 55 54 -1 45 46 56 55 -1 46 47 57 56 -1 47 48 58 57 -1 48 49 59 58 -1 50 51 61 60 -1 51 52 62 61 -1 52 53 63 62 -1 53 54 64 63 -1 54 55 65 64 -1 55 56 66 65 -1 56 57 67 66 -1 57 58 68 67 -1 58 59 69 68 -1 60 61 71 70 -1 61 62 72 71 -1 62 63 73 72 -1 63 64 74 73 -1 64 65 75 74 -1 65 66 76 75 -1 66 67 77 76 -1 67 68 78 77 -1 68 69 79 78 -1"><Coordinate point="7.05 24.607 -3.845 6.796 24.607 -3.146 6.152 24.607 -2.775 5.421 24.607 -2.904 4.943 24.607 -3.473 4.943 24.607 -4.216 5.421 24.607 -4.785 6.152 24.607 -4.914 6.796 24.607 -4.543 7.05 24.607 -3.845 7.029 23.779 -3.845 6.792 23.779 -3.196 6.194 23.779 -2.85 5.514 23.779 -2.97 5.07 23.779 -3.499 5.07 23.779 -4.19 5.514 23.779 -4.719 6.194 23.779 -4.839 6.792 23.779 -4.494 7.029 23.779 -3.845 6.897 22.952 -3.845 6.704 22.952 -3.314 6.214 22.952 -3.031 5.658 22.952 -3.129 5.294 22.952 -3.562 5.294 22.952 -4.127 5.658 22.952 -4.56 6.214 22.952 -4.658 6.704 22.952 -4.376 6.897 22.952 -3.845 6.686 22.125 -3.845 6.551 22.125 -3.475 6.21 22.125 -3.278 5.822 22.125 -3.346 5.569 22.125 -3.648 5.569 22.125 -4.042 5.822 22.125 -4.343 6.21 22.125 -4.412 6.551 22.125 -4.215 6.686 22.125 -3.845 6.472 21.297 -3.845 6.392 21.297 -3.624 6.189 21.297 -3.507 5.958 21.297 -3.548 5.807 21.297 -3.727 5.807 21.297 -3.962 5.958 21.297 -4.141 6.189 21.297 -4.182 6.392 21.297 -4.065 6.472 21.297 -3.845 6.303 20.47 -3.845 6.261 20.47 -3.73 6.156 20.47 -3.669 6.036 20.47 -3.69 5.957 20.47 -3.784 5.957 20.47 -3.906 6.036 20.47 -3.999 6.156 20.47 -4.02 6.261 20.47 -3.959 6.303 20.47 -3.845 6.171 19.642 -3.845 6.154 19.642 -3.798 6.111 19.642 -3.773 6.062 19.642 -3.782 6.03 19.642 -3.82 6.03 19.642 -3.869 6.062 19.642 -3.907 6.111 19.642 -3.916 6.154 19.642 -3.891 6.171 19.642 -3.845 6.074 18.815 -3.845 6.069 18.815 -3.832 6.057 18.815 -3.825 6.044 18.815 -3.827 6.035 18.815 -3.838 6.035 18.815 -3.851 6.044 18.815 -3.862 6.057 18.815 -3.864 6.069 18.815 -3.858 6.074 18.815 -3.845"/></IndexedFaceSet></Shape><Shape><Appearance><Material diffuseColor="0.62 0.58 0.5" specularColor="0.35 0.34 0.3" shininess="0.55" ambientIntensity="0.22"/></Appearance><IndexedFaceSet solid="true" creaseAngle="1.0" coordIndex="0 1 11 10 -1 1 2 12 11 -1 2 3 13 12 -1 3 4 14 13 -1 4 5 15 14 -1 5 6 16 15 -1 6 7 17 16 -1 7 8 18 17 -1 8 9 19 18 -1 10 11 21 20 -1 11 12 22 21 -1 12 13 23 22 -1 13 14 24 23 -1 14 15 25 24 -1 15 16 26 25 -1 16 17 27 26 -1 17 18 28 27 -1 18 19 29 28 -1 20 21 31 30 -1 21 22 32 31 -1 22 23 33 32 -1 23 24 34 33 -1 24 25 35 34 -1 25 26 36 35 -1 26 27 37 36 -1 27 28 38 37 -1 28 29 39 38 -1 30 31 41 40 -1 31 32 42 41 -1 32 33 43 42 -1 33 34 44 43 -1 34 35 45 44 -1 35 36 46 45 -1 36 37 47 46 -1 37 38 48 47 -1 38 39 49 48 -1 40 41 51 50 -1 41 42 52 51 -1 42 43 53 52 -1 43 44 54 53 -1 44 45 55 54 -1 45 46 56 55 -1 46 47 57 56 -1 47 48 58 57 -1 48 49 59 58 -1 50 51 61 60 -1 51 52 62 61 -1 52 53 63 62 -1 53 54 64 63 -1 54 55 65 64 -1 55 56 66 65 -1 56 57 67 66 -1 57 58 68 67 -1 58 59 69 68 -1 60 61 71 70 -1 61 62 72 71 -1 62 63 73 72 -1 63 64 74 73 -1 64 65 75 74 -1 65 66 76 75 -1 66 67 77 76 -1 67 68 78 77 -1 68 69 79 78 -1"><Coordinate point="12.031 31.92 -5.347 11.889 31.92 -4.955 11.528 31.92 -4.747 11.117 31.92 -4.819 10.849 31.92 -5.138 10.849 31.92 -5.555 11.117 31.92 -5.874 11.528 31.92 -5.947 11.889 31.92 -5.738 12.031 31.92 -5.347 12.008 31.091 -5.347 11.876 31.091 -4.983 11.54 31.091 -4.789 11.159 31.091 -4.856 10.91 31.091 -5.153 10.91 31.091 -5.54 11.159 31.091 -5.837 11.54 31.091 -5.905 11.876 31.091 -5.711 12.008 31.091 -5.347 11.934 30.262 -5.347 11.825 30.262 -5.049 11.551 30.262 -4.89 11.238 30.262 -4.945 11.035 30.262 -5.188 11.035 30.262 -5.505 11.238 30.262 -5.748 11.551 30.262 -5.803 11.825 30.262 -5.645 11.934 30.262 -5.347 11.824 29.433 -5.347 11.749 29.433 -5.139 11.557 29.433 -5.029 11.34 29.433 -5.067 11.198 29.433 -5.236 11.198 29.433 -5.457 11.34 29.433 -5.626 11.557 29.433 -5.665 11.749 29.433 -5.554 11.824 29.433 -5.347 11.722 28.605 -5.347 11.677 28.605 -5.223 11.563 28.605 -5.157 11.433 28.605 -5.18 11.349 28.605 -5.281 11.349 28.605 -5.412 11.433 28.605 -5.513 11.563 28.605 -5.536 11.677 28.605 -5.47 11.722 28.605 -5.347 11.65 27.776 -5.347 11.627 27.776 -5.282 11.568 27.776 -5.248 11.5 27.776 -5.26 11.456 27.776 -5.313 11.456 27.776 -5.381 11.5 27.776 -5.433 11.568 27.776 -5.445 11.627 27.776 -5.411 11.65 27.776 -5.347 11.6 26.947 -5.347 11.59 26.947 -5.321 11.566 26.947 -5.307 11.539 26.947 -5.312 11.521 26.947 -5.333 11.521 26.947 -5.361 11.539 26.947 -5.382 11.566 26.947 -5.387 11.59 26.947 -5.373 11.6 26.947 -5.347 11.575 26.118 -5.347 11.57 26.118 -5.334 11.558 26.118 -5.327 11.545 26.118 -5.329 11.536 26.118 -5.34 11.536 26.118 -5.354 11.545 26.118 -5.364 11.558 26.118 -5.366 11.57 26.118 -5.36 11.575 26.118 -5.347"/></IndexedFaceSet></Shape><Shape><Appearance><Material diffuseColor="0.62 0.58 0.5" specularColor="0.35 0.34 0.3" shininess="0.55" ambientIntensity="0.22"/></Appearance><IndexedFaceSet solid="true" creaseAngle="1.0" coordIndex="0 1 11 10 -1 1 2 12 11 -1 2 3 13 12 -1 3 4 14 13 -1 4 5 15 14 -1 5 6 16 15 -1 6 7 17 16 -1 7 8 18 17 -1 8 9 19 18 -1 10 11 21 20 -1 11 12 22 21 -1 12 13 23 22 -1 13 14 24 23 -1 14 15 25 24 -1 15 16 26 25 -1 16 17 27 26 -1 17 18 28 27 -1 18 19 29 28 -1 20 21 31 30 -1 21 22 32 31 -1 22 23 33 32 -1 23 24 34 33 -1 24 25 35 34 -1 25 26 36 35 -1 26 27 37 36 -1 27 28 38 37 -1 28 29 39 38 -1 30 31 41 40 -1 31 32 42 41 -1 32 33 43 42 -1 33 34 44 43 -1 34 35 45 44 -1 35 36 46 45 -1 36 37 47 46 -1 37 38 48 47 -1 38 39 49 48 -1 40 41 51 50 -1 41 42 52 51 -1 42 43 53 52 -1 43 44 54 53 -1 44 45 55 54 -1 45 46 56 55 -1 46 47 57 56 -1 47 48 58 57 -1 48 49 59 58 -1 50 51 61 60 -1 51 52 62 61 -1 52 53 63 62 -1 53 54 64 63 -1 54 55 65 64 -1 55 56 66 65 -1 56 57 67 66 -1 57 58 68 67 -1 58 59 69 68 -1 60 61 71 70 -1 61 62 72 71 -1 62 63 73 72 -1 63 64 74 73 -1 64 65 75 74 -1 65 66 76 75 -1 66 67 77 76 -1 67 68 78 77 -1 68 69 79 78 -1"><Coordinate point="18.167 47.514 -4.092 18.006 47.514 -3.65 17.599 47.514 -3.415 17.135 47.514 -3.496 16.833 47.514 -3.857 16.833 47.514 -4.327 17.135 47.514 -4.688 17.599 47.514 -4.769 18.006 47.514 -4.534 18.167 47.514 -4.092 18.136 47.123 -4.092 17.986 47.123 -3.681 17.607 47.123 -3.462 17.176 47.123 -3.538 16.895 47.123 -3.873 16.895 47.123 -4.311 17.176 47.123 -4.646 17.607 47.123 -4.722 17.986 47.123 -4.503 18.136 47.123 -4.092 18.047 46.732 -4.092 17.925 46.732 -3.756 17.615 46.732 -3.577 17.262 46.732 -3.639 17.032 46.732 -3.913 17.032 46.732 -4.271 17.262 46.732 -4.545 17.615 46.732 -4.607 17.925 46.732 -4.428 18.047 46.732 -4.092 17.923 46.341 -4.092 17.838 46.341 -3.858 17.622 46.341 -3.733 17.376 46.341 -3.776 17.216 46.341 -3.967 17.216 46.341 -4.217 17.376 46.341 -4.408 17.622 46.341 -4.451 17.838 46.341 -4.326 17.923 46.341 -4.092 17.81 45.95 -4.092 17.759 45.95 -3.953 17.63 45.95 -3.878 17.484 45.95 -3.904 17.389 45.95 -4.018 17.389 45.95 -4.166 17.484 45.95 -4.28 17.63 45.95 -4.306 17.759 45.95 -4.232 17.81 45.95 -4.092 17.734 45.559 -4.092 17.707 45.559 -4.02 17.64 45.559 -3.981 17.564 45.559 -3.994 17.515 45.559 -4.053 17.515 45.559 -4.131 17.564 45.559 -4.19 17.64 45.559 -4.203 17.707 45.559 -4.165 17.734 45.559 -4.092 17.684 45.168 -4.092 17.673 45.168 -4.063 17.646 45.168 -4.047 17.615 45.168 -4.052 17.595 45.168 -4.076 17.595 45.168 -4.108 17.615 45.168 -4.132 17.646 45.168 -4.137 17.673 45.168 -4.122 17.684 45.168 -4.092 17.66 44.776 -4.092 17.656 44.776 -4.079 17.644 44.776 -4.072 17.63 44.776 -4.075 17.622 44.776 -4.085 17.622 44.776 -4.099 17.63 44.776 -4.109 17.644 44.776 -4.112 17.656 44.776 -4.105 17.66 44.776 -4.092"/></IndexedFaceSet></Shape><Shape><Appearance><Material diffuseColor="0.62 0.58 0.5" specularColor="0.35 0.34 0.3" shininess="0.55" ambientIntensity="0.22"/></Appearance><IndexedFaceSet solid="true" creaseAngle="1.0" coordIndex="0 1 11 10 -1 1 2 12 11 -1 2 3 13 12 -1 3 4 14 13 -1 4 5 15 14 -1 5 6 16 15 -1 6 7 17 16 -1 7 8 18 17 -1 8 9 19 18 -1 10 11 21 20 -1 11 12 22 21 -1 12 13 23 22 -1 13 14 24 23 -1 14 15 25 24 -1 15 16 26 25 -1 16 17 27 26 -1 17 18 28 27 -1 18 19 29 28 -1 20 21 31 30 -1 21 22 32 31 -1 22 23 33 32 -1 23 24 34 33 -1 24 25 35 34 -1 25 26 36 35 -1 26 27 37 36 -1 27 28 38 37 -1 28 29 39 38 -1 30 31 41 40 -1 31 32 42 41 -1 32 33 43 42 -1 33 34 44 43 -1 34 35 45 44 -1 35 36 46 45 -1 36 37 47 46 -1 37 38 48 47 -1 38 39 49 48 -1 40 41 51 50 -1 41 42 52 51 -1 42 43 53 52 -1 43 44 54 53 -1 44 45 55 54 -1 45 46 56 55 -1 46 47 57 56 -1 47 48 58 57 -1 48 49 59 58 -1 50 51 61 60 -1 51 52 62 61 -1 52 53 63 62 -1 53 54 64 63 -1 54 55 65 64 -1 55 56 66 65 -1 56 57 67 66 -1 57 58 68 67 -1 58 59 69 68 -1 60 61 71 70 -1 61 62 72 71 -1 62 63 73 72 -1 63 64 74 73 -1 64 65 75 74 -1 65 66 76 75 -1 66 67 77 76 -1 67 68 78 77 -1 68 69 79 78 -1"><Coordinate point="25.91 58.729 -2.743 25.658 58.729 -2.05 25.02 58.729 -1.682 24.294 58.729 -1.81 23.82 58.729 -2.374 23.82 58.729 -3.111 24.294 58.729 -3.676 25.02 58.729 -3.804 25.658 58.729 -3.435 25.91 58.729 -2.743 25.889 57.478 -2.743 25.655 57.478 -2.099 25.061 57.478 -1.756 24.387 57.478 -1.875 23.946 57.478 -2.4 23.946 57.478 -3.085 24.387 57.478 -3.61 25.061 57.478 -3.729 25.655 57.478 -3.387 25.889 57.478 -2.743 25.758 56.227 -2.743 25.566 56.227 -2.216 25.081 56.227 -1.936 24.529 56.227 -2.033 24.168 56.227 -2.462 24.168 56.227 -3.023 24.529 56.227 -3.452 25.081 56.227 -3.55 25.566 56.227 -3.269 25.758 56.227 -2.743 25.548 54.976 -2.743 25.414 54.976 -2.376 25.076 54.976 -2.18 24.691 54.976 -2.248 24.44 54.976 -2.547 24.44 54.976 -2.938 24.691 54.976 -3.237 25.076 54.976 -3.305 25.414 54.976 -3.11 25.548 54.976 -2.743 25.335 53.725 -2.743 25.255 53.725 -2.524 25.054 53.725 -2.408 24.825 53.725 -2.448 24.676 53.725 -2.626 24.676 53.725 -2.859 24.825 53.725 -3.037 25.054 53.725 -3.077 25.255 53.725 -2.961 25.335 53.725 -2.743 25.167 52.474 -2.743 25.125 52.474 -2.629 25.021 52.474 -2.569 24.901 52.474 -2.59 24.824 52.474 -2.682 24.824 52.474 -2.803 24.901 52.474 -2.896 25.021 52.474 -2.917 25.125 52.474 -2.856 25.167 52.474 -2.743 25.034 51.223 -2.743 25.018 51.223 -2.697 24.975 51.223 -2.672 24.927 51.223 -2.68 24.895 51.223 -2.718 24.895 51.223 -2.767 24.927 51.223 -2.805 24.975 51.223 -2.813 25.018 51.223 -2.789 25.034 51.223 -2.743 24.938 49.972 -2.743 24.933 49.972 -2.73 24.921 49.972 -2.723 24.908 49.972 -2.725 24.899 49.972 -2.736 24.899 49.972 -2.75 24.908 49.972 -2.76 24.921 49.972 -2.762 24.933 49.972 -2.756 24.938 49.972 -2.743"/></IndexedFaceSet></Shape><Shape><Appearance><Material diffuseColor="0.62 0.58 0.5" specularColor="0.35 0.34 0.3" shininess="0.55" ambientIntensity="0.22"/></Appearance><IndexedFaceSet solid="true" creaseAngle="1.0" coordIndex="0 1 11 10 -1 1 2 12 11 -1 2 3 13 12 -1 3 4 14 13 -1 4 5 15 14 -1 5 6 16 15 -1 6 7 17 16 -1 7 8 18 17 -1 8 9 19 18 -1 10 11 21 20 -1 11 12 22 21 -1 12 13 23 22 -1 13 14 24 23 -1 14 15 25 24 -1 15 16 26 25 -1 16 17 27 26 -1 17 18 28 27 -1 18 19 29 28 -1 20 21 31 30 -1 21 22 32 31 -1 22 23 33 32 -1 23 24 34 33 -1 24 25 35 34 -1 25 26 36 35 -1 26 27 37 36 -1 27 28 38 37 -1 28 29 39 38 -1 30 31 41 40 -1 31 32 42 41 -1 32 33 43 42 -1 33 34 44 43 -1 34 35 45 44 -1 35 36 46 45 -1 36 37 47 46 -1 37 38 48 47 -1 38 39 49 48 -1 40 41 51 50 -1 41 42 52 51 -1 42 43 53 52 -1 43 44 54 53 -1 44 45 55 54 -1 45 46 56 55 -1 46 47 57 56 -1 47 48 58 57 -1 48 49 59 58 -1 50 51 61 60 -1 51 52 62 61 -1 52 53 63 62 -1 53 54 64 63 -1 54 55 65 64 -1 55 56 66 65 -1 56 57 67 66 -1 57 58 68 67 -1 58 59 69 68 -1 60 61 71 70 -1 61 62 72 71 -1 62 63 73 72 -1 63 64 74 73 -1 64 65 75 74 -1 65 66 76 75 -1 66 67 77 76 -1 67 68 78 77 -1 68 69 79 78 -1"><Coordinate point="30.185 61.738 -3.874 29.968 61.738 -3.278 29.419 61.738 -2.961 28.794 61.738 -3.071 28.386 61.738 -3.557 28.386 61.738 -4.191 28.794 61.738 -4.677 29.419 61.738 -4.787 29.968 61.738 -4.47 30.185 61.738 -3.874 30.107 60.928 -3.874 29.905 60.928 -3.32 29.394 60.928 -3.025 28.814 60.928 -3.127 28.435 60.928 -3.579 28.435 60.928 -4.169 28.814 60.928 -4.621 29.394 60.928 -4.723 29.905 60.928 -4.428 30.107 60.928 -3.874 29.957 60.118 -3.874 29.792 60.118 -3.42 29.374 60.118 -3.179 28.899 60.118 -3.263 28.589 60.118 -3.633 28.589 60.118 -4.115 28.899 60.118 -4.485 29.374 60.118 -4.569 29.792 60.118 -4.327 29.957 60.118 -3.874 29.769 59.309 -3.874 29.654 59.309 -3.558 29.363 59.309 -3.39 29.032 59.309 -3.448 28.816 59.309 -3.706 28.816 59.309 -4.042 29.032 59.309 -4.3 29.363 59.309 -4.358 29.654 59.309 -4.19 29.769 59.309 -3.874 29.611 58.499 -3.874 29.542 58.499 -3.686 29.369 58.499 -3.586 29.172 58.499 -3.621 29.043 58.499 -3.774 29.043 58.499 -3.974 29.172 58.499 -4.127 29.369 58.499 -4.162 29.542 58.499 -4.062 29.611 58.499 -3.874 29.517 57.689 -3.874 29.482 57.689 -3.776 29.391 57.689 -3.724 29.289 57.689 -3.742 29.222 57.689 -3.822 29.222 57.689 -3.926 29.289 57.689 -4.006 29.391 57.689 -4.024 29.482 57.689 -3.972 29.517 57.689 -3.874 29.472 56.879 -3.874 29.458 56.879 -3.834 29.421 56.879 -3.813 29.379 56.879 -3.82 29.352 56.879 -3.853 29.352 56.879 -3.895 29.379 56.879 -3.927 29.421 56.879 -3.935 29.458 56.879 -3.914 29.472 56.879 -3.874 29.466 56.069 -3.874 29.461 56.069 -3.861 29.449 56.069 -3.854 29.436 56.069 -3.857 29.427 56.069 -3.867 29.427 56.069 -3.881 29.436 56.069 -3.891 29.449 56.069 -3.894 29.461 56.069 -3.887 29.466 56.069 -3.874"/></IndexedFaceSet></Shape><Shape><Appearance><Material diffuseColor="0.62 0.58 0.5" specularColor="0.35 0.34 0.3" shininess="0.55" ambientIntensity="0.22"/></Appearance><IndexedFaceSet solid="true" creaseAngle="1.0" coordIndex="0 1 11 10 -1 1 2 12 11 -1 2 3 13 12 -1 3 4 14 13 -1 4 5 15 14 -1 5 6 16 15 -1 6 7 17 16 -1 7 8 18 17 -1 8 9 19 18 -1 10 11 21 20 -1 11 12 22 21 -1 12 13 23 22 -1 13 14 24 23 -1 14 15 25 24 -1 15 16 26 25 -1 16 17 27 26 -1 17 18 28 27 -1 18 19 29 28 -1 20 21 31 30 -1 21 22 32 31 -1 22 23 33 32 -1 23 24 34 33 -1 24 25 35 34 -1 25 26 36 35 -1 26 27 37 36 -1 27 28 38 37 -1 28 29 39 38 -1 30 31 41 40 -1 31 32 42 41 -1 32 33 43 42 -1 33 34 44 43 -1 34 35 45 44 -1 35 36 46 45 -1 36 37 47 46 -1 37 38 48 47 -1 38 39 49 48 -1 40 41 51 50 -1 41 42 52 51 -1 42 43 53 52 -1 43 44 54 53 -1 44 45 55 54 -1 45 46 56 55 -1 46 47 57 56 -1 47 48 58 57 -1 48 49 59 58 -1 50 51 61 60 -1 51 52 62 61 -1 52 53 63 62 -1 53 54 64 63 -1 54 55 65 64 -1 55 56 66 65 -1 56 57 67 66 -1 57 58 68 67 -1 58 59 69 68 -1 60 61 71 70 -1 61 62 72 71 -1 62 63 73 72 -1 63 64 74 73 -1 64 65 75 74 -1 65 66 76 75 -1 66 67 77 76 -1 67 68 78 77 -1 68 69 79 78 -1"><Coordinate point="37.597 66.485 -4.374 37.338 66.485 -3.662 36.682 66.485 -3.284 35.937 66.485 -3.415 35.45 66.485 -3.995 35.45 66.485 -4.753 35.937 66.485 -5.333 36.682 66.485 -5.464 37.338 66.485 -5.086 37.597 66.485 -4.374 37.556 66.2 -4.374 37.315 66.2 -3.712 36.705 66.2 -3.36 36.012 66.2 -3.483 35.559 66.2 -4.022 35.559 66.2 -4.726 36.012 66.2 -5.266 36.705 66.2 -5.388 37.315 66.2 -5.036 37.556 66.2 -4.374 37.42 65.915 -4.374 37.223 65.915 -3.833 36.724 65.915 -3.545 36.156 65.915 -3.645 35.786 65.915 -4.086 35.786 65.915 -4.662 36.156 65.915 -5.104 36.724 65.915 -5.204 37.223 65.915 -4.916 37.42 65.915 -4.374 37.221 65.63 -4.374 37.083 65.63 -3.997 36.736 65.63 -3.796 36.34 65.63 -3.866 36.082 65.63 -4.173 36.082 65.63 -4.575 36.34 65.63 -4.882 36.736 65.63 -4.952 37.083 65.63 -4.751 37.221 65.63 -4.374 37.035 65.345 -4.374 36.953 65.345 -4.15 36.746 65.345 -4.03 36.511 65.345 -4.072 36.357 65.345 -4.255 36.357 65.345 -4.494 36.511 65.345 -4.677 36.746 65.345 -4.718 36.953 65.345 -4.599 37.035 65.345 -4.374 36.905 65.06 -4.374 36.863 65.06 -4.257 36.755 65.06 -4.195 36.633 65.06 -4.217 36.553 65.06 -4.312 36.553 65.06 -4.436 36.633 65.06 -4.531 36.755 65.06 -4.553 36.863 65.06 -4.491 36.905 65.06 -4.374 36.814 64.775 -4.374 36.797 64.775 -4.327 36.753 64.775 -4.301 36.704 64.775 -4.31 36.671 64.775 -4.349 36.671 64.775 -4.399 36.704 64.775 -4.438 36.753 64.775 -4.447 36.797 64.775 -4.422 36.814 64.775 -4.374 36.753 64.49 -4.374 36.749 64.49 -4.361 36.737 64.49 -4.354 36.723 64.49 -4.357 36.715 64.49 -4.367 36.715 64.49 -4.381 36.723 64.49 -4.391 36.737 64.49 -4.394 36.749 64.49 -4.387 36.753 64.49 -4.374"/></IndexedFaceSet></Shape><Shape><Appearance><Material diffuseColor="0.62 0.58 0.5" specularColor="0.35 0.34 0.3" shininess="0.55" ambientIntensity="0.22"/></Appearance><IndexedFaceSet solid="true" creaseAngle="1.0" coordIndex="0 1 11 10 -1 1 2 12 11 -1 2 3 13 12 -1 3 4 14 13 -1 4 5 15 14 -1 5 6 16 15 -1 6 7 17 16 -1 7 8 18 17 -1 8 9 19 18 -1 10 11 21 20 -1 11 12 22 21 -1 12 13 23 22 -1 13 14 24 23 -1 14 15 25 24 -1 15 16 26 25 -1 16 17 27 26 -1 17 18 28 27 -1 18 19 29 28 -1 20 21 31 30 -1 21 22 32 31 -1 22 23 33 32 -1 23 24 34 33 -1 24 25 35 34 -1 25 26 36 35 -1 26 27 37 36 -1 27 28 38 37 -1 28 29 39 38 -1 30 31 41 40 -1 31 32 42 41 -1 32 33 43 42 -1 33 34 44 43 -1 34 35 45 44 -1 35 36 46 45 -1 36 37 47 46 -1 37 38 48 47 -1 38 39 49 48 -1 40 41 51 50 -1 41 42 52 51 -1 42 43 53 52 -1 43 44 54 53 -1 44 45 55 54 -1 45 46 56 55 -1 46 47 57 56 -1 47 48 58 57 -1 48 49 59 58 -1 50 51 61 60 -1 51 52 62 61 -1 52 53 63 62 -1 53 54 64 63 -1 54 55 65 64 -1 55 56 66 65 -1 56 57 67 66 -1 57 58 68 67 -1 58 59 69 68 -1 60 61 71 70 -1 61 62 72 71 -1 62 63 73 72 -1 63 64 74 73 -1 64 65 75 74 -1 65 66 76 75 -1 66 67 77 76 -1 67 68 78 77 -1 68 69 79 78 -1"><Coordinate point="43.775 62.073 -7.87 43.543 62.073 -7.233 42.956 62.073 -6.894 42.289 62.073 -7.012 41.853 62.073 -7.531 41.853 62.073 -8.209 42.289 62.073 -8.728 42.956 62.073 -8.846 43.543 62.073 -8.507 43.775 62.073 -7.87 43.738 61.123 -7.87 43.522 61.123 -7.278 42.976 61.123 -6.963 42.356 61.123 -7.072 41.951 61.123 -7.555 41.951 61.123 -8.185 42.356 61.123 -8.668 42.976 61.123 -8.777 43.522 61.123 -8.462 43.738 61.123 -7.87 43.616 60.173 -7.87 43.44 60.173 -7.385 42.993 60.173 -7.128 42.485 60.173 -7.217 42.154 60.173 -7.612 42.154 60.173 -8.128 42.485 60.173 -8.523 42.993 60.173 -8.613 43.44 60.173 -8.355 43.616 60.173 -7.87 43.438 59.223 -7.87 43.315 59.223 -7.532 43.004 59.223 -7.353 42.65 59.223 -7.415 42.419 59.223 -7.69 42.419 59.223 -8.05 42.65 59.223 -8.325 43.004 59.223 -8.387 43.315 59.223 -8.208 43.438 59.223 -7.87 43.272 58.273 -7.87 43.198 58.273 -7.669 43.013 58.273 -7.562 42.803 58.273 -7.599 42.665 58.273 -7.763 42.665 58.273 -7.977 42.803 58.273 -8.141 43.013 58.273 -8.178 43.198 58.273 -8.071 43.272 58.273 -7.87 43.155 57.323 -7.87 43.117 57.323 -7.766 43.021 57.323 -7.71 42.912 57.323 -7.729 42.84 57.323 -7.814 42.84 57.323 -7.926 42.912 57.323 -8.011 43.021 57.323 -8.03 43.117 57.323 -7.975 43.155 57.323 -7.87 43.074 56.373 -7.87 43.059 56.373 -7.828 43.02 56.373 -7.805 42.975 56.373 -7.813 42.946 56.373 -7.847 42.946 56.373 -7.893 42.975 56.373 -7.927 43.02 56.373 -7.935 43.059 56.373 -7.912 43.074 56.373 -7.87 43.022 55.424 -7.87 43.017 55.424 -7.857 43.005 55.424 -7.85 42.992 55.424 -7.853 42.983 55.424 -7.863 42.983 55.424 -7.877 42.992 55.424 -7.887 43.005 55.424 -7.89 43.017 55.424 -7.883 43.022 55.424 -7.87"/></IndexedFaceSet></Shape><Shape><Appearance><Material diffuseColor="0.62 0.58 0.5" specularColor="0.35 0.34 0.3" shininess="0.55" ambientIntensity="0.22"/></Appearance><IndexedFaceSet solid="true" creaseAngle="1.0" coordIndex="0 1 11 10 -1 1 2 12 11 -1 2 3 13 12 -1 3 4 14 13 -1 4 5 15 14 -1 5 6 16 15 -1 6 7 17 16 -1 7 8 18 17 -1 8 9 19 18 -1 10 11 21 20 -1 11 12 22 21 -1 12 13 23 22 -1 13 14 24 23 -1 14 15 25 24 -1 15 16 26 25 -1 16 17 27 26 -1 17 18 28 27 -1 18 19 29 28 -1 20 21 31 30 -1 21 22 32 31 -1 22 23 33 32 -1 23 24 34 33 -1 24 25 35 34 -1 25 26 36 35 -1 26 27 37 36 -1 27 28 38 37 -1 28 29 39 38 -1 30 31 41 40 -1 31 32 42 41 -1 32 33 43 42 -1 33 34 44 43 -1 34 35 45 44 -1 35 36 46 45 -1 36 37 47 46 -1 37 38 48 47 -1 38 39 49 48 -1 40 41 51 50 -1 41 42 52 51 -1 42 43 53 52 -1 43 44 54 53 -1 44 45 55 54 -1 45 46 56 55 -1 46 47 57 56 -1 47 48 58 57 -1 48 49 59 58 -1 50 51 61 60 -1 51 52 62 61 -1 52 53 63 62 -1 53 54 64 63 -1 54 55 65 64 -1 55 56 66 65 -1 56 57 67 66 -1 57 58 68 67 -1 58 59 69 68 -1 60 61 71 70 -1 61 62 72 71 -1 62 63 73 72 -1 63 64 74 73 -1 64 65 75 74 -1 65 66 76 75 -1 66 67 77 76 -1 67 68 78 77 -1 68 69 79 78 -1"><Coordinate point="50.136 73.67 -2.17 49.971 73.67 -1.716 49.553 73.67 -1.474 49.077 73.67 -1.558 48.767 73.67 -1.928 48.767 73.67 -2.411 49.077 73.67 -2.781 49.553 73.67 -2.865 49.971 73.67 -2.623 50.136 73.67 -2.17 50.117 73.405 -2.17 49.964 73.405 -1.748 49.575 73.405 -1.523 49.133 73.405 -1.601 48.844 73.405 -1.945 48.844 73.405 -2.394 49.133 73.405 -2.738 49.575 73.405 -2.816 49.964 73.405 -2.592 50.117 73.405 -2.17 50.033 73.14 -2.17 49.908 73.14 -1.824 49.59 73.14 -1.641 49.228 73.14 -1.705 48.992 73.14 -1.986 48.992 73.14 -2.353 49.228 73.14 -2.635 49.59 73.14 -2.699 49.908 73.14 -2.515 50.033 73.14 -2.17 49.905 72.874 -2.17 49.818 72.874 -1.929 49.596 72.874 -1.801 49.344 72.874 -1.846 49.179 72.874 -2.042 49.179 72.874 -2.298 49.344 72.874 -2.494 49.596 72.874 -2.538 49.818 72.874 -2.41 49.905 72.874 -2.17 49.781 72.609 -2.17 49.728 72.609 -2.027 49.597 72.609 -1.95 49.447 72.609 -1.977 49.349 72.609 -2.094 49.349 72.609 -2.246 49.447 72.609 -2.362 49.597 72.609 -2.389 49.728 72.609 -2.313 49.781 72.609 -2.17 49.688 72.344 -2.17 49.661 72.344 -2.095 49.593 72.344 -2.056 49.515 72.344 -2.069 49.464 72.344 -2.13 49.464 72.344 -2.209 49.515 72.344 -2.27 49.593 72.344 -2.284 49.661 72.344 -2.244 49.688 72.344 -2.17 49.619 72.079 -2.17 49.608 72.079 -2.139 49.58 72.079 -2.123 49.549 72.079 -2.129 49.528 72.079 -2.154 49.528 72.079 -2.186 49.549 72.079 -2.21 49.58 72.079 -2.216 49.608 72.079 -2.2 49.619 72.079 -2.17 49.577 71.813 -2.17 49.572 71.813 -2.157 49.56 71.813 -2.15 49.547 71.813 -2.152 49.538 71.813 -2.163 49.538 71.813 -2.177 49.547 71.813 -2.187 49.56 71.813 -2.189 49.572 71.813 -2.183 49.577 71.813 -2.17"/></IndexedFaceSet></Shape><Shape><Appearance><Material diffuseColor="0.62 0.58 0.5" specularColor="0.35 0.34 0.3" shininess="0.55" ambientIntensity="0.22"/></Appearance><IndexedFaceSet solid="true" creaseAngle="1.0" coordIndex="0 1 11 10 -1 1 2 12 11 -1 2 3 13 12 -1 3 4 14 13 -1 4 5 15 14 -1 5 6 16 15 -1 6 7 17 16 -1 7 8 18 17 -1 8 9 19 18 -1 10 11 21 20 -1 11 12 22 21 -1 12 13 23 22 -1 13 14 24 23 -1 14 15 25 24 -1 15 16 26 25 -1 16 17 27 26 -1 17 18 28 27 -1 18 19 29 28 -1 20 21 31 30 -1 21 22 32 31 -1 22 23 33 32 -1 23 24 34 33 -1 24 25 35 34 -1 25 26 36 35 -1 26 27 37 36 -1 27 28 38 37 -1 28 29 39 38 -1 30 31 41 40 -1 31 32 42 41 -1 32 33 43 42 -1 33 34 44 43 -1 34 35 45 44 -1 35 36 46 45 -1 36 37 47 46 -1 37 38 48 47 -1 38 39 49 48 -1 40 41 51 50 -1 41 42 52 51 -1 42 43 53 52 -1 43 44 54 53 -1 44 45 55 54 -1 45 46 56 55 -1 46 47 57 56 -1 47 48 58 57 -1 48 49 59 58 -1 50 51 61 60 -1 51 52 62 61 -1 52 53 63 62 -1 53 54 64 63 -1 54 55 65 64 -1 55 56 66 65 -1 56 57 67 66 -1 57 58 68 67 -1 58 59 69 68 -1 60 61 71 70 -1 61 62 72 71 -1 62 63 73 72 -1 63 64 74 73 -1 64 65 75 74 -1 65 66 76 75 -1 66 67 77 76 -1 67 68 78 77 -1 68 69 79 78 -1"><Coordinate point="56.874 73.652 -2.434 56.651 73.652 -1.821 56.087 73.652 -1.495 55.445 73.652 -1.608 55.025 73.652 -2.108 55.025 73.652 -2.76 55.445 73.652 -3.259 56.087 73.652 -3.372 56.651 73.652 -3.046 56.874 73.652 -2.434 56.853 72.669 -2.434 56.646 72.669 -1.864 56.121 72.669 -1.561 55.524 72.669 -1.666 55.134 72.669 -2.131 55.134 72.669 -2.737 55.524 72.669 -3.201 56.121 72.669 -3.306 56.646 72.669 -3.003 56.853 72.669 -2.434 56.74 71.686 -2.434 56.571 71.686 -1.968 56.141 71.686 -1.72 55.653 71.686 -1.806 55.334 71.686 -2.186 55.334 71.686 -2.682 55.653 71.686 -3.062 56.141 71.686 -3.148 56.571 71.686 -2.9 56.74 71.686 -2.434 56.563 70.703 -2.434 56.445 70.703 -2.109 56.146 70.703 -1.936 55.805 70.703 -1.996 55.583 70.703 -2.261 55.583 70.703 -2.607 55.805 70.703 -2.871 56.146 70.703 -2.931 56.445 70.703 -2.759 56.563 70.703 -2.434 56.387 69.72 -2.434 56.317 69.72 -2.241 56.139 69.72 -2.138 55.936 69.72 -2.173 55.804 69.72 -2.331 55.804 69.72 -2.537 55.936 69.72 -2.694 56.139 69.72 -2.73 56.317 69.72 -2.627 56.387 69.72 -2.434 56.253 68.737 -2.434 56.217 68.737 -2.333 56.124 68.737 -2.28 56.019 68.737 -2.298 55.95 68.737 -2.38 55.95 68.737 -2.487 56.019 68.737 -2.569 56.124 68.737 -2.588 56.217 68.737 -2.534 56.253 68.737 -2.434 56.15 67.754 -2.434 56.135 67.754 -2.393 56.097 67.754 -2.371 56.054 67.754 -2.379 56.026 67.754 -2.412 56.026 67.754 -2.456 56.054 67.754 -2.489 56.097 67.754 -2.496 56.135 67.754 -2.475 56.15 67.754 -2.434 56.077 66.771 -2.434 56.072 66.771 -2.421 56.06 66.771 -2.414 56.047 66.771 -2.416 56.038 66.771 -2.427 56.038 66.771 -2.441 56.047 66.771 -2.451 56.06 66.771 -2.453 56.072 66.771 -2.447 56.077 66.771 -2.434"/></IndexedFaceSet></Shape><Shape><Appearance><Material diffuseColor="0.62 0.58 0.5" specularColor="0.35 0.34 0.3" shininess="0.55" ambientIntensity="0.22"/></Appearance><IndexedFaceSet solid="true" creaseAngle="1.0" coordIndex="0 1 11 10 -1 1 2 12 11 -1 2 3 13 12 -1 3 4 14 13 -1 4 5 15 14 -1 5 6 16 15 -1 6 7 17 16 -1 7 8 18 17 -1 8 9 19 18 -1 10 11 21 20 -1 11 12 22 21 -1 12 13 23 22 -1 13 14 24 23 -1 14 15 25 24 -1 15 16 26 25 -1 16 17 27 26 -1 17 18 28 27 -1 18 19 29 28 -1 20 21 31 30 -1 21 22 32 31 -1 22 23 33 32 -1 23 24 34 33 -1 24 25 35 34 -1 25 26 36 35 -1 26 27 37 36 -1 27 28 38 37 -1 28 29 39 38 -1 30 31 41 40 -1 31 32 42 41 -1 32 33 43 42 -1 33 34 44 43 -1 34 35 45 44 -1 35 36 46 45 -1 36 37 47 46 -1 37 38 48 47 -1 38 39 49 48 -1 40 41 51 50 -1 41 42 52 51 -1 42 43 53 52 -1 43 44 54 53 -1 44 45 55 54 -1 45 46 56 55 -1 46 47 57 56 -1 47 48 58 57 -1 48 49 59 58 -1 50 51 61 60 -1 51 52 62 61 -1 52 53 63 62 -1 53 54 64 63 -1 54 55 65 64 -1 55 56 66 65 -1 56 57 67 66 -1 57 58 68 67 -1 58 59 69 68 -1 60 61 71 70 -1 61 62 72 71 -1 62 63 73 72 -1 63 64 74 73 -1 64 65 75 74 -1 65 66 76 75 -1 66 67 77 76 -1 67 68 78 77 -1 68 69 79 78 -1"><Coordinate point="61.885 68.101 -5.808 61.674 68.101 -5.23 61.142 68.101 -4.923 60.536 68.101 -5.029 60.14 68.101 -5.501 60.14 68.101 -6.116 60.536 68.101 -6.587 61.142 68.101 -6.694 61.674 68.101 -6.387 61.885 68.101 -5.808 61.824 67.046 -5.808 61.628 67.046 -5.271 61.133 67.046 -4.985 60.569 67.046 -5.084 60.201 67.046 -5.522 60.201 67.046 -6.095 60.569 67.046 -6.533 61.133 67.046 -6.632 61.628 67.046 -6.346 61.824 67.046 -5.808 61.693 65.992 -5.808 61.533 65.992 -5.369 61.127 65.992 -5.135 60.666 65.992 -5.216 60.365 65.992 -5.574 60.365 65.992 -6.043 60.666 65.992 -6.401 61.127 65.992 -6.482 61.533 65.992 -6.248 61.693 65.992 -5.808 61.521 64.937 -5.808 61.41 64.937 -5.502 61.127 64.937 -5.339 60.806 64.937 -5.396 60.596 64.937 -5.645 60.596 64.937 -5.972 60.806 64.937 -6.221 61.127 64.937 -6.278 61.41 64.937 -6.115 61.521 64.937 -5.808 61.373 63.883 -5.808 61.306 63.883 -5.626 61.138 63.883 -5.529 60.947 63.883 -5.563 60.822 63.883 -5.711 60.822 63.883 -5.906 60.947 63.883 -6.054 61.138 63.883 -6.088 61.306 63.883 -5.991 61.373 63.883 -5.808 61.282 62.828 -5.808 61.247 62.828 -5.714 61.16 62.828 -5.663 61.06 62.828 -5.681 60.995 62.828 -5.758 60.995 62.828 -5.859 61.06 62.828 -5.936 61.16 62.828 -5.954 61.247 62.828 -5.903 61.282 62.828 -5.808 61.231 61.774 -5.808 61.217 61.774 -5.77 61.182 61.774 -5.749 61.142 61.774 -5.757 61.115 61.774 -5.788 61.115 61.774 -5.829 61.142 61.774 -5.86 61.182 61.774 -5.868 61.217 61.774 -5.847 61.231 61.774 -5.808 61.215 60.719 -5.808 61.21 60.719 -5.796 61.198 60.719 -5.789 61.185 60.719 -5.791 61.176 60.719 -5.802 61.176 60.719 -5.815 61.185 60.719 -5.826 61.198 60.719 -5.828 61.21 60.719 -5.821 61.215 60.719 -5.808"/></IndexedFaceSet></Shape><Shape><Appearance><Material diffuseColor="0.62 0.58 0.5" specularColor="0.35 0.34 0.3" shininess="0.55" ambientIntensity="0.22"/></Appearance><IndexedFaceSet solid="true" creaseAngle="1.0" coordIndex="0 1 11 10 -1 1 2 12 11 -1 2 3 13 12 -1 3 4 14 13 -1 4 5 15 14 -1 5 6 16 15 -1 6 7 17 16 -1 7 8 18 17 -1 8 9 19 18 -1 10 11 21 20 -1 11 12 22 21 -1 12 13 23 22 -1 13 14 24 23 -1 14 15 25 24 -1 15 16 26 25 -1 16 17 27 26 -1 17 18 28 27 -1 18 19 29 28 -1 20 21 31 30 -1 21 22 32 31 -1 22 23 33 32 -1 23 24 34 33 -1 24 25 35 34 -1 25 26 36 35 -1 26 27 37 36 -1 27 28 38 37 -1 28 29 39 38 -1 30 31 41 40 -1 31 32 42 41 -1 32 33 43 42 -1 33 34 44 43 -1 34 35 45 44 -1 35 36 46 45 -1 36 37 47 46 -1 37 38 48 47 -1 38 39 49 48 -1 40 41 51 50 -1 41 42 52 51 -1 42 43 53 52 -1 43 44 54 53 -1 44 45 55 54 -1 45 46 56 55 -1 46 47 57 56 -1 47 48 58 57 -1 48 49 59 58 -1 50 51 61 60 -1 51 52 62 61 -1 52 53 63 62 -1 53 54 64 63 -1 54 55 65 64 -1 55 56 66 65 -1 56 57 67 66 -1 57 58 68 67 -1 58 59 69 68 -1 60 61 71 70 -1 61 62 72 71 -1 62 63 73 72 -1 63 64 74 73 -1 64 65 75 74 -1 65 66 76 75 -1 66 67 77 76 -1 67 68 78 77 -1 68 69 79 78 -1"><Coordinate point="67.461 66.602 -5.43 67.304 66.602 -4.998 66.906 66.602 -4.768 66.453 66.602 -4.848 66.157 66.602 -5.2 66.157 66.602 -5.66 66.453 66.602 -6.013 66.906 66.602 -6.093 67.304 66.602 -5.863 67.461 66.602 -5.43 67.398 65.38 -5.43 67.252 65.38 -5.029 66.882 65.38 -4.815 66.461 65.38 -4.889 66.186 65.38 -5.217 66.186 65.38 -5.644 66.461 65.38 -5.972 66.882 65.38 -6.046 67.252 65.38 -5.832 67.398 65.38 -5.43 67.283 64.157 -5.43 67.163 64.157 -5.102 66.86 64.157 -4.927 66.516 64.157 -4.987 66.291 64.157 -5.255 66.291 64.157 -5.605 66.516 64.157 -5.873 66.86 64.157 -5.934 67.163 64.157 -5.759 67.283 64.157 -5.43 67.14 62.934 -5.43 67.057 62.934 -5.201 66.846 62.934 -5.079 66.606 62.934 -5.122 66.449 62.934 -5.308 66.449 62.934 -5.552 66.606 62.934 -5.739 66.846 62.934 -5.781 67.057 62.934 -5.659 67.14 62.934 -5.43 67.021 61.712 -5.43 66.971 61.712 -5.294 66.846 61.712 -5.222 66.703 61.712 -5.247 66.61 61.712 -5.358 66.61 61.712 -5.503 66.703 61.712 -5.614 66.846 61.712 -5.639 66.971 61.712 -5.567 67.021 61.712 -5.43 66.952 60.489 -5.43 66.926 60.489 -5.359 66.86 60.489 -5.322 66.786 60.489 -5.335 66.738 60.489 -5.393 66.738 60.489 -5.468 66.786 60.489 -5.526 66.86 60.489 -5.539 66.926 60.489 -5.501 66.952 60.489 -5.43 66.92 59.266 -5.43 66.91 59.266 -5.402 66.883 59.266 -5.386 66.853 59.266 -5.392 66.833 59.266 -5.415 66.833 59.266 -5.446 66.853 59.266 -5.469 66.883 59.266 -5.475 66.91 59.266 -5.459 66.92 59.266 -5.43 66.925 58.043 -5.43 66.921 58.043 -5.418 66.909 58.043 -5.411 66.895 58.043 -5.413 66.886 58.043 -5.424 66.886 58.043 -5.437 66.895 58.043 -5.448 66.909 58.043 -5.45 66.921 58.043 -5.443 66.925 58.043 -5.43"/></IndexedFaceSet></Shape><Shape><Appearance><Material diffuseColor="0.62 0.58 0.5" specularColor="0.35 0.34 0.3" shininess="0.55" ambientIntensity="0.22"/></Appearance><IndexedFaceSet solid="true" creaseAngle="1.0" coordIndex="0 1 11 10 -1 1 2 12 11 -1 2 3 13 12 -1 3 4 14 13 -1 4 5 15 14 -1 5 6 16 15 -1 6 7 17 16 -1 7 8 18 17 -1 8 9 19 18 -1 10 11 21 20 -1 11 12 22 21 -1 12 13 23 22 -1 13 14 24 23 -1 14 15 25 24 -1 15 16 26 25 -1 16 17 27 26 -1 17 18 28 27 -1 18 19 29 28 -1 20 21 31 30 -1 21 22 32 31 -1 22 23 33 32 -1 23 24 34 33 -1 24 25 35 34 -1 25 26 36 35 -1 26 27 37 36 -1 27 28 38 37 -1 28 29 39 38 -1 30 31 41 40 -1 31 32 42 41 -1 32 33 43 42 -1 33 34 44 43 -1 34 35 45 44 -1 35 36 46 45 -1 36 37 47 46 -1 37 38 48 47 -1 38 39 49 48 -1 40 41 51 50 -1 41 42 52 51 -1 42 43 53 52 -1 43 44 54 53 -1 44 45 55 54 -1 45 46 56 55 -1 46 47 57 56 -1 47 48 58 57 -1 48 49 59 58 -1 50 51 61 60 -1 51 52 62 61 -1 52 53 63 62 -1 53 54 64 63 -1 54 55 65 64 -1 55 56 66 65 -1 56 57 67 66 -1 57 58 68 67 -1 58 59 69 68 -1 60 61 71 70 -1 61 62 72 71 -1 62 63 73 72 -1 63 64 74 73 -1 64 65 75 74 -1 65 66 76 75 -1 66 67 77 76 -1 67 68 78 77 -1 68 69 79 78 -1"><Coordinate point="72.451 66.609 -3.704 72.258 66.609 -3.173 71.769 66.609 -2.891 71.213 66.609 -2.989 70.851 66.609 -3.421 70.851 66.609 -3.986 71.213 66.609 -4.418 71.769 66.609 -4.516 72.258 66.609 -4.234 72.451 66.609 -3.704 72.355 65.583 -3.704 72.176 65.583 -3.211 71.721 65.583 -2.948 71.205 65.583 -3.039 70.868 65.583 -3.441 70.868 65.583 -3.966 71.205 65.583 -4.368 71.721 65.583 -4.459 72.176 65.583 -4.197 72.355 65.583 -3.704 72.174 64.558 -3.704 72.027 64.558 -3.3 71.655 64.558 -3.086 71.233 64.558 -3.16 70.957 64.558 -3.489 70.957 64.558 -3.918 71.233 64.558 -4.247 71.655 64.558 -4.322 72.027 64.558 -4.107 72.174 64.558 -3.704 71.944 63.532 -3.704 71.842 63.532 -3.422 71.583 63.532 -3.273 71.289 63.532 -3.325 71.096 63.532 -3.554 71.096 63.532 -3.853 71.289 63.532 -4.082 71.583 63.532 -4.134 71.842 63.532 -3.985 71.944 63.532 -3.704 71.738 62.507 -3.704 71.677 62.507 -3.536 71.523 62.507 -3.447 71.348 62.507 -3.478 71.233 62.507 -3.615 71.233 62.507 -3.793 71.348 62.507 -3.929 71.523 62.507 -3.96 71.677 62.507 -3.871 71.738 62.507 -3.704 71.599 61.481 -3.704 71.568 61.481 -3.617 71.488 61.481 -3.57 71.396 61.481 -3.586 71.337 61.481 -3.657 71.337 61.481 -3.75 71.396 61.481 -3.821 71.488 61.481 -3.837 71.568 61.481 -3.79 71.599 61.481 -3.704 71.523 60.456 -3.704 71.51 60.456 -3.668 71.477 60.456 -3.649 71.44 60.456 -3.656 71.416 60.456 -3.685 71.416 60.456 -3.722 71.44 60.456 -3.751 71.477 60.456 -3.758 71.51 60.456 -3.739 71.523 60.456 -3.704 71.509 59.43 -3.704 71.504 59.43 -3.691 71.492 59.43 -3.684 71.479 59.43 -3.686 71.47 59.43 -3.697 71.47 59.43 -3.71 71.479 59.43 -3.721 71.492 59.43 -3.723 71.504 59.43 -3.716 71.509 59.43 -3.704"/></IndexedFaceSet></Shape><Shape><Appearance><Material diffuseColor="0.62 0.58 0.5" specularColor="0.35 0.34 0.3" shininess="0.55" ambientIntensity="0.22"/></Appearance><IndexedFaceSet solid="true" creaseAngle="1.0" coordIndex="0 1 11 10 -1 1 2 12 11 -1 2 3 13 12 -1 3 4 14 13 -1 4 5 15 14 -1 5 6 16 15 -1 6 7 17 16 -1 7 8 18 17 -1 8 9 19 18 -1 10 11 21 20 -1 11 12 22 21 -1 12 13 23 22 -1 13 14 24 23 -1 14 15 25 24 -1 15 16 26 25 -1 16 17 27 26 -1 17 18 28 27 -1 18 19 29 28 -1 20 21 31 30 -1 21 22 32 31 -1 22 23 33 32 -1 23 24 34 33 -1 24 25 35 34 -1 25 26 36 35 -1 26 27 37 36 -1 27 28 38 37 -1 28 29 39 38 -1 30 31 41 40 -1 31 32 42 41 -1 32 33 43 42 -1 33 34 44 43 -1 34 35 45 44 -1 35 36 46 45 -1 36 37 47 46 -1 37 38 48 47 -1 38 39 49 48 -1 40 41 51 50 -1 41 42 52 51 -1 42 43 53 52 -1 43 44 54 53 -1 44 45 55 54 -1 45 46 56 55 -1 46 47 57 56 -1 47 48 58 57 -1 48 49 59 58 -1 50 51 61 60 -1 51 52 62 61 -1 52 53 63 62 -1 53 54 64 63 -1 54 55 65 64 -1 55 56 66 65 -1 56 57 67 66 -1 57 58 68 67 -1 58 59 69 68 -1 60 61 71 70 -1 61 62 72 71 -1 62 63 73 72 -1 63 64 74 73 -1 64 65 75 74 -1 65 66 76 75 -1 66 67 77 76 -1 67 68 78 77 -1 68 69 79 78 -1"><Coordinate point="78.306 61.626 -4.157 78.082 61.626 -3.541 77.514 61.626 -3.213 76.868 61.626 -3.327 76.447 61.626 -3.829 76.447 61.626 -4.485 76.868 61.626 -4.987 77.514 61.626 -5.101 78.082 61.626 -4.773 78.306 61.626 -4.157 78.216 61.206 -4.157 78.007 61.206 -3.584 77.48 61.206 -3.279 76.879 61.206 -3.385 76.487 61.206 -3.852 76.487 61.206 -4.462 76.879 61.206 -4.929 77.48 61.206 -5.035 78.007 61.206 -4.73 78.216 61.206 -4.157 78.015 60.787 -4.157 77.845 60.787 -3.688 77.413 60.787 -3.439 76.922 60.787 -3.526 76.601 60.787 -3.908 76.601 60.787 -4.406 76.922 60.787 -4.788 77.413 60.787 -4.875 77.845 60.787 -4.626 78.015 60.787 -4.157 77.747 60.367 -4.157 77.628 60.367 -3.83 77.327 60.367 -3.657 76.985 60.367 -3.717 76.761 60.367 -3.983 76.761 60.367 -4.331 76.985 60.367 -4.597 77.327 60.367 -4.657 77.628 60.367 -4.484 77.747 60.367 -4.157 77.493 59.947 -4.157 77.422 59.947 -3.963 77.243 59.947 -3.859 77.039 59.947 -3.895 76.906 59.947 -4.054 76.906 59.947 -4.26 77.039 59.947 -4.419 77.243 59.947 -4.455 77.422 59.947 -4.351 77.493 59.947 -4.157 77.308 59.528 -4.157 77.271 59.528 -4.056 77.178 59.528 -4.002 77.072 59.528 -4.021 77.003 59.528 -4.103 77.003 59.528 -4.211 77.072 59.528 -4.293 77.178 59.528 -4.312 77.271 59.528 -4.258 77.308 59.528 -4.157 77.191 59.108 -4.157 77.176 59.108 -4.116 77.138 59.108 -4.094 77.095 59.108 -4.102 77.067 59.108 -4.135 77.067 59.108 -4.179 77.095 59.108 -4.212 77.138 59.108 -4.22 77.176 59.108 -4.198 77.191 59.108 -4.157 77.142 58.688 -4.157 77.138 58.688 -4.144 77.126 58.688 -4.137 77.112 58.688 -4.14 77.104 58.688 -4.15 77.104 58.688 -4.164 77.112 58.688 -4.174 77.126 58.688 -4.177 77.138 58.688 -4.17 77.142 58.688 -4.157"/></IndexedFaceSet></Shape><Shape><Appearance><Material diffuseColor="0.62 0.58 0.5" specularColor="0.35 0.34 0.3" shininess="0.55" ambientIntensity="0.22"/></Appearance><IndexedFaceSet solid="true" creaseAngle="1.0" coordIndex="0 1 11 10 -1 1 2 12 11 -1 2 3 13 12 -1 3 4 14 13 -1 4 5 15 14 -1 5 6 16 15 -1 6 7 17 16 -1 7 8 18 17 -1 8 9 19 18 -1 10 11 21 20 -1 11 12 22 21 -1 12 13 23 22 -1 13 14 24 23 -1 14 15 25 24 -1 15 16 26 25 -1 16 17 27 26 -1 17 18 28 27 -1 18 19 29 28 -1 20 21 31 30 -1 21 22 32 31 -1 22 23 33 32 -1 23 24 34 33 -1 24 25 35 34 -1 25 26 36 35 -1 26 27 37 36 -1 27 28 38 37 -1 28 29 39 38 -1 30 31 41 40 -1 31 32 42 41 -1 32 33 43 42 -1 33 34 44 43 -1 34 35 45 44 -1 35 36 46 45 -1 36 37 47 46 -1 37 38 48 47 -1 38 39 49 48 -1 40 41 51 50 -1 41 42 52 51 -1 42 43 53 52 -1 43 44 54 53 -1 44 45 55 54 -1 45 46 56 55 -1 46 47 57 56 -1 47 48 58 57 -1 48 49 59 58 -1 50 51 61 60 -1 51 52 62 61 -1 52 53 63 62 -1 53 54 64 63 -1 54 55 65 64 -1 55 56 66 65 -1 56 57 67 66 -1 57 58 68 67 -1 58 59 69 68 -1 60 61 71 70 -1 61 62 72 71 -1 62 63 73 72 -1 63 64 74 73 -1 64 65 75 74 -1 65 66 76 75 -1 66 67 77 76 -1 67 68 78 77 -1 68 69 79 78 -1"><Coordinate point="83.213 50.118 -6.98 82.932 50.118 -6.211 82.223 50.118 -5.801 81.416 50.118 -5.943 80.89 50.118 -6.571 80.89 50.118 -7.39 81.416 50.118 -8.017 82.223 50.118 -8.16 82.932 50.118 -7.75 83.213 50.118 -6.98 83.182 49.136 -6.98 82.921 49.136 -6.265 82.262 49.136 -5.884 81.512 49.136 -6.016 81.022 49.136 -6.6 81.022 49.136 -7.361 81.512 49.136 -7.945 82.262 49.136 -8.077 82.921 49.136 -7.696 83.182 49.136 -6.98 83.016 48.154 -6.98 82.803 48.154 -6.395 82.263 48.154 -6.083 81.649 48.154 -6.191 81.249 48.154 -6.669 81.249 48.154 -7.292 81.649 48.154 -7.769 82.263 48.154 -7.877 82.803 48.154 -7.566 83.016 48.154 -6.98 82.752 47.172 -6.98 82.604 47.172 -6.572 82.228 47.172 -6.355 81.8 47.172 -6.431 81.521 47.172 -6.763 81.521 47.172 -7.197 81.8 47.172 -7.53 82.228 47.172 -7.605 82.604 47.172 -7.388 82.752 47.172 -6.98 82.482 46.19 -6.98 82.393 46.19 -6.738 82.17 46.19 -6.608 81.915 46.19 -6.653 81.749 46.19 -6.851 81.749 46.19 -7.11 81.915 46.19 -7.307 82.17 46.19 -7.352 82.393 46.19 -7.223 82.482 46.19 -6.98 82.263 45.208 -6.98 82.217 45.208 -6.854 82.101 45.208 -6.787 81.969 45.208 -6.81 81.882 45.208 -6.913 81.882 45.208 -7.047 81.969 45.208 -7.15 82.101 45.208 -7.174 82.217 45.208 -7.107 82.263 45.208 -6.98 82.093 44.226 -6.98 82.074 44.226 -6.929 82.027 44.226 -6.902 81.973 44.226 -6.911 81.938 44.226 -6.953 81.938 44.226 -7.008 81.973 44.226 -7.049 82.027 44.226 -7.059 82.074 44.226 -7.032 82.093 44.226 -6.98 81.972 43.244 -6.98 81.967 43.244 -6.967 81.956 43.244 -6.961 81.942 43.244 -6.963 81.933 43.244 -6.973 81.933 43.244 -6.987 81.942 43.244 -6.998 81.956 43.244 -7 81.967 43.244 -6.993 81.972 43.244 -6.98"/></IndexedFaceSet></Shape><Shape><Appearance><Material diffuseColor="0.62 0.58 0.5" specularColor="0.35 0.34 0.3" shininess="0.55" ambientIntensity="0.22"/></Appearance><IndexedFaceSet solid="true" creaseAngle="1.0" coordIndex="0 1 11 10 -1 1 2 12 11 -1 2 3 13 12 -1 3 4 14 13 -1 4 5 15 14 -1 5 6 16 15 -1 6 7 17 16 -1 7 8 18 17 -1 8 9 19 18 -1 10 11 21 20 -1 11 12 22 21 -1 12 13 23 22 -1 13 14 24 23 -1 14 15 25 24 -1 15 16 26 25 -1 16 17 27 26 -1 17 18 28 27 -1 18 19 29 28 -1 20 21 31 30 -1 21 22 32 31 -1 22 23 33 32 -1 23 24 34 33 -1 24 25 35 34 -1 25 26 36 35 -1 26 27 37 36 -1 27 28 38 37 -1 28 29 39 38 -1 30 31 41 40 -1 31 32 42 41 -1 32 33 43 42 -1 33 34 44 43 -1 34 35 45 44 -1 35 36 46 45 -1 36 37 47 46 -1 37 38 48 47 -1 38 39 49 48 -1 40 41 51 50 -1 41 42 52 51 -1 42 43 53 52 -1 43 44 54 53 -1 44 45 55 54 -1 45 46 56 55 -1 46 47 57 56 -1 47 48 58 57 -1 48 49 59 58 -1 50 51 61 60 -1 51 52 62 61 -1 52 53 63 62 -1 53 54 64 63 -1 54 55 65 64 -1 55 56 66 65 -1 56 57 67 66 -1 57 58 68 67 -1 58 59 69 68 -1 60 61 71 70 -1 61 62 72 71 -1 62 63 73 72 -1 63 64 74 73 -1 64 65 75 74 -1 65 66 76 75 -1 66 67 77 76 -1 67 68 78 77 -1 68 69 79 78 -1"><Coordinate point="89.984 44.215 -5.451 89.828 44.215 -5.023 89.433 44.215 -4.795 88.985 44.215 -4.874 88.692 44.215 -5.223 88.692 44.215 -5.679 88.985 44.215 -6.027 89.433 44.215 -6.106 89.828 44.215 -5.879 89.984 44.215 -5.451 89.94 43.826 -5.451 89.795 43.826 -5.053 89.428 43.826 -4.841 89.011 43.826 -4.915 88.739 43.826 -5.239 88.739 43.826 -5.663 89.011 43.826 -5.987 89.428 43.826 -6.06 89.795 43.826 -5.849 89.94 43.826 -5.451 89.815 43.437 -5.451 89.697 43.437 -5.125 89.397 43.437 -4.952 89.056 43.437 -5.012 88.833 43.437 -5.278 88.833 43.437 -5.624 89.056 43.437 -5.889 89.397 43.437 -5.95 89.697 43.437 -5.776 89.815 43.437 -5.451 89.638 43.049 -5.451 89.555 43.049 -5.224 89.346 43.049 -5.103 89.109 43.049 -5.145 88.954 43.049 -5.33 88.954 43.049 -5.572 89.109 43.049 -5.756 89.346 43.049 -5.798 89.555 43.049 -5.678 89.638 43.049 -5.451 89.463 42.66 -5.451 89.414 42.66 -5.316 89.29 42.66 -5.244 89.148 42.66 -5.269 89.056 42.66 -5.379 89.056 42.66 -5.523 89.148 42.66 -5.633 89.29 42.66 -5.658 89.414 42.66 -5.586 89.463 42.66 -5.451 89.329 42.271 -5.451 89.303 42.271 -5.381 89.238 42.271 -5.343 89.165 42.271 -5.356 89.117 42.271 -5.414 89.117 42.271 -5.488 89.165 42.271 -5.545 89.238 42.271 -5.558 89.303 42.271 -5.521 89.329 42.271 -5.451 89.234 41.882 -5.451 89.224 41.882 -5.422 89.197 41.882 -5.407 89.167 41.882 -5.412 89.148 41.882 -5.436 89.148 41.882 -5.466 89.167 41.882 -5.489 89.197 41.882 -5.495 89.224 41.882 -5.479 89.234 41.882 -5.451 89.189 41.494 -5.451 89.184 41.494 -5.438 89.172 41.494 -5.431 89.159 41.494 -5.434 89.15 41.494 -5.444 89.15 41.494 -5.458 89.159 41.494 -5.468 89.172 41.494 -5.471 89.184 41.494 -5.464 89.189 41.494 -5.451"/></IndexedFaceSet></Shape><Shape><Appearance><Material diffuseColor="0.62 0.58 0.5" specularColor="0.35 0.34 0.3" shininess="0.55" ambientIntensity="0.22"/></Appearance><IndexedFaceSet solid="true" creaseAngle="1.0" coordIndex="0 1 11 10 -1 1 2 12 11 -1 2 3 13 12 -1 3 4 14 13 -1 4 5 15 14 -1 5 6 16 15 -1 6 7 17 16 -1 7 8 18 17 -1 8 9 19 18 -1 10 11 21 20 -1 11 12 22 21 -1 12 13 23 22 -1 13 14 24 23 -1 14 15 25 24 -1 15 16 26 25 -1 16 17 27 26 -1 17 18 28 27 -1 18 19 29 28 -1 20 21 31 30 -1 21 22 32 31 -1 22 23 33 32 -1 23 24 34 33 -1 24 25 35 34 -1 25 26 36 35 -1 26 27 37 36 -1 27 28 38 37 -1 28 29 39 38 -1 30 31 41 40 -1 31 32 42 41 -1 32 33 43 42 -1 33 34 44 43 -1 34 35 45 44 -1 35 36 46 45 -1 36 37 47 46 -1 37 38 48 47 -1 38 39 49 48 -1 40 41 51 50 -1 41 42 52 51 -1 42 43 53 52 -1 43 44 54 53 -1 44 45 55 54 -1 45 46 56 55 -1 46 47 57 56 -1 47 48 58 57 -1 48 49 59 58 -1 50 51 61 60 -1 51 52 62 61 -1 52 53 63 62 -1 53 54 64 63 -1 54 55 65 64 -1 55 56 66 65 -1 56 57 67 66 -1 57 58 68 67 -1 58 59 69 68 -1 60 61 71 70 -1 61 62 72 71 -1 62 63 73 72 -1 63 64 74 73 -1 64 65 75 74 -1 65 66 76 75 -1 66 67 77 76 -1 67 68 78 77 -1 68 69 79 78 -1"><Coordinate point="94.247 44.484 -2.402 94.025 44.484 -1.791 93.462 44.484 -1.466 92.821 44.484 -1.579 92.403 44.484 -2.077 92.403 44.484 -2.727 92.821 44.484 -3.225 93.462 44.484 -3.338 94.025 44.484 -3.013 94.247 44.484 -2.402 94.219 44.191 -2.402 94.012 44.191 -1.834 93.489 44.191 -1.531 92.893 44.191 -1.636 92.504 44.191 -2.1 92.504 44.191 -2.704 92.893 44.191 -3.168 93.489 44.191 -3.273 94.012 44.191 -2.97 94.219 44.191 -2.402 94.106 43.898 -2.402 93.937 43.898 -1.937 93.508 43.898 -1.69 93.021 43.898 -1.776 92.703 43.898 -2.155 92.703 43.898 -2.649 93.021 43.898 -3.028 93.508 43.898 -3.114 93.937 43.898 -2.867 94.106 43.898 -2.402 93.934 43.606 -2.402 93.816 43.606 -2.078 93.517 43.606 -1.906 93.178 43.606 -1.966 92.956 43.606 -2.23 92.956 43.606 -2.574 93.178 43.606 -2.838 93.517 43.606 -2.898 93.816 43.606 -2.726 93.934 43.606 -2.402 93.769 43.313 -2.402 93.699 43.313 -2.209 93.521 43.313 -2.107 93.319 43.313 -2.142 93.187 43.313 -2.299 93.187 43.313 -2.505 93.319 43.313 -2.662 93.521 43.313 -2.697 93.699 43.313 -2.595 93.769 43.313 -2.402 93.649 43.021 -2.402 93.612 43.021 -2.302 93.52 43.021 -2.248 93.415 43.021 -2.267 93.346 43.021 -2.349 93.346 43.021 -2.455 93.415 43.021 -2.537 93.52 43.021 -2.556 93.612 43.021 -2.502 93.649 43.021 -2.402 93.56 42.728 -2.402 93.545 42.728 -2.361 93.507 42.728 -2.34 93.465 42.728 -2.347 93.437 42.728 -2.38 93.437 42.728 -2.424 93.465 42.728 -2.457 93.507 42.728 -2.464 93.545 42.728 -2.443 93.56 42.728 -2.402 93.5 42.436 -2.402 93.495 42.436 -2.389 93.483 42.436 -2.382 93.47 42.436 -2.385 93.461 42.436 -2.395 93.461 42.436 -2.409 93.47 42.436 -2.419 93.483 42.436 -2.422 93.495 42.436 -2.415 93.5 42.436 -2.402"/></IndexedFaceSet></Shape><Shape><Appearance><Material diffuseColor="0.62 0.58 0.5" specularColor="0.35 0.34 0.3" shininess="0.55" ambientIntensity="0.22"/></Appearance><IndexedFaceSet solid="true" creaseAngle="1.0" coordIndex="0 1 11 10 -1 1 2 12 11 -1 2 3 13 12 -1 3 4 14 13 -1 4 5 15 14 -1 5 6 16 15 -1 6 7 17 16 -1 7 8 18 17 -1 8 9 19 18 -1 10 11 21 20 -1 11 12 22 21 -1 12 13 23 22 -1 13 14 24 23 -1 14 15 25 24 -1 15 16 26 25 -1 16 17 27 26 -1 17 18 28 27 -1 18 19 29 28 -1 20 21 31 30 -1 21 22 32 31 -1 22 23 33 32 -1 23 24 34 33 -1 24 25 35 34 -1 25 26 36 35 -1 26 27 37 36 -1 27 28 38 37 -1 28 29 39 38 -1 30 31 41 40 -1 31 32 42 41 -1 32 33 43 42 -1 33 34 44 43 -1 34 35 45 44 -1 35 36 46 45 -1 36 37 47 46 -1 37 38 48 47 -1 38 39 49 48 -1 40 41 51 50 -1 41 42 52 51 -1 42 43 53 52 -1 43 44 54 53 -1 44 45 55 54 -1 45 46 56 55 -1 46 47 57 56 -1 47 48 58 57 -1 48 49 59 58 -1 50 51 61 60 -1 51 52 62 61 -1 52 53 63 62 -1 53 54 64 63 -1 54 55 65 64 -1 55 56 66 65 -1 56 57 67 66 -1 57 58 68 67 -1 58 59 69 68 -1 60 61 71 70 -1 61 62 72 71 -1 62 63 73 72 -1 63 64 74 73 -1 64 65 75 74 -1 65 66 76 75 -1 66 67 77 76 -1 67 68 78 77 -1 68 69 79 78 -1"><Coordinate point="101.223 25.039 -4.028 101.063 25.039 -3.587 100.656 25.039 -3.352 100.194 25.039 -3.434 99.892 25.039 -3.793 99.892 25.039 -4.263 100.194 25.039 -4.622 100.656 25.039 -4.704 101.063 25.039 -4.469 101.223 25.039 -4.028 101.209 23.85 -4.028 101.06 23.85 -3.618 100.682 23.85 -3.4 100.252 23.85 -3.476 99.972 23.85 -3.81 99.972 23.85 -4.246 100.252 23.85 -4.581 100.682 23.85 -4.656 101.06 23.85 -4.438 101.209 23.85 -4.028 101.121 22.661 -4.028 100.999 22.661 -3.693 100.69 22.661 -3.514 100.338 22.661 -3.576 100.109 22.661 -3.85 100.109 22.661 -4.207 100.338 22.661 -4.48 100.69 22.661 -4.542 100.999 22.661 -4.364 101.121 22.661 -4.028 100.98 21.472 -4.028 100.894 21.472 -3.794 100.679 21.472 -3.67 100.434 21.472 -3.713 100.274 21.472 -3.904 100.274 21.472 -4.153 100.434 21.472 -4.343 100.679 21.472 -4.386 100.894 21.472 -4.262 100.98 21.472 -4.028 100.835 20.283 -4.028 100.784 20.283 -3.889 100.656 20.283 -3.815 100.51 20.283 -3.841 100.415 20.283 -3.954 100.415 20.283 -4.102 100.51 20.283 -4.216 100.656 20.283 -4.241 100.784 20.283 -4.167 100.835 20.283 -4.028 100.718 19.094 -4.028 100.692 19.094 -3.956 100.625 19.094 -3.917 100.549 19.094 -3.931 100.5 19.094 -3.99 100.5 19.094 -4.067 100.549 19.094 -4.126 100.625 19.094 -4.139 100.692 19.094 -4.101 100.718 19.094 -4.028 100.626 17.905 -4.028 100.616 17.905 -3.999 100.589 17.905 -3.983 100.558 17.905 -3.989 100.538 17.905 -4.013 100.538 17.905 -4.044 100.558 17.905 -4.068 100.589 17.905 -4.073 100.616 17.905 -4.058 100.626 17.905 -4.028 100.568 16.716 -4.028 100.563 16.716 -4.015 100.551 16.716 -4.008 100.538 16.716 -4.011 100.529 16.716 -4.021 100.529 16.716 -4.035 100.538 16.716 -4.045 100.551 16.716 -4.048 100.563 16.716 -4.041 100.568 16.716 -4.028"/></IndexedFaceSet></Shape><Shape><Appearance><Material diffuseColor="0.62 0.58 0.5" specularColor="0.35 0.34 0.3" shininess="0.55" ambientIntensity="0.22"/></Appearance><IndexedFaceSet solid="true" creaseAngle="1.0" coordIndex="0 1 11 10 -1 1 2 12 11 -1 2 3 13 12 -1 3 4 14 13 -1 4 5 15 14 -1 5 6 16 15 -1 6 7 17 16 -1 7 8 18 17 -1 8 9 19 18 -1 10 11 21 20 -1 11 12 22 21 -1 12 13 23 22 -1 13 14 24 23 -1 14 15 25 24 -1 15 16 26 25 -1 16 17 27 26 -1 17 18 28 27 -1 18 19 29 28 -1 20 21 31 30 -1 21 22 32 31 -1 22 23 33 32 -1 23 24 34 33 -1 24 25 35 34 -1 25 26 36 35 -1 26 27 37 36 -1 27 28 38 37 -1 28 29 39 38 -1 30 31 41 40 -1 31 32 42 41 -1 32 33 43 42 -1 33 34 44 43 -1 34 35 45 44 -1 35 36 46 45 -1 36 37 47 46 -1 37 38 48 47 -1 38 39 49 48 -1 40 41 51 50 -1 41 42 52 51 -1 42 43 53 52 -1 43 44 54 53 -1 44 45 55 54 -1 45 46 56 55 -1 46 47 57 56 -1 47 48 58 57 -1 48 49 59 58 -1 50 51 61 60 -1 51 52 62 61 -1 52 53 63 62 -1 53 54 64 63 -1 54 55 65 64 -1 55 56 66 65 -1 56 57 67 66 -1 57 58 68 67 -1 58 59 69 68 -1 60 61 71 70 -1 61 62 72 71 -1 62 63 73 72 -1 63 64 74 73 -1 64 65 75 74 -1 65 66 76 75 -1 66 67 77 76 -1 67 68 78 77 -1 68 69 79 78 -1"><Coordinate point="28.939 12.403 -6.345 28.663 12.403 -5.587 27.965 12.403 -5.185 27.172 12.403 -5.324 26.654 12.403 -5.942 26.654 12.403 -6.747 27.172 12.403 -7.365 27.965 12.403 -7.504 28.663 12.403 -7.102 28.939 12.403 -6.345 28.8 12.687 -6.345 28.544 12.687 -5.641 27.895 12.687 -5.266 27.157 12.687 -5.396 26.676 12.687 -5.97 26.676 12.687 -6.719 27.157 12.687 -7.293 27.895 12.687 -7.423 28.544 12.687 -7.048 28.8 12.687 -6.345 28.541 12.971 -6.345 28.331 12.971 -5.769 27.8 12.971 -5.462 27.197 12.971 -5.569 26.803 12.971 -6.038 26.803 12.971 -6.651 27.197 12.971 -7.121 27.8 12.971 -7.227 28.331 12.971 -6.92 28.541 12.971 -6.345 28.216 13.256 -6.345 28.07 13.256 -5.943 27.7 13.256 -5.73 27.279 13.256 -5.804 27.005 13.256 -6.131 27.005 13.256 -6.558 27.279 13.256 -6.885 27.7 13.256 -6.959 28.07 13.256 -6.746 28.216 13.256 -6.345 27.926 13.54 -6.345 27.839 13.54 -6.106 27.619 13.54 -5.979 27.369 13.54 -6.023 27.205 13.54 -6.217 27.205 13.54 -6.472 27.369 13.54 -6.666 27.619 13.54 -6.71 27.839 13.54 -6.583 27.926 13.54 -6.345 27.734 13.824 -6.345 27.688 13.824 -6.22 27.574 13.824 -6.154 27.444 13.824 -6.177 27.359 13.824 -6.278 27.359 13.824 -6.411 27.444 13.824 -6.512 27.574 13.824 -6.535 27.688 13.824 -6.469 27.734 13.824 -6.345 27.631 14.109 -6.345 27.612 14.109 -6.294 27.566 14.109 -6.267 27.513 14.109 -6.277 27.478 14.109 -6.318 27.478 14.109 -6.371 27.513 14.109 -6.413 27.566 14.109 -6.422 27.612 14.109 -6.395 27.631 14.109 -6.345 27.607 14.393 -6.345 27.602 14.393 -6.332 27.591 14.393 -6.325 27.577 14.393 -6.327 27.568 14.393 -6.338 27.568 14.393 -6.351 27.577 14.393 -6.362 27.591 14.393 -6.364 27.602 14.393 -6.357 27.607 14.393 -6.345"/></IndexedFaceSet></Shape><Shape><Appearance><Material diffuseColor="0.62 0.58 0.5" specularColor="0.35 0.34 0.3" shininess="0.55" ambientIntensity="0.22"/></Appearance><IndexedFaceSet solid="true" creaseAngle="1.0" coordIndex="0 1 11 10 -1 1 2 12 11 -1 2 3 13 12 -1 3 4 14 13 -1 4 5 15 14 -1 5 6 16 15 -1 6 7 17 16 -1 7 8 18 17 -1 8 9 19 18 -1 10 11 21 20 -1 11 12 22 21 -1 12 13 23 22 -1 13 14 24 23 -1 14 15 25 24 -1 15 16 26 25 -1 16 17 27 26 -1 17 18 28 27 -1 18 19 29 28 -1 20 21 31 30 -1 21 22 32 31 -1 22 23 33 32 -1 23 24 34 33 -1 24 25 35 34 -1 25 26 36 35 -1 26 27 37 36 -1 27 28 38 37 -1 28 29 39 38 -1 30 31 41 40 -1 31 32 42 41 -1 32 33 43 42 -1 33 34 44 43 -1 34 35 45 44 -1 35 36 46 45 -1 36 37 47 46 -1 37 38 48 47 -1 38 39 49 48 -1 40 41 51 50 -1 41 42 52 51 -1 42 43 53 52 -1 43 44 54 53 -1 44 45 55 54 -1 45 46 56 55 -1 46 47 57 56 -1 47 48 58 57 -1 48 49 59 58 -1 50 51 61 60 -1 51 52 62 61 -1 52 53 63 62 -1 53 54 64 63 -1 54 55 65 64 -1 55 56 66 65 -1 56 57 67 66 -1 57 58 68 67 -1 58 59 69 68 -1 60 61 71 70 -1 61 62 72 71 -1 62 63 73 72 -1 63 64 74 73 -1 64 65 75 74 -1 65 66 76 75 -1 66 67 77 76 -1 67 68 78 77 -1 68 69 79 78 -1"><Coordinate point="18.655 10.372 -1.05 18.4 10.372 -0.349 17.753 10.372 0.025 17.018 10.372 -0.105 16.538 10.372 -0.677 16.538 10.372 -1.424 17.018 10.372 -1.996 17.753 10.372 -2.125 18.4 10.372 -1.752 18.655 10.372 -1.05 18.611 10.664 -1.05 18.373 10.664 -0.398 17.772 10.664 -0.051 17.088 10.664 -0.171 16.642 10.664 -0.703 16.642 10.664 -1.397 17.088 10.664 -1.929 17.772 10.664 -2.05 18.373 10.664 -1.703 18.611 10.664 -1.05 18.474 10.956 -1.05 18.28 10.956 -0.517 17.788 10.956 -0.233 17.229 10.956 -0.331 16.864 10.956 -0.766 16.864 10.956 -1.334 17.229 10.956 -1.769 17.788 10.956 -1.868 18.28 10.956 -1.584 18.474 10.956 -1.05 18.278 11.248 -1.05 18.143 11.248 -0.678 17.8 11.248 -0.48 17.41 11.248 -0.549 17.156 11.248 -0.852 17.156 11.248 -1.248 17.41 11.248 -1.551 17.8 11.248 -1.62 18.143 11.248 -1.422 18.278 11.248 -1.05 18.096 11.54 -1.05 18.016 11.54 -0.829 17.812 11.54 -0.711 17.58 11.54 -0.752 17.428 11.54 -0.933 17.428 11.54 -1.168 17.58 11.54 -1.349 17.812 11.54 -1.389 18.016 11.54 -1.272 18.096 11.54 -1.05 17.971 11.832 -1.05 17.929 11.832 -0.935 17.823 11.832 -0.874 17.703 11.832 -0.895 17.624 11.832 -0.989 17.624 11.832 -1.112 17.703 11.832 -1.205 17.823 11.832 -1.227 17.929 11.832 -1.165 17.971 11.832 -1.05 17.886 12.124 -1.05 17.869 12.124 -1.004 17.826 12.124 -0.979 17.777 12.124 -0.987 17.745 12.124 -1.025 17.745 12.124 -1.075 17.777 12.124 -1.113 17.826 12.124 -1.122 17.869 12.124 -1.097 17.886 12.124 -1.05 17.83 12.416 -1.05 17.826 12.416 -1.037 17.814 12.416 -1.031 17.8 12.416 -1.033 17.791 12.416 -1.043 17.791 12.416 -1.057 17.8 12.416 -1.068 17.814 12.416 -1.07 17.826 12.416 -1.063 17.83 12.416 -1.05"/></IndexedFaceSet></Shape><Shape><Appearance><Material diffuseColor="0.62 0.58 0.5" specularColor="0.35 0.34 0.3" shininess="0.55" ambientIntensity="0.22"/></Appearance><IndexedFaceSet solid="true" creaseAngle="1.0" coordIndex="0 1 11 10 -1 1 2 12 11 -1 2 3 13 12 -1 3 4 14 13 -1 4 5 15 14 -1 5 6 16 15 -1 6 7 17 16 -1 7 8 18 17 -1 8 9 19 18 -1 10 11 21 20 -1 11 12 22 21 -1 12 13 23 22 -1 13 14 24 23 -1 14 15 25 24 -1 15 16 26 25 -1 16 17 27 26 -1 17 18 28 27 -1 18 19 29 28 -1 20 21 31 30 -1 21 22 32 31 -1 22 23 33 32 -1 23 24 34 33 -1 24 25 35 34 -1 25 26 36 35 -1 26 27 37 36 -1 27 28 38 37 -1 28 29 39 38 -1 30 31 41 40 -1 31 32 42 41 -1 32 33 43 42 -1 33 34 44 43 -1 34 35 45 44 -1 35 36 46 45 -1 36 37 47 46 -1 37 38 48 47 -1 38 39 49 48 -1 40 41 51 50 -1 41 42 52 51 -1 42 43 53 52 -1 43 44 54 53 -1 44 45 55 54 -1 45 46 56 55 -1 46 47 57 56 -1 47 48 58 57 -1 48 49 59 58 -1 50 51 61 60 -1 51 52 62 61 -1 52 53 63 62 -1 53 54 64 63 -1 54 55 65 64 -1 55 56 66 65 -1 56 57 67 66 -1 57 58 68 67 -1 58 59 69 68 -1 60 61 71 70 -1 61 62 72 71 -1 62 63 73 72 -1 63 64 74 73 -1 64 65 75 74 -1 65 66 76 75 -1 66 67 77 76 -1 67 68 78 77 -1 68 69 79 78 -1"><Coordinate point="24.275 12.309 -6.467 24.106 12.309 -6.004 23.68 12.309 -5.758 23.195 12.309 -5.844 22.878 12.309 -6.221 22.878 12.309 -6.713 23.195 12.309 -7.091 23.68 12.309 -7.176 24.106 12.309 -6.93 24.275 12.309 -6.467 24.235 12.808 -6.467 24.078 12.808 -6.037 23.681 12.808 -5.808 23.23 12.808 -5.887 22.936 12.808 -6.238 22.936 12.808 -6.696 23.23 12.808 -7.047 23.681 12.808 -7.126 24.078 12.808 -6.897 24.235 12.808 -6.467 24.137 13.306 -6.467 24.009 13.306 -6.115 23.685 13.306 -5.928 23.316 13.306 -5.993 23.075 13.306 -6.28 23.075 13.306 -6.654 23.316 13.306 -6.941 23.685 13.306 -7.007 24.009 13.306 -6.819 24.137 13.306 -6.467 24.005 13.804 -6.467 23.915 13.804 -6.222 23.689 13.804 -6.091 23.432 13.804 -6.137 23.264 13.804 -6.337 23.264 13.804 -6.598 23.432 13.804 -6.798 23.689 13.804 -6.843 23.915 13.804 -6.712 24.005 13.804 -6.467 23.887 14.302 -6.467 23.834 14.302 -6.321 23.699 14.302 -6.243 23.546 14.302 -6.27 23.446 14.302 -6.389 23.446 14.302 -6.545 23.546 14.302 -6.664 23.699 14.302 -6.691 23.834 14.302 -6.613 23.887 14.302 -6.467 23.811 14.8 -6.467 23.784 14.8 -6.391 23.714 14.8 -6.351 23.634 14.8 -6.365 23.582 14.8 -6.427 23.582 14.8 -6.508 23.634 14.8 -6.569 23.714 14.8 -6.583 23.784 14.8 -6.543 23.811 14.8 -6.467 23.765 15.299 -6.467 23.754 15.299 -6.436 23.725 15.299 -6.42 23.693 15.299 -6.426 23.672 15.299 -6.451 23.672 15.299 -6.484 23.693 15.299 -6.509 23.725 15.299 -6.514 23.754 15.299 -6.498 23.765 15.299 -6.467 23.747 15.797 -6.467 23.742 15.797 -6.454 23.73 15.797 -6.447 23.717 15.797 -6.45 23.708 15.797 -6.46 23.708 15.797 -6.474 23.717 15.797 -6.484 23.73 15.797 -6.487 23.742 15.797 -6.48 23.747 15.797 -6.467"/></IndexedFaceSet></Shape><Shape><Appearance><Material diffuseColor="0.62 0.58 0.5" specularColor="0.35 0.34 0.3" shininess="0.55" ambientIntensity="0.22"/></Appearance><IndexedFaceSet solid="true" creaseAngle="1.0" coordIndex="0 1 11 10 -1 1 2 12 11 -1 2 3 13 12 -1 3 4 14 13 -1 4 5 15 14 -1 5 6 16 15 -1 6 7 17 16 -1 7 8 18 17 -1 8 9 19 18 -1 10 11 21 20 -1 11 12 22 21 -1 12 13 23 22 -1 13 14 24 23 -1 14 15 25 24 -1 15 16 26 25 -1 16 17 27 26 -1 17 18 28 27 -1 18 19 29 28 -1 20 21 31 30 -1 21 22 32 31 -1 22 23 33 32 -1 23 24 34 33 -1 24 25 35 34 -1 25 26 36 35 -1 26 27 37 36 -1 27 28 38 37 -1 28 29 39 38 -1 30 31 41 40 -1 31 32 42 41 -1 32 33 43 42 -1 33 34 44 43 -1 34 35 45 44 -1 35 36 46 45 -1 36 37 47 46 -1 37 38 48 47 -1 38 39 49 48 -1 40 41 51 50 -1 41 42 52 51 -1 42 43 53 52 -1 43 44 54 53 -1 44 45 55 54 -1 45 46 56 55 -1 46 47 57 56 -1 47 48 58 57 -1 48 49 59 58 -1 50 51 61 60 -1 51 52 62 61 -1 52 53 63 62 -1 53 54 64 63 -1 54 55 65 64 -1 55 56 66 65 -1 56 57 67 66 -1 57 58 68 67 -1 58 59 69 68 -1 60 61 71 70 -1 61 62 72 71 -1 62 63 73 72 -1 63 64 74 73 -1 64 65 75 74 -1 65 66 76 75 -1 66 67 77 76 -1 67 68 78 77 -1 68 69 79 78 -1"><Coordinate point="18.625 10.293 -6.101 18.33 10.293 -5.29 17.583 10.293 -4.859 16.733 10.293 -5.009 16.179 10.293 -5.669 16.179 10.293 -6.532 16.733 10.293 -7.192 17.583 10.293 -7.342 18.33 10.293 -6.911 18.625 10.293 -6.101 18.564 11.078 -6.101 18.289 11.078 -5.347 17.595 11.078 -4.946 16.805 11.078 -5.085 16.29 11.078 -5.7 16.29 11.078 -6.501 16.805 11.078 -7.116 17.595 11.078 -7.255 18.289 11.078 -6.854 18.564 11.078 -6.101 18.4 11.864 -6.101 18.176 11.864 -5.484 17.607 11.864 -5.156 16.961 11.864 -5.27 16.54 11.864 -5.772 16.54 11.864 -6.429 16.961 11.864 -6.931 17.607 11.864 -7.045 18.176 11.864 -6.717 18.4 11.864 -6.101 18.171 12.649 -6.101 18.015 12.649 -5.671 17.619 12.649 -5.442 17.169 12.649 -5.522 16.875 12.649 -5.872 16.875 12.649 -6.329 17.169 12.649 -6.679 17.619 12.649 -6.759 18.015 12.649 -6.53 18.171 12.649 -6.101 17.964 13.434 -6.101 17.871 13.434 -5.845 17.636 13.434 -5.709 17.368 13.434 -5.756 17.193 13.434 -5.964 17.193 13.434 -6.237 17.368 13.434 -6.445 17.636 13.434 -6.492 17.871 13.434 -6.356 17.964 13.434 -6.101 17.827 14.22 -6.101 17.778 14.22 -5.968 17.656 14.22 -5.897 17.517 14.22 -5.921 17.426 14.22 -6.03 17.426 14.22 -6.171 17.517 14.22 -6.28 17.656 14.22 -6.304 17.778 14.22 -6.233 17.827 14.22 -6.101 17.738 15.005 -6.101 17.718 15.005 -6.047 17.668 15.005 -6.018 17.612 15.005 -6.028 17.575 15.005 -6.072 17.575 15.005 -6.129 17.612 15.005 -6.173 17.668 15.005 -6.183 17.718 15.005 -6.155 17.738 15.005 -6.101 17.682 15.79 -6.101 17.677 15.79 -6.088 17.665 15.79 -6.081 17.652 15.79 -6.083 17.643 15.79 -6.094 17.643 15.79 -6.107 17.652 15.79 -6.118 17.665 15.79 -6.12 17.677 15.79 -6.113 17.682 15.79 -6.101"/></IndexedFaceSet></Shape><Shape><Appearance><Material diffuseColor="0.62 0.58 0.5" specularColor="0.35 0.34 0.3" shininess="0.55" ambientIntensity="0.22"/></Appearance><IndexedFaceSet solid="true" creaseAngle="1.0" coordIndex="0 1 11 10 -1 1 2 12 11 -1 2 3 13 12 -1 3 4 14 13 -1 4 5 15 14 -1 5 6 16 15 -1 6 7 17 16 -1 7 8 18 17 -1 8 9 19 18 -1 10 11 21 20 -1 11 12 22 21 -1 12 13 23 22 -1 13 14 24 23 -1 14 15 25 24 -1 15 16 26 25 -1 16 17 27 26 -1 17 18 28 27 -1 18 19 29 28 -1 20 21 31 30 -1 21 22 32 31 -1 22 23 33 32 -1 23 24 34 33 -1 24 25 35 34 -1 25 26 36 35 -1 26 27 37 36 -1 27 28 38 37 -1 28 29 39 38 -1 30 31 41 40 -1 31 32 42 41 -1 32 33 43 42 -1 33 34 44 43 -1 34 35 45 44 -1 35 36 46 45 -1 36 37 47 46 -1 37 38 48 47 -1 38 39 49 48 -1 40 41 51 50 -1 41 42 52 51 -1 42 43 53 52 -1 43 44 54 53 -1 44 45 55 54 -1 45 46 56 55 -1 46 47 57 56 -1 47 48 58 57 -1 48 49 59 58 -1 50 51 61 60 -1 51 52 62 61 -1 52 53 63 62 -1 53 54 64 63 -1 54 55 65 64 -1 55 56 66 65 -1 56 57 67 66 -1 57 58 68 67 -1 58 59 69 68 -1 60 61 71 70 -1 61 62 72 71 -1 62 63 73 72 -1 63 64 74 73 -1 64 65 75 74 -1 65 66 76 75 -1 66 67 77 76 -1 67 68 78 77 -1 68 69 79 78 -1"><Coordinate point="37.204 9.229 -2.595 37.077 9.229 -2.245 36.755 9.229 -2.059 36.389 9.229 -2.124 36.15 9.229 -2.409 36.15 9.229 -2.781 36.389 9.229 -3.065 36.755 9.229 -3.13 37.077 9.229 -2.944 37.204 9.229 -2.595 37.186 9.725 -2.595 37.067 9.725 -2.27 36.768 9.725 -2.097 36.428 9.725 -2.157 36.205 9.725 -2.422 36.205 9.725 -2.768 36.428 9.725 -3.032 36.768 9.725 -3.092 37.067 9.725 -2.92 37.186 9.725 -2.595 37.12 10.221 -2.595 37.023 10.221 -2.329 36.778 10.221 -2.188 36.5 10.221 -2.237 36.318 10.221 -2.453 36.318 10.221 -2.736 36.5 10.221 -2.953 36.778 10.221 -3.002 37.023 10.221 -2.86 37.12 10.221 -2.595 37.022 10.716 -2.595 36.955 10.716 -2.41 36.784 10.716 -2.311 36.59 10.716 -2.345 36.463 10.716 -2.496 36.463 10.716 -2.693 36.59 10.716 -2.844 36.784 10.716 -2.878 36.955 10.716 -2.78 37.022 10.716 -2.595 36.93 11.212 -2.595 36.889 11.212 -2.485 36.788 11.212 -2.426 36.672 11.212 -2.446 36.597 11.212 -2.536 36.597 11.212 -2.653 36.672 11.212 -2.743 36.788 11.212 -2.764 36.889 11.212 -2.705 36.93 11.212 -2.595 36.864 11.708 -2.595 36.843 11.708 -2.537 36.79 11.708 -2.507 36.73 11.708 -2.517 36.691 11.708 -2.564 36.691 11.708 -2.625 36.73 11.708 -2.672 36.79 11.708 -2.683 36.843 11.708 -2.652 36.864 11.708 -2.595 36.816 12.203 -2.595 36.808 12.203 -2.571 36.786 12.203 -2.559 36.762 12.203 -2.563 36.746 12.203 -2.582 36.746 12.203 -2.607 36.762 12.203 -2.626 36.786 12.203 -2.63 36.808 12.203 -2.618 36.816 12.203 -2.595 36.794 12.699 -2.595 36.789 12.699 -2.582 36.777 12.699 -2.575 36.764 12.699 -2.577 36.755 12.699 -2.588 36.755 12.699 -2.602 36.764 12.699 -2.612 36.777 12.699 -2.614 36.789 12.699 -2.608 36.794 12.699 -2.595"/></IndexedFaceSet></Shape><Shape><Appearance><Material diffuseColor="0.62 0.58 0.5" specularColor="0.35 0.34 0.3" shininess="0.55" ambientIntensity="0.22"/></Appearance><IndexedFaceSet solid="true" creaseAngle="1.0" coordIndex="0 1 11 10 -1 1 2 12 11 -1 2 3 13 12 -1 3 4 14 13 -1 4 5 15 14 -1 5 6 16 15 -1 6 7 17 16 -1 7 8 18 17 -1 8 9 19 18 -1 10 11 21 20 -1 11 12 22 21 -1 12 13 23 22 -1 13 14 24 23 -1 14 15 25 24 -1 15 16 26 25 -1 16 17 27 26 -1 17 18 28 27 -1 18 19 29 28 -1 20 21 31 30 -1 21 22 32 31 -1 22 23 33 32 -1 23 24 34 33 -1 24 25 35 34 -1 25 26 36 35 -1 26 27 37 36 -1 27 28 38 37 -1 28 29 39 38 -1 30 31 41 40 -1 31 32 42 41 -1 32 33 43 42 -1 33 34 44 43 -1 34 35 45 44 -1 35 36 46 45 -1 36 37 47 46 -1 37 38 48 47 -1 38 39 49 48 -1 40 41 51 50 -1 41 42 52 51 -1 42 43 53 52 -1 43 44 54 53 -1 44 45 55 54 -1 45 46 56 55 -1 46 47 57 56 -1 47 48 58 57 -1 48 49 59 58 -1 50 51 61 60 -1 51 52 62 61 -1 52 53 63 62 -1 53 54 64 63 -1 54 55 65 64 -1 55 56 66 65 -1 56 57 67 66 -1 57 58 68 67 -1 58 59 69 68 -1 60 61 71 70 -1 61 62 72 71 -1 62 63 73 72 -1 63 64 74 73 -1 64 65 75 74 -1 65 66 76 75 -1 66 67 77 76 -1 67 68 78 77 -1 68 69 79 78 -1"><Coordinate point="23.399 12.11 -2.25 23.2 12.11 -1.705 22.698 12.11 -1.415 22.126 12.11 -1.516 21.753 12.11 -1.96 21.753 12.11 -2.54 22.126 12.11 -2.985 22.698 12.11 -3.086 23.2 12.11 -2.796 23.399 12.11 -2.25 23.31 12.616 -2.25 23.125 12.616 -1.743 22.658 12.616 -1.474 22.127 12.616 -1.567 21.78 12.616 -1.981 21.78 12.616 -2.52 22.127 12.616 -2.933 22.658 12.616 -3.027 23.125 12.616 -2.757 23.31 12.616 -2.25 23.153 13.121 -2.25 23.002 13.121 -1.835 22.62 13.121 -1.615 22.185 13.121 -1.691 21.902 13.121 -2.03 21.902 13.121 -2.471 22.185 13.121 -2.809 22.62 13.121 -2.886 23.002 13.121 -2.665 23.153 13.121 -2.25 22.963 13.626 -2.25 22.858 13.626 -1.961 22.591 13.626 -1.807 22.288 13.626 -1.861 22.091 13.626 -2.096 22.091 13.626 -2.404 22.288 13.626 -2.64 22.591 13.626 -2.693 22.858 13.626 -2.539 22.963 13.626 -2.25 22.803 14.132 -2.25 22.741 14.132 -2.078 22.582 14.132 -1.987 22.402 14.132 -2.019 22.284 14.132 -2.159 22.284 14.132 -2.342 22.402 14.132 -2.482 22.582 14.132 -2.514 22.741 14.132 -2.422 22.803 14.132 -2.25 22.711 14.637 -2.25 22.678 14.637 -2.161 22.596 14.637 -2.113 22.502 14.637 -2.13 22.441 14.637 -2.203 22.441 14.637 -2.298 22.502 14.637 -2.371 22.596 14.637 -2.387 22.678 14.637 -2.34 22.711 14.637 -2.25 22.671 15.143 -2.25 22.658 15.143 -2.214 22.624 15.143 -2.195 22.586 15.143 -2.201 22.561 15.143 -2.231 22.561 15.143 -2.27 22.586 15.143 -2.299 22.624 15.143 -2.306 22.658 15.143 -2.287 22.671 15.143 -2.25 22.676 15.648 -2.25 22.671 15.648 -2.237 22.659 15.648 -2.231 22.646 15.648 -2.233 22.637 15.648 -2.243 22.637 15.648 -2.257 22.646 15.648 -2.268 22.659 15.648 -2.27 22.671 15.648 -2.263 22.676 15.648 -2.25"/></IndexedFaceSet></Shape><Shape><Appearance><Material diffuseColor="0.62 0.58 0.5" specularColor="0.35 0.34 0.3" shininess="0.55" ambientIntensity="0.22"/></Appearance><IndexedFaceSet solid="true" creaseAngle="1.0" coordIndex="0 1 11 10 -1 1 2 12 11 -1 2 3 13 12 -1 3 4 14 13 -1 4 5 15 14 -1 5 6 16 15 -1 6 7 17 16 -1 7 8 18 17 -1 8 9 19 18 -1 10 11 21 20 -1 11 12 22 21 -1 12 13 23 22 -1 13 14 24 23 -1 14 15 25 24 -1 15 16 26 25 -1 16 17 27 26 -1 17 18 28 27 -1 18 19 29 28 -1 20 21 31 30 -1 21 22 32 31 -1 22 23 33 32 -1 23 24 34 33 -1 24 25 35 34 -1 25 26 36 35 -1 26 27 37 36 -1 27 28 38 37 -1 28 29 39 38 -1 30 31 41 40 -1 31 32 42 41 -1 32 33 43 42 -1 33 34 44 43 -1 34 35 45 44 -1 35 36 46 45 -1 36 37 47 46 -1 37 38 48 47 -1 38 39 49 48 -1 40 41 51 50 -1 41 42 52 51 -1 42 43 53 52 -1 43 44 54 53 -1 44 45 55 54 -1 45 46 56 55 -1 46 47 57 56 -1 47 48 58 57 -1 48 49 59 58 -1 50 51 61 60 -1 51 52 62 61 -1 52 53 63 62 -1 53 54 64 63 -1 54 55 65 64 -1 55 56 66 65 -1 56 57 67 66 -1 57 58 68 67 -1 58 59 69 68 -1 60 61 71 70 -1 61 62 72 71 -1 62 63 73 72 -1 63 64 74 73 -1 64 65 75 74 -1 65 66 76 75 -1 66 67 77 76 -1 67 68 78 77 -1 68 69 79 78 -1"><Coordinate point="99.357 5.903 -4.846 99.2 5.903 -4.415 98.802 5.903 -4.186 98.351 5.903 -4.265 98.056 5.903 -4.617 98.056 5.903 -5.075 98.351 5.903 -5.426 98.802 5.903 -5.506 99.2 5.903 -5.277 99.357 5.903 -4.846 99.31 6.265 -4.846 99.164 6.265 -4.445 98.795 6.265 -4.232 98.375 6.265 -4.306 98.101 6.265 -4.633 98.101 6.265 -5.059 98.375 6.265 -5.386 98.795 6.265 -5.46 99.164 6.265 -5.247 99.31 6.265 -4.846 99.212 6.627 -4.846 99.092 6.627 -4.518 98.79 6.627 -4.344 98.447 6.627 -4.404 98.222 6.627 -4.671 98.222 6.627 -5.02 98.447 6.627 -5.288 98.79 6.627 -5.348 99.092 6.627 -5.174 99.212 6.627 -4.846 99.083 6.989 -4.846 99 6.989 -4.617 98.79 6.989 -4.496 98.55 6.989 -4.538 98.394 6.989 -4.724 98.394 6.989 -4.967 98.55 6.989 -5.154 98.79 6.989 -5.196 99 6.989 -5.074 99.083 6.989 -4.846 98.972 7.351 -4.846 98.923 7.351 -4.71 98.798 7.351 -4.638 98.655 7.351 -4.663 98.562 7.351 -4.774 98.562 7.351 -4.918 98.655 7.351 -5.029 98.798 7.351 -5.054 98.923 7.351 -4.982 98.972 7.351 -4.846 98.905 7.714 -4.846 98.879 7.714 -4.775 98.814 7.714 -4.738 98.74 7.714 -4.751 98.691 7.714 -4.808 98.691 7.714 -4.883 98.74 7.714 -4.941 98.814 7.714 -4.954 98.879 7.714 -4.917 98.905 7.714 -4.846 98.868 8.076 -4.846 98.857 8.076 -4.817 98.831 8.076 -4.802 98.801 8.076 -4.807 98.781 8.076 -4.831 98.781 8.076 -4.861 98.801 8.076 -4.885 98.831 8.076 -4.89 98.857 8.076 -4.875 98.868 8.076 -4.846 98.861 8.438 -4.846 98.856 8.438 -4.833 98.844 8.438 -4.826 98.831 8.438 -4.829 98.822 8.438 -4.839 98.822 8.438 -4.853 98.831 8.438 -4.863 98.844 8.438 -4.866 98.856 8.438 -4.859 98.861 8.438 -4.846"/></IndexedFaceSet></Shape><Shape><Appearance><Material diffuseColor="0.62 0.58 0.5" specularColor="0.35 0.34 0.3" shininess="0.55" ambientIntensity="0.22"/></Appearance><IndexedFaceSet solid="true" creaseAngle="1.0" coordIndex="0 1 11 10 -1 1 2 12 11 -1 2 3 13 12 -1 3 4 14 13 -1 4 5 15 14 -1 5 6 16 15 -1 6 7 17 16 -1 7 8 18 17 -1 8 9 19 18 -1 10 11 21 20 -1 11 12 22 21 -1 12 13 23 22 -1 13 14 24 23 -1 14 15 25 24 -1 15 16 26 25 -1 16 17 27 26 -1 17 18 28 27 -1 18 19 29 28 -1 20 21 31 30 -1 21 22 32 31 -1 22 23 33 32 -1 23 24 34 33 -1 24 25 35 34 -1 25 26 36 35 -1 26 27 37 36 -1 27 28 38 37 -1 28 29 39 38 -1 30 31 41 40 -1 31 32 42 41 -1 32 33 43 42 -1 33 34 44 43 -1 34 35 45 44 -1 35 36 46 45 -1 36 37 47 46 -1 37 38 48 47 -1 38 39 49 48 -1 40 41 51 50 -1 41 42 52 51 -1 42 43 53 52 -1 43 44 54 53 -1 44 45 55 54 -1 45 46 56 55 -1 46 47 57 56 -1 47 48 58 57 -1 48 49 59 58 -1 50 51 61 60 -1 51 52 62 61 -1 52 53 63 62 -1 53 54 64 63 -1 54 55 65 64 -1 55 56 66 65 -1 56 57 67 66 -1 57 58 68 67 -1 58 59 69 68 -1 60 61 71 70 -1 61 62 72 71 -1 62 63 73 72 -1 63 64 74 73 -1 64 65 75 74 -1 65 66 76 75 -1 66 67 77 76 -1 67 68 78 77 -1 68 69 79 78 -1"><Coordinate point="85.251 11.318 -6.177 85.067 11.318 -5.673 84.603 11.318 -5.404 84.074 11.318 -5.497 83.729 11.318 -5.908 83.729 11.318 -6.445 84.074 11.318 -6.856 84.603 11.318 -6.949 85.067 11.318 -6.681 85.251 11.318 -6.177 85.156 11.737 -6.177 84.986 11.737 -5.708 84.554 11.737 -5.459 84.062 11.737 -5.545 83.742 11.737 -5.927 83.742 11.737 -6.426 84.062 11.737 -6.808 84.554 11.737 -6.895 84.986 11.737 -6.645 85.156 11.737 -6.177 84.985 12.157 -6.177 84.845 12.157 -5.793 84.492 12.157 -5.589 84.09 12.157 -5.66 83.828 12.157 -5.973 83.828 12.157 -6.381 84.09 12.157 -6.693 84.492 12.157 -6.764 84.845 12.157 -6.56 84.985 12.157 -6.177 84.773 12.576 -6.177 84.676 12.576 -5.909 84.429 12.576 -5.767 84.149 12.576 -5.817 83.966 12.576 -6.035 83.966 12.576 -6.319 84.149 12.576 -6.537 84.429 12.576 -6.586 84.676 12.576 -6.444 84.773 12.576 -6.177 84.587 12.996 -6.177 84.529 12.996 -6.018 84.382 12.996 -5.933 84.216 12.996 -5.962 84.107 12.996 -6.092 84.107 12.996 -6.261 84.216 12.996 -6.391 84.382 12.996 -6.42 84.529 12.996 -6.336 84.587 12.996 -6.177 84.467 13.415 -6.177 84.436 13.415 -6.094 84.36 13.415 -6.05 84.274 13.415 -6.065 84.217 13.415 -6.133 84.217 13.415 -6.221 84.274 13.415 -6.288 84.36 13.415 -6.303 84.436 13.415 -6.259 84.467 13.415 -6.177 84.406 13.835 -6.177 84.393 13.835 -6.143 84.362 13.835 -6.125 84.327 13.835 -6.131 84.304 13.835 -6.159 84.304 13.835 -6.195 84.327 13.835 -6.222 84.362 13.835 -6.228 84.393 13.835 -6.21 84.406 13.835 -6.177 84.403 14.254 -6.177 84.398 14.254 -6.164 84.386 14.254 -6.157 84.373 14.254 -6.159 84.364 14.254 -6.17 84.364 14.254 -6.184 84.373 14.254 -6.194 84.386 14.254 -6.196 84.398 14.254 -6.19 84.403 14.254 -6.177"/></IndexedFaceSet></Shape><Shape><Appearance><Material diffuseColor="0.62 0.58 0.5" specularColor="0.35 0.34 0.3" shininess="0.55" ambientIntensity="0.22"/></Appearance><IndexedFaceSet solid="true" creaseAngle="1.0" coordIndex="0 1 11 10 -1 1 2 12 11 -1 2 3 13 12 -1 3 4 14 13 -1 4 5 15 14 -1 5 6 16 15 -1 6 7 17 16 -1 7 8 18 17 -1 8 9 19 18 -1 10 11 21 20 -1 11 12 22 21 -1 12 13 23 22 -1 13 14 24 23 -1 14 15 25 24 -1 15 16 26 25 -1 16 17 27 26 -1 17 18 28 27 -1 18 19 29 28 -1 20 21 31 30 -1 21 22 32 31 -1 22 23 33 32 -1 23 24 34 33 -1 24 25 35 34 -1 25 26 36 35 -1 26 27 37 36 -1 27 28 38 37 -1 28 29 39 38 -1 30 31 41 40 -1 31 32 42 41 -1 32 33 43 42 -1 33 34 44 43 -1 34 35 45 44 -1 35 36 46 45 -1 36 37 47 46 -1 37 38 48 47 -1 38 39 49 48 -1 40 41 51 50 -1 41 42 52 51 -1 42 43 53 52 -1 43 44 54 53 -1 44 45 55 54 -1 45 46 56 55 -1 46 47 57 56 -1 47 48 58 57 -1 48 49 59 58 -1 50 51 61 60 -1 51 52 62 61 -1 52 53 63 62 -1 53 54 64 63 -1 54 55 65 64 -1 55 56 66 65 -1 56 57 67 66 -1 57 58 68 67 -1 58 59 69 68 -1 60 61 71 70 -1 61 62 72 71 -1 62 63 73 72 -1 63 64 74 73 -1 64 65 75 74 -1 65 66 76 75 -1 66 67 77 76 -1 67 68 78 77 -1 68 69 79 78 -1"><Coordinate point="90.597 9.942 -6.758 90.35 9.942 -6.077 89.722 9.942 -5.714 89.008 9.942 -5.84 88.542 9.942 -6.396 88.542 9.942 -7.12 89.008 9.942 -7.676 89.722 9.942 -7.801 90.35 9.942 -7.439 90.597 9.942 -6.758 90.518 10.185 -6.758 90.288 10.185 -6.125 89.704 10.185 -5.788 89.04 10.185 -5.905 88.607 10.185 -6.421 88.607 10.185 -7.095 89.04 10.185 -7.611 89.704 10.185 -7.728 90.288 10.185 -7.391 90.518 10.185 -6.758 90.312 10.428 -6.758 90.124 10.428 -6.24 89.646 10.428 -5.964 89.103 10.428 -6.06 88.749 10.428 -6.482 88.749 10.428 -7.034 89.103 10.428 -7.456 89.646 10.428 -7.552 90.124 10.428 -7.276 90.312 10.428 -6.758 90.024 10.67 -6.758 89.892 10.67 -6.397 89.56 10.67 -6.205 89.181 10.67 -6.272 88.934 10.67 -6.566 88.934 10.67 -6.95 89.181 10.67 -7.244 89.56 10.67 -7.311 89.892 10.67 -7.119 90.024 10.67 -6.758 89.743 10.913 -6.758 89.665 10.913 -6.543 89.467 10.913 -6.429 89.242 10.913 -6.468 89.095 10.913 -6.644 89.095 10.913 -6.872 89.242 10.913 -7.047 89.467 10.913 -7.087 89.665 10.913 -6.973 89.743 10.913 -6.758 89.53 11.156 -6.758 89.49 11.156 -6.646 89.387 11.156 -6.587 89.27 11.156 -6.607 89.193 11.156 -6.698 89.193 11.156 -6.817 89.27 11.156 -6.908 89.387 11.156 -6.929 89.49 11.156 -6.87 89.53 11.156 -6.758 89.384 11.399 -6.758 89.368 11.399 -6.713 89.326 11.399 -6.688 89.279 11.399 -6.697 89.248 11.399 -6.734 89.248 11.399 -6.782 89.279 11.399 -6.819 89.326 11.399 -6.827 89.368 11.399 -6.803 89.384 11.399 -6.758 89.309 11.641 -6.758 89.304 11.641 -6.745 89.292 11.641 -6.738 89.279 11.641 -6.741 89.27 11.641 -6.751 89.27 11.641 -6.765 89.279 11.641 -6.775 89.292 11.641 -6.778 89.304 11.641 -6.771 89.309 11.641 -6.758"/></IndexedFaceSet></Shape><Shape><Appearance><Material diffuseColor="0.62 0.58 0.5" specularColor="0.35 0.34 0.3" shininess="0.55" ambientIntensity="0.22"/></Appearance><IndexedFaceSet solid="true" creaseAngle="1.0" coordIndex="0 1 11 10 -1 1 2 12 11 -1 2 3 13 12 -1 3 4 14 13 -1 4 5 15 14 -1 5 6 16 15 -1 6 7 17 16 -1 7 8 18 17 -1 8 9 19 18 -1 10 11 21 20 -1 11 12 22 21 -1 12 13 23 22 -1 13 14 24 23 -1 14 15 25 24 -1 15 16 26 25 -1 16 17 27 26 -1 17 18 28 27 -1 18 19 29 28 -1 20 21 31 30 -1 21 22 32 31 -1 22 23 33 32 -1 23 24 34 33 -1 24 25 35 34 -1 25 26 36 35 -1 26 27 37 36 -1 27 28 38 37 -1 28 29 39 38 -1 30 31 41 40 -1 31 32 42 41 -1 32 33 43 42 -1 33 34 44 43 -1 34 35 45 44 -1 35 36 46 45 -1 36 37 47 46 -1 37 38 48 47 -1 38 39 49 48 -1 40 41 51 50 -1 41 42 52 51 -1 42 43 53 52 -1 43 44 54 53 -1 44 45 55 54 -1 45 46 56 55 -1 46 47 57 56 -1 47 48 58 57 -1 48 49 59 58 -1 50 51 61 60 -1 51 52 62 61 -1 52 53 63 62 -1 53 54 64 63 -1 54 55 65 64 -1 55 56 66 65 -1 56 57 67 66 -1 57 58 68 67 -1 58 59 69 68 -1 60 61 71 70 -1 61 62 72 71 -1 62 63 73 72 -1 63 64 74 73 -1 64 65 75 74 -1 65 66 76 75 -1 66 67 77 76 -1 67 68 78 77 -1 68 69 79 78 -1"><Coordinate point="72.239 8.689 -5.619 72.096 8.689 -5.226 71.733 8.689 -5.017 71.321 8.689 -5.089 71.052 8.689 -5.41 71.052 8.689 -5.828 71.321 8.689 -6.149 71.733 8.689 -6.222 72.096 8.689 -6.012 72.239 8.689 -5.619 72.168 8.958 -5.619 72.035 8.958 -5.254 71.698 8.958 -5.059 71.315 8.958 -5.127 71.065 8.958 -5.425 71.065 8.958 -5.814 71.315 8.958 -6.112 71.698 8.958 -6.179 72.035 8.958 -5.985 72.168 8.958 -5.619 72.033 9.226 -5.619 71.924 9.226 -5.32 71.649 9.226 -5.161 71.335 9.226 -5.216 71.131 9.226 -5.46 71.131 9.226 -5.778 71.335 9.226 -6.022 71.649 9.226 -6.077 71.924 9.226 -5.918 72.033 9.226 -5.619 71.863 9.494 -5.619 71.787 9.494 -5.411 71.595 9.494 -5.3 71.377 9.494 -5.338 71.234 9.494 -5.508 71.234 9.494 -5.73 71.377 9.494 -5.9 71.595 9.494 -5.938 71.787 9.494 -5.828 71.863 9.494 -5.619 71.711 9.762 -5.619 71.666 9.762 -5.495 71.551 9.762 -5.429 71.421 9.762 -5.452 71.337 9.762 -5.553 71.337 9.762 -5.685 71.421 9.762 -5.786 71.551 9.762 -5.809 71.666 9.762 -5.743 71.711 9.762 -5.619 71.609 10.031 -5.619 71.585 10.031 -5.555 71.526 10.031 -5.52 71.458 10.031 -5.532 71.414 10.031 -5.585 71.414 10.031 -5.653 71.458 10.031 -5.706 71.526 10.031 -5.718 71.585 10.031 -5.684 71.609 10.031 -5.619 71.552 10.299 -5.619 71.543 10.299 -5.593 71.519 10.299 -5.579 71.491 10.299 -5.584 71.473 10.299 -5.605 71.473 10.299 -5.633 71.491 10.299 -5.654 71.519 10.299 -5.659 71.543 10.299 -5.645 71.552 10.299 -5.619 71.548 10.567 -5.619 71.543 10.567 -5.606 71.531 10.567 -5.599 71.518 10.567 -5.602 71.509 10.567 -5.612 71.509 10.567 -5.626 71.518 10.567 -5.636 71.531 10.567 -5.639 71.543 10.567 -5.632 71.548 10.567 -5.619"/></IndexedFaceSet></Shape><Shape><Appearance><Material diffuseColor="0.62 0.58 0.5" specularColor="0.35 0.34 0.3" shininess="0.55" ambientIntensity="0.22"/></Appearance><IndexedFaceSet solid="true" creaseAngle="1.0" coordIndex="0 1 11 10 -1 1 2 12 11 -1 2 3 13 12 -1 3 4 14 13 -1 4 5 15 14 -1 5 6 16 15 -1 6 7 17 16 -1 7 8 18 17 -1 8 9 19 18 -1 10 11 21 20 -1 11 12 22 21 -1 12 13 23 22 -1 13 14 24 23 -1 14 15 25 24 -1 15 16 26 25 -1 16 17 27 26 -1 17 18 28 27 -1 18 19 29 28 -1 20 21 31 30 -1 21 22 32 31 -1 22 23 33 32 -1 23 24 34 33 -1 24 25 35 34 -1 25 26 36 35 -1 26 27 37 36 -1 27 28 38 37 -1 28 29 39 38 -1 30 31 41 40 -1 31 32 42 41 -1 32 33 43 42 -1 33 34 44 43 -1 34 35 45 44 -1 35 36 46 45 -1 36 37 47 46 -1 37 38 48 47 -1 38 39 49 48 -1 40 41 51 50 -1 41 42 52 51 -1 42 43 53 52 -1 43 44 54 53 -1 44 45 55 54 -1 45 46 56 55 -1 46 47 57 56 -1 47 48 58 57 -1 48 49 59 58 -1 50 51 61 60 -1 51 52 62 61 -1 52 53 63 62 -1 53 54 64 63 -1 54 55 65 64 -1 55 56 66 65 -1 56 57 67 66 -1 57 58 68 67 -1 58 59 69 68 -1 60 61 71 70 -1 61 62 72 71 -1 62 63 73 72 -1 63 64 74 73 -1 64 65 75 74 -1 65 66 76 75 -1 66 67 77 76 -1 67 68 78 77 -1 68 69 79 78 -1"><Coordinate point="90.432 9.958 -4.009 90.21 9.958 -3.398 89.647 9.958 -3.072 89.006 9.958 -3.185 88.588 9.958 -3.684 88.588 9.958 -4.334 89.006 9.958 -4.832 89.647 9.958 -4.945 90.21 9.958 -4.62 90.432 9.958 -4.009 90.363 10.666 -4.009 90.156 10.666 -3.44 89.633 10.666 -3.138 89.037 10.666 -3.243 88.648 10.666 -3.706 88.648 10.666 -4.311 89.037 10.666 -4.775 89.633 10.666 -4.88 90.156 10.666 -4.577 90.363 10.666 -4.009 90.18 11.374 -4.009 90.011 11.374 -3.544 89.582 11.374 -3.296 89.095 11.374 -3.382 88.777 11.374 -3.761 88.777 11.374 -4.256 89.095 11.374 -4.635 89.582 11.374 -4.721 90.011 11.374 -4.474 90.18 11.374 -4.009 89.923 12.082 -4.009 89.805 12.082 -3.685 89.506 12.082 -3.512 89.167 12.082 -3.572 88.945 12.082 -3.836 88.945 12.082 -4.181 89.167 12.082 -4.445 89.506 12.082 -4.505 89.805 12.082 -4.333 89.923 12.082 -4.009 89.671 12.79 -4.009 89.601 12.79 -3.816 89.424 12.79 -3.713 89.221 12.79 -3.749 89.09 12.79 -3.906 89.09 12.79 -4.111 89.221 12.79 -4.269 89.424 12.79 -4.304 89.601 12.79 -4.202 89.671 12.79 -4.009 89.48 13.497 -4.009 89.443 13.497 -3.909 89.351 13.497 -3.855 89.246 13.497 -3.874 89.177 13.497 -3.955 89.177 13.497 -4.062 89.246 13.497 -4.144 89.351 13.497 -4.162 89.443 13.497 -4.109 89.48 13.497 -4.009 89.348 14.205 -4.009 89.333 14.205 -3.968 89.295 14.205 -3.946 89.253 14.205 -3.954 89.225 14.205 -3.987 89.225 14.205 -4.031 89.253 14.205 -4.064 89.295 14.205 -4.071 89.333 14.205 -4.05 89.348 14.205 -4.009 89.28 14.913 -4.009 89.275 14.913 -3.996 89.264 14.913 -3.989 89.25 14.913 -3.992 89.241 14.913 -4.002 89.241 14.913 -4.016 89.25 14.913 -4.026 89.264 14.913 -4.029 89.275 14.913 -4.022 89.28 14.913 -4.009"/></IndexedFaceSet></Shape><Shape><Appearance><Material diffuseColor="0.62 0.58 0.5" specularColor="0.35 0.34 0.3" shininess="0.55" ambientIntensity="0.22"/></Appearance><IndexedFaceSet solid="true" creaseAngle="1.0" coordIndex="0 1 11 10 -1 1 2 12 11 -1 2 3 13 12 -1 3 4 14 13 -1 4 5 15 14 -1 5 6 16 15 -1 6 7 17 16 -1 7 8 18 17 -1 8 9 19 18 -1 10 11 21 20 -1 11 12 22 21 -1 12 13 23 22 -1 13 14 24 23 -1 14 15 25 24 -1 15 16 26 25 -1 16 17 27 26 -1 17 18 28 27 -1 18 19 29 28 -1 20 21 31 30 -1 21 22 32 31 -1 22 23 33 32 -1 23 24 34 33 -1 24 25 35 34 -1 25 26 36 35 -1 26 27 37 36 -1 27 28 38 37 -1 28 29 39 38 -1 30 31 41 40 -1 31 32 42 41 -1 32 33 43 42 -1 33 34 44 43 -1 34 35 45 44 -1 35 36 46 45 -1 36 37 47 46 -1 37 38 48 47 -1 38 39 49 48 -1 40 41 51 50 -1 41 42 52 51 -1 42 43 53 52 -1 43 44 54 53 -1 44 45 55 54 -1 45 46 56 55 -1 46 47 57 56 -1 47 48 58 57 -1 48 49 59 58 -1 50 51 61 60 -1 51 52 62 61 -1 52 53 63 62 -1 53 54 64 63 -1 54 55 65 64 -1 55 56 66 65 -1 56 57 67 66 -1 57 58 68 67 -1 58 59 69 68 -1 60 61 71 70 -1 61 62 72 71 -1 62 63 73 72 -1 63 64 74 73 -1 64 65 75 74 -1 65 66 76 75 -1 66 67 77 76 -1 67 68 78 77 -1 68 69 79 78 -1"><Coordinate point="77.107 10.587 -3.875 76.965 10.587 -3.483 76.604 10.587 -3.275 76.194 10.587 -3.348 75.926 10.587 -3.667 75.926 10.587 -4.083 76.194 10.587 -4.402 76.604 10.587 -4.474 76.965 10.587 -4.266 77.107 10.587 -3.875 77.074 11.308 -3.875 76.942 11.308 -3.511 76.606 11.308 -3.317 76.225 11.308 -3.385 75.976 11.308 -3.681 75.976 11.308 -4.068 76.225 11.308 -4.365 76.606 11.308 -4.432 76.942 11.308 -4.238 77.074 11.308 -3.875 76.968 12.03 -3.875 76.859 12.03 -3.577 76.585 12.03 -3.419 76.273 12.03 -3.474 76.07 12.03 -3.716 76.07 12.03 -4.033 76.273 12.03 -4.276 76.585 12.03 -4.331 76.859 12.03 -4.172 76.968 12.03 -3.875 76.811 12.751 -3.875 76.736 12.751 -3.667 76.545 12.751 -3.557 76.327 12.751 -3.595 76.186 12.751 -3.764 76.186 12.751 -3.985 76.327 12.751 -4.154 76.545 12.751 -4.192 76.736 12.751 -4.082 76.811 12.751 -3.875 76.655 13.473 -3.875 76.61 13.473 -3.751 76.497 13.473 -3.686 76.367 13.473 -3.708 76.283 13.473 -3.809 76.283 13.473 -3.94 76.367 13.473 -4.041 76.497 13.473 -4.064 76.61 13.473 -3.998 76.655 13.473 -3.875 76.532 14.194 -3.875 76.509 14.194 -3.811 76.45 14.194 -3.776 76.383 14.194 -3.788 76.339 14.194 -3.841 76.339 14.194 -3.909 76.383 14.194 -3.961 76.45 14.194 -3.973 76.509 14.194 -3.939 76.532 14.194 -3.875 76.443 14.916 -3.875 76.434 14.916 -3.849 76.41 14.916 -3.835 76.382 14.916 -3.84 76.364 14.916 -3.861 76.364 14.916 -3.889 76.382 14.916 -3.91 76.41 14.916 -3.915 76.434 14.916 -3.901 76.443 14.916 -3.875 76.398 15.637 -3.875 76.394 15.637 -3.862 76.382 15.637 -3.855 76.368 15.637 -3.857 76.36 15.637 -3.868 76.36 15.637 -3.882 76.368 15.637 -3.892 76.382 15.637 -3.894 76.394 15.637 -3.888 76.398 15.637 -3.875"/></IndexedFaceSet></Shape><Shape><Appearance><Material diffuseColor="0.62 0.58 0.5" specularColor="0.35 0.34 0.3" shininess="0.55" ambientIntensity="0.22"/></Appearance><IndexedFaceSet solid="false" creaseAngle="1.5" coordIndex="0 1 12 11 -1 1 2 13 12 -1 2 3 14 13 -1 3 4 15 14 -1 4 5 16 15 -1 5 6 17 16 -1 6 7 18 17 -1 7 8 19 18 -1 8 9 20 19 -1 9 10 21 20 -1 11 12 23 22 -1 12 13 24 23 -1 13 14 25 24 -1 14 15 26 25 -1 15 16 27 26 -1 16 17 28 27 -1 17 18 29 28 -1 18 19 30 29 -1 19 20 31 30 -1 20 21 32 31 -1 22 23 34 33 -1 23 24 35 34 -1 24 25 36 35 -1 25 26 37 36 -1 26 27 38 37 -1 27 28 39 38 -1 28 29 40 39 -1 29 30 41 40 -1 30 31 42 41 -1 31 32 43 42 -1 33 34 45 44 -1 34 35 46 45 -1 35 36 47 46 -1 36 37 48 47 -1 37 38 49 48 -1 38 39 50 49 -1 39 40 51 50 -1 40 41 52 51 -1 41 42 53 52 -1 42 43 54 53 -1 44 45 56 55 -1 45 46 57 56 -1 46 47 58 57 -1 47 48 59 58 -1 48 49 60 59 -1 49 50 61 60 -1 50 51 62 61 -1 51 52 63 62 -1 52 53 64 63 -1 53 54 65 64 -1 55 56 67 66 -1 56 57 68 67 -1 57 58 69 68 -1 58 59 70 69 -1 59 60 71 70 -1 60 61 72 71 -1 61 62 73 72 -1 62 63 74 73 -1 63 64 75 74 -1 64 65 76 75 -1 66 67 78 77 -1 67 68 79 78 -1 68 69 80 79 -1 69 70 81 80 -1 70 71 82 81 -1 71 72 83 82 -1 72 73 84 83 -1 73 74 85 84 -1 74 75 86 85 -1 75 76 87 86 -1"><Coordinate point="92 29.345 -6.156 93.2 28.618 -5.296 94.4 27.864 -4.78 95.6 27.084 -4.696 96.8 26.278 -4.794 98 25.443 -4.68 99.2 24.571 -4.108 100.4 23.651 -3.172 101.6 22.663 -2.227 102.8 21.571 -1.623 104 20.318 -1.436 92 26.634 -6.047 93.2 25.934 -5.304 94.4 25.21 -4.9 95.6 24.465 -4.837 96.8 23.698 -4.849 98 22.91 -4.607 99.2 22.095 -3.963 100.4 21.242 -3.064 101.6 20.337 -2.238 102.8 19.349 -1.745 104 18.227 -1.576 92 23.923 -5.978 93.2 23.251 -5.35 94.4 22.556 -5.025 95.6 21.845 -4.947 96.8 21.118 -4.861 98 20.377 -4.512 99.2 19.618 -3.833 100.4 18.834 -2.997 101.6 18.011 -2.285 102.8 17.126 -1.871 104 16.137 -1.685 92 21.212 -5.95 93.2 20.567 -5.423 94.4 19.902 -5.144 95.6 19.225 -5.021 96.8 18.538 -4.835 98 17.844 -4.405 99.2 17.141 -3.726 100.4 16.425 -2.972 101.6 15.685 -2.36 102.8 14.904 -1.989 104 14.047 -1.758 92 18.501 -5.961 93.2 17.883 -5.513 94.4 17.249 -5.245 95.6 16.605 -5.056 96.8 15.958 -4.778 98 15.311 -4.299 99.2 14.664 -3.651 100.4 14.016 -2.985 101.6 13.359 -2.451 102.8 12.682 -2.089 104 11.957 -1.791 92 15.79 -6.005 93.2 15.199 -5.608 94.4 14.595 -5.319 95.6 13.985 -5.053 96.8 13.378 -4.7 98 12.778 -4.205 99.2 12.187 -3.612 100.4 11.607 -3.03 101.6 11.034 -2.546 102.8 10.459 -2.162 104 9.867 -1.787 92 13.079 -6.074 93.2 12.515 -5.696 94.4 11.941 -5.36 95.6 11.365 -5.017 96.8 10.798 -4.613 98 10.244 -4.134 99.2 9.71 -3.611 100.4 9.198 -3.099 101.6 8.708 -2.634 102.8 8.237 -2.202 104 7.776 -1.748 92 10.367 -6.156 93.2 9.831 -5.766 94.4 9.287 -5.365 95.6 8.746 -4.952 96.8 8.218 -4.529 98 7.711 -4.093 99.2 7.233 -3.645 100.4 6.789 -3.182 101.6 6.382 -2.703 102.8 6.014 -2.205 104 5.686 -1.683"/></IndexedFaceSet></Shape><Shape><Appearance><Material diffuseColor="0.62 0.58 0.5" specularColor="0.35 0.34 0.3" shininess="0.55" ambientIntensity="0.22"/></Appearance><IndexedFaceSet solid="false" creaseAngle="1.6" coordIndex="0 1 14 13 -1 1 2 15 14 -1 2 3 16 15 -1 3 4 17 16 -1 4 5 18 17 -1 5 6 19 18 -1 6 7 20 19 -1 7 8 21 20 -1 8 9 22 21 -1 9 10 23 22 -1 10 11 24 23 -1 11 12 25 24 -1 13 14 27 26 -1 14 15 28 27 -1 15 16 29 28 -1 16 17 30 29 -1 17 18 31 30 -1 18 19 32 31 -1 19 20 33 32 -1 20 21 34 33 -1 21 22 35 34 -1 22 23 36 35 -1 23 24 37 36 -1 24 25 38 37 -1 26 27 40 39 -1 27 28 41 40 -1 28 29 42 41 -1 29 30 43 42 -1 30 31 44 43 -1 31 32 45 44 -1 32 33 46 45 -1 33 34 47 46 -1 34 35 48 47 -1 35 36 49 48 -1 36 37 50 49 -1 37 38 51 50 -1 39 40 53 52 -1 40 41 54 53 -1 41 42 55 54 -1 42 43 56 55 -1 43 44 57 56 -1 44 45 58 57 -1 45 46 59 58 -1 46 47 60 59 -1 47 48 61 60 -1 48 49 62 61 -1 49 50 63 62 -1 50 51 64 63 -1 52 53 66 65 -1 53 54 67 66 -1 54 55 68 67 -1 55 56 69 68 -1 56 57 70 69 -1 57 58 71 70 -1 58 59 72 71 -1 59 60 73 72 -1 60 61 74 73 -1 61 62 75 74 -1 62 63 76 75 -1 63 64 77 76 -1 65 66 79 78 -1 66 67 80 79 -1 67 68 81 80 -1 68 69 82 81 -1 69 70 83 82 -1 70 71 84 83 -1 71 72 85 84 -1 72 73 86 85 -1 73 74 87 86 -1 74 75 88 87 -1 75 76 89 88 -1 76 77 90 89 -1 78 79 92 91 -1 79 80 93 92 -1 80 81 94 93 -1 81 82 95 94 -1 82 83 96 95 -1 83 84 97 96 -1 84 85 98 97 -1 85 86 99 98 -1 86 87 100 99 -1 87 88 101 100 -1 88 89 102 101 -1 89 90 103 102 -1 91 92 105 104 -1 92 93 106 105 -1 93 94 107 106 -1 94 95 108 107 -1 95 96 109 108 -1 96 97 110 109 -1 97 98 111 110 -1 98 99 112 111 -1 99 100 113 112 -1 100 101 114 113 -1 101 102 115 114 -1 102 103 116 115 -1"><Coordinate point="60 34.318 -12.007 61.167 34.421 -11.436 62.333 34.542 -11.016 63.5 34.679 -10.858 64.667 34.83 -10.981 65.833 34.99 -11.307 67 35.157 -11.687 68.167 35.326 -11.951 69.333 35.491 -11.962 70.5 35.647 -11.664 71.667 35.787 -11.099 72.833 35.904 -10.393 74 35.992 -9.715 60 30.887 -12.007 61.167 31.011 -11.467 62.333 31.158 -11.068 63.5 31.323 -10.914 64.667 31.506 -11.022 65.833 31.702 -11.319 67 31.908 -11.667 68.167 32.118 -11.905 69.333 32.327 -11.906 70.5 32.529 -11.616 71.667 32.717 -11.075 72.833 32.883 -10.401 74 33.02 -9.752 60 27.455 -12.007 61.167 27.602 -11.498 62.333 27.773 -11.12 63.5 27.967 -10.969 64.667 28.182 -11.062 65.833 28.414 -11.332 67 28.658 -11.648 68.167 28.91 -11.86 69.333 29.164 -11.85 70.5 29.412 -11.568 71.667 29.647 -11.05 72.833 29.862 -10.408 74 30.048 -9.789 60 24.024 -12.007 61.167 24.192 -11.529 62.333 24.388 -11.171 63.5 24.611 -11.024 64.667 24.858 -11.103 65.833 25.126 -11.344 67 25.409 -11.628 68.167 25.702 -11.814 69.333 26 -11.794 70.5 26.294 -11.519 71.667 26.577 -11.026 72.833 26.84 -10.415 74 27.076 -9.826 60 20.593 -12.007 61.167 20.782 -11.56 62.333 21.003 -11.223 63.5 21.255 -11.08 64.667 21.534 -11.144 65.833 21.837 -11.357 67 22.159 -11.608 68.167 22.494 -11.769 69.333 22.836 -11.737 70.5 23.176 -11.471 71.667 23.507 -11.001 72.833 23.819 -10.423 74 24.104 -9.863 60 17.162 -12.007 61.167 17.372 -11.591 62.333 17.619 -11.275 63.5 17.899 -11.135 64.667 18.211 -11.184 65.833 18.549 -11.37 67 18.91 -11.588 68.167 19.287 -11.723 69.333 19.672 -11.681 70.5 20.059 -11.423 71.667 20.437 -10.977 72.833 20.798 -10.43 74 21.132 -9.9 60 13.731 -12.007 61.167 13.963 -11.622 62.333 14.234 -11.327 63.5 14.543 -11.19 64.667 14.887 -11.225 65.833 15.261 -11.382 67 15.66 -11.569 68.167 16.079 -11.678 69.333 16.508 -11.625 70.5 16.941 -11.374 71.667 17.367 -10.952 72.833 17.777 -10.438 74 18.16 -9.937 60 10.3 -12.007 61.167 10.553 -11.653 62.333 10.849 -11.378 63.5 11.187 -11.246 64.667 11.563 -11.266 65.833 11.973 -11.395 67 12.411 -11.549 68.167 12.871 -11.632 69.333 13.345 -11.569 70.5 13.823 -11.326 71.667 14.297 -10.928 72.833 14.756 -10.445 74 15.188 -9.974 60 6.869 -12.007 61.167 7.143 -11.684 62.333 7.464 -11.43 63.5 7.831 -11.301 64.667 8.239 -11.306 65.833 8.684 -11.407 67 9.161 -11.529 68.167 9.663 -11.587 69.333 10.181 -11.513 70.5 10.706 -11.278 71.667 11.227 -10.903 72.833 11.734 -10.453 74 12.216 -10.011"/></IndexedFaceSet></Shape><Shape><Appearance><Material diffuseColor="0.62 0.58 0.5" specularColor="0.35 0.34 0.3" shininess="0.55" ambientIntensity="0.22"/></Appearance><IndexedFaceSet solid="true" creaseAngle="1.0" coordIndex="0 1 13 12 -1 1 2 14 13 -1 2 3 15 14 -1 3 4 16 15 -1 4 5 17 16 -1 5 6 18 17 -1 6 7 19 18 -1 7 8 20 19 -1 8 9 21 20 -1 9 10 22 21 -1 10 11 23 22 -1 12 13 25 24 -1 13 14 26 25 -1 14 15 27 26 -1 15 16 28 27 -1 16 17 29 28 -1 17 18 30 29 -1 18 19 31 30 -1 19 20 32 31 -1 20 21 33 32 -1 21 22 34 33 -1 22 23 35 34 -1 24 25 37 36 -1 25 26 38 37 -1 26 27 39 38 -1 27 28 40 39 -1 28 29 41 40 -1 29 30 42 41 -1 30 31 43 42 -1 31 32 44 43 -1 32 33 45 44 -1 33 34 46 45 -1 34 35 47 46 -1 36 37 49 48 -1 37 38 50 49 -1 38 39 51 50 -1 39 40 52 51 -1 40 41 53 52 -1 41 42 54 53 -1 42 43 55 54 -1 43 44 56 55 -1 44 45 57 56 -1 45 46 58 57 -1 46 47 59 58 -1 48 49 61 60 -1 49 50 62 61 -1 50 51 63 62 -1 51 52 64 63 -1 52 53 65 64 -1 53 54 66 65 -1 54 55 67 66 -1 55 56 68 67 -1 56 57 69 68 -1 57 58 70 69 -1 58 59 71 70 -1 60 61 73 72 -1 61 62 74 73 -1 62 63 75 74 -1 63 64 76 75 -1 64 65 77 76 -1 65 66 78 77 -1 66 67 79 78 -1 67 68 80 79 -1 68 69 81 80 -1 69 70 82 81 -1 70 71 83 82 -1 72 73 85 84 -1 73 74 86 85 -1 74 75 87 86 -1 75 76 88 87 -1 76 77 89 88 -1 77 78 90 89 -1 78 79 91 90 -1 79 80 92 91 -1 80 81 93 92 -1 81 82 94 93 -1 82 83 95 94 -1 84 85 97 96 -1 85 86 98 97 -1 86 87 99 98 -1 87 88 100 99 -1 88 89 101 100 -1 89 90 102 101 -1 90 91 103 102 -1 91 92 104 103 -1 92 93 105 104 -1 93 94 106 105 -1 94 95 107 106 -1 96 97 109 108 -1 97 98 110 109 -1 98 99 111 110 -1 99 100 112 111 -1 100 101 113 112 -1 101 102 114 113 -1 102 103 115 114 -1 103 104 116 115 -1 104 105 117 116 -1 105 106 118 117 -1 106 107 119 118 -1 108 109 121 120 -1 109 110 122 121 -1 110 111 123 122 -1 111 112 124 123 -1 112 113 125 124 -1 113 114 126 125 -1 114 115 127 126 -1 115 116 128 127 -1 116 117 129 128 -1 117 118 130 129 -1 118 119 131 130 -1 120 121 133 132 -1 121 122 134 133 -1 122 123 135 134 -1 123 124 136 135 -1 124 125 137 136 -1 125 126 138 137 -1 126 127 139 138 -1 127 128 140 139 -1 128 129 141 140 -1 129 130 142 141 -1 130 131 143 142 -1 132 133 145 144 -1 133 134 146 145 -1 134 135 147 146 -1 135 136 148 147 -1 136 137 149 148 -1 137 138 150 149 -1 138 139 151 150 -1 139 140 152 151 -1 140 141 153 152 -1 141 142 154 153 -1 142 143 155 154 -1"><Coordinate point="40.911 7.695 -5 40.767 7.695 -4.507 40.379 7.695 -4.171 39.87 7.695 -4.098 39.403 7.695 -4.311 39.126 7.695 -4.743 39.126 7.695 -5.257 39.403 7.695 -5.689 39.87 7.695 -5.902 40.379 7.695 -5.829 40.767 7.695 -5.493 40.911 7.695 -5 40.82 12.693 -5 40.69 12.693 -4.557 40.341 12.693 -4.254 39.883 12.693 -4.188 39.463 12.693 -4.38 39.213 12.693 -4.769 39.213 12.693 -5.231 39.463 12.693 -5.62 39.883 12.693 -5.812 40.341 12.693 -5.746 40.69 12.693 -5.443 40.82 12.693 -5 40.699 17.69 -5 40.588 17.69 -4.622 40.29 17.69 -4.364 39.901 17.69 -4.308 39.542 17.69 -4.472 39.329 17.69 -4.803 39.329 17.69 -5.197 39.542 17.69 -5.528 39.901 17.69 -5.692 40.29 17.69 -5.636 40.588 17.69 -5.378 40.699 17.69 -5 40.597 22.688 -5 40.502 22.688 -4.677 40.248 22.688 -4.457 39.915 22.688 -4.409 39.609 22.688 -4.549 39.428 22.688 -4.832 39.428 22.688 -5.168 39.609 22.688 -5.451 39.915 22.688 -5.591 40.248 22.688 -5.543 40.502 22.688 -5.323 40.597 22.688 -5 40.529 27.685 -5 40.445 27.685 -4.714 40.22 27.685 -4.519 39.925 27.685 -4.477 39.654 27.685 -4.6 39.493 27.685 -4.851 39.493 27.685 -5.149 39.654 27.685 -5.4 39.925 27.685 -5.523 40.22 27.685 -5.481 40.445 27.685 -5.286 40.529 27.685 -5 40.473 32.683 -5 40.398 32.683 -4.744 40.197 32.683 -4.57 39.933 32.683 -4.532 39.69 32.683 -4.642 39.546 32.683 -4.867 39.546 32.683 -5.133 39.69 32.683 -5.358 39.933 32.683 -5.468 40.197 32.683 -5.43 40.398 32.683 -5.256 40.473 32.683 -5 40.397 37.68 -5 40.334 37.68 -4.785 40.165 37.68 -4.639 39.943 37.68 -4.607 39.74 37.68 -4.7 39.619 37.68 -4.888 39.619 37.68 -5.112 39.74 37.68 -5.3 39.943 37.68 -5.393 40.165 37.68 -5.361 40.334 37.68 -5.215 40.397 37.68 -5 40.554 42.678 -5 40.466 42.678 -4.7 40.23 42.678 -4.496 39.921 42.678 -4.451 39.637 42.678 -4.581 39.468 42.678 -4.844 39.468 42.678 -5.156 39.637 42.678 -5.419 39.921 42.678 -5.549 40.23 42.678 -5.504 40.466 42.678 -5.3 40.554 42.678 -5 40.674 47.675 -5 40.567 47.675 -4.636 40.28 47.675 -4.387 39.904 47.675 -4.333 39.559 47.675 -4.491 39.353 47.675 -4.81 39.353 47.675 -5.19 39.559 47.675 -5.509 39.904 47.675 -5.667 40.28 47.675 -5.613 40.567 47.675 -5.364 40.674 47.675 -5 40.728 52.673 -5 40.612 52.673 -4.607 40.302 52.673 -4.338 39.896 52.673 -4.28 39.523 52.673 -4.45 39.302 52.673 -4.795 39.302 52.673 -5.205 39.523 52.673 -5.55 39.896 52.673 -5.72 40.302 52.673 -5.662 40.612 52.673 -5.393 40.728 52.673 -5 40.725 57.67 -5 40.61 57.67 -4.608 40.301 57.67 -4.34 39.897 57.67 -4.282 39.525 57.67 -4.452 39.304 57.67 -4.796 39.304 57.67 -5.204 39.525 57.67 -5.548 39.897 57.67 -5.718 40.301 57.67 -5.66 40.61 57.67 -5.392 40.725 57.67 -5 40.707 62.668 -5 40.595 62.668 -4.618 40.294 62.668 -4.357 39.899 62.668 -4.3 39.537 62.668 -4.465 39.321 62.668 -4.801 39.321 62.668 -5.199 39.537 62.668 -5.535 39.899 62.668 -5.7 40.294 62.668 -5.643 40.595 62.668 -5.382 40.707 62.668 -5 40.715 67.665 -5 40.602 67.665 -4.613 40.297 67.665 -4.35 39.898 67.665 -4.292 39.532 67.665 -4.46 39.314 67.665 -4.799 39.314 67.665 -5.201 39.532 67.665 -5.54 39.898 67.665 -5.708 40.297 67.665 -5.65 40.602 67.665 -5.387 40.715 67.665 -5"/></IndexedFaceSet></Shape><Shape><Appearance><Material diffuseColor="0.62 0.58 0.5" specularColor="0.35 0.34 0.3" shininess="0.55" ambientIntensity="0.22"/></Appearance><IndexedFaceSet solid="true" creaseAngle="1.0" coordIndex="0 1 13 12 -1 1 2 14 13 -1 2 3 15 14 -1 3 4 16 15 -1 4 5 17 16 -1 5 6 18 17 -1 6 7 19 18 -1 7 8 20 19 -1 8 9 21 20 -1 9 10 22 21 -1 10 11 23 22 -1 12 13 25 24 -1 13 14 26 25 -1 14 15 27 26 -1 15 16 28 27 -1 16 17 29 28 -1 17 18 30 29 -1 18 19 31 30 -1 19 20 32 31 -1 20 21 33 32 -1 21 22 34 33 -1 22 23 35 34 -1 24 25 37 36 -1 25 26 38 37 -1 26 27 39 38 -1 27 28 40 39 -1 28 29 41 40 -1 29 30 42 41 -1 30 31 43 42 -1 31 32 44 43 -1 32 33 45 44 -1 33 34 46 45 -1 34 35 47 46 -1 36 37 49 48 -1 37 38 50 49 -1 38 39 51 50 -1 39 40 52 51 -1 40 41 53 52 -1 41 42 54 53 -1 42 43 55 54 -1 43 44 56 55 -1 44 45 57 56 -1 45 46 58 57 -1 46 47 59 58 -1 48 49 61 60 -1 49 50 62 61 -1 50 51 63 62 -1 51 52 64 63 -1 52 53 65 64 -1 53 54 66 65 -1 54 55 67 66 -1 55 56 68 67 -1 56 57 69 68 -1 57 58 70 69 -1 58 59 71 70 -1 60 61 73 72 -1 61 62 74 73 -1 62 63 75 74 -1 63 64 76 75 -1 64 65 77 76 -1 65 66 78 77 -1 66 67 79 78 -1 67 68 80 79 -1 68 69 81 80 -1 69 70 82 81 -1 70 71 83 82 -1 72 73 85 84 -1 73 74 86 85 -1 74 75 87 86 -1 75 76 88 87 -1 76 77 89 88 -1 77 78 90 89 -1 78 79 91 90 -1 79 80 92 91 -1 80 81 93 92 -1 81 82 94 93 -1 82 83 95 94 -1 84 85 97 96 -1 85 86 98 97 -1 86 87 99 98 -1 87 88 100 99 -1 88 89 101 100 -1 89 90 102 101 -1 90 91 103 102 -1 91 92 104 103 -1 92 93 105 104 -1 93 94 106 105 -1 94 95 107 106 -1 96 97 109 108 -1 97 98 110 109 -1 98 99 111 110 -1 99 100 112 111 -1 100 101 113 112 -1 101 102 114 113 -1 102 103 115 114 -1 103 104 116 115 -1 104 105 117 116 -1 105 106 118 117 -1 106 107 119 118 -1 108 109 121 120 -1 109 110 122 121 -1 110 111 123 122 -1 111 112 124 123 -1 112 113 125 124 -1 113 114 126 125 -1 114 115 127 126 -1 115 116 128 127 -1 116 117 129 128 -1 117 118 130 129 -1 118 119 131 130 -1 120 121 133 132 -1 121 122 134 133 -1 122 123 135 134 -1 123 124 136 135 -1 124 125 137 136 -1 125 126 138 137 -1 126 127 139 138 -1 127 128 140 139 -1 128 129 141 140 -1 129 130 142 141 -1 130 131 143 142 -1 132 133 145 144 -1 133 134 146 145 -1 134 135 147 146 -1 135 136 148 147 -1 136 137 149 148 -1 137 138 150 149 -1 138 139 151 150 -1 139 140 152 151 -1 140 141 153 152 -1 141 142 154 153 -1 142 143 155 154 -1"><Coordinate point="74.001 9.405 -6.5 73.842 9.405 -5.959 73.416 9.405 -5.589 72.858 9.405 -5.509 72.344 9.405 -5.743 72.04 9.405 -6.218 72.04 9.405 -6.782 72.344 9.405 -7.257 72.858 9.405 -7.491 73.416 9.405 -7.411 73.842 9.405 -7.041 74.001 9.405 -6.5 73.934 13.685 -6.5 73.785 13.685 -5.995 73.388 13.685 -5.651 72.867 13.685 -5.576 72.389 13.685 -5.794 72.104 13.685 -6.237 72.104 13.685 -6.763 72.389 13.685 -7.206 72.867 13.685 -7.424 73.388 13.685 -7.349 73.785 13.685 -7.005 73.934 13.685 -6.5 73.912 17.966 -6.5 73.767 17.966 -6.007 73.379 17.966 -5.67 72.87 17.966 -5.597 72.403 17.966 -5.811 72.125 17.966 -6.243 72.125 17.966 -6.757 72.403 17.966 -7.189 72.87 17.966 -7.403 73.379 17.966 -7.33 73.767 17.966 -6.993 73.912 17.966 -6.5 73.908 22.246 -6.5 73.764 22.246 -6.009 73.377 22.246 -5.674 72.871 22.246 -5.601 72.405 22.246 -5.813 72.128 22.246 -6.244 72.128 22.246 -6.756 72.405 22.246 -7.187 72.871 22.246 -7.399 73.377 22.246 -7.326 73.764 22.246 -6.991 73.908 22.246 -6.5 73.865 26.527 -6.5 73.728 26.527 -6.032 73.359 26.527 -5.713 72.877 26.527 -5.644 72.433 26.527 -5.846 72.17 26.527 -6.256 72.17 26.527 -6.744 72.433 26.527 -7.154 72.877 26.527 -7.356 73.359 26.527 -7.287 73.728 26.527 -6.968 73.865 26.527 -6.5 73.745 30.807 -6.5 73.626 30.807 -6.097 73.309 30.807 -5.823 72.894 30.807 -5.763 72.512 30.807 -5.937 72.286 30.807 -6.29 72.286 30.807 -6.71 72.512 30.807 -7.063 72.894 30.807 -7.237 73.309 30.807 -7.177 73.626 30.807 -6.903 73.745 30.807 -6.5 73.558 35.088 -6.5 73.469 35.088 -6.199 73.232 35.088 -5.993 72.921 35.088 -5.948 72.635 35.088 -6.079 72.465 35.088 -6.343 72.465 35.088 -6.657 72.635 35.088 -6.921 72.921 35.088 -7.052 73.232 35.088 -7.007 73.469 35.088 -6.801 73.558 35.088 -6.5 73.681 39.368 -6.5 73.573 39.368 -6.132 73.283 39.368 -5.88 72.903 39.368 -5.826 72.554 39.368 -5.985 72.346 39.368 -6.308 72.346 39.368 -6.692 72.554 39.368 -7.015 72.903 39.368 -7.174 73.283 39.368 -7.12 73.573 39.368 -6.868 73.681 39.368 -6.5 73.752 43.649 -6.5 73.632 43.649 -6.094 73.312 43.649 -5.816 72.893 43.649 -5.756 72.508 43.649 -5.932 72.279 43.649 -6.288 72.279 43.649 -6.712 72.508 43.649 -7.068 72.893 43.649 -7.244 73.312 43.649 -7.184 73.632 43.649 -6.906 73.752 43.649 -6.5 73.806 47.929 -6.5 73.678 47.929 -6.064 73.335 47.929 -5.767 72.885 47.929 -5.702 72.472 47.929 -5.891 72.227 47.929 -6.273 72.227 47.929 -6.727 72.472 47.929 -7.109 72.885 47.929 -7.298 73.335 47.929 -7.233 73.678 47.929 -6.936 73.806 47.929 -6.5 73.892 52.21 -6.5 73.75 52.21 -6.018 73.37 52.21 -5.689 72.873 52.21 -5.617 72.416 52.21 -5.826 72.144 52.21 -6.249 72.144 52.21 -6.751 72.416 52.21 -7.174 72.873 52.21 -7.383 73.37 52.21 -7.311 73.75 52.21 -6.982 73.892 52.21 -6.5 74.022 56.49 -6.5 73.859 56.49 -5.948 73.424 56.49 -5.571 72.855 56.49 -5.489 72.331 56.49 -5.728 72.02 56.49 -6.212 72.02 56.49 -6.788 72.331 56.49 -7.272 72.855 56.49 -7.511 73.424 56.49 -7.429 73.859 56.49 -7.052 74.022 56.49 -6.5 74.154 60.771 -6.5 73.971 60.771 -5.876 73.479 60.771 -5.45 72.836 60.771 -5.357 72.244 60.771 -5.628 71.893 60.771 -6.175 71.893 60.771 -6.825 72.244 60.771 -7.372 72.836 60.771 -7.643 73.479 60.771 -7.55 73.971 60.771 -7.124 74.154 60.771 -6.5"/></IndexedFaceSet></Shape><Transform translation="80.18 11.698 -7.044" rotation="0.838 0.582 0.017 2.632"><Shape><Appearance><Material diffuseColor="0.38 0.3 0.23" specularColor="0.04 0.035 0.03" ambientIntensity="0.2"/></Appearance><Box size="1.836 0.903 1.526"/></Shape></Transform><Transform translation="81.204 11.781 -4.239" rotation="0.262 0.871 0.326 1.452"><Shape><Appearance><Material diffuseColor="0.38 0.3 0.23" specularColor="0.04 0.035 0.03" ambientIntensity="0.2"/></Appearance><Box size="5.213 2.48 3.666"/></Shape></Transform><Transform translation="67.326 7.099 -2.259" rotation="0.282 0.317 0.235 5.263"><Shape><Appearance><Material diffuseColor="0.38 0.3 0.23" specularColor="0.04 0.035 0.03" ambientIntensity="0.2"/></Appearance><Box size="3.084 2.362 2.991"/></Shape></Transform><Transform translation="41.088 7.376 -12.742" rotation="0.571 0.626 0.173 1.647"><Shape><Appearance><Material diffuseColor="0.38 0.3 0.23" specularColor="0.04 0.035 0.03" ambientIntensity="0.2"/></Appearance><Box size="3.327 2.188 2.782"/></Shape></Transform><Transform translation="18.746 11.135 -5.983" rotation="0.017 0.535 0.372 1.769"><Shape><Appearance><Material diffuseColor="0.38 0.3 0.23" specularColor="0.04 0.035 0.03" ambientIntensity="0.2"/></Appearance><Box size="2.31 1.371 2.48"/></Shape></Transform><Transform translation="98.566 6.282 -3.915" rotation="0.326 0.473 0.954 3.59"><Shape><Appearance><Material diffuseColor="0.38 0.3 0.23" specularColor="0.04 0.035 0.03" ambientIntensity="0.2"/></Appearance><Box size="2.09 1.175 1.725"/></Shape></Transform><Transform translation="71.244 8.839 -4.285" rotation="0.235 0.672 0.549 0.106"><Shape><Appearance><Material diffuseColor="0.38 0.3 0.23" specularColor="0.04 0.035 0.03" ambientIntensity="0.2"/></Appearance><Box size="2.895 2.492 2.34"/></Shape></Transform><Transform translation="78.351 11.395 -3.978" rotation="0.173 1.254 0.655 2.051"><Shape><Appearance><Material diffuseColor="0.38 0.3 0.23" specularColor="0.04 0.035 0.03" ambientIntensity="0.2"/></Appearance><Box size="2.063 1.306 2.319"/></Shape></Transform><Transform translation="35.695 10.029 -7.029" rotation="0.372 0.849 0.255 1.475"><Shape><Appearance><Material diffuseColor="0.38 0.3 0.23" specularColor="0.04 0.035 0.03" ambientIntensity="0.2"/></Appearance><Box size="3.175 1.428 1.611"/></Shape></Transform><Transform translation="36.525 9.623 -5.056" rotation="0.954 0.955 0.519 1.087"><Shape><Appearance><Material diffuseColor="0.38 0.3 0.23" specularColor="0.04 0.035 0.03" ambientIntensity="0.2"/></Appearance><Box size="1.748 1.398 1.623"/></Shape></Transform><Transform translation="58.035 4.321 -6.197" rotation="0.549 0.555 0.431 2.335"><Shape><Appearance><Material diffuseColor="0.38 0.3 0.23" specularColor="0.04 0.035 0.03" ambientIntensity="0.2"/></Appearance><Box size="3.458 1.626 2.949"/></Shape></Transform><Transform translation="53 3.993 -5" rotation="1 0 0 1.5707"><Shape><Appearance><Material diffuseColor="0.05 0.13 0.16" specularColor="0.6 0.7 0.75" shininess="0.85" transparency="0.4" ambientIntensity="0.1"/></Appearance><Cylinder height="0.15" radius="6" top="true" side="false" bottom="false"/></Shape></Transform><Transform translation="64 5.701 -9" rotation="1 0 0 1.5707"><Shape><Appearance><Material diffuseColor="0.05 0.13 0.16" specularColor="0.6 0.7 0.75" shininess="0.85" transparency="0.4" ambientIntensity="0.1"/></Appearance><Cylinder height="0.15" radius="3.2" top="true" side="false" bottom="false"/></Shape></Transform><Transform translation="22 12.161 -7" rotation="1 0 0 1.5707"><Shape><Appearance><Material diffuseColor="0.05 0.13 0.16" specularColor="0.6 0.7 0.75" shininess="0.85" transparency="0.4" ambientIntensity="0.1"/></Appearance><Cylinder height="0.15" radius="2.6" top="true" side="false" bottom="false"/></Shape></Transform><Transform translation="9 24.865 -3"><Shape><Appearance><Material emissiveColor="0.4 0.52 0.72" transparency="0.9"/></Appearance><Cone bottomRadius="7" height="36.373" side="true" bottom="false"/></Shape></Transform><Transform translation="26 74.567 -3"><Shape><Appearance><Material diffuseColor="0.05 0.05 0.06" emissiveColor="0.05 0.05 0.06" ambientIntensity="0.2"/></Appearance><Cylinder height="34" radius="3.2" side="true" top="false" bottom="false"/></Shape></Transform><Transform translation="82 71.57 -3"><Shape><Appearance><Material diffuseColor="0.05 0.05 0.06" emissiveColor="0.05 0.05 0.06" ambientIntensity="0.2"/></Appearance><Cylinder height="30" radius="2.8" side="true" top="false" bottom="false"/></Shape></Transform><Transform translation="9 54.052 -3"><Shape><Appearance><Material diffuseColor="0.04 0.04 0.05" emissiveColor="0.04 0.04 0.05" ambientIntensity="0.2"/></Appearance><Cylinder height="42" radius="4" side="true" top="false" bottom="false"/></Shape></Transform><Group><Transform translation="32 1.33 -6"><Shape><Appearance><Material diffuseColor="0.32 0.24 0.18" ambientIntensity="0.5"/></Appearance><Box size="5 6 5"/></Shape></Transform><Transform translation="32 6.33 -6"><Shape><Appearance><Material diffuseColor="0.45 0.34 0.26" ambientIntensity="0.5"/></Appearance><Box size="5 4 5"/></Shape></Transform><Transform translation="32 9.08 -6"><Shape><Appearance><Material diffuseColor="0.78 0.76 0.70" ambientIntensity="0.5"/></Appearance><Box size="5 1.5 5"/></Shape></Transform><Transform translation="32 10.83 -6"><Shape><Appearance><Material diffuseColor="0.5 0.38 0.28" ambientIntensity="0.5"/></Appearance><Box size="5 2 5"/></Shape></Transform></Group><Group><Transform translation="55.64 6.391 -4"><Shape><Appearance><Material diffuseColor="0.88 0.52 0.2" emissiveColor="0.18 0.09 0.02" ambientIntensity="0.6"/></Appearance><Cylinder height="5.2" radius="0.55"/></Shape></Transform><Transform translation="55.64 9.441 -4"><Shape><Appearance><Material diffuseColor="0.88 0.52 0.2" emissiveColor="0.18 0.09 0.02" ambientIntensity="0.6"/></Appearance><Sphere radius="0.45"/></Shape></Transform></Group></Group>
</Scene>
</X3D>
