<?xml version="1.0" encoding="UTF-8"?>
<X3D profile='Immersive' version='4.0' xmlns:xsd='https://www.w3.org/2001/XMLSchema-instance' xsd:noNamespaceSchemaLocation='https://www.web3d.org/specifications/x3d-4.0.xsd'>
  <head>
    <component level='1' name='HAnim'/>
    <meta content='running_human.x3d' name='title'/>
    <meta content='HAnim 2.0 LOA-5 humanoid (150 joints, centers from the Web3D AllBonesLOA5Skeletons draft) running a slalom course; gait cadence synchronized to ground speed. Built with x3d.py.' name='description'/>
    <meta content='generate_runner.py (x3d.py canonical pipeline)' name='generator'/>
  </head>
  <Scene>
    <WorldInfo title='HAnim LOA-4 Running Figure'/>
    <Background groundColor='0.12 0.16 0.12' skyAngle='1.2' skyColor='0.5 0.65 0.85 0.15 0.22 0.35'/>
    <NavigationInfo speed='3' type='"EXAMINE" "WALK" "ANY"'/>
    <Viewpoint DEF='Overview' description='Course overview' orientation='0.2 0.95 0.2 2.5' position='9 7 -6'/>
    <Viewpoint DEF='StartLine' description='Start line' orientation='0 1 0 0.7' position='3.5 1.5 -3'/>
    <DirectionalLight ambientIntensity='0.4' direction='-0.4 -1 -0.5' intensity='0.9'/>
    <DirectionalLight direction='0.6 -0.4 0.6' intensity='0.4'/>
    <Transform translation='0 -0.01 13'>
      <Shape>
        <Appearance>
          <Material diffuseColor='0.2 0.34 0.22' shininess='0.3' specularColor='0.2 0.2 0.2'/>
        </Appearance>
        <Box size='14 0.02 34'/>
      </Shape>
    </Transform>
    <Transform translation='0 0.001 13'>
      <Shape>
        <Appearance>
          <Material diffuseColor='0.85 0.82 0.5' shininess='0.3' specularColor='0.2 0.2 0.2'/>
        </Appearance>
        <Box size='0.18 0.02 32'/>
      </Shape>
    </Transform>
    <Transform translation='0 0.2 9.0'>
      <Shape>
        <Appearance>
          <Material diffuseColor='0.95 0.45 0.1' shininess='0.3' specularColor='0.2 0.2 0.2'/>
        </Appearance>
        <Cone bottomRadius='0.18' height='0.4'/>
      </Shape>
    </Transform>
    <Transform translation='0 0.2 13.0'>
      <Shape>
        <Appearance>
          <Material diffuseColor='0.95 0.45 0.1' shininess='0.3' specularColor='0.2 0.2 0.2'/>
        </Appearance>
        <Cone bottomRadius='0.18' height='0.4'/>
      </Shape>
    </Transform>
    <Transform translation='0 0.2 17.0'>
      <Shape>
        <Appearance>
          <Material diffuseColor='0.95 0.45 0.1' shininess='0.3' specularColor='0.2 0.2 0.2'/>
        </Appearance>
        <Cone bottomRadius='0.18' height='0.4'/>
      </Shape>
    </Transform>
    <Transform translation='-1.6 0.6 0'>
      <Shape>
        <Appearance>
          <Material diffuseColor='0.8 0.8 0.85' shininess='0.3' specularColor='0.2 0.2 0.2'/>
        </Appearance>
        <Box size='0.12 1.2 0.12'/>
      </Shape>
    </Transform>
    <Transform translation='1.6 0.6 0'>
      <Shape>
        <Appearance>
          <Material diffuseColor='0.8 0.8 0.85' shininess='0.3' specularColor='0.2 0.2 0.2'/>
        </Appearance>
        <Box size='0.12 1.2 0.12'/>
      </Shape>
    </Transform>
    <Transform translation='0 1.9 28'>
      <Shape>
        <Appearance>
          <Material diffuseColor='0.85 0.15 0.15' shininess='0.3' specularColor='0.2 0.2 0.2'/>
        </Appearance>
        <Box size='3.4 0.45 0.08'/>
      </Shape>
    </Transform>
    <Transform translation='-1.6 0.9 28'>
      <Shape>
        <Appearance>
          <Material diffuseColor='0.8 0.8 0.85' shininess='0.3' specularColor='0.2 0.2 0.2'/>
        </Appearance>
        <Box size='0.12 1.8 0.12'/>
      </Shape>
    </Transform>
    <Transform translation='1.6 0.9 28'>
      <Shape>
        <Appearance>
          <Material diffuseColor='0.8 0.8 0.85' shininess='0.3' specularColor='0.2 0.2 0.2'/>
        </Appearance>
        <Box size='0.12 1.8 0.12'/>
      </Shape>
    </Transform>
    <Transform DEF='Traveler'>
      <Viewpoint DEF='ChaseCam' description='Chase cam (runner)' orientation='0 1 0 3.14159' position='0 1.5 -3.2'/>
      <HAnimHumanoid DEF='Human' version='2.0' loa='5' name='humanoid'>
        <HAnimJoint DEF='humanoid_root' containerField='skeleton' center='0.0 0.826 -0.016' name='humanoid_root'>
          <HAnimSegment DEF='seg_sacrum' name='sacrum'>
            <Transform translation='0.0 0.826 -0.016'>
              <Shape>
                <Appearance>
                  <Material diffuseColor='0.93 0.78 0.3' shininess='0.3' specularColor='0.2 0.2 0.2'/>
                </Appearance>
                <Sphere radius='0.016'/>
              </Shape>
            </Transform>
            <Transform rotation='-0.9997139571678161 0.0 -0.02391660184612 0.11016580068396499' translation='0.00025 0.9204999999999999 -0.02645'>
              <Shape>
                <Appearance>
                  <Material diffuseColor='0.95 0.91 0.82' shininess='0.3' specularColor='0.2 0.2 0.2'/>
                </Appearance>
                <Cylinder height='0.19015272808981729' radius='0.024'/>
              </Shape>
            </Transform>
            <Transform rotation='-1.0 0.0 -0.0 0.10794570106368127' translation='0.0 0.9252 -0.02675'>
              <Shape>
                <Appearance>
                  <Material diffuseColor='0.95 0.91 0.82' shininess='0.3' specularColor='0.2 0.2 0.2'/>
                </Appearance>
                <Cylinder height='0.1995615443916989' radius='0.024'/>
              </Shape>
            </Transform>
          </HAnimSegment>
          <HAnimJoint DEF='sacroiliac' center='0.0005 1.015 -0.0369' name='sacroiliac'>
            <HAnimSegment DEF='seg_pelvis' name='pelvis'>
              <Transform translation='0.0005 1.015 -0.0369'>
                <Shape>
                  <Appearance>
                    <Material diffuseColor='0.93 0.78 0.3' shininess='0.3' specularColor='0.2 0.2 0.2'/>
                  </Appearance>
                  <Sphere radius='0.015'/>
                </Shape>
              </Transform>
              <Transform rotation='0.16439898730535732 0.0 -0.9863939238321437 2.487290574304215' translation='0.035 0.9693999999999999 -0.03115'>
                <Shape>
                  <Appearance>
                    <Material diffuseColor='0.95 0.91 0.82' shininess='0.3' specularColor='0.2 0.2 0.2'/>
                  </Appearance>
                  <Cylinder height='0.1149377657691326' radius='0.024'/>
                </Shape>
              </Transform>
              <Transform rotation='0.16211258690835806 0.0 0.9867722681378314 2.4805151878262066' translation='-0.0345 0.9693999999999999 -0.03115'>
                <Shape>
                  <Appearance>
                    <Material diffuseColor='0.95 0.91 0.82' shininess='0.3' specularColor='0.2 0.2 0.2'/>
                  </Appearance>
                  <Cylinder height='0.1155408585739261' radius='0.024'/>
                </Shape>
              </Transform>
            </HAnimSegment>
            <HAnimJoint DEF='l_hip' center='0.0695 0.9238 -0.0254' name='l_hip'>
              <HAnimSegment DEF='seg_l_thigh' name='l_thigh'>
                <Transform translation='0.0695 0.9238 -0.0254'>
                  <Shape>
                    <Appearance>
                      <Material diffuseColor='0.93 0.78 0.3' shininess='0.3' specularColor='0.2 0.2 0.2'/>
                    </Appearance>
                    <Sphere radius='0.04'/>
                  </Shape>
                </Transform>
                <Transform rotation='-0.47506531907044014 0.0 -0.8799505341872921 3.101388989666079' translation='0.07765 0.69355 -0.0298'>
                  <Shape>
                    <Appearance>
                      <Material diffuseColor='0.95 0.91 0.82' shininess='0.3' specularColor='0.2 0.2 0.2'/>
                    </Appearance>
                    <Cylinder height='0.46087241184518735' radius='0.042'/>
                  </Shape>
                </Transform>
              </HAnimSegment>
              <HAnimJoint DEF='l_knee' center='0.0858 0.4633 -0.0342' name='l_knee'>
                <HAnimSegment DEF='seg_l_calf' name='l_calf'>
                  <Transform translation='0.0858 0.4633 -0.0342'>
                    <Shape>
                      <Appearance>
                        <Material diffuseColor='0.93 0.78 0.3' shininess='0.3' specularColor='0.2 0.2 0.2'/>
                      </Appearance>
                      <Sphere radius='0.035'/>
                    </Shape>
                  </Transform>
                  <Transform rotation='-0.9312427797057533 0.0 0.3643993485805122 3.057387320256426' translation='0.07995 0.2731 -0.04915'>
                    <Shape>
                      <Appearance>
                        <Material diffuseColor='0.95 0.91 0.82' shininess='0.3' specularColor='0.2 0.2 0.2'/>
                      </Appearance>
                      <Cylinder height='0.3817526162320305' radius='0.034'/>
                    </Shape>
                  </Transform>
                </HAnimSegment>
                <HAnimJoint DEF='l_talocrural' center='0.0741 0.0829 -0.0641' name='l_talocrural'>
                  <HAnimSegment DEF='seg_l_talus' name='l_talus'>
                    <Transform translation='0.0741 0.0829 -0.0641'>
                      <Shape>
                        <Appearance>
                          <Material diffuseColor='0.93 0.78 0.3' shininess='0.3' specularColor='0.2 0.2 0.2'/>
                        </Appearance>
                        <Sphere radius='0.024'/>
                      </Shape>
                    </Transform>
                    <Transform rotation='0.9082313675487337 0.0 0.41846837753951877 2.342678263728536' translation='0.06735 0.0672 -0.04945'>
                      <Shape>
                        <Appearance>
                          <Material diffuseColor='0.95 0.91 0.82' shininess='0.3' specularColor='0.2 0.2 0.2'/>
                        </Appearance>
                        <Cylinder height='0.04501888492621736' radius='0.0075'/>
                      </Shape>
                    </Transform>
                    <Transform rotation='-0.9990723388047658 0.0 -0.043063462879515804 2.6998233092193047' translation='0.0746 0.05835 -0.0757'>
                      <Shape>
                        <Appearance>
                          <Material diffuseColor='0.95 0.91 0.82' shininess='0.3' specularColor='0.2 0.2 0.2'/>
                        </Appearance>
                        <Cylinder height='0.05431436274135968' radius='0.0075'/>
                      </Shape>
                    </Transform>
                    <Transform translation='0.0741 0.0529 -0.09910000000000001'>
                      <Shape>
                        <Appearance>
                          <Material diffuseColor='0.95 0.91 0.82' shininess='0.3' specularColor='0.2 0.2 0.2'/>
                        </Appearance>
                        <Sphere radius='0.022'/>
                      </Shape>
                    </Transform>
                  </HAnimSegment>
                  <HAnimJoint DEF='l_talocalcaneonavicular' center='0.0606 0.0515 -0.0348' name='l_talocalcaneonavicular'>
                    <HAnimSegment DEF='seg_l_navicular' name='l_navicular'>
                      <Transform translation='0.0606 0.0515 -0.0348'>
                        <Shape>
                          <Appearance>
                            <Material diffuseColor='0.93 0.78 0.3' shininess='0.3' specularColor='0.2 0.2 0.2'/>
                          </Appearance>
                          <Sphere radius='0.016'/>
                        </Shape>
                      </Transform>
                      <Transform rotation='0.941399736259507 0.0 -0.3372929536330853 1.6511703776200957' translation='0.06395 0.050699999999999995 -0.02545'>
                        <Shape>
                          <Appearance>
                            <Material diffuseColor='0.95 0.91 0.82' shininess='0.3' specularColor='0.2 0.2 0.2'/>
                          </Appearance>
                          <Cylinder height='0.019928371734790572' radius='0.012'/>
                        </Shape>
                      </Transform>
                      <Transform rotation='0.5073461482218379 0.0 -0.8617423547003275 1.7079576513267636' translation='0.07214999999999999 0.04965 -0.027999999999999997'>
                        <Shape>
                          <Appearance>
                            <Material diffuseColor='0.95 0.91 0.82' shininess='0.3' specularColor='0.2 0.2 0.2'/>
                          </Appearance>
                          <Cylinder height='0.02706030302860631' radius='0.012'/>
                        </Shape>
                      </Transform>
                      <Transform rotation='0.9804225819559069 0.0 0.19690495369825745 1.9172301838257615' translation='0.0582 0.0471 -0.02285'>
                        <Shape>
                          <Appearance>
                            <Material diffuseColor='0.95 0.91 0.82' shininess='0.3' specularColor='0.2 0.2 0.2'/>
                          </Appearance>
                          <Cylinder height='0.02591698284908951' radius='0.012'/>
                        </Shape>
                      </Transform>
                    </HAnimSegment>
                    <HAnimJoint DEF='l_cuneonavicular_1' center='0.0673 0.0499 -0.0161' name='l_cuneonavicular_1'>
                      <HAnimSegment DEF='seg_l_cuneiform_1' name='l_cuneiform_1'>
                        <Transform translation='0.0673 0.0499 -0.0161'>
                          <Shape>
                            <Appearance>
                              <Material diffuseColor='0.93 0.78 0.3' shininess='0.3' specularColor='0.2 0.2 0.2'/>
                            </Appearance>
                            <Sphere radius='0.016'/>
                          </Shape>
                        </Transform>
                        <Transform rotation='0.9931662159351025 0.0 0.11670847237947056 2.0570774925795323' translation='0.06475 0.03835 0.005600000000000001'>
                          <Shape>
                            <Appearance>
                              <Material diffuseColor='0.95 0.91 0.82' shininess='0.3' specularColor='0.2 0.2 0.2'/>
                            </Appearance>
                            <Cylinder height='0.049428534269185045' radius='0.012'/>
                          </Shape>
                        </Transform>
                      </HAnimSegment>
                      <HAnimJoint DEF='l_tarsometatarsal_1' center='0.0622 0.0268 0.0273' name='l_tarsometatarsal_1'>
                        <HAnimSegment DEF='seg_l_metatarsal_1' name='l_metatarsal_1'>
                          <Transform translation='0.0622 0.0268 0.0273'>
                            <Shape>
                              <Appearance>
                                <Material diffuseColor='0.93 0.78 0.3' shininess='0.3' specularColor='0.2 0.2 0.2'/>
                              </Appearance>
                              <Sphere radius='0.016'/>
                            </Shape>
                          </Transform>
                        </HAnimSegment>
                        <HAnimJoint DEF='l_metatarsophalangeal_1' center='0.0662 0.0109 0.0729' name='l_metatarsophalangeal_1'>
                          <HAnimSegment DEF='seg_l_tarsal_proximal_phalanx_1' name='l_tarsal_proximal_phalanx_1'/>
                          <HAnimJoint DEF='l_tarsal_interphalangeal_1' center='0.0683 0.0052 0.0961' name='l_tarsal_interphalangeal_1'>
                            <HAnimSegment DEF='seg_l_tarsal_distal_phalanx_1' name='l_tarsal_distal_phalanx_1'/>
                          </HAnimJoint>
                        </HAnimJoint>
                      </HAnimJoint>
                    </HAnimJoint>
                    <HAnimJoint DEF='l_cuneonavicular_2' center='0.0837 0.0478 -0.0212' name='l_cuneonavicular_2'>
                      <HAnimSegment DEF='seg_l_cuneiform_2' name='l_cuneiform_2'>
                        <Transform translation='0.0837 0.0478 -0.0212'>
                          <Shape>
                            <Appearance>
                              <Material diffuseColor='0.93 0.78 0.3' shininess='0.3' specularColor='0.2 0.2 0.2'/>
                            </Appearance>
                            <Sphere radius='0.016'/>
                          </Shape>
                        </Transform>
                        <Transform rotation='0.9906825448903479 0.0 0.13619139198049124 1.8550381234916538' translation='0.0806 0.041150000000000006 0.0013500000000000005'>
                          <Shape>
                            <Appearance>
                              <Material diffuseColor='0.95 0.91 0.82' shininess='0.3' specularColor='0.2 0.2 0.2'/>
                            </Appearance>
                            <Cylinder height='0.04742720738141769' radius='0.012'/>
                          </Shape>
                        </Transform>
                      </HAnimSegment>
                      <HAnimJoint DEF='l_tarsometatarsal_2' center='0.0775 0.0345 0.0239' name='l_tarsometatarsal_2'>
                        <HAnimSegment DEF='seg_l_metatarsal_2' name='l_metatarsal_2'>
                          <Transform translation='0.0775 0.0345 0.0239'>
                            <Shape>
                              <Appearance>
                                <Material diffuseColor='0.93 0.78 0.3' shininess='0.3' specularColor='0.2 0.2 0.2'/>
                              </Appearance>
                              <Sphere radius='0.016'/>
                            </Shape>
                          </Transform>
                        </HAnimSegment>
                        <HAnimJoint DEF='l_metatarsophalangeal_2' center='0.089 0.0164 0.0573' name='l_metatarsophalangeal_2'>
                          <HAnimSegment DEF='seg_l_tarsal_proximal_phalanx_2' name='l_tarsal_proximal_phalanx_2'/>
                          <HAnimJoint DEF='l_tarsal_proximal_interphalangeal_2' center='0.0945 0.0056 0.0925' name='l_tarsal_proximal_interphalangeal_2'>
                            <HAnimSegment DEF='seg_l_tarsal_middle_phalanx_2' name='l_tarsal_middle_phalanx_2'/>
                            <HAnimJoint DEF='l_tarsal_distal_interphalangeal_2' center='0.0969 0.0037 0.1046' name='l_tarsal_distal_interphalangeal_2'>
                              <HAnimSegment DEF='seg_l_tarsal_distal_phalanx_2' name='l_tarsal_distal_phalanx_2'/>
                            </HAnimJoint>
                          </HAnimJoint>
                        </HAnimJoint>
                      </HAnimJoint>
                    </HAnimJoint>
                    <HAnimJoint DEF='l_cuneonavicular_3' center='0.0558 0.0427 -0.0109' name='l_cuneonavicular_3'>
                      <HAnimSegment DEF='seg_l_cuneiform_3' name='l_cuneiform_3'>
                        <Transform translation='0.0558 0.0427 -0.0109'>
                          <Shape>
                            <Appearance>
                              <Material diffuseColor='0.93 0.78 0.3' shininess='0.3' specularColor='0.2 0.2 0.2'/>
                            </Appearance>
                            <Sphere radius='0.016'/>
                          </Shape>
                        </Transform>
                        <Transform rotation='0.6313899422012887 0.0 -0.7754654994821195 1.7734934643113776' translation='0.0741 0.03785 0.004'>
                          <Shape>
                            <Appearance>
                              <Material diffuseColor='0.95 0.91 0.82' shininess='0.3' specularColor='0.2 0.2 0.2'/>
                            </Appearance>
                            <Cylinder height='0.04818391847909424' radius='0.012'/>
                          </Shape>
                        </Transform>
                      </HAnimSegment>
                      <HAnimJoint DEF='l_tarsometatarsal_3' center='0.0924 0.033 0.0189' name='l_tarsometatarsal_3'>
                        <HAnimSegment DEF='seg_l_metatarsal_3' name='l_metatarsal_3'>
                          <Transform translation='0.0924 0.033 0.0189'>
                            <Shape>
                              <Appearance>
                                <Material diffuseColor='0.93 0.78 0.3' shininess='0.3' specularColor='0.2 0.2 0.2'/>
                              </Appearance>
                              <Sphere radius='0.016'/>
                            </Shape>
                          </Transform>
                        </HAnimSegment>
                        <HAnimJoint DEF='l_metatarsophalangeal_3' center='0.1045 0.0111 0.0631' name='l_metatarsophalangeal_3'>
                          <HAnimSegment DEF='seg_l_tarsal_proximal_phalanx_3' name='l_tarsal_proximal_phalanx_3'/>
                          <HAnimJoint DEF='l_tarsal_proximal_interphalangeal_3' center='0.1094 0.0057 0.0825' name='l_tarsal_proximal_interphalangeal_3'>
                            <HAnimSegment DEF='seg_l_tarsal_middle_phalanx_3' name='l_tarsal_middle_phalanx_3'/>
                            <HAnimJoint DEF='l_tarsal_distal_interphalangeal_3' center='0.1109 0.0049 0.0921' name='l_tarsal_distal_interphalangeal_3'>
                              <HAnimSegment DEF='seg_l_tarsal_distal_phalanx_3' name='l_tarsal_distal_phalanx_3'/>
                            </HAnimJoint>
                          </HAnimJoint>
                        </HAnimJoint>
                      </HAnimJoint>
                    </HAnimJoint>
                  </HAnimJoint>
                  <HAnimJoint DEF='l_calcaneocuboid' center='0.0751 0.0338 -0.0873' name='l_calcaneocuboid'>
                    <HAnimSegment DEF='seg_l_calcaneus' name='l_calcaneus'>
                      <Transform translation='0.0751 0.0338 -0.0873'>
                        <Shape>
                          <Appearance>
                            <Material diffuseColor='0.93 0.78 0.3' shininess='0.3' specularColor='0.2 0.2 0.2'/>
                          </Appearance>
                          <Sphere radius='0.016'/>
                        </Shape>
                      </Transform>
                      <Transform rotation='0.9767739140960919 0.0 -0.21427253846771974 1.4138074346782354' translation='0.08065 0.0379 -0.062'>
                        <Shape>
                          <Appearance>
                            <Material diffuseColor='0.95 0.91 0.82' shininess='0.3' specularColor='0.2 0.2 0.2'/>
                          </Appearance>
                          <Cylinder height='0.052448164886867106' radius='0.012'/>
                        </Shape>
                      </Transform>
                    </HAnimSegment>
                    <HAnimJoint DEF='l_transversetarsal' center='0.0862 0.042 -0.0367' name='l_transversetarsal'>
                      <HAnimSegment DEF='seg_l_cuboid' name='l_cuboid'>
                        <Transform translation='0.0862 0.042 -0.0367'>
                          <Shape>
                            <Appearance>
                              <Material diffuseColor='0.93 0.78 0.3' shininess='0.3' specularColor='0.2 0.2 0.2'/>
                            </Appearance>
                            <Sphere radius='0.016'/>
                          </Shape>
                        </Transform>
                        <Transform rotation='0.9321673102199269 0.0 -0.36202776931797176 1.8454900860082448' translation='0.09455 0.035500000000000004 -0.015200000000000002'>
                          <Shape>
                            <Appearance>
                              <Material diffuseColor='0.95 0.91 0.82' shininess='0.3' specularColor='0.2 0.2 0.2'/>
                            </Appearance>
                            <Cylinder height='0.04792588027360583' radius='0.012'/>
                          </Shape>
                        </Transform>
                        <Transform rotation='0.6884027920698074 0.0 -0.725328612334088 1.9812722655997168' translation='0.09995 0.03375 -0.02365'>
                          <Shape>
                            <Appearance>
                              <Material diffuseColor='0.95 0.91 0.82' shininess='0.3' specularColor='0.2 0.2 0.2'/>
                            </Appearance>
                            <Cylinder height='0.0413486396390498' radius='0.012'/>
                          </Shape>
                        </Transform>
                      </HAnimSegment>
                      <HAnimJoint DEF='l_tarsometatarsal_4' center='0.1029 0.029 0.0063' name='l_tarsometatarsal_4'>
                        <HAnimSegment DEF='seg_l_metatarsal_4' name='l_metatarsal_4'>
                          <Transform translation='0.1029 0.029 0.0063'>
                            <Shape>
                              <Appearance>
                                <Material diffuseColor='0.93 0.78 0.3' shininess='0.3' specularColor='0.2 0.2 0.2'/>
                              </Appearance>
                              <Sphere radius='0.016'/>
                            </Shape>
                          </Transform>
                        </HAnimSegment>
                        <HAnimJoint DEF='l_metatarsophalangeal_4' center='0.1161 0.0116 0.0465' name='l_metatarsophalangeal_4'>
                          <HAnimSegment DEF='seg_l_tarsal_proximal_phalanx_4' name='l_tarsal_proximal_phalanx_4'/>
                          <HAnimJoint DEF='l_tarsal_proximal_interphalangeal_4' center='0.1203 0.0082 0.0633' name='l_tarsal_proximal_interphalangeal_4'>
                            <HAnimSegment DEF='seg_l_tarsal_middle_phalanx_4' name='l_tarsal_middle_phalanx_4'/>
                            <HAnimJoint DEF='l_tarsal_distal_interphalangeal_4' center='0.1211 0.0073 0.0711' name='l_tarsal_distal_interphalangeal_4'>
                              <HAnimSegment DEF='seg_l_tarsal_distal_phalanx_4' name='l_tarsal_distal_phalanx_4'/>
                            </HAnimJoint>
                          </HAnimJoint>
                        </HAnimJoint>
                      </HAnimJoint>
                      <HAnimJoint DEF='l_tarsometatarsal_5' center='0.1137 0.0255 -0.0106' name='l_tarsometatarsal_5'>
                        <HAnimSegment DEF='seg_l_metatarsal_5' name='l_metatarsal_5'>
                          <Transform translation='0.1137 0.0255 -0.0106'>
                            <Shape>
                              <Appearance>
                                <Material diffuseColor='0.93 0.78 0.3' shininess='0.3' specularColor='0.2 0.2 0.2'/>
                              </Appearance>
                              <Sphere radius='0.016'/>
                            </Shape>
                          </Transform>
                        </HAnimSegment>
                        <HAnimJoint DEF='l_metatarsophalangeal_5' center='0.126 0.0138 0.034' name='l_metatarsophalangeal_5'>
                          <HAnimSegment DEF='seg_l_tarsal_proximal_phalanx_5' name='l_tarsal_proximal_phalanx_5'/>
                          <HAnimJoint DEF='l_tarsal_proximal_interphalangeal_5' center='0.1314 0.0099 0.0505' name='l_tarsal_proximal_interphalangeal_5'>
                            <HAnimSegment DEF='seg_l_tarsal_middle_phalanx_5' name='l_tarsal_middle_phalanx_5'/>
                            <HAnimJoint DEF='l_tarsal_distal_interphalangeal_5' center='0.1273 0.0086 0.1019' name='l_tarsal_distal_interphalangeal_5'>
                              <HAnimSegment DEF='seg_l_tarsal_distal_phalanx_5' name='l_tarsal_distal_phalanx_5'/>
                            </HAnimJoint>
                          </HAnimJoint>
                        </HAnimJoint>
                      </HAnimJoint>
                    </HAnimJoint>
                  </HAnimJoint>
                </HAnimJoint>
              </HAnimJoint>
            </HAnimJoint>
            <HAnimJoint DEF='r_hip' center='-0.0695 0.9238 -0.0254' name='r_hip'>
              <HAnimSegment DEF='seg_r_thigh' name='r_thigh'>
                <Transform translation='-0.0695 0.9238 -0.0254'>
                  <Shape>
                    <Appearance>
                      <Material diffuseColor='0.93 0.78 0.3' shininess='0.3' specularColor='0.2 0.2 0.2'/>
                    </Appearance>
                    <Sphere radius='0.04'/>
                  </Shape>
                </Transform>
                <Transform rotation='-0.47506531907044014 0.0 0.8799505341872921 3.101388989666079' translation='-0.07765 0.69355 -0.0298'>
                  <Shape>
                    <Appearance>
                      <Material diffuseColor='0.95 0.91 0.82' shininess='0.3' specularColor='0.2 0.2 0.2'/>
                    </Appearance>
                    <Cylinder height='0.46087241184518735' radius='0.042'/>
                  </Shape>
                </Transform>
              </HAnimSegment>
              <HAnimJoint DEF='r_knee' center='-0.0858 0.4633 -0.0342' name='r_knee'>
                <HAnimSegment DEF='seg_r_calf' name='r_calf'>
                  <Transform translation='-0.0858 0.4633 -0.0342'>
                    <Shape>
                      <Appearance>
                        <Material diffuseColor='0.93 0.78 0.3' shininess='0.3' specularColor='0.2 0.2 0.2'/>
                      </Appearance>
                      <Sphere radius='0.035'/>
                    </Shape>
                  </Transform>
                  <Transform rotation='-0.9312427797057533 0.0 -0.3643993485805122 3.057387320256426' translation='-0.07995 0.2731 -0.04915'>
                    <Shape>
                      <Appearance>
                        <Material diffuseColor='0.95 0.91 0.82' shininess='0.3' specularColor='0.2 0.2 0.2'/>
                      </Appearance>
                      <Cylinder height='0.3817526162320305' radius='0.034'/>
                    </Shape>
                  </Transform>
                </HAnimSegment>
                <HAnimJoint DEF='r_talocrural' center='-0.0741 0.0829 -0.0641' name='r_talocrural'>
                  <HAnimSegment DEF='seg_r_talus' name='r_talus'>
                    <Transform translation='-0.0741 0.0829 -0.0641'>
                      <Shape>
                        <Appearance>
                          <Material diffuseColor='0.93 0.78 0.3' shininess='0.3' specularColor='0.2 0.2 0.2'/>
                        </Appearance>
                        <Sphere radius='0.024'/>
                      </Shape>
                    </Transform>
                    <Transform rotation='0.9082313675487337 0.0 -0.41846837753951877 2.342678263728536' translation='-0.06735 0.0672 -0.04945'>
                      <Shape>
                        <Appearance>
                          <Material diffuseColor='0.95 0.91 0.82' shininess='0.3' specularColor='0.2 0.2 0.2'/>
                        </Appearance>
                        <Cylinder height='0.04501888492621736' radius='0.0075'/>
                      </Shape>
                    </Transform>
                    <Transform rotation='-0.9990723388047658 0.0 0.043063462879515804 2.6998233092193047' translation='-0.0746 0.05835 -0.0757'>
                      <Shape>
                        <Appearance>
                          <Material diffuseColor='0.95 0.91 0.82' shininess='0.3' specularColor='0.2 0.2 0.2'/>
                        </Appearance>
                        <Cylinder height='0.05431436274135968' radius='0.0075'/>
                      </Shape>
                    </Transform>
                    <Transform translation='-0.0741 0.0529 -0.09910000000000001'>
                      <Shape>
                        <Appearance>
                          <Material diffuseColor='0.95 0.91 0.82' shininess='0.3' specularColor='0.2 0.2 0.2'/>
                        </Appearance>
                        <Sphere radius='0.022'/>
                      </Shape>
                    </Transform>
                  </HAnimSegment>
                  <HAnimJoint DEF='r_talocalcaneonavicular' center='-0.0606 0.0515 -0.0348' name='r_talocalcaneonavicular'>
                    <HAnimSegment DEF='seg_r_navicular' name='r_navicular'>
                      <Transform translation='-0.0606 0.0515 -0.0348'>
                        <Shape>
                          <Appearance>
                            <Material diffuseColor='0.93 0.78 0.3' shininess='0.3' specularColor='0.2 0.2 0.2'/>
                          </Appearance>
                          <Sphere radius='0.016'/>
                        </Shape>
                      </Transform>
                      <Transform rotation='0.941399736259507 0.0 0.3372929536330853 1.6511703776200957' translation='-0.06395 0.050699999999999995 -0.02545'>
                        <Shape>
                          <Appearance>
                            <Material diffuseColor='0.95 0.91 0.82' shininess='0.3' specularColor='0.2 0.2 0.2'/>
                          </Appearance>
                          <Cylinder height='0.019928371734790572' radius='0.012'/>
                        </Shape>
                      </Transform>
                      <Transform rotation='0.5073461482218379 0.0 0.8617423547003275 1.7079576513267636' translation='-0.07214999999999999 0.04965 -0.027999999999999997'>
                        <Shape>
                          <Appearance>
                            <Material diffuseColor='0.95 0.91 0.82' shininess='0.3' specularColor='0.2 0.2 0.2'/>
                          </Appearance>
                          <Cylinder height='0.02706030302860631' radius='0.012'/>
                        </Shape>
                      </Transform>
                      <Transform rotation='0.9804225819559069 0.0 -0.19690495369825745 1.9172301838257615' translation='-0.0582 0.0471 -0.02285'>
                        <Shape>
                          <Appearance>
                            <Material diffuseColor='0.95 0.91 0.82' shininess='0.3' specularColor='0.2 0.2 0.2'/>
                          </Appearance>
                          <Cylinder height='0.02591698284908951' radius='0.012'/>
                        </Shape>
                      </Transform>
                    </HAnimSegment>
                    <HAnimJoint DEF='r_cuneonavicular_1' center='-0.0673 0.0499 -0.0161' name='r_cuneonavicular_1'>
                      <HAnimSegment DEF='seg_r_cuneiform_1' name='r_cuneiform_1'>
                        <Transform translation='-0.0673 0.0499 -0.0161'>
                          <Shape>
                            <Appearance>
                              <Material diffuseColor='0.93 0.78 0.3' shininess='0.3' specularColor='0.2 0.2 0.2'/>
                            </Appearance>
                            <Sphere radius='0.016'/>
                          </Shape>
                        </Transform>
                        <Transform rotation='0.9931662159351025 0.0 -0.11670847237947056 2.0570774925795323' translation='-0.06475 0.03835 0.005600000000000001'>
                          <Shape>
                            <Appearance>
                              <Material diffuseColor='0.95 0.91 0.82' shininess='0.3' specularColor='0.2 0.2 0.2'/>
                            </Appearance>
                            <Cylinder height='0.049428534269185045' radius='0.012'/>
                          </Shape>
                        </Transform>
                      </HAnimSegment>
                      <HAnimJoint DEF='r_tarsometatarsal_1' center='-0.0622 0.0268 0.0273' name='r_tarsometatarsal_1'>
                        <HAnimSegment DEF='seg_r_metatarsal_1' name='r_metatarsal_1'>
                          <Transform translation='-0.0622 0.0268 0.0273'>
                            <Shape>
                              <Appearance>
                                <Material diffuseColor='0.93 0.78 0.3' shininess='0.3' specularColor='0.2 0.2 0.2'/>
                              </Appearance>
                              <Sphere radius='0.016'/>
                            </Shape>
                          </Transform>
                        </HAnimSegment>
                        <HAnimJoint DEF='r_metatarsophalangeal_1' center='-0.0662 0.0109 0.0729' name='r_metatarsophalangeal_1'>
                          <HAnimSegment DEF='seg_r_tarsal_proximal_phalanx_1' name='r_tarsal_proximal_phalanx_1'/>
                          <HAnimJoint DEF='r_tarsal_interphalangeal_1' center='-0.0683 0.0052 0.0961' name='r_tarsal_interphalangeal_1'>
                            <HAnimSegment DEF='seg_r_tarsal_distal_phalanx_1' name='r_tarsal_distal_phalanx_1'/>
                          </HAnimJoint>
                        </HAnimJoint>
                      </HAnimJoint>
                    </HAnimJoint>
                    <HAnimJoint DEF='r_cuneonavicular_2' center='-0.0837 0.0478 -0.0212' name='r_cuneonavicular_2'>
                      <HAnimSegment DEF='seg_r_cuneiform_2' name='r_cuneiform_2'>
                        <Transform translation='-0.0837 0.0478 -0.0212'>
                          <Shape>
                            <Appearance>
                              <Material diffuseColor='0.93 0.78 0.3' shininess='0.3' specularColor='0.2 0.2 0.2'/>
                            </Appearance>
                            <Sphere radius='0.016'/>
                          </Shape>
                        </Transform>
                        <Transform rotation='0.9906825448903479 0.0 -0.13619139198049124 1.8550381234916538' translation='-0.0806 0.041150000000000006 0.0013500000000000005'>
                          <Shape>
                            <Appearance>
                              <Material diffuseColor='0.95 0.91 0.82' shininess='0.3' specularColor='0.2 0.2 0.2'/>
                            </Appearance>
                            <Cylinder height='0.04742720738141769' radius='0.012'/>
                          </Shape>
                        </Transform>
                      </HAnimSegment>
                      <HAnimJoint DEF='r_tarsometatarsal_2' center='-0.0775 0.0345 0.0239' name='r_tarsometatarsal_2'>
                        <HAnimSegment DEF='seg_r_metatarsal_2' name='r_metatarsal_2'>
                          <Transform translation='-0.0775 0.0345 0.0239'>
                            <Shape>
                              <Appearance>
                                <Material diffuseColor='0.93 0.78 0.3' shininess='0.3' specularColor='0.2 0.2 0.2'/>
                              </Appearance>
                              <Sphere radius='0.016'/>
                            </Shape>
                          </Transform>
                        </HAnimSegment>
                        <HAnimJoint DEF='r_metatarsophalangeal_2' center='-0.089 0.0164 0.0573' name='r_metatarsophalangeal_2'>
                          <HAnimSegment DEF='seg_r_tarsal_proximal_phalanx_2' name='r_tarsal_proximal_phalanx_2'/>
                          <HAnimJoint DEF='r_tarsal_proximal_interphalangeal_2' center='-0.0945 0.0056 0.0925' name='r_tarsal_proximal_interphalangeal_2'>
                            <HAnimSegment DEF='seg_r_tarsal_middle_phalanx_2' name='r_tarsal_middle_phalanx_2'/>
                            <HAnimJoint DEF='r_tarsal_distal_interphalangeal_2' center='-0.0969 0.0037 0.1046' name='r_tarsal_distal_interphalangeal_2'>
                              <HAnimSegment DEF='seg_r_tarsal_distal_phalanx_2' name='r_tarsal_distal_phalanx_2'/>
                            </HAnimJoint>
                          </HAnimJoint>
                        </HAnimJoint>
                      </HAnimJoint>
                    </HAnimJoint>
                    <HAnimJoint DEF='r_cuneonavicular_3' center='-0.0558 0.0427 -0.0109' name='r_cuneonavicular_3'>
                      <HAnimSegment DEF='seg_r_cuneiform_3' name='r_cuneiform_3'>
                        <Transform translation='-0.0558 0.0427 -0.0109'>
                          <Shape>
                            <Appearance>
                              <Material diffuseColor='0.93 0.78 0.3' shininess='0.3' specularColor='0.2 0.2 0.2'/>
                            </Appearance>
                            <Sphere radius='0.016'/>
                          </Shape>
                        </Transform>
                        <Transform rotation='0.6313899422012887 0.0 0.7754654994821195 1.7734934643113776' translation='-0.0741 0.03785 0.004'>
                          <Shape>
                            <Appearance>
                              <Material diffuseColor='0.95 0.91 0.82' shininess='0.3' specularColor='0.2 0.2 0.2'/>
                            </Appearance>
                            <Cylinder height='0.04818391847909424' radius='0.012'/>
                          </Shape>
                        </Transform>
                      </HAnimSegment>
                      <HAnimJoint DEF='r_tarsometatarsal_3' center='-0.0924 0.033 0.0189' name='r_tarsometatarsal_3'>
                        <HAnimSegment DEF='seg_r_metatarsal_3' name='r_metatarsal_3'>
                          <Transform translation='-0.0924 0.033 0.0189'>
                            <Shape>
                              <Appearance>
                                <Material diffuseColor='0.93 0.78 0.3' shininess='0.3' specularColor='0.2 0.2 0.2'/>
                              </Appearance>
                              <Sphere radius='0.016'/>
                            </Shape>
                          </Transform>
                        </HAnimSegment>
                        <HAnimJoint DEF='r_metatarsophalangeal_3' center='-0.1045 0.0111 0.0631' name='r_metatarsophalangeal_3'>
                          <HAnimSegment DEF='seg_r_tarsal_proximal_phalanx_3' name='r_tarsal_proximal_phalanx_3'/>
                          <HAnimJoint DEF='r_tarsal_proximal_interphalangeal_3' center='-0.1094 0.0057 0.0825' name='r_tarsal_proximal_interphalangeal_3'>
                            <HAnimSegment DEF='seg_r_tarsal_middle_phalanx_3' name='r_tarsal_middle_phalanx_3'/>
                            <HAnimJoint DEF='r_tarsal_distal_interphalangeal_3' center='-0.1109 0.0049 0.0921' name='r_tarsal_distal_interphalangeal_3'>
                              <HAnimSegment DEF='seg_r_tarsal_distal_phalanx_3' name='r_tarsal_distal_phalanx_3'/>
                            </HAnimJoint>
                          </HAnimJoint>
                        </HAnimJoint>
                      </HAnimJoint>
                    </HAnimJoint>
                  </HAnimJoint>
                  <HAnimJoint DEF='r_calcaneocuboid' center='-0.0751 0.0338 -0.0873' name='r_calcaneocuboid'>
                    <HAnimSegment DEF='seg_r_calcaneus' name='r_calcaneus'>
                      <Transform translation='-0.0751 0.0338 -0.0873'>
                        <Shape>
                          <Appearance>
                            <Material diffuseColor='0.93 0.78 0.3' shininess='0.3' specularColor='0.2 0.2 0.2'/>
                          </Appearance>
                          <Sphere radius='0.016'/>
                        </Shape>
                      </Transform>
                      <Transform rotation='0.9767739140960919 0.0 0.21427253846771974 1.4138074346782354' translation='-0.08065 0.0379 -0.062'>
                        <Shape>
                          <Appearance>
                            <Material diffuseColor='0.95 0.91 0.82' shininess='0.3' specularColor='0.2 0.2 0.2'/>
                          </Appearance>
                          <Cylinder height='0.052448164886867106' radius='0.012'/>
                        </Shape>
                      </Transform>
                    </HAnimSegment>
                    <HAnimJoint DEF='r_transversetarsal' center='-0.0862 0.042 -0.0367' name='r_transversetarsal'>
                      <HAnimSegment DEF='seg_r_cuboid' name='r_cuboid'>
                        <Transform translation='-0.0862 0.042 -0.0367'>
                          <Shape>
                            <Appearance>
                              <Material diffuseColor='0.93 0.78 0.3' shininess='0.3' specularColor='0.2 0.2 0.2'/>
                            </Appearance>
                            <Sphere radius='0.016'/>
                          </Shape>
                        </Transform>
                        <Transform rotation='0.9321673102199269 0.0 0.36202776931797176 1.8454900860082448' translation='-0.09455 0.035500000000000004 -0.015200000000000002'>
                          <Shape>
                            <Appearance>
                              <Material diffuseColor='0.95 0.91 0.82' shininess='0.3' specularColor='0.2 0.2 0.2'/>
                            </Appearance>
                            <Cylinder height='0.04792588027360583' radius='0.012'/>
                          </Shape>
                        </Transform>
                        <Transform rotation='0.6884027920698074 0.0 0.725328612334088 1.9812722655997168' translation='-0.09995 0.03375 -0.02365'>
                          <Shape>
                            <Appearance>
                              <Material diffuseColor='0.95 0.91 0.82' shininess='0.3' specularColor='0.2 0.2 0.2'/>
                            </Appearance>
                            <Cylinder height='0.0413486396390498' radius='0.012'/>
                          </Shape>
                        </Transform>
                      </HAnimSegment>
                      <HAnimJoint DEF='r_tarsometatarsal_4' center='-0.1029 0.029 0.0063' name='r_tarsometatarsal_4'>
                        <HAnimSegment DEF='seg_r_metatarsal_4' name='r_metatarsal_4'>
                          <Transform translation='-0.1029 0.029 0.0063'>
                            <Shape>
                              <Appearance>
                                <Material diffuseColor='0.93 0.78 0.3' shininess='0.3' specularColor='0.2 0.2 0.2'/>
                              </Appearance>
                              <Sphere radius='0.016'/>
                            </Shape>
                          </Transform>
                        </HAnimSegment>
                        <HAnimJoint DEF='r_metatarsophalangeal_4' center='-0.1161 0.0116 0.0465' name='r_metatarsophalangeal_4'>
                          <HAnimSegment DEF='seg_r_tarsal_proximal_phalanx_4' name='r_tarsal_proximal_phalanx_4'/>
                          <HAnimJoint DEF='r_tarsal_proximal_interphalangeal_4' center='-0.1203 0.0082 0.0633' name='r_tarsal_proximal_interphalangeal_4'>
                            <HAnimSegment DEF='seg_r_tarsal_middle_phalanx_4' name='r_tarsal_middle_phalanx_4'/>
                            <HAnimJoint DEF='r_tarsal_distal_interphalangeal_4' center='-0.1211 0.0073 0.0711' name='r_tarsal_distal_interphalangeal_4'>
                              <HAnimSegment DEF='seg_r_tarsal_distal_phalanx_4' name='r_tarsal_distal_phalanx_4'/>
                            </HAnimJoint>
                          </HAnimJoint>
                        </HAnimJoint>
                      </HAnimJoint>
                      <HAnimJoint DEF='r_tarsometatarsal_5' center='-0.1137 0.0255 -0.0106' name='r_tarsometatarsal_5'>
                        <HAnimSegment DEF='seg_r_metatarsal_5' name='r_metatarsal_5'>
                          <Transform translation='-0.1137 0.0255 -0.0106'>
                            <Shape>
                              <Appearance>
                                <Material diffuseColor='0.93 0.78 0.3' shininess='0.3' specularColor='0.2 0.2 0.2'/>
                              </Appearance>
                              <Sphere radius='0.016'/>
                            </Shape>
                          </Transform>
                        </HAnimSegment>
                        <HAnimJoint DEF='r_metatarsophalangeal_5' center='-0.126 0.0138 0.034' name='r_metatarsophalangeal_5'>
                          <HAnimSegment DEF='seg_r_tarsal_proximal_phalanx_5' name='r_tarsal_proximal_phalanx_5'/>
                          <HAnimJoint DEF='r_tarsal_proximal_interphalangeal_5' center='-0.1311 0.0101 0.048' name='r_tarsal_proximal_interphalangeal_5'>
                            <HAnimSegment DEF='seg_r_tarsal_middle_phalanx_5' name='r_tarsal_middle_phalanx_5'/>
                            <HAnimJoint DEF='r_tarsal_distal_interphalangeal_5' center='-0.1319 0.0087 0.0543' name='r_tarsal_distal_interphalangeal_5'>
                              <HAnimSegment DEF='seg_r_tarsal_distal_phalanx_5' name='r_tarsal_distal_phalanx_5'/>
                            </HAnimJoint>
                          </HAnimJoint>
                        </HAnimJoint>
                      </HAnimJoint>
                    </HAnimJoint>
                  </HAnimJoint>
                </HAnimJoint>
              </HAnimJoint>
            </HAnimJoint>
          </HAnimJoint>
          <HAnimJoint DEF='vl5' center='0.0 1.0244 -0.0375' name='vl5' rotation='1 0 0 0.12'>
            <HAnimSegment DEF='seg_l5' name='l5'>
              <Transform translation='0.0 1.0244 -0.0375'>
                <Shape>
                  <Appearance>
                    <Material diffuseColor='0.93 0.78 0.3' shininess='0.3' specularColor='0.2 0.2 0.2'/>
                  </Appearance>
                  <Sphere radius='0.015'/>
                </Shape>
              </Transform>
              <Transform rotation='1.0 0.0 -0.0 0.1793469783719496' translation='0.0 1.05915 -0.0312'>
                <Shape>
                  <Appearance>
                    <Material diffuseColor='0.95 0.91 0.82' shininess='0.3' specularColor='0.2 0.2 0.2'/>
                  </Appearance>
                  <Cylinder height='0.0706329243341943' radius='0.024'/>
                </Shape>
              </Transform>
            </HAnimSegment>
            <HAnimJoint DEF='vl4' center='0.0 1.0939 -0.0249' name='vl4'>
              <HAnimSegment DEF='seg_l4' name='l4'>
                <Transform translation='0.0 1.0939 -0.0249'>
                  <Shape>
                    <Appearance>
                      <Material diffuseColor='0.93 0.78 0.3' shininess='0.3' specularColor='0.2 0.2 0.2'/>
                    </Appearance>
                    <Sphere radius='0.015'/>
                  </Shape>
                </Transform>
                <Transform rotation='-1.0 0.0 -0.0 1.0734536104480776' translation='0.0 1.1015000000000001 -0.038900000000000004'>
                  <Shape>
                    <Appearance>
                      <Material diffuseColor='0.95 0.91 0.82' shininess='0.3' specularColor='0.2 0.2 0.2'/>
                    </Appearance>
                    <Cylinder height='0.03185969240278375' radius='0.024'/>
                  </Shape>
                </Transform>
              </HAnimSegment>
              <HAnimJoint DEF='vl3' center='0.0 1.1091 -0.0529' name='vl3'>
                <HAnimSegment DEF='seg_l3' name='l3'>
                  <Transform translation='0.0 1.1091 -0.0529'>
                    <Shape>
                      <Appearance>
                        <Material diffuseColor='0.93 0.78 0.3' shininess='0.3' specularColor='0.2 0.2 0.2'/>
                      </Appearance>
                      <Sphere radius='0.015'/>
                    </Shape>
                  </Transform>
                  <Transform rotation='-1.0 0.0 -0.0 0.09799966933984343' translation='0.0 1.1269 -0.054650000000000004'>
                    <Shape>
                      <Appearance>
                        <Material diffuseColor='0.95 0.91 0.82' shininess='0.3' specularColor='0.2 0.2 0.2'/>
                      </Appearance>
                      <Cylinder height='0.03577163680906991' radius='0.024'/>
                    </Shape>
                  </Transform>
                </HAnimSegment>
                <HAnimJoint DEF='vl2' center='0.0 1.1447 -0.0564' name='vl2'>
                  <HAnimSegment DEF='seg_l2' name='l2'>
                    <Transform translation='0.0 1.1447 -0.0564'>
                      <Shape>
                        <Appearance>
                          <Material diffuseColor='0.93 0.78 0.3' shininess='0.3' specularColor='0.2 0.2 0.2'/>
                        </Appearance>
                        <Sphere radius='0.015'/>
                      </Shape>
                    </Transform>
                    <Transform rotation='-1.0 0.0 -0.0 0.17513098472310637' translation='0.0 1.1633499999999999 -0.0597'>
                      <Shape>
                        <Appearance>
                          <Material diffuseColor='0.95 0.91 0.82' shininess='0.3' specularColor='0.2 0.2 0.2'/>
                        </Appearance>
                        <Cylinder height='0.037879413934220146' radius='0.024'/>
                      </Shape>
                    </Transform>
                  </HAnimSegment>
                  <HAnimJoint DEF='vl1' center='0.0 1.182 -0.063' name='vl1'>
                    <HAnimSegment DEF='seg_l1' name='l1'>
                      <Transform translation='0.0 1.182 -0.063'>
                        <Shape>
                          <Appearance>
                            <Material diffuseColor='0.93 0.78 0.3' shininess='0.3' specularColor='0.2 0.2 0.2'/>
                          </Appearance>
                          <Sphere radius='0.015'/>
                        </Shape>
                      </Transform>
                      <Transform rotation='-1.0 0.0 -0.0 0.2443609979799647' translation='0.0 1.20105 -0.06775'>
                        <Shape>
                          <Appearance>
                            <Material diffuseColor='0.95 0.91 0.82' shininess='0.3' specularColor='0.2 0.2 0.2'/>
                          </Appearance>
                          <Cylinder height='0.03926652518367269' radius='0.024'/>
                        </Shape>
                      </Transform>
                    </HAnimSegment>
                    <HAnimJoint DEF='vt12' center='0.0 1.2201 -0.0725' name='vt12'>
                      <HAnimSegment DEF='seg_t12' name='t12'>
                        <Transform translation='0.0 1.2201 -0.0725'>
                          <Shape>
                            <Appearance>
                              <Material diffuseColor='0.93 0.78 0.3' shininess='0.3' specularColor='0.2 0.2 0.2'/>
                            </Appearance>
                            <Sphere radius='0.015'/>
                          </Shape>
                        </Transform>
                        <Transform rotation='-1.0 0.0 -0.0 0.16605447426835035' translation='0.0 1.238 -0.0755'>
                          <Shape>
                            <Appearance>
                              <Material diffuseColor='0.95 0.91 0.82' shininess='0.3' specularColor='0.2 0.2 0.2'/>
                            </Appearance>
                            <Cylinder height='0.03629931128823251' radius='0.024'/>
                          </Shape>
                        </Transform>
                      </HAnimSegment>
                      <HAnimJoint DEF='vt11' center='0.0 1.2559 -0.0785' name='vt11'>
                        <HAnimSegment DEF='seg_t11' name='t11'>
                          <Transform translation='0.0 1.2559 -0.0785'>
                            <Shape>
                              <Appearance>
                                <Material diffuseColor='0.93 0.78 0.3' shininess='0.3' specularColor='0.2 0.2 0.2'/>
                              </Appearance>
                              <Sphere radius='0.015'/>
                            </Shape>
                          </Transform>
                          <Transform rotation='-1.0 0.0 -0.0 0.28349172034545417' translation='0.0 1.2686000000000002 -0.0822'>
                            <Shape>
                              <Appearance>
                                <Material diffuseColor='0.95 0.91 0.82' shininess='0.3' specularColor='0.2 0.2 0.2'/>
                              </Appearance>
                              <Cylinder height='0.026456001209555546' radius='0.024'/>
                            </Shape>
                          </Transform>
                        </HAnimSegment>
                        <HAnimJoint DEF='vt10' center='0.0 1.2813 -0.0859' name='vt10'>
                          <HAnimSegment DEF='seg_t10' name='t10'>
                            <Transform translation='0.0 1.2813 -0.0859'>
                              <Shape>
                                <Appearance>
                                  <Material diffuseColor='0.93 0.78 0.3' shininess='0.3' specularColor='0.2 0.2 0.2'/>
                                </Appearance>
                                <Sphere radius='0.015'/>
                              </Shape>
                            </Transform>
                            <Transform rotation='-1.0 0.0 -0.0 0.2587708919636985' translation='0.0 1.2966000000000002 -0.08995'>
                              <Shape>
                                <Appearance>
                                  <Material diffuseColor='0.95 0.91 0.82' shininess='0.3' specularColor='0.2 0.2 0.2'/>
                                </Appearance>
                                <Cylinder height='0.03165390971112412' radius='0.024'/>
                              </Shape>
                            </Transform>
                          </HAnimSegment>
                          <HAnimJoint DEF='vt9' center='0.0 1.3119 -0.094' name='vt9'>
                            <HAnimSegment DEF='seg_t9' name='t9'>
                              <Transform translation='0.0 1.3119 -0.094'>
                                <Shape>
                                  <Appearance>
                                    <Material diffuseColor='0.93 0.78 0.3' shininess='0.3' specularColor='0.2 0.2 0.2'/>
                                  </Appearance>
                                  <Sphere radius='0.015'/>
                                </Shape>
                              </Transform>
                              <Transform rotation='-1.0 0.0 -0.0 0.07485984771076673' translation='0.0 1.3259 -0.09505'>
                                <Shape>
                                  <Appearance>
                                    <Material diffuseColor='0.95 0.91 0.82' shininess='0.3' specularColor='0.2 0.2 0.2'/>
                                  </Appearance>
                                  <Cylinder height='0.028078639568184235' radius='0.024'/>
                                </Shape>
                              </Transform>
                            </HAnimSegment>
                            <HAnimJoint DEF='vt8' center='0.0 1.3399 -0.0961' name='vt8'>
                              <HAnimSegment DEF='seg_t8' name='t8'>
                                <Transform translation='0.0 1.3399 -0.0961'>
                                  <Shape>
                                    <Appearance>
                                      <Material diffuseColor='0.93 0.78 0.3' shininess='0.3' specularColor='0.2 0.2 0.2'/>
                                    </Appearance>
                                    <Sphere radius='0.015'/>
                                  </Shape>
                                </Transform>
                                <Transform rotation='-1.0 0.0 -0.0 0.027444088221441176' translation='0.0 1.3526500000000001 -0.09645000000000001'>
                                  <Shape>
                                    <Appearance>
                                      <Material diffuseColor='0.95 0.91 0.82' shininess='0.3' specularColor='0.2 0.2 0.2'/>
                                    </Appearance>
                                    <Cylinder height='0.02550960603380602' radius='0.024'/>
                                  </Shape>
                                </Transform>
                              </HAnimSegment>
                              <HAnimJoint DEF='vt7' center='0.0 1.3654 -0.0968' name='vt7'>
                                <HAnimSegment DEF='seg_t7' name='t7'>
                                  <Transform translation='0.0 1.3654 -0.0968'>
                                    <Shape>
                                      <Appearance>
                                        <Material diffuseColor='0.93 0.78 0.3' shininess='0.3' specularColor='0.2 0.2 0.2'/>
                                      </Appearance>
                                      <Sphere radius='0.015'/>
                                    </Shape>
                                  </Transform>
                                  <Transform rotation='1.0 0.0 -0.0 0.04656130526747155' translation='0.0 1.37935 -0.09615'>
                                    <Shape>
                                      <Appearance>
                                        <Material diffuseColor='0.95 0.91 0.82' shininess='0.3' specularColor='0.2 0.2 0.2'/>
                                      </Appearance>
                                      <Cylinder height='0.027930270317345695' radius='0.024'/>
                                    </Shape>
                                  </Transform>
                                </HAnimSegment>
                                <HAnimJoint DEF='vt6' center='0.0 1.3933 -0.0955' name='vt6'>
                                  <HAnimSegment DEF='seg_t6' name='t6'>
                                    <Transform translation='0.0 1.3933 -0.0955'>
                                      <Shape>
                                        <Appearance>
                                          <Material diffuseColor='0.93 0.78 0.3' shininess='0.3' specularColor='0.2 0.2 0.2'/>
                                        </Appearance>
                                        <Sphere radius='0.015'/>
                                      </Shape>
                                    </Transform>
                                    <Transform rotation='0.9994449069791543 0.0 0.03331483023263845 0.11364006950548029' translation='-5e-05 1.40645 -0.094'>
                                      <Shape>
                                        <Appearance>
                                          <Material diffuseColor='0.95 0.91 0.82' shininess='0.3' specularColor='0.2 0.2 0.2'/>
                                        </Appearance>
                                        <Cylinder height='0.026470738561664642' radius='0.024'/>
                                      </Shape>
                                    </Transform>
                                  </HAnimSegment>
                                  <HAnimJoint DEF='vt5' center='-0.0001 1.4196 -0.0925' name='vt5'>
                                    <HAnimSegment DEF='seg_t5' name='t5'>
                                      <Transform translation='-0.0001 1.4196 -0.0925'>
                                        <Shape>
                                          <Appearance>
                                            <Material diffuseColor='0.93 0.78 0.3' shininess='0.3' specularColor='0.2 0.2 0.2'/>
                                          </Appearance>
                                          <Sphere radius='0.015'/>
                                        </Shape>
                                      </Transform>
                                      <Transform rotation='0.9999178273551348 0.0 -0.01281945932506583 0.2968676597315549' translation='-5e-05 1.43235 -0.0886'>
                                        <Shape>
                                          <Appearance>
                                            <Material diffuseColor='0.95 0.91 0.82' shininess='0.3' specularColor='0.2 0.2 0.2'/>
                                          </Appearance>
                                          <Cylinder height='0.026666458332519603' radius='0.024'/>
                                        </Shape>
                                      </Transform>
                                    </HAnimSegment>
                                    <HAnimJoint DEF='vt4' center='0.0 1.4451 -0.0847' name='vt4'>
                                      <HAnimSegment DEF='seg_t4' name='t4'>
                                        <Transform translation='0.0 1.4451 -0.0847'>
                                          <Shape>
                                            <Appearance>
                                              <Material diffuseColor='0.93 0.78 0.3' shininess='0.3' specularColor='0.2 0.2 0.2'/>
                                            </Appearance>
                                            <Sphere radius='0.015'/>
                                          </Shape>
                                        </Transform>
                                        <Transform rotation='1.0 0.0 -0.0 0.24084645524141193' translation='0.0 1.4565000000000001 -0.0819'>
                                          <Shape>
                                            <Appearance>
                                              <Material diffuseColor='0.95 0.91 0.82' shininess='0.3' specularColor='0.2 0.2 0.2'/>
                                            </Appearance>
                                            <Cylinder height='0.023477648945326633' radius='0.024'/>
                                          </Shape>
                                        </Transform>
                                      </HAnimSegment>
                                      <HAnimJoint DEF='vt3' center='0.0 1.4679 -0.0791' name='vt3'>
                                        <HAnimSegment DEF='seg_t3' name='t3'>
                                          <Transform translation='0.0 1.4679 -0.0791'>
                                            <Shape>
                                              <Appearance>
                                                <Material diffuseColor='0.93 0.78 0.3' shininess='0.3' specularColor='0.2 0.2 0.2'/>
                                              </Appearance>
                                              <Sphere radius='0.015'/>
                                            </Shape>
                                          </Transform>
                                          <Transform rotation='1.0 0.0 -0.0 0.35159243906375104' translation='0.0 1.47785 -0.07545'>
                                            <Shape>
                                              <Appearance>
                                                <Material diffuseColor='0.95 0.91 0.82' shininess='0.3' specularColor='0.2 0.2 0.2'/>
                                              </Appearance>
                                              <Cylinder height='0.021196697856034112' radius='0.024'/>
                                            </Shape>
                                          </Transform>
                                        </HAnimSegment>
                                        <HAnimJoint DEF='vt2' center='0.0 1.4878 -0.0718' name='vt2'>
                                          <HAnimSegment DEF='seg_t2' name='t2'>
                                            <Transform translation='0.0 1.4878 -0.0718'>
                                              <Shape>
                                                <Appearance>
                                                  <Material diffuseColor='0.93 0.78 0.3' shininess='0.3' specularColor='0.2 0.2 0.2'/>
                                                </Appearance>
                                                <Sphere radius='0.015'/>
                                              </Shape>
                                            </Transform>
                                            <Transform rotation='1.0 0.0 -0.0 0.30766697857378084' translation='0.0 1.4985 -0.0684'>
                                              <Shape>
                                                <Appearance>
                                                  <Material diffuseColor='0.95 0.91 0.82' shininess='0.3' specularColor='0.2 0.2 0.2'/>
                                                </Appearance>
                                                <Cylinder height='0.02245439823286306' radius='0.024'/>
                                              </Shape>
                                            </Transform>
                                          </HAnimSegment>
                                          <HAnimJoint DEF='vt1' center='0.0 1.5092 -0.065' name='vt1'>
                                            <HAnimSegment DEF='seg_t1' name='t1'>
                                              <Transform translation='0.0 1.5092 -0.065'>
                                                <Shape>
                                                  <Appearance>
                                                    <Material diffuseColor='0.93 0.78 0.3' shininess='0.3' specularColor='0.2 0.2 0.2'/>
                                                  </Appearance>
                                                  <Sphere radius='0.015'/>
                                                </Shape>
                                              </Transform>
                                              <Transform rotation='1.0 0.0 -0.0 0.5748262065612503' translation='0.0 1.51715 -0.05985'>
                                                <Shape>
                                                  <Appearance>
                                                    <Material diffuseColor='0.95 0.91 0.82' shininess='0.3' specularColor='0.2 0.2 0.2'/>
                                                  </Appearance>
                                                  <Cylinder height='0.018944656238633464' radius='0.024'/>
                                                </Shape>
                                              </Transform>
                                              <Transform rotation='0.7992500792216884 0.0 -0.6009985947272463 2.931558449285388' translation='0.01925 1.35895 -0.039400000000000004'>
                                                <Shape>
                                                  <Appearance>
                                                    <Material diffuseColor='0.95 0.91 0.82' shininess='0.3' specularColor='0.2 0.2 0.2'/>
                                                  </Appearance>
                                                  <Cylinder height='0.3072522416517087' radius='0.024'/>
                                                </Shape>
                                              </Transform>
                                              <Transform rotation='0.7992500792216884 0.0 0.6009985947272463 2.931558449285388' translation='-0.01925 1.35895 -0.039400000000000004'>
                                                <Shape>
                                                  <Appearance>
                                                    <Material diffuseColor='0.95 0.91 0.82' shininess='0.3' specularColor='0.2 0.2 0.2'/>
                                                  </Appearance>
                                                  <Cylinder height='0.3072522416517087' radius='0.024'/>
                                                </Shape>
                                              </Transform>
                                            </HAnimSegment>
                                            <HAnimJoint DEF='vc7' center='0.0 1.5251 -0.0547' name='vc7'>
                                              <HAnimSegment DEF='seg_c7' name='c7'>
                                                <Transform translation='0.0 1.5251 -0.0547'>
                                                  <Shape>
                                                    <Appearance>
                                                      <Material diffuseColor='0.93 0.78 0.3' shininess='0.3' specularColor='0.2 0.2 0.2'/>
                                                    </Appearance>
                                                    <Sphere radius='0.015'/>
                                                  </Shape>
                                                </Transform>
                                                <Transform rotation='1.0 0.0 -0.0 0.3705838802763873' translation='0.0 1.53295 -0.05165'>
                                                  <Shape>
                                                    <Appearance>
                                                      <Material diffuseColor='0.95 0.91 0.82' shininess='0.3' specularColor='0.2 0.2 0.2'/>
                                                    </Appearance>
                                                    <Cylinder height='0.016843396332094116' radius='0.024'/>
                                                  </Shape>
                                                </Transform>
                                              </HAnimSegment>
                                              <HAnimJoint DEF='vc6' center='0.0 1.5408 -0.0486' name='vc6'>
                                                <HAnimSegment DEF='seg_c6' name='c6'>
                                                  <Transform translation='0.0 1.5408 -0.0486'>
                                                    <Shape>
                                                      <Appearance>
                                                        <Material diffuseColor='0.93 0.78 0.3' shininess='0.3' specularColor='0.2 0.2 0.2'/>
                                                      </Appearance>
                                                      <Sphere radius='0.015'/>
                                                    </Shape>
                                                  </Transform>
                                                  <Transform rotation='1.0 0.0 -0.0 0.32175055439664196' translation='0.0 1.54785 -0.04625'>
                                                    <Shape>
                                                      <Appearance>
                                                        <Material diffuseColor='0.95 0.91 0.82' shininess='0.3' specularColor='0.2 0.2 0.2'/>
                                                      </Appearance>
                                                      <Cylinder height='0.014862705002791384' radius='0.024'/>
                                                    </Shape>
                                                  </Transform>
                                                </HAnimSegment>
                                                <HAnimJoint DEF='vc5' center='0.0 1.5549 -0.0439' name='vc5'>
                                                  <HAnimSegment DEF='seg_c5' name='c5'>
                                                    <Transform translation='0.0 1.5549 -0.0439'>
                                                      <Shape>
                                                        <Appearance>
                                                          <Material diffuseColor='0.93 0.78 0.3' shininess='0.3' specularColor='0.2 0.2 0.2'/>
                                                        </Appearance>
                                                        <Sphere radius='0.015'/>
                                                      </Shape>
                                                    </Transform>
                                                    <Transform rotation='1.0 0.0 -0.0 0.18852380275626274' translation='0.0 1.5625 -0.04245'>
                                                      <Shape>
                                                        <Appearance>
                                                          <Material diffuseColor='0.95 0.91 0.82' shininess='0.3' specularColor='0.2 0.2 0.2'/>
                                                        </Appearance>
                                                        <Cylinder height='0.015474172029546625' radius='0.024'/>
                                                      </Shape>
                                                    </Transform>
                                                  </HAnimSegment>
                                                  <HAnimJoint DEF='vc4' center='0.0 1.5701 -0.041' name='vc4'>
                                                    <HAnimSegment DEF='seg_c4' name='c4'>
                                                      <Transform translation='0.0 1.5701 -0.041'>
                                                        <Shape>
                                                          <Appearance>
                                                            <Material diffuseColor='0.93 0.78 0.3' shininess='0.3' specularColor='0.2 0.2 0.2'/>
                                                          </Appearance>
                                                          <Sphere radius='0.015'/>
                                                        </Shape>
                                                      </Transform>
                                                      <Transform rotation='1.0 0.0 -0.0 0.1062648628910789' translation='0.0 1.5776 -0.0402'>
                                                        <Shape>
                                                          <Appearance>
                                                            <Material diffuseColor='0.95 0.91 0.82' shininess='0.3' specularColor='0.2 0.2 0.2'/>
                                                          </Appearance>
                                                          <Cylinder height='0.015085091978506365' radius='0.024'/>
                                                        </Shape>
                                                      </Transform>
                                                    </HAnimSegment>
                                                    <HAnimJoint DEF='vc3' center='0.0 1.5851 -0.0394' name='vc3'>
                                                      <HAnimSegment DEF='seg_c3' name='c3'>
                                                        <Transform translation='0.0 1.5851 -0.0394'>
                                                          <Shape>
                                                            <Appearance>
                                                              <Material diffuseColor='0.93 0.78 0.3' shininess='0.3' specularColor='0.2 0.2 0.2'/>
                                                            </Appearance>
                                                            <Sphere radius='0.015'/>
                                                          </Shape>
                                                        </Transform>
                                                        <Transform rotation='-1.0 0.0 -0.0 0.17640787790004173' translation='0.0 1.5966 -0.04145'>
                                                          <Shape>
                                                            <Appearance>
                                                              <Material diffuseColor='0.95 0.91 0.82' shininess='0.3' specularColor='0.2 0.2 0.2'/>
                                                            </Appearance>
                                                            <Cylinder height='0.023362576912661113' radius='0.024'/>
                                                          </Shape>
                                                        </Transform>
                                                      </HAnimSegment>
                                                      <HAnimJoint DEF='vc2' center='0.0 1.6081 -0.0435' name='vc2'>
                                                        <HAnimSegment DEF='seg_c2' name='c2'>
                                                          <Transform translation='0.0 1.6081 -0.0435'>
                                                            <Shape>
                                                              <Appearance>
                                                                <Material diffuseColor='0.93 0.78 0.3' shininess='0.3' specularColor='0.2 0.2 0.2'/>
                                                              </Appearance>
                                                              <Sphere radius='0.015'/>
                                                            </Shape>
                                                          </Transform>
                                                          <Transform rotation='1.0 0.0 -0.0 0.22849663929186353' translation='0.0 1.61455 -0.041999999999999996'>
                                                            <Shape>
                                                              <Appearance>
                                                                <Material diffuseColor='0.95 0.91 0.82' shininess='0.3' specularColor='0.2 0.2 0.2'/>
                                                              </Appearance>
                                                              <Cylinder height='0.013244244032786382' radius='0.024'/>
                                                            </Shape>
                                                          </Transform>
                                                        </HAnimSegment>
                                                        <HAnimJoint DEF='vc1' center='0.0 1.621 -0.0405' name='vc1'>
                                                          <HAnimSegment DEF='seg_c1' name='c1'>
                                                            <Transform translation='0.0 1.621 -0.0405'>
                                                              <Shape>
                                                                <Appearance>
                                                                  <Material diffuseColor='0.93 0.78 0.3' shininess='0.3' specularColor='0.2 0.2 0.2'/>
                                                                </Appearance>
                                                                <Sphere radius='0.015'/>
                                                              </Shape>
                                                            </Transform>
                                                            <Transform rotation='-1.0 0.0 -0.0 3.0309354324158977' translation='0.0 1.61605 -0.04105'>
                                                              <Shape>
                                                                <Appearance>
                                                                  <Material diffuseColor='0.95 0.91 0.82' shininess='0.3' specularColor='0.2 0.2 0.2'/>
                                                                </Appearance>
                                                                <Cylinder height='0.009960923651951179' radius='0.024'/>
                                                              </Shape>
                                                            </Transform>
                                                          </HAnimSegment>
                                                          <HAnimJoint DEF='skullbase' center='0.0 1.6111 -0.0416' name='skullbase'>
                                                            <HAnimSegment DEF='seg_skull' name='skull'>
                                                              <Transform translation='0.0 1.6111 -0.0416'>
                                                                <Shape>
                                                                  <Appearance>
                                                                    <Material diffuseColor='0.93 0.78 0.3' shininess='0.3' specularColor='0.2 0.2 0.2'/>
                                                                  </Appearance>
                                                                  <Sphere radius='0.016'/>
                                                                </Shape>
                                                              </Transform>
                                                              <Transform rotation='0.8277522302636819 0.0 -0.5610937936686704 2.6925997413629337' translation='0.02525 1.5177 -0.00435'>
                                                                <Shape>
                                                                  <Appearance>
                                                                    <Material diffuseColor='0.95 0.91 0.82' shininess='0.3' specularColor='0.2 0.2 0.2'/>
                                                                  </Appearance>
                                                                  <Cylinder height='0.20735173015916705' radius='0.012'/>
                                                                </Shape>
                                                              </Transform>
                                                              <Transform rotation='0.8277522302636819 0.0 0.5610937936686704 2.6925997413629337' translation='-0.02525 1.5177 -0.00435'>
                                                                <Shape>
                                                                  <Appearance>
                                                                    <Material diffuseColor='0.95 0.91 0.82' shininess='0.3' specularColor='0.2 0.2 0.2'/>
                                                                  </Appearance>
                                                                  <Cylinder height='0.20735173015916705' radius='0.012'/>
                                                                </Shape>
                                                              </Transform>
                                                              <Transform rotation='0.9329010659174032 0.0 -0.36013275498095576 2.566815101860659' translation='0.02405 1.508 0.020700000000000003'>
                                                                <Shape>
                                                                  <Appearance>
                                                                    <Material diffuseColor='0.95 0.91 0.82' shininess='0.3' specularColor='0.2 0.2 0.2'/>
                                                                  </Appearance>
                                                                  <Cylinder height='0.24567704410465374' radius='0.012'/>
                                                                </Shape>
                                                              </Transform>
                                                              <Transform rotation='0.9329010659174032 0.0 0.36013275498095576 2.566815101860659' translation='-0.02405 1.508 0.020700000000000003'>
                                                                <Shape>
                                                                  <Appearance>
                                                                    <Material diffuseColor='0.95 0.91 0.82' shininess='0.3' specularColor='0.2 0.2 0.2'/>
                                                                  </Appearance>
                                                                  <Cylinder height='0.24567704410465374' radius='0.012'/>
                                                                </Shape>
                                                              </Transform>
                                                              <Transform rotation='0.9894913123341429 0.0 -0.14459233318283435 2.4910632232601584' translation='0.01085 1.5125 0.03265'>
                                                                <Shape>
                                                                  <Appearance>
                                                                    <Material diffuseColor='0.95 0.91 0.82' shininess='0.3' specularColor='0.2 0.2 0.2'/>
                                                                  </Appearance>
                                                                  <Cylinder height='0.24781238871372033' radius='0.012'/>
                                                                </Shape>
                                                              </Transform>
                                                              <Transform rotation='0.9894913123341429 0.0 0.14459233318283435 2.4910632232601584' translation='-0.01085 1.5125 0.03265'>
                                                                <Shape>
                                                                  <Appearance>
                                                                    <Material diffuseColor='0.95 0.91 0.82' shininess='0.3' specularColor='0.2 0.2 0.2'/>
                                                                  </Appearance>
                                                                  <Cylinder height='0.24781238871372033' radius='0.012'/>
                                                                </Shape>
                                                              </Transform>
                                                              <Transform rotation='0.639579302749178 0.0 0.7687251234966082 2.822997129233359' translation='-0.025 1.5125 -0.0208'>
                                                                <Shape>
                                                                  <Appearance>
                                                                    <Material diffuseColor='0.95 0.91 0.82' shininess='0.3' specularColor='0.2 0.2 0.2'/>
                                                                  </Appearance>
                                                                  <Cylinder height='0.20764970503229715' radius='0.012'/>
                                                                </Shape>
                                                              </Transform>
                                                              <Transform rotation='0.639579302749178 0.0 0.7687251234966082 2.822997129233359' translation='-0.025 1.5125 -0.0208'>
                                                                <Shape>
                                                                  <Appearance>
                                                                    <Material diffuseColor='0.95 0.91 0.82' shininess='0.3' specularColor='0.2 0.2 0.2'/>
                                                                  </Appearance>
                                                                  <Cylinder height='0.20764970503229715' radius='0.012'/>
                                                                </Shape>
                                                              </Transform>
                                                              <Transform rotation='1.0 0.0 -0.0 2.9336875546433876' translation='0.0 1.5125 -0.0208'>
                                                                <Shape>
                                                                  <Appearance>
                                                                    <Material diffuseColor='0.95 0.91 0.82' shininess='0.3' specularColor='0.2 0.2 0.2'/>
                                                                  </Appearance>
                                                                  <Cylinder height='0.20154007045746514' radius='0.012'/>
                                                                </Shape>
                                                              </Transform>
                                                              <Transform rotation='1.0 0.0 -0.0 2.2553526589234716' translation='0.0 1.5125 0.0792'>
                                                                <Shape>
                                                                  <Appearance>
                                                                    <Material diffuseColor='0.95 0.91 0.82' shininess='0.3' specularColor='0.2 0.2 0.2'/>
                                                                  </Appearance>
                                                                  <Cylinder height='0.3118627903421632' radius='0.012'/>
                                                                </Shape>
                                                              </Transform>
                                                              <Transform rotation='1.0 0.0 -0.0 0.6584739481263633' translation='0.0 1.62325 -0.0322'>
                                                                <Shape>
                                                                  <Appearance>
                                                                    <Material diffuseColor='0.95 0.91 0.82' shininess='0.3' specularColor='0.2 0.2 0.2'/>
                                                                  </Appearance>
                                                                  <Cylinder height='0.030723443817384784' radius='0.012'/>
                                                                </Shape>
                                                              </Transform>
                                                              <Transform translation='0.003 1.6761 -0.0266'>
                                                                <Shape>
                                                                  <Appearance>
                                                                    <Material diffuseColor='0.86 0.66 0.52' shininess='0.3' specularColor='0.2 0.2 0.2'/>
                                                                  </Appearance>
                                                                  <Sphere radius='0.092'/>
                                                                </Shape>
                                                              </Transform>
                                                            </HAnimSegment>
                                                            <HAnimJoint DEF='l_eyelid_joint' center='0.0505 1.4243 0.0329' name='l_eyelid_joint'>
                                                              <HAnimSegment DEF='seg_l_eyelid' name='l_eyelid'>
                                                                <Transform translation='0.0505 1.4243 0.0329'>
                                                                  <Shape>
                                                                    <Appearance>
                                                                      <Material diffuseColor='0.86 0.66 0.52' shininess='0.3' specularColor='0.2 0.2 0.2'/>
                                                                    </Appearance>
                                                                    <Sphere radius='0.005'/>
                                                                  </Shape>
                                                                </Transform>
                                                              </HAnimSegment>
                                                            </HAnimJoint>
                                                            <HAnimJoint DEF='r_eyelid_joint' center='-0.0505 1.4243 0.0329' name='r_eyelid_joint'>
                                                              <HAnimSegment DEF='seg_r_eyelid' name='r_eyelid'>
                                                                <Transform translation='-0.0505 1.4243 0.0329'>
                                                                  <Shape>
                                                                    <Appearance>
                                                                      <Material diffuseColor='0.86 0.66 0.52' shininess='0.3' specularColor='0.2 0.2 0.2'/>
                                                                    </Appearance>
                                                                    <Sphere radius='0.005'/>
                                                                  </Shape>
                                                                </Transform>
                                                              </HAnimSegment>
                                                            </HAnimJoint>
                                                            <HAnimJoint DEF='l_eyeball_joint' center='0.0481 1.4049 0.083' name='l_eyeball_joint'>
                                                              <HAnimSegment DEF='seg_l_eyeball' name='l_eyeball'>
                                                                <Transform translation='0.0481 1.4049 0.083'>
                                                                  <Shape>
                                                                    <Appearance>
                                                                      <Material diffuseColor='0.95 0.95 0.98' shininess='0.3' specularColor='0.2 0.2 0.2'/>
                                                                    </Appearance>
                                                                    <Sphere radius='0.013'/>
                                                                  </Shape>
                                                                </Transform>
                                                              </HAnimSegment>
                                                            </HAnimJoint>
                                                            <HAnimJoint DEF='r_eyeball_joint' center='-0.0481 1.4049 0.083' name='r_eyeball_joint'>
                                                              <HAnimSegment DEF='seg_r_eyeball' name='r_eyeball'>
                                                                <Transform translation='-0.0481 1.4049 0.083'>
                                                                  <Shape>
                                                                    <Appearance>
                                                                      <Material diffuseColor='0.95 0.95 0.98' shininess='0.3' specularColor='0.2 0.2 0.2'/>
                                                                    </Appearance>
                                                                    <Sphere radius='0.013'/>
                                                                  </Shape>
                                                                </Transform>
                                                              </HAnimSegment>
                                                            </HAnimJoint>
                                                            <HAnimJoint DEF='l_eyebrow_joint' center='0.0217 1.4139 0.1069' name='l_eyebrow_joint'>
                                                              <HAnimSegment DEF='seg_l_eyebrow' name='l_eyebrow'>
                                                                <Transform translation='0.0217 1.4139 0.1069'>
                                                                  <Shape>
                                                                    <Appearance>
                                                                      <Material diffuseColor='0.86 0.66 0.52' shininess='0.3' specularColor='0.2 0.2 0.2'/>
                                                                    </Appearance>
                                                                    <Sphere radius='0.005'/>
                                                                  </Shape>
                                                                </Transform>
                                                              </HAnimSegment>
                                                            </HAnimJoint>
                                                            <HAnimJoint DEF='r_eyebrow_joint' center='-0.0217 1.4139 0.1069' name='r_eyebrow_joint'>
                                                              <HAnimSegment DEF='seg_r_eyebrow' name='r_eyebrow'>
                                                                <Transform translation='-0.0217 1.4139 0.1069'>
                                                                  <Shape>
                                                                    <Appearance>
                                                                      <Material diffuseColor='0.86 0.66 0.52' shininess='0.3' specularColor='0.2 0.2 0.2'/>
                                                                    </Appearance>
                                                                    <Sphere radius='0.005'/>
                                                                  </Shape>
                                                                </Transform>
                                                              </HAnimSegment>
                                                            </HAnimJoint>
                                                            <HAnimJoint DEF='l_ear_joint' center='-0.05 1.4139 0.0' name='l_ear_joint'>
                                                              <HAnimSegment DEF='seg_l_ear' name='l_ear'>
                                                                <Transform translation='-0.05 1.4139 0.0'>
                                                                  <Shape>
                                                                    <Appearance>
                                                                      <Material diffuseColor='0.93 0.78 0.3' shininess='0.3' specularColor='0.2 0.2 0.2'/>
                                                                    </Appearance>
                                                                    <Sphere radius='0.016'/>
                                                                  </Shape>
                                                                </Transform>
                                                              </HAnimSegment>
                                                            </HAnimJoint>
                                                            <HAnimJoint DEF='r_ear_joint' center='-0.05 1.4139 0.0' name='r_ear_joint'>
                                                              <HAnimSegment DEF='seg_r_ear' name='r_ear'>
                                                                <Transform translation='-0.05 1.4139 0.0'>
                                                                  <Shape>
                                                                    <Appearance>
                                                                      <Material diffuseColor='0.93 0.78 0.3' shininess='0.3' specularColor='0.2 0.2 0.2'/>
                                                                    </Appearance>
                                                                    <Sphere radius='0.016'/>
                                                                  </Shape>
                                                                </Transform>
                                                              </HAnimSegment>
                                                            </HAnimJoint>
                                                            <HAnimJoint DEF='tongue_base_joint' center='0.0 1.4139 0.0' name='tongue_base_joint'>
                                                              <HAnimSegment DEF='seg_tongue_base' name='tongue_base'>
                                                                <Transform translation='0.0 1.4139 0.0'>
                                                                  <Shape>
                                                                    <Appearance>
                                                                      <Material diffuseColor='0.93 0.78 0.3' shininess='0.3' specularColor='0.2 0.2 0.2'/>
                                                                    </Appearance>
                                                                    <Sphere radius='0.016'/>
                                                                  </Shape>
                                                                </Transform>
                                                              </HAnimSegment>
                                                            </HAnimJoint>
                                                            <HAnimJoint DEF='tongue_middle_joint' center='0.0 1.4139 0.2' name='tongue_middle_joint'>
                                                              <HAnimSegment DEF='seg_tongue_middle' name='tongue_middle'>
                                                                <Transform translation='0.0 1.4139 0.2'>
                                                                  <Shape>
                                                                    <Appearance>
                                                                      <Material diffuseColor='0.93 0.78 0.3' shininess='0.3' specularColor='0.2 0.2 0.2'/>
                                                                    </Appearance>
                                                                    <Sphere radius='0.016'/>
                                                                  </Shape>
                                                                </Transform>
                                                              </HAnimSegment>
                                                            </HAnimJoint>
                                                            <HAnimJoint DEF='temporomandibular' center='0.0 1.6354 -0.0228' name='temporomandibular'>
                                                              <HAnimSegment DEF='seg_jaw' name='jaw'>
                                                                <Transform translation='0.0 1.6354 -0.0228'>
                                                                  <Shape>
                                                                    <Appearance>
                                                                      <Material diffuseColor='0.93 0.78 0.3' shininess='0.3' specularColor='0.2 0.2 0.2'/>
                                                                    </Appearance>
                                                                    <Sphere radius='0.01'/>
                                                                  </Shape>
                                                                </Transform>
                                                                <Transform translation='0.0 1.6154 0.007199999999999998'>
                                                                  <Shape>
                                                                    <Appearance>
                                                                      <Material diffuseColor='0.86 0.66 0.52' shininess='0.3' specularColor='0.2 0.2 0.2'/>
                                                                    </Appearance>
                                                                    <Sphere radius='0.03'/>
                                                                  </Shape>
                                                                </Transform>
                                                              </HAnimSegment>
                                                            </HAnimJoint>
                                                          </HAnimJoint>
                                                        </HAnimJoint>
                                                      </HAnimJoint>
                                                    </HAnimJoint>
                                                  </HAnimJoint>
                                                </HAnimJoint>
                                              </HAnimJoint>
                                            </HAnimJoint>
                                            <HAnimJoint DEF='l_sternoclavicular' center='0.0385 1.2087 -0.0138' name='l_sternoclavicular'>
                                              <HAnimSegment DEF='seg_l_clavicle' name='l_clavicle'>
                                                <Transform translation='0.0385 1.2087 -0.0138'>
                                                  <Shape>
                                                    <Appearance>
                                                      <Material diffuseColor='0.93 0.78 0.3' shininess='0.3' specularColor='0.2 0.2 0.2'/>
                                                    </Appearance>
                                                    <Sphere radius='0.014'/>
                                                  </Shape>
                                                </Transform>
                                                <Transform rotation='0.010662900884961373 0.0 -0.999943149656378 1.7684087842361664' translation='0.0807 1.20025 -0.01335'>
                                                  <Shape>
                                                    <Appearance>
                                                      <Material diffuseColor='0.95 0.91 0.82' shininess='0.3' specularColor='0.2 0.2 0.2'/>
                                                    </Appearance>
                                                    <Cylinder height='0.08608007899624631' radius='0.011'/>
                                                  </Shape>
                                                </Transform>
                                              </HAnimSegment>
                                              <HAnimJoint DEF='l_acromioclavicular' center='0.1229 1.1918 -0.0129' name='l_acromioclavicular'>
                                                <HAnimSegment DEF='seg_l_scapula' name='l_scapula'>
                                                  <Transform translation='0.1229 1.1918 -0.0129'>
                                                    <Shape>
                                                      <Appearance>
                                                        <Material diffuseColor='0.93 0.78 0.3' shininess='0.3' specularColor='0.2 0.2 0.2'/>
                                                      </Appearance>
                                                      <Sphere radius='0.014'/>
                                                    </Shape>
                                                  </Transform>
                                                  <Transform rotation='-0.28294514724368397 0.0 -0.9591360923514712 0.2633755200967655' translation='0.1529 1.3077999999999999 -0.02175'>
                                                    <Shape>
                                                      <Appearance>
                                                        <Material diffuseColor='0.95 0.91 0.82' shininess='0.3' specularColor='0.2 0.2 0.2'/>
                                                      </Appearance>
                                                      <Cylinder height='0.24028585060298494' radius='0.011'/>
                                                    </Shape>
                                                  </Transform>
                                                </HAnimSegment>
                                                <HAnimJoint DEF='l_shoulder' center='0.1829 1.4238 -0.0306' name='l_shoulder'>
                                                  <HAnimSegment DEF='seg_l_upperarm' name='l_upperarm'>
                                                    <Transform translation='0.1829 1.4238 -0.0306'>
                                                      <Shape>
                                                        <Appearance>
                                                          <Material diffuseColor='0.93 0.78 0.3' shininess='0.3' specularColor='0.2 0.2 0.2'/>
                                                        </Appearance>
                                                        <Sphere radius='0.032'/>
                                                      </Shape>
                                                    </Transform>
                                                    <Transform rotation='-0.21736468322521735 0.0 -0.9760904642943711 3.0706864235423117' translation='0.1948 1.2521499999999999 -0.03325'>
                                                      <Shape>
                                                        <Appearance>
                                                          <Material diffuseColor='0.95 0.91 0.82' shininess='0.3' specularColor='0.2 0.2 0.2'/>
                                                        </Appearance>
                                                        <Cylinder height='0.34416481516854674' radius='0.027'/>
                                                      </Shape>
                                                    </Transform>
                                                  </HAnimSegment>
                                                  <HAnimJoint DEF='l_elbow' center='0.2067 1.0805 -0.0359' name='l_elbow'>
                                                    <HAnimSegment DEF='seg_l_forearm' name='l_forearm'>
                                                      <Transform translation='0.2067 1.0805 -0.0359'>
                                                        <Shape>
                                                          <Appearance>
                                                            <Material diffuseColor='0.93 0.78 0.3' shininess='0.3' specularColor='0.2 0.2 0.2'/>
                                                          </Appearance>
                                                          <Sphere radius='0.028'/>
                                                        </Shape>
                                                      </Transform>
                                                      <Transform rotation='0.9972651349167674 0.0 -0.07390704079748914 2.7138004429789335' translation='0.21055000000000001 0.96625 0.016050000000000002'>
                                                        <Shape>
                                                          <Appearance>
                                                            <Material diffuseColor='0.95 0.91 0.82' shininess='0.3' specularColor='0.2 0.2 0.2'/>
                                                          </Appearance>
                                                          <Cylinder height='0.2511309419406538' radius='0.023'/>
                                                        </Shape>
                                                      </Transform>
                                                    </HAnimSegment>
                                                    <HAnimJoint DEF='l_radiocarpal' center='0.2144 0.852 0.068' name='l_radiocarpal'>
                                                      <HAnimSegment DEF='seg_l_carpal' name='l_carpal'>
                                                        <Transform translation='0.2144 0.852 0.068'>
                                                          <Shape>
                                                            <Appearance>
                                                              <Material diffuseColor='0.93 0.78 0.3' shininess='0.3' specularColor='0.2 0.2 0.2'/>
                                                            </Appearance>
                                                            <Sphere radius='0.016'/>
                                                          </Shape>
                                                        </Transform>
                                                        <Transform rotation='0.9143169303005126 0.0 0.4049994456364693 2.846696815600532' translation='0.20779999999999998 0.79835 0.0829'>
                                                          <Shape>
                                                            <Appearance>
                                                              <Material diffuseColor='0.86 0.66 0.52' shininess='0.3' specularColor='0.2 0.2 0.2'/>
                                                            </Appearance>
                                                            <Cylinder height='0.11214084893561307' radius='0.022'/>
                                                          </Shape>
                                                        </Transform>
                                                        <Transform translation='0.2012 0.7447 0.0978'>
                                                          <Shape>
                                                            <Appearance>
                                                              <Material diffuseColor='0.86 0.66 0.52' shininess='0.3' specularColor='0.2 0.2 0.2'/>
                                                            </Appearance>
                                                            <Sphere radius='0.052'/>
                                                          </Shape>
                                                        </Transform>
                                                      </HAnimSegment>
                                                      <HAnimJoint DEF='l_midcarpal_1' center='0.1908 0.8312 0.0855' name='l_midcarpal_1'>
                                                        <HAnimSegment DEF='seg_l_trapezium' name='l_trapezium'/>
                                                        <HAnimJoint DEF='l_carpometacarpal_1' center='0.1769 0.8094 0.0955' name='l_carpometacarpal_1'>
                                                          <HAnimSegment DEF='seg_l_metacarpal_1' name='l_metacarpal_1'/>
                                                          <HAnimJoint DEF='l_metacarpophalangeal_1' center='0.1634 0.7772 0.107' name='l_metacarpophalangeal_1'>
                                                            <HAnimSegment DEF='seg_l_carpal_proximal_phalanx_1' name='l_carpal_proximal_phalanx_1'/>
                                                            <HAnimJoint DEF='l_carpal_interphalangeal_1' center='0.1574 0.7597 0.1151' name='l_carpal_interphalangeal_1'>
                                                              <HAnimSegment DEF='seg_l_carpal_distal_phalanx_1' name='l_carpal_distal_phalanx_1'/>
                                                            </HAnimJoint>
                                                          </HAnimJoint>
                                                        </HAnimJoint>
                                                      </HAnimJoint>
                                                      <HAnimJoint DEF='l_midcarpal_2' center='0.2045 0.8281 0.0869' name='l_midcarpal_2'>
                                                        <HAnimSegment DEF='seg_l_trapezoid' name='l_trapezoid'/>
                                                        <HAnimJoint DEF='l_carpometacarpal_2' center='0.2025 0.7975 0.1008' name='l_carpometacarpal_2'>
                                                          <HAnimSegment DEF='seg_l_metacarpal_2' name='l_metacarpal_2'/>
                                                          <HAnimJoint DEF='l_metacarpophalangeal_2' center='0.194 0.7527 0.1204' name='l_metacarpophalangeal_2'>
                                                            <HAnimSegment DEF='seg_l_carpal_proximal_phalanx_2' name='l_carpal_proximal_phalanx_2'/>
                                                            <HAnimJoint DEF='l_carpal_proximal_interphalangeal_2' center='0.1806 0.7314 0.1255' name='l_carpal_proximal_interphalangeal_2'>
                                                              <HAnimSegment DEF='seg_l_carpal_middle_phalanx_2' name='l_carpal_middle_phalanx_2'/>
                                                              <HAnimJoint DEF='l_carpal_distal_interphalangeal_2' center='0.1676 0.7248 0.1188' name='l_carpal_distal_interphalangeal_2'>
                                                                <HAnimSegment DEF='seg_l_carpal_distal_phalanx_2' name='l_carpal_distal_phalanx_2'/>
                                                              </HAnimJoint>
                                                            </HAnimJoint>
                                                          </HAnimJoint>
                                                        </HAnimJoint>
                                                      </HAnimJoint>
                                                      <HAnimJoint DEF='l_midcarpal_3' center='0.212 0.8341 0.0772' name='l_midcarpal_3'>
                                                        <HAnimSegment DEF='seg_l_capitate' name='l_capitate'/>
                                                        <HAnimJoint DEF='l_carpometacarpal_3' center='0.2137 0.796 0.0875' name='l_carpometacarpal_3'>
                                                          <HAnimSegment DEF='seg_l_metacarpal_3' name='l_metacarpal_3'/>
                                                          <HAnimJoint DEF='l_metacarpophalangeal_3' center='0.2012 0.7447 0.0978' name='l_metacarpophalangeal_3'>
                                                            <HAnimSegment DEF='seg_l_carpal_proximal_phalanx_3' name='l_carpal_proximal_phalanx_3'/>
                                                            <HAnimJoint DEF='l_carpal_proximal_interphalangeal_3' center='0.175 0.7237 0.0947' name='l_carpal_proximal_interphalangeal_3'>
                                                              <HAnimSegment DEF='seg_l_carpal_middle_phalanx_3' name='l_carpal_middle_phalanx_3'/>
                                                              <HAnimJoint DEF='l_carpal_distal_interphalangeal_3' center='0.1567 0.7207 0.0892' name='l_carpal_distal_interphalangeal_3'>
                                                                <HAnimSegment DEF='seg_l_carpal_distal_phalanx_3' name='l_carpal_distal_phalanx_3'/>
                                                              </HAnimJoint>
                                                            </HAnimJoint>
                                                          </HAnimJoint>
                                                        </HAnimJoint>
                                                      </HAnimJoint>
                                                      <HAnimJoint DEF='l_midcarpal_4_5' center='0.2129 0.8293 0.066' name='l_midcarpal_4_5'>
                                                        <HAnimSegment DEF='seg_l_hamate' name='l_hamate'/>
                                                        <HAnimJoint DEF='l_carpometacarpal_4' center='0.2191 0.7928 0.0733' name='l_carpometacarpal_4'>
                                                          <HAnimSegment DEF='seg_l_metacarpal_4' name='l_metacarpal_4'/>
                                                          <HAnimJoint DEF='l_metacarpophalangeal_4' center='0.2086 0.7466 0.0759' name='l_metacarpophalangeal_4'>
                                                            <HAnimSegment DEF='seg_l_carpal_proximal_phalanx_4' name='l_carpal_proximal_phalanx_4'/>
                                                            <HAnimJoint DEF='l_carpal_proximal_interphalangeal_4' center='0.1799 0.7275 0.0726' name='l_carpal_proximal_interphalangeal_4'>
                                                              <HAnimSegment DEF='seg_l_carpal_middle_phalanx_4' name='l_carpal_middle_phalanx_4'/>
                                                              <HAnimJoint DEF='l_carpal_distal_interphalangeal_4' center='0.1603 0.7261 0.0698' name='l_carpal_distal_interphalangeal_4'>
                                                                <HAnimSegment DEF='seg_l_carpal_distal_phalanx_4' name='l_carpal_distal_phalanx_4'/>
                                                              </HAnimJoint>
                                                            </HAnimJoint>
                                                          </HAnimJoint>
                                                        </HAnimJoint>
                                                        <HAnimJoint DEF='l_carpometacarpal_5' center='0.2186 0.7952 0.0555' name='l_carpometacarpal_5'>
                                                          <HAnimSegment DEF='seg_l_metacarpal_5' name='l_metacarpal_5'/>
                                                          <HAnimJoint DEF='l_metacarpophalangeal_5' center='0.2107 0.7483 0.0533' name='l_metacarpophalangeal_5'>
                                                            <HAnimSegment DEF='seg_l_carpal_proximal_phalanx_5' name='l_carpal_proximal_phalanx_5'/>
                                                            <HAnimJoint DEF='l_carpal_proximal_interphalangeal_5' center='0.1925 0.7287 0.0507' name='l_carpal_proximal_interphalangeal_5'>
                                                              <HAnimSegment DEF='seg_l_carpal_middle_phalanx_5' name='l_carpal_middle_phalanx_5'/>
                                                              <HAnimJoint DEF='l_carpal_distal_interphalangeal_5' center='0.1787 0.7247 0.0489' name='l_carpal_distal_interphalangeal_5'>
                                                                <HAnimSegment DEF='seg_l_carpal_distal_phalanx_5' name='l_carpal_distal_phalanx_5'/>
                                                              </HAnimJoint>
                                                            </HAnimJoint>
                                                          </HAnimJoint>
                                                        </HAnimJoint>
                                                      </HAnimJoint>
                                                    </HAnimJoint>
                                                  </HAnimJoint>
                                                </HAnimJoint>
                                              </HAnimJoint>
                                            </HAnimJoint>
                                            <HAnimJoint DEF='r_sternoclavicular' center='-0.0385 1.2087 -0.0138' name='r_sternoclavicular'>
                                              <HAnimSegment DEF='seg_r_clavicle' name='r_clavicle'>
                                                <Transform translation='-0.0385 1.2087 -0.0138'>
                                                  <Shape>
                                                    <Appearance>
                                                      <Material diffuseColor='0.93 0.78 0.3' shininess='0.3' specularColor='0.2 0.2 0.2'/>
                                                    </Appearance>
                                                    <Sphere radius='0.014'/>
                                                  </Shape>
                                                </Transform>
                                                <Transform rotation='0.010662900884961373 0.0 0.999943149656378 1.7684087842361664' translation='-0.0807 1.20025 -0.01335'>
                                                  <Shape>
                                                    <Appearance>
                                                      <Material diffuseColor='0.95 0.91 0.82' shininess='0.3' specularColor='0.2 0.2 0.2'/>
                                                    </Appearance>
                                                    <Cylinder height='0.08608007899624631' radius='0.011'/>
                                                  </Shape>
                                                </Transform>
                                              </HAnimSegment>
                                              <HAnimJoint DEF='r_acromioclavicular' center='-0.1229 1.1918 -0.0129' name='r_acromioclavicular'>
                                                <HAnimSegment DEF='seg_r_scapula' name='r_scapula'>
                                                  <Transform translation='-0.1229 1.1918 -0.0129'>
                                                    <Shape>
                                                      <Appearance>
                                                        <Material diffuseColor='0.93 0.78 0.3' shininess='0.3' specularColor='0.2 0.2 0.2'/>
                                                      </Appearance>
                                                      <Sphere radius='0.014'/>
                                                    </Shape>
                                                  </Transform>
                                                  <Transform rotation='-0.28294514724368397 0.0 0.9591360923514712 0.2633755200967655' translation='-0.1529 1.3077999999999999 -0.02175'>
                                                    <Shape>
                                                      <Appearance>
                                                        <Material diffuseColor='0.95 0.91 0.82' shininess='0.3' specularColor='0.2 0.2 0.2'/>
                                                      </Appearance>
                                                      <Cylinder height='0.24028585060298494' radius='0.011'/>
                                                    </Shape>
                                                  </Transform>
                                                </HAnimSegment>
                                                <HAnimJoint DEF='r_shoulder' center='-0.1829 1.4238 -0.0306' name='r_shoulder'>
                                                  <HAnimSegment DEF='seg_r_upperarm' name='r_upperarm'>
                                                    <Transform translation='-0.1829 1.4238 -0.0306'>
                                                      <Shape>
                                                        <Appearance>
                                                          <Material diffuseColor='0.93 0.78 0.3' shininess='0.3' specularColor='0.2 0.2 0.2'/>
                                                        </Appearance>
                                                        <Sphere radius='0.032'/>
                                                      </Shape>
                                                    </Transform>
                                                    <Transform rotation='-0.21736468322521735 0.0 0.9760904642943711 3.0706864235423117' translation='-0.1948 1.2521499999999999 -0.03325'>
                                                      <Shape>
                                                        <Appearance>
                                                          <Material diffuseColor='0.95 0.91 0.82' shininess='0.3' specularColor='0.2 0.2 0.2'/>
                                                        </Appearance>
                                                        <Cylinder height='0.34416481516854674' radius='0.027'/>
                                                      </Shape>
                                                    </Transform>
                                                  </HAnimSegment>
                                                  <HAnimJoint DEF='r_elbow' center='-0.2067 1.0805 -0.0359' name='r_elbow'>
                                                    <HAnimSegment DEF='seg_r_forearm' name='r_forearm'>
                                                      <Transform translation='-0.2067 1.0805 -0.0359'>
                                                        <Shape>
                                                          <Appearance>
                                                            <Material diffuseColor='0.93 0.78 0.3' shininess='0.3' specularColor='0.2 0.2 0.2'/>
                                                          </Appearance>
                                                          <Sphere radius='0.028'/>
                                                        </Shape>
                                                      </Transform>
                                                      <Transform rotation='0.9972651349167674 0.0 0.07390704079748914 2.7138004429789335' translation='-0.21055000000000001 0.96625 0.016050000000000002'>
                                                        <Shape>
                                                          <Appearance>
                                                            <Material diffuseColor='0.95 0.91 0.82' shininess='0.3' specularColor='0.2 0.2 0.2'/>
                                                          </Appearance>
                                                          <Cylinder height='0.2511309419406538' radius='0.023'/>
                                                        </Shape>
                                                      </Transform>
                                                    </HAnimSegment>
                                                    <HAnimJoint DEF='r_radiocarpal' center='-0.2144 0.852 0.068' name='r_radiocarpal'>
                                                      <HAnimSegment DEF='seg_r_carpal' name='r_carpal'>
                                                        <Transform translation='-0.2144 0.852 0.068'>
                                                          <Shape>
                                                            <Appearance>
                                                              <Material diffuseColor='0.93 0.78 0.3' shininess='0.3' specularColor='0.2 0.2 0.2'/>
                                                            </Appearance>
                                                            <Sphere radius='0.016'/>
                                                          </Shape>
                                                        </Transform>
                                                        <Transform rotation='0.9143169303005126 0.0 -0.4049994456364693 2.846696815600532' translation='-0.20779999999999998 0.79835 0.0829'>
                                                          <Shape>
                                                            <Appearance>
                                                              <Material diffuseColor='0.86 0.66 0.52' shininess='0.3' specularColor='0.2 0.2 0.2'/>
                                                            </Appearance>
                                                            <Cylinder height='0.11214084893561307' radius='0.022'/>
                                                          </Shape>
                                                        </Transform>
                                                        <Transform translation='-0.2012 0.7447 0.0978'>
                                                          <Shape>
                                                            <Appearance>
                                                              <Material diffuseColor='0.86 0.66 0.52' shininess='0.3' specularColor='0.2 0.2 0.2'/>
                                                            </Appearance>
                                                            <Sphere radius='0.052'/>
                                                          </Shape>
                                                        </Transform>
                                                      </HAnimSegment>
                                                      <HAnimJoint DEF='r_midcarpal_1' center='-0.1908 0.8312 0.0855' name='r_midcarpal_1'>
                                                        <HAnimSegment DEF='seg_r_trapezium' name='r_trapezium'/>
                                                        <HAnimJoint DEF='r_carpometacarpal_1' center='-0.1769 0.8094 0.0955' name='r_carpometacarpal_1'>
                                                          <HAnimSegment DEF='seg_r_metacarpal_1' name='r_metacarpal_1'/>
                                                          <HAnimJoint DEF='r_metacarpophalangeal_1' center='-0.1634 0.7772 0.107' name='r_metacarpophalangeal_1'>
                                                            <HAnimSegment DEF='seg_r_carpal_proximal_phalanx_1' name='r_carpal_proximal_phalanx_1'/>
                                                            <HAnimJoint DEF='r_carpal_interphalangeal_1' center='-0.1574 0.7597 0.1151' name='r_carpal_interphalangeal_1'>
                                                              <HAnimSegment DEF='seg_r_carpal_distal_phalanx_1' name='r_carpal_distal_phalanx_1'/>
                                                            </HAnimJoint>
                                                          </HAnimJoint>
                                                        </HAnimJoint>
                                                      </HAnimJoint>
                                                      <HAnimJoint DEF='r_midcarpal_2' center='-0.2045 0.8281 0.0869' name='r_midcarpal_2'>
                                                        <HAnimSegment DEF='seg_r_trapezoid' name='r_trapezoid'/>
                                                        <HAnimJoint DEF='r_carpometacarpal_2' center='-0.2025 0.7975 0.1008' name='r_carpometacarpal_2'>
                                                          <HAnimSegment DEF='seg_r_metacarpal_2' name='r_metacarpal_2'/>
                                                          <HAnimJoint DEF='r_metacarpophalangeal_2' center='-0.194 0.7527 0.1204' name='r_metacarpophalangeal_2'>
                                                            <HAnimSegment DEF='seg_r_carpal_proximal_phalanx_2' name='r_carpal_proximal_phalanx_2'/>
                                                            <HAnimJoint DEF='r_carpal_proximal_interphalangeal_2' center='-0.1806 0.7314 0.1255' name='r_carpal_proximal_interphalangeal_2'>
                                                              <HAnimSegment DEF='seg_r_carpal_middle_phalanx_2' name='r_carpal_middle_phalanx_2'/>
                                                              <HAnimJoint DEF='r_carpal_distal_interphalangeal_2' center='-0.1676 0.7248 0.1188' name='r_carpal_distal_interphalangeal_2'>
                                                                <HAnimSegment DEF='seg_r_carpal_distal_phalanx_2' name='r_carpal_distal_phalanx_2'/>
                                                              </HAnimJoint>
                                                            </HAnimJoint>
                                                          </HAnimJoint>
                                                        </HAnimJoint>
                                                      </HAnimJoint>
                                                      <HAnimJoint DEF='r_midcarpal_3' center='-0.212 0.8341 0.0772' name='r_midcarpal_3'>
                                                        <HAnimSegment DEF='seg_r_capitate' name='r_capitate'/>
                                                        <HAnimJoint DEF='r_carpometacarpal_3' center='-0.2137 0.796 0.0875' name='r_carpometacarpal_3'>
                                                          <HAnimSegment DEF='seg_r_metacarpal_3' name='r_metacarpal_3'/>
                                                          <HAnimJoint DEF='r_metacarpophalangeal_3' center='-0.2012 0.7447 0.0978' name='r_metacarpophalangeal_3'>
                                                            <HAnimSegment DEF='seg_r_carpal_proximal_phalanx_3' name='r_carpal_proximal_phalanx_3'/>
                                                            <HAnimJoint DEF='r_carpal_proximal_interphalangeal_3' center='-0.175 0.7237 0.0947' name='r_carpal_proximal_interphalangeal_3'>
                                                              <HAnimSegment DEF='seg_r_carpal_middle_phalanx_3' name='r_carpal_middle_phalanx_3'/>
                                                              <HAnimJoint DEF='r_carpal_distal_interphalangeal_3' center='-0.1567 0.7207 0.0892' name='r_carpal_distal_interphalangeal_3'>
                                                                <HAnimSegment DEF='seg_r_carpal_distal_phalanx_3' name='r_carpal_distal_phalanx_3'/>
                                                              </HAnimJoint>
                                                            </HAnimJoint>
                                                          </HAnimJoint>
                                                        </HAnimJoint>
                                                      </HAnimJoint>
                                                      <HAnimJoint DEF='r_midcarpal_4_5' center='-0.2129 0.8293 0.066' name='r_midcarpal_4_5'>
                                                        <HAnimSegment DEF='seg_r_hamate' name='r_hamate'/>
                                                        <HAnimJoint DEF='r_carpometacarpal_4' center='-0.2191 0.7928 0.0733' name='r_carpometacarpal_4'>
                                                          <HAnimSegment DEF='seg_r_metacarpal_4' name='r_metacarpal_4'/>
                                                          <HAnimJoint DEF='r_metacarpophalangeal_4' center='-0.2086 0.7466 0.0759' name='r_metacarpophalangeal_4'>
                                                            <HAnimSegment DEF='seg_r_carpal_proximal_phalanx_4' name='r_carpal_proximal_phalanx_4'/>
                                                            <HAnimJoint DEF='r_carpal_proximal_interphalangeal_4' center='-0.1799 0.7275 0.0726' name='r_carpal_proximal_interphalangeal_4'>
                                                              <HAnimSegment DEF='seg_r_carpal_middle_phalanx_4' name='r_carpal_middle_phalanx_4'/>
                                                              <HAnimJoint DEF='r_carpal_distal_interphalangeal_4' center='-0.1603 0.7261 0.0698' name='r_carpal_distal_interphalangeal_4'>
                                                                <HAnimSegment DEF='seg_r_carpal_distal_phalanx_4' name='r_carpal_distal_phalanx_4'/>
                                                              </HAnimJoint>
                                                            </HAnimJoint>
                                                          </HAnimJoint>
                                                        </HAnimJoint>
                                                        <HAnimJoint DEF='r_carpometacarpal_5' center='-0.2186 0.7952 0.0555' name='r_carpometacarpal_5'>
                                                          <HAnimSegment DEF='seg_r_metacarpal_5' name='r_metacarpal_5'/>
                                                          <HAnimJoint DEF='r_metacarpophalangeal_5' center='-0.2107 0.7483 0.0533' name='r_metacarpophalangeal_5'>
                                                            <HAnimSegment DEF='seg_r_carpal_proximal_phalanx_5' name='r_carpal_proximal_phalanx_5'/>
                                                            <HAnimJoint DEF='r_carpal_proximal_interphalangeal_5' center='-0.1925 0.7287 0.0507' name='r_carpal_proximal_interphalangeal_5'>
                                                              <HAnimSegment DEF='seg_r_carpal_middle_phalanx_5' name='r_carpal_middle_phalanx_5'/>
                                                              <HAnimJoint DEF='r_carpal_distal_interphalangeal_5' center='-0.1787 0.7247 0.0489' name='r_carpal_distal_interphalangeal_5'>
                                                                <HAnimSegment DEF='seg_r_carpal_distal_phalanx_5' name='r_carpal_distal_phalanx_5'/>
                                                              </HAnimJoint>
                                                            </HAnimJoint>
                                                          </HAnimJoint>
                                                        </HAnimJoint>
                                                      </HAnimJoint>
                                                    </HAnimJoint>
                                                  </HAnimJoint>
                                                </HAnimJoint>
                                              </HAnimJoint>
                                            </HAnimJoint>
                                          </HAnimJoint>
                                        </HAnimJoint>
                                      </HAnimJoint>
                                    </HAnimJoint>
                                  </HAnimJoint>
                                </HAnimJoint>
                              </HAnimJoint>
                            </HAnimJoint>
                          </HAnimJoint>
                        </HAnimJoint>
                      </HAnimJoint>
                    </HAnimJoint>
                  </HAnimJoint>
                </HAnimJoint>
              </HAnimJoint>
            </HAnimJoint>
          </HAnimJoint>
        </HAnimJoint>
      </HAnimHumanoid>
    </Transform>
    <TimeSensor DEF='GaitClock' cycleInterval='0.7' loop='true'/>
    <TimeSensor DEF='CourseClock' cycleInterval='12.13' loop='true'/>
    <OrientationInterpolator DEF='l_hip_int' key='0 0.25 0.5 0.75 1' keyValue='1 0 0 -0.55 1 0 0 0.15 1 0 0 0.48 1 0 0 -0.1 1 0 0 -0.55'/>
    <OrientationInterpolator DEF='r_hip_int' key='0 0.25 0.5 0.75 1' keyValue='1 0 0 0.48 1 0 0 -0.1 1 0 0 -0.55 1 0 0 0.15 1 0 0 0.48'/>
    <OrientationInterpolator DEF='l_knee_int' key='0 0.25 0.5 0.75 1' keyValue='1 0 0 0.1 1 0 0 0.85 1 0 0 1.5 1 0 0 0.3 1 0 0 0.1'/>
    <OrientationInterpolator DEF='r_knee_int' key='0 0.25 0.5 0.75 1' keyValue='1 0 0 1.5 1 0 0 0.3 1 0 0 0.1 1 0 0 0.85 1 0 0 1.5'/>
    <OrientationInterpolator DEF='l_talocrural_int' key='0 0.25 0.5 0.75 1' keyValue='1 0 0 -0.2 1 0 0 0.1 1 0 0 0.4 1 0 0 -0.15 1 0 0 -0.2'/>
    <OrientationInterpolator DEF='r_talocrural_int' key='0 0.25 0.5 0.75 1' keyValue='1 0 0 0.4 1 0 0 -0.15 1 0 0 -0.2 1 0 0 0.1 1 0 0 0.4'/>
    <OrientationInterpolator DEF='l_shoulder_int' key='0 0.25 0.5 0.75 1' keyValue='1 0 0 0.4 1 0 0 -0.1 1 0 0 -0.35 1 0 0 0.1 1 0 0 0.4'/>
    <OrientationInterpolator DEF='r_shoulder_int' key='0 0.25 0.5 0.75 1' keyValue='1 0 0 -0.35 1 0 0 0.1 1 0 0 0.4 1 0 0 -0.1 1 0 0 -0.35'/>
    <OrientationInterpolator DEF='l_elbow_int' key='0 0.25 0.5 0.75 1' keyValue='1 0 0 -0.85 1 0 0 -1.1 1 0 0 -0.85 1 0 0 -0.65 1 0 0 -0.85'/>
    <OrientationInterpolator DEF='r_elbow_int' key='0 0.25 0.5 0.75 1' keyValue='1 0 0 -0.85 1 0 0 -0.65 1 0 0 -0.85 1 0 0 -1.1 1 0 0 -0.85'/>
    <OrientationInterpolator DEF='sacroiliac_int' key='0 0.25 0.5 0.75 1' keyValue='0 1 0 -0.1 0 1 0 0.0 0 1 0 0.1 0 1 0 0.0 0 1 0 -0.1'/>
    <OrientationInterpolator DEF='vt6_int' key='0 0.25 0.5 0.75 1' keyValue='0 1 0 0.1 0 1 0 0.0 0 1 0 -0.1 0 1 0 0.0 0 1 0 0.1'/>
    <PositionInterpolator DEF='bounce_int' key='0 0.25 0.5 0.75 1' keyValue='0 0 0 0 0.045 0 0 0 0 0 0.045 0 0 0 0'/>
    <PositionInterpolator DEF='path_int' key='0.0 0.14424825686171794 0.2818825631476118 0.4711503486276564 0.660418134107701 0.7980524403935949 1.0' keyValue='0.0 0 0.0 0.0 0 5.0 2.6 0 9.0 -2.6 0 13.0 2.6 0 17.0 0.0 0 21.0 0.0 0 28.0'/>
    <OrientationInterpolator DEF='heading_int' key='0.0 0.14424825686171794 0.2818825631476118 0.4711503486276564 0.660418134107701 0.7980524403935949 1.0' keyValue='0 1 0 0.0 0 1 0 0.5763752205911837 0 1 0 -0.9151007005533605 0 1 0 0.9151007005533605 0 1 0 -0.5763752205911837 0 1 0 0.0 0 1 0 0.0'/>
    <ROUTE fromField='fraction_changed' fromNode='GaitClock' toField='set_fraction' toNode='l_hip_int'/>
    <ROUTE fromField='value_changed' fromNode='l_hip_int' toField='set_rotation' toNode='l_hip'/>
    <ROUTE fromField='fraction_changed' fromNode='GaitClock' toField='set_fraction' toNode='r_hip_int'/>
    <ROUTE fromField='value_changed' fromNode='r_hip_int' toField='set_rotation' toNode='r_hip'/>
    <ROUTE fromField='fraction_changed' fromNode='GaitClock' toField='set_fraction' toNode='l_knee_int'/>
    <ROUTE fromField='value_changed' fromNode='l_knee_int' toField='set_rotation' toNode='l_knee'/>
    <ROUTE fromField='fraction_changed' fromNode='GaitClock' toField='set_fraction' toNode='r_knee_int'/>
    <ROUTE fromField='value_changed' fromNode='r_knee_int' toField='set_rotation' toNode='r_knee'/>
    <ROUTE fromField='fraction_changed' fromNode='GaitClock' toField='set_fraction' toNode='l_talocrural_int'/>
    <ROUTE fromField='value_changed' fromNode='l_talocrural_int' toField='set_rotation' toNode='l_talocrural'/>
    <ROUTE fromField='fraction_changed' fromNode='GaitClock' toField='set_fraction' toNode='r_talocrural_int'/>
    <ROUTE fromField='value_changed' fromNode='r_talocrural_int' toField='set_rotation' toNode='r_talocrural'/>
    <ROUTE fromField='fraction_changed' fromNode='GaitClock' toField='set_fraction' toNode='l_shoulder_int'/>
    <ROUTE fromField='value_changed' fromNode='l_shoulder_int' toField='set_rotation' toNode='l_shoulder'/>
    <ROUTE fromField='fraction_changed' fromNode='GaitClock' toField='set_fraction' toNode='r_shoulder_int'/>
    <ROUTE fromField='value_changed' fromNode='r_shoulder_int' toField='set_rotation' toNode='r_shoulder'/>
    <ROUTE fromField='fraction_changed' fromNode='GaitClock' toField='set_fraction' toNode='l_elbow_int'/>
    <ROUTE fromField='value_changed' fromNode='l_elbow_int' toField='set_rotation' toNode='l_elbow'/>
    <ROUTE fromField='fraction_changed' fromNode='GaitClock' toField='set_fraction' toNode='r_elbow_int'/>
    <ROUTE fromField='value_changed' fromNode='r_elbow_int' toField='set_rotation' toNode='r_elbow'/>
    <ROUTE fromField='fraction_changed' fromNode='GaitClock' toField='set_fraction' toNode='sacroiliac_int'/>
    <ROUTE fromField='value_changed' fromNode='sacroiliac_int' toField='set_rotation' toNode='sacroiliac'/>
    <ROUTE fromField='fraction_changed' fromNode='GaitClock' toField='set_fraction' toNode='vt6_int'/>
    <ROUTE fromField='value_changed' fromNode='vt6_int' toField='set_rotation' toNode='vt6'/>
    <ROUTE fromField='fraction_changed' fromNode='GaitClock' toField='set_fraction' toNode='bounce_int'/>
    <ROUTE fromField='value_changed' fromNode='bounce_int' toField='set_translation' toNode='humanoid_root'/>
    <ROUTE fromField='fraction_changed' fromNode='CourseClock' toField='set_fraction' toNode='path_int'/>
    <ROUTE fromField='fraction_changed' fromNode='CourseClock' toField='set_fraction' toNode='heading_int'/>
    <ROUTE fromField='value_changed' fromNode='path_int' toField='set_translation' toNode='Traveler'/>
    <ROUTE fromField='value_changed' fromNode='heading_int' toField='set_rotation' toNode='Traveler'/>
  </Scene>
</X3D>