<?xml version="1.0" encoding="UTF-8"?>
<!DOCTYPE X3D PUBLIC "ISO//Web3D//DTD X3D 4.0//EN" "https://www.web3d.org/specifications/x3d-4.0.dtd">
<X3D profile="Immersive" version="4.0" xmlns:xsd="http://www.w3.org/2001/XMLSchema-instance" xsd:noNamespaceSchemaLocation="https://www.web3d.org/specifications/x3d-4.0.xsd">
<head>
<meta name="title" content="Samwel Cave — Cave of the Lost Maiden"/>
<meta name="description" content="Labeled cross-section of Samwel Cave (Furlong 1906; Feranec et al. 2007). Sister cave to Potter Creek; McCloud River, Shasta County, California. Winnemem Wintu sacred site."/>
<meta name="reference" content="Feranec, R.S. et al. (2007) Radiocarbon 49(1):117-121; Furlong, E.L. (1906) Am. J. Sci. 22:235-247."/>
<meta name="creator" content="x3d_mcp cave pipeline"/>
</head>
<Scene>
<Background skyColor="0.02 0.02 0.03 0.03 0.03 0.045" groundColor="0.015 0.015 0.02" skyAngle="1.2"/><Fog fogType="LINEAR" color="0.03 0.03 0.045" visibilityRange="620"/><NavigationInfo type='"EXAMINE" "ANY"' headlight="false" speed="14"/><Viewpoint DEF="Section" description="Cross-section" position="92 22 215" orientation="-1 -0 0 0.036" fieldOfView="0.95"/><Viewpoint DEF="Hero" description="Lower level -- the drop to Chamber Two" position="44 16 86" orientation="-0.962 0.275 0 0.157" fieldOfView="0.95"/><DirectionalLight direction="0.1 -0.5 -1" intensity="0.55" color="0.82 0.86 0.96"/><DirectionalLight direction="-0.2 -1 0.1" intensity="0.2" color="0.55 0.58 0.68"/><PointLight location="152 31 6" color="0.7 0.8 1" intensity="1" radius="55" attenuation="1 0.02 0.003"/><PointLight location="168 14 6" color="0.7 0.8 1" intensity="0.75" radius="45" attenuation="1 0.02 0.003"/><PointLight location="100 19 -3" color="1 0.82 0.5" intensity="1" radius="60" attenuation="1 0.035 0.005"/><PointLight location="54 15 -3" color="1 0.82 0.5" intensity="0.95" radius="45" attenuation="1 0.035 0.005"/><PointLight location="18 32 -3" color="1 0.82 0.5" intensity="0.9" radius="42" attenuation="1 0.035 0.005"/><PointLight location="34 -14 -3" color="0.92 0.76 0.56" intensity="0.85" radius="42" attenuation="1 0.035 0.005"/><Transform translation="92 60 6"><Shape><Appearance><Material diffuseColor="0.95 0.92 0.82" emissiveColor="0.95 0.92 0.82"/></Appearance><Text string='"Samwel Cave — Cave of the Lost Maiden"' solid="false"><FontStyle size="5.5" family='"SANS"' justify='"MIDDLE" "MIDDLE"'/></Text></Shape></Transform><Group><Shape><Appearance><Material diffuseColor="1 1 1" specularColor="0.08 0.08 0.07" shininess="0.12" ambientIntensity="0.2"/></Appearance><IndexedFaceSet solid="false" creaseAngle="1.4" colorPerVertex="true" coordIndex="0 1 16 15 -1 1 2 17 16 -1 2 3 18 17 -1 3 4 19 18 -1 4 5 20 19 -1 5 6 21 20 -1 6 7 22 21 -1 7 8 23 22 -1 8 9 24 23 -1 9 10 25 24 -1 10 11 26 25 -1 11 12 27 26 -1 12 13 28 27 -1 13 14 29 28 -1 15 16 31 30 -1 16 17 32 31 -1 17 18 33 32 -1 18 19 34 33 -1 19 20 35 34 -1 20 21 36 35 -1 21 22 37 36 -1 22 23 38 37 -1 23 24 39 38 -1 24 25 40 39 -1 25 26 41 40 -1 26 27 42 41 -1 27 28 43 42 -1 28 29 44 43 -1 30 31 46 45 -1 31 32 47 46 -1 32 33 48 47 -1 33 34 49 48 -1 34 35 50 49 -1 35 36 51 50 -1 36 37 52 51 -1 37 38 53 52 -1 38 39 54 53 -1 39 40 55 54 -1 40 41 56 55 -1 41 42 57 56 -1 42 43 58 57 -1 43 44 59 58 -1 45 46 61 60 -1 46 47 62 61 -1 47 48 63 62 -1 48 49 64 63 -1 49 50 65 64 -1 50 51 66 65 -1 51 52 67 66 -1 52 53 68 67 -1 53 54 69 68 -1 54 55 70 69 -1 55 56 71 70 -1 56 57 72 71 -1 57 58 73 72 -1 58 59 74 73 -1 60 61 76 75 -1 61 62 77 76 -1 62 63 78 77 -1 63 64 79 78 -1 64 65 80 79 -1 65 66 81 80 -1 66 67 82 81 -1 67 68 83 82 -1 68 69 84 83 -1 69 70 85 84 -1 70 71 86 85 -1 71 72 87 86 -1 72 73 88 87 -1 73 74 89 88 -1 75 76 91 90 -1 76 77 92 91 -1 77 78 93 92 -1 78 79 94 93 -1 79 80 95 94 -1 80 81 96 95 -1 81 82 97 96 -1 82 83 98 97 -1 83 84 99 98 -1 84 85 100 99 -1 85 86 101 100 -1 86 87 102 101 -1 87 88 103 102 -1 88 89 104 103 -1 90 91 106 105 -1 91 92 107 106 -1 92 93 108 107 -1 93 94 109 108 -1 94 95 110 109 -1 95 96 111 110 -1 96 97 112 111 -1 97 98 113 112 -1 98 99 114 113 -1 99 100 115 114 -1 100 101 116 115 -1 101 102 117 116 -1 102 103 118 117 -1 103 104 119 118 -1 105 106 121 120 -1 106 107 122 121 -1 107 108 123 122 -1 108 109 124 123 -1 109 110 125 124 -1 110 111 126 125 -1 111 112 127 126 -1 112 113 128 127 -1 113 114 129 128 -1 114 115 130 129 -1 115 116 131 130 -1 116 117 132 131 -1 117 118 133 132 -1 118 119 134 133 -1 120 121 136 135 -1 121 122 137 136 -1 122 123 138 137 -1 123 124 139 138 -1 124 125 140 139 -1 125 126 141 140 -1 126 127 142 141 -1 127 128 143 142 -1 128 129 144 143 -1 129 130 145 144 -1 130 131 146 145 -1 131 132 147 146 -1 132 133 148 147 -1 133 134 149 148 -1 135 136 151 150 -1 136 137 152 151 -1 137 138 153 152 -1 138 139 154 153 -1 139 140 155 154 -1 140 141 156 155 -1 141 142 157 156 -1 142 143 158 157 -1 143 144 159 158 -1 144 145 160 159 -1 145 146 161 160 -1 146 147 162 161 -1 147 148 163 162 -1 148 149 164 163 -1 150 151 166 165 -1 151 152 167 166 -1 152 153 168 167 -1 153 154 169 168 -1 154 155 170 169 -1 155 156 171 170 -1 156 157 172 171 -1 157 158 173 172 -1 158 159 174 173 -1 159 160 175 174 -1 160 161 176 175 -1 161 162 177 176 -1 162 163 178 177 -1 163 164 179 178 -1"><Coordinate point="150 39 0 150 39 -0 150 39 -0 150 39 -0 150 39 -0 150 39 -0 150 39 -0 150 39 -0 150 39 -0 150 39 -0 150 39 -0 150 39 -0 150 39 -0 150 39 -0 150 39 -0 146.784 38.962 0 146.876 38.929 -0.583 147.142 38.839 -1.126 147.557 38.708 -1.594 148.084 38.563 -1.966 148.687 38.432 -2.231 149.334 38.341 -2.388 150 38.309 -2.44 150.666 38.341 -2.388 151.313 38.432 -2.231 151.916 38.563 -1.966 152.443 38.708 -1.594 152.858 38.839 -1.126 153.124 38.929 -0.583 153.216 38.962 -0 143.759 37.946 0 143.944 37.909 -1.131 144.477 37.805 -2.176 145.299 37.655 -3.067 146.333 37.488 -3.762 147.499 37.338 -4.249 148.736 37.234 -4.532 150 37.197 -4.625 151.264 37.234 -4.532 152.501 37.338 -4.249 153.667 37.488 -3.762 154.701 37.655 -3.067 155.523 37.805 -2.176 156.056 37.909 -1.131 156.241 37.946 -0 141.462 36.053 0 141.698 36.037 -1.55 142.384 35.993 -3.001 143.461 35.929 -4.266 144.848 35.858 -5.286 146.454 35.794 -6.025 148.195 35.75 -6.47 150 35.734 -6.618 151.805 35.75 -6.47 153.546 35.794 -6.025 155.152 35.858 -5.286 156.539 35.929 -4.266 157.616 35.993 -3.001 158.302 36.037 -1.55 158.538 36.053 -0 140.135 33.686 0 140.369 33.691 -1.799 141.064 33.706 -3.521 142.202 33.727 -5.088 143.742 33.75 -6.421 145.62 33.772 -7.441 147.745 33.786 -8.083 150 33.791 -8.302 152.255 33.786 -8.083 154.38 33.772 -7.441 156.258 33.75 -6.421 157.798 33.727 -5.088 158.936 33.706 -3.521 159.631 33.691 -1.799 159.865 33.686 -0 139.607 31.223 0 139.82 31.228 -1.901 140.468 31.245 -3.756 141.574 31.268 -5.498 143.143 31.294 -7.035 145.142 31.317 -8.254 147.478 31.333 -9.041 150 31.339 -9.314 152.522 31.333 -9.041 154.858 31.317 -8.254 156.857 31.294 -7.035 158.426 31.268 -5.498 159.532 31.245 -3.756 160.18 31.228 -1.901 160.393 31.223 -0 139.607 28.777 0 139.82 28.772 -1.901 140.468 28.755 -3.756 141.574 28.732 -5.498 143.143 28.706 -7.035 145.142 28.683 -8.254 147.478 28.667 -9.041 150 28.661 -9.314 152.522 28.667 -9.041 154.858 28.683 -8.254 156.857 28.706 -7.035 158.426 28.732 -5.498 159.532 28.755 -3.756 160.18 28.772 -1.901 160.393 28.777 -0 140.135 26.314 0 140.369 26.309 -1.799 141.064 26.294 -3.521 142.202 26.273 -5.088 143.742 26.25 -6.421 145.62 26.228 -7.441 147.745 26.214 -8.083 150 26.209 -8.302 152.255 26.214 -8.083 154.38 26.228 -7.441 156.258 26.25 -6.421 157.798 26.273 -5.088 158.936 26.294 -3.521 159.631 26.309 -1.799 159.865 26.314 -0 141.462 23.947 0 141.698 23.963 -1.55 142.384 24.007 -3.001 143.461 24.071 -4.266 144.848 24.142 -5.286 146.454 24.206 -6.025 148.195 24.25 -6.47 150 24.266 -6.618 151.805 24.25 -6.47 153.546 24.206 -6.025 155.152 24.142 -5.286 156.539 24.071 -4.266 157.616 24.007 -3.001 158.302 23.963 -1.55 158.538 23.947 -0 143.759 22.054 0 143.944 22.091 -1.131 144.477 22.195 -2.176 145.299 22.345 -3.067 146.333 22.512 -3.762 147.499 22.662 -4.249 148.736 22.766 -4.532 150 22.803 -4.625 151.264 22.766 -4.532 152.501 22.662 -4.249 153.667 22.512 -3.762 154.701 22.345 -3.067 155.523 22.195 -2.176 156.056 22.091 -1.131 156.241 22.054 -0 146.784 21.038 0 146.876 21.071 -0.583 147.142 21.161 -1.126 147.557 21.292 -1.594 148.084 21.437 -1.966 148.687 21.568 -2.231 149.334 21.659 -2.388 150 21.691 -2.44 150.666 21.659 -2.388 151.313 21.568 -2.231 151.916 21.437 -1.966 152.443 21.292 -1.594 152.858 21.161 -1.126 153.124 21.071 -0.583 153.216 21.038 -0 150 21 0 150 21 -0 150 21 -0 150 21 -0 150 21 -0 150 21 -0 150 21 -0 150 21 -0 150 21 -0 150 21 -0 150 21 -0 150 21 -0 150 21 -0 150 21 -0 150 21 -0"/><Color color="0.731 0.663 0.565 0.731 0.663 0.565 0.731 0.663 0.565 0.731 0.663 0.565 0.731 0.663 0.565 0.731 0.663 0.565 0.731 0.663 0.565 0.731 0.663 0.565 0.731 0.663 0.565 0.731 0.663 0.565 0.731 0.663 0.565 0.731 0.663 0.565 0.731 0.663 0.565 0.731 0.663 0.565 0.731 0.663 0.565 0.714 0.644 0.545 0.639 0.574 0.483 0.628 0.563 0.473 0.676 0.609 0.514 0.681 0.614 0.52 0.659 0.596 0.505 0.617 0.558 0.474 0.756 0.692 0.595 0.734 0.674 0.582 0.593 0.545 0.47 0.596 0.55 0.478 0.715 0.664 0.581 0.644 0.599 0.525 0.707 0.659 0.58 0.588 0.548 0.481 0.732 0.663 0.564 0.713 0.645 0.547 0.626 0.562 0.473 0.648 0.583 0.49 0.681 0.614 0.519 0.616 0.556 0.471 0.6 0.546 0.466 0.659 0.607 0.526 0.635 0.59 0.516 0.644 0.603 0.532 0.663 0.623 0.552 0.676 0.635 0.563 0.594 0.557 0.493 0.689 0.644 0.569 0.726 0.679 0.6 0.606 0.548 0.464 0.655 0.593 0.503 0.638 0.575 0.485 0.666 0.6 0.506 0.666 0.6 0.506 0.604 0.546 0.462 0.724 0.666 0.576 0.676 0.629 0.552 0.647 0.607 0.537 0.557 0.523 0.464 0.569 0.531 0.467 0.646 0.597 0.52 0.744 0.685 0.594 0.75 0.687 0.592 0.604 0.549 0.469 0.768 0.7 0.598 0.633 0.572 0.484 0.641 0.577 0.487 0.758 0.686 0.582 0.699 0.631 0.534 0.702 0.64 0.548 0.607 0.56 0.487 0.639 0.598 0.529 0.633 0.594 0.527 0.587 0.545 0.478 0.614 0.563 0.485 0.688 0.626 0.534 0.769 0.698 0.594 0.713 0.644 0.545 0.638 0.573 0.482 0.681 0.615 0.521 0.684 0.618 0.523 0.763 0.691 0.586 0.691 0.623 0.526 0.767 0.697 0.595 0.696 0.638 0.551 0.582 0.542 0.475 0.613 0.576 0.511 0.576 0.537 0.472 0.66 0.606 0.523 0.654 0.592 0.503 0.676 0.609 0.514 0.668 0.601 0.507 0.708 0.64 0.542 0.762 0.691 0.587 0.771 0.698 0.593 0.656 0.59 0.497 0.725 0.655 0.555 0.671 0.606 0.514 0.751 0.688 0.592 0.744 0.69 0.602 0.588 0.551 0.488 0.64 0.6 0.531 0.654 0.604 0.526 0.746 0.68 0.583 0.774 0.701 0.596 0.675 0.609 0.514 0.712 0.645 0.548 0.762 0.694 0.594 0.649 0.589 0.501 0.691 0.625 0.53 0.656 0.593 0.503 0.686 0.624 0.532 0.653 0.597 0.513 0.684 0.633 0.552 0.568 0.532 0.469 0.708 0.665 0.59 0.65 0.605 0.531 0.745 0.685 0.593 0.717 0.65 0.553 0.625 0.561 0.471 0.619 0.557 0.469 0.626 0.567 0.482 0.663 0.604 0.517 0.594 0.541 0.462 0.612 0.561 0.485 0.725 0.669 0.581 0.645 0.597 0.52 0.627 0.584 0.513 0.721 0.677 0.599 0.699 0.657 0.582 0.628 0.586 0.516 0.739 0.683 0.595 0.602 0.546 0.465 0.695 0.628 0.532 0.755 0.683 0.579 0.627 0.565 0.476 0.729 0.664 0.568 0.727 0.665 0.571 0.595 0.541 0.463 0.635 0.596 0.528 0.539 0.506 0.448 0.559 0.525 0.466 0.563 0.528 0.468 0.669 0.627 0.554 0.65 0.605 0.53 0.568 0.523 0.453 0.58 0.528 0.452 0.677 0.615 0.524 0.663 0.599 0.507 0.73 0.661 0.561 0.63 0.568 0.479 0.685 0.621 0.529 0.651 0.591 0.504 0.574 0.52 0.441 0.562 0.52 0.453 0.513 0.474 0.412 0.585 0.541 0.47 0.589 0.542 0.47 0.594 0.545 0.47 0.643 0.588 0.506 0.568 0.516 0.44 0.618 0.561 0.478 0.567 0.511 0.432 0.57 0.513 0.433 0.589 0.531 0.448 0.564 0.507 0.427 0.651 0.589 0.5 0.541 0.486 0.409 0.606 0.547 0.463 0.491 0.441 0.371 0.491 0.441 0.371 0.491 0.441 0.371 0.491 0.441 0.371 0.491 0.441 0.371 0.491 0.441 0.371 0.491 0.441 0.371 0.491 0.441 0.371 0.491 0.441 0.371 0.491 0.441 0.371 0.491 0.441 0.371 0.491 0.441 0.371 0.491 0.441 0.371 0.491 0.441 0.371 0.491 0.441 0.371"/></IndexedFaceSet></Shape><Transform translation="150 23.52 -2" rotation="1 0 0 1.5707"><Shape><Appearance><Material diffuseColor="0.42 0.31 0.22" specularColor="0.03 0.025 0.02" ambientIntensity="0.22"/></Appearance><Cylinder height="0.6" radius="8.8" top="true" side="false" bottom="false"/></Shape></Transform><Transform translation="144.262 23.7 -4.212" rotation="0.73 0.551 0.806 1.723"><Shape><Appearance><Material diffuseColor="0.38 0.3 0.23" specularColor="0.04 0.035 0.03" ambientIntensity="0.2"/></Appearance><Box size="1.422 0.932 1.221"/></Shape></Transform><Transform translation="153.401 23.7 -2.413" rotation="0.16 0.352 0.109 0.145"><Shape><Appearance><Material diffuseColor="0.38 0.3 0.23" specularColor="0.04 0.035 0.03" ambientIntensity="0.2"/></Appearance><Box size="2.569 2.094 2.673"/></Shape></Transform><Transform translation="154.667 23.7 -4.107" rotation="0.171 0.975 0.098 0.452"><Shape><Appearance><Material diffuseColor="0.38 0.3 0.23" specularColor="0.04 0.035 0.03" ambientIntensity="0.2"/></Appearance><Box size="1.553 1.448 2.054"/></Shape></Transform><Transform translation="147.742 23.7 -2.709" rotation="0.279 0.582 0.931 1.178"><Shape><Appearance><Material diffuseColor="0.38 0.3 0.23" specularColor="0.04 0.035 0.03" ambientIntensity="0.2"/></Appearance><Box size="2.86 1.795 2.981"/></Shape></Transform><Shape><Appearance><Material diffuseColor="1 1 1" specularColor="0.08 0.08 0.07" shininess="0.12" ambientIntensity="0.2"/></Appearance><IndexedFaceSet solid="false" creaseAngle="1.4" colorPerVertex="true" coordIndex="0 1 16 15 -1 1 2 17 16 -1 2 3 18 17 -1 3 4 19 18 -1 4 5 20 19 -1 5 6 21 20 -1 6 7 22 21 -1 7 8 23 22 -1 8 9 24 23 -1 9 10 25 24 -1 10 11 26 25 -1 11 12 27 26 -1 12 13 28 27 -1 13 14 29 28 -1 15 16 31 30 -1 16 17 32 31 -1 17 18 33 32 -1 18 19 34 33 -1 19 20 35 34 -1 20 21 36 35 -1 21 22 37 36 -1 22 23 38 37 -1 23 24 39 38 -1 24 25 40 39 -1 25 26 41 40 -1 26 27 42 41 -1 27 28 43 42 -1 28 29 44 43 -1 30 31 46 45 -1 31 32 47 46 -1 32 33 48 47 -1 33 34 49 48 -1 34 35 50 49 -1 35 36 51 50 -1 36 37 52 51 -1 37 38 53 52 -1 38 39 54 53 -1 39 40 55 54 -1 40 41 56 55 -1 41 42 57 56 -1 42 43 58 57 -1 43 44 59 58 -1 45 46 61 60 -1 46 47 62 61 -1 47 48 63 62 -1 48 49 64 63 -1 49 50 65 64 -1 50 51 66 65 -1 51 52 67 66 -1 52 53 68 67 -1 53 54 69 68 -1 54 55 70 69 -1 55 56 71 70 -1 56 57 72 71 -1 57 58 73 72 -1 58 59 74 73 -1 60 61 76 75 -1 61 62 77 76 -1 62 63 78 77 -1 63 64 79 78 -1 64 65 80 79 -1 65 66 81 80 -1 66 67 82 81 -1 67 68 83 82 -1 68 69 84 83 -1 69 70 85 84 -1 70 71 86 85 -1 71 72 87 86 -1 72 73 88 87 -1 73 74 89 88 -1 75 76 91 90 -1 76 77 92 91 -1 77 78 93 92 -1 78 79 94 93 -1 79 80 95 94 -1 80 81 96 95 -1 81 82 97 96 -1 82 83 98 97 -1 83 84 99 98 -1 84 85 100 99 -1 85 86 101 100 -1 86 87 102 101 -1 87 88 103 102 -1 88 89 104 103 -1 90 91 106 105 -1 91 92 107 106 -1 92 93 108 107 -1 93 94 109 108 -1 94 95 110 109 -1 95 96 111 110 -1 96 97 112 111 -1 97 98 113 112 -1 98 99 114 113 -1 99 100 115 114 -1 100 101 116 115 -1 101 102 117 116 -1 102 103 118 117 -1 103 104 119 118 -1 105 106 121 120 -1 106 107 122 121 -1 107 108 123 122 -1 108 109 124 123 -1 109 110 125 124 -1 110 111 126 125 -1 111 112 127 126 -1 112 113 128 127 -1 113 114 129 128 -1 114 115 130 129 -1 115 116 131 130 -1 116 117 132 131 -1 117 118 133 132 -1 118 119 134 133 -1 120 121 136 135 -1 121 122 137 136 -1 122 123 138 137 -1 123 124 139 138 -1 124 125 140 139 -1 125 126 141 140 -1 126 127 142 141 -1 127 128 143 142 -1 128 129 144 143 -1 129 130 145 144 -1 130 131 146 145 -1 131 132 147 146 -1 132 133 148 147 -1 133 134 149 148 -1 135 136 151 150 -1 136 137 152 151 -1 137 138 153 152 -1 138 139 154 153 -1 139 140 155 154 -1 140 141 156 155 -1 141 142 157 156 -1 142 143 158 157 -1 143 144 159 158 -1 144 145 160 159 -1 145 146 161 160 -1 146 147 162 161 -1 147 148 163 162 -1 148 149 164 163 -1 150 151 166 165 -1 151 152 167 166 -1 152 153 168 167 -1 153 154 169 168 -1 154 155 170 169 -1 155 156 171 170 -1 156 157 172 171 -1 157 158 173 172 -1 158 159 174 173 -1 159 160 175 174 -1 160 161 176 175 -1 161 162 177 176 -1 162 163 178 177 -1 163 164 179 178 -1"><Coordinate point="168 20.172 0 168 20.092 -0 168 19.994 -0 168 19.897 -0 168 19.82 -0 168 19.779 -0 168 19.782 -0 168 19.828 -0 168 19.908 -0 168 20.006 -0 168 20.103 -0 168 20.18 -0 168 20.221 -0 168 20.218 -0 168 20.172 -0 165.66 19.973 0 165.758 19.854 -0.448 165.972 19.707 -0.855 166.278 19.563 -1.201 166.651 19.448 -1.48 167.07 19.387 -1.69 167.523 19.391 -1.83 168 19.46 -1.897 168.491 19.579 -1.883 168.979 19.725 -1.779 169.437 19.87 -1.577 169.832 19.984 -1.279 170.13 20.046 -0.898 170.304 20.042 -0.46 170.34 19.973 -0 163.565 19.039 0 163.726 18.969 -0.854 164.107 18.884 -1.641 164.67 18.799 -2.324 165.375 18.732 -2.88 166.185 18.697 -3.298 167.069 18.699 -3.571 168 18.739 -3.688 168.949 18.809 -3.639 169.878 18.894 -3.413 170.738 18.978 -3.004 171.471 19.045 -2.422 172.024 19.081 -1.696 172.353 19.079 -0.869 172.435 19.039 -0 161.984 17.562 0 162.121 17.572 -1.174 162.552 17.585 -2.296 163.259 17.598 -3.308 164.211 17.608 -4.157 165.36 17.613 -4.796 166.646 17.613 -5.19 168 17.607 -5.316 169.349 17.596 -5.171 170.623 17.583 -4.766 171.759 17.571 -4.124 172.703 17.561 -3.282 173.413 17.555 -2.281 173.858 17.556 -1.17 174.016 17.562 -0 160.955 15.815 0 161.027 15.858 -1.393 161.436 15.911 -2.766 162.202 15.963 -4.046 163.312 16.005 -5.144 164.714 16.027 -5.971 166.315 16.025 -6.458 168 16.001 -6.57 169.647 15.958 -6.314 171.154 15.905 -5.73 172.451 15.852 -4.883 173.5 15.811 -3.838 174.288 15.789 -2.65 174.808 15.791 -1.36 175.045 15.815 -0 160.373 13.96 0 160.432 13.977 -1.511 160.856 13.997 -3.01 161.672 14.018 -4.415 162.873 14.035 -5.625 164.402 14.043 -6.537 166.156 14.043 -7.07 168 14.033 -7.184 169.797 14.016 -6.888 171.431 13.995 -6.235 172.828 13.974 -5.298 173.953 13.958 -4.154 174.797 13.949 -2.864 175.36 13.95 -1.47 175.627 13.96 -0 160.211 12.02 0 160.348 12.013 -1.528 160.862 12.003 -3.008 161.748 11.994 -4.362 162.978 11.987 -5.51 164.492 11.983 -6.374 166.201 11.983 -6.895 168 11.987 -7.042 169.777 11.995 -6.814 171.434 12.004 -6.239 172.889 12.014 -5.364 174.085 12.021 -4.246 174.985 12.025 -2.943 175.56 12.024 -1.51 175.789 12.02 -0 160.611 10.047 0 160.847 10.068 -1.429 161.447 10.094 -2.761 162.363 10.119 -3.933 163.536 10.139 -4.898 164.905 10.149 -5.624 166.412 10.149 -6.087 168 10.137 -6.269 169.606 10.116 -6.157 171.159 10.091 -5.74 172.579 10.065 -5.024 173.781 10.045 -4.034 174.686 10.035 -2.817 175.233 10.035 -1.445 175.389 10.047 -0 161.733 8.248 0 161.99 8.326 -1.2 162.56 8.422 -2.292 163.376 8.516 -3.226 164.374 8.591 -3.978 165.5 8.631 -4.543 166.717 8.628 -4.919 168 8.583 -5.097 169.319 8.506 -5.057 170.627 8.41 -4.772 171.852 8.316 -4.227 172.907 8.241 -3.424 173.702 8.201 -2.403 174.167 8.204 -1.232 174.267 8.248 -0 163.534 6.92 0 163.71 7.009 -0.857 164.108 7.118 -1.64 164.684 7.226 -2.314 165.395 7.311 -2.859 166.201 7.356 -3.268 167.077 7.353 -3.538 168 7.302 -3.662 168.946 7.214 -3.625 169.879 7.105 -3.414 170.749 6.997 -3.016 171.496 6.912 -2.44 172.059 6.866 -1.71 172.39 6.869 -0.877 172.466 6.92 -0 165.733 6.243 0 165.796 6.262 -0.44 165.97 6.285 -0.855 166.244 6.308 -1.225 166.603 6.325 -1.532 167.03 6.335 -1.763 167.502 6.334 -1.908 168 6.324 -1.96 168.5 6.305 -1.917 168.978 6.282 -1.777 169.41 6.26 -1.547 169.773 6.242 -1.237 170.046 6.232 -0.862 170.214 6.233 -0.442 170.267 6.243 -0 168 6.172 0 168 6.092 -0 168 5.994 -0 168 5.897 -0 168 5.82 -0 168 5.779 -0 168 5.782 -0 168 5.828 -0 168 5.908 -0 168 6.006 -0 168 6.103 -0 168 6.18 -0 168 6.221 -0 168 6.218 -0 168 6.172 -0"/><Color color="0.629 0.568 0.48 0.663 0.599 0.508 0.702 0.636 0.541 0.623 0.562 0.475 0.732 0.664 0.565 0.724 0.657 0.559 0.713 0.646 0.55 0.722 0.655 0.557 0.749 0.68 0.58 0.633 0.571 0.483 0.632 0.57 0.482 0.646 0.584 0.494 0.775 0.705 0.601 0.776 0.706 0.602 0.629 0.568 0.48 0.728 0.658 0.558 0.642 0.578 0.487 0.708 0.64 0.542 0.726 0.658 0.559 0.612 0.551 0.465 0.751 0.683 0.584 0.679 0.617 0.527 0.727 0.665 0.571 0.734 0.674 0.581 0.7 0.643 0.557 0.713 0.658 0.572 0.632 0.584 0.507 0.707 0.655 0.572 0.603 0.558 0.487 0.728 0.676 0.592 0.749 0.677 0.574 0.671 0.604 0.51 0.771 0.698 0.593 0.63 0.567 0.477 0.718 0.651 0.554 0.6 0.544 0.462 0.741 0.68 0.586 0.655 0.603 0.523 0.579 0.536 0.467 0.689 0.643 0.566 0.684 0.641 0.566 0.619 0.581 0.515 0.696 0.654 0.58 0.698 0.656 0.582 0.669 0.629 0.558 0.681 0.613 0.517 0.764 0.692 0.587 0.764 0.692 0.588 0.654 0.589 0.498 0.702 0.637 0.542 0.674 0.616 0.528 0.742 0.686 0.596 0.583 0.541 0.474 0.674 0.632 0.559 0.62 0.582 0.516 0.722 0.677 0.6 0.601 0.562 0.496 0.674 0.629 0.553 0.687 0.639 0.56 0.619 0.574 0.502 0.779 0.705 0.599 0.721 0.651 0.551 0.717 0.648 0.549 0.734 0.666 0.566 0.767 0.7 0.6 0.693 0.636 0.55 0.622 0.577 0.505 0.661 0.619 0.547 0.562 0.527 0.468 0.686 0.642 0.567 0.608 0.564 0.494 0.727 0.672 0.585 0.74 0.68 0.589 0.603 0.55 0.471 0.605 0.55 0.47 0.673 0.607 0.513 0.77 0.698 0.594 0.77 0.699 0.596 0.609 0.55 0.466 0.738 0.677 0.583 0.612 0.565 0.492 0.732 0.685 0.605 0.675 0.634 0.563 0.565 0.528 0.466 0.716 0.664 0.581 0.75 0.69 0.598 0.766 0.7 0.602 0.742 0.675 0.576 0.733 0.665 0.566 0.644 0.581 0.49 0.668 0.605 0.515 0.642 0.582 0.495 0.634 0.576 0.492 0.645 0.591 0.509 0.645 0.596 0.519 0.605 0.564 0.497 0.673 0.632 0.561 0.578 0.541 0.479 0.592 0.549 0.48 0.732 0.673 0.583 0.722 0.657 0.562 0.754 0.684 0.582 0.674 0.607 0.512 0.752 0.68 0.577 0.721 0.651 0.551 0.687 0.631 0.546 0.706 0.65 0.563 0.721 0.667 0.581 0.651 0.605 0.53 0.717 0.671 0.593 0.711 0.667 0.592 0.664 0.623 0.551 0.662 0.616 0.541 0.648 0.596 0.517 0.638 0.58 0.495 0.695 0.629 0.534 0.624 0.56 0.47 0.757 0.685 0.581 0.669 0.603 0.509 0.672 0.606 0.512 0.582 0.543 0.478 0.7 0.655 0.578 0.637 0.597 0.528 0.686 0.644 0.571 0.584 0.549 0.487 0.694 0.65 0.575 0.682 0.635 0.558 0.699 0.646 0.561 0.645 0.589 0.505 0.674 0.611 0.52 0.741 0.671 0.569 0.656 0.59 0.497 0.651 0.586 0.493 0.682 0.615 0.52 0.71 0.642 0.544 0.552 0.518 0.458 0.551 0.516 0.457 0.634 0.594 0.525 0.598 0.558 0.492 0.665 0.619 0.543 0.615 0.569 0.495 0.621 0.57 0.493 0.581 0.529 0.453 0.628 0.57 0.485 0.589 0.53 0.447 0.696 0.629 0.533 0.676 0.61 0.516 0.699 0.632 0.536 0.724 0.656 0.557 0.725 0.657 0.558 0.536 0.491 0.424 0.587 0.539 0.466 0.516 0.472 0.406 0.623 0.572 0.493 0.558 0.509 0.436 0.617 0.562 0.482 0.525 0.475 0.403 0.636 0.578 0.493 0.662 0.601 0.512 0.633 0.573 0.486 0.595 0.537 0.454 0.66 0.597 0.507 0.603 0.544 0.46 0.648 0.586 0.497 0.602 0.543 0.458 0.499 0.449 0.378 0.483 0.433 0.364 0.516 0.464 0.391 0.606 0.549 0.466 0.514 0.463 0.39 0.523 0.471 0.398 0.605 0.548 0.466 0.564 0.509 0.431 0.561 0.507 0.429 0.521 0.47 0.396 0.586 0.531 0.45 0.501 0.45 0.379 0.525 0.473 0.399 0.553 0.499 0.422 0.499 0.449 0.378"/></IndexedFaceSet></Shape><Transform translation="168 7.96 -2" rotation="1 0 0 1.5707"><Shape><Appearance><Material diffuseColor="0.42 0.31 0.22" specularColor="0.03 0.025 0.02" ambientIntensity="0.22"/></Appearance><Cylinder height="0.6" radius="6.4" top="true" side="false" bottom="false"/></Shape></Transform><Transform translation="166.085 8.1 -4.951" rotation="0.245 0.551 0.441 2.75"><Shape><Appearance><Material diffuseColor="0.38 0.3 0.23" specularColor="0.04 0.035 0.03" ambientIntensity="0.2"/></Appearance><Box size="2.193 1.063 1.76"/></Shape></Transform><Transform translation="163.736 8.1 -2.931" rotation="0.422 1.054 0.585 0.377"><Shape><Appearance><Material diffuseColor="0.38 0.3 0.23" specularColor="0.04 0.035 0.03" ambientIntensity="0.2"/></Appearance><Box size="1.208 1.077 1.664"/></Shape></Transform><Transform translation="173.464 8.1 -2.053" rotation="0.957 0.776 0.46 5.284"><Shape><Appearance><Material diffuseColor="0.38 0.3 0.23" specularColor="0.04 0.035 0.03" ambientIntensity="0.2"/></Appearance><Box size="1.271 1.018 1.491"/></Shape></Transform><Transform translation="167.807 8.1 -1.855" rotation="0.813 0.345 0.431 2.877"><Shape><Appearance><Material diffuseColor="0.38 0.3 0.23" specularColor="0.04 0.035 0.03" ambientIntensity="0.2"/></Appearance><Box size="2.67 1.659 1.909"/></Shape></Transform><Shape><Appearance><Material diffuseColor="1 1 1" specularColor="0.08 0.08 0.07" shininess="0.12" ambientIntensity="0.2"/></Appearance><IndexedFaceSet solid="false" creaseAngle="1.4" colorPerVertex="true" coordIndex="0 1 16 15 -1 1 2 17 16 -1 2 3 18 17 -1 3 4 19 18 -1 4 5 20 19 -1 5 6 21 20 -1 6 7 22 21 -1 7 8 23 22 -1 8 9 24 23 -1 9 10 25 24 -1 10 11 26 25 -1 11 12 27 26 -1 12 13 28 27 -1 13 14 29 28 -1 15 16 31 30 -1 16 17 32 31 -1 17 18 33 32 -1 18 19 34 33 -1 19 20 35 34 -1 20 21 36 35 -1 21 22 37 36 -1 22 23 38 37 -1 23 24 39 38 -1 24 25 40 39 -1 25 26 41 40 -1 26 27 42 41 -1 27 28 43 42 -1 28 29 44 43 -1 30 31 46 45 -1 31 32 47 46 -1 32 33 48 47 -1 33 34 49 48 -1 34 35 50 49 -1 35 36 51 50 -1 36 37 52 51 -1 37 38 53 52 -1 38 39 54 53 -1 39 40 55 54 -1 40 41 56 55 -1 41 42 57 56 -1 42 43 58 57 -1 43 44 59 58 -1 45 46 61 60 -1 46 47 62 61 -1 47 48 63 62 -1 48 49 64 63 -1 49 50 65 64 -1 50 51 66 65 -1 51 52 67 66 -1 52 53 68 67 -1 53 54 69 68 -1 54 55 70 69 -1 55 56 71 70 -1 56 57 72 71 -1 57 58 73 72 -1 58 59 74 73 -1 60 61 76 75 -1 61 62 77 76 -1 62 63 78 77 -1 63 64 79 78 -1 64 65 80 79 -1 65 66 81 80 -1 66 67 82 81 -1 67 68 83 82 -1 68 69 84 83 -1 69 70 85 84 -1 70 71 86 85 -1 71 72 87 86 -1 72 73 88 87 -1 73 74 89 88 -1 75 76 91 90 -1 76 77 92 91 -1 77 78 93 92 -1 78 79 94 93 -1 79 80 95 94 -1 80 81 96 95 -1 81 82 97 96 -1 82 83 98 97 -1 83 84 99 98 -1 84 85 100 99 -1 85 86 101 100 -1 86 87 102 101 -1 87 88 103 102 -1 88 89 104 103 -1 90 91 106 105 -1 91 92 107 106 -1 92 93 108 107 -1 93 94 109 108 -1 94 95 110 109 -1 95 96 111 110 -1 96 97 112 111 -1 97 98 113 112 -1 98 99 114 113 -1 99 100 115 114 -1 100 101 116 115 -1 101 102 117 116 -1 102 103 118 117 -1 103 104 119 118 -1 105 106 121 120 -1 106 107 122 121 -1 107 108 123 122 -1 108 109 124 123 -1 109 110 125 124 -1 110 111 126 125 -1 111 112 127 126 -1 112 113 128 127 -1 113 114 129 128 -1 114 115 130 129 -1 115 116 131 130 -1 116 117 132 131 -1 117 118 133 132 -1 118 119 134 133 -1 120 121 136 135 -1 121 122 137 136 -1 122 123 138 137 -1 123 124 139 138 -1 124 125 140 139 -1 125 126 141 140 -1 126 127 142 141 -1 127 128 143 142 -1 128 129 144 143 -1 129 130 145 144 -1 130 131 146 145 -1 131 132 147 146 -1 132 133 148 147 -1 133 134 149 148 -1 135 136 151 150 -1 136 137 152 151 -1 137 138 153 152 -1 138 139 154 153 -1 139 140 155 154 -1 140 141 156 155 -1 141 142 157 156 -1 142 143 158 157 -1 143 144 159 158 -1 144 145 160 159 -1 145 146 161 160 -1 146 147 162 161 -1 147 148 163 162 -1 148 149 164 163 -1 150 151 166 165 -1 151 152 167 166 -1 152 153 168 167 -1 153 154 169 168 -1 154 155 170 169 -1 155 156 171 170 -1 156 157 172 171 -1 157 158 173 172 -1 158 159 174 173 -1 159 160 175 174 -1 160 161 176 175 -1 161 162 177 176 -1 162 163 178 177 -1 163 164 179 178 -1"><Coordinate point="100 39.134 0 100 38.784 -0 100 38.476 -0 100 38.272 -0 100 38.213 -0 100 38.309 -0 100 38.542 -0 100 38.866 -0 100 39.216 -0 100 39.524 -0 100 39.728 -0 100 39.787 -0 100 39.691 -0 100 39.458 -0 100 39.134 -0 91.492 38.453 0 91.847 38.189 -1.054 92.581 37.957 -2.025 93.628 37.804 -2.88 94.934 37.759 -3.6 96.457 37.831 -4.169 98.162 38.007 -4.564 100 38.251 -4.758 101.901 38.515 -4.719 103.761 38.747 -4.426 105.458 38.9 -3.878 106.863 38.945 -3.102 107.873 38.872 -2.149 108.425 38.697 -1.09 108.508 38.453 -0 83.777 36.463 0 84.193 36.455 -2.044 85.401 36.448 -3.984 87.336 36.443 -5.723 89.902 36.441 -7.176 92.971 36.444 -8.271 96.394 36.449 -8.953 100 36.457 -9.189 103.611 36.465 -8.964 107.044 36.473 -8.288 110.126 36.477 -7.195 112.698 36.479 -5.738 114.631 36.477 -3.993 115.825 36.471 -2.047 116.223 36.463 -0 77.47 33.412 0 77.672 33.584 -2.888 79.073 33.734 -5.711 81.671 33.834 -8.283 85.344 33.863 -10.414 89.845 33.816 -11.949 94.847 33.702 -12.794 100 33.543 -12.928 104.994 33.372 -12.399 109.596 33.221 -11.292 113.655 33.121 -9.703 117.074 33.092 -7.716 119.767 33.139 -5.394 121.631 33.254 -2.798 122.53 33.412 -0 72.941 29.591 0 73.033 29.737 -3.488 74.602 29.866 -6.931 77.687 29.951 -10.083 82.142 29.976 -12.69 87.644 29.936 -14.539 93.752 29.838 -15.511 100 29.703 -15.594 105.99 29.556 -14.871 111.449 29.427 -13.473 116.234 29.342 -11.536 120.277 29.317 -9.163 123.516 29.357 -6.417 125.837 29.455 -3.342 127.059 29.591 -0 70.448 25.266 0 70.826 25.295 -3.773 72.745 25.32 -7.438 76.18 25.336 -10.764 80.964 25.341 -13.526 86.798 25.333 -15.535 93.284 25.314 -16.674 100 25.288 -16.908 106.557 25.259 -16.278 112.643 25.234 -14.876 118.032 25.218 -12.813 122.562 25.213 -10.196 126.093 25.221 -7.121 128.476 25.24 -3.683 129.552 25.266 -0 70.241 20.718 0 71.151 20.731 -3.731 73.473 20.742 -7.239 77.057 20.75 -10.368 81.721 20.752 -12.989 87.26 20.748 -14.991 93.441 20.74 -16.284 100 20.728 -16.791 106.631 20.715 -16.462 112.993 20.704 -15.289 118.732 20.696 -13.311 123.512 20.694 -10.625 127.053 20.698 -7.382 129.164 20.706 -3.772 129.759 20.718 -0 72.503 16.303 0 73.723 16.435 -3.399 76.147 16.552 -6.509 79.548 16.629 -9.242 83.748 16.651 -11.548 88.626 16.615 -13.384 94.086 16.527 -14.683 100 16.404 -15.346 106.147 16.271 -15.262 112.193 16.155 -14.348 117.719 16.078 -12.591 122.292 16.055 -10.074 125.554 16.092 -6.973 127.298 16.18 -3.531 127.497 16.303 -0 77.15 12.44 0 78.175 12.655 -2.823 80.198 12.843 -5.404 83.027 12.967 -7.67 86.514 13.004 -9.583 90.56 12.945 -11.108 95.09 12.802 -12.191 100 12.604 -12.747 105.109 12.39 -12.684 110.138 12.202 -11.93 114.737 12.077 -10.472 118.541 12.04 -8.379 121.252 12.099 -5.799 122.695 12.242 -2.935 122.85 12.44 -0 83.738 9.505 0 84.254 9.597 -2.037 85.537 9.678 -3.947 87.5 9.732 -5.649 90.043 9.747 -7.075 93.058 9.722 -8.169 96.423 9.661 -8.88 100 9.575 -9.167 103.624 9.483 -8.998 107.109 9.402 -8.366 110.256 9.348 -7.288 112.876 9.333 -5.819 114.811 9.358 -4.042 115.954 9.419 -2.063 116.262 9.505 -0 91.585 7.716 0 91.701 7.539 -1.073 92.254 7.384 -2.114 93.234 7.282 -3.057 94.594 7.252 -3.841 96.25 7.3 -4.413 98.091 7.418 -4.739 100 7.581 -4.81 101.867 7.757 -4.636 103.604 7.912 -4.241 105.144 8.014 -3.655 106.437 8.044 -2.909 107.442 7.996 -2.031 108.116 7.879 -1.05 108.415 7.716 -0 100 7.134 0 100 6.784 -0 100 6.476 -0 100 6.272 -0 100 6.213 -0 100 6.309 -0 100 6.542 -0 100 6.866 -0 100 7.216 -0 100 7.524 -0 100 7.728 -0 100 7.787 -0 100 7.691 -0 100 7.458 -0 100 7.134 -0"/><Color color="0.689 0.639 0.56 0.632 0.586 0.513 0.684 0.635 0.556 0.645 0.599 0.523 0.71 0.659 0.577 0.616 0.571 0.499 0.64 0.593 0.519 0.577 0.534 0.466 0.623 0.577 0.505 0.68 0.631 0.552 0.704 0.654 0.572 0.602 0.558 0.488 0.664 0.616 0.539 0.636 0.59 0.515 0.689 0.639 0.56 0.638 0.574 0.484 0.622 0.559 0.47 0.727 0.657 0.556 0.672 0.606 0.511 0.724 0.657 0.56 0.73 0.668 0.575 0.598 0.552 0.481 0.678 0.635 0.56 0.7 0.658 0.583 0.59 0.551 0.486 0.721 0.668 0.583 0.738 0.678 0.586 0.702 0.639 0.547 0.648 0.587 0.498 0.606 0.547 0.463 0.575 0.539 0.477 0.622 0.582 0.514 0.657 0.611 0.535 0.661 0.606 0.523 0.62 0.558 0.47 0.727 0.658 0.559 0.608 0.56 0.485 0.652 0.612 0.543 0.734 0.682 0.598 0.637 0.577 0.489 0.64 0.575 0.484 0.727 0.665 0.571 0.645 0.596 0.519 0.576 0.536 0.47 0.607 0.567 0.499 0.581 0.536 0.466 0.661 0.613 0.535 0.578 0.54 0.475 0.642 0.602 0.534 0.648 0.597 0.517 0.754 0.682 0.578 0.751 0.693 0.603 0.618 0.579 0.513 0.752 0.686 0.589 0.74 0.671 0.57 0.643 0.596 0.521 0.653 0.613 0.544 0.647 0.602 0.529 0.694 0.638 0.552 0.683 0.624 0.536 0.641 0.58 0.491 0.64 0.578 0.491 0.748 0.686 0.593 0.621 0.58 0.511 0.702 0.655 0.577 0.665 0.6 0.506 0.617 0.569 0.494 0.568 0.53 0.466 0.678 0.611 0.515 0.643 0.592 0.513 0.615 0.577 0.512 0.681 0.626 0.541 0.72 0.651 0.552 0.617 0.555 0.467 0.754 0.687 0.587 0.757 0.686 0.583 0.656 0.592 0.5 0.745 0.682 0.586 0.597 0.557 0.491 0.72 0.671 0.59 0.619 0.556 0.466 0.578 0.536 0.469 0.588 0.543 0.472 0.7 0.632 0.536 0.722 0.676 0.598 0.735 0.681 0.594 0.632 0.567 0.477 0.754 0.688 0.59 0.677 0.627 0.546 0.667 0.621 0.546 0.66 0.598 0.508 0.628 0.571 0.487 0.622 0.575 0.502 0.701 0.659 0.584 0.627 0.574 0.495 0.715 0.646 0.548 0.667 0.625 0.552 0.706 0.647 0.558 0.659 0.598 0.51 0.648 0.609 0.54 0.649 0.591 0.504 0.741 0.672 0.571 0.724 0.67 0.585 0.587 0.549 0.485 0.584 0.548 0.485 0.646 0.6 0.525 0.702 0.657 0.58 0.713 0.669 0.594 0.597 0.55 0.477 0.623 0.559 0.47 0.747 0.686 0.594 0.567 0.532 0.472 0.668 0.606 0.516 0.659 0.602 0.517 0.71 0.667 0.591 0.662 0.601 0.512 0.717 0.65 0.552 0.703 0.65 0.566 0.7 0.654 0.577 0.688 0.643 0.568 0.609 0.566 0.495 0.72 0.665 0.579 0.77 0.703 0.604 0.682 0.614 0.518 0.757 0.693 0.596 0.574 0.538 0.475 0.628 0.584 0.511 0.699 0.632 0.535 0.756 0.695 0.601 0.609 0.572 0.508 0.635 0.582 0.502 0.747 0.675 0.573 0.697 0.632 0.538 0.655 0.598 0.513 0.76 0.698 0.602 0.713 0.648 0.552 0.655 0.595 0.507 0.7 0.642 0.554 0.593 0.55 0.481 0.531 0.499 0.442 0.628 0.586 0.516 0.722 0.661 0.569 0.636 0.573 0.483 0.677 0.621 0.536 0.561 0.526 0.464 0.625 0.586 0.518 0.621 0.573 0.497 0.603 0.547 0.466 0.658 0.595 0.505 0.714 0.647 0.55 0.524 0.489 0.431 0.6 0.56 0.493 0.501 0.466 0.408 0.511 0.471 0.408 0.602 0.552 0.475 0.593 0.537 0.456 0.541 0.486 0.408 0.532 0.479 0.403 0.661 0.606 0.522 0.569 0.526 0.458 0.603 0.564 0.497 0.563 0.528 0.468 0.619 0.582 0.516 0.549 0.515 0.456 0.494 0.463 0.41 0.529 0.481 0.412 0.52 0.474 0.405 0.596 0.544 0.468 0.575 0.525 0.45 0.537 0.49 0.419 0.499 0.454 0.387 0.481 0.436 0.372 0.543 0.495 0.423 0.567 0.517 0.444 0.588 0.537 0.461 0.56 0.51 0.437 0.576 0.526 0.451 0.547 0.499 0.427 0.499 0.454 0.387 0.529 0.481 0.412"/></IndexedFaceSet></Shape><Transform translation="100 11.48 -2" rotation="1 0 0 1.5707"><Shape><Appearance><Material diffuseColor="0.42 0.31 0.22" specularColor="0.03 0.025 0.02" ambientIntensity="0.22"/></Appearance><Cylinder height="0.6" radius="24" top="true" side="false" bottom="false"/></Shape></Transform><Transform translation="96.721 11.8 -3.523" rotation="0.329 1.025 0.539 2.989"><Shape><Appearance><Material diffuseColor="0.38 0.3 0.23" specularColor="0.04 0.035 0.03" ambientIntensity="0.2"/></Appearance><Box size="1.179 0.472 0.719"/></Shape></Transform><Transform translation="95.254 11.8 -1.06" rotation="0.145 1.176 0.299 6.217"><Shape><Appearance><Material diffuseColor="0.38 0.3 0.23" specularColor="0.04 0.035 0.03" ambientIntensity="0.2"/></Appearance><Box size="1.802 1.388 2.083"/></Shape></Transform><Transform translation="105.494 11.8 -2.504" rotation="0.953 0.65 0.481 6.234"><Shape><Appearance><Material diffuseColor="0.38 0.3 0.23" specularColor="0.04 0.035 0.03" ambientIntensity="0.2"/></Appearance><Box size="3.337 1.617 3.053"/></Shape></Transform><Transform translation="79.631 11.8 -4.068" rotation="0.206 0.699 0.576 3.99"><Shape><Appearance><Material diffuseColor="0.38 0.3 0.23" specularColor="0.04 0.035 0.03" ambientIntensity="0.2"/></Appearance><Box size="2.249 1.243 1.882"/></Shape></Transform><Shape><Appearance><Material diffuseColor="0.62 0.58 0.5" specularColor="0.35 0.34 0.3" shininess="0.55" ambientIntensity="0.22"/></Appearance><IndexedFaceSet solid="true" creaseAngle="1.0" coordIndex="0 1 10 9 -1 1 2 11 10 -1 2 3 12 11 -1 3 4 13 12 -1 4 5 14 13 -1 5 6 15 14 -1 6 7 16 15 -1 7 8 17 16 -1 9 10 19 18 -1 10 11 20 19 -1 11 12 21 20 -1 12 13 22 21 -1 13 14 23 22 -1 14 15 24 23 -1 15 16 25 24 -1 16 17 26 25 -1 18 19 28 27 -1 19 20 29 28 -1 20 21 30 29 -1 21 22 31 30 -1 22 23 32 31 -1 23 24 33 32 -1 24 25 34 33 -1 25 26 35 34 -1 27 28 37 36 -1 28 29 38 37 -1 29 30 39 38 -1 30 31 40 39 -1 31 32 41 40 -1 32 33 42 41 -1 33 34 43 42 -1 34 35 44 43 -1 36 37 46 45 -1 37 38 47 46 -1 38 39 48 47 -1 39 40 49 48 -1 40 41 50 49 -1 41 42 51 50 -1 42 43 52 51 -1 43 44 53 52 -1 45 46 55 54 -1 46 47 56 55 -1 47 48 57 56 -1 48 49 58 57 -1 49 50 59 58 -1 50 51 60 59 -1 51 52 61 60 -1 52 53 62 61 -1"><Coordinate point="97.259 36.678 -2.471 97.102 36.678 -2.091 96.721 36.678 -1.933 96.341 36.678 -2.091 96.183 36.678 -2.471 96.341 36.678 -2.851 96.721 36.678 -3.009 97.102 36.678 -2.851 97.259 36.678 -2.471 97.21 35.21 -2.471 97.067 35.21 -2.125 96.721 35.21 -1.982 96.376 35.21 -2.125 96.233 35.21 -2.471 96.376 35.21 -2.816 96.721 35.21 -2.96 97.067 35.21 -2.816 97.21 35.21 -2.471 97.091 33.742 -2.471 96.983 33.742 -2.21 96.721 33.742 -2.101 96.46 33.742 -2.21 96.352 33.742 -2.471 96.46 33.742 -2.732 96.721 33.742 -2.84 96.983 33.742 -2.732 97.091 33.742 -2.471 96.945 32.275 -2.471 96.88 32.275 -2.313 96.721 32.275 -2.247 96.563 32.275 -2.313 96.497 32.275 -2.471 96.563 32.275 -2.629 96.721 32.275 -2.695 96.88 32.275 -2.629 96.945 32.275 -2.471 96.833 30.807 -2.471 96.8 30.807 -2.392 96.721 30.807 -2.36 96.642 30.807 -2.392 96.61 30.807 -2.471 96.642 30.807 -2.55 96.721 30.807 -2.582 96.8 30.807 -2.55 96.833 30.807 -2.471 96.765 29.34 -2.471 96.752 29.34 -2.44 96.721 29.34 -2.428 96.691 29.34 -2.44 96.678 29.34 -2.471 96.691 29.34 -2.502 96.721 29.34 -2.514 96.752 29.34 -2.502 96.765 29.34 -2.471 96.741 27.872 -2.471 96.735 27.872 -2.457 96.721 27.872 -2.451 96.707 27.872 -2.457 96.701 27.872 -2.471 96.707 27.872 -2.485 96.721 27.872 -2.491 96.735 27.872 -2.485 96.741 27.872 -2.471"/></IndexedFaceSet></Shape><Shape><Appearance><Material diffuseColor="0.62 0.58 0.5" specularColor="0.35 0.34 0.3" shininess="0.55" ambientIntensity="0.22"/></Appearance><IndexedFaceSet solid="true" creaseAngle="1.0" coordIndex="0 1 10 9 -1 1 2 11 10 -1 2 3 12 11 -1 3 4 13 12 -1 4 5 14 13 -1 5 6 15 14 -1 6 7 16 15 -1 7 8 17 16 -1 9 10 19 18 -1 10 11 20 19 -1 11 12 21 20 -1 12 13 22 21 -1 13 14 23 22 -1 14 15 24 23 -1 15 16 25 24 -1 16 17 26 25 -1 18 19 28 27 -1 19 20 29 28 -1 20 21 30 29 -1 21 22 31 30 -1 22 23 32 31 -1 23 24 33 32 -1 24 25 34 33 -1 25 26 35 34 -1 27 28 37 36 -1 28 29 38 37 -1 29 30 39 38 -1 30 31 40 39 -1 31 32 41 40 -1 32 33 42 41 -1 33 34 43 42 -1 34 35 44 43 -1 36 37 46 45 -1 37 38 47 46 -1 38 39 48 47 -1 39 40 49 48 -1 40 41 50 49 -1 41 42 51 50 -1 42 43 52 51 -1 43 44 53 52 -1 45 46 55 54 -1 46 47 56 55 -1 47 48 57 56 -1 48 49 58 57 -1 49 50 59 58 -1 50 51 60 59 -1 51 52 61 60 -1 52 53 62 61 -1"><Coordinate point="96.049 36.587 -9.111 95.816 36.587 -8.549 95.254 36.587 -8.316 94.692 36.587 -8.549 94.459 36.587 -9.111 94.692 36.587 -9.673 95.254 36.587 -9.906 95.816 36.587 -9.673 96.049 36.587 -9.111 95.976 35.526 -9.111 95.764 35.526 -8.601 95.254 35.526 -8.389 94.743 35.526 -8.601 94.532 35.526 -9.111 94.743 35.526 -9.622 95.254 35.526 -9.833 95.764 35.526 -9.622 95.976 35.526 -9.111 95.8 34.465 -9.111 95.64 34.465 -8.725 95.254 34.465 -8.565 94.868 34.465 -8.725 94.708 34.465 -9.111 94.868 34.465 -9.497 95.254 34.465 -9.657 95.64 34.465 -9.497 95.8 34.465 -9.111 95.585 33.404 -9.111 95.488 33.404 -8.877 95.254 33.404 -8.78 95.02 33.404 -8.877 94.923 33.404 -9.111 95.02 33.404 -9.345 95.254 33.404 -9.442 95.488 33.404 -9.345 95.585 33.404 -9.111 95.418 32.343 -9.111 95.37 32.343 -8.995 95.254 32.343 -8.947 95.138 32.343 -8.995 95.089 32.343 -9.111 95.138 32.343 -9.228 95.254 32.343 -9.276 95.37 32.343 -9.228 95.418 32.343 -9.111 95.318 31.282 -9.111 95.299 31.282 -9.066 95.254 31.282 -9.047 95.209 31.282 -9.066 95.19 31.282 -9.111 95.209 31.282 -9.156 95.254 31.282 -9.175 95.299 31.282 -9.156 95.318 31.282 -9.111 95.274 30.222 -9.111 95.268 30.222 -9.097 95.254 30.222 -9.091 95.24 30.222 -9.097 95.234 30.222 -9.111 95.24 30.222 -9.125 95.254 30.222 -9.131 95.268 30.222 -9.125 95.274 30.222 -9.111"/></IndexedFaceSet></Shape><Shape><Appearance><Material diffuseColor="0.62 0.58 0.5" specularColor="0.35 0.34 0.3" shininess="0.55" ambientIntensity="0.22"/></Appearance><IndexedFaceSet solid="true" creaseAngle="1.0" coordIndex="0 1 10 9 -1 1 2 11 10 -1 2 3 12 11 -1 3 4 13 12 -1 4 5 14 13 -1 5 6 15 14 -1 6 7 16 15 -1 7 8 17 16 -1 9 10 19 18 -1 10 11 20 19 -1 11 12 21 20 -1 12 13 22 21 -1 13 14 23 22 -1 14 15 24 23 -1 15 16 25 24 -1 16 17 26 25 -1 18 19 28 27 -1 19 20 29 28 -1 20 21 30 29 -1 21 22 31 30 -1 22 23 32 31 -1 23 24 33 32 -1 24 25 34 33 -1 25 26 35 34 -1 27 28 37 36 -1 28 29 38 37 -1 29 30 39 38 -1 30 31 40 39 -1 31 32 41 40 -1 32 33 42 41 -1 33 34 43 42 -1 34 35 44 43 -1 36 37 46 45 -1 37 38 47 46 -1 38 39 48 47 -1 39 40 49 48 -1 40 41 50 49 -1 41 42 51 50 -1 42 43 52 51 -1 43 44 53 52 -1 45 46 55 54 -1 46 47 56 55 -1 47 48 57 56 -1 48 49 58 57 -1 49 50 59 58 -1 50 51 60 59 -1 51 52 61 60 -1 52 53 62 61 -1"><Coordinate point="106.29 36.527 -6.571 106.057 36.527 -6.008 105.494 36.527 -5.775 104.931 36.527 -6.008 104.698 36.527 -6.571 104.931 36.527 -7.134 105.494 36.527 -7.367 106.057 36.527 -7.134 106.29 36.527 -6.571 106.218 34.981 -6.571 106.006 34.981 -6.06 105.494 34.981 -5.848 104.983 34.981 -6.06 104.771 34.981 -6.571 104.983 34.981 -7.083 105.494 34.981 -7.295 106.006 34.981 -7.083 106.218 34.981 -6.571 106.041 33.435 -6.571 105.881 33.435 -6.185 105.494 33.435 -6.025 105.108 33.435 -6.185 104.948 33.435 -6.571 105.108 33.435 -6.958 105.494 33.435 -7.118 105.881 33.435 -6.958 106.041 33.435 -6.571 105.826 31.889 -6.571 105.729 31.889 -6.337 105.494 31.889 -6.24 105.26 31.889 -6.337 105.163 31.889 -6.571 105.26 31.889 -6.806 105.494 31.889 -6.903 105.729 31.889 -6.806 105.826 31.889 -6.571 105.659 30.342 -6.571 105.611 30.342 -6.455 105.494 30.342 -6.407 105.378 30.342 -6.455 105.33 30.342 -6.571 105.378 30.342 -6.688 105.494 30.342 -6.736 105.611 30.342 -6.688 105.659 30.342 -6.571 105.559 28.796 -6.571 105.54 28.796 -6.526 105.494 28.796 -6.507 105.449 28.796 -6.526 105.43 28.796 -6.571 105.449 28.796 -6.617 105.494 28.796 -6.636 105.54 28.796 -6.617 105.559 28.796 -6.571 105.514 27.25 -6.571 105.509 27.25 -6.557 105.494 27.25 -6.551 105.48 27.25 -6.557 105.474 27.25 -6.571 105.48 27.25 -6.586 105.494 27.25 -6.591 105.509 27.25 -6.586 105.514 27.25 -6.571"/></IndexedFaceSet></Shape><Shape><Appearance><Material diffuseColor="0.62 0.58 0.5" specularColor="0.35 0.34 0.3" shininess="0.55" ambientIntensity="0.22"/></Appearance><IndexedFaceSet solid="true" creaseAngle="1.0" coordIndex="0 1 10 9 -1 1 2 11 10 -1 2 3 12 11 -1 3 4 13 12 -1 4 5 14 13 -1 5 6 15 14 -1 6 7 16 15 -1 7 8 17 16 -1 9 10 19 18 -1 10 11 20 19 -1 11 12 21 20 -1 12 13 22 21 -1 13 14 23 22 -1 14 15 24 23 -1 15 16 25 24 -1 16 17 26 25 -1 18 19 28 27 -1 19 20 29 28 -1 20 21 30 29 -1 21 22 31 30 -1 22 23 32 31 -1 23 24 33 32 -1 24 25 34 33 -1 25 26 35 34 -1 27 28 37 36 -1 28 29 38 37 -1 29 30 39 38 -1 30 31 40 39 -1 31 32 41 40 -1 32 33 42 41 -1 33 34 43 42 -1 34 35 44 43 -1 36 37 46 45 -1 37 38 47 46 -1 38 39 48 47 -1 39 40 49 48 -1 40 41 50 49 -1 41 42 51 50 -1 42 43 52 51 -1 43 44 53 52 -1 45 46 55 54 -1 46 47 56 55 -1 47 48 57 56 -1 48 49 58 57 -1 49 50 59 58 -1 50 51 60 59 -1 51 52 61 60 -1 52 53 62 61 -1"><Coordinate point="80.248 33.102 -5.408 80.067 33.102 -4.971 79.631 33.102 -4.79 79.194 33.102 -4.971 79.013 33.102 -5.408 79.194 33.102 -5.844 79.631 33.102 -6.025 80.067 33.102 -5.844 80.248 33.102 -5.408 80.192 31.701 -5.408 80.027 31.701 -5.011 79.631 31.701 -4.847 79.234 31.701 -5.011 79.07 31.701 -5.408 79.234 31.701 -5.804 79.631 31.701 -5.969 80.027 31.701 -5.804 80.192 31.701 -5.408 80.055 30.3 -5.408 79.931 30.3 -5.108 79.631 30.3 -4.983 79.331 30.3 -5.108 79.206 30.3 -5.408 79.331 30.3 -5.707 79.631 30.3 -5.832 79.931 30.3 -5.707 80.055 30.3 -5.408 79.888 28.9 -5.408 79.813 28.9 -5.226 79.631 28.9 -5.15 79.449 28.9 -5.226 79.374 28.9 -5.408 79.449 28.9 -5.589 79.631 28.9 -5.665 79.813 28.9 -5.589 79.888 28.9 -5.408 79.759 27.499 -5.408 79.721 27.499 -5.317 79.631 27.499 -5.28 79.54 27.499 -5.317 79.503 27.499 -5.408 79.54 27.499 -5.498 79.631 27.499 -5.535 79.721 27.499 -5.498 79.759 27.499 -5.408 79.68 26.098 -5.408 79.666 26.098 -5.372 79.631 26.098 -5.358 79.596 26.098 -5.372 79.581 26.098 -5.408 79.596 26.098 -5.443 79.631 26.098 -5.457 79.666 26.098 -5.443 79.68 26.098 -5.408 79.651 24.697 -5.408 79.645 24.697 -5.393 79.631 24.697 -5.388 79.617 24.697 -5.393 79.611 24.697 -5.408 79.617 24.697 -5.422 79.631 24.697 -5.428 79.645 24.697 -5.422 79.651 24.697 -5.408"/></IndexedFaceSet></Shape><Shape><Appearance><Material diffuseColor="0.62 0.58 0.5" specularColor="0.35 0.34 0.3" shininess="0.55" ambientIntensity="0.22"/></Appearance><IndexedFaceSet solid="true" creaseAngle="1.0" coordIndex="0 1 12 11 -1 1 2 13 12 -1 2 3 14 13 -1 3 4 15 14 -1 4 5 16 15 -1 5 6 17 16 -1 6 7 18 17 -1 7 8 19 18 -1 8 9 20 19 -1 9 10 21 20 -1 11 12 23 22 -1 12 13 24 23 -1 13 14 25 24 -1 14 15 26 25 -1 15 16 27 26 -1 16 17 28 27 -1 17 18 29 28 -1 18 19 30 29 -1 19 20 31 30 -1 20 21 32 31 -1 22 23 34 33 -1 23 24 35 34 -1 24 25 36 35 -1 25 26 37 36 -1 26 27 38 37 -1 27 28 39 38 -1 28 29 40 39 -1 29 30 41 40 -1 30 31 42 41 -1 31 32 43 42 -1 33 34 45 44 -1 34 35 46 45 -1 35 36 47 46 -1 36 37 48 47 -1 37 38 49 48 -1 38 39 50 49 -1 39 40 51 50 -1 40 41 52 51 -1 41 42 53 52 -1 42 43 54 53 -1 44 45 56 55 -1 45 46 57 56 -1 46 47 58 57 -1 47 48 59 58 -1 48 49 60 59 -1 49 50 61 60 -1 50 51 62 61 -1 51 52 63 62 -1 52 53 64 63 -1 53 54 65 64 -1 55 56 67 66 -1 56 57 68 67 -1 57 58 69 68 -1 58 59 70 69 -1 59 60 71 70 -1 60 61 72 71 -1 61 62 73 72 -1 62 63 74 73 -1 63 64 75 74 -1 64 65 76 75 -1 66 67 78 77 -1 67 68 79 78 -1 68 69 80 79 -1 69 70 81 80 -1 70 71 82 81 -1 71 72 83 82 -1 72 73 84 83 -1 73 74 85 84 -1 74 75 86 85 -1 75 76 87 86 -1 77 78 89 88 -1 78 79 90 89 -1 79 80 91 90 -1 80 81 92 91 -1 81 82 93 92 -1 82 83 94 93 -1 83 84 95 94 -1 84 85 96 95 -1 85 86 97 96 -1 86 87 98 97 -1 88 89 100 99 -1 89 90 101 100 -1 90 91 102 101 -1 91 92 103 102 -1 92 93 104 103 -1 93 94 105 104 -1 94 95 106 105 -1 95 96 107 106 -1 96 97 108 107 -1 97 98 109 108 -1 99 100 111 110 -1 100 101 112 111 -1 101 102 113 112 -1 102 103 114 113 -1 103 104 115 114 -1 104 105 116 115 -1 105 106 117 116 -1 106 107 118 117 -1 107 108 119 118 -1 108 109 120 119 -1 110 111 122 121 -1 111 112 123 122 -1 112 113 124 123 -1 113 114 125 124 -1 114 115 126 125 -1 115 116 127 126 -1 116 117 128 127 -1 117 118 129 128 -1 118 119 130 129 -1 119 120 131 130 -1"><Coordinate point="91.515 11.8 -6.8 91.417 11.8 -6.497 91.159 11.8 -6.31 90.841 11.8 -6.31 90.583 11.8 -6.497 90.485 11.8 -6.8 90.583 11.8 -7.103 90.841 11.8 -7.29 91.159 11.8 -7.29 91.417 11.8 -7.103 91.515 11.8 -6.8 91.451 13.982 -6.8 91.365 13.982 -6.535 91.139 13.982 -6.371 90.861 13.982 -6.371 90.635 13.982 -6.535 90.549 13.982 -6.8 90.635 13.982 -7.065 90.861 13.982 -7.229 91.139 13.982 -7.229 91.365 13.982 -7.065 91.451 13.982 -6.8 91.398 16.164 -6.8 91.322 16.164 -6.566 91.123 16.164 -6.421 90.877 16.164 -6.421 90.678 16.164 -6.566 90.602 16.164 -6.8 90.678 16.164 -7.034 90.877 16.164 -7.179 91.123 16.164 -7.179 91.322 16.164 -7.034 91.398 16.164 -6.8 91.37 18.345 -6.8 91.299 18.345 -6.582 91.114 18.345 -6.448 90.886 18.345 -6.448 90.701 18.345 -6.582 90.63 18.345 -6.8 90.701 18.345 -7.018 90.886 18.345 -7.152 91.114 18.345 -7.152 91.299 18.345 -7.018 91.37 18.345 -6.8 91.346 20.527 -6.8 91.28 20.527 -6.597 91.107 20.527 -6.471 90.893 20.527 -6.471 90.72 20.527 -6.597 90.654 20.527 -6.8 90.72 20.527 -7.003 90.893 20.527 -7.129 91.107 20.527 -7.129 91.28 20.527 -7.003 91.346 20.527 -6.8 91.296 22.709 -6.8 91.24 22.709 -6.626 91.092 22.709 -6.518 90.908 22.709 -6.518 90.76 22.709 -6.626 90.704 22.709 -6.8 90.76 22.709 -6.974 90.908 22.709 -7.082 91.092 22.709 -7.082 91.24 22.709 -6.974 91.296 22.709 -6.8 91.305 24.891 -6.8 91.247 24.891 -6.62 91.094 24.891 -6.509 90.906 24.891 -6.509 90.753 24.891 -6.62 90.695 24.891 -6.8 90.753 24.891 -6.98 90.906 24.891 -7.091 91.094 24.891 -7.091 91.247 24.891 -6.98 91.305 24.891 -6.8 91.374 27.073 -6.8 91.303 27.073 -6.58 91.116 27.073 -6.444 90.884 27.073 -6.444 90.697 27.073 -6.58 90.626 27.073 -6.8 90.697 27.073 -7.02 90.884 27.073 -7.156 91.116 27.073 -7.156 91.303 27.073 -7.02 91.374 27.073 -6.8 91.402 29.255 -6.8 91.325 29.255 -6.564 91.124 29.255 -6.417 90.876 29.255 -6.417 90.675 29.255 -6.564 90.598 29.255 -6.8 90.675 29.255 -7.036 90.876 29.255 -7.183 91.124 29.255 -7.183 91.325 29.255 -7.036 91.402 29.255 -6.8 91.41 31.436 -6.8 91.331 31.436 -6.559 91.127 31.436 -6.41 90.873 31.436 -6.41 90.669 31.436 -6.559 90.59 31.436 -6.8 90.669 31.436 -7.041 90.873 31.436 -7.19 91.127 31.436 -7.19 91.331 31.436 -7.041 91.41 31.436 -6.8 91.428 33.618 -6.8 91.347 33.618 -6.548 91.132 33.618 -6.393 90.868 33.618 -6.393 90.653 33.618 -6.548 90.572 33.618 -6.8 90.653 33.618 -7.052 90.868 33.618 -7.207 91.132 33.618 -7.207 91.347 33.618 -7.052 91.428 33.618 -6.8 91.472 35.8 -6.8 91.381 35.8 -6.523 91.146 35.8 -6.352 90.854 35.8 -6.352 90.619 35.8 -6.523 90.528 35.8 -6.8 90.619 35.8 -7.077 90.854 35.8 -7.248 91.146 35.8 -7.248 91.381 35.8 -7.077 91.472 35.8 -6.8"/></IndexedFaceSet></Shape><Shape><Appearance><Material diffuseColor="1 1 1" specularColor="0.08 0.08 0.07" shininess="0.12" ambientIntensity="0.2"/></Appearance><IndexedFaceSet solid="false" creaseAngle="1.4" colorPerVertex="true" coordIndex="0 1 16 15 -1 1 2 17 16 -1 2 3 18 17 -1 3 4 19 18 -1 4 5 20 19 -1 5 6 21 20 -1 6 7 22 21 -1 7 8 23 22 -1 8 9 24 23 -1 9 10 25 24 -1 10 11 26 25 -1 11 12 27 26 -1 12 13 28 27 -1 13 14 29 28 -1 15 16 31 30 -1 16 17 32 31 -1 17 18 33 32 -1 18 19 34 33 -1 19 20 35 34 -1 20 21 36 35 -1 21 22 37 36 -1 22 23 38 37 -1 23 24 39 38 -1 24 25 40 39 -1 25 26 41 40 -1 26 27 42 41 -1 27 28 43 42 -1 28 29 44 43 -1 30 31 46 45 -1 31 32 47 46 -1 32 33 48 47 -1 33 34 49 48 -1 34 35 50 49 -1 35 36 51 50 -1 36 37 52 51 -1 37 38 53 52 -1 38 39 54 53 -1 39 40 55 54 -1 40 41 56 55 -1 41 42 57 56 -1 42 43 58 57 -1 43 44 59 58 -1 45 46 61 60 -1 46 47 62 61 -1 47 48 63 62 -1 48 49 64 63 -1 49 50 65 64 -1 50 51 66 65 -1 51 52 67 66 -1 52 53 68 67 -1 53 54 69 68 -1 54 55 70 69 -1 55 56 71 70 -1 56 57 72 71 -1 57 58 73 72 -1 58 59 74 73 -1 60 61 76 75 -1 61 62 77 76 -1 62 63 78 77 -1 63 64 79 78 -1 64 65 80 79 -1 65 66 81 80 -1 66 67 82 81 -1 67 68 83 82 -1 68 69 84 83 -1 69 70 85 84 -1 70 71 86 85 -1 71 72 87 86 -1 72 73 88 87 -1 73 74 89 88 -1 75 76 91 90 -1 76 77 92 91 -1 77 78 93 92 -1 78 79 94 93 -1 79 80 95 94 -1 80 81 96 95 -1 81 82 97 96 -1 82 83 98 97 -1 83 84 99 98 -1 84 85 100 99 -1 85 86 101 100 -1 86 87 102 101 -1 87 88 103 102 -1 88 89 104 103 -1 90 91 106 105 -1 91 92 107 106 -1 92 93 108 107 -1 93 94 109 108 -1 94 95 110 109 -1 95 96 111 110 -1 96 97 112 111 -1 97 98 113 112 -1 98 99 114 113 -1 99 100 115 114 -1 100 101 116 115 -1 101 102 117 116 -1 102 103 118 117 -1 103 104 119 118 -1 105 106 121 120 -1 106 107 122 121 -1 107 108 123 122 -1 108 109 124 123 -1 109 110 125 124 -1 110 111 126 125 -1 111 112 127 126 -1 112 113 128 127 -1 113 114 129 128 -1 114 115 130 129 -1 115 116 131 130 -1 116 117 132 131 -1 117 118 133 132 -1 118 119 134 133 -1 120 121 136 135 -1 121 122 137 136 -1 122 123 138 137 -1 123 124 139 138 -1 124 125 140 139 -1 125 126 141 140 -1 126 127 142 141 -1 127 128 143 142 -1 128 129 144 143 -1 129 130 145 144 -1 130 131 146 145 -1 131 132 147 146 -1 132 133 148 147 -1 133 134 149 148 -1 135 136 151 150 -1 136 137 152 151 -1 137 138 153 152 -1 138 139 154 153 -1 139 140 155 154 -1 140 141 156 155 -1 141 142 157 156 -1 142 143 158 157 -1 143 144 159 158 -1 144 145 160 159 -1 145 146 161 160 -1 146 147 162 161 -1 147 148 163 162 -1 148 149 164 163 -1 150 151 166 165 -1 151 152 167 166 -1 152 153 168 167 -1 153 154 169 168 -1 154 155 170 169 -1 155 156 171 170 -1 156 157 172 171 -1 157 158 173 172 -1 158 159 174 173 -1 159 160 175 174 -1 160 161 176 175 -1 161 162 177 176 -1 162 163 178 177 -1 163 164 179 178 -1"><Coordinate point="54 31.717 0 54 31.535 -0 54 31.445 -0 54 31.465 -0 54 31.591 -0 54 31.798 -0 54 32.045 -0 54 32.283 -0 54 32.465 -0 54 32.555 -0 54 32.535 -0 54 32.409 -0 54 32.202 -0 54 31.955 -0 54 31.717 -0 49.513 31.416 0 49.639 31.378 -0.809 49.976 31.36 -1.575 50.507 31.364 -2.264 51.208 31.39 -2.844 52.051 31.432 -3.289 52.996 31.483 -3.573 54 31.531 -3.68 55.011 31.568 -3.598 55.974 31.587 -3.33 56.835 31.583 -2.889 57.548 31.557 -2.299 58.075 31.515 -1.594 58.391 31.464 -0.814 58.487 31.416 -0 45.214 30.108 0 45.349 30.219 -1.604 45.966 30.273 -3.143 47.036 30.261 -4.512 48.484 30.185 -5.62 50.205 30.059 -6.403 52.08 29.909 -6.835 54 29.764 -6.918 55.875 29.654 -6.675 57.638 29.599 -6.137 59.233 29.612 -5.332 60.61 29.688 -4.283 61.706 29.814 -3.015 62.454 29.964 -1.568 62.786 30.108 -0 41.603 27.728 0 41.723 27.866 -2.277 42.567 27.934 -4.474 44.096 27.919 -6.418 46.186 27.823 -7.961 48.659 27.666 -9.011 51.32 27.479 -9.54 54 27.298 -9.577 56.579 27.16 -9.182 58.987 27.092 -8.414 61.18 27.108 -7.315 63.11 27.203 -5.902 64.699 27.36 -4.186 65.836 27.547 -2.195 66.397 27.728 -0 39.194 24.494 0 39.407 24.554 -2.706 40.442 24.584 -5.305 42.249 24.577 -7.614 44.699 24.535 -9.477 47.607 24.467 -10.786 50.77 24.386 -11.497 54 24.307 -11.62 57.146 24.247 -11.201 60.1 24.217 -10.292 62.777 24.224 -8.943 65.094 24.265 -7.188 66.951 24.334 -5.067 68.228 24.415 -2.639 68.806 24.494 -0 38.203 20.845 0 38.624 20.842 -2.851 39.802 20.841 -5.555 41.677 20.841 -7.984 44.162 20.843 -10.023 47.141 20.847 -11.572 50.474 20.851 -12.55 54 20.855 -12.9 57.539 20.858 -12.597 60.906 20.859 -11.651 63.922 20.859 -10.109 66.427 20.857 -8.052 68.295 20.853 -5.593 69.434 20.849 -2.862 69.797 20.845 -0 38.49 17.188 0 39.084 17.213 -2.766 40.309 17.225 -5.357 42.101 17.222 -7.71 44.42 17.205 -9.76 47.23 17.177 -11.423 50.464 17.144 -12.586 54 17.112 -13.133 57.644 17.087 -12.971 61.15 17.075 -12.063 64.259 17.078 -10.453 66.751 17.095 -8.262 68.479 17.123 -5.665 69.389 17.156 -2.854 69.51 17.188 -0 39.802 13.732 0 40.382 13.817 -2.525 41.517 13.859 -4.884 43.148 13.85 -7.032 45.247 13.791 -8.918 47.796 13.694 -10.468 50.749 13.579 -11.574 54 13.467 -12.115 57.369 13.382 -11.993 60.618 13.34 -11.166 63.494 13.35 -9.673 65.782 13.409 -7.634 67.342 13.505 -5.22 68.134 13.621 -2.621 68.198 13.732 -0 42.046 10.584 0 42.433 10.647 -2.145 43.35 10.678 -4.167 44.75 10.671 -5.993 46.585 10.627 -7.554 48.796 10.556 -8.78 51.304 10.471 -9.596 54 10.389 -9.937 56.741 10.327 -9.758 59.364 10.296 -9.05 61.702 10.303 -7.847 63.61 10.346 -6.227 64.983 10.417 -4.298 65.767 10.502 -2.182 65.954 10.584 -0 45.267 7.96 0 45.435 7.893 -1.588 46.061 7.86 -3.106 47.115 7.867 -4.461 48.533 7.913 -5.57 50.221 7.989 -6.375 52.078 8.08 -6.842 54 8.168 -6.961 55.895 8.235 -6.745 57.683 8.268 -6.214 59.296 8.26 -5.396 60.67 8.214 -4.322 61.741 8.138 -3.029 62.446 8.047 -1.566 62.733 7.96 -0 49.385 6.228 0 49.433 6.037 -0.847 49.748 5.942 -1.664 50.317 5.963 -2.387 51.092 6.096 -2.962 52.011 6.314 -3.356 53.001 6.574 -3.557 54 6.825 -3.575 54.964 7.016 -3.43 55.864 7.111 -3.145 56.684 7.09 -2.734 57.403 6.957 -2.205 57.992 6.739 -1.562 58.411 6.479 -0.818 58.615 6.228 -0 54 5.717 0 54 5.535 -0 54 5.445 -0 54 5.465 -0 54 5.591 -0 54 5.798 -0 54 6.045 -0 54 6.283 -0 54 6.465 -0 54 6.555 -0 54 6.535 -0 54 6.409 -0 54 6.202 -0 54 5.955 -0 54 5.717 -0"/><Color color="0.633 0.581 0.501 0.702 0.646 0.559 0.608 0.558 0.481 0.678 0.623 0.539 0.725 0.667 0.578 0.737 0.678 0.588 0.594 0.544 0.468 0.656 0.603 0.521 0.664 0.61 0.527 0.68 0.625 0.541 0.629 0.577 0.498 0.641 0.588 0.508 0.692 0.636 0.55 0.748 0.689 0.597 0.633 0.581 0.501 0.562 0.526 0.465 0.68 0.637 0.563 0.665 0.621 0.548 0.619 0.576 0.506 0.63 0.585 0.511 0.6 0.552 0.479 0.602 0.55 0.472 0.72 0.656 0.562 0.686 0.621 0.527 0.672 0.606 0.512 0.685 0.617 0.521 0.747 0.676 0.573 0.753 0.682 0.579 0.696 0.629 0.533 0.648 0.584 0.493 0.718 0.673 0.596 0.566 0.53 0.469 0.671 0.63 0.558 0.717 0.674 0.597 0.658 0.615 0.543 0.668 0.618 0.539 0.645 0.588 0.504 0.736 0.667 0.567 0.725 0.655 0.554 0.663 0.6 0.509 0.648 0.592 0.508 0.602 0.555 0.481 0.728 0.678 0.596 0.681 0.637 0.561 0.699 0.654 0.578 0.737 0.683 0.597 0.68 0.63 0.551 0.613 0.571 0.501 0.701 0.658 0.583 0.611 0.574 0.508 0.598 0.553 0.482 0.752 0.687 0.589 0.704 0.635 0.537 0.724 0.658 0.562 0.667 0.615 0.534 0.584 0.546 0.481 0.575 0.54 0.479 0.561 0.525 0.464 0.65 0.605 0.531 0.673 0.625 0.547 0.744 0.685 0.594 0.724 0.667 0.579 0.619 0.573 0.5 0.667 0.625 0.552 0.599 0.562 0.498 0.608 0.561 0.488 0.652 0.589 0.499 0.729 0.66 0.56 0.757 0.698 0.605 0.595 0.557 0.492 0.658 0.618 0.547 0.586 0.543 0.474 0.629 0.575 0.493 0.762 0.694 0.594 0.776 0.706 0.602 0.689 0.636 0.552 0.636 0.588 0.511 0.645 0.6 0.527 0.72 0.676 0.599 0.666 0.623 0.55 0.608 0.556 0.479 0.641 0.577 0.486 0.68 0.617 0.526 0.719 0.67 0.588 0.565 0.53 0.47 0.612 0.566 0.493 0.662 0.602 0.513 0.679 0.612 0.518 0.747 0.675 0.572 0.696 0.628 0.531 0.671 0.625 0.55 0.636 0.594 0.524 0.593 0.557 0.493 0.564 0.529 0.469 0.696 0.646 0.565 0.716 0.652 0.557 0.615 0.551 0.462 0.739 0.679 0.587 0.63 0.59 0.522 0.733 0.685 0.604 0.637 0.581 0.499 0.651 0.586 0.494 0.709 0.64 0.542 0.667 0.601 0.508 0.678 0.612 0.518 0.574 0.539 0.478 0.703 0.66 0.585 0.593 0.555 0.489 0.644 0.596 0.52 0.712 0.651 0.559 0.716 0.647 0.548 0.733 0.666 0.567 0.727 0.673 0.588 0.605 0.569 0.504 0.58 0.538 0.47 0.706 0.644 0.552 0.733 0.662 0.562 0.618 0.555 0.466 0.635 0.572 0.483 0.663 0.598 0.506 0.642 0.593 0.516 0.713 0.658 0.572 0.756 0.694 0.6 0.718 0.653 0.557 0.743 0.672 0.569 0.739 0.67 0.57 0.641 0.587 0.506 0.579 0.54 0.475 0.57 0.536 0.475 0.586 0.543 0.475 0.701 0.641 0.551 0.701 0.634 0.538 0.681 0.614 0.518 0.775 0.702 0.597 0.689 0.621 0.525 0.687 0.621 0.526 0.597 0.536 0.451 0.661 0.596 0.504 0.721 0.653 0.556 0.667 0.607 0.518 0.616 0.565 0.488 0.593 0.552 0.484 0.615 0.577 0.512 0.579 0.543 0.481 0.699 0.651 0.572 0.694 0.64 0.555 0.628 0.572 0.489 0.7 0.636 0.542 0.709 0.642 0.546 0.713 0.646 0.548 0.621 0.573 0.499 0.604 0.558 0.486 0.536 0.495 0.431 0.583 0.541 0.474 0.537 0.501 0.44 0.607 0.569 0.503 0.53 0.498 0.442 0.612 0.574 0.509 0.609 0.571 0.505 0.589 0.55 0.484 0.548 0.508 0.444 0.521 0.48 0.416 0.589 0.542 0.469 0.657 0.604 0.523 0.518 0.473 0.405 0.503 0.47 0.415 0.506 0.473 0.418 0.518 0.485 0.428 0.534 0.5 0.441 0.439 0.411 0.362 0.441 0.412 0.363 0.564 0.528 0.466 0.495 0.463 0.408 0.445 0.415 0.366 0.518 0.484 0.427 0.491 0.459 0.405 0.486 0.455 0.401 0.514 0.48 0.424 0.49 0.458 0.404 0.503 0.47 0.415"/></IndexedFaceSet></Shape><Transform translation="54 9.64 -2" rotation="1 0 0 1.5707"><Shape><Appearance><Material diffuseColor="0.42 0.31 0.22" specularColor="0.03 0.025 0.02" ambientIntensity="0.22"/></Appearance><Cylinder height="0.6" radius="12.8" top="true" side="false" bottom="false"/></Shape></Transform><Transform translation="47.475 9.9 -2.997" rotation="0.249 1.288 0.973 5.708"><Shape><Appearance><Material diffuseColor="0.38 0.3 0.23" specularColor="0.04 0.035 0.03" ambientIntensity="0.2"/></Appearance><Box size="1.083 1.061 1.565"/></Shape></Transform><Transform translation="47.191 9.9 -1.797" rotation="0.568 0.919 0.332 4.44"><Shape><Appearance><Material diffuseColor="0.38 0.3 0.23" specularColor="0.04 0.035 0.03" ambientIntensity="0.2"/></Appearance><Box size="1.626 1.367 1.727"/></Shape></Transform><Transform translation="53.981 9.9 -3.032" rotation="0.099 1.125 0.282 2.067"><Shape><Appearance><Material diffuseColor="0.38 0.3 0.23" specularColor="0.04 0.035 0.03" ambientIntensity="0.2"/></Appearance><Box size="1.684 0.918 1.837"/></Shape></Transform><Transform translation="47.263 9.9 -2.699" rotation="0.622 1.173 0.246 2.406"><Shape><Appearance><Material diffuseColor="0.38 0.3 0.23" specularColor="0.04 0.035 0.03" ambientIntensity="0.2"/></Appearance><Box size="1.94 1.156 2.094"/></Shape></Transform><Shape><Appearance><Material diffuseColor="0.62 0.58 0.5" specularColor="0.35 0.34 0.3" shininess="0.55" ambientIntensity="0.22"/></Appearance><IndexedFaceSet solid="true" creaseAngle="1.0" coordIndex="0 1 10 9 -1 1 2 11 10 -1 2 3 12 11 -1 3 4 13 12 -1 4 5 14 13 -1 5 6 15 14 -1 6 7 16 15 -1 7 8 17 16 -1 9 10 19 18 -1 10 11 20 19 -1 11 12 21 20 -1 12 13 22 21 -1 13 14 23 22 -1 14 15 24 23 -1 15 16 25 24 -1 16 17 26 25 -1 18 19 28 27 -1 19 20 29 28 -1 20 21 30 29 -1 21 22 31 30 -1 22 23 32 31 -1 23 24 33 32 -1 24 25 34 33 -1 25 26 35 34 -1 27 28 37 36 -1 28 29 38 37 -1 29 30 39 38 -1 30 31 40 39 -1 31 32 41 40 -1 32 33 42 41 -1 33 34 43 42 -1 34 35 44 43 -1 36 37 46 45 -1 37 38 47 46 -1 38 39 48 47 -1 39 40 49 48 -1 40 41 50 49 -1 41 42 51 50 -1 42 43 52 51 -1 43 44 53 52 -1 45 46 55 54 -1 46 47 56 55 -1 47 48 57 56 -1 48 49 58 57 -1 49 50 59 58 -1 50 51 60 59 -1 51 52 61 60 -1 52 53 62 61 -1"><Coordinate point="48.23 29.208 -4.714 48.009 29.208 -4.181 47.475 29.208 -3.96 46.942 29.208 -4.181 46.721 29.208 -4.714 46.942 29.208 -5.247 47.475 29.208 -5.468 48.009 29.208 -5.247 48.23 29.208 -4.714 48.161 28.719 -4.714 47.96 28.719 -4.23 47.475 28.719 -4.029 46.991 28.719 -4.23 46.79 28.719 -4.714 46.991 28.719 -5.199 47.475 28.719 -5.399 47.96 28.719 -5.199 48.161 28.719 -4.714 47.994 28.229 -4.714 47.842 28.229 -4.348 47.475 28.229 -4.196 47.109 28.229 -4.348 46.957 28.229 -4.714 47.109 28.229 -5.08 47.475 28.229 -5.232 47.842 28.229 -5.08 47.994 28.229 -4.714 47.79 27.739 -4.714 47.698 27.739 -4.492 47.475 27.739 -4.4 47.253 27.739 -4.492 47.161 27.739 -4.714 47.253 27.739 -4.936 47.475 27.739 -5.028 47.698 27.739 -4.936 47.79 27.739 -4.714 47.632 27.25 -4.714 47.586 27.25 -4.604 47.475 27.25 -4.558 47.365 27.25 -4.604 47.319 27.25 -4.714 47.365 27.25 -4.825 47.475 27.25 -4.87 47.586 27.25 -4.825 47.632 27.25 -4.714 47.536 26.76 -4.714 47.518 26.76 -4.671 47.475 26.76 -4.653 47.432 26.76 -4.671 47.415 26.76 -4.714 47.432 26.76 -4.757 47.475 26.76 -4.775 47.518 26.76 -4.757 47.536 26.76 -4.714 47.495 26.271 -4.714 47.49 26.271 -4.7 47.475 26.271 -4.694 47.461 26.271 -4.7 47.455 26.271 -4.714 47.461 26.271 -4.728 47.475 26.271 -4.734 47.49 26.271 -4.728 47.495 26.271 -4.714"/></IndexedFaceSet></Shape><Shape><Appearance><Material diffuseColor="0.62 0.58 0.5" specularColor="0.35 0.34 0.3" shininess="0.55" ambientIntensity="0.22"/></Appearance><IndexedFaceSet solid="true" creaseAngle="1.0" coordIndex="0 1 10 9 -1 1 2 11 10 -1 2 3 12 11 -1 3 4 13 12 -1 4 5 14 13 -1 5 6 15 14 -1 6 7 16 15 -1 7 8 17 16 -1 9 10 19 18 -1 10 11 20 19 -1 11 12 21 20 -1 12 13 22 21 -1 13 14 23 22 -1 14 15 24 23 -1 15 16 25 24 -1 16 17 26 25 -1 18 19 28 27 -1 19 20 29 28 -1 20 21 30 29 -1 21 22 31 30 -1 22 23 32 31 -1 23 24 33 32 -1 24 25 34 33 -1 25 26 35 34 -1 27 28 37 36 -1 28 29 38 37 -1 29 30 39 38 -1 30 31 40 39 -1 31 32 41 40 -1 32 33 42 41 -1 33 34 43 42 -1 34 35 44 43 -1 36 37 46 45 -1 37 38 47 46 -1 38 39 48 47 -1 39 40 49 48 -1 40 41 50 49 -1 41 42 51 50 -1 42 43 52 51 -1 43 44 53 52 -1 45 46 55 54 -1 46 47 56 55 -1 47 48 57 56 -1 48 49 58 57 -1 49 50 59 58 -1 50 51 60 59 -1 51 52 61 60 -1 52 53 62 61 -1"><Coordinate point="47.844 29.117 -3.122 47.653 29.117 -2.66 47.191 29.117 -2.468 46.729 29.117 -2.66 46.537 29.117 -3.122 46.729 29.117 -3.584 47.191 29.117 -3.775 47.653 29.117 -3.584 47.844 29.117 -3.122 47.784 28.627 -3.122 47.61 28.627 -2.702 47.191 28.627 -2.528 46.771 28.627 -2.702 46.597 28.627 -3.122 46.771 28.627 -3.541 47.191 28.627 -3.715 47.61 28.627 -3.541 47.784 28.627 -3.122 47.64 28.137 -3.122 47.508 28.137 -2.804 47.191 28.137 -2.673 46.873 28.137 -2.804 46.742 28.137 -3.122 46.873 28.137 -3.439 47.191 28.137 -3.57 47.508 28.137 -3.439 47.64 28.137 -3.122 47.463 27.647 -3.122 47.383 27.647 -2.929 47.191 27.647 -2.849 46.998 27.647 -2.929 46.919 27.647 -3.122 46.998 27.647 -3.314 47.191 27.647 -3.394 47.383 27.647 -3.314 47.463 27.647 -3.122 47.326 27.157 -3.122 47.286 27.157 -3.026 47.191 27.157 -2.986 47.095 27.157 -3.026 47.055 27.157 -3.122 47.095 27.157 -3.217 47.191 27.157 -3.257 47.286 27.157 -3.217 47.326 27.157 -3.122 47.243 26.667 -3.122 47.228 26.667 -3.084 47.191 26.667 -3.069 47.154 26.667 -3.084 47.138 26.667 -3.122 47.154 26.667 -3.159 47.191 26.667 -3.174 47.228 26.667 -3.159 47.243 26.667 -3.122 47.211 26.177 -3.122 47.205 26.177 -3.107 47.191 26.177 -3.102 47.177 26.177 -3.107 47.171 26.177 -3.122 47.177 26.177 -3.136 47.191 26.177 -3.142 47.205 26.177 -3.136 47.211 26.177 -3.122"/></IndexedFaceSet></Shape><Shape><Appearance><Material diffuseColor="0.62 0.58 0.5" specularColor="0.35 0.34 0.3" shininess="0.55" ambientIntensity="0.22"/></Appearance><IndexedFaceSet solid="true" creaseAngle="1.0" coordIndex="0 1 10 9 -1 1 2 11 10 -1 2 3 12 11 -1 3 4 13 12 -1 4 5 14 13 -1 5 6 15 14 -1 6 7 16 15 -1 7 8 17 16 -1 9 10 19 18 -1 10 11 20 19 -1 11 12 21 20 -1 12 13 22 21 -1 13 14 23 22 -1 14 15 24 23 -1 15 16 25 24 -1 16 17 26 25 -1 18 19 28 27 -1 19 20 29 28 -1 20 21 30 29 -1 21 22 31 30 -1 22 23 32 31 -1 23 24 33 32 -1 24 25 34 33 -1 25 26 35 34 -1 27 28 37 36 -1 28 29 38 37 -1 29 30 39 38 -1 30 31 40 39 -1 31 32 41 40 -1 32 33 42 41 -1 33 34 43 42 -1 34 35 44 43 -1 36 37 46 45 -1 37 38 47 46 -1 38 39 48 47 -1 39 40 49 48 -1 40 41 50 49 -1 41 42 51 50 -1 42 43 52 51 -1 43 44 53 52 -1 45 46 55 54 -1 46 47 56 55 -1 47 48 57 56 -1 48 49 58 57 -1 49 50 59 58 -1 50 51 60 59 -1 51 52 61 60 -1 52 53 62 61 -1"><Coordinate point="54.446 30.18 -2.125 54.309 30.18 -1.796 53.981 30.18 -1.66 53.653 30.18 -1.796 53.517 30.18 -2.125 53.653 30.18 -2.453 53.981 30.18 -2.589 54.309 30.18 -2.453 54.446 30.18 -2.125 54.403 29.515 -2.125 54.279 29.515 -1.826 53.981 29.515 -1.703 53.683 29.515 -1.826 53.559 29.515 -2.125 53.683 29.515 -2.423 53.981 29.515 -2.547 54.279 29.515 -2.423 54.403 29.515 -2.125 54.3 28.85 -2.125 54.207 28.85 -1.899 53.981 28.85 -1.806 53.755 28.85 -1.899 53.662 28.85 -2.125 53.755 28.85 -2.35 53.981 28.85 -2.444 54.207 28.85 -2.35 54.3 28.85 -2.125 54.174 28.184 -2.125 54.118 28.184 -1.988 53.981 28.184 -1.931 53.844 28.184 -1.988 53.788 28.184 -2.125 53.844 28.184 -2.262 53.981 28.184 -2.318 54.118 28.184 -2.262 54.174 28.184 -2.125 54.077 27.519 -2.125 54.049 27.519 -2.057 53.981 27.519 -2.029 53.913 27.519 -2.057 53.885 27.519 -2.125 53.913 27.519 -2.193 53.981 27.519 -2.221 54.049 27.519 -2.193 54.077 27.519 -2.125 54.018 26.854 -2.125 54.008 26.854 -2.098 53.981 26.854 -2.087 53.955 26.854 -2.098 53.944 26.854 -2.125 53.955 26.854 -2.151 53.981 26.854 -2.162 54.008 26.854 -2.151 54.018 26.854 -2.125 54.001 26.189 -2.125 53.995 26.189 -2.111 53.981 26.189 -2.105 53.967 26.189 -2.111 53.961 26.189 -2.125 53.967 26.189 -2.139 53.981 26.189 -2.145 53.995 26.189 -2.139 54.001 26.189 -2.125"/></IndexedFaceSet></Shape><Shape><Appearance><Material diffuseColor="0.62 0.58 0.5" specularColor="0.35 0.34 0.3" shininess="0.55" ambientIntensity="0.22"/></Appearance><IndexedFaceSet solid="true" creaseAngle="1.0" coordIndex="0 1 10 9 -1 1 2 11 10 -1 2 3 12 11 -1 3 4 13 12 -1 4 5 14 13 -1 5 6 15 14 -1 6 7 16 15 -1 7 8 17 16 -1 9 10 19 18 -1 10 11 20 19 -1 11 12 21 20 -1 12 13 22 21 -1 13 14 23 22 -1 14 15 24 23 -1 15 16 25 24 -1 16 17 26 25 -1 18 19 28 27 -1 19 20 29 28 -1 20 21 30 29 -1 21 22 31 30 -1 22 23 32 31 -1 23 24 33 32 -1 24 25 34 33 -1 25 26 35 34 -1 27 28 37 36 -1 28 29 38 37 -1 29 30 39 38 -1 30 31 40 39 -1 31 32 41 40 -1 32 33 42 41 -1 33 34 43 42 -1 34 35 44 43 -1 36 37 46 45 -1 37 38 47 46 -1 38 39 48 47 -1 39 40 49 48 -1 40 41 50 49 -1 41 42 51 50 -1 42 43 52 51 -1 43 44 53 52 -1 45 46 55 54 -1 46 47 56 55 -1 47 48 57 56 -1 48 49 58 57 -1 49 50 59 58 -1 50 51 60 59 -1 51 52 61 60 -1 52 53 62 61 -1"><Coordinate point="47.755 29.141 -7.203 47.611 29.141 -6.855 47.263 29.141 -6.711 46.916 29.141 -6.855 46.772 29.141 -7.203 46.916 29.141 -7.55 47.263 29.141 -7.694 47.611 29.141 -7.55 47.755 29.141 -7.203 47.71 28.683 -7.203 47.579 28.683 -6.887 47.263 28.683 -6.756 46.947 28.683 -6.887 46.817 28.683 -7.203 46.947 28.683 -7.518 47.263 28.683 -7.649 47.579 28.683 -7.518 47.71 28.683 -7.203 47.601 28.225 -7.203 47.502 28.225 -6.964 47.263 28.225 -6.865 47.024 28.225 -6.964 46.925 28.225 -7.203 47.024 28.225 -7.441 47.263 28.225 -7.54 47.502 28.225 -7.441 47.601 28.225 -7.203 47.468 27.768 -7.203 47.408 27.768 -7.058 47.263 27.768 -6.998 47.118 27.768 -7.058 47.058 27.768 -7.203 47.118 27.768 -7.347 47.263 27.768 -7.407 47.408 27.768 -7.347 47.468 27.768 -7.203 47.365 27.31 -7.203 47.335 27.31 -7.131 47.263 27.31 -7.101 47.191 27.31 -7.131 47.161 27.31 -7.203 47.191 27.31 -7.275 47.263 27.31 -7.304 47.335 27.31 -7.275 47.365 27.31 -7.203 47.303 26.852 -7.203 47.291 26.852 -7.175 47.263 26.852 -7.163 47.235 26.852 -7.175 47.223 26.852 -7.203 47.235 26.852 -7.231 47.263 26.852 -7.242 47.291 26.852 -7.231 47.303 26.852 -7.203 47.283 26.394 -7.203 47.277 26.394 -7.189 47.263 26.394 -7.183 47.249 26.394 -7.189 47.243 26.394 -7.203 47.249 26.394 -7.217 47.263 26.394 -7.223 47.277 26.394 -7.217 47.283 26.394 -7.203"/></IndexedFaceSet></Shape><Shape><Appearance><Material diffuseColor="0.62 0.58 0.5" specularColor="0.35 0.34 0.3" shininess="0.55" ambientIntensity="0.22"/></Appearance><IndexedFaceSet solid="true" creaseAngle="1.0" coordIndex="0 1 12 11 -1 1 2 13 12 -1 2 3 14 13 -1 3 4 15 14 -1 4 5 16 15 -1 5 6 17 16 -1 6 7 18 17 -1 7 8 19 18 -1 8 9 20 19 -1 9 10 21 20 -1 11 12 23 22 -1 12 13 24 23 -1 13 14 25 24 -1 14 15 26 25 -1 15 16 27 26 -1 16 17 28 27 -1 17 18 29 28 -1 18 19 30 29 -1 19 20 31 30 -1 20 21 32 31 -1 22 23 34 33 -1 23 24 35 34 -1 24 25 36 35 -1 25 26 37 36 -1 26 27 38 37 -1 27 28 39 38 -1 28 29 40 39 -1 29 30 41 40 -1 30 31 42 41 -1 31 32 43 42 -1 33 34 45 44 -1 34 35 46 45 -1 35 36 47 46 -1 36 37 48 47 -1 37 38 49 48 -1 38 39 50 49 -1 39 40 51 50 -1 40 41 52 51 -1 41 42 53 52 -1 42 43 54 53 -1 44 45 56 55 -1 45 46 57 56 -1 46 47 58 57 -1 47 48 59 58 -1 48 49 60 59 -1 49 50 61 60 -1 50 51 62 61 -1 51 52 63 62 -1 52 53 64 63 -1 53 54 65 64 -1 55 56 67 66 -1 56 57 68 67 -1 57 58 69 68 -1 58 59 70 69 -1 59 60 71 70 -1 60 61 72 71 -1 61 62 73 72 -1 62 63 74 73 -1 63 64 75 74 -1 64 65 76 75 -1 66 67 78 77 -1 67 68 79 78 -1 68 69 80 79 -1 69 70 81 80 -1 70 71 82 81 -1 71 72 83 82 -1 72 73 84 83 -1 73 74 85 84 -1 74 75 86 85 -1 75 76 87 86 -1 77 78 89 88 -1 78 79 90 89 -1 79 80 91 90 -1 80 81 92 91 -1 81 82 93 92 -1 82 83 94 93 -1 83 84 95 94 -1 84 85 96 95 -1 85 86 97 96 -1 86 87 98 97 -1 88 89 100 99 -1 89 90 101 100 -1 90 91 102 101 -1 91 92 103 102 -1 92 93 104 103 -1 93 94 105 104 -1 94 95 106 105 -1 95 96 107 106 -1 96 97 108 107 -1 97 98 109 108 -1 99 100 111 110 -1 100 101 112 111 -1 101 102 113 112 -1 102 103 114 113 -1 103 104 115 114 -1 104 105 116 115 -1 105 106 117 116 -1 106 107 118 117 -1 107 108 119 118 -1 108 109 120 119 -1 110 111 122 121 -1 111 112 123 122 -1 112 113 124 123 -1 113 114 125 124 -1 114 115 126 125 -1 115 116 127 126 -1 116 117 128 127 -1 117 118 129 128 -1 118 119 130 129 -1 119 120 131 130 -1"><Coordinate point="49.726 9.9 -5.2 49.626 9.9 -4.891 49.363 9.9 -4.7 49.037 9.9 -4.7 48.774 9.9 -4.891 48.674 9.9 -5.2 48.774 9.9 -5.509 49.037 9.9 -5.7 49.363 9.9 -5.7 49.626 9.9 -5.509 49.726 9.9 -5.2 49.766 11.673 -5.2 49.658 11.673 -4.867 49.375 11.673 -4.662 49.025 11.673 -4.662 48.742 11.673 -4.867 48.634 11.673 -5.2 48.742 11.673 -5.533 49.025 11.673 -5.738 49.375 11.673 -5.738 49.658 11.673 -5.533 49.766 11.673 -5.2 49.789 13.445 -5.2 49.676 13.445 -4.854 49.382 13.445 -4.64 49.018 13.445 -4.64 48.724 13.445 -4.854 48.611 13.445 -5.2 48.724 13.445 -5.546 49.018 13.445 -5.76 49.382 13.445 -5.76 49.676 13.445 -5.546 49.789 13.445 -5.2 49.753 15.218 -5.2 49.647 15.218 -4.875 49.371 15.218 -4.674 49.029 15.218 -4.674 48.753 15.218 -4.875 48.647 15.218 -5.2 48.753 15.218 -5.525 49.029 15.218 -5.726 49.371 15.218 -5.726 49.647 15.218 -5.525 49.753 15.218 -5.2 49.653 16.991 -5.2 49.566 16.991 -4.934 49.34 16.991 -4.77 49.06 16.991 -4.77 48.834 16.991 -4.934 48.747 16.991 -5.2 48.834 16.991 -5.466 49.06 16.991 -5.63 49.34 16.991 -5.63 49.566 16.991 -5.466 49.653 16.991 -5.2 49.522 18.764 -5.2 49.46 18.764 -5.011 49.299 18.764 -4.894 49.101 18.764 -4.894 48.94 18.764 -5.011 48.878 18.764 -5.2 48.94 18.764 -5.389 49.101 18.764 -5.506 49.299 18.764 -5.506 49.46 18.764 -5.389 49.522 18.764 -5.2 49.488 20.536 -5.2 49.433 20.536 -5.031 49.289 20.536 -4.926 49.111 20.536 -4.926 48.967 20.536 -5.031 48.912 20.536 -5.2 48.967 20.536 -5.369 49.111 20.536 -5.474 49.289 20.536 -5.474 49.433 20.536 -5.369 49.488 20.536 -5.2 49.55 22.309 -5.2 49.483 22.309 -4.994 49.308 22.309 -4.867 49.092 22.309 -4.867 48.917 22.309 -4.994 48.85 22.309 -5.2 48.917 22.309 -5.406 49.092 22.309 -5.533 49.308 22.309 -5.533 49.483 22.309 -5.406 49.55 22.309 -5.2 49.637 24.082 -5.2 49.553 24.082 -4.943 49.335 24.082 -4.785 49.065 24.082 -4.785 48.847 24.082 -4.943 48.763 24.082 -5.2 48.847 24.082 -5.457 49.065 24.082 -5.615 49.335 24.082 -5.615 49.553 24.082 -5.457 49.637 24.082 -5.2 49.748 25.855 -5.2 49.644 25.855 -4.878 49.369 25.855 -4.678 49.031 25.855 -4.678 48.756 25.855 -4.878 48.652 25.855 -5.2 48.756 25.855 -5.522 49.031 25.855 -5.722 49.369 25.855 -5.722 49.644 25.855 -5.522 49.748 25.855 -5.2 49.847 27.627 -5.2 49.723 27.627 -4.82 49.4 27.627 -4.585 49 27.627 -4.585 48.677 27.627 -4.82 48.553 27.627 -5.2 48.677 27.627 -5.58 49 27.627 -5.815 49.4 27.627 -5.815 49.723 27.627 -5.58 49.847 27.627 -5.2 49.883 29.4 -5.2 49.753 29.4 -4.798 49.411 29.4 -4.55 48.989 29.4 -4.55 48.647 29.4 -4.798 48.517 29.4 -5.2 48.647 29.4 -5.602 48.989 29.4 -5.85 49.411 29.4 -5.85 49.753 29.4 -5.602 49.883 29.4 -5.2"/></IndexedFaceSet></Shape><Shape><Appearance><Material diffuseColor="1 1 1" specularColor="0.08 0.08 0.07" shininess="0.12" ambientIntensity="0.2"/></Appearance><IndexedFaceSet solid="false" creaseAngle="1.4" colorPerVertex="true" coordIndex="0 1 16 15 -1 1 2 17 16 -1 2 3 18 17 -1 3 4 19 18 -1 4 5 20 19 -1 5 6 21 20 -1 6 7 22 21 -1 7 8 23 22 -1 8 9 24 23 -1 9 10 25 24 -1 10 11 26 25 -1 11 12 27 26 -1 12 13 28 27 -1 13 14 29 28 -1 15 16 31 30 -1 16 17 32 31 -1 17 18 33 32 -1 18 19 34 33 -1 19 20 35 34 -1 20 21 36 35 -1 21 22 37 36 -1 22 23 38 37 -1 23 24 39 38 -1 24 25 40 39 -1 25 26 41 40 -1 26 27 42 41 -1 27 28 43 42 -1 28 29 44 43 -1 30 31 46 45 -1 31 32 47 46 -1 32 33 48 47 -1 33 34 49 48 -1 34 35 50 49 -1 35 36 51 50 -1 36 37 52 51 -1 37 38 53 52 -1 38 39 54 53 -1 39 40 55 54 -1 40 41 56 55 -1 41 42 57 56 -1 42 43 58 57 -1 43 44 59 58 -1 45 46 61 60 -1 46 47 62 61 -1 47 48 63 62 -1 48 49 64 63 -1 49 50 65 64 -1 50 51 66 65 -1 51 52 67 66 -1 52 53 68 67 -1 53 54 69 68 -1 54 55 70 69 -1 55 56 71 70 -1 56 57 72 71 -1 57 58 73 72 -1 58 59 74 73 -1 60 61 76 75 -1 61 62 77 76 -1 62 63 78 77 -1 63 64 79 78 -1 64 65 80 79 -1 65 66 81 80 -1 66 67 82 81 -1 67 68 83 82 -1 68 69 84 83 -1 69 70 85 84 -1 70 71 86 85 -1 71 72 87 86 -1 72 73 88 87 -1 73 74 89 88 -1 75 76 91 90 -1 76 77 92 91 -1 77 78 93 92 -1 78 79 94 93 -1 79 80 95 94 -1 80 81 96 95 -1 81 82 97 96 -1 82 83 98 97 -1 83 84 99 98 -1 84 85 100 99 -1 85 86 101 100 -1 86 87 102 101 -1 87 88 103 102 -1 88 89 104 103 -1 90 91 106 105 -1 91 92 107 106 -1 92 93 108 107 -1 93 94 109 108 -1 94 95 110 109 -1 95 96 111 110 -1 96 97 112 111 -1 97 98 113 112 -1 98 99 114 113 -1 99 100 115 114 -1 100 101 116 115 -1 101 102 117 116 -1 102 103 118 117 -1 103 104 119 118 -1 105 106 121 120 -1 106 107 122 121 -1 107 108 123 122 -1 108 109 124 123 -1 109 110 125 124 -1 110 111 126 125 -1 111 112 127 126 -1 112 113 128 127 -1 113 114 129 128 -1 114 115 130 129 -1 115 116 131 130 -1 116 117 132 131 -1 117 118 133 132 -1 118 119 134 133 -1 120 121 136 135 -1 121 122 137 136 -1 122 123 138 137 -1 123 124 139 138 -1 124 125 140 139 -1 125 126 141 140 -1 126 127 142 141 -1 127 128 143 142 -1 128 129 144 143 -1 129 130 145 144 -1 130 131 146 145 -1 131 132 147 146 -1 132 133 148 147 -1 133 134 149 148 -1 135 136 151 150 -1 136 137 152 151 -1 137 138 153 152 -1 138 139 154 153 -1 139 140 155 154 -1 140 141 156 155 -1 141 142 157 156 -1 142 143 158 157 -1 143 144 159 158 -1 144 145 160 159 -1 145 146 161 160 -1 146 147 162 161 -1 147 148 163 162 -1 148 149 164 163 -1 150 151 166 165 -1 151 152 167 166 -1 152 153 168 167 -1 153 154 169 168 -1 154 155 170 169 -1 155 156 171 170 -1 156 157 172 171 -1 157 158 173 172 -1 158 159 174 173 -1 159 160 175 174 -1 160 161 176 175 -1 161 162 177 176 -1 162 163 178 177 -1 163 164 179 178 -1"><Coordinate point="18 45.826 0 18 45.817 -0 18 45.844 -0 18 45.901 -0 18 45.978 -0 18 46.06 -0 18 46.13 -0 18 46.174 -0 18 46.183 -0 18 46.156 -0 18 46.099 -0 18 46.022 -0 18 45.94 -0 18 45.87 -0 18 45.826 -0 13.964 45.799 0 14.06 45.813 -0.771 14.372 45.775 -1.498 14.876 45.694 -2.136 15.534 45.585 -2.651 16.302 45.47 -3.022 17.138 45.371 -3.239 18 45.309 -3.302 18.856 45.296 -3.215 19.676 45.334 -2.982 20.427 45.415 -2.608 21.075 45.524 -2.102 21.582 45.639 -1.479 21.912 45.737 -0.765 22.036 45.799 -0 10.081 44.681 0 10.261 44.705 -1.514 10.897 44.639 -2.932 11.927 44.497 -4.151 13.254 44.307 -5.101 14.768 44.106 -5.752 16.374 43.935 -6.107 18 43.826 -6.188 19.602 43.803 -6.017 21.147 43.869 -5.602 22.595 44.011 -4.939 23.884 44.201 -4.022 24.928 44.401 -2.86 25.634 44.573 -1.493 25.919 44.681 -0 7.025 42.472 0 7.279 42.487 -2.097 8.147 42.446 -4.067 9.552 42.356 -5.774 11.373 42.237 -7.123 13.468 42.111 -8.066 15.711 42.003 -8.596 18 41.935 -8.731 20.262 41.92 -8.494 22.436 41.961 -7.896 24.457 42.051 -6.94 26.234 42.17 -5.628 27.655 42.296 -3.986 28.602 42.404 -2.074 28.975 42.472 -0 5.232 39.582 0 5.55 39.582 -2.436 6.499 39.58 -4.747 8.029 39.576 -6.816 10.057 39.571 -8.537 12.48 39.565 -9.826 15.172 39.561 -10.621 18 39.558 -10.887 20.826 39.557 -10.612 23.512 39.559 -9.811 25.928 39.563 -8.521 27.953 39.568 -6.804 29.484 39.574 -4.74 30.44 39.579 -2.434 30.768 39.582 -0 4.611 36.513 0 4.972 36.51 -2.549 5.895 36.518 -4.996 7.374 36.535 -7.263 9.396 36.559 -9.248 11.917 36.584 -10.827 14.839 36.605 -11.873 18 36.618 -12.28 21.194 36.621 -11.993 24.196 36.613 -11.028 26.806 36.596 -9.465 28.88 36.572 -7.437 30.339 36.547 -5.093 31.169 36.526 -2.576 31.389 36.513 -0 4.793 33.508 0 5.159 33.512 -2.512 6.043 33.501 -4.936 7.455 33.476 -7.208 9.41 33.444 -9.232 11.89 33.409 -10.875 14.808 33.38 -11.986 18 33.361 -12.435 21.236 33.357 -12.154 24.267 33.368 -11.154 26.871 33.393 -9.535 28.897 33.425 -7.449 30.283 33.46 -5.07 31.037 33.489 -2.55 31.207 33.508 -0 5.617 30.557 0 5.947 30.564 -2.358 6.812 30.544 -4.618 8.2 30.502 -6.699 10.087 30.446 -8.505 12.422 30.387 -9.929 15.108 30.336 -10.862 18 30.304 -11.217 20.916 30.297 -10.952 23.663 30.317 -10.08 26.065 30.359 -8.668 27.991 30.415 -6.829 29.364 30.474 -4.691 30.159 30.525 -2.379 30.383 30.557 -0 7.306 27.719 0 7.568 27.715 -2.041 8.375 27.727 -3.973 9.677 27.753 -5.689 11.394 27.787 -7.1 13.426 27.823 -8.141 15.664 27.854 -8.771 18 27.874 -8.972 20.328 27.878 -8.742 22.546 27.866 -8.092 24.557 27.84 -7.047 26.261 27.806 -5.647 27.568 27.77 -3.949 28.398 27.739 -2.034 28.694 27.719 -0 10.115 25.36 0 10.296 25.339 -1.507 10.924 25.398 -2.921 11.942 25.527 -4.141 13.256 25.698 -5.099 14.763 25.88 -5.761 16.368 26.034 -6.128 18 26.132 -6.217 19.61 26.153 -6.047 21.161 26.094 -5.626 22.607 25.966 -4.952 23.887 25.794 -4.024 24.918 25.613 -2.855 25.609 25.458 -1.489 25.885 25.36 -0 13.883 23.982 0 13.977 23.957 -0.787 14.306 24.028 -1.525 14.839 24.182 -2.161 15.527 24.388 -2.658 16.315 24.606 -3 17.151 24.791 -3.188 18 24.909 -3.232 18.837 24.934 -3.143 19.644 24.863 -2.925 20.398 24.709 -2.577 21.067 24.503 -2.096 21.608 24.286 -1.489 21.971 24.1 -0.777 22.117 23.982 -0 18 23.826 0 18 23.817 -0 18 23.844 -0 18 23.901 -0 18 23.978 -0 18 24.06 -0 18 24.13 -0 18 24.174 -0 18 24.183 -0 18 24.156 -0 18 24.099 -0 18 24.022 -0 18 23.94 -0 18 23.87 -0 18 23.826 -0"/><Color color="0.713 0.656 0.569 0.666 0.612 0.53 0.735 0.677 0.587 0.686 0.631 0.546 0.61 0.56 0.483 0.707 0.651 0.564 0.715 0.658 0.57 0.729 0.672 0.582 0.639 0.586 0.507 0.595 0.545 0.47 0.699 0.643 0.557 0.662 0.608 0.526 0.631 0.58 0.501 0.748 0.689 0.598 0.713 0.656 0.569 0.605 0.566 0.499 0.591 0.552 0.487 0.631 0.589 0.518 0.665 0.619 0.543 0.592 0.548 0.477 0.718 0.663 0.576 0.606 0.554 0.475 0.728 0.664 0.569 0.762 0.693 0.592 0.683 0.616 0.522 0.698 0.629 0.532 0.704 0.635 0.536 0.776 0.703 0.597 0.62 0.557 0.468 0.621 0.558 0.469 0.654 0.614 0.544 0.645 0.606 0.537 0.614 0.577 0.512 0.624 0.585 0.518 0.69 0.643 0.565 0.652 0.601 0.522 0.71 0.648 0.556 0.638 0.575 0.486 0.674 0.607 0.512 0.659 0.594 0.502 0.724 0.66 0.565 0.694 0.637 0.551 0.706 0.653 0.57 0.653 0.606 0.531 0.677 0.631 0.554 0.654 0.611 0.538 0.702 0.656 0.579 0.696 0.653 0.578 0.696 0.654 0.58 0.721 0.674 0.595 0.595 0.548 0.474 0.674 0.611 0.521 0.765 0.693 0.588 0.636 0.574 0.486 0.621 0.569 0.49 0.676 0.629 0.552 0.628 0.589 0.522 0.568 0.534 0.473 0.681 0.638 0.565 0.706 0.661 0.584 0.703 0.655 0.576 0.689 0.643 0.566 0.636 0.595 0.527 0.662 0.621 0.551 0.671 0.627 0.553 0.737 0.679 0.589 0.709 0.642 0.545 0.754 0.683 0.58 0.686 0.628 0.541 0.714 0.666 0.587 0.569 0.535 0.474 0.719 0.672 0.593 0.631 0.584 0.508 0.742 0.684 0.593 0.688 0.631 0.545 0.687 0.643 0.567 0.575 0.538 0.475 0.617 0.58 0.514 0.66 0.62 0.549 0.687 0.639 0.561 0.646 0.59 0.506 0.629 0.565 0.475 0.669 0.606 0.516 0.601 0.557 0.486 0.68 0.639 0.567 0.581 0.541 0.476 0.6 0.551 0.476 0.656 0.597 0.51 0.654 0.592 0.502 0.749 0.68 0.58 0.669 0.629 0.558 0.564 0.53 0.47 0.722 0.677 0.6 0.583 0.543 0.478 0.729 0.673 0.585 0.775 0.705 0.603 0.716 0.646 0.547 0.597 0.544 0.467 0.571 0.533 0.47 0.645 0.605 0.536 0.67 0.619 0.539 0.62 0.563 0.48 0.693 0.628 0.533 0.679 0.612 0.517 0.667 0.601 0.507 0.73 0.683 0.603 0.691 0.645 0.569 0.655 0.608 0.533 0.693 0.638 0.553 0.751 0.684 0.586 0.647 0.581 0.489 0.735 0.669 0.571 0.715 0.663 0.578 0.605 0.567 0.503 0.727 0.68 0.6 0.617 0.567 0.49 0.665 0.603 0.514 0.686 0.619 0.524 0.71 0.641 0.542 0.63 0.566 0.475 0.742 0.682 0.589 0.667 0.611 0.525 0.766 0.699 0.6 0.762 0.692 0.589 0.621 0.557 0.468 0.638 0.577 0.488 0.596 0.546 0.47 0.587 0.547 0.481 0.679 0.637 0.565 0.663 0.619 0.545 0.63 0.58 0.502 0.664 0.604 0.516 0.701 0.634 0.538 0.703 0.635 0.537 0.739 0.668 0.567 0.64 0.576 0.486 0.632 0.569 0.48 0.588 0.528 0.444 0.691 0.627 0.534 0.687 0.628 0.539 0.668 0.617 0.536 0.594 0.553 0.486 0.577 0.542 0.48 0.615 0.578 0.512 0.669 0.625 0.551 0.689 0.639 0.557 0.692 0.635 0.549 0.634 0.577 0.493 0.575 0.519 0.439 0.714 0.649 0.553 0.636 0.589 0.515 0.509 0.47 0.409 0.586 0.544 0.476 0.492 0.457 0.401 0.588 0.549 0.484 0.516 0.483 0.428 0.504 0.473 0.42 0.526 0.494 0.438 0.612 0.574 0.508 0.498 0.465 0.41 0.499 0.464 0.406 0.624 0.579 0.506 0.525 0.483 0.419 0.548 0.504 0.436 0.554 0.509 0.44 0.529 0.495 0.437 0.524 0.49 0.433 0.438 0.409 0.361 0.505 0.472 0.417 0.452 0.422 0.372 0.534 0.499 0.441 0.545 0.51 0.45 0.548 0.513 0.453 0.475 0.444 0.392 0.558 0.522 0.461 0.476 0.446 0.393 0.439 0.41 0.362 0.438 0.409 0.361 0.455 0.425 0.375 0.529 0.495 0.437"/></IndexedFaceSet></Shape><Transform translation="18 27.08 -2" rotation="1 0 0 1.5707"><Shape><Appearance><Material diffuseColor="0.42 0.31 0.22" specularColor="0.03 0.025 0.02" ambientIntensity="0.22"/></Appearance><Cylinder height="0.6" radius="11.2" top="true" side="false" bottom="false"/></Shape></Transform><Transform translation="13.718 27.3 -1.939" rotation="0.642 0.6 0.419 0.913"><Shape><Appearance><Material diffuseColor="0.38 0.3 0.23" specularColor="0.04 0.035 0.03" ambientIntensity="0.2"/></Appearance><Box size="1.688 1.474 1.613"/></Shape></Transform><Transform translation="8.532 27.3 -2.486" rotation="0.964 1.274 0.932 0.807"><Shape><Appearance><Material diffuseColor="0.38 0.3 0.23" specularColor="0.04 0.035 0.03" ambientIntensity="0.2"/></Appearance><Box size="2.712 1.002 1.473"/></Shape></Transform><Transform translation="12.802 27.3 -3.198" rotation="0.983 0.816 0.826 3.623"><Shape><Appearance><Material diffuseColor="0.38 0.3 0.23" specularColor="0.04 0.035 0.03" ambientIntensity="0.2"/></Appearance><Box size="1.713 0.658 1.175"/></Shape></Transform><Transform translation="15.483 27.3 -2.022" rotation="0.37 0.692 0.94 1.072"><Shape><Appearance><Material diffuseColor="0.38 0.3 0.23" specularColor="0.04 0.035 0.03" ambientIntensity="0.2"/></Appearance><Box size="1.775 0.829 1.621"/></Shape></Transform><Shape><Appearance><Material diffuseColor="0.62 0.58 0.5" specularColor="0.35 0.34 0.3" shininess="0.55" ambientIntensity="0.22"/></Appearance><IndexedFaceSet solid="true" creaseAngle="1.0" coordIndex="0 1 10 9 -1 1 2 11 10 -1 2 3 12 11 -1 3 4 13 12 -1 4 5 14 13 -1 5 6 15 14 -1 6 7 16 15 -1 7 8 17 16 -1 9 10 19 18 -1 10 11 20 19 -1 11 12 21 20 -1 12 13 22 21 -1 13 14 23 22 -1 14 15 24 23 -1 15 16 25 24 -1 16 17 26 25 -1 18 19 28 27 -1 19 20 29 28 -1 20 21 30 29 -1 21 22 31 30 -1 22 23 32 31 -1 23 24 33 32 -1 24 25 34 33 -1 25 26 35 34 -1 27 28 37 36 -1 28 29 38 37 -1 29 30 39 38 -1 30 31 40 39 -1 31 32 41 40 -1 32 33 42 41 -1 33 34 43 42 -1 34 35 44 43 -1 36 37 46 45 -1 37 38 47 46 -1 38 39 48 47 -1 39 40 49 48 -1 40 41 50 49 -1 41 42 51 50 -1 42 43 52 51 -1 43 44 53 52 -1 45 46 55 54 -1 46 47 56 55 -1 47 48 57 56 -1 48 49 58 57 -1 49 50 59 58 -1 50 51 60 59 -1 51 52 61 60 -1 52 53 62 61 -1"><Coordinate point="14.091 44.007 -2.353 13.982 44.007 -2.089 13.718 44.007 -1.98 13.454 44.007 -2.089 13.345 44.007 -2.353 13.454 44.007 -2.617 13.718 44.007 -2.726 13.982 44.007 -2.617 14.091 44.007 -2.353 14.057 43.358 -2.353 13.957 43.358 -2.114 13.718 43.358 -2.014 13.479 43.358 -2.114 13.379 43.358 -2.353 13.479 43.358 -2.592 13.718 43.358 -2.692 13.957 43.358 -2.592 14.057 43.358 -2.353 13.974 42.71 -2.353 13.899 42.71 -2.172 13.718 42.71 -2.097 13.537 42.71 -2.172 13.462 42.71 -2.353 13.537 42.71 -2.534 13.718 42.71 -2.609 13.899 42.71 -2.534 13.974 42.71 -2.353 13.873 42.061 -2.353 13.828 42.061 -2.243 13.718 42.061 -2.198 13.608 42.061 -2.243 13.563 42.061 -2.353 13.608 42.061 -2.463 13.718 42.061 -2.508 13.828 42.061 -2.463 13.873 42.061 -2.353 13.795 41.413 -2.353 13.773 41.413 -2.298 13.718 41.413 -2.276 13.663 41.413 -2.298 13.641 41.413 -2.353 13.663 41.413 -2.408 13.718 41.413 -2.43 13.773 41.413 -2.408 13.795 41.413 -2.353 13.748 40.765 -2.353 13.739 40.765 -2.332 13.718 40.765 -2.323 13.697 40.765 -2.332 13.688 40.765 -2.353 13.697 40.765 -2.374 13.718 40.765 -2.383 13.739 40.765 -2.374 13.748 40.765 -2.353 13.738 40.116 -2.353 13.732 40.116 -2.339 13.718 40.116 -2.333 13.704 40.116 -2.339 13.698 40.116 -2.353 13.704 40.116 -2.367 13.718 40.116 -2.373 13.732 40.116 -2.367 13.738 40.116 -2.353"/></IndexedFaceSet></Shape><Shape><Appearance><Material diffuseColor="0.62 0.58 0.5" specularColor="0.35 0.34 0.3" shininess="0.55" ambientIntensity="0.22"/></Appearance><IndexedFaceSet solid="true" creaseAngle="1.0" coordIndex="0 1 10 9 -1 1 2 11 10 -1 2 3 12 11 -1 3 4 13 12 -1 4 5 14 13 -1 5 6 15 14 -1 6 7 16 15 -1 7 8 17 16 -1 9 10 19 18 -1 10 11 20 19 -1 11 12 21 20 -1 12 13 22 21 -1 13 14 23 22 -1 14 15 24 23 -1 15 16 25 24 -1 16 17 26 25 -1 18 19 28 27 -1 19 20 29 28 -1 20 21 30 29 -1 21 22 31 30 -1 22 23 32 31 -1 23 24 33 32 -1 24 25 34 33 -1 25 26 35 34 -1 27 28 37 36 -1 28 29 38 37 -1 29 30 39 38 -1 30 31 40 39 -1 31 32 41 40 -1 32 33 42 41 -1 33 34 43 42 -1 34 35 44 43 -1 36 37 46 45 -1 37 38 47 46 -1 38 39 48 47 -1 39 40 49 48 -1 40 41 50 49 -1 41 42 51 50 -1 42 43 52 51 -1 43 44 53 52 -1 45 46 55 54 -1 46 47 56 55 -1 47 48 57 56 -1 48 49 58 57 -1 49 50 59 58 -1 50 51 60 59 -1 51 52 61 60 -1 52 53 62 61 -1"><Coordinate point="8.896 41.968 -4.001 8.789 41.968 -3.743 8.532 41.968 -3.637 8.274 41.968 -3.743 8.167 41.968 -4.001 8.274 41.968 -4.259 8.532 41.968 -4.365 8.789 41.968 -4.259 8.896 41.968 -4.001 8.863 40.913 -4.001 8.766 40.913 -3.767 8.532 40.913 -3.67 8.298 40.913 -3.767 8.201 40.913 -4.001 8.298 40.913 -4.235 8.532 40.913 -4.332 8.766 40.913 -4.235 8.863 40.913 -4.001 8.782 39.858 -4.001 8.709 39.858 -3.824 8.532 39.858 -3.751 8.355 39.858 -3.824 8.282 39.858 -4.001 8.355 39.858 -4.178 8.532 39.858 -4.251 8.709 39.858 -4.178 8.782 39.858 -4.001 8.683 38.803 -4.001 8.639 38.803 -3.894 8.532 38.803 -3.849 8.424 38.803 -3.894 8.38 38.803 -4.001 8.424 38.803 -4.108 8.532 38.803 -4.153 8.639 38.803 -4.108 8.683 38.803 -4.001 8.607 37.748 -4.001 8.585 37.748 -3.948 8.532 37.748 -3.926 8.478 37.748 -3.948 8.456 37.748 -4.001 8.478 37.748 -4.054 8.532 37.748 -4.076 8.585 37.748 -4.054 8.607 37.748 -4.001 8.561 36.693 -4.001 8.552 36.693 -3.98 8.532 36.693 -3.972 8.511 36.693 -3.98 8.502 36.693 -4.001 8.511 36.693 -4.022 8.532 36.693 -4.03 8.552 36.693 -4.022 8.561 36.693 -4.001 8.552 35.638 -4.001 8.546 35.638 -3.987 8.532 35.638 -3.981 8.518 35.638 -3.987 8.512 35.638 -4.001 8.518 35.638 -4.015 8.532 35.638 -4.021 8.546 35.638 -4.015 8.552 35.638 -4.001"/></IndexedFaceSet></Shape><Shape><Appearance><Material diffuseColor="0.62 0.58 0.5" specularColor="0.35 0.34 0.3" shininess="0.55" ambientIntensity="0.22"/></Appearance><IndexedFaceSet solid="true" creaseAngle="1.0" coordIndex="0 1 10 9 -1 1 2 11 10 -1 2 3 12 11 -1 3 4 13 12 -1 4 5 14 13 -1 5 6 15 14 -1 6 7 16 15 -1 7 8 17 16 -1 9 10 19 18 -1 10 11 20 19 -1 11 12 21 20 -1 12 13 22 21 -1 13 14 23 22 -1 14 15 24 23 -1 15 16 25 24 -1 16 17 26 25 -1 18 19 28 27 -1 19 20 29 28 -1 20 21 30 29 -1 21 22 31 30 -1 22 23 32 31 -1 23 24 33 32 -1 24 25 34 33 -1 25 26 35 34 -1 27 28 37 36 -1 28 29 38 37 -1 29 30 39 38 -1 30 31 40 39 -1 31 32 41 40 -1 32 33 42 41 -1 33 34 43 42 -1 34 35 44 43 -1 36 37 46 45 -1 37 38 47 46 -1 38 39 48 47 -1 39 40 49 48 -1 40 41 50 49 -1 41 42 51 50 -1 42 43 52 51 -1 43 44 53 52 -1 45 46 55 54 -1 46 47 56 55 -1 47 48 57 56 -1 48 49 58 57 -1 49 50 59 58 -1 50 51 60 59 -1 51 52 61 60 -1 52 53 62 61 -1"><Coordinate point="13.391 43.784 -5.695 13.218 43.784 -5.279 12.802 43.784 -5.106 12.386 43.784 -5.279 12.214 43.784 -5.695 12.386 43.784 -6.111 12.802 43.784 -6.283 13.218 43.784 -6.111 13.391 43.784 -5.695 13.337 42.886 -5.695 13.18 42.886 -5.317 12.802 42.886 -5.16 12.424 42.886 -5.317 12.268 42.886 -5.695 12.424 42.886 -6.073 12.802 42.886 -6.229 13.18 42.886 -6.073 13.337 42.886 -5.695 13.206 41.988 -5.695 13.088 41.988 -5.409 12.802 41.988 -5.291 12.517 41.988 -5.409 12.398 41.988 -5.695 12.517 41.988 -5.98 12.802 41.988 -6.099 13.088 41.988 -5.98 13.206 41.988 -5.695 13.047 41.09 -5.695 12.976 41.09 -5.521 12.802 41.09 -5.45 12.629 41.09 -5.521 12.557 41.09 -5.695 12.629 41.09 -5.868 12.802 41.09 -5.94 12.976 41.09 -5.868 13.047 41.09 -5.695 12.924 40.192 -5.695 12.889 40.192 -5.609 12.802 40.192 -5.573 12.716 40.192 -5.609 12.681 40.192 -5.695 12.716 40.192 -5.781 12.802 40.192 -5.817 12.889 40.192 -5.781 12.924 40.192 -5.695 12.85 39.294 -5.695 12.836 39.294 -5.661 12.802 39.294 -5.647 12.769 39.294 -5.661 12.755 39.294 -5.695 12.769 39.294 -5.728 12.802 39.294 -5.742 12.836 39.294 -5.728 12.85 39.294 -5.695 12.822 38.396 -5.695 12.817 38.396 -5.681 12.802 38.396 -5.675 12.788 38.396 -5.681 12.782 38.396 -5.695 12.788 38.396 -5.709 12.802 38.396 -5.715 12.817 38.396 -5.709 12.822 38.396 -5.695"/></IndexedFaceSet></Shape><Shape><Appearance><Material diffuseColor="1 1 1" specularColor="0.08 0.08 0.07" shininess="0.12" ambientIntensity="0.2"/></Appearance><IndexedFaceSet solid="false" creaseAngle="1.4" colorPerVertex="true" coordIndex="0 1 16 15 -1 1 2 17 16 -1 2 3 18 17 -1 3 4 19 18 -1 4 5 20 19 -1 5 6 21 20 -1 6 7 22 21 -1 7 8 23 22 -1 8 9 24 23 -1 9 10 25 24 -1 10 11 26 25 -1 11 12 27 26 -1 12 13 28 27 -1 13 14 29 28 -1 15 16 31 30 -1 16 17 32 31 -1 17 18 33 32 -1 18 19 34 33 -1 19 20 35 34 -1 20 21 36 35 -1 21 22 37 36 -1 22 23 38 37 -1 23 24 39 38 -1 24 25 40 39 -1 25 26 41 40 -1 26 27 42 41 -1 27 28 43 42 -1 28 29 44 43 -1 30 31 46 45 -1 31 32 47 46 -1 32 33 48 47 -1 33 34 49 48 -1 34 35 50 49 -1 35 36 51 50 -1 36 37 52 51 -1 37 38 53 52 -1 38 39 54 53 -1 39 40 55 54 -1 40 41 56 55 -1 41 42 57 56 -1 42 43 58 57 -1 43 44 59 58 -1 45 46 61 60 -1 46 47 62 61 -1 47 48 63 62 -1 48 49 64 63 -1 49 50 65 64 -1 50 51 66 65 -1 51 52 67 66 -1 52 53 68 67 -1 53 54 69 68 -1 54 55 70 69 -1 55 56 71 70 -1 56 57 72 71 -1 57 58 73 72 -1 58 59 74 73 -1 60 61 76 75 -1 61 62 77 76 -1 62 63 78 77 -1 63 64 79 78 -1 64 65 80 79 -1 65 66 81 80 -1 66 67 82 81 -1 67 68 83 82 -1 68 69 84 83 -1 69 70 85 84 -1 70 71 86 85 -1 71 72 87 86 -1 72 73 88 87 -1 73 74 89 88 -1 75 76 91 90 -1 76 77 92 91 -1 77 78 93 92 -1 78 79 94 93 -1 79 80 95 94 -1 80 81 96 95 -1 81 82 97 96 -1 82 83 98 97 -1 83 84 99 98 -1 84 85 100 99 -1 85 86 101 100 -1 86 87 102 101 -1 87 88 103 102 -1 88 89 104 103 -1 90 91 106 105 -1 91 92 107 106 -1 92 93 108 107 -1 93 94 109 108 -1 94 95 110 109 -1 95 96 111 110 -1 96 97 112 111 -1 97 98 113 112 -1 98 99 114 113 -1 99 100 115 114 -1 100 101 116 115 -1 101 102 117 116 -1 102 103 118 117 -1 103 104 119 118 -1 105 106 121 120 -1 106 107 122 121 -1 107 108 123 122 -1 108 109 124 123 -1 109 110 125 124 -1 110 111 126 125 -1 111 112 127 126 -1 112 113 128 127 -1 113 114 129 128 -1 114 115 130 129 -1 115 116 131 130 -1 116 117 132 131 -1 117 118 133 132 -1 118 119 134 133 -1 120 121 136 135 -1 121 122 137 136 -1 122 123 138 137 -1 123 124 139 138 -1 124 125 140 139 -1 125 126 141 140 -1 126 127 142 141 -1 127 128 143 142 -1 128 129 144 143 -1 129 130 145 144 -1 130 131 146 145 -1 131 132 147 146 -1 132 133 148 147 -1 133 134 149 148 -1 135 136 151 150 -1 136 137 152 151 -1 137 138 153 152 -1 138 139 154 153 -1 139 140 155 154 -1 140 141 156 155 -1 141 142 157 156 -1 142 143 158 157 -1 143 144 159 158 -1 144 145 160 159 -1 145 146 161 160 -1 146 147 162 161 -1 147 148 163 162 -1 148 149 164 163 -1 150 151 166 165 -1 151 152 167 166 -1 152 153 168 167 -1 153 154 169 168 -1 154 155 170 169 -1 155 156 171 170 -1 156 157 172 171 -1 157 158 173 172 -1 158 159 174 173 -1 159 160 175 174 -1 160 161 176 175 -1 161 162 177 176 -1 162 163 178 177 -1 163 164 179 178 -1"><Coordinate point="34 -1.836 0 34 -1.879 -0 34 -1.946 -0 34 -2.023 -0 34 -2.097 -0 34 -2.151 -0 34 -2.175 -0 34 -2.164 -0 34 -2.121 -0 34 -2.054 -0 34 -1.977 -0 34 -1.903 -0 34 -1.849 -0 34 -1.825 -0 34 -1.836 -0 29.589 -1.984 0 29.746 -2.094 -0.777 30.137 -2.266 -1.488 30.717 -2.465 -2.095 31.433 -2.653 -2.575 32.24 -2.791 -2.923 33.104 -2.853 -3.142 34 -2.826 -3.232 34.91 -2.716 -3.189 35.807 -2.544 -3.002 36.651 -2.345 -2.66 37.389 -2.158 -2.162 37.961 -2.019 -1.526 38.312 -1.957 -0.787 38.411 -1.984 -0 25.557 -3.242 0 25.854 -3.332 -1.487 26.594 -3.473 -2.853 27.697 -3.637 -4.021 29.066 -3.79 -4.95 30.614 -3.904 -5.625 32.274 -3.955 -6.049 34 -3.933 -6.221 35.75 -3.843 -6.133 37.471 -3.702 -5.766 39.086 -3.538 -5.102 40.493 -3.384 -4.143 41.581 -3.271 -2.921 42.252 -3.22 -1.507 42.443 -3.242 -0 22.552 -5.387 0 22.867 -5.404 -2.033 23.753 -5.43 -3.948 25.149 -5.461 -5.646 26.973 -5.489 -7.049 29.126 -5.511 -8.097 31.504 -5.52 -8.749 34 -5.516 -8.979 36.504 -5.499 -8.777 38.903 -5.473 -8.144 41.078 -5.442 -7.1 42.915 -5.413 -5.687 44.306 -5.392 -3.971 45.168 -5.383 -2.039 45.448 -5.387 -0 20.739 -7.963 0 20.974 -7.932 -2.379 21.821 -7.884 -4.692 23.29 -7.829 -6.833 25.352 -7.777 -8.675 27.927 -7.739 -10.088 30.873 -7.722 -10.96 34 -7.729 -11.222 37.099 -7.76 -10.863 39.975 -7.807 -9.926 42.473 -7.863 -8.5 44.491 -7.914 -6.693 45.977 -7.953 -4.614 46.905 -7.97 -2.356 47.261 -7.963 -0 19.846 -10.643 0 20.024 -10.626 -2.552 20.83 -10.599 -5.074 22.315 -10.567 -7.455 24.489 -10.538 -9.541 27.282 -10.516 -11.16 30.532 -10.506 -12.155 34 -10.51 -12.433 37.418 -10.528 -11.979 40.541 -10.555 -10.867 43.195 -10.586 -9.225 45.289 -10.616 -7.202 46.804 -10.638 -4.933 47.756 -10.648 -2.512 48.154 -10.643 -0 19.644 -13.376 0 19.878 -13.388 -2.579 20.769 -13.408 -5.097 22.337 -13.43 -7.441 24.563 -13.451 -9.467 27.363 -13.466 -11.026 30.58 -13.473 -11.987 34 -13.47 -12.271 37.385 -13.458 -11.863 40.512 -13.439 -10.819 43.213 -13.416 -9.243 45.383 -13.395 -7.262 46.972 -13.38 -4.997 47.966 -13.373 -2.55 48.356 -13.376 -0 20.309 -16.168 0 20.664 -16.165 -2.435 21.693 -16.159 -4.741 23.338 -16.152 -6.802 25.51 -16.146 -8.517 28.098 -16.141 -9.804 30.975 -16.139 -10.603 34 -16.14 -10.878 37.029 -16.144 -10.615 39.913 -16.149 -9.824 42.511 -16.156 -8.538 44.689 -16.162 -6.819 46.332 -16.167 -4.751 47.351 -16.169 -2.438 47.691 -16.168 -0 22.238 -18.794 0 22.642 -18.73 -2.074 23.66 -18.63 -3.984 25.184 -18.514 -5.624 27.088 -18.404 -6.934 29.251 -18.323 -7.89 31.578 -18.287 -8.489 34 -18.303 -8.729 36.453 -18.367 -8.597 38.858 -18.467 -8.07 41.106 -18.584 -7.128 43.058 -18.693 -5.779 44.565 -18.774 -4.07 45.493 -18.81 -2.099 45.762 -18.794 -0 25.519 -20.797 0 25.827 -20.697 -1.492 26.583 -20.54 -2.857 27.701 -20.358 -4.019 29.08 -20.186 -4.936 30.629 -20.06 -5.6 32.283 -20.003 -6.017 34 -20.028 -6.191 35.744 -20.128 -6.111 37.465 -20.285 -5.757 39.089 -20.467 -5.105 40.511 -20.639 -4.154 41.613 -20.765 -2.933 42.291 -20.822 -1.514 42.481 -20.797 -0 29.679 -21.81 0 29.812 -21.754 -0.765 30.164 -21.666 -1.478 30.707 -21.564 -2.101 31.4 -21.469 -2.608 32.204 -21.398 -2.984 33.082 -21.367 -3.218 34 -21.38 -3.305 34.925 -21.436 -3.242 35.82 -21.524 -3.023 36.643 -21.626 -2.652 37.347 -21.721 -2.136 37.886 -21.792 -1.497 38.218 -21.823 -0.77 38.321 -21.81 -0 34 -21.836 0 34 -21.879 -0 34 -21.946 -0 34 -22.023 -0 34 -22.097 -0 34 -22.151 -0 34 -22.175 -0 34 -22.164 -0 34 -22.121 -0 34 -22.054 -0 34 -21.977 -0 34 -21.903 -0 34 -21.849 -0 34 -21.825 -0 34 -21.836 -0"/><Color color="0.677 0.631 0.554 0.695 0.648 0.57 0.733 0.684 0.601 0.684 0.637 0.56 0.567 0.528 0.463 0.659 0.614 0.539 0.728 0.679 0.597 0.733 0.684 0.601 0.583 0.543 0.476 0.695 0.648 0.57 0.594 0.553 0.485 0.618 0.575 0.505 0.617 0.574 0.504 0.614 0.572 0.502 0.677 0.631 0.554 0.63 0.591 0.524 0.586 0.55 0.488 0.591 0.555 0.492 0.584 0.548 0.486 0.601 0.563 0.498 0.613 0.572 0.503 0.651 0.605 0.529 0.712 0.658 0.573 0.67 0.615 0.53 0.717 0.654 0.561 0.66 0.598 0.508 0.697 0.631 0.535 0.661 0.596 0.503 0.631 0.567 0.476 0.642 0.577 0.485 0.734 0.682 0.598 0.615 0.572 0.502 0.724 0.677 0.597 0.719 0.675 0.598 0.578 0.543 0.481 0.723 0.676 0.597 0.672 0.622 0.542 0.651 0.594 0.51 0.629 0.567 0.479 0.725 0.655 0.554 0.721 0.653 0.554 0.674 0.613 0.523 0.666 0.61 0.525 0.73 0.673 0.585 0.697 0.644 0.559 0.614 0.563 0.485 0.687 0.632 0.548 0.679 0.629 0.549 0.616 0.575 0.507 0.714 0.671 0.595 0.71 0.664 0.586 0.614 0.564 0.488 0.696 0.631 0.537 0.663 0.597 0.503 0.629 0.57 0.485 0.638 0.588 0.51 0.653 0.609 0.537 0.594 0.558 0.494 0.607 0.57 0.506 0.565 0.531 0.471 0.724 0.664 0.573 0.725 0.666 0.576 0.73 0.675 0.587 0.644 0.6 0.527 0.672 0.631 0.56 0.702 0.656 0.579 0.666 0.61 0.526 0.652 0.587 0.494 0.749 0.681 0.581 0.717 0.663 0.578 0.579 0.542 0.48 0.722 0.678 0.601 0.581 0.542 0.477 0.628 0.583 0.51 0.637 0.59 0.515 0.751 0.692 0.6 0.593 0.544 0.47 0.631 0.583 0.508 0.598 0.558 0.491 0.699 0.657 0.583 0.575 0.535 0.468 0.666 0.606 0.517 0.703 0.634 0.536 0.702 0.644 0.556 0.611 0.571 0.503 0.69 0.648 0.574 0.635 0.591 0.518 0.705 0.65 0.564 0.722 0.661 0.569 0.601 0.546 0.465 0.673 0.624 0.545 0.709 0.659 0.577 0.587 0.548 0.482 0.569 0.534 0.473 0.673 0.63 0.557 0.686 0.632 0.549 0.772 0.701 0.597 0.76 0.69 0.589 0.66 0.611 0.532 0.605 0.568 0.504 0.581 0.542 0.477 0.602 0.553 0.478 0.687 0.626 0.535 0.649 0.586 0.497 0.759 0.688 0.586 0.719 0.674 0.596 0.603 0.566 0.501 0.623 0.585 0.519 0.689 0.645 0.57 0.736 0.681 0.594 0.677 0.615 0.524 0.628 0.563 0.473 0.615 0.559 0.477 0.602 0.56 0.492 0.587 0.552 0.489 0.667 0.62 0.544 0.614 0.562 0.482 0.658 0.596 0.506 0.628 0.565 0.476 0.626 0.562 0.473 0.567 0.53 0.467 0.646 0.603 0.53 0.683 0.634 0.554 0.699 0.641 0.554 0.684 0.62 0.527 0.682 0.614 0.518 0.725 0.659 0.562 0.589 0.541 0.468 0.591 0.552 0.487 0.678 0.636 0.564 0.65 0.605 0.53 0.758 0.697 0.604 0.63 0.571 0.485 0.73 0.662 0.563 0.759 0.689 0.586 0.687 0.624 0.533 0.645 0.584 0.496 0.654 0.591 0.5 0.623 0.56 0.472 0.637 0.574 0.485 0.644 0.586 0.499 0.657 0.604 0.523 0.598 0.556 0.487 0.688 0.645 0.571 0.622 0.584 0.518 0.663 0.619 0.546 0.61 0.564 0.491 0.654 0.601 0.519 0.661 0.604 0.519 0.672 0.614 0.527 0.622 0.568 0.487 0.664 0.608 0.523 0.547 0.499 0.428 0.543 0.497 0.428 0.548 0.505 0.438 0.606 0.562 0.492 0.521 0.486 0.427 0.497 0.465 0.411 0.483 0.454 0.402 0.581 0.546 0.484 0.552 0.518 0.458 0.565 0.528 0.466 0.509 0.475 0.417 0.527 0.49 0.43 0.632 0.589 0.517 0.45 0.422 0.375 0.563 0.529 0.469 0.47 0.442 0.392 0.504 0.473 0.42 0.551 0.518 0.459 0.554 0.52 0.461 0.468 0.44 0.39 0.445 0.418 0.371 0.493 0.463 0.411 0.459 0.431 0.383 0.485 0.455 0.404 0.554 0.52 0.462 0.489 0.459 0.407 0.503 0.472 0.419 0.45 0.422 0.375"/></IndexedFaceSet></Shape><Transform translation="34 -19.2 -2" rotation="1 0 0 1.5707"><Shape><Appearance><Material diffuseColor="0.42 0.31 0.22" specularColor="0.03 0.025 0.02" ambientIntensity="0.22"/></Appearance><Cylinder height="0.6" radius="12" top="true" side="false" bottom="false"/></Shape></Transform><Transform translation="40.618 -19 -4.48" rotation="0.876 1.297 0.314 5.416"><Shape><Appearance><Material diffuseColor="0.38 0.3 0.23" specularColor="0.04 0.035 0.03" ambientIntensity="0.2"/></Appearance><Box size="1.935 1.324 1.782"/></Shape></Transform><Transform translation="31.906 -19 -3.916" rotation="0.176 1.241 0.258 5.244"><Shape><Appearance><Material diffuseColor="0.38 0.3 0.23" specularColor="0.04 0.035 0.03" ambientIntensity="0.2"/></Appearance><Box size="1.335 0.849 1.564"/></Shape></Transform><Transform translation="41.769 -19 -1.846" rotation="0.884 0.8 0.093 4.246"><Shape><Appearance><Material diffuseColor="0.38 0.3 0.23" specularColor="0.04 0.035 0.03" ambientIntensity="0.2"/></Appearance><Box size="2.234 1.38 1.182"/></Shape></Transform><Transform translation="38.809 -19 -2.61" rotation="0.991 0.99 0.359 2.481"><Shape><Appearance><Material diffuseColor="0.38 0.3 0.23" specularColor="0.04 0.035 0.03" ambientIntensity="0.2"/></Appearance><Box size="3.357 1.384 2.858"/></Shape></Transform><Shape><Appearance><Material diffuseColor="0.62 0.58 0.5" specularColor="0.35 0.34 0.3" shininess="0.55" ambientIntensity="0.22"/></Appearance><IndexedFaceSet solid="true" creaseAngle="1.0" coordIndex="0 1 10 9 -1 1 2 11 10 -1 2 3 12 11 -1 3 4 13 12 -1 4 5 14 13 -1 5 6 15 14 -1 6 7 16 15 -1 7 8 17 16 -1 9 10 19 18 -1 10 11 20 19 -1 11 12 21 20 -1 12 13 22 21 -1 13 14 23 22 -1 14 15 24 23 -1 15 16 25 24 -1 16 17 26 25 -1 18 19 28 27 -1 19 20 29 28 -1 20 21 30 29 -1 21 22 31 30 -1 22 23 32 31 -1 23 24 33 32 -1 24 25 34 33 -1 25 26 35 34 -1 27 28 37 36 -1 28 29 38 37 -1 29 30 39 38 -1 30 31 40 39 -1 31 32 41 40 -1 32 33 42 41 -1 33 34 43 42 -1 34 35 44 43 -1 36 37 46 45 -1 37 38 47 46 -1 38 39 48 47 -1 39 40 49 48 -1 40 41 50 49 -1 41 42 51 50 -1 42 43 52 51 -1 43 44 53 52 -1 45 46 55 54 -1 46 47 56 55 -1 47 48 57 56 -1 48 49 58 57 -1 49 50 59 58 -1 50 51 60 59 -1 51 52 61 60 -1 52 53 62 61 -1"><Coordinate point="41.349 -4.282 -4.436 41.135 -4.282 -3.919 40.618 -4.282 -3.705 40.101 -4.282 -3.919 39.887 -4.282 -4.436 40.101 -4.282 -4.953 40.618 -4.282 -5.167 41.135 -4.282 -4.953 41.349 -4.282 -4.436 41.282 -4.621 -4.436 41.087 -4.621 -3.966 40.618 -4.621 -3.772 40.148 -4.621 -3.966 39.954 -4.621 -4.436 40.148 -4.621 -4.905 40.618 -4.621 -5.1 41.087 -4.621 -4.905 41.282 -4.621 -4.436 41.12 -4.959 -4.436 40.973 -4.959 -4.081 40.618 -4.959 -3.934 40.263 -4.959 -4.081 40.116 -4.959 -4.436 40.263 -4.959 -4.791 40.618 -4.959 -4.938 40.973 -4.959 -4.791 41.12 -4.959 -4.436 40.922 -5.298 -4.436 40.833 -5.298 -4.22 40.618 -5.298 -4.131 40.403 -5.298 -4.22 40.313 -5.298 -4.436 40.403 -5.298 -4.651 40.618 -5.298 -4.74 40.833 -5.298 -4.651 40.922 -5.298 -4.436 40.769 -5.636 -4.436 40.725 -5.636 -4.329 40.618 -5.636 -4.284 40.511 -5.636 -4.329 40.467 -5.636 -4.436 40.511 -5.636 -4.543 40.618 -5.636 -4.587 40.725 -5.636 -4.543 40.769 -5.636 -4.436 40.677 -5.975 -4.436 40.66 -5.975 -4.394 40.618 -5.975 -4.377 40.576 -5.975 -4.394 40.559 -5.975 -4.436 40.576 -5.975 -4.477 40.618 -5.975 -4.495 40.66 -5.975 -4.477 40.677 -5.975 -4.436 40.638 -6.314 -4.436 40.632 -6.314 -4.422 40.618 -6.314 -4.416 40.604 -6.314 -4.422 40.598 -6.314 -4.436 40.604 -6.314 -4.45 40.618 -6.314 -4.456 40.632 -6.314 -4.45 40.638 -6.314 -4.436"/></IndexedFaceSet></Shape><Shape><Appearance><Material diffuseColor="0.62 0.58 0.5" specularColor="0.35 0.34 0.3" shininess="0.55" ambientIntensity="0.22"/></Appearance><IndexedFaceSet solid="true" creaseAngle="1.0" coordIndex="0 1 10 9 -1 1 2 11 10 -1 2 3 12 11 -1 3 4 13 12 -1 4 5 14 13 -1 5 6 15 14 -1 6 7 16 15 -1 7 8 17 16 -1 9 10 19 18 -1 10 11 20 19 -1 11 12 21 20 -1 12 13 22 21 -1 13 14 23 22 -1 14 15 24 23 -1 15 16 25 24 -1 16 17 26 25 -1 18 19 28 27 -1 19 20 29 28 -1 20 21 30 29 -1 21 22 31 30 -1 22 23 32 31 -1 23 24 33 32 -1 24 25 34 33 -1 25 26 35 34 -1 27 28 37 36 -1 28 29 38 37 -1 29 30 39 38 -1 30 31 40 39 -1 31 32 41 40 -1 32 33 42 41 -1 33 34 43 42 -1 34 35 44 43 -1 36 37 46 45 -1 37 38 47 46 -1 38 39 48 47 -1 39 40 49 48 -1 40 41 50 49 -1 41 42 51 50 -1 42 43 52 51 -1 43 44 53 52 -1 45 46 55 54 -1 46 47 56 55 -1 47 48 57 56 -1 48 49 58 57 -1 49 50 59 58 -1 50 51 60 59 -1 51 52 61 60 -1 52 53 62 61 -1"><Coordinate point="32.623 -3.484 -1.863 32.413 -3.484 -1.356 31.906 -3.484 -1.146 31.399 -3.484 -1.356 31.188 -3.484 -1.863 31.399 -3.484 -2.371 31.906 -3.484 -2.581 32.413 -3.484 -2.371 32.623 -3.484 -1.863 32.557 -4.065 -1.863 32.367 -4.065 -1.403 31.906 -4.065 -1.212 31.445 -4.065 -1.403 31.254 -4.065 -1.863 31.445 -4.065 -2.324 31.906 -4.065 -2.515 32.367 -4.065 -2.324 32.557 -4.065 -1.863 32.398 -4.646 -1.863 32.254 -4.646 -1.515 31.906 -4.646 -1.371 31.557 -4.646 -1.515 31.413 -4.646 -1.863 31.557 -4.646 -2.212 31.906 -4.646 -2.356 32.254 -4.646 -2.212 32.398 -4.646 -1.863 32.204 -5.226 -1.863 32.117 -5.226 -1.652 31.906 -5.226 -1.565 31.695 -5.226 -1.652 31.607 -5.226 -1.863 31.695 -5.226 -2.075 31.906 -5.226 -2.162 32.117 -5.226 -2.075 32.204 -5.226 -1.863 32.054 -5.807 -1.863 32.011 -5.807 -1.758 31.906 -5.807 -1.715 31.801 -5.807 -1.758 31.757 -5.807 -1.863 31.801 -5.807 -1.969 31.906 -5.807 -2.012 32.011 -5.807 -1.969 32.054 -5.807 -1.863 31.964 -6.388 -1.863 31.947 -6.388 -1.823 31.906 -6.388 -1.806 31.865 -6.388 -1.823 31.848 -6.388 -1.863 31.865 -6.388 -1.904 31.906 -6.388 -1.921 31.947 -6.388 -1.904 31.964 -6.388 -1.863 31.926 -6.969 -1.863 31.92 -6.969 -1.849 31.906 -6.969 -1.843 31.892 -6.969 -1.849 31.886 -6.969 -1.863 31.892 -6.969 -1.878 31.906 -6.969 -1.883 31.92 -6.969 -1.878 31.926 -6.969 -1.863"/></IndexedFaceSet></Shape><Shape><Appearance><Material diffuseColor="0.62 0.58 0.5" specularColor="0.35 0.34 0.3" shininess="0.55" ambientIntensity="0.22"/></Appearance><IndexedFaceSet solid="true" creaseAngle="1.0" coordIndex="0 1 10 9 -1 1 2 11 10 -1 2 3 12 11 -1 3 4 13 12 -1 4 5 14 13 -1 5 6 15 14 -1 6 7 16 15 -1 7 8 17 16 -1 9 10 19 18 -1 10 11 20 19 -1 11 12 21 20 -1 12 13 22 21 -1 13 14 23 22 -1 14 15 24 23 -1 15 16 25 24 -1 16 17 26 25 -1 18 19 28 27 -1 19 20 29 28 -1 20 21 30 29 -1 21 22 31 30 -1 22 23 32 31 -1 23 24 33 32 -1 24 25 34 33 -1 25 26 35 34 -1 27 28 37 36 -1 28 29 38 37 -1 29 30 39 38 -1 30 31 40 39 -1 31 32 41 40 -1 32 33 42 41 -1 33 34 43 42 -1 34 35 44 43 -1 36 37 46 45 -1 37 38 47 46 -1 38 39 48 47 -1 39 40 49 48 -1 40 41 50 49 -1 41 42 51 50 -1 42 43 52 51 -1 43 44 53 52 -1 45 46 55 54 -1 46 47 56 55 -1 47 48 57 56 -1 48 49 58 57 -1 49 50 59 58 -1 50 51 60 59 -1 51 52 61 60 -1 52 53 62 61 -1"><Coordinate point="42.407 -4.643 -2.919 42.22 -4.643 -2.468 41.769 -4.643 -2.282 41.318 -4.643 -2.468 41.131 -4.643 -2.919 41.318 -4.643 -3.37 41.769 -4.643 -3.557 42.22 -4.643 -3.37 42.407 -4.643 -2.919 42.348 -5.558 -2.919 42.179 -5.558 -2.51 41.769 -5.558 -2.34 41.359 -5.558 -2.51 41.189 -5.558 -2.919 41.359 -5.558 -3.329 41.769 -5.558 -3.499 42.179 -5.558 -3.329 42.348 -5.558 -2.919 42.207 -6.473 -2.919 42.079 -6.473 -2.61 41.769 -6.473 -2.481 41.459 -6.473 -2.61 41.331 -6.473 -2.919 41.459 -6.473 -3.229 41.769 -6.473 -3.358 42.079 -6.473 -3.229 42.207 -6.473 -2.919 42.034 -7.388 -2.919 41.957 -7.388 -2.732 41.769 -7.388 -2.654 41.581 -7.388 -2.732 41.503 -7.388 -2.919 41.581 -7.388 -3.107 41.769 -7.388 -3.185 41.957 -7.388 -3.107 42.034 -7.388 -2.919 41.901 -8.303 -2.919 41.862 -8.303 -2.826 41.769 -8.303 -2.787 41.675 -8.303 -2.826 41.637 -8.303 -2.919 41.675 -8.303 -3.013 41.769 -8.303 -3.051 41.862 -8.303 -3.013 41.901 -8.303 -2.919 41.82 -9.218 -2.919 41.805 -9.218 -2.883 41.769 -9.218 -2.868 41.732 -9.218 -2.883 41.717 -9.218 -2.919 41.732 -9.218 -2.956 41.769 -9.218 -2.971 41.805 -9.218 -2.956 41.82 -9.218 -2.919 41.789 -10.133 -2.919 41.783 -10.133 -2.905 41.769 -10.133 -2.899 41.755 -10.133 -2.905 41.749 -10.133 -2.919 41.755 -10.133 -2.934 41.769 -10.133 -2.939 41.783 -10.133 -2.934 41.789 -10.133 -2.919"/></IndexedFaceSet></Shape><Shape><Appearance><Material diffuseColor="0.5 0.48 0.43" specularColor="0.05 0.05 0.045" ambientIntensity="0.18"/></Appearance><IndexedFaceSet solid="false" creaseAngle="1.4" coordIndex="0 1 10 9 -1 1 2 11 10 -1 2 3 12 11 -1 3 4 13 12 -1 4 5 14 13 -1 5 6 15 14 -1 6 7 16 15 -1 7 8 17 16 -1 9 10 19 18 -1 10 11 20 19 -1 11 12 21 20 -1 12 13 22 21 -1 13 14 23 22 -1 14 15 24 23 -1 15 16 25 24 -1 16 17 26 25 -1 18 19 28 27 -1 19 20 29 28 -1 20 21 30 29 -1 21 22 31 30 -1 22 23 32 31 -1 23 24 33 32 -1 24 25 34 33 -1 25 26 35 34 -1 27 28 37 36 -1 28 29 38 37 -1 29 30 39 38 -1 30 31 40 39 -1 31 32 41 40 -1 32 33 42 41 -1 33 34 43 42 -1 34 35 44 43 -1 36 37 46 45 -1 37 38 47 46 -1 38 39 48 47 -1 39 40 49 48 -1 40 41 50 49 -1 41 42 51 50 -1 42 43 52 51 -1 43 44 53 52 -1 45 46 55 54 -1 46 47 56 55 -1 47 48 57 56 -1 48 49 58 57 -1 49 50 59 58 -1 50 51 60 59 -1 51 52 61 60 -1 52 53 62 61 -1 54 55 64 63 -1 55 56 65 64 -1 56 57 66 65 -1 57 58 67 66 -1 58 59 68 67 -1 59 60 69 68 -1 60 61 70 69 -1 61 62 71 70 -1 63 64 73 72 -1 64 65 74 73 -1 65 66 75 74 -1 66 67 76 75 -1 67 68 77 76 -1 68 69 78 77 -1 69 70 79 78 -1 70 71 80 79 -1"><Coordinate point="136.931 33.552 0 137.088 33.205 -1.913 137.537 32.219 -3.536 138.208 30.742 -4.619 139 29 -5 139.792 27.258 -4.619 140.463 25.781 -3.536 140.912 24.795 -1.913 141.069 24.448 -0 135.453 33.154 0 135.618 32.791 -2.009 136.089 31.755 -3.712 136.794 30.204 -4.85 137.625 28.375 -5.25 138.456 26.546 -4.85 139.161 24.995 -3.712 139.632 23.959 -2.009 139.797 23.596 -0 133.974 32.757 0 134.147 32.376 -2.105 134.641 31.29 -3.889 135.379 29.666 -5.081 136.25 27.75 -5.5 137.121 25.834 -5.081 137.859 24.21 -3.889 138.353 23.124 -2.105 138.526 22.743 -0 132.496 32.36 0 132.677 31.961 -2.2 133.193 30.826 -4.066 133.964 29.128 -5.312 134.875 27.125 -5.75 135.786 25.122 -5.312 136.557 23.424 -4.066 137.073 22.289 -2.2 137.254 21.89 -0 131.017 31.962 0 131.206 31.546 -2.296 131.744 30.362 -4.243 132.55 28.59 -5.543 133.5 26.5 -6 134.45 24.41 -5.543 135.256 22.638 -4.243 135.794 21.454 -2.296 135.983 21.038 -0 129.539 31.565 0 129.736 31.132 -2.392 130.296 29.898 -4.419 131.135 28.052 -5.774 132.125 25.875 -6.25 133.115 23.698 -5.774 133.954 21.852 -4.419 134.514 20.618 -2.392 134.711 20.185 -0 128.06 31.167 0 128.265 30.717 -2.487 128.848 29.434 -4.596 129.721 27.514 -6.005 130.75 25.25 -6.5 131.779 22.986 -6.005 132.652 21.066 -4.596 133.235 19.783 -2.487 133.44 19.333 -0 126.582 30.77 0 126.794 30.302 -2.583 127.4 28.97 -4.773 128.306 26.977 -6.236 129.375 24.625 -6.75 130.444 22.273 -6.236 131.35 20.28 -4.773 131.956 18.948 -2.583 132.168 18.48 -0 125.103 30.373 0 125.324 29.887 -2.679 125.952 28.506 -4.95 126.892 26.439 -6.467 128 24 -7 129.108 21.561 -6.467 130.048 19.494 -4.95 130.676 18.113 -2.679 130.897 17.627 -0"/></IndexedFaceSet></Shape><Shape><Appearance><Material diffuseColor="0.5 0.48 0.43" specularColor="0.05 0.05 0.045" ambientIntensity="0.18"/></Appearance><IndexedFaceSet solid="false" creaseAngle="1.4" coordIndex="0 1 10 9 -1 1 2 11 10 -1 2 3 12 11 -1 3 4 13 12 -1 4 5 14 13 -1 5 6 15 14 -1 6 7 16 15 -1 7 8 17 16 -1 9 10 19 18 -1 10 11 20 19 -1 11 12 21 20 -1 12 13 22 21 -1 13 14 23 22 -1 14 15 24 23 -1 15 16 25 24 -1 16 17 26 25 -1 18 19 28 27 -1 19 20 29 28 -1 20 21 30 29 -1 21 22 31 30 -1 22 23 32 31 -1 23 24 33 32 -1 24 25 34 33 -1 25 26 35 34 -1 27 28 37 36 -1 28 29 38 37 -1 29 30 39 38 -1 30 31 40 39 -1 31 32 41 40 -1 32 33 42 41 -1 33 34 43 42 -1 34 35 44 43 -1 36 37 46 45 -1 37 38 47 46 -1 38 39 48 47 -1 39 40 49 48 -1 40 41 50 49 -1 41 42 51 50 -1 42 43 52 51 -1 43 44 53 52 -1 45 46 55 54 -1 46 47 56 55 -1 47 48 57 56 -1 48 49 58 57 -1 49 50 59 58 -1 50 51 60 59 -1 51 52 61 60 -1 52 53 62 61 -1 54 55 64 63 -1 55 56 65 64 -1 56 57 66 65 -1 57 58 67 66 -1 58 59 68 67 -1 59 60 69 68 -1 60 61 70 69 -1 61 62 71 70 -1 63 64 73 72 -1 64 65 74 73 -1 65 66 75 74 -1 66 67 76 75 -1 67 68 77 76 -1 68 69 78 77 -1 69 70 79 78 -1 70 71 80 79 -1"><Coordinate point="164.176 16.823 0 164.087 16.532 -1.531 163.832 15.703 -2.828 163.45 14.463 -3.696 163 13 -4 162.55 11.537 -3.696 162.168 10.297 -2.828 161.913 9.468 -1.531 161.824 9.177 -0 162.625 17.562 0 162.53 17.253 -1.626 162.259 16.372 -3.005 161.853 15.054 -3.926 161.375 13.5 -4.25 160.897 11.946 -3.926 160.491 10.628 -3.005 160.22 9.747 -1.626 160.125 9.438 -0 161.073 18.301 0 160.973 17.974 -1.722 160.686 17.041 -3.182 160.256 15.646 -4.157 159.75 14 -4.5 159.244 12.354 -4.157 158.814 10.959 -3.182 158.527 10.026 -1.722 158.427 9.699 -0 159.522 19.04 0 159.416 18.694 -1.818 159.113 17.71 -3.359 158.66 16.237 -4.388 158.125 14.5 -4.75 157.59 12.763 -4.388 157.137 11.29 -3.359 156.834 10.306 -1.818 156.728 9.96 -0 157.97 19.779 0 157.858 19.415 -1.913 157.54 18.379 -3.536 157.063 16.829 -4.619 156.5 15 -5 155.937 13.171 -4.619 155.46 11.621 -3.536 155.142 10.585 -1.913 155.03 10.221 -0 156.419 20.518 0 156.301 20.136 -2.009 155.967 19.048 -3.712 155.466 17.42 -4.85 154.875 15.5 -5.25 154.284 13.58 -4.85 153.783 11.952 -3.712 153.449 10.864 -2.009 153.331 10.482 -0 154.867 21.257 0 154.744 20.857 -2.105 154.394 19.717 -3.889 153.869 18.012 -5.081 153.25 16 -5.5 152.631 13.988 -5.081 152.106 12.283 -3.889 151.756 11.143 -2.105 151.633 10.743 -0 153.316 21.996 0 153.187 21.577 -2.2 152.821 20.386 -4.066 152.272 18.603 -5.312 151.625 16.5 -5.75 150.978 14.397 -5.312 150.429 12.614 -4.066 150.063 11.423 -2.2 149.934 11.004 -0 151.765 22.735 0 151.63 22.298 -2.296 151.248 21.055 -4.243 150.675 19.195 -5.543 150 17 -6 149.325 14.805 -5.543 148.752 12.945 -4.243 148.37 11.702 -2.296 148.235 11.265 -0"/></IndexedFaceSet></Shape><Shape><Appearance><Material diffuseColor="0.5 0.48 0.43" specularColor="0.05 0.05 0.045" ambientIntensity="0.18"/></Appearance><IndexedFaceSet solid="false" creaseAngle="1.4" coordIndex="0 1 10 9 -1 1 2 11 10 -1 2 3 12 11 -1 3 4 13 12 -1 4 5 14 13 -1 5 6 15 14 -1 6 7 16 15 -1 7 8 17 16 -1 9 10 19 18 -1 10 11 20 19 -1 11 12 21 20 -1 12 13 22 21 -1 13 14 23 22 -1 14 15 24 23 -1 15 16 25 24 -1 16 17 26 25 -1 18 19 28 27 -1 19 20 29 28 -1 20 21 30 29 -1 21 22 31 30 -1 22 23 32 31 -1 23 24 33 32 -1 24 25 34 33 -1 25 26 35 34 -1 27 28 37 36 -1 28 29 38 37 -1 29 30 39 38 -1 30 31 40 39 -1 31 32 41 40 -1 32 33 42 41 -1 33 34 43 42 -1 34 35 44 43 -1 36 37 46 45 -1 37 38 47 46 -1 38 39 48 47 -1 39 40 49 48 -1 40 41 50 49 -1 41 42 51 50 -1 42 43 52 51 -1 43 44 53 52 -1 45 46 55 54 -1 46 47 56 55 -1 47 48 57 56 -1 48 49 58 57 -1 49 50 59 58 -1 50 51 60 59 -1 51 52 61 60 -1 52 53 62 61 -1 54 55 64 63 -1 55 56 65 64 -1 56 57 66 65 -1 57 58 67 66 -1 58 59 68 67 -1 59 60 69 68 -1 60 61 70 69 -1 61 62 71 70 -1 63 64 73 72 -1 64 65 74 73 -1 65 66 75 74 -1 66 67 76 75 -1 67 68 77 76 -1 68 69 78 77 -1 69 70 79 78 -1 70 71 80 79 -1"><Coordinate point="69.317 26.367 0 69.521 25.958 -2.296 70.103 24.795 -4.243 70.973 23.054 -5.543 72 21 -6 73.027 18.946 -5.543 73.897 17.205 -4.243 74.479 16.042 -2.296 74.683 15.633 -0 68.817 26.117 0 69.021 25.708 -2.296 69.603 24.545 -4.243 70.473 22.804 -5.543 71.5 20.75 -6 72.527 18.696 -5.543 73.397 16.955 -4.243 73.979 15.792 -2.296 74.183 15.383 -0 68.317 25.867 0 68.521 25.458 -2.296 69.103 24.295 -4.243 69.973 22.554 -5.543 71 20.5 -6 72.027 18.446 -5.543 72.897 16.705 -4.243 73.479 15.542 -2.296 73.683 15.133 -0 67.817 25.617 0 68.021 25.208 -2.296 68.603 24.045 -4.243 69.473 22.304 -5.543 70.5 20.25 -6 71.527 18.196 -5.543 72.397 16.455 -4.243 72.979 15.292 -2.296 73.183 14.883 -0 67.317 25.367 0 67.521 24.958 -2.296 68.103 23.795 -4.243 68.973 22.054 -5.543 70 20 -6 71.027 17.946 -5.543 71.897 16.205 -4.243 72.479 15.042 -2.296 72.683 14.633 -0 66.817 25.117 0 67.021 24.708 -2.296 67.603 23.545 -4.243 68.473 21.804 -5.543 69.5 19.75 -6 70.527 17.696 -5.543 71.397 15.955 -4.243 71.979 14.792 -2.296 72.183 14.383 -0 66.317 24.867 0 66.521 24.458 -2.296 67.103 23.295 -4.243 67.973 21.554 -5.543 69 19.5 -6 70.027 17.446 -5.543 70.897 15.705 -4.243 71.479 14.542 -2.296 71.683 14.133 -0 65.817 24.617 0 66.021 24.208 -2.296 66.603 23.045 -4.243 67.473 21.304 -5.543 68.5 19.25 -6 69.527 17.196 -5.543 70.397 15.455 -4.243 70.979 14.292 -2.296 71.183 13.883 -0 65.317 24.367 0 65.521 23.958 -2.296 66.103 22.795 -4.243 66.973 21.054 -5.543 68 19 -6 69.027 16.946 -5.543 69.897 15.205 -4.243 70.479 14.042 -2.296 70.683 13.633 -0"/></IndexedFaceSet></Shape><Shape><Appearance><Material diffuseColor="0.5 0.48 0.43" specularColor="0.05 0.05 0.045" ambientIntensity="0.18"/></Appearance><IndexedFaceSet solid="false" creaseAngle="1.4" coordIndex="0 1 10 9 -1 1 2 11 10 -1 2 3 12 11 -1 3 4 13 12 -1 4 5 14 13 -1 5 6 15 14 -1 6 7 16 15 -1 7 8 17 16 -1 9 10 19 18 -1 10 11 20 19 -1 11 12 21 20 -1 12 13 22 21 -1 13 14 23 22 -1 14 15 24 23 -1 15 16 25 24 -1 16 17 26 25 -1 18 19 28 27 -1 19 20 29 28 -1 20 21 30 29 -1 21 22 31 30 -1 22 23 32 31 -1 23 24 33 32 -1 24 25 34 33 -1 25 26 35 34 -1 27 28 37 36 -1 28 29 38 37 -1 29 30 39 38 -1 30 31 40 39 -1 31 32 41 40 -1 32 33 42 41 -1 33 34 43 42 -1 34 35 44 43 -1 36 37 46 45 -1 37 38 47 46 -1 38 39 48 47 -1 39 40 49 48 -1 40 41 50 49 -1 41 42 51 50 -1 42 43 52 51 -1 43 44 53 52 -1 45 46 55 54 -1 46 47 56 55 -1 47 48 57 56 -1 48 49 58 57 -1 49 50 59 58 -1 50 51 60 59 -1 51 52 61 60 -1 52 53 62 61 -1 54 55 64 63 -1 55 56 65 64 -1 56 57 66 65 -1 57 58 67 66 -1 58 59 68 67 -1 59 60 69 68 -1 60 61 70 69 -1 61 62 71 70 -1 63 64 73 72 -1 64 65 74 73 -1 65 66 75 74 -1 66 67 76 75 -1 67 68 77 76 -1 68 69 78 77 -1 69 70 79 78 -1 70 71 80 79 -1"><Coordinate point="43.533 27.096 0 43.34 26.86 -1.531 42.791 26.189 -2.828 41.969 25.185 -3.696 41 24 -4 40.031 22.815 -3.696 39.209 21.811 -2.828 38.66 21.14 -1.531 38.467 20.904 -0 42.237 28.318 0 42.038 28.075 -1.579 41.472 27.382 -2.917 40.625 26.347 -3.811 39.625 25.125 -4.125 38.625 23.903 -3.811 37.778 22.868 -2.917 37.212 22.175 -1.579 37.013 21.932 -0 40.941 29.539 0 40.736 29.289 -1.626 40.153 28.576 -3.005 39.28 27.509 -3.926 38.25 26.25 -4.25 37.22 24.991 -3.926 36.347 23.924 -3.005 35.764 23.211 -1.626 35.559 22.961 -0 39.645 30.761 0 39.435 30.503 -1.674 38.834 29.769 -3.094 37.935 28.671 -4.042 36.875 27.375 -4.375 35.815 26.079 -4.042 34.916 24.981 -3.094 34.315 24.247 -1.674 34.105 23.989 -0 38.35 31.983 0 38.133 31.718 -1.722 37.515 30.963 -3.182 36.59 29.833 -4.157 35.5 28.5 -4.5 34.41 27.167 -4.157 33.485 26.037 -3.182 32.867 25.282 -1.722 32.65 25.017 -0 37.054 33.205 0 36.831 32.932 -1.77 36.196 32.156 -3.27 35.246 30.995 -4.273 34.125 29.625 -4.625 33.004 28.255 -4.273 32.054 27.094 -3.27 31.419 26.318 -1.77 31.196 26.045 -0 35.758 34.426 0 35.529 34.146 -1.818 34.877 33.35 -3.359 33.901 32.157 -4.388 32.75 30.75 -4.75 31.599 29.343 -4.388 30.623 28.15 -3.359 29.971 27.354 -1.818 29.742 27.074 -0 34.462 35.648 0 34.227 35.361 -1.866 33.558 34.543 -3.447 32.556 33.319 -4.504 31.375 31.875 -4.875 30.194 30.431 -4.504 29.192 29.207 -3.447 28.523 28.389 -1.866 28.288 28.102 -0 33.166 36.87 0 32.925 36.575 -1.913 32.239 35.736 -3.536 31.212 34.481 -4.619 30 33 -5 28.788 31.519 -4.619 27.761 30.264 -3.536 27.075 29.425 -1.913 26.834 29.13 -0"/></IndexedFaceSet></Shape><Shape><Appearance><Material diffuseColor="0.5 0.48 0.43" specularColor="0.05 0.05 0.045" ambientIntensity="0.18"/></Appearance><IndexedFaceSet solid="false" creaseAngle="1.4" coordIndex="0 1 10 9 -1 1 2 11 10 -1 2 3 12 11 -1 3 4 13 12 -1 4 5 14 13 -1 5 6 15 14 -1 6 7 16 15 -1 7 8 17 16 -1 9 10 19 18 -1 10 11 20 19 -1 11 12 21 20 -1 12 13 22 21 -1 13 14 23 22 -1 14 15 24 23 -1 15 16 25 24 -1 16 17 26 25 -1 18 19 28 27 -1 19 20 29 28 -1 20 21 30 29 -1 21 22 31 30 -1 22 23 32 31 -1 23 24 33 32 -1 24 25 34 33 -1 25 26 35 34 -1 27 28 37 36 -1 28 29 38 37 -1 29 30 39 38 -1 30 31 40 39 -1 31 32 41 40 -1 32 33 42 41 -1 33 34 43 42 -1 34 35 44 43 -1 36 37 46 45 -1 37 38 47 46 -1 38 39 48 47 -1 39 40 49 48 -1 40 41 50 49 -1 41 42 51 50 -1 42 43 52 51 -1 43 44 53 52 -1 45 46 55 54 -1 46 47 56 55 -1 47 48 57 56 -1 48 49 58 57 -1 49 50 59 58 -1 50 51 60 59 -1 51 52 61 60 -1 52 53 62 61 -1 54 55 64 63 -1 55 56 65 64 -1 56 57 66 65 -1 57 58 67 66 -1 58 59 68 67 -1 59 60 69 68 -1 60 61 70 69 -1 61 62 71 70 -1 63 64 73 72 -1 64 65 74 73 -1 65 66 75 74 -1 66 67 76 75 -1 67 68 77 76 -1 68 69 78 77 -1 69 70 79 78 -1 70 71 80 79 -1"><Coordinate point="40.478 11.896 0 40.746 11.752 -1.531 41.51 11.341 -2.828 42.652 10.726 -3.696 44 10 -4 45.348 9.274 -3.696 46.49 8.659 -2.828 47.254 8.248 -1.531 47.522 8.104 -0 39.603 10.271 0 39.871 10.127 -1.531 40.635 9.716 -2.828 41.777 9.101 -3.696 43.125 8.375 -4 44.473 7.649 -3.696 45.615 7.034 -2.828 46.379 6.623 -1.531 46.647 6.479 -0 38.728 8.646 0 38.996 8.502 -1.531 39.76 8.091 -2.828 40.902 7.476 -3.696 42.25 6.75 -4 43.598 6.024 -3.696 44.74 5.409 -2.828 45.504 4.998 -1.531 45.772 4.854 -0 37.853 7.021 0 38.121 6.877 -1.531 38.885 6.466 -2.828 40.027 5.851 -3.696 41.375 5.125 -4 42.723 4.399 -3.696 43.865 3.784 -2.828 44.629 3.373 -1.531 44.897 3.229 -0 36.978 5.396 0 37.246 5.252 -1.531 38.01 4.841 -2.828 39.152 4.226 -3.696 40.5 3.5 -4 41.848 2.774 -3.696 42.99 2.159 -2.828 43.754 1.748 -1.531 44.022 1.604 -0 36.103 3.771 0 36.371 3.627 -1.531 37.135 3.216 -2.828 38.277 2.601 -3.696 39.625 1.875 -4 40.973 1.149 -3.696 42.115 0.534 -2.828 42.879 0.123 -1.531 43.147 -0.021 -0 35.228 2.146 0 35.496 2.002 -1.531 36.26 1.591 -2.828 37.402 0.976 -3.696 38.75 0.25 -4 40.098 -0.476 -3.696 41.24 -1.091 -2.828 42.004 -1.502 -1.531 42.272 -1.646 -0 34.353 0.521 0 34.621 0.377 -1.531 35.385 -0.034 -2.828 36.527 -0.649 -3.696 37.875 -1.375 -4 39.223 -2.101 -3.696 40.365 -2.716 -2.828 41.129 -3.127 -1.531 41.397 -3.271 -0 33.478 -1.104 0 33.746 -1.248 -1.531 34.51 -1.659 -2.828 35.652 -2.274 -3.696 37 -3 -4 38.348 -3.726 -3.696 39.49 -4.341 -2.828 40.254 -4.752 -1.531 40.522 -4.896 -0"/></IndexedFaceSet></Shape><Shape><Appearance><Material diffuseColor="0.5 0.48 0.43" specularColor="0.05 0.05 0.045" ambientIntensity="0.18"/></Appearance><IndexedFaceSet solid="false" creaseAngle="1.4" coordIndex="0 1 10 9 -1 1 2 11 10 -1 2 3 12 11 -1 3 4 13 12 -1 4 5 14 13 -1 5 6 15 14 -1 6 7 16 15 -1 7 8 17 16 -1 9 10 19 18 -1 10 11 20 19 -1 11 12 21 20 -1 12 13 22 21 -1 13 14 23 22 -1 14 15 24 23 -1 15 16 25 24 -1 16 17 26 25 -1 18 19 28 27 -1 19 20 29 28 -1 20 21 30 29 -1 21 22 31 30 -1 22 23 32 31 -1 23 24 33 32 -1 24 25 34 33 -1 25 26 35 34 -1 27 28 37 36 -1 28 29 38 37 -1 29 30 39 38 -1 30 31 40 39 -1 31 32 41 40 -1 32 33 42 41 -1 33 34 43 42 -1 34 35 44 43 -1 36 37 46 45 -1 37 38 47 46 -1 38 39 48 47 -1 39 40 49 48 -1 40 41 50 49 -1 41 42 51 50 -1 42 43 52 51 -1 43 44 53 52 -1 45 46 55 54 -1 46 47 56 55 -1 47 48 57 56 -1 48 49 58 57 -1 49 50 59 58 -1 50 51 60 59 -1 51 52 61 60 -1 52 53 62 61 -1 54 55 64 63 -1 55 56 65 64 -1 56 57 66 65 -1 57 58 67 66 -1 58 59 68 67 -1 59 60 69 68 -1 60 61 70 69 -1 61 62 71 70 -1 63 64 73 72 -1 64 65 74 73 -1 65 66 75 74 -1 66 67 76 75 -1 67 68 77 76 -1 68 69 78 77 -1 69 70 79 78 -1 70 71 80 79 -1 72 73 82 81 -1 73 74 83 82 -1 74 75 84 83 -1 75 76 85 84 -1 76 77 86 85 -1 77 78 87 86 -1 78 79 88 87 -1 79 80 89 88 -1 81 82 91 90 -1 82 83 92 91 -1 83 84 93 92 -1 84 85 94 93 -1 85 86 95 94 -1 86 87 96 95 -1 87 88 97 96 -1 88 89 98 97 -1"><Coordinate point="32.69 7.293 0 33.018 7.195 -1.722 33.952 6.914 -3.182 35.351 6.495 -4.157 37 6 -4.5 38.649 5.505 -4.157 40.048 5.086 -3.182 40.982 4.805 -1.722 41.31 4.707 -0 32.294 6.322 0 32.629 6.221 -1.76 33.584 5.935 -3.253 35.014 5.506 -4.25 36.7 5 -4.6 38.386 4.494 -4.25 39.816 4.065 -3.253 40.771 3.779 -1.76 41.106 3.678 -0 31.898 5.351 0 32.241 5.248 -1.799 33.217 4.955 -3.323 34.677 4.517 -4.342 36.4 4 -4.7 38.123 3.483 -4.342 39.583 3.045 -3.323 40.559 2.752 -1.799 40.902 2.649 -0 31.502 4.379 0 31.852 4.274 -1.837 32.849 3.975 -3.394 34.341 3.528 -4.435 36.1 3 -4.8 37.859 2.472 -4.435 39.351 2.025 -3.394 40.348 1.726 -1.837 40.698 1.621 -0 31.107 3.408 0 31.464 3.301 -1.875 32.481 2.996 -3.465 34.004 2.539 -4.527 35.8 2 -4.9 37.596 1.461 -4.527 39.119 1.004 -3.465 40.136 0.699 -1.875 40.493 0.592 -0 30.711 2.437 0 31.075 2.327 -1.913 32.114 2.016 -3.536 33.667 1.55 -4.619 35.5 1 -5 37.333 0.45 -4.619 38.886 -0.016 -3.536 39.925 -0.327 -1.913 40.289 -0.437 -0 30.315 1.465 0 30.687 1.354 -1.952 31.746 1.036 -3.606 33.331 0.561 -4.712 35.2 0 -5.1 37.069 -0.561 -4.712 38.654 -1.036 -3.606 39.713 -1.354 -1.952 40.085 -1.465 -0 29.919 0.494 0 30.298 0.38 -1.99 31.378 0.057 -3.677 32.994 -0.428 -4.804 34.9 -1 -5.2 36.806 -1.572 -4.804 38.422 -2.057 -3.677 39.502 -2.38 -1.99 39.881 -2.494 -0 29.524 -0.477 0 29.91 -0.593 -2.028 31.01 -0.923 -3.748 32.657 -1.417 -4.897 34.6 -2 -5.3 36.543 -2.583 -4.897 38.19 -3.077 -3.748 39.29 -3.407 -2.028 39.676 -3.523 -0 29.128 -1.448 0 29.521 -1.566 -2.066 30.643 -1.903 -3.818 32.321 -2.406 -4.989 34.3 -3 -5.4 36.279 -3.594 -4.989 37.957 -4.097 -3.818 39.079 -4.434 -2.066 39.472 -4.552 -0 28.732 -2.42 0 29.133 -2.54 -2.105 30.275 -2.882 -3.889 31.984 -3.395 -5.081 34 -4 -5.5 36.016 -4.605 -5.081 37.725 -5.118 -3.889 38.867 -5.46 -2.105 39.268 -5.58 -0"/></IndexedFaceSet></Shape><Transform translation="100 11.88 -3" rotation="1 0 0 1.5707"><Shape><Appearance><Material diffuseColor="0.05 0.13 0.16" specularColor="0.6 0.7 0.75" shininess="0.85" transparency="0.4" ambientIntensity="0.1"/></Appearance><Cylinder height="0.15" radius="9" top="true" side="false" bottom="false"/></Shape></Transform><Transform translation="54 10.04 -3" rotation="1 0 0 1.5707"><Shape><Appearance><Material diffuseColor="0.05 0.13 0.16" specularColor="0.6 0.7 0.75" shininess="0.85" transparency="0.4" ambientIntensity="0.1"/></Appearance><Cylinder height="0.15" radius="4.5" top="true" side="false" bottom="false"/></Shape></Transform><Transform translation="34 -18.8 -3" rotation="1 0 0 1.5707"><Shape><Appearance><Material diffuseColor="0.05 0.13 0.16" specularColor="0.6 0.7 0.75" shininess="0.85" transparency="0.4" ambientIntensity="0.1"/></Appearance><Cylinder height="0.15" radius="5" top="true" side="false" bottom="false"/></Shape></Transform><Transform translation="150 30 -2"><Shape><Appearance><Material emissiveColor="0.4 0.52 0.72" transparency="0.9"/></Appearance><Cone bottomRadius="6" height="26" side="true" bottom="false"/></Shape></Transform><Transform translation="168 13 -2"><Shape><Appearance><Material emissiveColor="0.4 0.52 0.72" transparency="0.9"/></Appearance><Cone bottomRadius="6" height="20" side="true" bottom="false"/></Shape></Transform><Transform translation="150 41.5 6"><Shape><Appearance><Material diffuseColor="0.93 0.88 0.72" emissiveColor="0.93 0.88 0.72"/></Appearance><Text string='"Entrance"' solid="false"><FontStyle size="3.4" family='"SANS"' justify='"MIDDLE" "MIDDLE"'/></Text></Shape></Transform><Transform translation="168 22.5 6"><Shape><Appearance><Material diffuseColor="0.93 0.88 0.72" emissiveColor="0.93 0.88 0.72"/></Appearance><Text string='"Porcupine Entrance"' solid="false"><FontStyle size="3.4" family='"SANS"' justify='"MIDDLE" "MIDDLE"'/></Text></Shape></Transform><Transform translation="100 41.5 6"><Shape><Appearance><Material diffuseColor="0.93 0.88 0.72" emissiveColor="0.93 0.88 0.72"/></Appearance><Text string='"Pleistocene Hall"' solid="false"><FontStyle size="3.4" family='"SANS"' justify='"MIDDLE" "MIDDLE"'/></Text></Shape></Transform><Transform translation="54 34.5 6"><Shape><Appearance><Material diffuseColor="0.93 0.88 0.72" emissiveColor="0.93 0.88 0.72"/></Appearance><Text string='"Chamber One"' solid="false"><FontStyle size="3.4" family='"SANS"' justify='"MIDDLE" "MIDDLE"'/></Text></Shape></Transform><Transform translation="18 48.5 6"><Shape><Appearance><Material diffuseColor="0.93 0.88 0.72" emissiveColor="0.93 0.88 0.72"/></Appearance><Text string='"Merriam&apos;s Chamber"' solid="false"><FontStyle size="3.4" family='"SANS"' justify='"MIDDLE" "MIDDLE"'/></Text></Shape></Transform><Transform translation="34 0.5 6"><Shape><Appearance><Material diffuseColor="0.93 0.88 0.72" emissiveColor="0.93 0.88 0.72"/></Appearance><Text string='"Chamber Two"' solid="false"><FontStyle size="3.4" family='"SANS"' justify='"MIDDLE" "MIDDLE"'/></Text></Shape></Transform><Transform translation="66 30 6"><Shape><Appearance><Material diffuseColor="0.8 0.78 0.66" emissiveColor="0.8 0.78 0.66"/></Appearance><Text string='"the Gate"' solid="false"><FontStyle size="2.6" family='"SANS"' justify='"MIDDLE" "MIDDLE"'/></Text></Shape></Transform><Transform translation="34 -27 6"><Shape><Appearance><Material diffuseColor="0.85 0.8 0.7" emissiveColor="0.85 0.8 0.7"/></Appearance><Text string='"Pit of the Lost Maiden"' solid="false"><FontStyle size="2.8" family='"SANS"' justify='"MIDDLE" "MIDDLE"'/></Text></Shape></Transform></Group>
</Scene>
</X3D>
