<?xml version="1.0" encoding="UTF-8"?>
<X3D profile='Immersive' version='4.0' xmlns:xsd='http://www.w3.org/2001/XMLSchema-instance' xsd:noNamespaceSchemaLocation='https://www.web3d.org/specifications/x3d-4.0.xsd'>
  <head>
    <meta content='BonesLeftHumerus.x3d' name='title'/>
    <meta content='Damon Hernandez, Joe Williams' name='creator'/>
    <meta content='Human bone model for Left Humerus' name='description'/>
    <meta content='Joe Williams, Don Brutzman' name='translator'/>
    <meta content='5 December 2013' name='created'/>
    <meta content='2 March 2026' name='modified'/>
    <meta content='This model has no HAnim nodes, rather it is purely geometry' name='warning'/>
    <meta content='document unit conversions applied: approximation of inches to meters, which ordinarily is a scale factor of 0.0254' name='TODO'/>
    <meta content='X3D-Edit 4.0, https://www.web3d.org/x3d/tools/X3D-Edit' name='generator'/>
    <meta content='https://www.web3d.org/x3d/content/examples/HumanoidAnimation/Medical/BonesLeftHumerus.x3d' name='identifier'/>
    <meta content='../license.html' name='license'/>
  </head>
  <Scene>
    <WorldInfo title='BonesLeftHumerus.x3d'/>
    <NavigationInfo type='"EXAMINE" "LOOKAT" "ANY"'/>
    <Transform DEF='DSkeletonParts' scale='0.029 0.029 0.029'>
      <Group DEF='LeftArm'>
        <!-- lhumrus -->
        <Shape DEF='lhumrus'>
          <Appearance>
            <PhysicalMaterial baseColor='1 0.9765 0.8667' metallic='0' roughness='0.72'/>
          </Appearance>
          <IndexedFaceSet DEF='lhumrus_Geo' coordIndex='0 1 2 -1 1 3 4 -1 5 6 0 -1 7 8 3 -1 9 10 11 -1 12 13 14 -1 15 16 17 -1 18 19 20 -1 21 22 23 -1 21 12 22 -1 21 24 12 -1 24 25 12 -1 26 27 28 -1 28 18 26 -1 14 29 30 -1 31 32 33 -1 34 35 31 -1 36 37 38 -1 39 40 41 -1 39 41 42 -1 43 35 44 -1 45 46 47 -1 37 48 38 -1 49 50 51 -1 52 53 54 -1 55 56 57 -1 56 58 57 -1 53 59 60 -1 60 61 62 -1 60 63 61 -1 64 65 66 -1 67 68 69 -1 67 70 68 -1 71 70 72 -1 72 73 71 -1 74 75 76 -1 74 77 75 -1 78 42 61 -1 79 80 81 -1 82 83 84 -1 85 86 87 -1 88 89 90 -1 91 92 93 -1 92 91 94 -1 95 96 97 -1 98 99 100 -1 101 102 103 -1 104 105 106 -1 107 108 109 -1 110 111 112 -1 113 114 115 -1 116 117 118 -1 119 120 121 -1 122 123 124 -1 125 126 127 -1 128 129 130 -1 131 104 106 -1 132 133 134 -1 135 136 137 -1 138 139 140 -1 139 141 140 -1 142 143 144 -1 145 146 109 -1 147 148 133 -1 149 150 151 -1 152 153 154 -1 155 156 157 -1 155 158 156 -1 154 159 160 -1 154 153 159 -1 161 162 163 -1 164 161 165 -1 166 167 96 -1 168 169 170 -1 168 170 165 -1 171 167 172 -1 124 173 174 -1 175 176 177 -1 177 178 175 -1 179 177 180 -1 179 181 177 -1 182 183 184 -1 182 185 183 -1 186 187 188 -1 186 189 187 -1 190 191 192 -1 190 193 191 -1 194 191 195 -1 194 196 191 -1 180 176 197 -1 180 177 176 -1 198 199 200 -1 83 201 84 -1 202 203 204 -1 205 206 207 -1 208 209 210 -1 211 212 116 -1 118 213 214 -1 214 116 118 -1 215 216 217 -1 218 219 220 -1 221 222 223 -1 224 225 226 -1 227 228 229 -1 230 227 231 -1 4 2 1 -1 232 233 234 -1 235 236 237 -1 238 233 239 -1 240 241 235 -1 242 236 243 -1 244 245 246 -1 247 248 205 -1 248 249 205 -1 250 251 252 -1 251 253 252 -1 254 255 256 -1 41 33 257 -1 258 259 260 -1 260 261 258 -1 262 260 263 -1 262 264 265 -1 262 266 267 -1 262 268 269 -1 262 270 271 -1 260 259 272 -1 264 263 273 -1 273 274 264 -1 267 266 275 -1 275 276 267 -1 277 269 268 -1 268 278 277 -1 270 279 280 -1 281 251 282 -1 283 284 285 -1 285 286 283 -1 287 288 289 -1 290 291 292 -1 293 294 295 -1 296 297 298 -1 285 298 297 -1 299 292 291 -1 300 301 295 -1 302 303 304 -1 305 306 307 -1 307 308 305 -1 219 309 310 -1 219 311 309 -1 312 313 302 -1 314 315 316 -1 317 249 248 -1 318 319 71 -1 320 321 70 -1 322 323 324 -1 325 326 327 -1 327 81 325 -1 209 328 329 -1 329 210 209 -1 330 331 332 -1 333 334 335 -1 332 336 330 -1 332 337 336 -1 338 339 330 -1 339 331 330 -1 340 341 342 -1 343 344 185 -1 344 345 185 -1 346 347 345 -1 348 99 349 -1 141 139 350 -1 343 351 344 -1 341 346 342 -1 347 346 99 -1 352 353 354 -1 355 356 357 -1 141 358 140 -1 359 232 360 -1 361 362 363 -1 361 364 362 -1 365 200 366 -1 365 367 200 -1 335 368 369 -1 370 371 372 -1 370 333 371 -1 373 374 372 -1 373 375 374 -1 376 377 378 -1 379 380 377 -1 381 382 352 -1 381 383 382 -1 384 385 386 -1 387 388 389 -1 390 332 331 -1 390 391 332 -1 352 140 392 -1 393 394 395 -1 107 396 108 -1 397 398 399 -1 400 401 402 -1 400 403 401 -1 404 405 406 -1 407 340 408 -1 408 409 407 -1 410 150 411 -1 412 410 411 -1 413 414 415 -1 413 416 414 -1 99 98 347 -1 407 341 340 -1 388 387 404 -1 417 418 419 -1 420 421 422 -1 161 96 162 -1 423 424 425 -1 165 161 168 -1 426 427 428 -1 429 430 431 -1 168 163 422 -1 421 168 422 -1 432 429 431 -1 94 91 433 -1 434 435 107 -1 434 436 435 -1 437 438 439 -1 440 441 395 -1 442 443 444 -1 445 439 446 -1 447 448 449 -1 447 450 448 -1 451 150 410 -1 452 453 454 -1 452 455 453 -1 96 95 162 -1 456 457 458 -1 459 460 461 -1 460 462 461 -1 463 464 465 -1 463 466 464 -1 467 468 469 -1 469 470 467 -1 188 471 472 -1 472 186 188 -1 458 473 474 -1 465 111 463 -1 475 476 477 -1 478 479 480 -1 481 482 64 -1 483 484 485 -1 486 487 488 -1 487 489 490 -1 491 492 493 -1 494 492 491 -1 495 496 497 -1 495 498 496 -1 499 496 500 -1 496 498 500 -1 501 502 503 -1 488 487 490 -1 504 505 493 -1 494 506 507 -1 508 506 509 -1 508 507 506 -1 510 505 511 -1 505 512 511 -1 513 514 515 -1 514 516 515 -1 517 518 68 -1 519 520 521 -1 492 519 521 -1 522 523 519 -1 524 525 526 -1 526 527 524 -1 517 528 529 -1 65 482 530 -1 529 528 530 -1 531 518 530 -1 72 532 523 -1 72 67 532 -1 57 78 55 -1 533 534 535 -1 536 537 538 -1 536 539 537 -1 540 541 542 -1 543 544 545 -1 546 547 548 -1 45 48 549 -1 549 550 45 -1 551 552 37 -1 550 90 553 -1 554 555 556 -1 557 558 559 -1 560 561 562 -1 563 5 562 -1 558 557 564 -1 565 566 567 -1 568 569 570 -1 571 572 573 -1 89 574 575 -1 47 576 577 -1 577 576 578 -1 568 579 576 -1 483 66 527 -1 580 581 582 -1 583 580 584 -1 585 586 587 -1 585 588 586 -1 589 590 591 -1 591 592 589 -1 583 593 594 -1 595 596 597 -1 598 580 582 -1 599 600 601 -1 602 603 604 -1 475 605 476 -1 606 607 608 -1 609 610 611 -1 528 517 612 -1 613 608 614 -1 615 616 617 -1 615 618 616 -1 619 620 281 -1 281 621 619 -1 622 623 624 -1 625 626 627 -1 625 628 626 -1 629 630 631 -1 629 632 630 -1 633 634 635 -1 633 636 634 -1 637 638 639 -1 640 641 642 -1 640 643 641 -1 644 645 646 -1 647 648 649 -1 650 651 652 -1 650 653 651 -1 652 654 655 -1 656 657 658 -1 658 659 656 -1 660 661 662 -1 660 663 661 -1 664 665 666 -1 664 667 665 -1 661 663 668 -1 668 669 661 -1 667 670 671 -1 671 672 667 -1 673 674 675 -1 676 677 678 -1 676 527 526 -1 676 679 527 -1 120 484 121 -1 680 681 682 -1 488 683 502 -1 684 685 686 -1 687 688 689 -1 690 691 692 -1 690 693 691 -1 634 694 635 -1 695 636 696 -1 695 697 636 -1 698 699 675 -1 700 701 600 -1 702 703 704 -1 702 705 703 -1 637 640 642 -1 642 638 637 -1 706 707 708 -1 709 710 711 -1 709 712 710 -1 710 713 711 -1 714 611 715 -1 716 717 706 -1 718 221 223 -1 719 720 721 -1 719 722 720 -1 541 540 723 -1 723 724 541 -1 541 725 726 -1 541 724 725 -1 727 728 597 -1 555 554 729 -1 570 730 579 -1 731 732 733 -1 733 732 734 -1 734 512 733 -1 735 51 58 -1 58 736 735 -1 737 738 87 -1 739 740 741 -1 591 742 743 -1 744 745 547 -1 547 746 744 -1 745 747 547 -1 747 548 547 -1 748 749 750 -1 749 751 750 -1 752 753 754 -1 755 753 756 -1 755 30 753 -1 757 758 759 -1 757 760 758 -1 533 756 753 -1 753 534 533 -1 761 11 533 -1 533 762 761 -1 763 764 765 -1 764 766 765 -1 767 768 759 -1 759 758 767 -1 769 770 771 -1 770 536 771 -1 539 772 773 -1 773 535 539 -1 566 774 13 -1 775 776 14 -1 502 777 778 -1 778 779 502 -1 780 781 782 -1 782 783 780 -1 784 785 786 -1 787 788 789 -1 768 706 717 -1 790 791 792 -1 793 794 795 -1 796 797 798 -1 6 799 800 -1 6 801 799 -1 802 803 804 -1 805 806 807 -1 808 746 547 -1 547 546 808 -1 809 810 811 -1 811 743 809 -1 611 708 609 -1 812 813 610 -1 814 815 816 -1 817 818 5 -1 819 820 821 -1 819 822 820 -1 823 824 825 -1 823 791 824 -1 826 824 790 -1 826 827 824 -1 781 828 829 -1 829 782 781 -1 830 651 831 -1 651 653 831 -1 495 479 489 -1 119 832 490 -1 833 721 720 -1 833 834 721 -1 826 835 836 -1 837 783 838 -1 837 839 783 -1 840 786 789 -1 840 841 786 -1 684 689 649 -1 649 842 684 -1 843 844 845 -1 843 846 844 -1 152 847 174 -1 145 105 104 -1 848 131 106 -1 109 105 145 -1 194 108 197 -1 422 473 420 -1 377 380 849 -1 850 406 405 -1 850 851 406 -1 852 428 853 -1 345 183 185 -1 854 389 428 -1 854 387 389 -1 855 380 850 -1 850 856 855 -1 126 857 858 -1 126 858 127 -1 343 185 124 -1 126 859 860 -1 859 861 156 -1 862 159 157 -1 862 160 159 -1 149 863 150 -1 864 865 866 -1 455 867 453 -1 425 868 869 -1 870 871 465 -1 872 873 868 -1 874 875 876 -1 877 878 868 -1 879 880 877 -1 879 881 880 -1 882 879 868 -1 883 884 868 -1 885 886 887 -1 885 888 886 -1 889 868 890 -1 891 892 886 -1 886 893 891 -1 892 894 467 -1 467 470 892 -1 895 868 896 -1 897 898 138 -1 897 899 898 -1 900 210 329 -1 900 901 210 -1 902 903 904 -1 902 905 903 -1 906 907 132 -1 908 390 909 -1 908 910 390 -1 210 911 208 -1 210 904 911 -1 335 903 368 -1 362 912 367 -1 362 913 912 -1 914 915 337 -1 914 916 915 -1 328 917 329 -1 918 334 919 -1 918 335 334 -1 367 912 200 -1 130 920 921 -1 130 922 920 -1 923 924 325 -1 921 925 926 -1 921 920 925 -1 927 80 928 -1 927 929 80 -1 81 930 923 -1 214 327 931 -1 932 933 934 -1 932 928 933 -1 79 81 935 -1 936 114 113 -1 937 938 939 -1 938 940 939 -1 941 79 323 -1 304 940 942 -1 322 941 323 -1 943 944 945 -1 255 312 946 -1 255 947 312 -1 948 949 950 -1 949 951 950 -1 216 952 217 -1 216 953 952 -1 954 955 303 -1 302 304 956 -1 309 957 310 -1 958 959 960 -1 324 960 959 -1 324 961 960 -1 249 317 252 -1 256 962 963 -1 964 965 966 -1 964 257 965 -1 42 41 967 -1 319 318 968 -1 482 481 969 -1 321 517 70 -1 970 971 321 -1 531 972 973 -1 974 975 976 -1 974 624 975 -1 977 978 968 -1 979 684 842 -1 980 981 646 -1 981 644 646 -1 982 983 639 -1 984 316 985 -1 229 244 231 -1 556 561 560 -1 73 522 62 -1 32 577 578 -1 32 986 33 -1 31 41 34 -1 44 551 43 -1 38 987 43 -1 54 522 492 -1 988 989 820 -1 988 559 989 -1 2 990 991 -1 568 553 992 -1 993 579 994 -1 562 5 995 -1 6 996 801 -1 997 998 299 -1 7 3 800 -1 23 16 21 -1 999 17 16 -1 23 1000 16 -1 4 3 1001 -1 1002 27 1003 -1 1003 1004 1002 -1 1005 20 726 -1 1006 1007 1008 -1 1009 1010 224 -1 224 226 1009 -1 617 619 601 -1 601 701 1011 -1 601 600 701 -1 696 636 633 -1 1012 693 690 -1 837 1013 1014 -1 837 838 1013 -1 840 788 1015 -1 840 789 788 -1 787 1016 1017 -1 611 719 715 -1 752 534 753 -1 752 537 534 -1 1018 1019 1020 -1 1018 1021 1019 -1 1022 1023 1024 -1 313 1025 1026 -1 619 621 599 -1 583 581 580 -1 1027 285 1028 -1 997 291 1029 -1 997 299 291 -1 1030 1031 1032 -1 287 1033 288 -1 1034 1035 595 -1 289 288 1036 -1 1037 289 1036 -1 1037 293 289 -1 591 1038 1039 -1 813 583 1034 -1 1028 285 297 -1 1040 597 596 -1 1041 611 1034 -1 725 288 726 -1 288 1005 726 -1 723 540 1042 -1 540 1043 1042 -1 291 300 296 -1 583 1044 593 -1 599 621 580 -1 1045 282 251 -1 251 1046 1045 -1 281 1047 251 -1 599 1048 600 -1 1049 312 947 -1 1050 1051 1052 -1 1052 1053 1050 -1 610 609 812 -1 767 706 768 -1 845 785 784 -1 845 1054 785 -1 699 671 675 -1 660 662 696 -1 617 1011 615 -1 617 601 1011 -1 251 1047 1055 -1 1055 253 251 -1 245 244 228 -1 226 225 1008 -1 1001 1056 4 -1 1001 3 8 -1 1004 1056 1001 -1 999 16 1000 -1 15 17 8 -1 2 991 0 -1 566 565 774 -1 565 1057 774 -1 5 1058 817 -1 1059 995 5 -1 562 994 560 -1 993 223 222 -1 779 1060 1061 -1 1061 502 779 -1 62 53 60 -1 551 36 43 -1 987 35 43 -1 75 551 76 -1 33 41 31 -1 986 32 578 -1 578 1062 986 -1 46 553 576 -1 1063 10 1064 -1 1063 755 10 -1 1065 1066 1067 -1 231 244 578 -1 316 1068 314 -1 1069 984 985 -1 831 1070 704 -1 831 653 1070 -1 637 1071 1072 -1 502 1073 486 -1 731 492 521 -1 970 321 320 -1 482 969 1074 -1 973 532 1075 -1 517 68 70 -1 65 64 482 -1 967 71 42 -1 967 318 71 -1 1076 1077 1078 -1 1076 1079 1077 -1 218 1080 1081 -1 962 1082 1083 -1 250 317 1084 -1 250 252 317 -1 950 961 324 -1 950 951 961 -1 322 324 959 -1 959 957 322 -1 959 310 957 -1 303 955 304 -1 952 949 948 -1 952 953 949 -1 310 959 958 -1 1085 943 308 -1 1085 944 943 -1 324 323 950 -1 323 1086 950 -1 957 941 322 -1 955 936 940 -1 114 944 84 -1 944 1085 84 -1 1087 1088 117 -1 1088 217 117 -1 935 1086 79 -1 1086 323 79 -1 82 84 1087 -1 327 214 935 -1 356 921 1089 -1 356 130 921 -1 1090 1091 1092 -1 1090 1093 1091 -1 334 370 366 -1 334 333 370 -1 369 333 335 -1 369 371 333 -1 339 909 331 -1 909 390 331 -1 364 913 362 -1 364 144 913 -1 1094 897 1095 -1 1095 1096 1094 -1 138 1095 897 -1 425 896 868 -1 459 467 894 -1 894 1097 459 -1 895 890 868 -1 892 887 886 -1 892 470 887 -1 889 415 868 -1 98 345 347 -1 883 868 414 -1 882 868 884 -1 879 877 868 -1 878 877 880 -1 880 1098 878 -1 874 868 878 -1 111 110 463 -1 1099 1100 866 -1 866 1101 1099 -1 410 412 1102 -1 847 152 154 -1 860 158 1103 -1 860 859 158 -1 1104 402 1105 -1 402 1106 1105 -1 1107 403 1108 -1 1107 401 403 -1 160 124 847 -1 343 124 123 -1 427 127 858 -1 427 854 428 -1 351 1109 344 -1 1110 392 140 -1 101 189 1111 -1 101 187 189 -1 348 1112 1111 -1 1113 432 431 -1 456 458 1114 -1 1115 180 437 -1 197 396 437 -1 146 1116 109 -1 102 101 350 -1 598 1048 599 -1 707 706 767 -1 640 637 1072 -1 833 1117 1118 -1 833 1119 1117 -1 1120 1121 792 -1 1121 790 792 -1 1122 1123 1124 -1 611 610 1034 -1 596 595 1035 -1 498 495 489 -1 1035 1034 583 -1 791 790 824 -1 781 778 828 -1 563 561 1058 -1 610 813 1034 -1 591 811 592 -1 591 743 811 -1 1125 5 818 -1 1126 1127 1128 -1 1128 1129 1126 -1 842 1130 979 -1 1130 1131 979 -1 800 3 6 -1 845 784 843 -1 1058 5 563 -1 717 759 768 -1 717 1132 759 -1 1133 1134 846 -1 782 838 783 -1 780 778 781 -1 780 779 778 -1 1135 1136 1137 -1 1137 1138 1135 -1 775 14 13 -1 774 775 13 -1 774 1139 775 -1 1140 1137 1136 -1 1140 1141 1137 -1 53 1142 59 -1 759 1143 757 -1 759 1132 1143 -1 756 11 10 -1 756 533 11 -1 1016 785 1054 -1 1016 787 785 -1 1144 1145 1146 -1 1146 1147 1144 -1 755 756 10 -1 1148 742 591 -1 86 1149 1150 -1 1151 1152 740 -1 56 736 58 -1 56 1153 736 -1 504 731 733 -1 1154 1155 1156 -1 508 1157 507 -1 735 1158 1159 -1 735 1160 1158 -1 86 1150 87 -1 729 554 1161 -1 13 25 566 -1 13 12 25 -1 726 19 1162 -1 726 20 19 -1 1163 1007 1006 -1 1163 1164 1007 -1 26 1003 27 -1 26 1164 1003 -1 1165 723 1166 -1 1165 724 723 -1 708 611 714 -1 567 25 1167 -1 567 566 25 -1 716 715 721 -1 715 719 721 -1 708 714 706 -1 1168 643 1169 -1 1168 641 643 -1 830 637 1170 -1 1171 1172 603 -1 1171 1173 1172 -1 984 705 702 -1 984 1069 705 -1 697 1174 636 -1 700 1175 1176 -1 1174 1177 1178 -1 1179 631 687 -1 687 689 1179 -1 1180 1181 694 -1 694 634 1180 -1 689 688 649 -1 1182 982 639 -1 1183 1068 1184 -1 683 1185 502 -1 985 316 315 -1 120 1186 1187 -1 679 483 527 -1 120 119 1188 -1 666 665 1189 -1 667 664 691 -1 657 1190 658 -1 1068 1191 1184 -1 316 1192 1068 -1 641 686 642 -1 1193 643 1194 -1 1069 985 1195 -1 1196 1197 1198 -1 638 685 639 -1 1071 637 830 -1 606 1199 1200 -1 1201 1202 1203 -1 1201 1204 1202 -1 698 631 630 -1 698 687 631 -1 660 696 633 -1 1205 622 624 -1 1206 1207 974 -1 608 1208 606 -1 1055 616 206 -1 616 618 206 -1 281 620 1047 -1 1209 612 517 -1 613 663 660 -1 1210 1199 1211 -1 635 1212 1213 -1 635 1214 1212 -1 607 618 608 -1 619 599 601 -1 1214 635 1215 -1 1061 503 502 -1 1172 583 813 -1 813 812 604 -1 580 598 599 -1 597 728 595 -1 1034 595 1041 -1 587 586 1216 -1 1216 1217 587 -1 297 296 300 -1 583 584 1044 -1 581 1173 582 -1 51 50 543 -1 1218 731 520 -1 731 521 520 -1 1219 481 1220 -1 1219 969 481 -1 523 520 519 -1 579 568 570 -1 553 568 576 -1 551 75 1221 -1 571 90 89 -1 992 573 569 -1 992 571 573 -1 569 568 992 -1 1222 567 1223 -1 1222 565 567 -1 1150 558 555 -1 737 87 729 -1 561 563 562 -1 555 558 564 -1 729 1161 737 -1 552 551 1221 -1 45 550 553 -1 553 46 45 -1 85 1224 1225 -1 1225 86 85 -1 820 989 1226 -1 50 1227 1228 -1 543 50 544 -1 50 1228 544 -1 77 545 75 -1 77 543 545 -1 535 534 537 -1 537 539 535 -1 62 522 54 -1 245 228 225 -1 518 529 530 -1 528 65 530 -1 530 482 531 -1 519 492 522 -1 518 517 529 -1 973 1075 531 -1 509 510 1229 -1 1229 1230 509 -1 494 491 506 -1 505 491 493 -1 505 510 491 -1 731 504 493 -1 501 503 475 -1 475 499 501 -1 1229 511 1231 -1 511 1232 1231 -1 510 511 1229 -1 502 501 1073 -1 52 54 492 -1 62 54 53 -1 731 493 492 -1 502 486 488 -1 873 869 868 -1 474 1233 179 -1 874 872 868 -1 1234 1235 876 -1 1235 1236 876 -1 197 437 180 -1 459 468 467 -1 459 461 468 -1 110 466 463 -1 110 178 466 -1 1237 1238 1239 -1 1238 190 1239 -1 1240 172 1241 -1 453 431 454 -1 1242 1243 430 -1 1243 431 430 -1 1241 172 92 -1 473 458 457 -1 1244 1245 150 -1 1245 411 150 -1 1246 395 441 -1 444 443 1247 -1 107 109 434 -1 1243 454 431 -1 458 1115 1114 -1 1248 91 93 -1 1249 1250 444 -1 441 1251 1252 -1 441 1253 1251 -1 1247 443 1254 -1 1255 1256 1257 -1 1255 169 1256 -1 870 1258 871 -1 422 474 473 -1 428 852 426 -1 427 426 123 -1 123 127 427 -1 1259 1103 410 -1 1103 451 410 -1 1260 1100 902 -1 163 168 161 -1 169 1255 170 -1 1261 341 407 -1 1262 1263 885 -1 885 1264 1262 -1 868 415 414 -1 866 865 1101 -1 409 1261 407 -1 1265 1266 1267 -1 1266 388 1267 -1 397 1268 398 -1 397 399 1113 -1 399 1269 1113 -1 1270 393 395 -1 432 1271 429 -1 1271 1272 429 -1 910 391 390 -1 910 1273 391 -1 1274 1275 1276 -1 1267 406 851 -1 404 387 1277 -1 381 1278 383 -1 354 1095 140 -1 380 379 850 -1 1279 369 368 -1 1279 1280 369 -1 1281 109 1116 -1 365 374 363 -1 938 1282 1283 -1 938 1284 1282 -1 1285 1286 1083 -1 1095 138 140 -1 358 349 140 -1 356 200 912 -1 912 357 356 -1 352 354 140 -1 376 379 377 -1 1266 1265 340 -1 1265 408 340 -1 852 1109 351 -1 852 853 1109 -1 852 351 343 -1 1287 1261 349 -1 1261 1110 349 -1 346 345 342 -1 345 344 342 -1 1110 140 349 -1 173 124 185 -1 342 1288 340 -1 84 201 114 -1 201 1289 114 -1 366 370 365 -1 923 325 81 -1 326 1290 1291 -1 327 935 81 -1 955 940 304 -1 321 971 1292 -1 248 1204 1293 -1 248 1202 1204 -1 1294 315 314 -1 639 1170 637 -1 983 654 1295 -1 303 317 954 -1 307 1296 215 -1 307 306 1296 -1 1005 288 1033 -1 1084 317 303 -1 1216 1028 1217 -1 1216 1027 1028 -1 294 300 295 -1 294 297 300 -1 301 291 290 -1 301 300 291 -1 299 1005 292 -1 1022 998 1297 -1 1023 1022 284 -1 1297 998 997 -1 292 1005 1033 -1 1029 291 296 -1 1023 1298 1024 -1 285 1027 1299 -1 285 1299 286 -1 268 267 276 -1 276 278 268 -1 266 1300 275 -1 1301 265 264 -1 264 274 1301 -1 273 263 272 -1 263 260 272 -1 262 271 261 -1 262 269 270 -1 262 267 268 -1 262 265 266 -1 262 263 264 -1 262 261 260 -1 232 1302 1286 -1 1286 233 232 -1 251 250 1026 -1 240 235 237 -1 360 232 234 -1 242 237 236 -1 238 234 233 -1 228 244 229 -1 231 576 230 -1 226 1008 1007 -1 229 231 227 -1 1303 683 677 -1 1304 974 976 -1 578 576 231 -1 1305 1200 1199 -1 1305 247 1200 -1 1090 1290 1306 -1 931 1307 214 -1 918 911 904 -1 248 1293 317 -1 1308 1309 366 -1 1289 115 114 -1 95 1310 163 -1 163 162 95 -1 196 1311 191 -1 1311 192 191 -1 193 195 191 -1 193 105 195 -1 469 182 1312 -1 182 184 1312 -1 461 1313 468 -1 1313 1314 468 -1 97 1315 1316 -1 1316 1317 97 -1 1318 95 97 -1 97 1317 1318 -1 1112 350 101 -1 124 174 847 -1 1319 152 1320 -1 166 96 164 -1 172 1321 93 -1 1321 167 166 -1 96 161 164 -1 167 1321 172 -1 151 1319 149 -1 154 160 847 -1 156 158 859 -1 152 1319 153 -1 174 1315 152 -1 899 897 135 -1 146 145 104 -1 104 1322 146 -1 1323 897 1094 -1 1324 898 1325 -1 1326 906 1327 -1 1328 1322 1329 -1 1326 1327 1330 -1 1330 355 1326 -1 102 848 103 -1 355 1330 356 -1 120 1187 484 -1 944 114 204 -1 111 465 871 -1 396 197 108 -1 105 109 195 -1 848 106 103 -1 1111 1112 101 -1 345 98 183 -1 474 179 458 -1 172 93 92 -1 326 924 1331 -1 326 325 924 -1 85 87 738 -1 558 1150 1149 -1 941 933 79 -1 57 77 74 -1 74 78 57 -1 62 71 73 -1 72 70 67 -1 69 68 518 -1 66 65 1332 -1 78 61 1333 -1 1333 55 78 -1 63 1333 61 -1 60 59 63 -1 57 58 51 -1 43 36 38 -1 48 45 47 -1 47 38 48 -1 47 46 576 -1 34 41 40 -1 551 37 36 -1 31 577 32 -1 22 12 14 -1 1334 1000 23 -1 19 28 1335 -1 19 18 28 -1 1162 541 726 -1 14 30 22 -1 8 17 1001 -1 991 223 1059 -1 995 994 562 -1 0 3 1 -1 6 3 0 -1 994 223 993 -1 995 223 994 -1 1059 223 995 -1 1064 28 1336 -1 1335 28 1064 -1 1002 1334 1336 -1 1002 1000 1334 -1 1337 1005 1009 -1 1005 1337 20 -1 1333 59 1338 -1 63 59 1333 -1 679 484 483 -1 679 121 484 -1 148 1329 1339 -1 148 1328 1329 -1 906 134 1327 -1 906 132 134 -1 128 1340 129 -1 128 1341 1340 -1 1342 135 137 -1 899 135 1342 -1 848 1324 1325 -1 102 1324 848 -1 1342 134 1339 -1 1342 137 134 -1 907 142 147 -1 907 143 142 -1 848 1329 131 -1 1329 848 1325 -1 153 151 159 -1 151 153 1319 -1 165 166 164 -1 1321 166 165 -1 1320 96 167 -1 1320 152 96 -1 149 1320 863 -1 149 1319 1320 -1 466 1343 464 -1 466 181 1343 -1 464 1344 1345 -1 464 1343 1344 -1 1346 1345 1344 -1 1345 1346 1347 -1 1347 1318 1348 -1 1347 1346 1318 -1 1348 1317 1349 -1 1348 1318 1317 -1 1316 1349 1317 -1 1349 1316 462 -1 173 1313 174 -1 1313 173 1314 -1 1314 469 468 -1 182 469 1314 -1 1350 183 98 -1 184 183 1350 -1 1351 98 100 -1 1350 98 1351 -1 100 189 1351 -1 100 1111 189 -1 188 1352 1353 -1 188 187 1352 -1 1353 1354 1238 -1 1353 1352 1354 -1 1238 193 190 -1 1238 1354 193 -1 194 176 196 -1 197 176 194 -1 1355 199 198 -1 1356 199 1355 -1 1308 1357 1309 -1 1308 1358 1357 -1 202 1204 203 -1 202 1293 1204 -1 1092 1290 1090 -1 1291 1290 1092 -1 918 1093 911 -1 1093 918 919 -1 1091 212 211 -1 1091 1359 212 -1 211 1092 1091 -1 211 1307 1092 -1 1360 1305 1199 -1 1361 1305 1360 -1 1361 1202 1305 -1 1361 1203 1202 -1 33 965 257 -1 33 986 965 -1 1296 1362 1363 -1 1296 1364 1362 -1 1365 1366 1367 -1 1365 1368 1366 -1 1369 1370 1371 -1 1369 1372 1370 -1 1373 1366 977 -1 1373 1367 1366 -1 1374 2 4 -1 2 1374 990 -1 1375 718 1376 -1 718 1375 221 -1 232 1377 1302 -1 359 1377 232 -1 239 1286 1285 -1 239 233 1286 -1 1079 968 318 -1 1076 968 1079 -1 311 1285 1378 -1 1285 311 1081 -1 968 1362 977 -1 1362 968 1076 -1 1379 975 1380 -1 1379 976 975 -1 1026 1046 251 -1 1025 1046 1026 -1 1381 947 1024 -1 947 1381 1049 -1 1286 1382 963 -1 1286 1302 1382 -1 237 238 240 -1 237 234 238 -1 242 234 237 -1 234 242 360 -1 1080 1062 246 -1 1383 1062 1080 -1 273 1044 584 -1 273 272 1044 -1 278 286 1299 -1 278 276 286 -1 1300 265 1301 -1 1300 266 265 -1 261 1384 258 -1 261 271 1384 -1 1381 1045 1046 -1 1381 1385 1045 -1 1386 1385 1387 -1 1386 1045 1385 -1 1388 580 621 -1 1389 580 1388 -1 1033 290 292 -1 287 290 1033 -1 293 301 289 -1 293 295 301 -1 1390 997 1029 -1 1390 1297 997 -1 1022 1390 284 -1 1390 1022 1297 -1 294 1028 297 -1 1217 1028 294 -1 1216 277 1027 -1 277 1216 279 -1 1025 312 1049 -1 1025 313 312 -1 1391 946 956 -1 946 1391 962 -1 958 966 220 -1 960 966 958 -1 961 1392 964 -1 951 1392 961 -1 1077 953 1078 -1 953 1077 949 -1 1393 945 1201 -1 945 1393 943 -1 1078 216 1363 -1 216 1078 953 -1 309 1378 1394 -1 309 311 1378 -1 317 202 954 -1 202 317 1293 -1 983 1170 639 -1 1170 983 1295 -1 1395 1396 1397 -1 1395 1206 1396 -1 1398 315 1294 -1 315 1398 1399 -1 314 1183 1294 -1 1068 1183 314 -1 712 1400 710 -1 712 1401 1400 -1 1402 1403 1404 -1 1402 1405 1403 -1 1406 1407 1408 -1 1409 1407 1406 -1 1292 978 1410 -1 1292 971 978 -1 207 247 205 -1 1200 247 207 -1 1331 1290 326 -1 1290 1331 1306 -1 336 930 929 -1 1411 930 336 -1 341 99 346 -1 341 1261 99 -1 1278 386 383 -1 1278 384 386 -1 1412 340 1288 -1 340 1412 1266 -1 1265 1278 408 -1 1265 384 1278 -1 376 850 379 -1 850 376 851 -1 913 357 912 -1 1413 357 913 -1 138 1324 139 -1 138 898 1324 -1 1414 1282 1394 -1 1283 1282 1414 -1 938 934 1284 -1 937 934 938 -1 920 932 925 -1 920 1415 932 -1 338 1275 339 -1 1275 338 922 -1 1308 1356 1358 -1 1308 199 1356 -1 1281 434 109 -1 1281 1416 434 -1 143 913 144 -1 1413 913 143 -1 147 1281 1116 -1 1281 147 142 -1 364 1417 1418 -1 1417 364 361 -1 452 1279 455 -1 1280 1279 452 -1 1419 914 1420 -1 1419 916 914 -1 378 383 386 -1 378 382 383 -1 404 1267 388 -1 404 406 1267 -1 851 385 1267 -1 385 851 376 -1 1274 1323 1094 -1 1274 1276 1323 -1 1421 849 1422 -1 849 1421 377 -1 1422 1094 1096 -1 1422 908 1094 -1 429 1423 430 -1 429 1272 1423 -1 1243 1250 1424 -1 1250 1243 1242 -1 1246 1270 395 -1 1270 1246 1249 -1 1425 435 1426 -1 1427 435 1425 -1 1428 1311 1429 -1 1428 192 1311 -1 1430 1431 1432 -1 1433 1431 1430 -1 1434 1098 1435 -1 875 1098 1434 -1 1113 1271 432 -1 1113 1269 1271 -1 865 398 1268 -1 865 412 398 -1 1436 864 1106 -1 1436 1102 864 -1 1437 1438 1277 -1 1438 1437 1439 -1 1440 855 856 -1 1440 1441 855 -1 1277 1442 1437 -1 387 1442 1277 -1 858 854 427 -1 858 857 854 -1 1443 1444 1445 -1 1443 1446 1444 -1 1447 885 1263 -1 885 1447 888 -1 1257 448 1254 -1 1257 449 448 -1 420 1256 421 -1 420 1448 1256 -1 1449 1450 1451 -1 1449 1452 1450 -1 419 1453 417 -1 460 1453 419 -1 97 152 1315 -1 152 97 96 -1 1260 866 1100 -1 866 1260 1105 -1 1102 1259 410 -1 1102 1436 1259 -1 451 158 155 -1 451 1103 158 -1 862 125 122 -1 861 125 862 -1 426 343 123 -1 426 852 343 -1 1272 1454 1423 -1 1272 433 1454 -1 1258 1345 1347 -1 1258 870 1345 -1 1257 443 1255 -1 443 1257 1254 -1 1253 1455 1251 -1 1253 373 1455 -1 1252 1246 441 -1 1246 1252 1424 -1 180 458 179 -1 180 1115 458 -1 454 1424 1252 -1 1424 454 1243 -1 1426 436 1456 -1 1426 435 436 -1 1252 452 454 -1 1252 1251 452 -1 1249 1247 1270 -1 1249 444 1247 -1 1457 92 94 -1 92 1457 1241 -1 1245 1240 1458 -1 1240 1245 1244 -1 860 1108 126 -1 860 1107 1108 -1 363 375 361 -1 375 363 374 -1 440 1417 1459 -1 1456 1417 440 -1 446 1460 450 -1 1460 446 1461 -1 361 1459 1417 -1 375 1459 361 -1 1423 443 442 -1 1423 1454 443 -1 1258 417 871 -1 1258 418 417 -1 1099 867 455 -1 1101 867 1099 -1 398 1458 399 -1 398 1245 1458 -1 399 1457 1269 -1 399 1458 1457 -1 1462 732 731 -1 1462 1463 732 -1 1239 192 1428 -1 1239 190 192 -1 1464 1238 1237 -1 1464 1353 1238 -1 1262 472 1263 -1 1262 186 472 -1 1345 465 464 -1 1345 870 465 -1 1465 110 112 -1 1466 110 1465 -1 1467 1234 1468 -1 1467 1235 1234 -1 1236 874 876 -1 1236 872 874 -1 1469 1470 1471 -1 1470 1469 1472 -1 869 1473 1474 -1 1473 869 873 -1 1218 1074 1475 -1 1074 1218 972 -1 1187 1155 1154 -1 1187 1186 1155 -1 1220 484 1187 -1 1220 485 484 -1 1476 1231 1232 -1 1476 513 1231 -1 514 1477 1478 -1 1479 1477 514 -1 499 1073 501 -1 500 1073 499 -1 1480 1481 1482 -1 1480 1230 1481 -1 516 1483 1053 -1 1483 516 1484 -1 1485 477 476 -1 477 1485 1486 -1 1486 496 477 -1 497 496 1486 -1 1230 1231 1481 -1 1230 1229 1231 -1 497 1484 1478 -1 1484 497 1486 -1 518 1075 69 -1 1075 518 531 -1 978 970 968 -1 978 971 970 -1 1487 761 762 -1 761 1487 1043 -1 772 1488 773 -1 772 1489 1488 -1 769 1490 770 -1 769 1491 1490 -1 1492 1493 1494 -1 1495 1493 1492 -1 1496 1497 1498 -1 1496 1499 1497 -1 1500 1501 1502 -1 1501 1500 1503 -1 1504 1505 1506 -1 1504 1507 1505 -1 1508 1509 1510 -1 1509 1508 1511 -1 1512 1499 1496 -1 1512 1513 1499 -1 1514 1515 1516 -1 1514 1517 1515 -1 1518 1519 1520 -1 1521 1519 1518 -1 1522 1523 1524 -1 1523 1522 1525 -1 1526 1527 1528 -1 1526 1529 1527 -1 1530 1531 1532 -1 1533 1531 1530 -1 771 1529 1526 -1 1529 771 1534 -1 50 1535 1227 -1 50 49 1535 -1 1159 1536 1537 -1 1159 1158 1536 -1 1538 1539 1540 -1 1538 1541 1539 -1 1542 1543 1544 -1 1542 1545 1543 -1 1129 808 546 -1 808 1129 1128 -1 1224 738 1546 -1 1224 85 738 -1 86 1547 1149 -1 86 1225 1547 -1 89 1065 574 -1 89 88 1065 -1 1548 1221 1549 -1 1548 552 1221 -1 1550 90 1551 -1 90 1550 88 -1 1548 1552 1553 -1 1549 1552 1548 -1 729 1150 555 -1 87 1150 729 -1 1554 988 1555 -1 988 1554 1556 -1 1557 1558 1559 -1 1557 1560 1558 -1 1561 1223 1562 -1 1561 1222 1223 -1 1550 1563 1066 -1 1550 1564 1563 -1 1565 1566 1567 -1 1568 1566 1565 -1 1566 544 1228 -1 1566 1552 544 -1 1551 1564 1550 -1 1551 1569 1564 -1 571 553 90 -1 553 571 992 -1 532 520 523 -1 973 520 532 -1 1475 969 1219 -1 1475 1074 969 -1 973 1218 520 -1 972 1218 973 -1 549 1569 1551 -1 549 1570 1569 -1 1462 1219 1154 -1 1462 1475 1219 -1 1570 1553 1569 -1 1548 1553 1570 -1 587 294 1571 -1 294 587 1217 -1 590 588 585 -1 588 590 1572 -1 593 1573 589 -1 1573 593 1044 -1 813 603 1172 -1 813 604 603 -1 1215 694 1574 -1 1215 635 694 -1 1575 1199 1210 -1 1360 1199 1575 -1 1576 1212 1214 -1 1577 1212 1576 -1 1212 1211 1213 -1 1212 1210 1211 -1 613 1208 608 -1 1208 613 1578 -1 663 614 668 -1 663 613 614 -1 1209 1332 612 -1 1332 1209 524 -1 623 1371 1365 -1 1371 623 1579 -1 1580 1205 1581 -1 1580 622 1205 -1 1582 1206 1395 -1 1582 1207 1206 -1 1583 1575 1577 -1 1584 1575 1583 -1 620 1055 1047 -1 620 616 1055 -1 606 207 607 -1 207 606 1200 -1 606 1211 1199 -1 606 1208 1211 -1 1585 1396 1304 -1 1585 1584 1396 -1 974 1205 624 -1 974 1207 1205 -1 1366 1586 1410 -1 1366 1368 1586 -1 1587 1588 1589 -1 1590 1588 1587 -1 1180 1178 1591 -1 1180 1174 1178 -1 204 945 944 -1 204 203 945 -1 247 1202 248 -1 247 1305 1202 -1 636 1180 634 -1 1180 636 1174 -1 639 684 979 -1 639 685 684 -1 703 1197 1196 -1 1197 703 1592 -1 705 1195 1593 -1 705 1069 1195 -1 1576 1215 1594 -1 1576 1214 1215 -1 1595 1596 1574 -1 1596 1595 1597 -1 1598 1599 1600 -1 1598 1601 1599 -1 1602 1193 1194 -1 1602 1603 1193 -1 1169 1193 1604 -1 1169 643 1193 -1 1605 1599 1606 -1 1605 1603 1599 -1 1595 1607 1601 -1 1607 1595 1181 -1 1608 675 674 -1 675 1608 688 -1 1192 1191 1068 -1 1192 1070 1191 -1 654 982 656 -1 654 983 982 -1 1131 657 1182 -1 657 1131 1190 -1 1609 648 981 -1 1609 1130 648 -1 1184 650 1610 -1 1184 1191 650 -1 1609 658 1190 -1 658 1609 1611 -1 1612 673 1012 -1 1612 674 673 -1 667 693 670 -1 693 667 691 -1 1189 1613 666 -1 1189 1614 1613 -1 1615 1616 1617 -1 1615 1618 1616 -1 1619 1620 1621 -1 1622 1620 1619 -1 1620 1408 1407 -1 1620 1618 1408 -1 1614 1405 1615 -1 1405 1614 1403 -1 1401 665 1400 -1 1401 1189 665 -1 1623 1582 1624 -1 1623 1581 1582 -1 1183 1625 1626 -1 1184 1625 1183 -1 1627 1398 1294 -1 1627 1624 1398 -1 1628 1629 1630 -1 1628 1631 1629 -1 1188 1186 120 -1 478 1186 1188 -1 832 121 679 -1 119 121 832 -1 1632 315 1399 -1 1632 985 315 -1 1624 1628 1623 -1 1624 1627 1628 -1 1185 777 502 -1 1185 1633 777 -1 1626 1634 1631 -1 1634 1626 1625 -1 979 1182 639 -1 979 1131 1182 -1 658 1635 659 -1 658 1636 1635 -1 1637 1638 1639 -1 1640 1638 1637 -1 1013 1134 1133 -1 1641 1134 1013 -1 1608 644 647 -1 1608 645 644 -1 1605 1590 1587 -1 1605 1606 1590 -1 1169 625 627 -1 1169 1604 625 -1 1179 629 631 -1 1179 1168 629 -1 1180 1607 1181 -1 1180 1591 1607 -1 1178 1642 1588 -1 1178 1177 1642 -1 1589 1643 628 -1 1589 1644 1643 -1 709 632 626 -1 709 711 632 -1 828 1645 829 -1 828 1646 1645 -1 1639 1647 844 -1 1639 1638 1647 -1 845 1648 1054 -1 845 1649 1648 -1 1650 760 1016 -1 1650 1651 760 -1 767 1652 1653 -1 758 1652 767 -1 708 1654 815 -1 707 1654 708 -1 701 668 1011 -1 668 701 669 -1 602 1176 1175 -1 1176 602 1655 -1 1656 1657 814 -1 1658 1657 1656 -1 816 1659 1660 -1 816 1661 1659 -1 1662 1663 1664 -1 1663 1662 692 -1 690 1665 1666 -1 690 1667 1665 -1 1668 646 1669 -1 646 1668 980 -1 1636 1611 1670 -1 1611 1636 658 -1 1671 655 1672 -1 655 1671 1610 -1 669 700 1176 -1 669 701 700 -1 1173 600 1048 -1 1173 1171 600 -1 662 695 696 -1 662 1621 695 -1 1597 1195 1596 -1 1195 1597 1593 -1 984 1192 316 -1 984 702 1192 -1 1174 1409 1177 -1 1174 697 1409 -1 1175 603 602 -1 1171 603 1175 -1 1173 583 1172 -1 1173 581 583 -1 1664 1654 1653 -1 1664 1661 1654 -1 706 715 716 -1 706 714 715 -1 1167 24 7 -1 1167 25 24 -1 1163 1374 1673 -1 1163 1376 1374 -1 727 1674 728 -1 727 1675 1674 -1 1676 1677 1678 -1 1676 1679 1677 -1 1680 1681 1682 -1 1681 1680 1683 -1 1165 1684 1685 -1 1165 1166 1684 -1 19 9 1162 -1 19 1335 9 -1 1673 1164 1163 -1 1164 1673 1003 -1 1164 1337 1007 -1 1164 26 1337 -1 1685 1031 1165 -1 1685 1032 1031 -1 1682 809 1686 -1 1682 1681 809 -1 810 1676 1040 -1 1679 1676 810 -1 722 611 1041 -1 722 719 611 -1 737 573 572 -1 573 737 1161 -1 1167 1223 567 -1 1167 799 1223 -1 801 1558 1562 -1 801 996 1558 -1 1125 1554 1559 -1 1125 818 1554 -1 557 561 564 -1 557 1058 561 -1 1058 1556 817 -1 557 1556 1058 -1 556 730 554 -1 556 560 730 -1 736 1687 1688 -1 1153 1687 736 -1 1689 1224 1690 -1 1689 1225 1224 -1 1691 1692 1693 -1 1694 1692 1691 -1 1695 1537 1536 -1 1537 1695 1696 -1 1153 1516 1687 -1 1514 1516 1153 -1 1503 507 1157 -1 507 1503 1500 -1 1697 1155 480 -1 1155 1697 1156 -1 1462 1156 1463 -1 1462 1154 1156 -1 494 1500 1698 -1 1500 494 507 -1 56 1514 1153 -1 56 1338 1514 -1 1699 1696 1694 -1 1699 1700 1696 -1 1691 1067 1701 -1 1690 1067 1691 -1 1702 806 819 -1 1702 1703 806 -1 1704 1547 1705 -1 1704 1226 1547 -1 1706 1707 807 -1 741 1707 1706 -1 1227 1700 1567 -1 1535 1700 1227 -1 1708 1709 1710 -1 1708 1711 1709 -1 1712 1713 1714 -1 1127 1713 1712 -1 1701 1565 1699 -1 1563 1565 1701 -1 1151 739 1715 -1 1151 740 739 -1 1713 1706 1703 -1 1713 1716 1706 -1 1693 1717 1718 -1 1692 1717 1693 -1 1719 1708 1720 -1 1708 1719 1711 -1 572 738 737 -1 572 575 738 -1 1482 1051 1721 -1 1052 1051 1482 -1 1722 1051 1723 -1 1722 1721 1051 -1 1722 1724 1725 -1 1722 1726 1724 -1 1727 1728 1729 -1 1727 1726 1728 -1 1730 1731 1732 -1 1727 1731 1730 -1 1733 1731 1734 -1 1735 1731 1733 -1 1736 1735 1733 -1 1737 1735 1736 -1 1738 1739 1737 -1 1738 1740 1739 -1 1738 1741 1742 -1 1738 1743 1741 -1 1742 1744 1745 -1 1742 1741 1744 -1 1746 1137 1745 -1 1746 1138 1137 -1 1747 1746 1748 -1 1749 1746 1747 -1 766 1749 1747 -1 1750 1749 766 -1 1751 1752 1753 -1 1750 1752 1751 -1 1683 1752 764 -1 1683 1680 1752 -1 1482 1754 1480 -1 1482 1721 1754 -1 1232 1755 1476 -1 1755 1232 734 -1 1389 274 580 -1 274 1389 1301 -1 751 1756 1757 -1 751 749 1756 -1 1146 1758 1759 -1 1146 1145 1758 -1 1760 1145 1144 -1 1761 1145 1760 -1 1761 1762 1763 -1 1761 1764 1762 -1 744 1765 1766 -1 744 1764 1765 -1 1767 747 1768 -1 748 747 1767 -1 752 1769 1770 -1 752 754 1769 -1 1688 1147 1146 -1 1687 1147 1688 -1 1771 749 1772 -1 1756 749 1771 -1 1665 1648 1669 -1 1665 1650 1648 -1 692 664 1663 -1 692 691 664 -1 1773 1774 1775 -1 1774 1773 765 -1 1776 1777 1778 -1 1776 1751 1777 -1 1487 1779 1780 -1 1488 1779 1487 -1 1780 1781 1042 -1 1781 1780 1777 -1 1782 1773 1783 -1 1782 1784 1773 -1 1118 1785 1786 -1 1118 1117 1785 -1 1143 1787 1788 -1 1132 1787 1143 -1 492 1698 52 -1 492 494 1698 -1 9 761 542 -1 9 11 761 -1 1493 1531 1498 -1 1493 1528 1531 -1 1519 1507 1504 -1 1507 1519 1521 -1 1510 1524 1523 -1 1510 1509 1524 -1 1496 1789 1512 -1 1496 1533 1789 -1 1790 1020 1019 -1 1020 1790 1791 -1 1741 1792 1744 -1 1741 1793 1792 -1 1794 1136 1795 -1 1794 1140 1136 -1 1771 538 1770 -1 1771 1534 538 -1 1796 775 1139 -1 1796 776 775 -1 537 1770 538 -1 537 752 1770 -1 1795 1135 1797 -1 1135 1795 1136 -1 1744 1798 1748 -1 1798 1744 1792 -1 1799 1791 1790 -1 1799 1800 1791 -1 1641 838 782 -1 1013 838 1641 -1 1133 843 793 -1 1133 846 843 -1 1017 1143 1801 -1 1143 1017 757 -1 1802 1803 1804 -1 1803 1802 1805 -1 1806 1123 1807 -1 1124 1123 1806 -1 1736 1808 1809 -1 1733 1808 1736 -1 1527 1768 1532 -1 1768 1527 1767 -1 1715 1810 1151 -1 1715 1811 1810 -1 797 1812 1813 -1 1812 797 796 -1 1779 1135 1778 -1 1797 1135 1779 -1 725 1030 288 -1 725 1031 1030 -1 1037 1814 1039 -1 1037 1036 1814 -1 588 280 586 -1 280 588 1384 -1 802 1815 803 -1 802 1816 1815 -1 1014 1133 1817 -1 1133 1014 1013 -1 1638 1670 1647 -1 1638 1636 1670 -1 1125 6 5 -1 996 6 1125 -1 1513 1818 1499 -1 1818 1513 1819 -1 1734 1820 1821 -1 1734 1729 1820 -1 1822 1823 1824 -1 1825 1823 1822 -1 1820 836 1824 -1 1826 836 1820 -1 1827 1730 1819 -1 1827 1724 1730 -1 1765 1828 1766 -1 1765 1522 1828 -1 1543 1127 1712 -1 1543 1128 1127 -1 822 1557 1555 -1 822 805 1557 -1 733 505 504 -1 505 733 512 -1 1748 1774 1747 -1 1748 1798 1774 -1 1829 1806 1018 -1 1806 1829 1809 -1 1826 1830 836 -1 1830 1826 1831 -1 1053 1832 1050 -1 1483 1832 1053 -1 704 1196 831 -1 703 1196 704 -1 1402 1643 1644 -1 1402 1404 1643 -1 1655 1616 1622 -1 1658 1616 1655 -1 1592 1600 1197 -1 1592 1598 1600 -1 989 558 1149 -1 989 559 558 -1 1060 780 1833 -1 779 780 1060 -1 1830 1834 827 -1 1834 1830 1832 -1 1754 1835 1836 -1 1754 1725 1835 -1 1760 1520 1525 -1 1520 1760 1144 -1 1710 1539 1544 -1 1539 1710 1709 -1 1542 1762 1545 -1 1542 1763 1762 -1 1835 1511 1508 -1 1511 1835 1827 -1 1728 1831 1826 -1 1728 1723 1831 -1 791 839 792 -1 791 1833 839 -1 1834 476 825 -1 476 1834 1485 -1 1121 1822 835 -1 1121 1816 1822 -1 1837 1807 1805 -1 1807 1837 1021 -1 1838 1019 1839 -1 1019 1838 1790 -1 1785 1799 1840 -1 1799 1785 1841 -1 1674 1782 1119 -1 1782 1674 1675 -1 1061 823 605 -1 1061 1060 823 -1 1120 1014 1815 -1 1120 837 1014 -1 1802 841 1842 -1 1802 794 841 -1 1843 1015 1844 -1 1843 840 1015 -1 1845 1786 1846 -1 1845 1788 1786 -1 1804 804 803 -1 1804 1803 804 -1 1846 1838 1844 -1 1846 1840 1838 -1 1132 834 1787 -1 834 1132 717 -1 1130 649 648 -1 649 1130 842 -1 1456 1418 1417 -1 1418 1456 436 -1 439 1461 446 -1 439 438 1461 -1 445 1114 439 -1 456 1114 445 -1 94 1269 1457 -1 1269 94 1271 -1 441 1459 1253 -1 1459 441 440 -1 450 1847 448 -1 1847 450 1460 -1 99 1111 100 -1 99 348 1111 -1 408 381 409 -1 408 1278 381 -1 342 1109 1288 -1 342 344 1109 -1 1440 400 1848 -1 1440 1439 400 -1 124 862 122 -1 160 862 124 -1 1104 400 402 -1 1104 1848 400 -1 1105 1849 1104 -1 1849 1105 1260 -1 1107 1436 401 -1 1107 1259 1436 -1 412 1245 398 -1 412 411 1245 -1 1450 871 417 -1 1450 1471 871 -1 423 1469 1452 -1 423 1474 1469 -1 111 1467 112 -1 1470 1467 111 -1 1472 1236 1235 -1 1473 1236 1472 -1 1434 1468 1234 -1 1434 1433 1468 -1 1466 1430 1429 -1 1430 1466 1465 -1 1850 1432 1431 -1 1432 1850 1851 -1 880 1435 1098 -1 1435 880 1852 -1 1853 1852 1854 -1 1853 1850 1852 -1 1855 1239 1851 -1 1855 1237 1239 -1 1853 1856 1855 -1 1853 1857 1856 -1 881 1858 1854 -1 881 1859 1858 -1 882 1860 1859 -1 884 1860 882 -1 1858 1861 1857 -1 1862 1861 1858 -1 471 1856 1863 -1 471 1464 1856 -1 1861 1864 1863 -1 1861 1865 1864 -1 1860 1866 1862 -1 1860 1867 1866 -1 1867 414 416 -1 414 1867 883 -1 1865 1446 1443 -1 1446 1865 1866 -1 1864 1263 472 -1 1447 1263 1864 -1 1445 1868 893 -1 1445 1444 1868 -1 413 889 1869 -1 413 415 889 -1 1868 1870 1871 -1 1870 1868 1869 -1 1871 1872 891 -1 1871 1873 1872 -1 890 1874 1870 -1 890 895 1874 -1 1874 1875 1873 -1 1876 1875 1874 -1 1097 1872 1877 -1 1097 894 1872 -1 460 1097 1453 -1 459 1097 460 -1 1451 1875 1449 -1 1877 1875 1451 -1 896 424 1876 -1 896 425 424 -1 144 1418 1416 -1 1418 144 364 -1 1339 1325 1342 -1 1329 1325 1339 -1 1273 849 380 -1 849 1273 910 -1 1878 1419 1441 -1 1878 900 1419 -1 1260 901 1849 -1 1260 902 901 -1 1251 1280 452 -1 1455 1280 1251 -1 1280 371 369 -1 1280 1455 371 -1 1340 1323 1276 -1 136 1323 1340 -1 900 916 1419 -1 900 329 916 -1 129 1276 1275 -1 1340 1276 129 -1 130 1275 922 -1 129 1275 130 -1 924 328 1331 -1 328 924 917 -1 919 1879 1359 -1 919 334 1879 -1 200 1089 198 -1 200 356 1089 -1 1359 1880 212 -1 1359 1879 1880 -1 1881 198 1089 -1 198 1881 1355 -1 1357 82 1880 -1 1357 83 82 -1 926 113 1881 -1 926 939 113 -1 116 1087 117 -1 82 1087 116 -1 118 948 213 -1 118 952 948 -1 1088 84 1085 -1 84 1088 1087 -1 204 936 955 -1 936 204 114 -1 941 1282 1284 -1 941 957 1282 -1 950 213 948 -1 213 950 1086 -1 1085 307 1088 -1 1085 308 307 -1 1391 1283 1414 -1 1283 1391 942 -1 1026 1084 313 -1 1026 250 1084 -1 1379 1393 1882 -1 1379 305 1393 -1 306 1364 1296 -1 1380 1364 306 -1 1081 239 1285 -1 239 1081 241 -1 1383 218 220 -1 1383 1080 218 -1 1392 1079 1883 -1 1077 1079 1392 -1 65 612 1332 -1 65 528 612 -1 69 532 67 -1 532 69 1075 -1 1627 1631 1628 -1 1631 1627 1626 -1 681 683 1303 -1 681 1185 683 -1 682 1580 1884 -1 682 1579 1580 -1 683 678 677 -1 678 683 488 -1 490 678 488 -1 490 832 678 -1 498 487 500 -1 498 489 487 -1 698 688 687 -1 675 688 698 -1 1635 1645 1672 -1 1640 1645 1635 -1 1602 1197 1600 -1 1602 1198 1197 -1 831 1071 830 -1 1071 831 1196 -1 1632 1594 985 -1 1632 1576 1594 -1 1577 1632 1583 -1 1577 1576 1632 -1 1885 1304 976 -1 1885 1585 1304 -1 246 578 244 -1 1062 578 246 -1 1066 1701 1067 -1 1066 1563 1701 -1 807 1561 1560 -1 1707 1561 807 -1 1159 51 735 -1 51 1159 49 -1 71 61 42 -1 71 62 61 -1 1886 508 1480 -1 1886 1157 508 -1 1687 1518 1147 -1 1516 1518 1687 -1 1695 1717 1692 -1 1695 1887 1717 -1 1129 548 1811 -1 546 548 1129 -1 741 1888 1707 -1 740 1888 741 -1 1709 1540 1539 -1 1540 1709 1887 -1 574 1067 1546 -1 574 1065 1067 -1 993 227 230 -1 993 222 227 -1 1888 565 1222 -1 565 1888 1057 -1 1889 1757 1796 -1 1889 751 1757 -1 740 1057 1888 -1 1152 1057 740 -1 1152 774 1057 -1 1139 774 1152 -1 999 1002 1004 -1 1002 999 1000 -1 17 1004 1001 -1 1004 17 999 -1 1673 4 1056 -1 4 1673 1374 -1 1890 225 228 -1 1890 1008 225 -1 998 1010 299 -1 998 1891 1010 -1 1377 225 224 -1 1377 245 225 -1 243 246 245 -1 243 236 246 -1 1891 1302 1377 -1 1891 1382 1302 -1 254 1022 1024 -1 1022 254 998 -1 206 253 1055 -1 253 206 205 -1 712 1643 1404 -1 712 709 1643 -1 814 812 609 -1 812 814 1657 -1 1660 666 1613 -1 666 1660 1659 -1 1637 782 829 -1 1637 1641 782 -1 1016 757 1017 -1 1016 760 757 -1 1529 1767 1527 -1 1772 1767 1529 -1 1147 1520 1144 -1 1518 1520 1147 -1 1480 1836 1886 -1 1836 1480 1754 -1 1832 1485 1834 -1 1832 1483 1485 -1 1120 1816 1121 -1 1815 1816 1120 -1 1733 1821 1808 -1 1733 1734 1821 -1 1499 798 1497 -1 798 1499 1818 -1 1740 796 1739 -1 1740 1812 796 -1 1018 1807 1021 -1 1806 1807 1018 -1 1812 1141 1140 -1 1740 1141 1812 -1 1839 1844 1838 -1 1844 1839 1843 -1 1841 1800 1799 -1 1841 1775 1800 -1 1138 1778 1135 -1 1138 1776 1778 -1 282 1386 1388 -1 282 1045 1386 -1 1298 1381 1024 -1 1385 1381 1298 -1 272 1573 1044 -1 272 259 1573 -1 258 588 1572 -1 1384 588 258 -1 276 1892 286 -1 275 1892 276 -1 1893 1301 1389 -1 1301 1893 1300 -1 283 1023 284 -1 1298 1023 283 -1 1675 1784 1782 -1 1675 1678 1784 -1 1753 1166 1781 -1 1684 1166 1753 -1 811 1040 596 -1 1040 811 810 -1 596 592 811 -1 596 594 592 -1 594 1035 583 -1 594 596 1035 -1 1039 1148 591 -1 1814 1148 1039 -1 293 1571 294 -1 293 1037 1571 -1 1814 1032 1148 -1 1032 1814 1030 -1 1678 763 1784 -1 1678 1677 763 -1 1119 720 1674 -1 720 1119 833 -1 283 1892 1387 -1 286 1892 283 -1 1388 1893 1389 -1 1388 1386 1893 -1 1892 1300 1893 -1 1300 1892 275 -1 280 1216 586 -1 279 1216 280 -1 259 1572 1573 -1 258 1572 259 -1 1489 1779 1488 -1 1489 1797 1779 -1 1775 1798 1800 -1 1798 1775 1774 -1 1786 1840 1846 -1 1786 1785 1840 -1 1794 1492 1813 -1 1794 1491 1492 -1 1829 1020 1793 -1 1018 1020 1829 -1 1842 1805 1802 -1 1842 1837 1805 -1 1736 1829 1743 -1 1736 1809 1829 -1 1813 1494 797 -1 1494 1813 1492 -1 1818 1894 798 -1 1894 1818 1732 -1 1825 1124 1823 -1 1122 1124 1825 -1 605 825 476 -1 605 823 825 -1 1886 1506 1505 -1 1886 1836 1506 -1 1532 1895 1530 -1 1532 1768 1895 -1 1534 1772 1529 -1 1534 1771 1772 -1 1788 1801 1143 -1 1845 1801 1788 -1 828 777 1896 -1 828 778 777 -1 786 794 793 -1 794 786 841 -1 1661 815 1654 -1 1661 816 815 -1 1658 1617 1616 -1 1656 1617 1658 -1 1667 1650 1665 -1 1667 1651 1650 -1 1644 1406 1402 -1 1406 1644 1642 -1 1578 660 633 -1 1578 613 660 -1 254 1891 998 -1 1891 254 1382 -1 359 245 1377 -1 243 245 359 -1 1891 224 1010 -1 1891 1377 224 -1 299 1009 1005 -1 299 1010 1009 -1 1375 1008 1890 -1 1008 1375 1006 -1 1007 1009 226 -1 1009 1007 1337 -1 10 1335 1064 -1 10 9 1335 -1 1056 1003 1673 -1 1056 1004 1003 -1 30 1063 22 -1 30 755 1063 -1 799 7 800 -1 7 799 1167 -1 1796 1152 1889 -1 1139 1152 1796 -1 1151 1889 1152 -1 1889 1151 1810 -1 751 1810 750 -1 1810 751 1889 -1 579 230 576 -1 579 993 230 -1 1161 569 573 -1 569 1161 570 -1 0 1059 5 -1 0 991 1059 -1 1541 1759 1758 -1 1759 1541 1538 -1 1720 1704 1719 -1 1704 1720 821 -1 1126 1811 1715 -1 1811 1126 1129 -1 1718 1689 1693 -1 1718 1705 1689 -1 1538 1160 1759 -1 1160 1538 1158 -1 1157 1505 1503 -1 1157 1886 1505 -1 76 44 40 -1 76 551 44 -1 1567 1699 1565 -1 1567 1700 1699 -1 37 549 48 -1 37 1570 549 -1 1705 1225 1689 -1 1705 1547 1225 -1 1203 1885 1882 -1 1361 1885 1203 -1 1583 1399 1397 -1 1399 1583 1632 -1 1596 985 1594 -1 985 1596 1195 -1 1634 1671 1646 -1 1625 1671 1634 -1 1649 1669 1648 -1 1649 1668 1669 -1 1170 651 830 -1 1170 1295 651 -1 643 1072 1194 -1 643 640 1072 -1 489 119 490 -1 489 1188 119 -1 1697 1476 1755 -1 1697 1479 1476 -1 1370 526 525 -1 1370 1372 526 -1 1367 975 624 -1 1367 1373 975 -1 1884 1581 1623 -1 1884 1580 1581 -1 1579 1369 1371 -1 1369 1579 682 -1 680 1629 1633 -1 1630 1629 680 -1 517 1292 1209 -1 1292 517 321 -1 964 1883 257 -1 1392 1883 964 -1 965 220 966 -1 965 1383 220 -1 1076 1363 1362 -1 1076 1078 1363 -1 1380 305 1379 -1 1380 306 305 -1 1201 1882 1393 -1 1203 1882 1201 -1 1394 957 309 -1 957 1394 1282 -1 956 942 1391 -1 942 956 304 -1 955 202 204 -1 955 954 202 -1 1088 215 217 -1 1088 307 215 -1 962 255 946 -1 256 255 962 -1 938 942 940 -1 938 1283 942 -1 933 1284 934 -1 933 941 1284 -1 113 940 936 -1 939 940 113 -1 214 1086 935 -1 214 213 1086 -1 80 933 928 -1 80 79 933 -1 937 926 925 -1 926 937 939 -1 113 1355 1881 -1 1355 113 115 -1 116 1880 82 -1 212 1880 116 -1 929 81 80 -1 929 930 81 -1 932 927 928 -1 932 1415 927 -1 1881 921 926 -1 1089 921 1881 -1 1880 1309 1357 -1 1879 1309 1880 -1 1291 327 326 -1 1291 931 327 -1 923 1411 924 -1 1411 923 930 -1 1309 334 366 -1 334 1309 1879 -1 917 1411 915 -1 917 924 1411 -1 1330 130 356 -1 1330 128 130 -1 911 1090 208 -1 911 1093 1090 -1 915 329 917 -1 915 916 329 -1 339 1274 909 -1 339 1275 1274 -1 1341 1330 1327 -1 1341 128 1330 -1 918 903 335 -1 904 903 918 -1 1420 391 1273 -1 1420 914 391 -1 909 1094 908 -1 1094 909 1274 -1 1327 137 1341 -1 134 137 1327 -1 1279 903 905 -1 1279 368 903 -1 901 904 210 -1 901 902 904 -1 455 905 1099 -1 455 1279 905 -1 1099 902 1100 -1 1099 905 902 -1 1849 900 1878 -1 1849 901 900 -1 1273 855 1420 -1 380 855 1273 -1 148 1116 1328 -1 148 147 1116 -1 1876 1449 1875 -1 1876 424 1449 -1 1877 1453 1097 -1 1877 1451 1453 -1 1873 1877 1872 -1 1875 1877 1873 -1 1876 895 896 -1 1876 1874 895 -1 1873 1870 1874 -1 1871 1870 1873 -1 894 891 1872 -1 892 891 894 -1 1868 891 893 -1 1871 891 1868 -1 1869 890 1870 -1 890 1869 889 -1 1444 1869 1868 -1 1444 413 1869 -1 888 893 886 -1 888 1445 893 -1 1865 1447 1864 -1 1443 1447 1865 -1 1866 416 1446 -1 416 1866 1867 -1 884 1867 1860 -1 884 883 1867 -1 1862 1865 1861 -1 1862 1866 1865 -1 1863 472 471 -1 1863 1864 472 -1 1857 1863 1856 -1 1861 1863 1857 -1 1859 1862 1858 -1 1860 1862 1859 -1 879 1859 881 -1 879 882 1859 -1 1854 1857 1853 -1 1854 1858 1857 -1 1855 1464 1237 -1 1855 1856 1464 -1 1853 1851 1850 -1 1853 1855 1851 -1 880 1854 1852 -1 881 1854 880 -1 1431 1852 1850 -1 1431 1435 1852 -1 1851 1428 1432 -1 1428 1851 1239 -1 1465 1433 1430 -1 1433 1465 1468 -1 875 1234 876 -1 875 1434 1234 -1 1473 872 1236 -1 873 872 1473 -1 1470 1235 1467 -1 1472 1235 1470 -1 422 1233 474 -1 1897 1233 422 -1 425 1474 423 -1 1474 425 869 -1 1452 1471 1450 -1 1452 1469 1471 -1 150 171 1244 -1 863 171 150 -1 867 397 453 -1 867 1268 397 -1 451 151 150 -1 451 155 151 -1 1878 1104 1849 -1 1104 1878 1848 -1 125 859 126 -1 861 859 125 -1 126 1442 857 -1 1442 126 1108 -1 1441 1848 1878 -1 1441 1440 1848 -1 850 1438 856 -1 1438 850 405 -1 1412 428 389 -1 1412 853 428 -1 384 1267 385 -1 1267 384 1265 -1 382 377 1421 -1 378 377 382 -1 169 421 1256 -1 421 169 168 -1 1460 393 1847 -1 393 1460 394 -1 438 1425 1461 -1 1425 438 1427 -1 436 1416 1418 -1 1416 436 434 -1 146 1328 1116 -1 146 1322 1328 -1 1668 1647 1670 -1 1668 1649 1647 -1 1817 793 795 -1 1817 1133 793 -1 788 1845 1015 -1 1845 788 1801 -1 1837 1843 1839 -1 1843 1837 1842 -1 486 500 487 -1 500 486 1073 -1 1787 833 1118 -1 1787 834 833 -1 1846 1015 1845 -1 1846 1844 1015 -1 840 1842 841 -1 1842 840 1843 -1 795 803 1817 -1 803 795 1804 -1 792 837 1120 -1 837 792 839 -1 1119 1783 1117 -1 1783 1119 1782 -1 1840 1790 1838 -1 1790 1840 1799 -1 1021 1839 1019 -1 1021 1837 1839 -1 1803 1122 804 -1 1122 1803 1123 -1 835 790 1121 -1 826 790 835 -1 1646 1672 1645 -1 1646 1671 1672 -1 1833 783 839 -1 1833 780 783 -1 836 827 826 -1 836 1830 827 -1 1725 1827 1835 -1 1827 1725 1724 -1 1765 1525 1522 -1 1765 1760 1525 -1 1544 1712 1710 -1 1712 1544 1543 -1 1758 1542 1541 -1 1758 1763 1542 -1 1836 1508 1506 -1 1836 1835 1508 -1 1723 1050 1831 -1 1050 1723 1051 -1 827 825 824 -1 825 827 1834 -1 823 1833 791 -1 1060 1833 823 -1 1555 820 822 -1 1555 988 820 -1 1705 1719 1704 -1 1718 1719 1705 -1 1642 1409 1406 -1 1409 1642 1177 -1 1657 604 812 -1 604 1657 602 -1 1613 1656 1660 -1 1613 1617 1656 -1 1198 1194 1072 -1 1198 1602 1194 -1 1196 1072 1071 -1 1196 1198 1072 -1 1479 480 1477 -1 480 1479 1697 -1 1831 1832 1830 -1 1832 1831 1050 -1 1808 1823 1124 -1 1808 1821 1823 -1 1677 764 763 -1 1677 1683 764 -1 1743 1793 1741 -1 1743 1829 1793 -1 819 805 822 -1 819 806 805 -1 746 1545 1762 -1 1545 746 808 -1 1819 1511 1827 -1 1511 1819 1513 -1 1729 1826 1820 -1 1728 1826 1729 -1 1824 835 1822 -1 836 835 1824 -1 1821 1824 1823 -1 1821 1820 1824 -1 1819 1732 1818 -1 1732 1819 1730 -1 1530 1766 1828 -1 1530 1895 1766 -1 805 1560 1557 -1 1560 805 807 -1 844 1134 1639 -1 844 846 1134 -1 1815 1817 803 -1 1817 1815 1014 -1 1822 802 1825 -1 802 1822 1816 -1 1825 804 1122 -1 804 1825 802 -1 1039 1571 1037 -1 1571 1039 1038 -1 1814 288 1030 -1 1036 288 1814 -1 723 1781 1166 -1 723 1042 1781 -1 1813 1140 1794 -1 1813 1812 1140 -1 1222 1707 1888 -1 1561 1707 1222 -1 1811 750 1810 -1 548 750 1811 -1 797 1497 798 -1 1497 797 1494 -1 1739 798 1894 -1 798 1739 796 -1 1809 1124 1806 -1 1808 1124 1809 -1 1803 1807 1123 -1 1803 1805 1807 -1 1804 794 1802 -1 1804 795 794 -1 787 1801 788 -1 1801 787 1017 -1 786 787 789 -1 786 785 787 -1 793 784 786 -1 793 843 784 -1 681 1633 1185 -1 681 680 1633 -1 1800 1792 1791 -1 1800 1798 1792 -1 1490 1797 1489 -1 1797 1490 1795 -1 776 29 14 -1 1898 29 776 -1 1898 1796 1757 -1 1898 776 1796 -1 1795 1491 1794 -1 1491 1795 1490 -1 1793 1791 1792 -1 1793 1020 1791 -1 769 1526 1495 -1 1526 769 771 -1 772 536 770 -1 772 539 536 -1 1533 1498 1531 -1 1496 1498 1533 -1 1509 1789 1524 -1 1509 1512 1789 -1 1523 1504 1510 -1 1523 1519 1504 -1 1515 1507 1521 -1 1515 1501 1507 -1 1528 1495 1526 -1 1493 1495 1528 -1 1664 1652 1662 -1 1664 1653 1652 -1 1788 1118 1786 -1 1787 1118 1788 -1 1117 1841 1785 -1 1117 1783 1841 -1 1784 765 1773 -1 1784 763 765 -1 1781 1751 1753 -1 1781 1777 1751 -1 1487 1042 1043 -1 1042 1487 1780 -1 762 535 773 -1 535 762 533 -1 1780 1778 1777 -1 1779 1778 1780 -1 1747 765 766 -1 1747 1774 765 -1 1783 1775 1841 -1 1775 1783 1773 -1 1662 1651 1667 -1 1651 1662 1652 -1 645 674 1612 -1 674 645 1608 -1 1757 1769 1898 -1 1756 1769 1757 -1 1759 1688 1146 -1 1759 1160 1688 -1 30 754 753 -1 754 30 29 -1 1898 754 29 -1 1769 754 1898 -1 1770 1756 1771 -1 1769 1756 1770 -1 1772 748 1767 -1 1772 749 748 -1 548 748 750 -1 548 747 748 -1 747 1895 1768 -1 1895 747 745 -1 745 1766 1895 -1 1766 745 744 -1 1762 744 746 -1 1762 1764 744 -1 1764 1760 1765 -1 1760 1764 1761 -1 1145 1763 1758 -1 1763 1145 1761 -1 1686 1148 1032 -1 1686 742 1148 -1 734 511 512 -1 511 734 1232 -1 809 742 1686 -1 742 809 743 -1 1684 1752 1680 -1 1684 1753 1752 -1 764 1750 766 -1 764 1752 1750 -1 1776 1750 1751 -1 1776 1749 1750 -1 1749 1138 1746 -1 1776 1138 1749 -1 1745 1748 1746 -1 1744 1748 1745 -1 1141 1745 1137 -1 1141 1742 1745 -1 1740 1742 1141 -1 1740 1738 1742 -1 1743 1737 1736 -1 1743 1738 1737 -1 1737 1894 1735 -1 1739 1894 1737 -1 1732 1735 1894 -1 1732 1731 1735 -1 1729 1731 1727 -1 1729 1734 1731 -1 1724 1727 1730 -1 1724 1726 1727 -1 1726 1723 1728 -1 1723 1726 1722 -1 1725 1721 1722 -1 1725 1754 1721 -1 1702 1708 1714 -1 1720 1708 1702 -1 1717 1719 1718 -1 1717 1711 1719 -1 1714 1703 1702 -1 1713 1703 1714 -1 1715 1716 1126 -1 739 1716 1715 -1 1713 1126 1716 -1 1126 1713 1127 -1 1710 1714 1708 -1 1712 1714 1710 -1 1711 1887 1709 -1 1711 1717 1887 -1 1887 1536 1540 -1 1536 1887 1695 -1 1226 821 820 -1 821 1226 1704 -1 1716 741 1706 -1 1716 739 741 -1 1720 819 821 -1 1720 1702 819 -1 807 1703 1706 -1 806 1703 807 -1 1690 1546 1067 -1 1224 1546 1690 -1 1701 1694 1691 -1 1701 1699 1694 -1 1696 1535 1537 -1 1696 1700 1535 -1 1517 1142 1502 -1 1517 59 1142 -1 734 1463 1755 -1 734 732 1463 -1 1517 1501 1515 -1 1502 1501 1517 -1 1692 1696 1695 -1 1696 1692 1694 -1 1690 1693 1689 -1 1691 1693 1690 -1 1160 736 1688 -1 736 1160 735 -1 1755 1156 1697 -1 1156 1755 1463 -1 570 554 730 -1 570 1161 554 -1 579 560 994 -1 730 560 579 -1 556 564 561 -1 564 556 555 -1 996 1559 1558 -1 1125 1559 996 -1 1554 817 1556 -1 817 1554 818 -1 1562 799 801 -1 1223 799 1562 -1 15 7 24 -1 15 8 7 -1 728 1041 595 -1 728 722 1041 -1 1040 727 597 -1 1676 727 1040 -1 810 1681 1679 -1 1681 810 809 -1 1682 1032 1685 -1 1682 1686 1032 -1 725 1165 1031 -1 724 1165 725 -1 542 1162 9 -1 541 1162 542 -1 1680 1685 1684 -1 1682 1685 1680 -1 1679 1683 1677 -1 1679 1681 1683 -1 727 1678 1675 -1 727 1676 1678 -1 1674 722 728 -1 722 1674 720 -1 1006 1376 1163 -1 1006 1375 1376 -1 991 718 223 -1 718 991 990 -1 717 721 834 -1 716 721 717 -1 666 1663 664 -1 1663 666 1659 -1 686 1168 1179 -1 686 641 1168 -1 686 638 642 -1 686 685 638 -1 1622 1176 1655 -1 1622 1619 1176 -1 1598 1593 1597 -1 1593 1598 1592 -1 702 1070 1192 -1 1070 702 704 -1 1171 700 600 -1 1171 1175 700 -1 1048 582 1173 -1 598 582 1048 -1 1625 1610 1671 -1 1610 1625 1184 -1 659 1672 655 -1 659 1635 1672 -1 980 1670 1611 -1 980 1668 1670 -1 1666 1669 646 -1 1666 1665 1669 -1 692 1667 690 -1 692 1662 1667 -1 1659 1664 1663 -1 1659 1661 1664 -1 1660 814 816 -1 1656 814 1660 -1 602 1658 1655 -1 602 1657 1658 -1 1011 614 615 -1 668 614 1011 -1 609 815 814 -1 708 815 609 -1 707 1653 1654 -1 707 767 1653 -1 1651 758 760 -1 1651 1652 758 -1 1054 1650 1016 -1 1054 1648 1650 -1 1649 844 1647 -1 844 1649 845 -1 1640 829 1645 -1 829 1640 1637 -1 1896 1646 828 -1 1896 1634 1646 -1 630 711 713 -1 632 711 630 -1 626 1643 709 -1 628 1643 626 -1 1642 1589 1588 -1 1642 1644 1589 -1 627 1168 1169 -1 629 1168 627 -1 1604 1587 625 -1 1604 1605 1587 -1 1607 1590 1606 -1 1591 1590 1607 -1 672 699 713 -1 699 672 671 -1 1666 1012 690 -1 1666 1612 1012 -1 713 698 630 -1 713 699 698 -1 1641 1639 1134 -1 1637 1639 1641 -1 1640 1636 1638 -1 1635 1636 1640 -1 1179 684 686 -1 1179 689 684 -1 1633 1896 777 -1 1633 1629 1896 -1 682 1303 1369 -1 682 681 1303 -1 1884 680 682 -1 1884 1630 680 -1 1372 676 526 -1 1372 677 676 -1 679 678 832 -1 679 676 678 -1 1631 1896 1629 -1 1631 1634 1896 -1 1623 1630 1884 -1 1623 1628 1630 -1 1294 1626 1627 -1 1183 1626 1294 -1 1624 1395 1398 -1 1624 1582 1395 -1 981 647 644 -1 647 981 648 -1 671 673 675 -1 671 670 673 -1 667 1400 665 -1 1400 667 672 -1 1189 1403 1614 -1 1403 1189 1401 -1 1618 1405 1408 -1 1618 1615 1405 -1 1621 1407 695 -1 1621 1620 1407 -1 669 1619 661 -1 1176 1619 669 -1 1618 1622 1616 -1 1618 1620 1622 -1 1613 1615 1617 -1 1613 1614 1615 -1 670 1012 673 -1 1012 670 693 -1 661 1621 662 -1 661 1619 1621 -1 1611 981 980 -1 1611 1609 981 -1 655 656 659 -1 655 654 656 -1 1610 652 655 -1 1610 650 652 -1 1130 1190 1131 -1 1190 1130 1609 -1 656 1182 657 -1 656 982 1182 -1 1295 652 651 -1 652 1295 654 -1 1191 653 650 -1 1191 1070 653 -1 688 647 649 -1 688 1608 647 -1 646 1612 1666 -1 646 645 1612 -1 1181 1574 694 -1 1181 1595 1574 -1 1601 1606 1599 -1 1606 1601 1607 -1 1604 1603 1605 -1 1604 1193 1603 -1 1603 1600 1599 -1 1600 1603 1602 -1 1601 1597 1595 -1 1597 1601 1598 -1 1574 1594 1215 -1 1594 1574 1596 -1 703 1593 1592 -1 703 705 1593 -1 1578 635 1213 -1 635 1578 633 -1 1591 1588 1590 -1 1591 1178 1588 -1 626 629 627 -1 626 632 629 -1 625 1589 628 -1 1587 1589 625 -1 624 1365 1367 -1 624 623 1365 -1 1360 1584 1585 -1 1360 1575 1584 -1 619 616 620 -1 617 616 619 -1 615 608 618 -1 614 608 615 -1 1208 1213 1211 -1 1213 1208 1578 -1 1584 1397 1396 -1 1584 1583 1397 -1 1207 1581 1205 -1 1581 1207 1582 -1 1579 622 1580 -1 1579 623 622 -1 1368 525 1586 -1 525 1368 1370 -1 66 524 527 -1 524 66 1332 -1 1210 1577 1575 -1 1210 1212 1577 -1 605 503 1061 -1 605 475 503 -1 590 1038 591 -1 590 585 1038 -1 594 589 592 -1 589 594 593 -1 589 1572 590 -1 589 1573 1572 -1 585 1571 1038 -1 585 587 1571 -1 1219 1187 1154 -1 1219 1220 1187 -1 1549 75 545 -1 1549 1221 75 -1 987 47 577 -1 38 47 987 -1 1569 1568 1564 -1 1568 1569 1553 -1 1567 1228 1227 -1 1566 1228 1567 -1 1564 1565 1563 -1 1564 1568 1565 -1 1066 88 1550 -1 88 1066 1065 -1 571 575 572 -1 571 89 575 -1 1562 1560 1561 -1 1560 1562 1558 -1 1559 1555 1557 -1 1555 1559 1554 -1 988 557 559 -1 988 1556 557 -1 1549 544 1552 -1 1549 545 544 -1 1553 1566 1568 -1 1552 1566 1553 -1 1551 550 549 -1 90 550 1551 -1 552 1570 37 -1 552 1548 1570 -1 575 1546 738 -1 575 574 1546 -1 1226 1149 1547 -1 1226 989 1149 -1 808 1543 1545 -1 808 1128 1543 -1 1541 1544 1539 -1 1541 1542 1544 -1 1158 1540 1536 -1 1158 1538 1540 -1 1537 49 1159 -1 49 1537 1535 -1 1533 1828 1789 -1 1533 1530 1828 -1 1528 1532 1531 -1 1528 1527 1532 -1 1828 1524 1789 -1 1524 1828 1522 -1 1520 1523 1525 -1 1519 1523 1520 -1 1521 1516 1515 -1 1521 1518 1516 -1 1517 1338 59 -1 1517 1514 1338 -1 1509 1513 1512 -1 1509 1511 1513 -1 1506 1510 1504 -1 1510 1506 1508 -1 1507 1503 1505 -1 1507 1501 1503 -1 1698 1502 1142 -1 1698 1500 1502 -1 1498 1494 1493 -1 1498 1497 1494 -1 1495 1491 769 -1 1495 1492 1491 -1 1489 770 1490 -1 772 770 1489 -1 1488 762 773 -1 1488 1487 762 -1 1043 542 761 -1 542 1043 540 -1 536 1534 771 -1 536 538 1534 -1 52 1142 53 -1 52 1698 1142 -1 1586 524 1209 -1 1586 525 524 -1 1410 1209 1292 -1 1410 1586 1209 -1 970 319 968 -1 320 319 970 -1 522 72 523 -1 72 522 73 -1 506 510 509 -1 506 491 510 -1 513 1481 1231 -1 515 1481 513 -1 516 1478 1484 -1 516 514 1478 -1 479 1188 489 -1 479 478 1188 -1 1483 1486 1485 -1 1484 1486 1483 -1 1053 515 516 -1 1053 1052 515 -1 508 1230 1480 -1 508 509 1230 -1 1481 1052 1482 -1 1052 1481 515 -1 477 499 475 -1 477 496 499 -1 1478 495 497 -1 1478 1477 495 -1 1479 513 1476 -1 1479 514 513 -1 483 64 66 -1 485 64 483 -1 1220 64 485 -1 1220 481 64 -1 1477 479 495 -1 479 1477 480 -1 478 1155 1186 -1 478 480 1155 -1 1475 731 1218 -1 1475 1462 731 -1 972 482 1074 -1 482 972 531 -1 1474 1472 1469 -1 1472 1474 1473 -1 1471 111 871 -1 111 1471 1470 -1 112 1468 1465 -1 112 1467 1468 -1 887 469 1312 -1 469 887 470 -1 178 1466 175 -1 1466 178 110 -1 188 1464 471 -1 188 1353 1464 -1 885 1312 1264 -1 887 1312 885 -1 1429 175 1466 -1 175 1429 1311 -1 397 431 453 -1 397 1113 431 -1 171 1240 1244 -1 1240 171 172 -1 1268 1101 865 -1 1268 867 1101 -1 1448 473 457 -1 1448 420 473 -1 1347 418 1258 -1 1347 1348 418 -1 456 447 457 -1 456 445 447 -1 394 1461 1425 -1 1460 1461 394 -1 457 449 1448 -1 449 457 447 -1 1103 1107 860 -1 1103 1259 1107 -1 1458 1241 1457 -1 1241 1458 1240 -1 1255 1454 1248 -1 1255 443 1454 -1 445 450 447 -1 445 446 450 -1 1242 444 1250 -1 1242 442 444 -1 1456 395 1426 -1 1456 440 395 -1 439 1115 437 -1 439 1114 1115 -1 438 396 1427 -1 438 437 396 -1 1271 433 1272 -1 1271 94 433 -1 1897 163 1310 -1 163 1897 422 -1 1248 433 91 -1 433 1248 1454 -1 156 862 157 -1 862 156 861 -1 866 1106 864 -1 866 1105 1106 -1 170 1248 93 -1 170 1255 1248 -1 1349 460 419 -1 462 460 1349 -1 417 1451 1450 -1 1453 1451 417 -1 424 1452 1449 -1 424 423 1452 -1 1847 1270 1247 -1 1270 1847 393 -1 1448 1257 1256 -1 1257 1448 449 -1 1247 448 1847 -1 1247 1254 448 -1 419 1348 1349 -1 1348 419 418 -1 1442 403 1437 -1 1108 403 1442 -1 1266 389 388 -1 389 1266 1412 -1 1447 1445 888 -1 1447 1443 1445 -1 1446 413 1444 -1 1446 416 413 -1 387 857 1442 -1 854 857 387 -1 1439 856 1438 -1 1439 1440 856 -1 1420 1441 1419 -1 855 1441 1420 -1 405 1277 1438 -1 405 404 1277 -1 400 1437 403 -1 1439 1437 400 -1 402 1436 1106 -1 402 401 1436 -1 412 864 1102 -1 864 412 865 -1 878 875 874 -1 878 1098 875 -1 1433 1435 1431 -1 1434 1435 1433 -1 1429 1432 1428 -1 1430 1432 1429 -1 108 195 109 -1 194 195 108 -1 1427 107 435 -1 396 107 1427 -1 394 1426 395 -1 1425 1426 394 -1 1424 1249 1246 -1 1249 1424 1250 -1 442 430 1423 -1 430 442 1242 -1 1421 1096 353 -1 1421 1422 1096 -1 910 1422 849 -1 910 908 1422 -1 409 1110 1261 -1 409 392 1110 -1 352 409 381 -1 352 392 409 -1 386 376 378 -1 376 386 385 -1 354 1096 1095 -1 354 353 1096 -1 914 332 391 -1 337 332 914 -1 365 372 374 -1 372 365 370 -1 1455 372 371 -1 1455 373 372 -1 1253 375 373 -1 1253 1459 375 -1 907 1413 143 -1 906 1413 907 -1 1413 906 1326 -1 142 1416 1281 -1 142 144 1416 -1 199 366 200 -1 366 199 1308 -1 1358 1289 201 -1 1358 1356 1289 -1 363 367 365 -1 363 362 367 -1 922 1415 920 -1 922 338 1415 -1 934 925 932 -1 925 934 937 -1 1413 355 357 -1 1413 1326 355 -1 382 353 352 -1 1421 353 382 -1 1288 853 1412 -1 1288 1109 853 -1 348 358 1112 -1 348 349 358 -1 99 1287 349 -1 99 1261 1287 -1 927 338 330 -1 1415 338 927 -1 915 336 337 -1 915 1411 336 -1 927 336 929 -1 927 330 336 -1 1331 209 1306 -1 209 1331 328 -1 1410 977 1366 -1 1410 978 977 -1 320 71 319 -1 70 71 320 -1 695 1409 697 -1 695 1407 1409 -1 1408 1402 1406 -1 1408 1405 1402 -1 1401 1404 1403 -1 1404 1401 712 -1 672 710 1400 -1 710 672 713 -1 1397 1398 1395 -1 1399 1398 1397 -1 1206 1304 1396 -1 1206 974 1304 -1 1414 962 1391 -1 1414 1082 962 -1 313 303 302 -1 313 1084 303 -1 1082 1394 1378 -1 1082 1414 1394 -1 305 943 1393 -1 943 305 308 -1 1204 945 203 -1 1204 1201 945 -1 951 1077 1392 -1 949 1077 951 -1 960 964 966 -1 961 964 960 -1 220 310 958 -1 220 219 310 -1 312 956 946 -1 312 302 956 -1 1390 285 284 -1 298 285 1390 -1 296 1390 1029 -1 296 298 1390 -1 290 289 301 -1 289 290 287 -1 281 1388 621 -1 1388 281 282 -1 1387 1298 283 -1 1387 1385 1298 -1 1387 1893 1386 -1 1387 1892 1893 -1 1384 270 280 -1 1384 271 270 -1 279 269 277 -1 279 270 269 -1 1027 278 1299 -1 1027 277 278 -1 580 273 584 -1 580 274 273 -1 257 967 41 -1 1883 967 257 -1 1062 965 986 -1 965 1062 1383 -1 246 235 1080 -1 235 246 236 -1 254 963 1382 -1 963 254 256 -1 1024 255 254 -1 255 1024 947 -1 1046 1049 1381 -1 1049 1046 1025 -1 249 253 205 -1 252 253 249 -1 976 1882 1885 -1 1882 976 1379 -1 1380 1373 1364 -1 1380 975 1373 -1 1378 1083 1082 -1 1083 1378 1285 -1 311 218 1081 -1 311 219 218 -1 1883 318 967 -1 1079 318 1883 -1 1080 241 1081 -1 1080 235 241 -1 360 243 359 -1 360 242 243 -1 241 238 239 -1 241 240 238 -1 227 1890 228 -1 227 222 1890 -1 1376 990 1374 -1 1376 718 990 -1 1890 221 1375 -1 221 1890 222 -1 1083 963 962 -1 1083 1286 963 -1 1372 1303 677 -1 1372 1369 1303 -1 1371 1368 1365 -1 1370 1368 1371 -1 1364 977 1362 -1 977 1364 1373 -1 1363 215 1296 -1 215 1363 216 -1 1585 1361 1360 -1 1885 1361 1585 -1 214 211 116 -1 214 1307 211 -1 1093 1359 1091 -1 1093 919 1359 -1 1306 208 1090 -1 1306 209 208 -1 1092 931 1291 -1 931 1092 1307 -1 607 206 618 -1 607 207 206 -1 1357 201 83 -1 1358 201 1357 -1 1356 115 1289 -1 1356 1355 115 -1 1316 174 1313 -1 174 1316 1315 -1 196 175 1311 -1 196 176 175 -1 1354 105 193 -1 1354 106 105 -1 1352 106 1354 -1 1352 103 106 -1 187 103 1352 -1 187 101 103 -1 1351 186 1262 -1 1351 189 186 -1 1350 1262 1264 -1 1350 1351 1262 -1 184 1264 1312 -1 184 1350 1264 -1 173 182 1314 -1 185 182 173 -1 462 1313 461 -1 462 1316 1313 -1 1346 95 1318 -1 1346 1310 95 -1 1344 1310 1346 -1 1344 1897 1310 -1 1897 1343 1233 -1 1343 1897 1344 -1 181 1233 1343 -1 181 179 1233 -1 178 181 466 -1 181 178 177 -1 863 167 171 -1 863 1320 167 -1 170 1321 165 -1 93 1321 170 -1 155 159 151 -1 155 157 159 -1 139 102 350 -1 1324 102 139 -1 133 907 147 -1 133 132 907 -1 1323 135 897 -1 1323 136 135 -1 141 1112 358 -1 141 350 1112 -1 1342 898 899 -1 1342 1325 898 -1 1341 136 1340 -1 1341 137 136 -1 133 1339 134 -1 133 148 1339 -1 1322 131 1329 -1 131 1322 104 -1 125 123 122 -1 123 125 127 -1 117 952 118 -1 117 217 952 -1 78 39 42 -1 78 74 39 -1 55 1338 56 -1 1333 1338 55 -1 51 77 57 -1 51 543 77 -1 74 40 39 -1 74 76 40 -1 44 34 40 -1 44 35 34 -1 35 577 31 -1 35 987 577 -1 1337 18 20 -1 1337 26 18 -1 27 1336 28 -1 27 1002 1336 -1 22 1334 23 -1 22 1063 1334 -1 1064 1334 1063 -1 1064 1336 1334 -1 24 16 15 -1 24 21 16 -1' creaseAngle='1.571'>
            <Coordinate DEF='lhumrus_Coord' point='8.2457 37.2018 -1.2276 8.2661 37.1945 -1.2806 8.2898 37.2594 -1.2936 8.173 37.0451 -1.2707 8.2796 37.2023 -1.3454 8.1377 37.2238 -1.114 8.1142 37.0633 -1.1585 8.0757 36.9395 -1.256 8.0749 36.9493 -1.3505 7.7134 37.1137 -1.7632 7.7284 37.064 -1.7088 7.7078 37.0663 -1.7102 7.9257 36.8902 -1.4176 7.8905 36.8803 -1.4165 7.8456 36.89 -1.4792 8.0043 36.9272 -1.3793 7.9568 36.9368 -1.4448 8.0581 36.9714 -1.4442 7.7473 37.1861 -1.7752 7.7392 37.1774 -1.789 7.7283 37.2463 -1.8196 7.9369 36.9262 -1.4252 7.838 36.9463 -1.5502 7.8715 36.9607 -1.5263 7.9744 36.9156 -1.3688 7.9569 36.884 -1.3606 7.8884 37.1983 -1.7332 7.8915 37.1373 -1.683 7.7717 37.1287 -1.7347 7.7834 36.8914 -1.498 7.7775 36.9472 -1.5682 7.8393 38.0945 -1.4176 7.9038 38.147 -1.463 7.8074 38.2122 -1.4375 7.7737 38.0431 -1.3967 7.7896 37.9863 -1.3963 7.8166 37.7998 -1.3382 7.8213 37.7594 -1.2866 7.8792 37.8462 -1.3553 7.6 38.0586 -1.3096 7.6606 38.0012 -1.3479 7.7111 38.2148 -1.4106 7.524 38.1084 -1.2919 7.8131 37.8864 -1.3678 7.7295 37.9344 -1.3675 7.9003 37.7698 -1.2757 7.9451 37.7509 -1.2712 7.9542 37.8321 -1.343 7.8623 37.7661 -1.2893 7.6519 37.6249 -1.1501 7.6524 37.6404 -1.1818 7.6146 37.616 -1.183 7.4233 37.6457 -1.1646 7.4609 37.6671 -1.1695 7.4323 37.6689 -1.2215 7.5658 37.6706 -1.1928 7.5678 37.6086 -1.1762 7.5834 37.6683 -1.199 7.5924 37.6133 -1.1767 7.4802 37.6242 -1.1351 7.4807 37.6771 -1.1626 7.5131 37.7828 -1.2191 7.483 37.7719 -1.208 7.492 37.6798 -1.1625 6.9895 37.6743 -1.3971 7.1132 37.77 -1.3745 6.9556 37.7838 -1.3023 7.3326 37.8512 -1.3037 7.2915 37.9276 -1.3294 7.2769 37.8099 -1.3499 7.3358 38.0399 -1.264 7.3935 38.0602 -1.2453 7.3532 37.839 -1.2826 7.4082 37.8343 -1.2571 7.5983 37.8204 -1.2502 7.7068 37.7037 -1.2556 7.6579 37.8147 -1.3025 7.645 37.6684 -1.2156 7.5629 37.8076 -1.2295 7.4419 41.8909 -1.5073 7.4138 42.862 -1.4912 7.4588 42.873 -1.3265 6.8739 41.795 -1.1865 6.7312 41.807 -1.2851 6.7707 40.7002 -1.421 8.05 37.6186 -0.9609 8.0676 37.564 -0.92 8.0904 37.5938 -0.9638 7.9182 37.7292 -1.1614 7.9552 37.7196 -1.1643 7.9021 37.7292 -1.2362 6.7773 49.1075 -0.2454 6.7652 49.1106 -0.281 6.7382 49.2499 -0.2936 6.8026 48.9222 -0.2484 6.6258 49.4412 -0.3328 6.7114 49.4 -0.3696 6.668 49.4677 -0.3657 6.9811 49.2911 -1.544 6.9127 49.0991 -1.6289 6.9023 49.1459 -1.6779 6.3693 48.6067 -1.8412 6.249 48.381 -1.672 6.114 48.429 -1.6671 6.0114 48.2798 -1.2951 5.853 48.3545 -1.0559 5.9281 48.3384 -1.3923 6.2666 48.3607 -0.5038 6.0665 48.56 -0.5592 6.11 48.4224 -0.7153 6.1177 49.0083 -0.3386 6.2347 49.3748 -0.3833 6.0415 49.1608 -0.4593 6.7173 41.8349 -1.6825 6.6829 40.6926 -1.5336 6.6561 41.8172 -1.3958 7.134 41.8088 -1.0865 7.1308 40.6948 -1.1793 7.1801 40.7015 -1.1978 6.8507 37.5304 -1.1782 6.9221 37.5565 -1.2437 6.8804 37.5932 -1.2259 7.016 49.5513 -0.7638 7.0201 49.5497 -0.8083 6.9274 49.5468 -0.8175 7.0508 49.5197 -0.7506 7.1647 49.2896 -0.7406 7.0622 49.516 -0.7939 6.6062 46.2684 -1.5309 6.6976 46.2634 -1.6066 6.7124 45.1897 -1.6602 6.0491 48.2869 -1.4078 6.2941 47.6465 -1.2397 6.2827 47.693 -1.237 6.3312 47.6457 -1.343 6.5038 47.7147 -1.5414 6.5152 47.6679 -1.5391 6.4228 47.6512 -1.4629 6.4942 48.2607 -1.6554 6.4517 48.3756 -1.7157 6.7772 48.6491 -1.6418 6.4885 48.4946 -1.7416 6.3069 47.7963 -0.9332 6.3291 47.6834 -0.9621 6.385 47.7335 -0.75 5.9963 48.3043 -1.0574 6.1143 48.2253 -1.0371 6.2551 47.8206 -1.0915 6.2442 47.8197 -1.2536 6.8166 49.311 -0.3992 6.8682 49.1486 -0.3817 6.8709 49.3574 -0.4008 6.741 49.4193 -0.3831 6.829 49.4051 -0.4377 6.8224 49.4542 -0.489 6.928 49.3592 -0.4057 6.9883 49.3944 -0.4461 6.9244 49.4223 -0.4427 6.9791 49.3268 -0.4123 6.8783 49.4189 -0.4426 6.8994 49.487 -0.5899 6.6755 49.3514 -0.3424 6.6597 49.3727 -0.3537 6.6051 49.3427 -0.3378 6.6978 49.3474 -0.3478 6.7095 49.323 -0.3361 6.7167 49.3392 -0.3586 6.735 49.3298 -0.364 6.6408 49.3089 -0.3043 6.6867 49.2189 -0.2497 6.7287 49.2411 -0.2706 6.7579 49.2576 -0.3725 6.7405 49.2547 -0.3601 6.9253 49.5744 -0.8084 6.8504 49.5486 -0.6107 6.0381 48.7395 -0.4454 6.0569 48.7247 -0.4447 6.1704 48.9741 -0.3178 6.1631 48.979 -0.32 6.3487 49.2155 -0.3041 6.2054 48.9542 -0.3358 6.3327 49.2342 -0.2982 6.9946 49.56 -1.075 7.0175 49.3911 -1.4169 7.0127 49.413 -1.4294 6.9893 49.5223 -1.0566 6.6334 48.9155 -1.8956 6.3545 48.6294 -1.8646 6.3401 48.65 -1.8797 6.6446 48.8964 -1.8706 5.7973 48.3711 -1.064 5.8964 48.4718 -0.7468 5.8772 48.4831 -0.7537 5.8236 48.3609 -1.0602 5.9923 48.5709 -0.5759 5.9169 48.462 -0.7351 5.9658 48.575 -0.5792 6.0979 48.7013 -0.4531 6.6043 43.956 -1.291 6.6057 43.9529 -1.2512 6.555 45.1122 -1.1695 6.6886 41.8087 -1.2984 6.6777 38.7967 -1.7637 6.6635 38.8012 -1.7112 6.7671 39.5175 -1.7047 6.5602 38.2392 -1.7887 6.5289 38.0555 -1.828 6.4761 38.0688 -1.8101 7.2378 46.2517 -0.7336 7.2638 46.2587 -0.7667 7.2518 47.2762 -0.7152 7.2008 42.8855 -0.9512 7.1556 42.8883 -0.9656 7.2203 40.7161 -1.221 7.2127 41.8213 -1.1019 7.0426 38.8113 -1.2768 7.109 38.8196 -1.2521 7.1486 39.5525 -1.2408 8.0767 38.5323 -1.7268 8.0283 38.6597 -1.7668 7.9539 38.6476 -1.6938 8.3094 37.3867 -1.3459 8.3191 37.5366 -1.3716 8.2906 37.3979 -1.2636 8.0718 37.5989 -1.7978 8.183 37.6631 -1.6493 8.0612 37.4402 -1.7169 8.3175 37.6686 -1.428 8.287 37.7415 -1.5321 8.297 37.7535 -1.4653 8.2973 37.6805 -1.379 8.286 37.7624 -1.4133 8.078 38.1599 -1.9155 8.0169 38.3354 -1.9397 8.103 38.2051 -1.9111 8.1295 38.3684 -1.7588 8.1757 38.2023 -1.7246 8.178 38.2332 -1.8027 8.0923 38.2926 -1.9047 8.0371 38.4086 -1.9181 8.1419 38.3124 -1.8335 8.0993 38.4232 -1.8337 8.1858 38.1434 -1.8118 8.187 38.0423 -1.7738 8.2327 38.0072 -1.546 8.1792 37.9574 -1.7451 8.158 38.2774 -1.6468 6.5109 38.2407 -1.763 6.5564 38.3491 -1.7598 6.5914 38.3501 -1.7865 6.8218 38.3591 -1.8706 6.8137 38.2575 -1.8557 6.6803 38.353 -1.8253 6.6793 38.2349 -1.8261 7.7339 38.1934 -1.9779 7.63 38.3335 -1.958 7.7072 38.3372 -1.9885 7.6902 38.3556 -1.4361 7.1474 37.6579 -1.4378 7.0676 37.6644 -1.46 7.1157 37.7357 -1.4785 7.1678 37.7215 -1.4705 7.1862 37.7821 -1.5011 7.0661 37.7754 -1.502 7.1055 37.8087 -1.5295 7.141 37.8306 -1.5466 7.1824 37.8454 -1.5586 7.2328 37.8369 -1.5543 7.2669 37.8157 -1.5384 7.2591 37.7704 -1.5085 7.2387 37.745 -1.4899 7.2048 37.7273 -1.4761 7.0182 37.6841 -1.4774 6.9509 37.7394 -1.5398 7.0198 37.8217 -1.5797 7.1928 37.9118 -1.6189 7.2818 37.8792 -1.6296 7.3354 37.7549 -1.5197 7.3554 37.8199 -1.6218 7.3058 37.7192 -1.4909 7.2808 37.6894 -1.4668 6.8465 38.0616 -1.8494 7.0092 38.076 -1.7898 7.3431 38.003 -1.8032 7.4622 37.9368 -1.8695 7.4764 37.8329 -1.7292 7.3292 37.9198 -1.7037 7.547 37.4357 -1.7707 7.4697 37.3593 -1.7042 7.4666 37.5196 -1.6437 7.5873 37.5053 -1.8054 7.6296 37.5554 -1.8822 7.6348 37.4651 -1.8564 7.4389 37.5809 -1.5983 7.405 37.6554 -1.5394 7.4869 37.608 -1.643 7.5309 37.7134 -1.7017 7.4495 37.7176 -1.5742 7.5099 37.7755 -1.7103 7.7181 37.5108 -1.93 7.5373 37.6442 -1.7048 7.507 37.5937 -1.6704 7.1591 38.8201 -1.9149 6.8441 38.801 -1.9049 7.1625 39.5101 -1.9466 6.7204 38.6026 -1.5161 6.851 38.6034 -1.4047 6.8725 38.8043 -1.3792 6.7583 38.7977 -1.5343 7.9297 38.8621 -1.8444 7.9361 38.8673 -1.7682 8.0011 38.6453 -1.8475 7.1838 38.6048 -1.9072 7.1124 38.6066 -1.901 6.3245 37.6423 -1.4852 6.3209 37.691 -1.5179 6.2859 37.631 -1.5227 6.6823 38.5891 -1.8237 7.3468 38.2392 -1.2611 7.2995 38.175 -1.2562 7.2826 38.1271 -1.2693 7.1935 38.0711 -1.3107 7.615 39.6114 -1.6944 7.4424 40.729 -1.5515 7.4941 39.6017 -1.5493 7.4488 43.9858 -1.0924 7.4457 43.9818 -1.0235 7.352 42.8813 -1.0312 7.3246 46.2735 -0.9579 7.3634 47.2947 -0.8977 7.2393 45.1755 -1.6624 7.1847 46.2815 -1.5973 7.2637 46.2898 -1.5471 6.823 46.2089 -0.7935 6.8961 45.1129 -0.8763 6.9279 46.2104 -0.7539 7.339 45.1833 -1.5397 7.3051 46.29 -1.4366 7.0475 45.155 -1.7404 7.059 46.2683 -1.6773 7.2409 49.059 -1.5406 7.0823 49.19 -1.5363 7.0981 49.2268 -1.471 6.9924 49.5012 -0.9982 7.0712 49.324 -1.3584 7.0285 49.3706 -1.4071 7.0482 49.2555 -1.4939 6.9964 49.2567 -1.5246 6.6767 48.8212 -1.7495 6.7322 48.7916 -1.7012 6.408 48.4949 -1.7824 7.0293 49.437 -1.1159 7.0159 48.719 -1.6429 6.9608 48.4423 -1.6248 6.8753 48.5192 -1.6392 6.4989 46.2789 -1.3128 6.5634 45.1451 -1.4258 6.5063 46.2674 -1.2485 6.607 48.6466 -1.7352 8.1118 38.0321 -1.8953 8.1405 38.128 -1.8776 6.4529 47.7312 -0.6154 6.4703 47.319 -0.7602 6.4912 47.3198 -0.7363 6.4272 47.7339 -0.6642 6.5825 46.2054 -0.8843 6.6106 45.1051 -1.0641 6.5427 46.2115 -0.9348 6.8949 47.32 -0.6491 6.8192 47.3163 -0.639 6.6459 46.2063 -0.8603 6.7128 47.3161 -0.6576 6.5996 47.3162 -0.6773 6.5536 47.7353 -0.5789 6.5161 47.3216 -0.7159 6.4781 47.7294 -0.5961 7.3691 48.6845 -1.3944 7.3169 48.3886 -1.4411 7.3092 48.6252 -1.5344 7.3908 48.4518 -1.3218 7.3806 48.2095 -1.2414 7.0923 48.7563 -1.6379 7.2349 48.6263 -1.5986 7.2483 48.6932 -1.5963 7.3297 48.7718 -1.5281 7.3603 48.7477 -1.4249 7.3243 48.6994 -1.5304 7.2417 49.1152 -1.059 7.2987 49.0117 -1.2253 7.2308 49.1313 -1.1647 7.175 47.3008 -1.4571 7.2789 47.295 -1.3421 6.9286 48.8511 -1.6441 6.4948 48.4767 -0.1943 6.4337 48.4747 -0.208 6.4181 48.3124 -0.2836 6.2565 48.4944 -0.4506 6.8561 48.5847 -0.3674 6.8667 48.8188 -0.3846 6.8332 48.793 -0.3454 7.3399 48.7462 -0.7172 7.1785 48.9393 -0.4803 7.2204 48.7314 -0.5213 7.2753 48.9435 -0.696 7.3185 48.9599 -1.1989 7.3601 48.8185 -1.2256 7.3726 48.8212 -1.2789 7.0927 49.1056 -1.6221 7.2551 48.8686 -1.5742 6.9936 48.8984 -1.6293 6.9578 49.047 -0.38 6.899 49.0075 -0.4005 6.9431 48.8695 -0.4162 6.4174 49.6498 -1.5787 6.233 49.6178 -1.5453 6.2584 49.6458 -1.5046 6.3751 49.58 -1.6487 6.5201 49.6 -0.4528 6.5972 49.5066 -0.345 6.6265 49.5273 -0.3596 6.5435 49.2388 -0.2625 6.5992 49.2637 -0.2674 6.5454 49.3216 -0.3141 6.1928 49.7255 -0.9947 6.222 49.7477 -1.002 6.1405 49.6895 -1.174 7.0379 49.4772 -0.9834 7.0781 49.469 -0.937 7.1468 49.3144 -1.1049 6.8316 48.5729 -0.2734 6.8316 48.5651 -0.2546 6.8282 48.3977 -0.3232 6.8286 48.5776 -0.2861 6.8183 48.9224 -0.2174 6.2744 48.2692 -0.5356 6.3099 48.3401 -0.4076 6.3282 48.2329 -0.4643 6.2463 48.6281 -0.3975 6.321 48.6405 -0.2873 6.3274 48.7343 -0.2695 6.4242 48.1871 -0.3596 6.4634 48.1949 -0.353 6.8111 48.7173 -0.1399 6.7841 48.9045 -0.1168 6.6788 48.6895 -0.1417 6.4071 48.8892 -0.1815 6.4024 48.7671 -0.1827 6.466 48.9388 -0.1447 6.5943 48.8613 -0.094 6.5864 49.0176 -0.1361 6.4878 48.8068 -0.1244 6.9329 49.2002 -0.3868 6.7804 47.9063 -0.5124 6.8583 48.3613 -0.3703 6.8129 48.2966 -0.3489 6.8622 47.9408 -0.5499 6.4014 48.9802 -0.2172 6.4456 49.0448 -0.1983 6.3702 49.1764 -0.3181 6.8303 49.6497 -0.6179 6.679 49.5573 -0.3955 6.8413 49.6045 -0.6112 6.7012 49.5179 -0.3814 6.3058 49.2665 -0.2994 6.4671 49.3736 -0.2823 6.4588 49.4069 -0.29 6.3263 49.2409 -0.2998 6.9093 49.6691 -0.8165 6.9233 49.6342 -0.8044 6.9953 49.5927 -1.0883 6.9807 49.6199 -1.1199 6.3105 48.7075 -1.8882 6.6036 48.9494 -1.9125 6.4747 49.236 -0.2899 6.4871 49.2738 -0.3006 6.7385 37.4227 -1.0092 6.8201 37.3991 -0.9945 6.8429 37.4348 -1.0363 6.9405 37.4791 -1.1659 6.9218 37.4572 -1.1423 6.9797 37.4527 -1.1622 7.0346 37.634 -1.3882 7.1334 37.7255 -1.3879 6.9208 37.7284 -1.3339 6.9434 37.6427 -1.3572 6.9631 37.6625 -1.4004 6.7767 37.467 -1.1197 6.8135 37.4643 -1.1284 6.7838 37.4809 -1.1255 6.8728 37.4608 -1.1295 6.8174 37.4861 -1.1341 7.2374 37.5171 -1.1655 7.2875 37.5557 -1.1585 7.239 37.521 -1.1755 7.2869 37.5484 -1.1504 6.915 37.4585 -1.1241 6.8641 37.4619 -1.0868 6.9069 37.4539 -1.102 6.8671 37.4621 -1.1077 6.7877 37.4611 -1.0768 6.7985 37.4666 -1.0986 6.7475 37.4638 -1.0741 6.6384 37.3871 -1.0964 6.7109 37.4318 -1.0291 7.1941 37.49 -1.2061 7.1898 37.4867 -1.191 7.2544 37.5118 -1.1453 7.2792 37.5133 -1.1327 7.2216 37.4397 -1.116 7.2017 37.4525 -1.1414 7.1922 37.4804 -1.1788 7.1601 37.4718 -1.1783 7.1652 37.4663 -1.2053 7.0974 37.4504 -1.165 7.0307 37.4475 -1.1525 7.0931 37.3989 -1.1281 7.023 37.408 -1.1067 7.2049 37.9934 -1.3371 7.1949 37.7986 -1.3722 7.3514 37.6219 -1.301 7.2609 37.5799 -1.3875 7.2682 37.5725 -1.3254 7.3895 37.6562 -1.2808 7.3445 37.6442 -1.3116 6.9224 37.8741 -1.2653 6.9002 37.8872 -1.2606 6.8554 37.7976 -1.2588 6.8746 37.7919 -1.2692 7.1409 37.8014 -1.3732 7.1739 37.8235 -1.3681 7.1535 37.7668 -1.3793 7.1858 37.7209 -1.3869 7.3051 37.6678 -1.3328 7.7039 36.993 -1.6279 7.6987 36.9264 -1.5682 7.6874 36.9198 -1.5698 7.6296 36.832 -1.4266 7.6787 36.8577 -1.4876 7.6572 36.8396 -1.4176 7.6581 36.8555 -1.4917 7.6397 37.1278 -1.7482 7.6673 37.1791 -1.7973 7.678 37.1204 -1.765 7.6586 37.6362 -1.2043 7.7173 37.6826 -1.2213 7.7197 37.6745 -1.2373 7.724 36.9938 -1.0396 7.7127 36.9918 -1.053 7.7267 36.946 -1.1159 7.8617 37.7294 -1.2666 7.8988 37.7177 -1.2552 7.7085 37.8263 -1.3314 7.7749 37.7424 -1.2801 7.9347 37.709 -1.2423 8.1338 37.5629 -1.0169 8.1342 37.5108 -0.9482 8.1505 37.5022 -0.9974 8.1745 37.385 -0.9084 8.1212 37.4795 -0.9041 8.1306 37.4033 -0.878 8.1726 37.4659 -1.0585 8.171 37.4372 -0.9746 8.1798 37.41 -1.0401 8.1816 37.3914 -0.9945 8.1566 37.4552 -0.9335 8.0044 36.8572 -1.2178 7.9391 36.8729 -1.3543 8.0292 36.8639 -1.2126 8.1135 37.635 -1.2298 8.0805 37.6324 -1.1405 8.135 37.5794 -1.1027 7.9879 37.6966 -1.1747 8.0375 37.6794 -1.0802 8.0636 37.6563 -1.1062 7.9791 37.7013 -1.0693 8.0037 37.6928 -1.0704 8.1478 37.7527 -1.3025 7.9399 37.9535 -1.4103 8.097 37.9887 -1.4487 8.1975 37.5258 -1.2545 6.9369 37.8337 -1.6289 6.7381 37.6878 -1.6357 6.7328 37.7391 -1.6836 6.7368 37.6677 -1.6156 6.8426 37.7036 -1.5777 7.2481 37.5873 -1.4288 7.3269 37.6352 -1.4596 7.3311 37.6215 -1.4605 7.2432 37.6044 -1.4345 7.0056 37.5825 -1.4473 7.1283 37.5734 -1.4126 7.1309 37.5477 -1.4417 7.009 37.5556 -1.4692 6.93 37.6149 -1.4737 6.9312 37.5845 -1.4976 6.8545 37.3203 -1.8108 6.9198 37.4008 -1.645 6.8988 37.2888 -1.7812 6.7372 37.7987 -1.7542 6.746 37.8509 -1.8287 6.6389 37.7305 -1.8325 6.6592 37.8226 -1.8573 6.5107 37.5426 -1.8434 6.611 37.5696 -1.8101 6.6071 37.5261 -1.81 6.7022 37.3725 -0.9701 6.4138 38.027 -1.7962 6.4503 38.0029 -1.8173 6.4065 37.9519 -1.8269 6.6162 37.3682 -1.8329 6.6696 37.4478 -1.8017 6.7762 37.3025 -1.8047 7.0957 37.9254 -1.3064 6.3519 37.8765 -1.8361 6.4193 37.8698 -1.8509 6.5197 37.8855 -1.8529 6.6554 37.9553 -1.8644 6.6573 37.8889 -1.8609 6.5231 37.9703 -1.8398 6.6882 37.8972 -1.8581 6.7179 37.9719 -1.8589 6.8508 37.968 -1.8079 6.6249 37.9619 -1.3574 6.6468 37.9612 -1.3412 6.6569 38.0427 -1.3631 6.068 37.3011 -1.8179 6.1002 37.2368 -1.8153 6.0821 37.2397 -1.7904 6.0891 37.2998 -1.8372 6.1044 37.1703 -1.7628 6.1461 37.1109 -1.753 6.1309 37.1103 -1.7393 6.1207 37.1693 -1.7838 6.2372 37.7922 -1.8336 6.1591 37.7159 -1.8258 6.2245 37.7954 -1.8042 6.1619 37.6972 -1.8476 6.1384 37.2394 -1.586 6.1373 37.1652 -1.5922 6.1807 37.1429 -1.5161 6.0935 37.2441 -1.6437 6.0954 37.1815 -1.7034 6.1023 37.1864 -1.6605 6.0665 37.2452 -1.7115 6.3103 36.9977 -1.5964 6.316 36.9926 -1.6148 6.3683 36.9925 -1.5794 6.2624 37.002 -1.6104 6.2539 36.9862 -1.5844 6.2154 37.0061 -1.6239 6.2698 37.3314 -1.4017 6.2273 37.2313 -1.4626 6.2667 37.2187 -1.4228 6.2261 37.3385 -1.4337 6.2611 37.187 -1.419 6.313 37.2056 -1.3869 6.2679 37.1038 -1.4496 6.2745 37.0685 -1.4719 6.3236 37.0345 -1.4526 6.3198 37.091 -1.4283 6.2854 37.807 -1.8467 6.3652 37.7111 -1.8771 6.2984 37.7161 -1.8745 6.3596 37.7944 -1.8624 6.3655 37.1352 -1.7859 6.317 37.2208 -1.848 6.3789 37.2356 -1.8486 6.3036 37.1241 -1.7764 6.4269 37.787 -1.8732 6.4313 37.7079 -1.8724 6.2942 37.0748 -1.7276 6.2393 37.0783 -1.7444 6.2442 37.1223 -1.7753 6.2892 37.0439 -1.7042 6.2846 37.03 -1.6895 6.235 37.0321 -1.7084 6.8225 37.6392 -1.1904 6.7236 37.6479 -1.1883 6.8062 37.5657 -1.1595 6.8519 37.6317 -1.1894 6.6136 37.6634 -1.2651 6.6326 37.6611 -1.2304 6.6272 37.7981 -1.2975 6.6605 37.5277 -1.1452 6.1607 37.0761 -1.6468 6.1448 37.1388 -1.608 6.1192 37.138 -1.6794 6.157 37.0762 -1.7172 6.2275 37.0047 -1.666 6.1511 37.0764 -1.7066 6.4008 37.0737 -1.6874 6.3559 37.1147 -1.7496 6.4116 37.1096 -1.7339 6.3455 37.0733 -1.7095 6.158 37.7176 -1.7941 6.2137 37.6184 -1.8834 6.2011 37.7229 -1.8605 6.1597 37.6173 -1.8749 6.1771 37.0788 -1.7307 6.2067 37.0805 -1.7403 6.516 37.676 -1.8572 6.5169 37.7172 -1.856 6.2037 37.5412 -1.5047 6.1271 37.4735 -1.5161 6.1743 37.4514 -1.4541 6.1634 37.5627 -1.5445 6.6756 37.1689 -1.7663 6.6313 37.1889 -1.7836 6.6149 37.2819 -1.8281 6.1478 37.2452 -1.8387 6.1969 37.1916 -1.8141 6.1643 37.1802 -1.8071 6.1941 37.2484 -1.8537 6.1907 37.1139 -1.7659 6.7218 37.234 -1.8019 6.7527 37.2128 -1.8089 6.737 37.1266 -1.7804 6.7192 37.0408 -1.7597 8.3093 37.3604 -1.336 6.7644 37.1982 -1.8381 6.782 37.0839 -1.8561 6.7547 37.0906 -1.8486 6.791 37.1969 -1.8407 7.4671 37.1464 -1.6767 7.4665 37.2111 -1.6778 7.469 37.2828 -1.6719 7.6761 37.243 -1.8367 6.8916 37.185 -1.7986 6.8464 37.2041 -1.8487 8.1102 37.5722 -0.9717 8.1534 37.5226 -1.0806 7.1812 37.5431 -1.3449 7.1447 37.4701 -1.2325 7.1679 37.4704 -1.2281 7.135 37.4521 -1.2126 7.6225 37.5472 -1.1217 7.6011 37.532 -1.1453 8.0859 37.6352 -1.003 8.0364 37.6595 -0.9968 7.9307 36.9324 -1.002 7.9409 36.8769 -1.1078 7.9596 36.9319 -1.0025 7.148 37.4068 -1.5786 7.1219 37.4017 -1.5818 7.671 37.0579 -1.0366 7.6832 36.9957 -1.0739 7.6979 37.055 -1.0079 7.6971 36.9483 -1.1299 7.7107 36.9047 -1.1997 7.7177 36.8951 -1.2574 7.7433 36.9021 -1.1898 7.7519 36.8993 -1.2522 7.7171 36.875 -1.4977 7.7265 36.944 -1.5698 7.7374 36.8863 -1.5026 7.7554 37.0015 -1.6331 7.7259 37.0028 -1.6302 6.6769 37.0017 -1.6288 6.6446 37.0798 -1.6674 6.6824 37.0452 -1.6874 6.6438 37.0418 -1.5989 7.6797 37.0694 -1.712 7.6736 36.9812 -1.6318 7.0878 37.0481 -1.6411 7.1783 37.1037 -1.6136 7.0871 36.9931 -1.593 7.1793 37.044 -1.5733 6.6447 37.1083 -1.7186 6.6915 37.0776 -1.7256 7.5572 36.8188 -1.3471 7.5891 36.8228 -1.408 7.6001 36.8202 -1.366 7.62 36.8423 -1.48 7.6509 36.9071 -1.5708 7.9123 36.876 -1.3445 7.8646 36.8845 -1.4036 7.8426 36.8915 -1.41 6.5824 37.3941 -1.2004 6.5784 37.2883 -1.2219 6.6125 37.2933 -1.107 6.5975 37.2208 -1.1171 6.5782 37.252 -1.229 6.5841 37.1174 -1.2633 6.5793 37.1034 -1.1357 6.6376 36.9162 -1.4365 6.6545 36.9296 -1.4688 6.6604 36.8331 -1.4364 6.6649 36.9326 -1.5208 6.6695 36.8305 -1.5401 6.668 36.8262 -1.5042 6.6688 37.071 -0.9172 6.6224 37.1829 -0.9389 6.5916 37.0604 -0.9438 6.6429 36.8684 -1.3552 6.5949 36.6478 -1.2964 6.5775 36.6746 -1.2392 7.294 36.8961 -1.2083 7.3138 36.8946 -1.2066 7.2804 36.9349 -1.1357 8.0925 36.9165 -1.1524 8.1093 36.99 -1.2069 8.1267 36.9617 -1.0736 6.6686 36.785 -1.0455 6.5778 36.7565 -1.103 6.6774 36.737 -1.0887 8.0679 37.0931 -0.8875 8.047 37.0934 -0.8793 8.0467 37.0064 -0.9395 7.717 37.0547 -0.9807 7.1546 37.2741 -1.6392 7.0697 37.2671 -1.6721 7.043 37.386 -1.5915 6.6136 37.4537 -1.8264 6.6227 37.5272 -1.8012 6.5134 37.3934 -1.8632 6.5351 37.305 -1.8464 6.5112 37.3115 -1.8518 8.2026 37.2856 -0.9302 8.2004 37.2167 -0.9253 8.0505 37.1972 -0.8308 8.0904 37.3161 -0.8355 8.0424 37.3102 -0.8274 8.0878 37.2022 -0.8432 6.6651 37.2985 -0.9507 6.7267 37.1931 -0.9316 6.7831 37.3132 -0.9673 6.7667 37.0594 -0.9319 6.8215 37.1832 -0.9655 6.5205 37.29 -1.3123 6.5518 37.1596 -1.3475 6.1921 37.2464 -1.514 6.1812 37.3474 -1.4776 6.8346 37.5533 -1.1577 6.7754 36.9676 -1.8487 6.7474 36.9798 -1.8363 6.7518 36.9718 -0.9367 6.8972 37.0473 -0.9831 6.5499 36.9506 -1.0073 6.5891 37.0546 -1.1724 6.5698 37.0728 -0.9685 6.6461 36.6233 -1.4788 6.6171 36.6312 -1.3726 6.2093 37.0135 -1.5997 6.6296 36.9324 -1.3991 6.5938 36.9774 -1.4207 6.6026 36.968 -1.4386 6.617 36.9637 -1.3581 6.8678 49.5256 -0.6031 6.1701 48.3352 -1.5899 7.2807 48.1917 -1.4121 7.3981 48.6396 -1.2313 7.3746 48.7742 -1.3134 7.0175 49.4827 -1.0143 7.1335 49.3293 -1.1984 7.1739 49.3111 -1.0298 7.4178 48.203 -1.0843 7.4057 48.6058 -1.0829 7.191 49.3127 -0.9461 7.1133 49.4521 -0.8842 7.0689 49.3431 -0.5001 7.0897 49.2482 -0.4896 7.0127 49.4572 -0.5298 6.9688 49.4866 -0.5441 6.8009 49.2815 -0.3836 7.0307 48.687 -0.4211 6.992 48.6655 -0.4511 7.0689 48.4667 -0.4894 6.9041 48.3978 -0.4342 6.0903 49.6071 -1.3597 6.0999 49.6501 -1.1691 6.4959 49.4319 -0.3023 6.422 49.5209 -0.407 6.0211 49.5713 -1.1895 6.0595 49.6107 -1.1643 5.9826 49.532 -1.2146 5.8828 49.4186 -1.1385 5.9049 49.4555 -1.0944 5.9479 49.4635 -1.3145 5.9494 49.497 -1.2598 5.9532 49.4616 -1.3793 5.8385 49.328 -1.2875 5.8644 49.2999 -1.3979 5.9853 49.4607 -1.4388 6.1635 49.5516 -1.5597 6.0844 49.5048 -1.5393 6.9503 49.376 -1.594 6.91 49.5894 -1.4959 6.9919 49.472 -1.4531 6.8326 49.4824 -1.6223 6.2838 49.6737 -1.4639 6.2818 49.7177 -1.3645 6.8373 49.7843 -1.2233 6.9279 49.7275 -1.1752 6.7971 49.6423 -1.5199 6.8412 49.7578 -0.8756 6.2274 49.7341 -1.2679 6.1823 49.7097 -1.2053 6.5964 47.8461 -1.6037 6.3467 48.2266 -1.6194 6.4715 47.8356 -1.5523 7.4051 47.7911 -0.8254 7.2655 47.8044 -0.6745 7.1646 47.7992 -0.6362 7.0298 47.3214 -0.6713 7.151 47.3174 -0.6563 7.0766 47.8008 -0.6297 6.3432 47.4085 -1.1947 6.2955 47.6526 -1.1321 7.0901 47.8095 -1.5574 7.0722 47.3042 -1.5872 7.2282 47.8145 -1.4397 7.1381 46.2302 -0.7053 6.531 46.2295 -1.0357 6.4439 47.3111 -0.8523 7.3342 47.2889 -1.2363 7.3555 46.2892 -1.266 7.3454 47.2911 -1.1071 7.3659 46.2845 -1.0999 7.0915 46.2236 -0.7108 7.1061 45.1061 -0.7708 6.8892 43.9979 -1.8062 6.7928 43.9966 -1.7217 6.9092 45.1547 -1.75 7.4555 43.9942 -1.2401 7.4057 45.1869 -1.201 6.9326 42.8749 -1.8417 6.8405 42.8445 -1.7889 7.3029 44.0095 -1.6784 7.3082 42.8857 -1.7017 7.4004 43.9881 -1.5426 7.4412 43.9975 -1.3932 7.2763 42.883 -0.9763 7.0668 42.8928 -1.8333 7.3232 41.8823 -1.7468 7.1596 41.8979 -1.9223 7.4114 41.8836 -1.3199 6.7987 40.683 -1.7835 7.042 41.884 -1.939 7.2289 40.7426 -2.0111 6.9338 41.8563 -1.8767 7.0223 40.7252 -2.0068 7.4876 40.7485 -1.8023 7.3968 39.5294 -2.0007 6.6806 38.7992 -1.6349 6.769 39.5254 -1.6367 6.6604 38.801 -1.6786 7.4165 38.6136 -1.9182 7.3431 38.3479 -1.909 7.2638 39.544 -1.2911 7.2988 38.8331 -1.2929 7.3812 39.5811 -1.4259 7.4516 38.849 -1.3998 7.2046 39.5502 -1.2605 7.1686 38.8247 -1.2603 6.713 38.7975 -1.8265 6.837 39.4865 -1.8564 7.3262 38.8315 -1.9274 7.7105 39.6324 -1.805 7.8566 38.8639 -1.7045 7.6721 39.2433 -1.6778 7.7482 38.8663 -1.6362 7.6017 38.8531 -1.5073 7.6482 38.6249 -2.0098 7.7927 38.3528 -2 7.6368 38.6372 -1.4872 7.8595 38.3626 -1.5163 7.7979 38.6367 -1.6009 7.5106 38.2259 -1.3268 7.1781 38.2548 -1.2734 7.0834 37.6067 -1.3803 7.1836 38.1716 -1.2915 7.0925 38.1186 -1.277 7.1811 37.605 -1.3789 7.2404 37.6181 -1.3859 6.5304 38.0783 -1.518 6.7353 38.2512 -1.3928 6.5862 38.2594 -1.5186 6.9615 38.2444 -1.2555 7.0522 38.1685 -1.2653 6.1941 37.0767 -1.5552 6.3485 36.9714 -1.5083 6.2956 36.9747 -1.5466 6.2212 37.1221 -1.4806 6.2181 37.1635 -1.4642 6.2324 37.631 -1.5565 6.252 37.7213 -1.6123 7.8838 38.2255 -1.474 7.897 37.9288 -1.4015 8.14 37.3092 -0.8604 8.091 37.4153 -0.8512 8.2955 37.2883 -1.3086 8.264 37.3178 -1.2305 8.0092 37.6804 -1.1908 8.3043 37.5431 -1.3341 8.2322 37.4593 -1.186 8.1905 37.3617 -1.1574 8.1539 37.0361 -1.0067 7.6519 37.7428 -1.9301 7.7282 37.9154 -1.9917 8.0083 37.0106 -1.512 7.893 37.0191 -1.5797 8.1763 37.0655 -1.4143 7.883 37.0828 -1.6208 8.0609 37.1703 -1.595 8.0507 37.1121 -1.5486 7.6962 37.362 -1.8787 8.2115 37.3372 -1.5516 8.0644 37.2985 -1.6526 8.1932 37.4858 -1.5929 7.8857 37.3879 -1.8351 7.8838 37.5575 -1.8891 6.5186 37.8011 -1.8669 6.3416 37.0568 -1.6975 6.6068 36.9907 -1.2282 6.5502 36.8575 -1.0598 6.6723 36.6549 -1.574 6.6428 37.0087 -1.5391 6.6704 36.9534 -1.5639 6.9518 36.7406 -1.3309 6.8065 36.6539 -1.4302 6.9537 36.7559 -1.4044 6.7962 36.6473 -1.3454 7.5714 37.9553 -1.9519 7.4429 38.0608 -1.8711 7.4227 38.2195 -1.91 7.1176 38.3887 -1.8681 6.8955 38.368 -1.8703 7.4073 37.7334 -1.5388 7.4287 37.7265 -1.5422 7.593 37.6983 -1.8621 7.3211 37.3098 -1.6633 7.3201 37.2802 -1.6523 7.2285 37.283 -1.6417 7.5653 37.4198 -1.7904 6.7486 37.4364 -1.7338 6.8377 37.4372 -1.7 7.433 37.4979 -1.6262 7.4008 37.5596 -1.5631 7.2507 37.5639 -1.4558 7.2628 37.5449 -1.4877 6.9638 37.2747 -1.74 6.8022 37.3067 -1.8025 7.4718 37.1036 -1.6622 7.6383 37.0801 -1.7007 6.9357 37.6273 -1.4755 7.1429 38.0799 -1.7675 7.1202 38.2797 -1.8517 6.7486 38.0465 -1.8598 6.6918 37.7524 -1.8085 7.1841 38.3828 -1.8742 7.0237 37.2824 -1.0732 7.0878 37.2892 -1.0864 7.0911 37.3653 -1.1075 7.024 37.3747 -1.0874 6.6233 36.9764 -1.4934 6.6537 38.0216 -1.8679 8.1935 37.1511 -1.4584 7.9673 36.8542 -1.2176 8.1898 37.373 -0.9499 8.2387 37.3323 -1.2028 6.6378 37.308 -0.9741 6.6727 37.3802 -0.9927 8.0459 38.2652 -1.5669 7.8059 37.0059 -1.6245 7.7794 37.0654 -1.6862 7.9333 37.7135 -1.0704 7.9175 37.7147 -1.0717 7.9447 37.6838 -1.0037 6.3082 37.5383 -1.4413 6.2049 37.646 -1.5751 6.2223 37.448 -1.4181 6.1348 37.2696 -1.5739 6.0879 37.2921 -1.6308 6.7646 37.4688 -1.098 7.1273 37.5981 -1.3791 7.2624 37.6921 -1.3704 7.1745 38.3764 -1.2703 7.3089 38.628 -1.2933 7.1672 38.6197 -1.264 7.3342 38.3688 -1.2719 8.1192 38.4049 -1.6868 8.0563 38.5144 -1.8366 7.8139 38.6364 -1.9976 7.8847 38.4965 -1.9817 6.8402 38.593 -1.9049 6.8289 39.5271 -1.4964 7.3622 40.7169 -1.3556 6.8931 40.7147 -1.268 6.9572 39.5433 -1.3559 6.6009 43.9782 -1.5296 7.2842 45.13 -0.8208 7.1943 43.9618 -0.8764 7.2562 43.9586 -0.8904 7.1495 45.1084 -0.7638 6.912 47.7911 -1.6013 6.6837 48.2472 -1.6342 6.9124 48.2128 -1.5971 6.7492 49.726 -0.6912 5.8606 49.3818 -1.1827 7.0773 48.0205 -0.5862 7.1402 48.0423 -0.5882 7.021 48.436 -0.4729 6.9963 48.9035 -0.3636 6.9816 49.1948 -0.4016 7.2686 48.5181 -0.5637 7.1283 48.4761 -0.5033 7.0893 48.6926 -0.4279 7.1346 49.0808 -0.4773 7.2074 49.0944 -0.7187 7.1075 49.3453 -1.2824 6.864 48.8579 -1.6669 6.6526 48.8798 -1.8395 6.5161 48.6452 -1.785 6.824 48.5837 -0.3087 6.3355 48.8554 -0.2747 6.3018 48.9142 -0.3654 6.1844 48.1252 -0.9947 6.7994 36.8545 -1.8086 6.7583 36.8542 -1.8156 6.8125 36.9588 -1.8485 6.5709 36.9336 -0.9836 6.6466 36.9494 -0.9354 6.7843 36.7447 -1.0999 6.7913 36.694 -1.1743 6.9407 36.7937 -1.1613 8.1788 37.1246 -0.9565 7.8372 37.0041 -0.9522 7.8279 37.072 -0.9049 7.7609 37.0608 -0.9409 7.7738 37.0033 -0.9951 6.2464 36.9949 -1.5599 6.2362 37.0627 -1.5213 6.7073 36.9908 -1.7251 6.6241 36.9268 -1.284 6.6126 36.9826 -1.3454 7.3328 36.9237 -1.4596 7.3279 36.9011 -1.3993 7.2458 36.9133 -1.4033 7.2501 36.9422 -1.4531 7.8862 36.8733 -1.3331 7.3182 36.8879 -1.3607 7.2412 36.9063 -1.3624 7.449 37.6208 -1.1311 6.6932 36.9287 -1.6672 7.5949 37.3097 -1.019 7.6313 37.3093 -1.0283 7.6189 37.3927 -1.0624 7.5875 37.3985 -1.0507 7.174 37.4137 -1.5808 8.0836 37.4997 -0.8754 8.1045 37.5379 -0.9321 7.887 36.8857 -1.1179 7.9213 36.8554 -1.2211 7.573 37.5375 -1.1337 7.0617 37.5522 -1.3446 7.0122 37.5011 -1.2374 7.0454 37.4869 -1.2397 7.2715 37.4599 -1.1077 7.6673 37.489 -1.0358 7.66 37.5586 -1.0914 7.6338 37.4792 -1.0776 8.1202 37.6108 -1.0357 7.6926 37.1774 -1.797 8.2186 37.2809 -1.5362 8.0646 37.2361 -1.6298 7.3255 37.2071 -1.6545 7.332 37.1527 -1.644 8.0561 36.8941 -1.2317 6.0937 37.1733 -1.736 6.0687 37.247 -1.7607 6.1843 37.2057 -1.5121 6.6217 37.6358 -1.8162 6.6234 37.5756 -1.7971 6.6458 37.6483 -1.8018 6.1038 37.6119 -1.8538 6.5131 37.631 -1.848 6.4335 37.6275 -1.8711 6.1078 37.5293 -1.8771 6.0672 37.5234 -1.856 6.1202 37.1162 -1.7221 6.0942 37.6179 -1.8372 6.0925 37.6297 -1.8014 6.2254 37.1049 -1.4916 6.3574 37.5528 -1.3929 6.3275 37.4423 -1.3644 6.6363 37.5241 -1.1634 6.9669 37.5288 -1.2405 6.9974 37.5838 -1.3482 6.9015 37.5056 -1.1695 6.3197 37.2474 -1.8621 6.2792 37.0484 -1.4865 6.2747 37.4452 -1.388 6.2556 37.5384 -1.475 6.0531 37.3031 -1.7358 6.0589 37.3012 -1.6966 6.1812 37.6558 -1.6003 6.1263 37.3686 -1.5396 6.0753 37.4082 -1.5986 6.078 37.3732 -1.6088 6.416 38.0727 -1.7504 6.4397 38.0764 -1.7918 6.626 38.5979 -1.6794 6.5307 38.3403 -1.7283 6.5251 38.3428 -1.6966 6.6279 38.5976 -1.7224 6.611 37.9592 -1.3666 6.4895 37.979 -1.503 6.5143 37.9803 -1.4791 6.3635 37.9501 -1.8065 6.9718 37.9615 -1.2667 6.3666 37.9856 -1.742 6.3621 37.9795 -1.7636 6.3097 37.9019 -1.7411 6.3029 37.8925 -1.7812 6.2555 37.8145 -1.743 6.2351 37.7806 -1.7433 7.3637 37.68 -1.4957 7.3838 37.6732 -1.5055 7.1837 37.5636 -1.3794 7.0681 37.5712 -1.3773 7.0104 37.6075 -1.3927 7.7439 37.7237 -1.2688 8.037 36.8759 -1.1221 8.0655 36.8879 -1.1215 8.0247 37.6159 -0.9554 8.0421 37.5649 -0.9104 8.0766 37.4163 -0.8462 7.7156 37.6653 -1.1396 7.7166 37.6782 -1.1794 7.1592 37.4631 -1.1713 7.1623 37.4115 -1.1336 7.1302 37.4544 -1.1702 7.1321 37.4547 -1.1879 6.4816 49.344 -0.2869 5.8192 49.2437 -0.829 5.9386 49.3956 -0.7258 5.9816 49.5263 -1.0477 5.8372 48.4146 -1.4193 5.8784 48.358 -1.4038 5.751 48.4052 -1.0785 6.7779 49.1125 -0.3491 6.7625 49.1074 -0.2961 6.8108 48.5526 -0.2109 6.8099 48.3978 -0.2989 6.8119 49.1187 -0.3742 6.8343 48.9687 -0.381 6.5056 48.337 -0.2981 6.6339 48.6914 -0.1232 6.7744 49.1002 -0.2148 6.5985 48.508 -0.2103 6.672 48.5236 -0.2105 6.6658 47.8815 -0.5235 6.6592 48.2554 -0.3567 6.5322 47.853 -0.5363 6.6648 48.8537 -0.094 6.7571 49.087 -0.1623 6.6301 49.1536 -0.1954 6.6528 49.0271 -0.1325 6.5354 49.4626 -0.3158 7.0203 49.0494 -0.3849 7.2042 48.0656 -0.6031 6.9573 49.0429 -1.6601 6.8906 49.1887 -1.7243 6.8549 49.2314 -1.7449 6.9705 49.3337 -1.5737 7.3224 48.8503 -1.5146 7.2957 49.0155 -1.4762 7.3608 48.8493 -1.3281 6.8851 48.6102 -0.4102 6.8189 48.7697 -0.2944 6.5344 48.4961 -0.194 6.8293 48.7574 -0.2489 6.8458 48.7467 -0.2256 7.3399 47.8212 -1.2624 6.898 47.2994 -1.6182 6.9132 46.2623 -1.6852 6.7186 47.2841 -1.6013 7.3204 48.9589 -1.0821 7.2586 48.7825 -1.5913 6.8756 47.7779 -0.5988 6.7825 47.758 -0.5569 6.2525 48.0527 -0.8652 7.6241 39.605 -1.959 7.5422 39.5781 -2.0061 7.3635 40.7518 -1.9802 7.9901 38.5029 -1.9227 7.9514 38.3566 -1.9659 6.9026 48.9863 -1.6672 7.1703 49.2132 -1.3981 6.6588 41.8143 -1.3566 7.3207 44.9968 -0.8578 7.2963 43.9607 -0.9168 7.0159 38.0476 -1.2668 6.6483 38.5943 -1.7772 6.3876 37.6608 -1.4235 6.2187 37.1934 -1.4608 7.0032 38.6087 -1.2731 7.6153 37.8574 -1.9342 7.3446 38.071 -1.8099 7.4161 37.8264 -1.6755 7.1656 37.913 -1.613 7.0935 37.8814 -1.5924 8.0128 38.2166 -1.95 6.665 37.6659 -1.2062 6.4965 38.0812 -1.5656 6.4845 38.2393 -1.7353 7.3087 45.1371 -0.8569 7.2345 42.8841 -0.9543 6.6236 43.9516 -1.206 6.6633 43.9533 -1.1879 6.5757 49.4083 -0.3082 5.9452 48.5828 -0.5813 7.0052 49.4397 -1.4421 6.8439 49.5968 -0.6096 6.9236 49.6001 -0.8072 6.708 49.4925 -0.3792 6.7049 49.5106 -0.3792 6.6669 49.4879 -0.3543 6.6216 49.4586 -0.3301 6.8269 49.3763 -0.4155 6.7739 49.3515 -0.3769 6.7274 49.3162 -0.3482 6.1079 48.1653 -1.2752 6.6338 47.6993 -1.5972 6.3295 48.2546 -1.6334 6.2532 48.201 -1.5542 6.3776 47.2899 -1.1695 6.399 47.2777 -1.2788 6.1205 48.1455 -1.2739 6.1405 48.1619 -1.3866 6.528 46.2798 -1.3999 7.3602 45.1623 -1.0303 6.9812 37.8631 -1.2896 7.5123 37.677 -1.1722 7.8288 37.019 -1.6064 7.7538 37.1211 -1.7534 7.8015 37.0758 -1.6628 7.8853 37.2564 -1.7674 7.5116 37.6185 -1.1494 6.2794 47.8219 -1.3639 6.5956 47.2682 -1.5416 6.5075 47.2612 -1.4609 6.3747 47.8282 -1.4805 6.471 49.3656 -0.2807 6.5173 49.3935 -0.2894 6.5136 49.4012 -0.2917 6.5706 49.4251 -0.3045 6.5668 49.4325 -0.307 6.6179 49.466 -0.3324 6.6634 49.4953 -0.3568 6.9773 49.3112 -1.5593 6.8983 49.1674 -1.7041 6.0933 48.4417 -1.6832 6.0742 48.4578 -1.695 5.9061 48.3447 -1.3972 6.6291 42.829 -1.325 6.6315 42.8266 -1.2856 6.6915 42.8253 -1.2314 6.6501 42.8248 -1.2468 7.1494 43.9641 -0.8871 6.416 38.0839 -1.7126 6.4817 38.2476 -1.7045 7.0031 38.3589 -1.2537 7.0844 38.6156 -1.2476 6.9045 38.364 -1.2837 6.7225 37.9873 -1.2925 6.8333 38.0339 -1.2693 6.7551 38.0774 -1.3028 6.8046 37.956 -1.26 6.6762 37.8053 -1.2611 6.7749 37.8724 -1.2535 6.6939 37.9039 -1.2837 6.7481 37.7939 -1.2441 6.8634 38.2497 -1.2871 8.2907 37.2571 -1.3823 8.2923 37.3705 -1.4269 8.294 37.3269 -1.4119 8.0822 37.9612 -1.9096 7.9281 38.64 -1.9373 6.625 38.3568 -1.5177 6.7701 38.3588 -1.3954 7.1843 38.2719 -1.8578 7.8601 38.2168 -1.995 8.0194 38.3927 -1.6092 7.2246 37.6689 -1.4501 7.1893 38.0792 -1.7703 7.1424 38.0612 -1.7616 7.1914 38.0569 -1.7661 7.0115 38.0323 -1.7727 7.0466 37.9231 -1.648 7.5454 37.8174 -1.8569 7.5933 38.8471 -2.0143 7.4724 38.6328 -1.39 6.6437 38.6002 -1.6266 7.8529 38.8559 -1.9464 6.4537 37.8806 -1.4837 6.4442 37.9863 -1.5653 6.3977 37.893 -1.5593 6.42 37.7821 -1.46 6.3609 37.7983 -1.5391 6.2504 37.2072 -1.8358 6.252 37.2547 -1.8622 6.1875 37.392 -1.9019 6.2498 37.3275 -1.8956 6.193 37.3169 -1.8859 6.2439 37.3976 -1.9086 6.1785 37.4598 -1.9038 6.2229 37.5372 -1.8936 6.2359 37.4639 -1.909 6.1682 37.5345 -1.8908 6.9814 38.0464 -1.263 7.4003 45.1842 -1.3564 7.2235 49.1554 -1.3477 6.3987 47.2968 -1.0566 7.7598 38.8519 -1.9972 7.0408 44.0013 -1.795 6.3516 47.9539 -0.6877 6.4303 47.8739 -0.5622 6.3993 47.911 -0.6098 7.3994 47.8053 -1.0072 7.3833 47.8123 -1.1409 7.1702 48.3807 -1.5591 7.1268 48.1746 -1.5532 6.842 48.7356 -0.1965 6.6619 48.3675 -0.2972 6.3742 48.4753 -0.2521 6.3613 48.3244 -0.3226 6.3118 48.4782 -0.349 5.8187 48.5224 -0.7597 5.8745 48.6299 -0.5884 5.7743 48.8406 -0.7217 5.697 48.94 -0.9412 5.7185 48.7333 -0.8618 5.7345 49.0132 -0.8126 5.7664 49.1747 -0.93 5.7229 49.1038 -1.0342 7.0504 48.9082 -0.3705 7.3278 48.9394 -0.9461 7.3692 48.7836 -1.0865 7.3859 48.7599 -0.9367 7.4299 48.5771 -0.9271 7.4334 48.1964 -0.9183 7.2535 49.1081 -0.9491 6.6307 49.4475 -1.7326 6.5771 49.6165 -1.626 6.7203 49.5534 -1.6316 6.5049 49.5226 -1.7179 6.7345 49.3548 -1.738 6.5665 49.1363 -0.1957 6.3782 49.7621 -0.7473 6.4028 49.6807 -0.5823 6.4897 49.7355 -0.6199 6.3161 49.7245 -0.7231 6.5957 49.6516 -0.4978 6.8152 48.9183 -0.1837 6.6725 47.747 -0.5675 6.371 48.1971 -0.3992 6.7887 48.9411 -0.3051 6.8012 48.9535 -0.3489 6.4676 47.8512 -0.5406 6.4541 48.6383 -0.1404 6.3942 48.6495 -0.1792 7.1214 37.5426 -1.3455 7.1166 37.4743 -1.2336 6.0338 48.5131 -1.6988 5.855 48.9496 -0.5954 5.9738 48.7881 -0.4622 5.975 49.2934 -0.578 5.7976 49.0857 -0.6962 6.2373 49.6604 -0.6994 6.1482 49.4672 -0.5124 6.3189 49.6139 -0.5521 6.0852 49.5373 -0.6718 6.0526 49.6019 -1.0005 6.139 49.6831 -0.982 7.1239 37.5621 -1.3793 7.1013 37.4514 -1.1829 6.975 37.4542 -1.1422 6.9696 37.4509 -1.1248 7.0316 37.45 -1.1713 7.1717 37.3822 -1.1064 7.1281 37.3966 -1.1325 7.1285 37.3637 -1.1114 6.9501 37.3897 -1.0585 6.9584 37.4244 -1.0862 6.8895 37.3942 -1.0293 6.8993 37.4298 -1.0614 7.6217 36.9963 -1.6227 7.6055 36.9255 -1.5646 7.5777 36.863 -1.4857 7.5431 36.8407 -1.4201 7.5139 36.831 -1.364 7.4745 36.8287 -1.276 7.4788 36.8425 -1.1642 7.4395 36.8528 -1.1742 7.5078 36.8178 -1.2595 7.4268 36.9499 -1.0076 7.4093 36.9022 -1.0831 7.4451 36.895 -1.0703 7.3903 36.9538 -1.0226 7.4149 37.5454 -1.1003 7.4496 37.4864 -1.0555 7.4477 37.5523 -1.094 7.4125 37.4824 -1.0656 7.4274 37.3194 -0.9727 7.4056 37.4185 -1.0307 7.3862 37.3158 -0.9882 7.4463 37.421 -1.0171 7.3694 37.2154 -0.9594 7.4006 37.1045 -0.9314 7.4071 37.2182 -0.9423 7.3621 37.1024 -0.95 7.4087 37.0255 -0.9555 7.3702 37.0264 -0.9728 7.5159 37.5488 -1.1089 7.4858 37.4851 -1.0564 7.5184 37.4798 -1.0674 7.4844 37.5537 -1.0972 7.5113 37.4123 -1.0239 7.4657 37.3177 -0.971 7.5024 37.3117 -0.9817 7.4829 37.417 -1.0158 7.4905 37.1139 -0.9473 7.447 37.2258 -0.9412 7.4391 37.1083 -0.9287 7.4911 37.2174 -0.9553 7.5565 36.8195 -1.2766 7.5572 36.8591 -1.1589 7.5149 36.8447 -1.1557 7.5963 36.8359 -1.2658 7.5112 36.9669 -1.0127 7.4821 36.8965 -1.0655 7.5299 36.9096 -1.0748 7.466 36.9562 -1.0015 7.6341 36.8313 -1.3566 7.7157 37.6407 -1.1015 7.7254 37.5088 -0.9831 7.7198 37.5815 -1.0457 7.677 37.4197 -0.9872 7.7328 37.3517 -0.9082 7.7302 37.4372 -0.9338 7.685 37.3338 -0.9577 7.6935 37.237 -0.9417 7.7489 37.1402 -0.8972 7.7376 37.2493 -0.8931 7.7059 37.1348 -0.9436 8.0085 37.6691 -0.9976 8.0621 37.5039 -0.8685 7.788 37.7171 -1.264 7.7535 37.6969 -1.2523 7.8893 37.7348 -1.1625 7.8655 37.7382 -1.248 7.752 37.7051 -1.2346 7.7895 37.7262 -1.2454 8.1844 37.2201 -0.8827 8.1369 37.2112 -0.8612 8.188 37.299 -0.8889 8.1143 37.1005 -0.9012 8.1317 37.0135 -0.9724 8.16 37.1115 -0.917 8.0892 37.0066 -0.9558 8.062 36.9236 -1.0316 8.102 36.9338 -1.044 7.8628 37.7126 -1.0834 7.8445 37.7369 -1.1695 7.8088 37.698 -1.1014 7.7544 37.6965 -1.1778 7.7554 37.6795 -1.1249 7.8017 37.7199 -1.1742 7.8297 37.7397 -1.2486 7.8274 37.7304 -1.2686 7.3415 37.5987 -1.4866 7.1275 37.588 -1.416 7.0083 37.5978 -1.4493 6.1604 37.7031 -1.7289 6.371 37.9933 -1.6999 6.2758 37.8156 -1.6847 6.3264 37.9025 -1.6912 6.3107 37.8753 -1.8164 6.6369 37.8797 -1.3193 6.5937 37.8811 -1.3517 6.5664 37.8757 -1.3701 6.4984 37.8823 -1.4402 6.344 37.9032 -1.6375 6.3846 37.9942 -1.6542 6.426 38.0851 -1.6709 6.9425 37.9701 -1.262 6.0573 37.3784 -1.8356 6.0669 37.4508 -1.8622 6.0759 37.3797 -1.8566 6.0494 37.4485 -1.8418 6.054 37.5234 -1.8369 6.0797 37.4898 -1.5821 6.1257 37.5777 -1.5888 6.2409 37.7554 -1.6816 6.0952 37.6185 -1.7331 6.1669 37.6831 -1.6656 6.1039 37.6014 -1.6628 6.0556 37.5052 -1.6626 6.0387 37.441 -1.7462 6.0484 37.4289 -1.6721 6.0474 37.5154 -1.738 6.0521 37.3749 -1.6834 6.0447 37.3756 -1.7481 6.055 37.3059 -1.7907 6.0462 37.381 -1.8049 6.0394 37.4457 -1.8115 6.047 37.5213 -1.8074 6.2715 36.9972 -1.6416 6.2867 36.9847 -1.5218 6.3204 37.3236 -1.3719 6.3304 36.9829 -1.4853 6.3335 37.0309 -1.6688 6.3839 37.3308 -1.8864 6.3247 37.3323 -1.8972 6.3248 37.4044 -1.9093 6.38 37.4753 -1.8988 6.3858 37.4059 -1.8992 6.3199 37.4716 -1.9086 6.3699 37.6255 -1.8819 6.3129 37.543 -1.894 6.3073 37.6231 -1.886 6.3718 37.547 -1.8855 6.5317 37.794 -1.3675 6.476 37.783 -1.4057 6.3946 37.4342 -1.3345 6.4208 37.5519 -1.3583 6.4495 37.6682 -1.3811 6.4995 37.6714 -1.3518 6.5218 37.548 -1.3066 6.543 37.6741 -1.3263 6.4749 37.5498 -1.3306 6.3037 37.8122 -1.6208 6.5989 37.5287 -1.2327 6.4573 37.4268 -1.3057 6.4029 37.0821 -1.4114 6.4085 37.0291 -1.4336 6.5659 37.0645 -1.378 6.4939 37.0236 -1.4143 6.5788 37.0182 -1.3952 6.4862 37.0731 -1.3943 6.6009 37.033 -1.3115 6.1144 37.4544 -1.887 6.1345 37.3093 -1.8662 6.1227 37.387 -1.883 6.4748 37.1745 -1.3603 6.4649 37.2994 -1.3289 6.5062 36.9792 -1.4422 6.5383 36.9818 -1.522 6.5154 36.9692 -1.4625 6.5542 37.0189 -1.5749 6.5589 37.053 -1.6299 6.5598 37.0906 -1.6916 6.5596 37.1222 -1.7423 6.55 37.2097 -1.8057 6.4368 37.5456 -1.8695 6.4465 37.402 -1.8812 6.5129 37.4681 -1.8594 6.4437 37.4736 -1.8818 6.4372 37.2321 -1.832 6.4452 37.325 -1.8666 6.5039 37.2215 -1.8182 6.4847 37.0999 -1.7125 6.421 37.1376 -1.7711 6.4942 37.1325 -1.7599 6.4627 37.0295 -1.6119 6.389 37.0367 -1.6421 6.4748 37.064 -1.6605 6.4283 36.9703 -1.4865 6.4463 36.9876 -1.5532 6.4185 36.9811 -1.4638 6.3924 37.3116 -1.3505 6.394 37.1901 -1.3736 8.2146 37.2116 -1.504 6.8319 37.0824 -1.8595 6.8764 37.0818 -1.8061 6.9692 37.1835 -1.7422 7.0876 37.1198 -1.6627 6.9678 37.0934 -1.7338 7.0815 37.1928 -1.673 7.2078 37.166 -1.627 7.1669 37.2158 -1.6426 7.2006 37.2233 -1.6358 7.1749 37.1591 -1.6341 7.2491 37.1668 -1.6313 7.2381 37.2233 -1.6433 7.1921 37.2827 -1.632 7.5814 37.4677 -1.0928 7.6098 37.4624 -1.1039 7.984 37.5688 -0.9144 7.9631 37.6301 -0.9603 7.894 37.6221 -0.9666 7.8453 37.5454 -0.9359 7.9153 37.5617 -0.9158 7.8292 37.6071 -0.9882 7.7786 37.5274 -0.963 7.7669 37.592 -1.0204 7.0318 37.4489 -1.1877 7.4182 37.61 -1.1333 7.812 37.6632 -1.0389 7.7562 37.6484 -1.0724 7.8753 37.6772 -1.0137 7.9944 37.1862 -0.8148 7.9922 37.0877 -0.8626 8.0294 37.4109 -0.8429 8.007 37.5004 -0.8689 7.9791 37.0057 -0.923 8.0229 36.9229 -1.0171 7.8939 37.2836 -0.8376 7.8059 37.3674 -0.8799 7.8158 37.267 -0.8628 7.8782 37.3842 -0.8564 7.8214 37.1549 -0.8671 7.9144 37.0801 -0.8738 7.9035 37.1695 -0.8377 7.8563 36.9376 -1.0229 7.9202 37.0057 -0.9218 7.8633 37.471 -0.8834 7.9384 37.4905 -0.8658 7.9589 37.4001 -0.8375 7.9816 37.2987 -0.8174 7.1265 37.2872 -1.089 7.1207 37.1838 -1.0663 7.0861 37.1801 -1.0636 7.1619 37.0971 -1.0473 7.1576 37.1899 -1.0548 7.1227 37.0938 -1.0588 7.1348 37.0295 -1.0774 7.0888 37.0893 -1.057 7.0985 37.0202 -1.0786 7.1738 37.0319 -1.0696 7.1456 36.98 -1.1119 7.1869 36.9839 -1.1055 7.1202 36.9321 -1.1687 7.1093 36.9712 -1.1129 7.1558 36.9426 -1.166 7.141 36.8902 -1.237 7.1758 36.9012 -1.2314 7.194 36.8862 -1.3079 7.2188 36.9104 -1.2231 7.2325 36.8941 -1.3007 7.167 36.8915 -1.3754 7.2021 36.9003 -1.3689 7.1595 36.8768 -1.3145 7.1706 36.8998 -1.4164 7.2075 36.9095 -1.4089 7.2113 36.9403 -1.457 7.1788 36.9792 -1.5274 7.1739 36.93 -1.4662 7.2149 36.9887 -1.5177 7.214 37.0523 -1.5643 7.2529 37.0539 -1.5623 7.2136 37.1108 -1.6057 7.2521 37.1131 -1.6062 7.1605 37.2879 -1.0798 7.1072 37.4496 -1.2072 7.7343 36.8758 -1.3856 7.7688 36.8861 -1.3726 7.6536 37.3199 -0.9978 7.6434 37.4098 -1.0358 7.6058 37.2206 -1.0029 7.6435 37.2236 -1.0189 7.683 37.1362 -0.9829 7.6678 37.2319 -0.9851 7.6574 37.1346 -1.0172 7.6154 37.1279 -1.0001 7.6287 37.049 -1.021 7.6662 36.8919 -1.1933 7.6517 36.9349 -1.1193 7.7352 36.8785 -1.445 7.7052 36.8647 -1.4405 7.6942 36.8582 -1.3766 7.6778 36.8751 -1.2604 6.9586 36.9431 -1.6671 7.0886 36.9305 -1.552 6.9599 36.8742 -1.6266 7.2539 36.99 -1.5154 7.3383 37.049 -1.5717 7.3378 36.9793 -1.5211 7.4486 36.955 -1.5327 7.4592 37.0331 -1.5939 7.3409 37.1009 -1.6213 6.8532 36.9792 -1.8035 6.8491 36.892 -1.7635 6.9594 37.0044 -1.7147 6.7933 36.775 -1.7446 6.7432 36.7699 -1.7578 6.7284 36.8683 -1.8059 6.7148 36.7876 -1.7522 7.4452 37.0275 -0.9527 6.8273 36.6921 -1.5382 6.9555 36.7771 -1.4854 7.0835 36.8521 -1.4388 7.0805 36.8395 -1.3837 7.3896 36.873 -1.3582 7.4144 36.8795 -1.4033 7.8399 36.888 -1.3457 7.4353 36.8991 -1.4659 7.0858 36.8831 -1.4969 6.8409 36.7523 -1.6375 6.9572 36.8205 -1.5719 6.6803 36.8735 -1.6157 6.6205 36.6257 -1.2812 6.693 36.6622 -1.182 6.6021 36.6577 -1.2179 6.7029 36.6298 -1.2575 6.9477 36.7533 -1.2485 6.7927 36.6614 -1.2511 7.0549 36.8765 -1.1736 7.0672 36.8379 -1.2436 7.8107 36.9078 -1.1488 7.7883 36.9542 -1.0634 7.3053 36.883 -1.2891 7.3516 36.8796 -1.2839 7.2922 37.4452 -1.5907 6.5718 36.84 -1.0371 6.6571 36.8494 -0.9927 6.5555 36.7746 -1.1246 7.2648 36.9722 -1.0787 7.2465 37.0311 -1.0376 7.0347 36.9905 -1.0687 7.0457 36.9239 -1.1128 6.754 36.8718 -0.979 6.926 36.8687 -1.0792 6.9137 36.9385 -1.0293 6.7698 36.8026 -1.0309 7.0237 37.0703 -1.0459 7.2307 37.0962 -1.019 7.4977 37.0368 -0.9687 7.0765 36.8261 -1.3155 6.9158 37.1716 -1.0032 7.0219 37.172 -1.0543 6.9328 37.2983 -1.0318 6.5979 37.1939 -0.963 6.8643 37.306 -1.003 7.2353 37.1972 -1.0268 7.2459 37.3008 -1.0481 6.7158 36.6109 -1.3484 6.7635 36.6485 -1.5623 6.7351 36.6126 -1.4423 6.7844 36.7114 -1.6729 6.8466 36.8134 -1.7043 6.6436 36.6067 -1.3628 6.6718 36.6044 -1.4664 6.7003 36.6357 -1.5746 6.6982 36.7278 -1.6882 6.725 36.7058 -1.6894 6.5594 48.6528 -0.1226 7.3925 48.5448 -0.7374 7.2996 48.102 -0.6438 5.6718 48.8429 -1.2042 5.6804 48.6261 -1.1559 5.7148 49.0331 -1.2421 5.7243 48.8308 -1.4591 5.7756 49.0496 -1.4383 5.7578 48.6229 -1.4534 5.9267 48.7107 -1.6829 5.8859 48.9095 -1.6626 5.8807 49.1116 -1.6026 5.9142 49.3096 -1.5127 6.0779 49.3669 -1.672 6.1517 49.0494 -1.8368 6.0973 49.2227 -1.762 6.2099 48.907 -1.8771 6.4681 49.1051 -1.8969 6.3903 49.2313 -1.8515 6.3061 49.3596 -1.795 6.2469 49.4553 -1.7043 6.6468 49.7 -1.524 6.4599 49.7136 -1.5039 6.46 49.7974 -1.3513 6.6906 49.823 -1.2979 6.7305 49.8178 -0.9563 6.6097 49.8636 -1.0493 6.3907 49.822 -1.1784 6.5262 49.8421 -0.8812 6.3026 49.7974 -1.0659 6.641 49.8033 -0.7803 7.4218 48.1542 -0.778 6.9175 43.9691 -0.9982 6.9087 42.9021 -1.0905 6.6598 42.8474 -1.6077 6.5329 38.3417 -1.6481 7.499 38.3615 -1.3479 6.5694 37.8 -1.3412 6.489 38.2451 -1.6659 7.2633 37.4055 -1.0846 7.7947 37.4553 -0.9076 7.9957 36.8752 -1.1156 7.8282 36.8931 -1.2391 8.299 37.5255 -1.4368 7.8876 37.9324 -1.9755 7.1957 37.9688 -1.6876 7.1549 37.9706 -1.6789 7.2002 36.9494 -1.159 7.6399 36.9842 -1.0612 6.4989 37.4218 -1.2868 6.5228 49.3776 -0.2955 7.7786 36.8847 -1.4368'/>
          </IndexedFaceSet>
        </Shape>
      </Group>
    </Transform>
  </Scene>
</X3D>