<?xml version="1.0" encoding="UTF-8"?>
<X3D profile='Immersive' version='4.0' xmlns:xsd='http://www.w3.org/2001/XMLSchema-instance' xsd:noNamespaceSchemaLocation='https://www.web3d.org/specifications/x3d-4.0.xsd'>
  <head>
    <meta content='BonesGirdle.x3d' name='title'/>
    <meta content='Damon Hernandez, Joe Williams' name='creator'/>
    <meta content='Human bone model for Girdle' name='description'/>
    <meta content='Joe Williams, Don Brutzman' name='translator'/>
    <meta content='5 December 2013' name='created'/>
    <meta content='2 March 2026' name='modified'/>
    <meta content='This model has no HAnim nodes, rather it is purely geometry' name='warning'/>
    <meta content='document unit conversions applied: approximation of inches to meters, which ordinarily is a scale factor of 0.0254' name='TODO'/>
    <meta content='X3D-Edit 4.0, https://www.web3d.org/x3d/tools/X3D-Edit' name='generator'/>
    <meta content='https://www.web3d.org/x3d/content/examples/HumanoidAnimation/Medical/BonesGirdle.x3d' name='identifier'/>
    <meta content='../license.html' name='license'/>
  </head>
  <Scene>
    <WorldInfo title='BonesGirdle.x3d'/>
    <NavigationInfo type='"EXAMINE" "LOOKAT" "ANY"'/>
    <Transform DEF='GirdleSkeletonParts' scale='0.029 0.029 0.029'>
      <Group DEF='Girdle'>
        <!-- loscoxae roscoxae sacrum sympubis coccyx -->
        <Shape DEF='loscoxae'>
          <Appearance>
            <PhysicalMaterial baseColor='1 0.9765 0.8667' metallic='0' roughness='0.72'/>
          </Appearance>
          <IndexedFaceSet DEF='loscoxae_Geo' coordIndex='0 1 2 -1 0 3 4 -1 5 6 7 -1 8 9 10 -1 11 12 13 -1 14 15 16 -1 17 18 19 -1 20 21 22 -1 23 24 25 -1 26 27 19 -1 27 28 19 -1 29 30 31 -1 29 32 30 -1 33 34 32 -1 34 35 32 -1 36 37 38 -1 39 40 41 -1 42 43 44 -1 45 46 47 -1 45 48 46 -1 49 50 51 -1 52 53 54 -1 55 56 57 -1 57 58 55 -1 59 60 49 -1 59 61 60 -1 62 63 64 -1 63 65 64 -1 66 67 68 -1 69 70 71 -1 72 73 74 -1 75 76 73 -1 77 78 79 -1 80 81 82 -1 83 84 85 -1 86 87 85 -1 88 89 90 -1 90 91 88 -1 92 93 94 -1 92 95 93 -1 96 97 98 -1 99 100 101 -1 102 103 104 -1 105 106 107 -1 105 108 106 -1 109 110 111 -1 112 111 113 -1 93 114 115 -1 116 117 118 -1 116 67 117 -1 119 68 67 -1 67 116 119 -1 120 92 121 -1 120 95 92 -1 122 123 124 -1 124 125 122 -1 126 127 128 -1 127 129 128 -1 130 131 132 -1 133 134 135 -1 135 136 133 -1 137 138 139 -1 137 140 138 -1 141 142 143 -1 141 144 142 -1 145 146 147 -1 145 148 146 -1 149 150 151 -1 72 152 153 -1 72 154 152 -1 155 156 157 -1 156 158 157 -1 159 160 161 -1 160 162 161 -1 161 163 159 -1 160 164 162 -1 165 166 167 -1 166 168 167 -1 169 170 171 -1 172 173 40 -1 173 41 40 -1 174 175 176 -1 175 177 176 -1 178 179 180 -1 180 181 178 -1 182 183 184 -1 182 185 183 -1 186 187 188 -1 189 190 191 -1 189 192 190 -1 193 194 195 -1 193 147 194 -1 196 145 197 -1 196 198 145 -1 199 200 201 -1 199 143 200 -1 202 203 141 -1 141 204 202 -1 205 137 206 -1 205 136 137 -1 207 208 209 -1 210 211 212 -1 210 213 211 -1 92 214 121 -1 92 84 214 -1 215 119 216 -1 217 74 218 -1 218 219 217 -1 82 124 123 -1 82 81 124 -1 220 221 68 -1 222 223 224 -1 225 69 226 -1 227 228 229 -1 230 231 232 -1 230 233 231 -1 234 235 236 -1 234 108 235 -1 237 238 12 -1 70 69 239 -1 69 225 239 -1 240 241 242 -1 241 243 242 -1 243 244 242 -1 245 246 247 -1 245 248 246 -1 249 250 251 -1 251 127 249 -1 252 253 254 -1 253 255 254 -1 37 36 29 -1 256 257 258 -1 256 259 257 -1 127 251 260 -1 260 129 127 -1 36 33 29 -1 261 262 65 -1 26 263 31 -1 264 265 25 -1 25 266 264 -1 267 268 269 -1 270 271 55 -1 270 272 271 -1 185 273 183 -1 274 275 276 -1 277 278 279 -1 278 280 279 -1 223 281 282 -1 282 283 223 -1 284 285 286 -1 284 287 285 -1 288 275 274 -1 289 290 291 -1 289 292 290 -1 293 294 229 -1 229 295 293 -1 231 296 297 -1 298 236 299 -1 299 300 298 -1 301 302 303 -1 304 305 207 -1 304 277 305 -1 306 307 308 -1 308 309 306 -1 310 311 306 -1 312 313 314 -1 315 316 4 -1 315 3 317 -1 318 319 320 -1 318 321 319 -1 322 323 324 -1 325 62 326 -1 326 327 325 -1 328 329 330 -1 331 332 333 -1 332 330 334 -1 335 336 337 -1 338 339 327 -1 340 341 342 -1 343 337 336 -1 343 341 337 -1 344 345 346 -1 345 347 346 -1 348 349 350 -1 349 351 350 -1 352 239 353 -1 354 222 355 -1 356 357 353 -1 357 286 353 -1 354 358 15 -1 359 15 14 -1 360 104 71 -1 361 69 71 -1 16 362 14 -1 363 364 358 -1 358 365 363 -1 363 366 367 -1 367 364 363 -1 16 368 369 -1 368 370 369 -1 356 353 371 -1 353 372 371 -1 361 373 226 -1 226 69 361 -1 374 361 375 -1 376 100 301 -1 376 377 100 -1 186 276 275 -1 378 379 380 -1 381 382 383 -1 383 384 381 -1 381 385 382 -1 379 386 387 -1 387 388 379 -1 186 188 389 -1 191 276 390 -1 191 190 276 -1 99 101 391 -1 392 89 393 -1 394 395 396 -1 395 397 396 -1 398 101 373 -1 97 96 395 -1 399 96 400 -1 400 401 399 -1 402 403 404 -1 404 405 402 -1 406 407 403 -1 400 98 93 -1 406 408 409 -1 410 407 411 -1 412 413 387 -1 75 414 405 -1 75 73 414 -1 415 404 410 -1 81 78 213 -1 81 80 78 -1 211 416 417 -1 417 74 211 -1 417 218 74 -1 418 419 420 -1 64 326 62 -1 421 422 62 -1 421 423 422 -1 424 149 425 -1 426 427 144 -1 427 142 144 -1 428 429 140 -1 429 138 140 -1 430 431 432 -1 432 433 430 -1 432 434 433 -1 433 435 436 -1 433 437 435 -1 438 436 435 -1 439 418 219 -1 219 440 439 -1 417 416 441 -1 416 442 441 -1 436 443 430 -1 436 444 443 -1 445 446 447 -1 448 449 450 -1 451 452 453 -1 454 455 456 -1 457 458 459 -1 460 461 462 -1 463 464 344 -1 464 345 344 -1 465 463 466 -1 466 467 465 -1 466 468 467 -1 427 469 470 -1 465 471 463 -1 472 471 473 -1 474 469 427 -1 427 475 474 -1 476 426 477 -1 478 479 480 -1 481 464 482 -1 483 484 485 -1 483 486 487 -1 485 484 488 -1 489 490 491 -1 492 493 494 -1 492 495 493 -1 492 496 497 -1 498 499 497 -1 497 496 500 -1 500 498 497 -1 501 502 503 -1 503 504 501 -1 505 506 507 -1 505 500 506 -1 508 504 500 -1 509 510 499 -1 511 512 513 -1 513 514 511 -1 514 515 516 -1 514 513 515 -1 485 515 421 -1 421 486 485 -1 423 421 513 -1 517 518 513 -1 519 520 521 -1 517 522 523 -1 517 519 522 -1 524 525 523 -1 523 526 524 -1 526 522 521 -1 521 527 526 -1 526 528 529 -1 529 524 526 -1 530 531 532 -1 530 533 531 -1 534 535 536 -1 536 537 534 -1 538 539 540 -1 538 541 539 -1 542 543 544 -1 543 545 544 -1 543 546 541 -1 543 547 546 -1 307 547 542 -1 307 548 547 -1 549 315 317 -1 550 551 317 -1 2 552 3 -1 553 312 2 -1 554 555 556 -1 557 558 556 -1 557 559 558 -1 560 561 562 -1 562 563 560 -1 564 560 565 -1 564 561 560 -1 566 567 564 -1 566 568 567 -1 567 569 561 -1 570 571 113 -1 572 554 556 -1 573 574 575 -1 573 576 574 -1 573 577 578 -1 573 575 577 -1 579 555 578 -1 579 557 555 -1 563 562 580 -1 580 581 563 -1 581 580 582 -1 583 584 572 -1 583 113 585 -1 576 584 586 -1 584 583 586 -1 587 588 589 -1 587 590 588 -1 591 560 563 -1 563 592 591 -1 593 594 592 -1 595 596 581 -1 597 598 593 -1 599 597 596 -1 596 600 599 -1 601 599 602 -1 599 600 602 -1 172 21 603 -1 172 40 21 -1 604 605 606 -1 604 607 605 -1 608 43 604 -1 607 598 597 -1 607 609 598 -1 605 599 601 -1 20 610 611 -1 22 612 610 -1 613 612 614 -1 615 616 617 -1 615 618 616 -1 619 620 621 -1 619 622 620 -1 52 623 624 -1 53 625 626 -1 627 628 629 -1 630 591 631 -1 632 591 594 -1 633 593 598 -1 634 635 618 -1 635 613 618 -1 619 54 636 -1 619 52 54 -1 637 638 639 -1 640 335 334 -1 641 642 643 -1 641 644 642 -1 645 635 634 -1 645 646 635 -1 642 647 643 -1 642 645 647 -1 641 648 644 -1 641 649 648 -1 650 631 633 -1 651 652 650 -1 653 645 642 -1 653 654 645 -1 655 656 657 -1 656 658 657 -1 657 659 660 -1 660 655 657 -1 338 326 661 -1 338 327 326 -1 662 663 664 -1 665 666 650 -1 666 667 650 -1 668 667 669 -1 670 671 672 -1 670 673 671 -1 674 653 675 -1 674 676 653 -1 660 58 655 -1 660 677 58 -1 270 55 58 -1 58 677 270 -1 678 664 663 -1 679 262 680 -1 681 682 683 -1 684 685 686 -1 686 687 684 -1 688 246 689 -1 690 691 692 -1 692 693 690 -1 694 695 696 -1 696 692 694 -1 697 698 699 -1 700 701 702 -1 703 694 704 -1 700 705 706 -1 707 708 709 -1 707 710 708 -1 254 711 712 -1 712 713 252 -1 252 254 712 -1 34 713 714 -1 715 716 717 -1 715 35 716 -1 251 718 260 -1 49 60 719 -1 719 720 49 -1 721 722 723 -1 723 724 721 -1 240 725 250 -1 240 726 725 -1 727 728 729 -1 37 29 263 -1 730 731 732 -1 733 130 132 -1 733 734 130 -1 733 38 735 -1 736 731 737 -1 731 738 737 -1 739 740 630 -1 630 631 739 -1 741 742 743 -1 743 744 741 -1 745 746 18 -1 745 747 746 -1 727 748 31 -1 31 30 727 -1 263 19 18 -1 25 749 750 -1 750 266 25 -1 269 751 267 -1 751 722 267 -1 752 753 548 -1 754 755 550 -1 756 757 745 -1 756 758 757 -1 759 760 761 -1 762 763 764 -1 763 765 764 -1 766 767 768 -1 766 769 767 -1 770 771 772 -1 772 314 770 -1 773 4 774 -1 773 775 4 -1 776 775 777 -1 775 778 777 -1 777 778 779 -1 6 777 7 -1 314 313 770 -1 780 781 782 -1 782 783 780 -1 544 549 542 -1 784 785 544 -1 784 545 786 -1 787 788 789 -1 788 790 789 -1 791 792 165 -1 793 794 163 -1 795 796 601 -1 797 602 798 -1 797 795 602 -1 799 800 167 -1 167 801 799 -1 802 803 109 -1 803 168 109 -1 617 804 805 -1 617 806 804 -1 370 807 369 -1 370 808 807 -1 115 809 94 -1 809 85 94 -1 87 810 811 -1 812 507 506 -1 506 813 812 -1 814 815 811 -1 814 806 816 -1 813 817 818 -1 813 815 817 -1 819 818 817 -1 819 817 820 -1 41 173 821 -1 822 39 823 -1 819 820 823 -1 824 819 825 -1 826 825 823 -1 826 827 828 -1 829 830 824 -1 824 831 829 -1 832 825 833 -1 832 834 825 -1 795 797 835 -1 836 837 838 -1 839 840 841 -1 841 842 839 -1 843 844 845 -1 829 846 847 -1 841 846 848 -1 849 842 848 -1 850 849 846 -1 181 851 852 -1 852 853 181 -1 854 855 180 -1 855 856 180 -1 857 858 8 -1 858 179 8 -1 859 10 860 -1 10 861 860 -1 862 863 864 -1 863 865 864 -1 866 867 864 -1 864 868 866 -1 868 865 869 -1 869 870 868 -1 842 849 871 -1 845 842 872 -1 873 752 874 -1 752 754 874 -1 875 45 47 -1 876 28 877 -1 19 263 26 -1 17 19 878 -1 878 879 17 -1 880 881 882 -1 883 884 885 -1 883 886 884 -1 887 888 889 -1 887 890 888 -1 47 891 892 -1 876 893 894 -1 894 28 876 -1 878 895 896 -1 896 879 878 -1 882 863 862 -1 862 897 882 -1 898 899 853 -1 898 900 899 -1 901 902 176 -1 889 177 843 -1 889 888 177 -1 903 192 904 -1 903 190 192 -1 279 305 277 -1 205 300 905 -1 205 298 300 -1 304 906 907 -1 908 905 906 -1 905 300 906 -1 906 304 908 -1 909 910 911 -1 388 189 191 -1 191 912 388 -1 102 282 281 -1 888 176 177 -1 888 901 176 -1 884 898 852 -1 898 853 852 -1 897 862 913 -1 913 914 897 -1 882 915 863 -1 882 916 915 -1 878 894 895 -1 878 28 894 -1 890 901 888 -1 917 918 914 -1 919 916 882 -1 882 881 919 -1 19 28 878 -1 265 877 28 -1 28 27 265 -1 877 875 876 -1 875 47 876 -1 891 47 46 -1 920 890 887 -1 920 874 890 -1 265 875 877 -1 265 264 875 -1 845 872 843 -1 871 872 842 -1 843 872 892 -1 892 889 843 -1 921 871 849 -1 871 921 893 -1 921 894 893 -1 850 922 923 -1 868 864 865 -1 924 8 10 -1 924 857 8 -1 9 925 861 -1 861 10 9 -1 178 181 899 -1 181 853 899 -1 851 926 852 -1 870 927 928 -1 922 846 831 -1 922 850 846 -1 849 848 846 -1 841 848 842 -1 841 847 846 -1 829 831 846 -1 843 929 844 -1 843 175 929 -1 842 930 839 -1 175 174 931 -1 931 929 175 -1 837 931 838 -1 932 858 857 -1 932 170 858 -1 169 933 854 -1 866 801 803 -1 832 833 835 -1 835 927 832 -1 835 833 795 -1 828 796 826 -1 826 823 827 -1 826 833 825 -1 823 825 819 -1 822 823 820 -1 827 823 39 -1 827 821 934 -1 934 821 173 -1 819 830 818 -1 819 824 830 -1 814 804 806 -1 814 811 804 -1 813 506 503 -1 503 815 813 -1 847 935 507 -1 507 812 847 -1 804 811 810 -1 810 86 936 -1 810 87 86 -1 809 937 86 -1 66 807 808 -1 808 937 66 -1 221 369 807 -1 822 22 39 -1 822 614 22 -1 803 801 168 -1 801 167 168 -1 795 601 602 -1 828 827 605 -1 827 606 605 -1 800 799 159 -1 791 794 793 -1 791 165 794 -1 585 113 110 -1 938 771 171 -1 771 169 171 -1 939 933 770 -1 939 940 933 -1 786 837 784 -1 784 544 545 -1 785 315 549 -1 549 544 785 -1 780 941 781 -1 941 779 781 -1 942 5 7 -1 943 6 5 -1 779 7 777 -1 943 776 6 -1 776 777 6 -1 775 773 778 -1 773 774 781 -1 774 782 781 -1 774 316 782 -1 774 4 316 -1 571 944 761 -1 919 881 567 -1 756 17 945 -1 18 756 745 -1 18 17 756 -1 946 947 948 -1 946 949 947 -1 754 550 552 -1 552 950 754 -1 752 548 755 -1 755 754 752 -1 49 720 50 -1 59 49 51 -1 51 951 59 -1 266 750 751 -1 751 269 266 -1 31 263 29 -1 767 952 768 -1 952 772 768 -1 263 18 746 -1 757 743 953 -1 757 744 743 -1 741 954 740 -1 741 744 954 -1 565 630 740 -1 668 741 740 -1 740 739 668 -1 733 132 38 -1 29 33 32 -1 244 729 242 -1 718 250 725 -1 718 251 250 -1 60 955 719 -1 955 956 719 -1 725 726 709 -1 957 958 959 -1 695 960 712 -1 712 696 695 -1 695 961 960 -1 695 703 961 -1 962 716 714 -1 710 963 708 -1 963 964 708 -1 701 965 966 -1 701 706 965 -1 701 700 706 -1 703 695 694 -1 967 968 969 -1 710 707 702 -1 962 961 702 -1 961 700 702 -1 961 703 700 -1 970 699 971 -1 970 697 699 -1 966 689 246 -1 966 965 689 -1 704 692 691 -1 704 694 692 -1 972 973 696 -1 690 974 691 -1 974 975 691 -1 976 689 977 -1 976 688 689 -1 736 684 687 -1 736 737 684 -1 978 687 686 -1 978 979 687 -1 980 981 982 -1 980 983 981 -1 680 984 985 -1 986 680 262 -1 262 261 986 -1 987 988 661 -1 674 989 990 -1 674 675 989 -1 664 677 660 -1 664 678 677 -1 991 669 992 -1 991 668 669 -1 660 993 664 -1 338 661 663 -1 423 518 422 -1 518 956 422 -1 525 720 719 -1 525 524 720 -1 994 995 660 -1 656 648 658 -1 656 989 648 -1 654 996 646 -1 646 645 654 -1 665 650 652 -1 650 633 651 -1 650 739 631 -1 645 634 647 -1 997 657 658 -1 658 998 997 -1 636 54 994 -1 640 334 330 -1 330 627 640 -1 635 999 613 -1 999 1000 613 -1 652 1001 999 -1 609 1002 1001 -1 1001 598 609 -1 598 651 633 -1 632 594 593 -1 632 631 591 -1 1003 1004 1005 -1 613 616 618 -1 613 614 616 -1 613 1000 612 -1 1006 610 612 -1 1002 609 1006 -1 609 42 1006 -1 44 611 610 -1 20 22 610 -1 43 611 44 -1 608 606 1007 -1 612 22 614 -1 21 39 22 -1 21 40 39 -1 593 596 597 -1 592 581 596 -1 593 592 596 -1 591 592 594 -1 581 592 563 -1 587 589 582 -1 588 793 589 -1 588 791 793 -1 585 1008 583 -1 1008 586 583 -1 590 587 1009 -1 587 582 1009 -1 1009 582 580 -1 580 1010 1009 -1 572 556 570 -1 572 584 554 -1 1011 561 569 -1 1011 1012 561 -1 561 564 567 -1 566 564 565 -1 1012 562 561 -1 556 555 557 -1 944 556 558 -1 944 571 570 -1 570 556 944 -1 2 1 553 -1 550 755 551 -1 308 307 549 -1 307 542 549 -1 530 541 546 -1 530 539 541 -1 543 542 547 -1 534 1013 535 -1 534 527 1013 -1 535 1013 1014 -1 1013 930 1014 -1 1015 529 528 -1 528 526 527 -1 527 534 528 -1 526 523 522 -1 518 523 525 -1 518 517 523 -1 519 521 522 -1 517 513 519 -1 423 513 518 -1 421 515 513 -1 519 513 512 -1 509 498 505 -1 509 499 498 -1 498 500 505 -1 509 507 935 -1 509 505 507 -1 500 503 506 -1 500 504 503 -1 84 83 502 -1 502 501 84 -1 508 500 496 -1 489 497 499 -1 1016 494 493 -1 1017 1018 508 -1 1019 77 1016 -1 495 1020 1021 -1 516 488 1022 -1 1023 1020 491 -1 484 481 1024 -1 483 485 486 -1 481 1025 464 -1 476 461 460 -1 476 477 461 -1 476 427 426 -1 476 475 427 -1 474 1026 472 -1 472 463 471 -1 465 473 471 -1 465 1027 473 -1 1028 470 469 -1 1029 1030 1031 -1 464 343 345 -1 464 1025 343 -1 1032 1033 1034 -1 1035 1036 1037 -1 1038 1039 446 -1 1040 1041 447 -1 1042 459 458 -1 1043 450 449 -1 431 430 443 -1 444 417 443 -1 417 441 443 -1 1035 1044 1021 -1 218 417 1045 -1 1045 440 218 -1 439 419 418 -1 1045 1046 438 -1 438 439 1045 -1 439 440 1045 -1 436 430 433 -1 1047 437 433 -1 433 434 1047 -1 1048 387 413 -1 304 207 908 -1 428 140 135 -1 135 1049 428 -1 429 1050 138 -1 1050 1051 138 -1 1030 148 1052 -1 1052 1028 1030 -1 1029 424 425 -1 425 146 1029 -1 63 62 422 -1 219 418 412 -1 211 213 416 -1 213 78 416 -1 415 410 411 -1 415 1053 404 -1 72 217 154 -1 154 387 1054 -1 154 412 387 -1 406 93 408 -1 402 400 403 -1 402 401 400 -1 399 397 96 -1 397 395 96 -1 394 97 395 -1 394 1055 97 -1 398 1056 101 -1 399 401 1057 -1 402 414 1058 -1 402 405 414 -1 157 396 397 -1 157 158 396 -1 392 1059 89 -1 1059 90 89 -1 1060 391 101 -1 101 1056 1060 -1 912 191 390 -1 390 1061 912 -1 390 389 1061 -1 186 389 390 -1 1060 1062 391 -1 385 391 382 -1 391 1062 382 -1 1063 386 378 -1 386 379 378 -1 378 1064 1063 -1 912 1061 380 -1 380 379 912 -1 379 388 912 -1 275 187 186 -1 187 275 1065 -1 101 226 373 -1 369 221 220 -1 220 16 369 -1 363 805 366 -1 615 617 1066 -1 617 805 1066 -1 364 368 358 -1 368 15 358 -1 16 375 362 -1 71 14 362 -1 353 239 372 -1 14 71 104 -1 359 354 15 -1 354 1067 358 -1 1067 365 358 -1 371 372 1068 -1 103 359 104 -1 223 222 281 -1 354 359 222 -1 360 1069 1070 -1 1071 1072 235 -1 235 1073 1071 -1 1074 347 1075 -1 1074 346 347 -1 1076 346 1077 -1 1078 1079 337 -1 337 1080 1078 -1 1081 327 339 -1 338 1082 339 -1 333 1078 339 -1 1079 335 337 -1 640 1075 335 -1 333 1079 1078 -1 333 332 1079 -1 637 330 329 -1 329 995 637 -1 664 993 662 -1 197 1083 323 -1 323 196 197 -1 195 321 318 -1 315 4 3 -1 952 314 772 -1 952 312 314 -1 312 553 313 -1 1084 551 755 -1 755 310 1084 -1 310 755 548 -1 548 311 310 -1 1085 236 298 -1 1085 234 236 -1 438 444 436 -1 438 1046 444 -1 186 390 276 -1 1072 1071 1086 -1 233 296 231 -1 1087 1088 1089 -1 1087 228 1088 -1 1090 1087 1091 -1 1087 1089 1091 -1 1091 1092 1093 -1 1091 1089 1092 -1 192 1094 904 -1 1094 1095 904 -1 1090 291 1087 -1 291 290 1087 -1 1096 376 301 -1 301 303 1096 -1 38 37 746 -1 183 1097 673 -1 183 273 1097 -1 673 685 671 -1 673 1097 685 -1 735 953 1098 -1 735 747 953 -1 55 271 56 -1 269 264 266 -1 269 268 264 -1 59 267 61 -1 699 257 1099 -1 1099 971 699 -1 33 253 252 -1 33 36 253 -1 974 690 1100 -1 1100 1101 974 -1 1102 688 976 -1 976 1103 1102 -1 973 693 696 -1 693 692 696 -1 23 1104 244 -1 1069 70 352 -1 70 239 352 -1 151 150 468 -1 468 321 151 -1 1105 1106 1107 -1 106 108 234 -1 236 235 1072 -1 1072 299 236 -1 292 229 290 -1 292 295 229 -1 283 228 227 -1 283 1088 228 -1 224 223 227 -1 223 283 227 -1 361 1108 373 -1 67 66 937 -1 937 117 67 -1 217 72 74 -1 374 1109 361 -1 374 1110 1109 -1 117 937 809 -1 809 115 117 -1 121 214 82 -1 82 123 121 -1 305 208 207 -1 305 432 208 -1 136 205 905 -1 905 133 136 -1 1111 203 202 -1 1111 1112 203 -1 204 143 199 -1 204 141 143 -1 201 198 196 -1 201 200 198 -1 145 147 193 -1 193 197 145 -1 1113 301 100 -1 100 99 1113 -1 440 219 218 -1 776 943 553 -1 943 313 553 -1 174 176 926 -1 926 1114 174 -1 181 856 851 -1 181 180 856 -1 783 1115 1116 -1 1116 1117 783 -1 603 20 611 -1 603 21 20 -1 1118 1119 1120 -1 1120 1121 1118 -1 112 1122 760 -1 763 1123 759 -1 763 787 1123 -1 171 932 1124 -1 171 170 932 -1 800 159 794 -1 159 163 794 -1 110 168 166 -1 110 109 168 -1 361 1109 1108 -1 91 155 88 -1 414 153 1125 -1 1125 1058 414 -1 414 72 153 -1 414 73 72 -1 137 136 140 -1 136 135 140 -1 147 425 194 -1 147 146 425 -1 198 148 145 -1 198 1052 148 -1 203 144 141 -1 203 1126 144 -1 139 138 1051 -1 1051 1112 139 -1 133 1127 134 -1 1127 209 134 -1 278 907 1128 -1 278 1128 1129 -1 1129 280 278 -1 376 1096 356 -1 356 371 376 -1 132 253 36 -1 132 131 253 -1 1130 981 983 -1 131 1131 253 -1 1131 255 253 -1 1132 244 243 -1 243 1133 1132 -1 415 122 125 -1 415 411 122 -1 1055 119 116 -1 98 114 93 -1 1123 111 112 -1 1134 111 789 -1 113 111 110 -1 802 109 111 -1 1135 1105 348 -1 1135 1106 1105 -1 281 103 102 -1 104 359 14 -1 376 371 377 -1 394 119 1055 -1 94 93 115 -1 98 400 96 -1 95 408 93 -1 85 87 83 -1 92 94 85 -1 85 84 92 -1 85 809 86 -1 1019 78 77 -1 79 78 80 -1 76 212 73 -1 435 419 439 -1 439 438 435 -1 1068 225 226 -1 955 65 63 -1 955 261 65 -1 619 1136 622 -1 619 636 1136 -1 659 994 660 -1 484 1024 488 -1 43 42 604 -1 608 604 606 -1 491 490 1137 -1 38 132 36 -1 32 1138 30 -1 31 748 26 -1 748 27 26 -1 1104 23 25 -1 24 749 25 -1 746 37 263 -1 368 16 15 -1 238 1139 1140 -1 238 237 1139 -1 177 175 843 -1 312 952 947 -1 775 1 0 -1 4 775 0 -1 3 0 2 -1 1079 334 335 -1 1079 332 334 -1 1136 994 659 -1 1136 636 994 -1 68 215 220 -1 68 119 215 -1 285 353 286 -1 353 285 352 -1 1087 229 228 -1 290 229 1087 -1 1134 1141 111 -1 1142 1141 1134 -1 113 1122 112 -1 571 1122 113 -1 111 787 789 -1 787 111 1123 -1 97 114 98 -1 118 114 97 -1 123 120 121 -1 122 120 123 -1 124 1143 125 -1 1143 124 210 -1 76 210 212 -1 76 1143 210 -1 1132 23 244 -1 1132 24 23 -1 1144 1133 1145 -1 1144 1146 1133 -1 1145 723 1144 -1 723 1145 1147 -1 723 126 724 -1 723 1147 126 -1 724 128 1148 -1 724 126 128 -1 128 1099 1149 -1 128 129 1099 -1 1149 257 259 -1 1149 1099 257 -1 256 245 1150 -1 256 258 245 -1 1150 247 1151 -1 1150 245 247 -1 1151 1102 1152 -1 1151 247 1102 -1 1103 1152 1102 -1 1153 1152 1103 -1 1154 981 1130 -1 1155 981 1154 -1 1154 1156 1155 -1 1156 1154 1157 -1 1158 1156 1157 -1 978 1156 1158 -1 978 1159 979 -1 978 1158 1159 -1 979 1160 1161 -1 979 1159 1160 -1 1160 732 1161 -1 732 1160 1131 -1 130 1131 131 -1 130 732 1131 -1 1130 1162 1101 -1 1163 1162 1130 -1 1162 1103 1101 -1 1162 1153 1103 -1 356 1164 357 -1 1164 356 1096 -1 1165 1166 1093 -1 1166 1165 1167 -1 1168 1091 1169 -1 1168 1090 1091 -1 291 1170 289 -1 1170 291 1171 -1 280 1172 1173 -1 280 1129 1172 -1 1169 1093 1166 -1 1091 1093 1169 -1 1112 1126 203 -1 1112 1051 1126 -1 1174 198 200 -1 1174 1052 198 -1 194 149 151 -1 194 425 149 -1 153 393 1125 -1 153 152 393 -1 1125 89 88 -1 1125 393 89 -1 398 1108 156 -1 1108 398 373 -1 155 398 156 -1 155 91 398 -1 794 167 800 -1 165 167 794 -1 1124 1175 790 -1 1124 932 1175 -1 759 112 760 -1 759 1123 112 -1 787 762 788 -1 762 787 763 -1 1176 768 938 -1 768 1176 766 -1 952 948 947 -1 767 948 952 -1 764 1177 769 -1 1177 764 1178 -1 1121 1179 765 -1 1179 1121 1120 -1 603 43 608 -1 603 611 43 -1 1180 783 1117 -1 783 1180 780 -1 926 856 1114 -1 926 851 856 -1 942 1181 939 -1 941 1181 942 -1 1181 780 1180 -1 941 780 1181 -1 313 5 770 -1 943 5 313 -1 302 1182 1065 -1 302 1183 1182 -1 1113 302 301 -1 1113 1183 302 -1 1184 1112 1111 -1 1184 139 1112 -1 209 908 207 -1 209 1127 908 -1 1094 434 910 -1 434 1094 1047 -1 1127 905 908 -1 1127 133 905 -1 435 420 419 -1 437 420 435 -1 215 374 220 -1 216 374 215 -1 216 1110 374 -1 1076 321 1185 -1 1076 319 321 -1 285 102 1070 -1 287 102 285 -1 283 1186 1088 -1 282 1186 283 -1 297 292 1187 -1 295 292 297 -1 299 1086 1188 -1 299 1072 1086 -1 1107 107 106 -1 1107 1106 107 -1 13 348 1105 -1 13 349 348 -1 1189 1190 324 -1 1189 1191 1190 -1 320 1192 1193 -1 320 1077 1192 -1 750 1194 1146 -1 750 749 1194 -1 974 1103 976 -1 1103 974 1101 -1 257 698 258 -1 257 699 698 -1 1100 693 1195 -1 1100 690 693 -1 1196 972 1197 -1 1196 973 972 -1 987 1198 988 -1 987 1199 1198 -1 56 990 57 -1 56 1200 990 -1 1201 676 674 -1 1201 1202 676 -1 735 746 747 -1 38 746 735 -1 1203 953 743 -1 1098 953 1203 -1 991 738 742 -1 991 737 738 -1 671 684 992 -1 671 685 684 -1 65 679 64 -1 65 262 679 -1 274 190 903 -1 276 190 274 -1 1204 1096 303 -1 1204 1164 1096 -1 274 1167 288 -1 274 1166 1167 -1 294 227 229 -1 227 294 224 -1 1095 1168 904 -1 1095 1171 1168 -1 1169 904 1168 -1 904 1169 903 -1 1170 911 1173 -1 911 1170 909 -1 1092 1088 1186 -1 1089 1088 1092 -1 300 1188 906 -1 1188 300 299 -1 232 1172 1129 -1 232 1187 1172 -1 230 906 1188 -1 1128 906 230 -1 906 1128 907 -1 987 326 64 -1 987 661 326 -1 298 206 1085 -1 206 298 205 -1 955 422 956 -1 955 63 422 -1 306 548 307 -1 306 311 548 -1 306 1084 310 -1 306 309 1084 -1 237 322 324 -1 1205 322 237 -1 193 1083 197 -1 193 1206 1083 -1 201 323 322 -1 201 196 323 -1 199 11 204 -1 199 1205 11 -1 1207 202 1208 -1 1111 202 1207 -1 995 993 660 -1 993 995 329 -1 662 329 328 -1 662 993 329 -1 347 335 1075 -1 335 347 336 -1 333 1082 331 -1 333 339 1082 -1 339 1080 1081 -1 339 1078 1080 -1 1209 1080 340 -1 1209 1081 1080 -1 1206 1189 1083 -1 1206 1193 1189 -1 1205 12 11 -1 1205 237 12 -1 1107 1208 1105 -1 1207 1208 1107 -1 234 1210 106 -1 1085 1210 234 -1 1077 1074 1192 -1 1074 1077 346 -1 1074 629 1211 -1 1074 1075 629 -1 1191 1212 1190 -1 1212 1191 1211 -1 1212 1213 1214 -1 1212 628 1213 -1 1215 626 1216 -1 1215 1217 626 -1 1139 1215 1140 -1 1215 1139 1214 -1 238 351 349 -1 238 1140 351 -1 108 1073 235 -1 105 1073 108 -1 107 1218 105 -1 107 1219 1218 -1 1220 1071 1073 -1 1071 1220 1221 -1 1222 293 296 -1 293 1222 1223 -1 1135 1224 1219 -1 1135 1225 1224 -1 1226 1220 1218 -1 1220 1226 1227 -1 1228 1222 1221 -1 1222 1228 1229 -1 1230 1231 1223 -1 1231 1230 1232 -1 1233 1232 1230 -1 1233 1234 1232 -1 1235 1229 1228 -1 1235 1236 1229 -1 1237 1227 1226 -1 1237 1238 1227 -1 1239 1224 1225 -1 1239 1240 1224 -1 351 1241 350 -1 1241 351 1216 -1 1241 624 1239 -1 1241 625 624 -1 1237 623 621 -1 1237 1240 623 -1 620 1235 1238 -1 1235 620 1242 -1 1005 1233 1236 -1 1233 1005 1004 -1 1243 1244 1234 -1 1244 1243 1245 -1 1244 354 355 -1 1067 354 1244 -1 224 1231 222 -1 294 1231 224 -1 70 360 71 -1 70 1069 360 -1 103 222 359 -1 103 281 222 -1 225 372 239 -1 372 225 1068 -1 1246 365 1067 -1 1246 1066 365 -1 362 361 71 -1 361 362 375 -1 805 365 1066 -1 363 365 805 -1 189 387 1048 -1 388 387 189 -1 378 383 382 -1 380 383 378 -1 382 1064 378 -1 1064 382 1062 -1 1247 1063 392 -1 1247 386 1063 -1 1062 1059 1064 -1 1060 1059 1062 -1 188 1061 389 -1 1061 1182 384 -1 1061 188 1182 -1 385 1183 1113 -1 385 381 1183 -1 1059 1056 90 -1 1059 1060 1056 -1 157 399 1057 -1 157 397 399 -1 402 1057 401 -1 402 1058 1057 -1 91 1056 398 -1 91 90 1056 -1 216 396 1110 -1 216 394 396 -1 394 216 119 -1 154 1247 152 -1 1054 1247 154 -1 413 418 420 -1 413 412 418 -1 1030 146 148 -1 1030 1029 146 -1 470 1052 1174 -1 470 1028 1052 -1 1051 477 1126 -1 1050 477 1051 -1 1248 135 134 -1 1248 1049 135 -1 1248 209 208 -1 1248 134 209 -1 1048 420 1094 -1 1048 413 420 -1 444 1045 417 -1 444 1046 1045 -1 1249 1250 1023 -1 1249 1251 1250 -1 1036 1023 1250 -1 1020 1023 1036 -1 431 1252 1248 -1 431 443 1252 -1 1049 1253 428 -1 1049 1254 1253 -1 1255 1050 429 -1 1050 1255 1256 -1 456 450 1257 -1 456 453 450 -1 1258 447 1257 -1 447 1258 445 -1 1043 1259 450 -1 1043 1260 1259 -1 1042 447 1041 -1 1042 458 447 -1 446 1040 447 -1 1039 1040 446 -1 1038 445 1037 -1 1038 446 445 -1 1261 1262 1033 -1 1261 1258 1262 -1 1033 1263 1264 -1 1033 1262 1263 -1 1265 1043 1266 -1 1265 1260 1043 -1 1267 448 1268 -1 1267 449 448 -1 452 1269 1270 -1 1269 452 451 -1 455 462 1271 -1 462 455 454 -1 457 1272 1273 -1 1272 457 459 -1 1274 1041 1275 -1 1274 1042 1041 -1 1039 1276 1040 -1 1251 1276 1039 -1 1250 1037 1036 -1 1250 1038 1037 -1 1035 1261 1044 -1 1035 1037 1261 -1 1034 1264 1277 -1 1264 1034 1033 -1 1019 1277 442 -1 1019 1034 1277 -1 441 1266 443 -1 441 1265 1266 -1 1252 1268 1254 -1 1252 1267 1268 -1 1269 1256 1255 -1 1256 1269 1271 -1 1273 1278 1279 -1 1278 1273 1272 -1 1280 1275 478 -1 1280 1274 1275 -1 1281 1251 1249 -1 1281 1276 1251 -1 340 487 1209 -1 342 487 340 -1 1027 1030 1028 -1 1027 1031 1030 -1 424 1031 467 -1 424 1029 1031 -1 469 1027 1028 -1 1027 469 473 -1 460 475 476 -1 475 460 1279 -1 1278 1026 474 -1 1026 1278 1280 -1 482 463 472 -1 463 482 464 -1 1025 484 342 -1 484 1025 481 -1 1022 1249 1137 -1 1249 1022 1281 -1 1022 1024 479 -1 1024 1022 488 -1 1137 516 1022 -1 514 516 1137 -1 511 489 499 -1 511 490 489 -1 493 1021 1044 -1 493 495 1021 -1 1032 1019 1016 -1 1032 1034 1019 -1 1016 79 1017 -1 1016 77 79 -1 214 1017 82 -1 1018 1017 214 -1 494 1017 508 -1 1016 1017 494 -1 497 491 1020 -1 489 491 497 -1 84 1018 214 -1 1018 84 501 -1 935 1282 509 -1 1282 935 840 -1 520 509 1282 -1 510 509 520 -1 519 510 520 -1 512 510 519 -1 532 1015 528 -1 532 531 1015 -1 839 1013 1283 -1 1013 839 930 -1 1014 536 535 -1 536 1014 1284 -1 1283 527 521 -1 527 1283 1013 -1 545 1285 786 -1 538 1285 545 -1 753 530 546 -1 753 533 530 -1 317 308 549 -1 317 551 308 -1 1286 944 558 -1 1286 761 944 -1 1287 1011 569 -1 579 1011 1287 -1 590 575 574 -1 590 1009 575 -1 1011 1010 1012 -1 1011 577 1010 -1 574 588 590 -1 588 574 1288 -1 1288 791 588 -1 1288 792 791 -1 582 595 581 -1 595 582 589 -1 591 565 560 -1 591 630 565 -1 595 162 596 -1 595 161 162 -1 172 608 1007 -1 608 172 603 -1 44 1006 42 -1 44 610 1006 -1 1006 1000 1002 -1 1006 612 1000 -1 1289 1246 1245 -1 1289 1290 1246 -1 1003 1243 1004 -1 1003 1291 1243 -1 1005 1292 1003 -1 1292 1005 1242 -1 1213 638 1217 -1 639 638 1213 -1 631 593 633 -1 631 632 593 -1 598 652 651 -1 652 598 1001 -1 1001 1000 999 -1 1001 1002 1000 -1 615 643 647 -1 643 615 1290 -1 1289 649 641 -1 649 1289 1291 -1 997 1003 1292 -1 997 998 1003 -1 54 995 994 -1 637 995 54 -1 997 659 657 -1 997 1136 659 -1 1293 652 999 -1 652 1293 665 -1 996 1293 646 -1 996 1294 1293 -1 644 989 675 -1 989 644 648 -1 525 956 518 -1 525 719 956 -1 662 338 663 -1 662 1082 338 -1 669 666 672 -1 669 667 666 -1 184 1294 996 -1 670 1294 184 -1 182 996 654 -1 182 184 996 -1 57 989 656 -1 57 990 989 -1 986 984 680 -1 986 1148 984 -1 1295 1199 985 -1 1295 1198 1199 -1 1296 985 984 -1 1296 1295 985 -1 1198 682 272 -1 1198 1295 682 -1 271 1297 56 -1 271 681 1297 -1 1298 1299 1297 -1 1300 1299 1298 -1 1299 1201 1200 -1 1299 1301 1201 -1 1302 980 1301 -1 983 980 1302 -1 185 980 982 -1 1202 980 185 -1 1155 982 981 -1 1155 1303 982 -1 1303 1097 273 -1 1303 1304 1097 -1 1304 978 686 -1 978 1304 1156 -1 1161 687 979 -1 1161 736 687 -1 974 977 975 -1 974 976 977 -1 691 705 704 -1 705 691 975 -1 965 977 689 -1 965 706 977 -1 248 966 246 -1 1305 966 248 -1 260 970 971 -1 970 260 964 -1 1306 962 702 -1 1307 962 1306 -1 963 702 969 -1 963 710 702 -1 966 967 701 -1 966 1305 967 -1 697 967 1305 -1 968 967 697 -1 969 964 963 -1 969 970 964 -1 1306 959 1308 -1 1306 1309 959 -1 1307 716 962 -1 1307 717 716 -1 960 962 714 -1 962 960 961 -1 712 714 713 -1 714 712 960 -1 1308 958 1310 -1 1308 959 958 -1 726 959 709 -1 957 959 726 -1 709 718 725 -1 718 709 708 -1 61 986 261 -1 61 721 986 -1 957 240 242 -1 957 726 240 -1 242 958 957 -1 729 958 242 -1 244 727 729 -1 244 1104 727 -1 715 728 1138 -1 715 1310 728 -1 35 1138 32 -1 715 1138 35 -1 730 1098 1203 -1 730 734 1098 -1 954 565 740 -1 566 565 954 -1 757 954 744 -1 757 758 954 -1 745 953 747 -1 745 757 953 -1 524 50 720 -1 524 529 50 -1 50 1015 48 -1 50 529 1015 -1 533 1311 531 -1 873 1311 533 -1 552 883 950 -1 883 552 2 -1 312 949 886 -1 949 312 947 -1 945 758 756 -1 945 568 758 -1 568 919 567 -1 568 945 919 -1 881 569 567 -1 1287 569 881 -1 559 1312 558 -1 559 880 1312 -1 1120 918 917 -1 1120 1286 918 -1 1120 1119 1286 -1 1313 1178 1179 -1 1178 1313 1314 -1 1315 948 1177 -1 946 948 1315 -1 761 1121 759 -1 761 1118 1121 -1 779 773 781 -1 779 778 773 -1 942 779 941 -1 942 7 779 -1 1116 315 785 -1 1116 316 315 -1 1116 1115 316 -1 1180 784 837 -1 1180 1117 784 -1 940 1181 836 -1 940 939 1181 -1 770 169 771 -1 770 933 169 -1 938 1124 1176 -1 938 171 1124 -1 166 585 110 -1 1008 585 166 -1 159 798 160 -1 798 159 799 -1 827 1007 606 -1 827 934 1007 -1 816 614 822 -1 614 816 616 -1 367 810 936 -1 366 810 367 -1 221 66 68 -1 66 221 807 -1 86 808 936 -1 937 808 86 -1 847 840 935 -1 847 841 840 -1 503 811 815 -1 811 503 502 -1 847 830 829 -1 847 812 830 -1 39 821 827 -1 39 41 821 -1 833 796 795 -1 833 826 796 -1 866 797 801 -1 866 928 797 -1 803 867 866 -1 867 803 802 -1 836 855 940 -1 836 838 855 -1 858 169 854 -1 170 169 858 -1 924 932 857 -1 1175 932 924 -1 174 838 931 -1 174 1114 838 -1 786 931 837 -1 931 786 1285 -1 1316 844 929 -1 844 1316 1284 -1 1014 842 845 -1 842 1014 930 -1 834 922 831 -1 1317 922 834 -1 927 1318 832 -1 870 1318 927 -1 868 928 866 -1 868 870 928 -1 9 899 925 -1 9 178 899 -1 913 864 1319 -1 864 913 862 -1 1141 859 1319 -1 1141 1142 859 -1 1320 896 1321 -1 1320 1322 896 -1 870 1320 1318 -1 870 869 1320 -1 1317 923 922 -1 1317 1321 923 -1 923 894 921 -1 895 894 923 -1 850 921 849 -1 850 923 921 -1 871 892 872 -1 871 893 892 -1 264 951 875 -1 264 268 951 -1 46 1311 920 -1 1311 46 48 -1 901 874 754 -1 874 901 890 -1 891 920 887 -1 46 920 891 -1 945 916 919 -1 945 1323 916 -1 1312 914 918 -1 1312 897 914 -1 1324 917 914 -1 1313 917 1324 -1 1325 1315 1314 -1 1315 1325 1326 -1 900 949 946 -1 949 900 898 -1 902 754 950 -1 754 902 901 -1 1322 916 1323 -1 916 1322 915 -1 914 860 1324 -1 914 913 860 -1 861 1326 1325 -1 1326 861 925 -1 852 885 884 -1 885 852 926 -1 1165 286 357 -1 286 1165 284 -1 305 911 910 -1 911 305 279 -1 304 278 277 -1 907 278 304 -1 1095 910 909 -1 1095 1094 910 -1 902 926 176 -1 902 885 926 -1 925 900 1326 -1 900 925 899 -1 1325 860 861 -1 1325 1324 860 -1 896 1323 879 -1 1323 896 1322 -1 893 47 892 -1 876 47 893 -1 892 887 889 -1 891 887 892 -1 950 885 902 -1 950 883 885 -1 898 886 949 -1 886 898 884 -1 1326 946 1315 -1 946 1326 900 -1 1324 1314 1313 -1 1314 1324 1325 -1 880 897 1312 -1 880 882 897 -1 17 1323 945 -1 17 879 1323 -1 875 51 45 -1 951 51 875 -1 920 873 874 -1 1311 873 920 -1 1318 1321 1317 -1 1318 1320 1321 -1 895 1321 896 -1 923 1321 895 -1 869 1322 1320 -1 869 915 1322 -1 863 869 865 -1 863 915 869 -1 1319 867 1141 -1 867 1319 864 -1 10 1142 924 -1 1142 10 859 -1 1319 860 913 -1 1319 859 860 -1 854 179 858 -1 854 180 179 -1 832 1317 834 -1 1318 1317 832 -1 845 1284 1014 -1 845 844 1284 -1 1285 929 931 -1 929 1285 1316 -1 1175 1142 1134 -1 1175 924 1142 -1 940 854 933 -1 940 855 854 -1 1114 855 838 -1 1114 856 855 -1 835 928 927 -1 928 835 797 -1 831 825 834 -1 831 824 825 -1 822 817 816 -1 822 820 817 -1 818 812 813 -1 812 818 830 -1 814 817 815 -1 814 816 817 -1 87 502 83 -1 87 811 502 -1 370 936 808 -1 370 367 936 -1 804 366 805 -1 810 366 804 -1 617 816 806 -1 617 616 816 -1 797 799 801 -1 797 798 799 -1 796 605 601 -1 828 605 796 -1 792 166 165 -1 792 1008 166 -1 1176 790 788 -1 1176 1124 790 -1 836 1180 837 -1 836 1181 1180 -1 1117 785 784 -1 1117 1116 785 -1 316 783 782 -1 1115 783 316 -1 772 938 768 -1 938 772 771 -1 762 769 766 -1 762 764 769 -1 759 765 763 -1 759 1121 765 -1 760 571 761 -1 760 1122 571 -1 1314 1177 1178 -1 1314 1315 1177 -1 917 1179 1120 -1 1179 917 1313 -1 558 918 1286 -1 558 1312 918 -1 1287 880 559 -1 1287 881 880 -1 886 2 312 -1 886 883 2 -1 873 753 752 -1 873 533 753 -1 531 48 1015 -1 1311 48 531 -1 727 25 748 -1 25 727 1104 -1 568 954 758 -1 568 566 954 -1 731 1203 738 -1 731 730 1203 -1 734 735 1098 -1 734 733 735 -1 732 734 730 -1 734 732 130 -1 1161 731 736 -1 1161 732 731 -1 727 1138 728 -1 30 1138 727 -1 729 1310 958 -1 729 728 1310 -1 1146 751 750 -1 1146 1144 751 -1 1144 722 751 -1 1144 723 722 -1 722 61 267 -1 721 61 722 -1 721 1148 986 -1 721 724 1148 -1 718 964 260 -1 708 964 718 -1 1310 717 1308 -1 1310 715 717 -1 716 34 714 -1 35 34 716 -1 34 252 713 -1 34 33 252 -1 972 712 711 -1 972 696 712 -1 1307 1308 717 -1 1307 1306 1308 -1 1309 709 959 -1 1309 707 709 -1 970 968 697 -1 969 968 970 -1 700 704 705 -1 700 703 704 -1 701 969 702 -1 701 967 969 -1 702 1309 1306 -1 707 1309 702 -1 1305 698 697 -1 1305 248 698 -1 705 977 706 -1 705 975 977 -1 742 668 991 -1 742 741 668 -1 1097 686 685 -1 686 1097 1304 -1 1303 1156 1304 -1 1303 1155 1156 -1 982 273 185 -1 1303 273 982 -1 1301 1202 1201 -1 980 1202 1301 -1 1300 1301 1299 -1 1300 1302 1301 -1 1297 1200 56 -1 1299 1200 1297 -1 1298 681 683 -1 681 1298 1297 -1 272 681 271 -1 681 272 682 -1 683 1295 1296 -1 1295 683 682 -1 679 985 1199 -1 679 680 985 -1 678 661 988 -1 678 663 661 -1 988 677 678 -1 988 270 677 -1 656 58 57 -1 656 655 58 -1 676 654 653 -1 676 182 654 -1 184 673 670 -1 673 184 183 -1 1294 672 666 -1 1294 670 672 -1 992 672 671 -1 992 669 672 -1 650 668 739 -1 668 650 667 -1 675 642 644 -1 675 653 642 -1 1294 665 1293 -1 1294 666 665 -1 649 658 648 -1 649 998 658 -1 646 999 635 -1 646 1293 999 -1 627 637 639 -1 330 637 627 -1 54 638 637 -1 54 53 638 -1 1292 1136 997 -1 1136 1292 622 -1 998 1291 1003 -1 998 649 1291 -1 1290 641 643 -1 641 1290 1289 -1 647 618 615 -1 647 634 618 -1 1075 627 629 -1 627 1075 640 -1 628 639 1213 -1 627 639 628 -1 1217 53 626 -1 638 53 1217 -1 624 53 52 -1 53 624 625 -1 52 621 623 -1 52 619 621 -1 622 1242 620 -1 622 1292 1242 -1 1291 1245 1243 -1 1291 1289 1245 -1 1290 1066 1246 -1 1290 615 1066 -1 607 599 605 -1 607 597 599 -1 604 609 607 -1 609 604 42 -1 600 798 602 -1 164 798 600 -1 164 160 798 -1 162 600 596 -1 162 164 600 -1 793 595 589 -1 163 595 793 -1 163 161 595 -1 792 586 1008 -1 1288 586 792 -1 576 1288 574 -1 576 586 1288 -1 583 570 113 -1 583 572 570 -1 580 1012 1010 -1 1012 580 562 -1 579 577 1011 -1 579 578 577 -1 573 555 554 -1 573 578 555 -1 577 1009 1010 -1 575 1009 577 -1 554 576 573 -1 554 584 576 -1 579 559 557 -1 579 1287 559 -1 1286 1118 761 -1 1286 1119 1118 -1 552 317 3 -1 552 550 317 -1 548 546 547 -1 548 753 546 -1 543 538 545 -1 543 541 538 -1 1316 538 540 -1 538 1316 1285 -1 536 539 537 -1 539 536 540 -1 1284 540 536 -1 540 1284 1316 -1 537 530 532 -1 539 530 537 -1 537 528 534 -1 537 532 528 -1 1282 521 520 -1 1282 1283 521 -1 485 516 515 -1 485 488 516 -1 499 512 511 -1 499 510 512 -1 1283 840 839 -1 1283 1282 840 -1 508 501 504 -1 508 1018 501 -1 1020 492 497 -1 495 492 1020 -1 508 492 494 -1 496 492 508 -1 79 82 1017 -1 79 80 82 -1 493 1032 1016 -1 493 1044 1032 -1 514 490 511 -1 514 1137 490 -1 1281 479 478 -1 479 1281 1022 -1 1023 1137 1249 -1 1023 491 1137 -1 342 483 487 -1 484 483 342 -1 481 479 1024 -1 482 479 481 -1 482 480 479 -1 472 480 482 -1 472 1026 480 -1 1026 478 480 -1 1026 1280 478 -1 1279 474 475 -1 474 1279 1278 -1 473 474 472 -1 474 473 469 -1 467 1027 465 -1 467 1031 1027 -1 150 467 468 -1 149 467 150 -1 424 467 149 -1 344 466 463 -1 344 1185 466 -1 486 1209 487 -1 486 325 1209 -1 478 1276 1281 -1 478 1275 1276 -1 1272 1280 1278 -1 1280 1272 1274 -1 462 1279 460 -1 1279 462 1273 -1 1271 461 1256 -1 461 1271 462 -1 1270 1255 1253 -1 1255 1270 1269 -1 1266 1252 443 -1 1252 1266 1267 -1 442 1265 441 -1 442 1277 1265 -1 1044 1033 1032 -1 1044 1261 1033 -1 1251 1038 1250 -1 1251 1039 1038 -1 1275 1040 1276 -1 1275 1041 1040 -1 1272 1042 1274 -1 1272 459 1042 -1 454 1273 462 -1 1273 454 457 -1 451 1271 1269 -1 1271 451 455 -1 1268 452 1270 -1 1268 448 452 -1 1043 1267 1266 -1 1267 1043 449 -1 1277 1260 1265 -1 1277 1264 1260 -1 1263 1260 1264 -1 1259 1260 1263 -1 1037 1258 1261 -1 1037 445 1258 -1 456 457 454 -1 457 456 458 -1 453 455 451 -1 455 453 456 -1 453 448 450 -1 452 448 453 -1 1257 1262 1258 -1 1257 1263 1262 -1 450 1263 1257 -1 1259 1263 450 -1 1257 458 456 -1 458 1257 447 -1 1256 477 1050 -1 477 1256 461 -1 1253 429 428 -1 429 1253 1255 -1 1248 1254 1049 -1 1248 1252 1254 -1 78 442 416 -1 78 1019 442 -1 1036 1021 1020 -1 1035 1021 1036 -1 208 431 1248 -1 208 432 431 -1 477 144 1126 -1 477 426 144 -1 1174 427 470 -1 427 1174 142 -1 486 62 325 -1 486 421 62 -1 1268 1253 1254 -1 1270 1253 1268 -1 154 219 412 -1 154 217 219 -1 405 1053 75 -1 1053 405 404 -1 407 409 411 -1 407 406 409 -1 406 400 93 -1 406 403 400 -1 407 404 403 -1 407 410 404 -1 1110 158 1109 -1 396 158 1110 -1 152 392 393 -1 1247 392 152 -1 391 1113 99 -1 385 1113 391 -1 1183 384 1182 -1 381 384 1183 -1 392 1064 1059 -1 392 1063 1064 -1 386 1054 387 -1 1247 1054 386 -1 384 380 1061 -1 384 383 380 -1 275 1204 1065 -1 275 288 1204 -1 220 375 16 -1 374 375 220 -1 101 377 226 -1 101 100 377 -1 368 367 370 -1 368 364 367 -1 377 1068 226 -1 377 371 1068 -1 104 1070 102 -1 104 360 1070 -1 1234 355 1232 -1 1234 1244 355 -1 1245 1067 1244 -1 1245 1246 1067 -1 1004 1234 1233 -1 1234 1004 1243 -1 1236 1242 1005 -1 1236 1235 1242 -1 621 1238 1237 -1 1238 621 620 -1 624 1240 1239 -1 1240 624 623 -1 1216 625 1241 -1 1216 626 625 -1 1241 1225 350 -1 1241 1239 1225 -1 1240 1226 1224 -1 1240 1237 1226 -1 1238 1228 1227 -1 1238 1235 1228 -1 1236 1230 1229 -1 1236 1233 1230 -1 1232 222 1231 -1 222 1232 355 -1 1229 1223 1222 -1 1223 1229 1230 -1 1221 1227 1228 -1 1221 1220 1227 -1 1219 1226 1218 -1 1219 1224 1226 -1 348 1225 1135 -1 348 350 1225 -1 1223 294 293 -1 294 1223 1231 -1 1221 296 1071 -1 296 1221 1222 -1 1073 1218 1220 -1 1073 105 1218 -1 1106 1219 107 -1 1106 1135 1219 -1 1190 1214 1139 -1 1190 1212 1214 -1 1216 1140 1215 -1 1140 1216 351 -1 1214 1217 1215 -1 1214 1213 1217 -1 1211 628 1212 -1 1211 629 628 -1 1192 1211 1191 -1 1192 1074 1211 -1 1207 106 1210 -1 1207 1107 106 -1 11 1105 1208 -1 11 13 1105 -1 324 1083 1189 -1 323 1083 324 -1 318 1193 1206 -1 318 320 1193 -1 347 343 336 -1 345 343 347 -1 341 1080 337 -1 341 340 1080 -1 1209 327 1081 -1 1209 325 327 -1 328 1082 662 -1 1082 328 331 -1 332 328 330 -1 328 332 331 -1 1210 1111 1207 -1 1111 1210 1184 -1 1208 204 11 -1 202 204 1208 -1 199 322 1205 -1 199 201 322 -1 195 1206 193 -1 195 318 1206 -1 1185 346 1076 -1 1185 344 346 -1 551 309 308 -1 1084 309 551 -1 1085 1184 1210 -1 1085 206 1184 -1 303 1065 1204 -1 303 302 1065 -1 1187 289 1172 -1 1187 292 289 -1 296 1086 1071 -1 1086 296 233 -1 295 296 293 -1 297 296 295 -1 284 1093 1092 -1 1093 284 1165 -1 232 1128 230 -1 232 1129 1128 -1 284 1186 287 -1 284 1092 1186 -1 279 1173 911 -1 279 280 1173 -1 909 1171 1095 -1 909 1170 1171 -1 1166 903 1169 -1 903 1166 274 -1 1164 288 1167 -1 288 1164 1204 -1 737 992 684 -1 992 737 991 -1 738 743 742 -1 1203 743 738 -1 1202 182 676 -1 1202 185 182 -1 1200 674 990 -1 1200 1201 674 -1 988 272 270 -1 988 1198 272 -1 64 1199 987 -1 64 679 1199 -1 265 748 25 -1 265 27 748 -1 60 261 955 -1 261 60 61 -1 711 255 1327 -1 255 711 254 -1 247 688 1102 -1 246 688 247 -1 1197 711 1327 -1 1197 972 711 -1 1195 973 1196 -1 1195 693 973 -1 129 971 1099 -1 129 260 971 -1 258 248 245 -1 258 698 248 -1 240 249 241 -1 250 249 240 -1 468 1185 321 -1 468 466 1185 -1 1193 1191 1189 -1 1193 1192 1191 -1 324 1139 237 -1 324 1190 1139 -1 349 12 238 -1 12 349 13 -1 230 1086 233 -1 230 1188 1086 -1 231 1187 232 -1 297 1187 231 -1 282 287 1186 -1 282 102 287 -1 352 1070 1069 -1 285 1070 352 -1 319 1077 320 -1 319 1076 1077 -1 73 211 74 -1 212 211 73 -1 432 910 434 -1 432 305 910 -1 437 1094 420 -1 437 1047 1094 -1 139 206 137 -1 206 139 1184 -1 151 195 194 -1 195 151 321 -1 1065 188 187 -1 1065 1182 188 -1 192 1048 1094 -1 192 189 1048 -1 5 939 770 -1 5 942 939 -1 776 1 775 -1 1 776 553 -1 178 8 179 -1 9 8 178 -1 934 172 1007 -1 934 173 172 -1 765 1178 764 -1 1178 765 1179 -1 769 948 767 -1 948 769 1177 -1 788 766 1176 -1 766 788 762 -1 790 1134 789 -1 790 1175 1134 -1 1141 802 111 -1 1141 867 802 -1 1057 155 157 -1 88 155 1057 -1 1109 156 1108 -1 1109 158 156 -1 1058 88 1057 -1 1058 1125 88 -1 142 200 143 -1 142 1174 200 -1 1173 289 1170 -1 1173 1172 289 -1 1090 1171 291 -1 1090 1168 1171 -1 1167 357 1164 -1 1167 1165 357 -1 983 1163 1130 -1 983 1162 1163 -1 983 1153 1162 -1 1327 1131 1160 -1 1131 1327 255 -1 1197 1160 1159 -1 1160 1197 1327 -1 1158 1197 1159 -1 1158 1196 1197 -1 1196 1157 1195 -1 1158 1157 1196 -1 1100 1157 1154 -1 1157 1100 1195 -1 1130 1100 1154 -1 1130 1101 1100 -1 1296 256 683 -1 1296 259 256 -1 1152 983 1302 -1 983 1152 1153 -1 1151 1302 1300 -1 1302 1151 1152 -1 1298 1151 1300 -1 1298 1150 1151 -1 1150 683 256 -1 1298 683 1150 -1 984 259 1296 -1 984 1149 259 -1 1149 1148 128 -1 984 1148 1149 -1 1147 127 126 -1 1147 249 127 -1 241 1147 1145 -1 1147 241 249 -1 241 1133 243 -1 1145 1133 241 -1 1146 1132 1133 -1 1146 1194 1132 -1 1132 749 24 -1 1194 749 1132 -1 75 1143 76 -1 75 1053 1143 -1 1053 125 1143 -1 1053 415 125 -1 122 409 120 -1 411 409 122 -1 120 408 95 -1 409 408 120 -1 118 1055 116 -1 97 1055 118 -1 118 115 114 -1 118 117 115 -1 341 1025 342 -1 341 343 1025 -1 268 59 951 -1 268 267 59 -1 45 50 48 -1 51 50 45 -1 81 210 124 -1 210 81 213 -1' creaseAngle='1.571'>
            <Coordinate DEF='loscoxae_Coord' point='0.3037 30.8337 0.8448 0.3089 30.7636 0.8013 0.6367 30.764 0.595 0.4436 31.0103 0.9004 0.2406 31.1353 0.9863 0.2121 30.3611 -0.0013 0.2445 30.4549 0.2146 0.2132 30.6368 0.2099 1.0658 30.1974 -0.4151 1.0808 30.1991 -0.3885 1.2095 30.06 -0.6371 4.6436 35.6015 -0.2525 4.7082 35.4393 -0.4154 4.7063 35.4883 -0.6135 1.9299 34.1486 -3.5959 2.1471 33.8743 -3.3676 1.9439 33.4085 -3.3984 2.3808 30.788 -1.0375 2.4049 31.0016 -0.9298 2.2514 31.0806 -0.7212 2.0536 31.681 -2.55 2.0366 31.6805 -2.5422 2.1893 31.8251 -2.4114 2.3712 31.3234 -0.4442 2.3757 31.3255 -0.4427 2.3683 31.3 -0.3651 2.2882 31.1089 -0.7254 2.2636 31.1819 -0.5476 2.246 31.1573 -0.4813 2.4375 31.2806 -1.1192 2.2886 31.2056 -0.7774 2.2935 31.1578 -0.7474 2.3242 31.3426 -1.1202 2.434 31.3464 -1.2412 2.3561 31.5587 -1.2852 2.2901 31.5693 -1.1483 2.4682 31.3282 -1.176 2.4661 31.1253 -0.9587 2.4846 31.1016 -0.9744 2.1129 31.7698 -2.3829 1.9984 31.642 -2.474 1.9883 31.6153 -2.4625 2.3178 31.2351 -2.447 2.0269 31.142 -2.5696 2.1021 31.3215 -2.5461 2.2366 31.3561 0.1747 2.0385 31.3082 0.2176 2.1181 31.3116 0.0499 2.0914 31.4135 0.4096 2.73 31.5685 0.365 2.3006 31.4875 0.402 2.4269 31.4361 0.2278 3.7611 33.7825 -1.0235 3.8397 33.7908 -0.8663 3.7578 33.4102 -0.8281 3.9022 32.5466 -0.8575 3.8727 32.4725 -1.0448 3.8874 32.498 -1.0504 3.8823 32.5927 -0.8543 2.7638 31.5508 0.2284 2.9237 31.9332 0.2785 2.9168 31.9339 0.2184 3.4519 32.6027 0.0979 3.3699 32.4096 0.0908 3.5065 32.4314 -0.0509 3.387 32.3819 0.0494 1.6503 33.2249 -3.0667 1.6722 33.2918 -3.1258 1.6503 33.3272 -3.3702 1.4382 34.4298 -4.0129 1.5453 34.553 -4.0329 1.7507 34.2915 -3.776 2.0432 35.0476 -2.4487 2.0504 35.0179 -2.4167 2.0611 35.0726 -2.3944 2.071 34.9148 -2.3026 2.0726 34.9201 -2.3003 2.2002 34.6314 -2.0638 2.1492 34.7032 -2.1228 2.1758 34.5976 -2.0647 2.1527 34.5656 -2.0744 2.1481 34.5429 -2.0918 2.1227 34.2592 -2.0002 2.0264 33.5709 -2.1837 1.985 33.6749 -2.0915 1.8656 33.5899 -2.3615 1.9583 33.4733 -2.5218 2.1118 33.4441 -2.3134 1.683 34.2912 -2.8121 1.6663 34.3222 -2.8266 1.5291 34.13 -3.1431 1.6314 33.9999 -3.137 1.9824 33.727 -2.125 1.7962 33.6732 -2.4129 1.8137 33.6206 -2.3716 1.9822 33.7319 -2.1282 1.7213 33.6634 -2.7482 1.7763 33.4499 -2.8149 1.7558 33.5897 -2.5588 1.0461 34.2428 -3.7931 1.0457 34.2363 -3.8405 1.1489 34.1241 -3.8413 1.7568 35.0788 -3.9513 1.9346 34.8106 -3.785 1.8011 34.5246 -3.7791 3.5246 36.3883 -2.3337 4.0685 36.3483 -1.8439 4.0673 36.2719 -1.8437 3.5165 36.508 -2.4089 1.6546 29.2528 -1.7765 1.6521 29.2457 -1.7815 1.3633 29.2272 -1.3736 1.6002 28.9694 -1.3027 1.7455 28.9736 -1.5838 1.7563 33.5849 -2.5559 1.7571 33.5801 -2.5532 1.6729 33.2975 -3.1267 1.7782 33.44 -2.81 1.7774 33.445 -2.8125 1.6471 33.3328 -3.3748 2.0922 33.9812 -2.0504 2.0915 33.9804 -2.0448 2.1369 34.2921 -2.0383 2.1359 34.2928 -2.0329 2.1399 34.5224 -2.1206 2.1386 34.5208 -2.1255 2.5433 32.0847 -0.2578 2.5364 32.0861 -0.2619 2.6267 32.3604 -0.5142 2.6218 32.3599 -0.5188 2.5204 31.3245 -1.2937 2.5166 31.3312 -1.2944 2.4755 31.328 -1.1783 2.4086 36.6893 -2.7255 2.4101 36.6793 -2.7101 2.9526 36.7963 -2.5217 2.9576 36.8033 -2.5334 3.4282 36.8095 -2.2169 3.8651 36.6593 -1.6428 3.8771 36.6654 -1.651 3.4195 36.8028 -2.1985 4.3768 35.7204 -0.1747 4.2467 35.3406 0.3881 4.2615 35.3401 0.3929 4.36 35.7218 -0.1754 4.0289 34.9009 1.0014 3.9518 34.6401 1.1407 3.9701 34.6405 1.1521 4.0119 34.906 0.9981 3.9444 34.1908 1.0692 3.9519 34.1435 1.0517 3.9593 34.1446 1.0631 1.8329 34.6869 -2.6725 1.8586 34.6698 -2.651 1.904 35.0798 -2.6399 1.6588 33.9759 -3.1246 1.554 33.7854 -3.4795 1.6589 33.9452 -3.1013 1.5566 33.7453 -3.4745 2.4167 29.9048 -2.4631 2.4705 29.9516 -2.4677 2.4879 29.9444 -2.4687 2.4843 29.9594 -2.4723 2.4751 29.9332 -2.4696 2.4799 29.9603 -2.4715 1.9716 29.5091 -2.2518 1.8244 29.3221 -2.0218 1.9746 29.5194 -2.2443 1.8255 29.3345 -2.014 0.3971 30.3072 -0.1331 0.4955 30.0697 -0.291 0.4707 30.0314 -0.265 1.8734 31.36 -2.6409 1.8659 31.359 -2.6242 1.2123 31.1095 0.0438 1.4673 31.3367 -0.0477 1.2205 31.0894 0.0628 1.4836 31.3185 -0.036 1.0051 30.3347 -0.2864 0.9909 30.3405 -0.3039 0.9742 30.5496 -0.1912 0.984 30.5425 -0.1746 3.7016 31.8658 -1.6575 3.6222 31.6534 -1.6838 3.6363 31.6413 -1.7341 3.68 31.8653 -1.6272 1.1152 35.2145 -3.5229 1.1032 35.1179 -3.5982 1.1166 35.0979 -3.5542 1.3465 35.4992 -3.2373 1.2124 35.3994 -3.4344 1.2239 35.3709 -3.402 1.3343 35.5482 -3.2611 3.9795 34.6189 1.1547 3.9491 34.4556 1.1895 3.9628 34.4374 1.1793 4.1147 35.0216 0.8503 4.0354 34.874 1.0138 4.1028 35.0435 0.8366 4.2749 35.3325 0.3918 4.193 35.1915 0.6081 4.2014 35.1742 0.6356 4.3536 36.0328 -0.6754 4.3431 36.0449 -0.6672 4.4056 35.7063 -0.1887 2.9661 36.798 -2.5474 3.4454 36.806 -2.2339 2.2568 36.5169 -2.7363 2.2703 36.5016 -2.6895 2.4008 36.6804 -2.7143 2.1234 34.692 -2.1683 2.0779 34.9355 -2.2668 2.0734 34.9223 -2.2955 2.1387 34.6856 -2.1292 2.0733 33.9593 -2.01 1.6513 33.3302 -3.3773 1.6458 33.3372 -3.378 2.0354 35.0722 -2.4622 1.971 35.2789 -2.4468 1.9268 35.3172 -2.4898 1.6838 33.3104 -3.3961 1.6751 33.2916 -3.3613 2.1462 34.7161 -3.5062 2.0375 35.0996 -3.6549 2.0609 35.1446 -3.6469 1.365 34.425 -4.0578 1.2625 34.1499 -3.9411 1.7814 35.5854 -3.7245 1.7614 35.6193 -3.7712 1.8193 35.8073 -3.6009 2.2503 36.3754 -3.1362 2.0993 36.2499 -3.3131 2.0867 36.2925 -3.3174 2.259 36.3357 -3.1453 3.5238 36.5809 -2.4115 3.1297 36.6005 -2.7763 3.1165 36.6694 -2.7727 4.5136 35.1224 0.2916 4.6979 35.3773 -0.4433 1.4916 34.5717 -4.0527 2.3346 31.7631 -0.327 2.3457 31.7465 -0.3196 2.2968 31.6141 -0.4797 2.3108 31.6233 -0.4552 2.2969 31.4747 -0.5487 2.9071 32.4303 -1.0913 2.8995 32.37 -1.2252 2.9251 32.3592 -1.2196 2.8882 32.4328 -1.0933 2.4117 31.8705 -0.2588 2.3897 31.8888 -0.271 2.5119 32.0878 -0.2773 2.4799 31.3655 -1.3383 2.5101 31.3345 -1.2969 2.5414 31.4019 -1.4037 2.5744 31.3701 -1.3846 2.8716 32.4746 -0.9545 2.8068 32.4857 -0.8619 2.8649 32.4752 -0.9546 2.8136 32.4863 -0.8586 2.6024 32.3555 -0.5304 3.1884 32.2449 0.087 3.372 32.3807 0.0016 2.4227 31.1208 -0.9157 2.4142 31.3372 -0.1119 2.3389 31.2547 -0.3372 2.4289 31.3927 -0.153 2.7539 31.5749 0.1692 2.5794 31.417 0.0184 2.584 31.4685 -0.0105 3.8678 32.5646 -0.7455 3.8702 32.5429 -0.8568 3.8306 32.5511 -0.7538 3.5426 31.685 -1.6812 1.1649 35.3216 -3.7834 1.162 35.2202 -3.6265 1.1668 35.3118 -3.4897 1.9544 36.3362 -2.9153 2.0181 36.5403 -2.9963 1.8915 36.2706 -2.9427 1.9052 36.434 -3.2453 1.9575 34.8887 -3.7598 1.7258 35.2158 -3.9524 1.7501 35.4673 -3.8141 1.2031 35.2498 -4.1319 1.6777 34.854 -4.0107 1.1572 35.0714 -4.1665 1.723 35.0765 -4.0045 1.1357 35.2298 -3.829 1.7497 36.1184 -3.4889 1.6995 35.8938 -3.6407 1.6227 35.9415 -3.6489 1.8935 36.0282 -3.52 2.1932 35.6337 -3.3239 2.1064 35.3727 -3.4763 1.9121 35.9951 -3.5071 2.4185 35.9858 -3.12 2.0135 36.1461 -3.4108 3.0351 36.8178 -2.6942 2.6233 36.5471 -2.9619 2.4316 36.7108 -2.8028 0.9535 34.4969 -3.787 0.9813 34.754 -3.7285 1.0027 34.7676 -3.8665 2.1275 36.5278 -2.8518 1.9223 36.1392 -2.7597 0.8546 31.2841 1.1447 0.8255 31.4014 1.115 0.7005 31.3486 1.1025 0.8282 31.2303 1.1255 0.9586 31.1738 1.0629 0.9738 31.2573 1.0903 0.419 30.349 0.4449 0.2568 30.3491 0.2662 0.3288 30.2384 0.1711 0.349 31.3952 1.0816 0.1897 31.3404 0.953 0.5591 31.1571 0.9593 4.1062 34.3962 1.1859 4.1386 34.1784 1.0307 4.2134 34.2915 1.0578 3.9739 34.1378 1.0593 4.3726 35.0807 0.6011 4.2826 34.9372 0.8194 4.3196 34.8682 0.695 3.6101 32.8073 0.3643 3.6002 32.5559 0.0385 3.7916 32.7969 0.2404 3.8918 33.205 -0.4309 3.8752 33.2001 -0.5258 3.8786 33.3812 -0.3544 3.971 33.209 -0.1249 3.9778 33.312 -0.0265 4.0187 33.1748 0.0793 3.9515 33.4836 -0.0451 3.9703 33.5272 0.1895 3.9083 33.5894 0.4305 4.0313 33.2934 0.3805 3.8384 32.8222 0.0603 3.9449 32.9607 0.1632 3.7617 33.2584 0.6002 3.806 33.3436 0.5533 3.5403 33.3029 0.5874 3.8025 33.6672 0.5674 3.9542 34.0468 0.7706 3.8596 33.8824 0.6169 4.0873 34.0786 0.656 3.9642 33.8244 0.5062 4.6201 35.6788 -0.9574 4.6935 35.4308 -0.6406 4.421 35.3597 -1.0162 4.5433 35.2719 -0.6965 1.5429 34.6393 -4.0739 1.1096 34.8415 -4.2086 2.3115 34.074 -3.2528 2.3895 34.391 -3.1201 1.0579 34.8446 -4.1837 1.0978 35.0779 -4.163 2.3625 33.6899 -3.062 2.0231 34.3974 -3.5758 1.7197 34.5538 -3.8746 1.5448 33.8391 -3.7222 1.8377 33.859 -3.6035 2.4227 33.3581 -2.5792 2.3082 33.3642 -2.833 2.5691 33.5734 -2.7031 2.3574 33.3383 -2.5289 2.2339 33.3009 -2.7525 2.182 33.3146 -3.0841 1.8532 33.2423 -3.2921 2.0979 33.2514 -3.0143 1.1011 34.5286 -4.0456 1.1801 34.5582 -4.0416 1.5095 33.8522 -3.7283 1.6257 33.5183 -3.5457 1.7503 33.6146 -3.5766 1.0862 34.5263 -4.0359 1.1428 34.2941 -3.967 1.2111 34.9208 -3.1476 1.2808 35.0743 -3.1318 1.1859 35.0139 -3.2316 1.0346 34.7192 -3.4973 1.1452 34.7825 -3.2633 1.146 34.8898 -3.287 1.1141 34.93 -3.4735 1.0288 34.5912 -3.5107 1.3544 34.96 -3.0284 1.5383 35.2363 -2.9417 1.3779 35.2848 -3.1622 1.1445 35.1615 -3.4666 1.2011 35.2743 -3.4801 1.087 34.4507 -3.4315 1.502 34.6276 -2.9684 1.7289 34.3814 -2.7916 1.6704 33.341 -3.1689 1.7535 33.4898 -2.8931 1.6116 33.5197 -3.3002 1.622 33.6959 -2.9896 1.5268 33.8191 -3.4885 1.673 33.9579 -2.7542 1.7814 33.8791 -2.5835 1.7403 34.0831 -2.693 1.8981 34.2017 -2.6231 1.9385 34.1346 -2.4591 2.0372 34.4725 -2.2776 1.9621 34.562 -2.454 2.0432 34.0287 -2.2304 2.0827 34.1997 -2.1588 1.984 33.7406 -2.1312 2.0908 33.9827 -2.0556 2.1131 34.3666 -2.1245 2.135 34.2919 -2.0434 1.8124 35.3319 -2.671 1.7042 35.5262 -2.6931 1.8738 34.649 -2.6227 2.1359 34.5195 -2.1298 2.1236 34.9484 -2.2346 2.0329 35.341 -2.3524 1.8576 35.3796 -2.5058 1.8398 35.428 -2.4818 1.7271 35.5803 -2.6452 3.3348 32.7023 0.1215 3.2996 32.4564 0.1454 3.2225 32.5733 0.1949 3.8948 34.4531 1.1217 3.9355 34.4554 1.1752 4.265 35.693 -0.2276 4.1676 35.3251 0.2668 3.4151 36.7781 -2.1644 3.829 36.5999 -1.6277 1.8841 35.7391 -2.4679 2.0636 36.0745 -2.552 1.9148 36.1125 -2.7109 1.7751 35.6853 -2.5312 1.7333 35.8525 -2.7706 1.8274 35.458 -2.4656 1.8339 35.5469 -2.4312 1.726 35.6038 -2.6028 1.8448 35.4404 -2.3564 1.8474 35.3587 -2.4295 1.9022 35.3243 -2.4271 2.2942 35.2189 -2.283 2.2888 34.9186 -2.1611 2.3218 35.6514 -2.3914 1.9923 35.4552 -2.3399 3.3603 34.5698 -1.5336 3.4387 34.5845 -1.4587 3.5072 34.6665 -1.4056 3.2551 35.289 -1.9885 3.1622 35.2215 -2.0289 3.3236 34.9493 -1.8103 3.5455 35.3269 -1.7357 3.4238 35.3496 -1.8824 3.4405 35.0286 -1.7283 3.7211 35.0935 -1.3407 3.6908 35.2001 -1.4536 3.5568 34.9524 -1.52 3.7198 34.8762 -1.1889 3.5702 34.8011 -1.3957 3.6959 34.7773 -1.1546 4.0068 35.426 -0.7494 3.9902 35.5993 -0.9206 3.8559 35.2641 -1.1486 3.8972 34.0971 0.7777 3.7927 33.9619 0.5879 3.9006 34.3474 0.7376 3.9545 34.1081 1.0035 3.8765 34.3891 0.9618 3.9501 34.1312 1.0298 3.9831 34.9208 0.4473 4.0714 35.1662 0.5151 3.8799 34.3382 0.6136 3.8488 34.3095 0.4783 3.9088 34.5945 0.4666 3.9558 34.8523 0.0917 4.0564 35.2218 -0.1047 4.1544 35.622 -0.3772 4.2117 35.9861 -0.6788 3.6552 34.303 -0.4039 3.5852 33.9336 -0.0025 3.7053 34.1497 0.0912 3.6027 33.7374 0.3293 3.7497 34.0337 0.4282 3.4714 33.1648 0.3367 3.4962 33.3998 0.2507 3.4432 33.1405 0.1761 3.4538 32.8986 0.3847 3.4817 33.0681 0.5075 3.4139 33.4102 0.0291 2.9257 33.4787 -0.7877 3.0153 33.4811 -0.666 3.0182 33.6718 -0.8545 2.7067 33.7037 -1.2461 2.5954 34.1338 -1.6 2.5591 34.0455 -1.5851 2.8423 33.9634 -1.3168 2.6271 33.5541 -1.2049 2.7485 33.4911 -1.0199 2.6103 33.2452 -1.013 2.7345 33.203 -0.7357 2.5129 33.3017 -1.2394 2.2333 33.6142 -1.8461 2.2396 33.4628 -1.9017 2.3843 33.3151 -1.5849 2.3952 33.4878 -1.5528 2.533 33.1449 -1.0325 2.442 33.1182 -1.3034 2.4082 32.9466 -1.0413 2.4209 33.7379 -1.537 2.4739 32.9272 -0.739 2.6804 32.9914 -0.5131 2.957 33.1937 -0.4577 2.9056 32.9619 -0.2597 3.1366 32.8413 -0.0009 3.199 33.2579 -0.2436 3.3064 32.9347 0.0935 3.3669 33.3684 -0.0277 2.8417 32.6149 0.213 2.9648 32.4197 0.3431 2.7008 32.7336 0.0532 2.4979 32.7272 -0.1536 2.259 32.3757 0.1516 2.4771 32.3482 0.3664 2.5715 32.284 0.4245 2.4012 31.845 0.5359 2.7063 32.1028 0.504 2.2765 31.9972 0.4058 2.0686 32.1792 0.2054 2.1093 31.8642 0.4094 2.2389 31.7273 0.4919 1.5368 31.6121 0.617 1.8859 31.5666 0.5267 1.7949 31.6937 0.4921 1.5971 31.4577 0.6358 1.9391 32.0861 0.2572 1.8164 32.1203 0.0883 1.5845 31.9233 0.2653 1.6984 31.8018 0.4065 1.1309 31.6969 0.5963 1.4599 31.7265 0.5403 1.3765 31.8091 0.4184 1.2076 31.6569 0.7059 0.7348 31.5456 1.0733 0.9486 31.6115 0.8882 0.5773 31.5884 0.9827 0.8471 31.6307 0.7938 1.2796 31.5201 0.7581 0.9534 31.5179 0.9798 1.0506 31.3124 1.0081 0.5817 31.484 1.1097 0.8621 31.0881 0.7927 0.6964 31.2207 1.0436 0.7613 30.921 0.6977 0.3029 30.5706 0.6111 2.2094 28.9979 -1.6189 2.3571 29.1966 -1.5338 2.0612 29.0612 -1.3358 2.3669 29.3492 -1.4948 2.0527 29.3227 -1.3483 2.3645 29.5199 -1.4615 2.8069 30.2944 -1.589 2.7172 30.1015 -1.5211 2.8158 29.8733 -1.7134 2.8718 30.0222 -1.852 2.6961 30.3016 -1.4597 2.8224 30.4722 -1.4959 2.7375 30.4653 -1.3731 2.5968 30.1863 -1.4472 2.6389 30.4937 -1.2972 2.6114 29.8647 -1.5107 1.8504 28.873 -1.4484 1.7347 28.9288 -1.378 2.0003 28.8789 -1.5485 2.3814 29.0892 -1.739 2.3495 29.0575 -1.9341 2.4773 29.169 -1.817 2.2093 28.9924 -1.818 2.6008 29.338 -1.6704 2.4812 29.2696 -1.6084 2.5314 29.4802 -1.5318 2.7886 29.6495 -1.9282 2.8236 29.851 -2.1288 2.6733 29.5574 -2.0985 1.9776 28.9492 -1.6783 2.0869 28.9379 -1.6255 1.7874 29.0462 -1.7527 2.0742 29.0369 -1.8994 2.5709 29.2994 -2.1379 2.2833 29.2446 -2.1973 2.5572 29.5396 -2.3023 2.4718 29.1829 -2.0625 2.8608 30.4451 -1.6574 2.8825 30.2241 -2.0649 2.7518 30.6357 -2.2455 2.9389 30.4734 -1.9822 2.6548 29.8373 -2.3791 2.6668 30.3413 -2.4401 2.4793 30.6602 -2.3885 2.7113 31.1403 -2.1552 2.3419 30.5652 -2.3509 2.4855 30.176 -2.4389 2.2616 30.5456 -2.3415 2.2852 30.2885 -2.3135 1.9597 31.3604 -2.6763 2.1994 30.9405 -2.473 2.2038 30.7512 -2.4026 2.0646 30.9174 -2.5094 2.3197 30.7761 -2.404 2.0088 31.123 -2.5662 2.541 31.2136 -2.2924 2.1918 31.6179 -2.5217 1.9851 31.3694 -2.6698 2.4717 31.8653 -2.3677 2.6595 32.1542 -2.2819 2.3856 32.1658 -2.2845 2.9632 33.0866 -2.1145 2.6063 32.7149 -2.1359 2.6492 33.0357 -2.1538 2.8543 32.6984 -2.1972 3.6901 33.7649 -1.1339 3.4391 34.2953 -1.6195 3.6387 34.3649 -1.4323 3.5591 33.7115 -1.3195 3.7724 34.403 -1.2688 3.8566 34.3989 -1.1404 3.9489 34.3726 -0.9749 4.0079 34.3405 -0.8287 3.9119 33.6761 -0.2193 4.0253 34.0545 0.0086 4.0303 34.0017 0.0934 2.8794 30.5484 -1.5866 2.926 30.782 -1.865 2.9347 30.6158 -1.9085 2.8338 30.8767 -2.045 3.0006 32.5662 -2.0605 2.9409 32.0766 -2.2367 3.7051 33.4117 -0.9906 3.838 33.3948 -0.6537 3.8784 33.7832 -0.6656 3.9097 33.7528 -0.4684 3.9413 33.5962 0.0256 3.3143 33.0631 -1.7517 3.4848 32.4122 -1.8752 3.2356 32.9315 -1.9039 3.5415 32.6701 -1.6352 3.2288 32.2815 -1.9157 3.3005 31.8501 -2.0594 3.0733 32.7261 -2.0068 3.5623 32.8511 -1.3907 3.4012 33.179 -1.5669 3.0604 31.0082 -1.9002 2.9049 31.0629 -2.0088 2.8529 31.3909 -2.1305 3.6787 32.1821 -1.7283 3.6107 31.9836 -1.8657 3.7417 32.7991 -0.9394 3.7287 32.6993 -1.1215 3.6716 33.0363 -1.0589 3.6192 32.9567 -1.2367 3.7169 33.0765 -0.9367 3.7435 32.8694 -0.7619 3.7323 32.6463 -0.0738 3.8269 32.9529 -0.4471 3.7896 32.7424 -0.2591 3.7831 32.805 -0.3669 3.1463 31.2476 -2.0114 3.3366 31.1873 -1.8605 3.2361 30.9824 -1.741 3.195 30.8128 -1.5227 3.324 30.9767 -1.6338 3.5412 31.3956 -1.7409 3.4568 31.226 -1.676 3.4511 31.1987 -1.7338 3.5359 31.437 -1.694 3.7984 32.2414 -1.4259 3.702 32.3933 -1.5197 3.7427 32.0532 -1.5749 3.8695 32.6265 -0.7422 3.8111 32.7172 -0.3791 3.4672 32.429 -0.1002 3.1165 32.5188 -0.2924 3.3747 32.5865 -0.9168 3.342 32.6019 -0.852 2.8804 32.4758 -0.9547 3.2869 31.0697 -1.5528 3.4128 31.2598 -1.6555 3.0948 31.47 -1.6697 3.0455 31.3151 -1.5689 2.8963 32.28 -1.3722 2.8445 32.247 -1.3293 2.8386 31.926 -1.6001 2.6872 31.9833 -1.5332 2.6187 31.9049 -1.5641 2.793 31.8176 -1.6089 2.5118 31.9919 -1.4289 2.4646 31.9068 -1.401 2.514 31.7867 -1.5695 2.6573 32.4273 -0.9523 2.8439 32.4766 -0.9571 2.7915 32.4861 -0.8675 2.4668 32.1832 -1.238 2.4966 32.2909 -1.1533 2.3585 32.2039 -1.0706 2.4186 32.0883 -1.2368 2.5487 32.0467 -1.4253 2.6071 32.1512 -1.4059 2.6406 32.2221 -1.3617 2.2913 32.1732 -0.8908 2.3171 32.2334 -0.6886 2.2724 32.1136 -0.7477 2.3282 32.2271 -0.8674 2.6053 31.4568 -1.4853 2.4352 31.6529 -1.4658 2.384 31.5831 -1.3564 2.3408 31.8054 -1.2883 2.2358 31.6191 -0.9531 2.2874 31.7891 -1.1985 2.2166 31.8125 -1.0415 2.3636 32.1767 -0.4364 2.8465 31.9877 0.3833 2.5853 31.6284 0.483 2.7206 32.0207 0.0246 2.5981 31.7189 -0.021 2.421 31.8631 -0.2493 2.5485 32.0849 -0.2515 2.3137 31.993 -0.4639 2.2993 31.8732 -0.4764 2.3008 31.253 -0.5919 2.2388 31.4824 -0.7212 2.266 31.5538 -0.5807 2.6899 31.0566 -1.2583 2.7771 31.0708 -1.3529 2.5826 31.3581 -1.3792 2.5174 31.1029 -1.0451 2.6093 31.0592 -1.1533 2.5964 31.0046 -0.9846 2.891 31.1567 -1.4736 3.2027 30.8815 -1.4146 3.1089 30.76 -1.1727 2.9675 30.8668 -1.6984 2.9725 30.6685 -1.3806 3.0765 30.6735 -1.2274 3.1278 30.706 -1.1836 2.9647 30.7257 -1.0424 2.9048 30.6985 -1.109 2.5633 30.8981 -0.9575 2.4469 31.0633 -0.9416 2.5782 30.9677 -0.9538 2.2833 31.2193 -0.5644 2.3772 31.329 -0.4361 2.417 31.422 -0.264 2.4429 31.58 -0.1097 1.3035 31.2818 0.7693 1.3412 31.3661 0.7767 1.1616 31.0915 0.5634 0.9658 31.1672 0.9531 2.5176 30.7493 -1.092 2.7584 30.7646 -0.9697 2.6851 30.68 -1.1843 1.508 29.056 -1.1262 1.656 28.9599 -1.271 1.7502 29.0563 -1.1798 1.0161 29.3659 -0.6419 1.2754 29.2152 -0.8989 1.1018 29.3838 -0.5697 1.3393 29.2307 -0.884 0.7182 29.6281 -0.3084 0.7079 29.8568 -0.043 0.5177 29.9032 -0.1153 0.8868 29.6106 -0.2586 0.2324 30.3081 -0.0381 0.3011 30.1496 -0.0705 0.4212 30.0888 0.0933 0.1757 30.9945 0.712 0.1528 31.1341 0.8123 0.2568 30.831 0.8318 0.2592 30.5958 0.6181 0.2415 30.6384 0.5205 0.1926 30.8297 0.6313 0.1336 30.912 0.4198 0.1311 31.3063 0.5375 0.1096 31.2308 0.6441 0.0783 31.3036 0.7784 0.1574 31.5047 0.7985 0.502 31.5125 0.665 0.3659 31.5584 0.954 0.6975 31.5289 0.5878 1.2369 29.2229 -0.944 0.9755 29.3829 -0.694 1.105 29.3528 -1.0261 0.8408 29.5574 -0.7294 2.1316 29.3491 -2.2299 2.046 29.2654 -2.1529 2.3966 29.647 -2.4085 2.2572 29.7732 -2.4724 2.104 30.4363 -2.0734 2.089 30.5959 -2.1121 2.1145 30.1089 -2.0616 2.268 29.9932 -2.3474 2.2739 29.8028 -2.4405 2.2592 29.7783 -2.4678 2.0001 29.5042 -2.1939 1.6776 29.2481 -1.7595 1.8539 29.3422 -1.9899 2.4235 33.2609 -2.183 2.5747 33.2439 -2.2481 2.537 33.0505 -2.0416 1.7352 33.1881 -3.1184 1.9318 33.2525 -2.8957 1.7597 33.5295 -2.5303 2.2306 33.3496 -2.4317 2.3154 33.336 -1.9961 2.3545 32.7326 -1.1273 2.4377 32.9139 -1.3833 2.4859 33.0472 -1.9278 2.4536 33.1368 -1.7045 2.5365 32.7136 -2.0608 2.5368 32.6929 -1.9739 2.4276 32.5215 -1.5626 2.3382 32.0425 -1.7749 2.3732 32.1401 -2.0705 1.9306 31.3454 -2.4423 2.3457 32.1548 -2.217 2.222 31.6556 -1.9918 2.2873 31.8819 -1.5017 2.2397 31.4932 -1.6852 2.1092 30.9605 -2.0268 1.9766 31.0406 -2.3218 2.0601 30.7713 -2.1735 2.1708 32.1466 -1.0652 2.294 32.3471 -1.24 2.211 31.6498 -1.2893 2.1743 30.8421 -1.654 2.1453 30.8848 -1.8141 2.2041 31.3004 -1.4737 2.1178 30.3891 -1.9288 0.5092 31.0559 0.2476 0.6112 31.3154 0.3782 0.9525 30.9111 -0.0186 1.9054 32.2287 -0.2707 2.1466 32.5268 -0.5006 2.0714 32.3308 -0.5905 1.8584 31.9156 -0.2883 1.6357 31.494 -0.0706 1.5297 31.6707 -0.0504 1.7222 31.8113 -0.199 2.0906 31.9584 -0.8613 2.2212 32.5697 -0.8737 2.039 31.9815 -0.6356 2.0825 31.7151 -0.6429 2.0877 31.5123 -0.8454 0.9886 30.6978 -0.0764 0.9348 30.683 -0.0345 0.9407 30.5081 -0.1023 0.8629 30.5491 -0.1999 0.9062 30.743 -0.0929 0.9845 30.7035 -0.0912 0.8412 30.0729 -0.5334 0.839 30.2977 -0.3217 1.3952 29.9981 -0.8725 1.4237 29.9747 -0.7364 1.2585 30.0734 -0.5298 1.815 29.9645 -1.1044 1.9857 30.0837 -1.2379 1.8287 29.9915 -1.3016 1.9224 30.0923 -1.3295 1.9544 29.8245 -1.8145 1.7166 29.6771 -1.5753 1.9138 30.0764 -1.4413 2.0475 30.3761 -1.3225 2.0804 30.3831 -1.5201 2.057 31.4434 -0.3241 1.9026 31.5307 -0.1048 1.6108 31.3352 0.5907 1.5279 31.2922 0.4961 2.3817 31.2986 -0.0603 2.2435 31.2371 -0.2703 2.294 31.2281 -0.286 2.205 31.0355 -0.7248 2.2504 30.8061 -1.0089 2.2287 29.7718 -1.3526 2.3384 29.8881 -1.4005 2.0556 30.0356 -1.2299 0.8107 30.7657 0.4085 0.8628 30.5907 0.1393 0.9413 30.8123 0.2117 0.6926 30.5007 0.2761 1.799 31.3366 0.2614 1.5421 31.2641 0.1833 1.7568 31.4052 0.1063 1.5577 31.2664 0.3241 1.9964 31.347 0.1275 1.9664 31.398 -0.0214 2.1175 31.3082 -0.2745 2.1233 31.1833 -0.4942 2.1069 30.9894 -0.7404 2.1171 30.7837 -1.0286 1.8439 29.8676 -1.1228 0.858 30.4347 0.0141 0.9668 30.3411 -0.1775 0.9045 30.2322 -0.141 1.2482 31.0746 0.2827 1.1229 30.9931 0.2667 1.2792 35.5577 -3.6174 1.4145 35.6563 -3.4296 2.4144 36.6925 -2.7541 2.2333 36.6504 -2.9086 2.0288 36.5533 -2.9966 2.3551 36.6841 -2.7489 1.7257 35.9895 -3.0921 1.7433 35.8766 -2.8358 1.7692 36.0789 -3.0582 1.2348 35.1969 -3.2842 1.6704 29.9385 -0.9801 1.6522 29.8343 -0.9877 2.084 30.3718 -1.2629 2.1925 30.3323 -1.2764 1.5425 29.4881 -0.9975 1.6849 29.4665 -1.1081 2.4081 30.2456 -1.3492 1.8341 31.3115 0.3283 2.1064 31.2746 -0.5677 2.1184 31.3443 -1.0638 2.0699 31.024 -0.8592 1.0043 29.8504 -0.7779 1.0783 30.1725 -0.3186 0.9829 30.8487 -0.0118 2.1214 30.4088 -1.7939 2.1036 30.267 -1.8156 1.3197 31.5146 0.0384 1.8377 32.1175 -0.1563 1.1127 31.2475 0.0381 0.6464 29.8144 -0.5059 0.3783 30.3293 -0.1227 1.902 31.1016 -2.5037 2.3068 32.7564 -0.7893 2.0962 33.301 -2.6477 1.795 33.3863 -2.7854 0.4772 29.9379 -0.1588 0.1864 30.7051 0.0869 0.4278 30.7123 0.0527 0.1183 31.0046 0.3388 0.1662 30.7078 0.1137 0.2179 30.3814 0.2627 1.9165 29.036 -1.2742 2.4594 30.5462 -1.2255 0.7816 30.0349 -0.0744 0.5757 30.1437 0.182 0.7425 29.8784 -0.0407 0.6754 30.2658 0.1238 0.9842 30.9318 0.4898 2.5532 31.3847 0.0537 0.5386 30.1189 0.1761 2.7851 30.8007 -0.967 2.7958 30.6342 -1.2543 3.1911 32.2488 0.1337 3.087 32.3052 0.2343 2.2525 31.8011 -0.6097 2.239 31.7414 -0.6603 2.2393 31.9965 -0.8118 2.3741 31.8571 -1.3602 2.3739 32.0577 -1.2052 2.3531 32.029 -1.1497 2.389 32.3027 -0.8968 2.467 32.3457 -0.7096 2.6895 32.2878 -1.2859 2.702 32.352 -1.2055 2.4968 32.3192 -1.0873 2.4918 32.3328 -1.0364 2.4375 32.3296 -0.9501 2.5867 32.421 -0.8294 2.7487 32.464 -0.699 2.6986 31.6123 -1.578 2.7542 31.7015 -1.5996 2.8583 32.0572 -1.5531 2.7359 32.0864 -1.4895 2.8661 32.1598 -1.4722 2.7709 32.1566 -1.4319 2.7915 31.6792 -1.5937 2.762 31.5707 -1.5599 3.3118 32.1238 -1.5853 2.8956 32.0475 -1.5529 3.2693 31.9484 -1.6705 2.9008 32.1508 -1.4763 2.7717 32.4691 -0.6807 3.201 32.5834 -0.4201 2.905 32.3688 -0.1222 3.7057 32.5092 -0.2359 3.8018 32.5776 -0.4406 3.7152 32.584 -1.2808 3.8605 32.4242 -1.1838 3.2382 30.8434 -1.4559 3.3316 31.0179 -1.5803 3.8135 32.951 -0.5082 3.7624 33.117 -0.8146 3.818 33.1678 -0.7052 3.5294 31.7122 -1.9232 3.595 33.3297 -1.2619 3.4961 33.2679 -1.4085 2.8451 31.7191 -2.2474 2.5316 31.7824 -2.2331 2.7485 31.4358 -2.1921 2.5023 31.4581 -2.1981 3.346 33.5724 -1.5734 3.0958 34.0276 -1.9457 3.1686 34.1037 -1.8672 2.4216 31.5578 -2.4029 1.9086 31.0911 -2.5146 1.9159 29.1448 -1.946 2.586 29.2905 -1.9363 2.692 29.4601 -1.7676 2.643 29.5636 -1.5608 2.7445 29.7358 -1.6282 1.9162 32.1782 0.0027 1.7381 32.0166 -0.0736 2.1217 31.6528 0.4975 2.4113 34.3401 -1.8218 2.3119 34.0833 -1.7785 2.2591 33.8612 -1.7873 2.3314 34.6891 -2.0458 2.9614 33.914 -1.1879 2.9168 34.0686 -1.3724 3.4227 33.7167 -0.2229 3.1142 33.8749 -0.946 3.5201 33.585 0.1967 3.68 33.6764 0.5883 3.8164 34.4055 0.1594 3.9046 34.5887 0.7157 3.9916 35.0227 0.744 3.9007 34.6393 1.1051 3.9211 34.8311 0.9706 3.8856 34.6168 0.9351 2.6638 34.5124 -1.8813 2.9864 34.673 -1.8798 2.6027 34.6577 -1.9994 3.0431 34.1865 -1.4076 3.1295 34.1694 -1.3314 3.2574 34.3724 -1.4591 3.3776 34.3734 -1.3254 3.4404 34.3932 -1.272 3.5362 34.4717 -1.1923 3.5848 34.5552 -1.1718 3.666 34.6919 -1.1362 3.0744 35.0917 -2.0371 2.8158 34.3277 -1.6675 1.9269 35.3459 -2.358 1.9259 35.431 -2.3477 1.65 35.7366 -2.8049 1.6303 35.6581 -2.8967 2.9685 36.7383 -2.4958 4.0772 36.2965 -1.1192 4.1414 36.339 -1.1248 4.0865 35.0467 0.8296 2.1192 34.6886 -2.1773 1.5971 35.0777 -2.8735 1.673 33.3033 -3.1276 1.3969 34.0938 -3.3726 1.6869 34.2519 -2.7988 1.7716 34.3322 -2.7495 1.3443 34.4685 -3.1252 1.2569 34.4187 -3.2691 1.1703 35.0981 -3.3789 1.1978 34.7077 -3.2275 1.3285 34.8352 -3.0774 1.2609 34.7858 -3.1255 1.0625 34.9748 -3.6648 2.7865 33.391 -2.3384 2.6481 33.79 -2.7236 1.2084 34.4889 -4.0488 1.5709 34.6122 -4.022 1.7063 34.828 -3.9599 2.7632 36.1805 -2.8801 2.6522 36.4856 -2.9734 3.1598 36.3079 -2.6103 4.1196 34.1859 0.5506 4.0388 33.8849 0.2642 4.1563 34.1476 0.9642 4.2261 34.2651 0.9933 4.0024 33.1766 0.2125 3.9921 33.3385 0.2045 3.9554 33.1747 0.436 3.9136 32.956 0.3728 3.8901 32.9793 -0.0905 4.2335 34.8132 0.9856 0.83 31.1777 1.1024 3.4853 36.8127 -2.371 2.4863 36.4382 -3.0299 1.5401 35.7961 -3.8293 1.7216 35.5005 -3.8586 1.4224 35.6449 -3.9387 1.4725 35.816 -3.8169 1.3382 35.6774 -3.9554 1.2765 35.4666 -4.1137 1.219 35.4706 -4.1115 1.6303 35.7281 -2.9011 1.5849 35.8162 -3.2292 1.0453 34.8467 -4.1726 3.458 31.4753 -1.6758 2.7888 30.8433 -0.9785 2.7609 32.4672 -0.6884 2.8633 31.9131 -1.5932 2.8811 32.0513 -1.5512 2.9146 32.27 -1.3693 2.886 32.1525 -1.4756 2.3622 31.3194 -0.4472 4.6313 35.7403 -0.9295 4.3879 36.039 -1.3915 4.399 36.1033 -1.3686 1.5309 33.8294 -3.6872 1.5393 33.7856 -3.6621 1.5886 33.5291 -3.5154 4.1714 36.3311 -1.1506 4.1559 36.3407 -1.1326 0.9817 34.5215 -3.7307 0.978 30.8845 -0.019 0.165 31.5108 0.8082 0.1736 31.5222 0.8076 0.1757 31.5201 0.7952 1.6537 29.1133 -1.123 1.651 29.1409 -1.1234 1.6254 29.1572 -1.101 1.6091 29.1112 -1.1156 1.6624 28.9345 -1.3172 1.4639 29.0568 -1.1678 0.6352 29.7679 -0.4812 1.7525 34.3565 -2.7732 4.329 36.0464 -0.6642 2.3988 36.6876 -2.7205 2.0284 36.5438 -3.0044 1.9183 36.4321 -3.259 2.8884 32.0494 -1.5506 2.579 31.3649 -1.3809 2.3105 31.4687 -0.5377 2.3161 31.6259 -0.4463 1.1064 29.3994 -1.051 4.347 35.8876 -1.361 3.6498 33.3705 -1.1263 3.2251 33.5621 -0.4617 2.2533 31.4034 -0.8876 4.502 35.0617 0.2552 4.5958 35.1954 -0.421 1.455 29.6605 -1.3263 1.2165 29.7518 -1.0193 2.1218 34.6903 -2.1731 2.3533 31.7365 -0.3108 2.3506 31.7416 -0.316 2.3188 31.6211 -0.4409 2.4172 31.8665 -0.2551 2.6324 32.362 -0.5092 2.7659 32.4676 -0.6843 2.9144 32.4293 -1.0892 2.9322 32.3568 -1.2181 2.9217 32.2673 -1.3683 2.8934 32.1508 -1.4748 2.8704 31.9107 -1.5916 2.8776 31.909 -1.5937 2.8277 31.7985 -1.6044 2.8208 31.8011 -1.6024 2.7845 31.6816 -1.5916 2.7553 31.5741 -1.5584 2.6631 31.4144 -1.4653 2.6687 31.409 -1.4658 2.8887 32.0554 -1.5461 2.8886 32.0534 -1.5476 1.0867 35.0769 -4.1526 1.1537 35.2543 -4.1241 1.208 35.4702 -4.1018 1.1434 35.2543 -4.1124 1.4597 35.8167 -3.8055 1.3266 35.6778 -3.9476 1.7363 36.1182 -3.4753 1.608 35.9421 -3.6365 1.8399 36.2798 -3.385 1.8279 36.2797 -3.3724 4.1779 35.1926 0.6009 0.8476 29.6031 -0.7551 0.6788 29.6486 -0.358 0.9186 29.6343 -0.2563 1.1294 29.412 -0.5615 1.3669 29.2667 -0.8753 0.1453 31.3135 0.5236 0.1448 31.0098 0.313 1.0868 34.9517 -3.6183 1.0026 34.7409 -3.6796 3.8844 36.6646 -1.6728 3.9626 34.1011 1.0031 1.6925 35.2203 -4.0102 1.9945 36.1799 -3.4213 2.4566 36.5003 -3.0146 4.3052 34.6607 0.8643 4.3177 34.8143 0.6452 4.3079 34.6226 0.8025 4.2641 34.3988 0.9095 4.2595 34.438 0.9677 2.3134 31.4694 -0.5291 2.8138 31.8038 -1.604 2.7773 31.6834 -1.593 2.7481 31.5765 -1.5597 3.7645 32.5593 -0.4675 3.6656 32.4995 -0.2782 3.847 32.4081 -1.1643 3.7798 32.2248 -1.4061 3.7173 32.0378 -1.5505 2.9504 30.7765 -1.0415 1.058 35.0184 -3.8832 4.4741 35.2259 0.3936 4.144 34.5752 1.1486 4.3563 36.2691 -1.2814 4.5691 35.9465 -0.7747 3.6912 32.9777 0.498 4.013 36.6381 -1.7631 4.1407 34.3019 0.3994 4.1338 34.4261 0.2541 4.0403 34.19 -0.2901 4.1917 34.5887 -0.06 4.2604 34.7341 -0.5034 4.2368 34.8153 -0.7943 4.0399 34.278 -0.5841 3.5784 36.0385 -2.1536 4.0134 36.0102 -1.7756 3.2266 35.9244 -2.433 2.8504 35.8158 -2.6818 2.5587 35.6225 -2.883 2.3414 35.375 -3.0945 3.9425 35.4905 -1.6673 4.2197 35.4437 -1.349 3.5933 35.4734 -1.9666 3.3102 35.3857 -2.2382 3.0175 35.2493 -2.4479 2.7912 35.0988 -2.6255 2.6162 34.9303 -2.7841 2.2161 35.1459 -3.2782 2.4928 34.7202 -2.9356 2.8724 34.484 -2.4154 2.7874 34.3097 -2.5144 3.1476 34.7364 -2.1564 3.0041 34.6332 -2.2788 3.6283 34.9297 -1.7293 3.3722 34.8572 -1.9883 4.0199 34.9228 -1.2533 3.8634 34.9361 -1.4727 4.1414 34.8768 -1.0323 3.2538 34.191 -1.777 3.0409 33.9215 -2.0472 2.7011 34.0658 -2.6488 2.981 33.7522 -2.1592 2.8924 33.5617 -2.2788 1.576 34.8552 -2.8854 2.4873 36.4866 -2.5946 3.3034 33.9461 -0.7913 3.282 34.1632 -1.1883 3.3997 34.2093 -1.0636 2.736 35.938 -2.3743 3.3874 36.1615 -2.0573 3.0586 36.1255 -2.2941 3.6919 36.0755 -1.6846 3.9052 35.8088 -1.253 3.4242 34.8115 -1.6291 3.259 34.6394 -1.6868 3.2302 34.8434 -1.8363 2.9858 34.9033 -2.0061 3.08 34.5003 -1.6946 3.2388 34.7166 -1.759 3.2342 34.7897 -1.8097 2.968 34.7906 -1.9667 2.6021 35.0715 -2.2026 2.7351 35.3193 -2.242 2.9741 35.5268 -2.2178 3.1806 35.614 -2.1406 3.627 35.6056 -1.7299 3.4262 35.645 -1.982 3.7911 35.4456 -1.3828 3.8074 34.7655 -0.8228 3.8633 34.9734 -0.9288 3.7236 34.6035 -0.7942 3.6438 34.4313 -0.83 3.5189 34.2795 -0.935 2.5848 34.8627 -2.1219 3.8866 34.8018 -0.3646 3.9675 35.0961 -0.5057 3.7728 34.5204 -0.3711 3.4664 34.0566 -0.5843 2.2853 32.6157 -0.3819 2.0412 32.3227 -0.1195 1.5223 31.841 0.0943 1.0786 31.6024 0.3745 1.7272 29.2078 -1.1773 2.4902 29.6612 -1.5011 2.1842 29.1273 -2.0592 3.195 33.3589 -1.8337 3.0955 33.2291 -1.9824 3.2773 33.4716 -1.6822 3.4376 33.6656 -1.4496 3.2139 31.535 -2.0561 3.4263 31.4098 -1.9138 3.2813 32.6263 -0.6369 2.82 32.4882 -0.8553 3.3769 32.5153 -1.1044 2.9215 32.4311 -1.0885 3.3813 32.4078 -1.2852 2.9396 32.3579 -1.2187 3.3476 32.2723 -1.4636 2.9291 32.2675 -1.3699 3.2204 31.7853 -1.7049 3.1536 31.6242 -1.698 2.6952 32.4029 -1.0937 2.2876 32.065 -0.9736 2.3118 32.0129 -1.0636 2.2156 31.9058 -0.9227 2.2866 32.1212 -0.9209 2.2238 31.6719 -0.8191 1.9185 31.3804 0.4576 1.9641 29.582 -1.2506 1.3303 29.5394 -0.7982 1.139 29.6678 -0.5613 0.9326 29.8478 -0.2863 1.3106 31.7003 0.2317 2.1479 31.0401 -1.2725 2.1457 30.7137 -1.4308 1.6403 29.9606 -1.1327 2.1096 30.6364 -1.2222 2.1063 30.8035 -1.08 2.1291 30.6153 -1.1597 2.2483 30.6242 -1.1663 1.3909 29.8467 -0.7355 1.2044 29.9132 -0.5284 1.042 30.0601 -0.3125 2.6567 31.4185 -1.4671'/>
          </IndexedFaceSet>
        </Shape>
        <Shape DEF='roscoxae'>
          <Appearance>
            <PhysicalMaterial baseColor='1 0.9765 0.8667' metallic='0' roughness='0.72'/>
          </Appearance>
          <IndexedFaceSet DEF='roscoxae_Geo' coordIndex='0 1 2 -1 3 4 2 -1 5 6 7 -1 8 9 10 -1 11 12 13 -1 14 15 16 -1 17 18 19 -1 20 21 22 -1 23 24 25 -1 26 27 28 -1 28 17 26 -1 29 30 31 -1 31 32 29 -1 31 33 34 -1 31 35 33 -1 36 37 38 -1 39 40 41 -1 42 43 44 -1 45 46 47 -1 46 48 47 -1 49 50 51 -1 52 53 54 -1 55 56 57 -1 57 58 55 -1 51 59 60 -1 59 61 60 -1 62 63 64 -1 65 66 67 -1 68 69 70 -1 69 71 72 -1 73 74 75 -1 76 77 78 -1 79 80 81 -1 79 82 83 -1 84 85 86 -1 86 87 84 -1 88 89 90 -1 89 91 90 -1 92 93 94 -1 95 96 97 -1 98 99 100 -1 101 102 103 -1 103 104 101 -1 105 106 107 -1 108 109 110 -1 108 111 109 -1 108 105 111 -1 112 113 89 -1 114 115 63 -1 63 116 114 -1 62 117 116 -1 116 63 62 -1 118 91 119 -1 118 90 91 -1 120 121 122 -1 122 123 120 -1 124 125 126 -1 124 127 125 -1 128 129 130 -1 131 132 133 -1 131 134 132 -1 135 136 137 -1 137 138 135 -1 139 140 141 -1 139 142 140 -1 143 144 145 -1 143 146 144 -1 147 148 149 -1 150 151 152 -1 152 70 150 -1 153 154 155 -1 155 156 153 -1 157 158 159 -1 157 160 158 -1 159 161 157 -1 160 162 158 -1 163 164 165 -1 164 166 165 -1 167 168 169 -1 40 170 171 -1 40 39 170 -1 172 173 174 -1 173 175 174 -1 176 177 178 -1 176 179 177 -1 180 7 181 -1 181 182 180 -1 183 184 185 -1 183 186 184 -1 187 188 189 -1 190 191 192 -1 190 193 191 -1 194 145 195 -1 195 196 194 -1 197 139 198 -1 197 199 139 -1 200 201 202 -1 200 141 201 -1 203 131 204 -1 203 138 131 -1 205 206 207 -1 208 209 210 -1 208 211 209 -1 118 212 80 -1 80 90 118 -1 213 117 214 -1 215 68 216 -1 216 217 215 -1 120 77 76 -1 120 123 77 -1 62 218 219 -1 220 221 222 -1 223 67 224 -1 225 226 227 -1 228 229 230 -1 228 231 229 -1 232 233 234 -1 233 103 234 -1 12 235 236 -1 237 67 66 -1 237 224 67 -1 238 239 240 -1 241 242 243 -1 241 244 242 -1 245 246 247 -1 247 125 245 -1 248 249 250 -1 248 251 249 -1 32 38 37 -1 252 253 254 -1 254 255 252 -1 256 125 127 -1 256 245 125 -1 32 34 38 -1 257 258 259 -1 29 260 28 -1 23 261 262 -1 23 263 261 -1 264 265 266 -1 186 267 184 -1 193 268 269 -1 269 270 193 -1 269 271 270 -1 272 273 274 -1 272 275 273 -1 276 221 277 -1 277 278 276 -1 271 269 279 -1 280 281 231 -1 282 232 283 -1 282 284 232 -1 285 286 287 -1 206 288 289 -1 288 274 289 -1 290 291 292 -1 292 293 290 -1 294 182 295 -1 3 296 297 -1 298 4 297 -1 236 299 300 -1 301 302 303 -1 303 304 301 -1 305 306 307 -1 308 309 310 -1 311 305 309 -1 312 313 314 -1 304 315 316 -1 317 318 319 -1 313 312 320 -1 312 318 320 -1 321 322 323 -1 321 324 322 -1 325 237 326 -1 327 222 328 -1 329 276 99 -1 329 222 276 -1 15 330 328 -1 16 15 329 -1 65 98 331 -1 65 67 332 -1 16 333 14 -1 330 334 335 -1 335 336 330 -1 337 338 336 -1 336 335 337 -1 339 335 334 -1 334 340 339 -1 341 342 14 -1 341 343 342 -1 344 325 345 -1 344 346 325 -1 223 347 332 -1 332 67 223 -1 348 332 349 -1 96 350 351 -1 351 287 96 -1 269 268 189 -1 352 353 354 -1 355 356 357 -1 357 358 355 -1 355 359 356 -1 360 187 189 -1 361 193 190 -1 361 268 193 -1 362 363 358 -1 364 95 97 -1 365 85 366 -1 367 368 369 -1 367 370 368 -1 347 95 371 -1 368 94 93 -1 372 373 374 -1 372 94 373 -1 375 376 377 -1 377 378 375 -1 375 379 380 -1 89 92 372 -1 381 382 380 -1 383 379 384 -1 385 386 387 -1 377 69 72 -1 377 388 69 -1 384 378 389 -1 209 78 77 -1 209 74 78 -1 390 391 211 -1 211 68 390 -1 68 215 390 -1 386 392 393 -1 302 301 394 -1 302 395 396 -1 395 397 396 -1 398 149 399 -1 140 142 400 -1 142 401 400 -1 137 136 402 -1 136 403 402 -1 404 405 406 -1 406 407 404 -1 407 408 404 -1 409 410 411 -1 412 391 390 -1 390 413 412 -1 414 415 410 -1 410 406 414 -1 416 417 418 -1 419 420 421 -1 422 423 424 -1 425 426 427 -1 428 429 430 -1 431 432 433 -1 323 434 435 -1 323 322 434 -1 436 435 437 -1 437 438 436 -1 438 439 436 -1 440 441 401 -1 435 442 437 -1 443 442 444 -1 401 445 446 -1 401 441 445 -1 447 400 448 -1 449 450 451 -1 452 434 453 -1 454 455 456 -1 457 458 456 -1 459 455 454 -1 460 461 462 -1 463 464 465 -1 463 466 467 -1 468 463 467 -1 468 464 463 -1 469 470 471 -1 471 472 469 -1 473 474 475 -1 474 468 475 -1 468 472 476 -1 466 477 478 -1 479 480 481 -1 480 482 481 -1 483 479 481 -1 481 484 483 -1 396 483 454 -1 454 458 396 -1 479 396 397 -1 479 485 486 -1 487 488 489 -1 490 489 486 -1 486 491 490 -1 491 492 493 -1 493 494 491 -1 487 490 495 -1 490 494 495 -1 496 494 493 -1 496 497 494 -1 498 499 500 -1 498 501 499 -1 502 503 504 -1 502 505 503 -1 506 507 508 -1 506 509 507 -1 507 510 511 -1 507 512 510 -1 513 510 291 -1 510 514 291 -1 298 297 515 -1 298 516 517 -1 4 518 0 -1 0 295 519 -1 520 521 522 -1 520 523 524 -1 520 525 523 -1 526 527 528 -1 526 529 527 -1 530 527 531 -1 527 529 531 -1 529 532 533 -1 108 110 534 -1 520 522 535 -1 536 537 538 -1 538 539 536 -1 540 541 538 -1 541 539 538 -1 540 524 542 -1 540 521 524 -1 543 528 544 -1 543 526 528 -1 545 543 544 -1 535 546 547 -1 548 108 547 -1 549 550 551 -1 550 552 551 -1 527 553 554 -1 527 530 553 -1 528 527 554 -1 554 555 528 -1 555 556 557 -1 544 558 559 -1 557 560 561 -1 562 561 563 -1 562 558 561 -1 564 563 565 -1 564 562 563 -1 21 40 171 -1 171 566 21 -1 567 568 569 -1 568 570 569 -1 569 43 571 -1 560 572 570 -1 570 561 560 -1 565 563 568 -1 573 574 22 -1 574 575 20 -1 576 575 577 -1 578 579 580 -1 579 581 580 -1 582 583 584 -1 582 585 583 -1 586 587 54 -1 588 589 53 -1 590 591 592 -1 593 554 553 -1 556 554 594 -1 560 557 595 -1 581 596 597 -1 581 577 596 -1 598 599 600 -1 598 580 599 -1 601 54 584 -1 601 52 54 -1 602 603 604 -1 311 314 605 -1 597 596 606 -1 596 607 606 -1 599 606 608 -1 608 600 599 -1 609 610 611 -1 609 612 610 -1 595 593 613 -1 613 614 615 -1 616 617 614 -1 616 618 617 -1 608 619 620 -1 608 606 619 -1 621 622 623 -1 621 624 622 -1 625 626 623 -1 626 621 623 -1 627 304 316 -1 627 301 304 -1 628 629 630 -1 631 632 633 -1 634 635 636 -1 634 637 635 -1 620 638 639 -1 639 640 620 -1 58 641 625 -1 625 623 58 -1 58 57 642 -1 642 641 58 -1 629 628 643 -1 644 258 645 -1 646 647 648 -1 649 650 651 -1 649 652 650 -1 653 244 654 -1 655 656 657 -1 657 658 655 -1 655 659 660 -1 655 661 659 -1 662 663 664 -1 662 656 663 -1 665 666 667 -1 668 669 670 -1 663 660 671 -1 672 664 670 -1 673 674 675 -1 673 676 674 -1 677 678 248 -1 250 677 248 -1 250 679 677 -1 680 679 33 -1 681 35 682 -1 681 683 35 -1 256 684 245 -1 685 686 51 -1 686 59 51 -1 687 688 689 -1 687 690 688 -1 691 692 693 -1 693 246 691 -1 694 695 696 -1 260 32 37 -1 697 698 699 -1 128 700 701 -1 128 130 700 -1 702 36 701 -1 703 698 704 -1 703 705 698 -1 553 706 707 -1 707 593 553 -1 706 530 708 -1 708 709 706 -1 18 710 711 -1 711 712 18 -1 30 713 696 -1 30 29 713 -1 18 17 260 -1 714 715 262 -1 715 23 262 -1 266 716 264 -1 266 690 716 -1 514 717 718 -1 517 719 720 -1 712 721 722 -1 721 723 722 -1 724 725 726 -1 727 728 729 -1 728 730 729 -1 731 732 733 -1 731 734 732 -1 735 180 294 -1 294 736 735 -1 737 738 739 -1 737 3 738 -1 740 738 741 -1 741 742 740 -1 743 740 742 -1 5 742 6 -1 180 182 294 -1 743 744 745 -1 743 5 744 -1 746 747 748 -1 746 749 747 -1 513 515 750 -1 750 751 752 -1 753 754 752 -1 755 167 756 -1 167 757 756 -1 758 759 760 -1 759 761 760 -1 165 762 763 -1 161 764 765 -1 565 766 767 -1 768 564 769 -1 564 767 769 -1 770 771 772 -1 772 163 770 -1 107 164 773 -1 164 774 773 -1 579 775 776 -1 776 576 579 -1 337 777 578 -1 777 778 578 -1 341 779 343 -1 779 780 343 -1 779 218 64 -1 218 62 64 -1 88 781 112 -1 88 79 781 -1 782 783 82 -1 474 473 784 -1 473 785 784 -1 470 469 786 -1 786 782 470 -1 782 786 787 -1 775 778 787 -1 788 786 784 -1 784 789 788 -1 788 789 790 -1 791 788 790 -1 792 170 39 -1 793 41 776 -1 793 791 790 -1 794 790 795 -1 793 794 796 -1 797 798 796 -1 799 800 801 -1 801 795 799 -1 794 802 803 -1 803 804 794 -1 805 769 767 -1 806 807 808 -1 809 753 810 -1 753 807 810 -1 811 812 813 -1 811 814 812 -1 815 816 817 -1 818 819 800 -1 820 819 811 -1 820 813 821 -1 819 821 822 -1 823 824 176 -1 176 825 823 -1 179 826 827 -1 826 828 827 -1 829 8 830 -1 829 831 8 -1 832 833 834 -1 832 835 833 -1 832 836 837 -1 837 838 832 -1 839 835 838 -1 838 840 839 -1 841 842 843 -1 841 844 842 -1 845 821 813 -1 846 813 815 -1 847 718 848 -1 847 720 718 -1 45 47 849 -1 850 26 851 -1 28 260 17 -1 852 17 19 -1 19 853 852 -1 854 855 856 -1 857 858 859 -1 859 860 857 -1 861 862 45 -1 842 863 851 -1 851 26 842 -1 864 843 853 -1 843 852 853 -1 834 833 865 -1 833 854 865 -1 172 866 867 -1 817 173 860 -1 173 857 860 -1 191 193 270 -1 270 868 191 -1 272 869 870 -1 272 288 869 -1 274 288 272 -1 871 283 204 -1 871 282 283 -1 872 873 289 -1 873 871 207 -1 873 282 871 -1 207 289 873 -1 870 869 874 -1 190 875 876 -1 190 192 875 -1 276 278 100 -1 173 172 857 -1 172 867 857 -1 823 877 878 -1 823 825 877 -1 879 834 880 -1 834 865 880 -1 833 881 854 -1 881 882 854 -1 843 842 852 -1 842 26 852 -1 857 867 858 -1 880 883 884 -1 854 882 885 -1 885 855 854 -1 852 26 17 -1 26 850 263 -1 263 27 26 -1 851 45 850 -1 45 849 850 -1 46 45 862 -1 859 858 886 -1 858 847 886 -1 850 849 263 -1 849 261 263 -1 817 846 815 -1 813 846 845 -1 861 846 817 -1 817 860 861 -1 821 845 844 -1 841 887 822 -1 888 881 889 -1 881 839 889 -1 835 832 838 -1 830 8 890 -1 8 891 890 -1 8 10 891 -1 10 892 891 -1 831 893 9 -1 9 8 831 -1 894 825 178 -1 825 176 178 -1 823 895 824 -1 896 897 840 -1 819 820 821 -1 813 820 811 -1 819 818 811 -1 819 801 800 -1 816 898 817 -1 898 175 817 -1 812 899 813 -1 810 174 175 -1 175 898 810 -1 806 810 807 -1 892 900 901 -1 900 168 901 -1 827 902 169 -1 774 772 837 -1 805 803 897 -1 805 804 803 -1 767 804 805 -1 796 766 797 -1 798 793 796 -1 794 804 796 -1 790 794 793 -1 791 793 776 -1 41 793 798 -1 903 792 798 -1 170 792 903 -1 789 795 790 -1 789 799 795 -1 469 474 786 -1 474 784 786 -1 473 904 785 -1 904 818 785 -1 783 782 777 -1 83 82 783 -1 783 905 83 -1 83 906 781 -1 780 64 906 -1 780 779 64 -1 779 341 218 -1 164 163 774 -1 163 772 774 -1 564 565 767 -1 568 798 797 -1 568 567 798 -1 159 771 770 -1 764 165 763 -1 763 765 764 -1 106 108 548 -1 759 755 761 -1 755 756 761 -1 167 735 757 -1 167 169 735 -1 180 902 907 -1 902 908 907 -1 752 807 753 -1 754 750 752 -1 749 745 747 -1 749 743 745 -1 5 7 744 -1 7 6 181 -1 742 5 743 -1 6 741 181 -1 6 742 741 -1 740 739 738 -1 749 737 739 -1 749 746 737 -1 746 296 3 -1 3 737 746 -1 728 909 730 -1 909 726 730 -1 724 910 110 -1 533 855 885 -1 911 19 722 -1 722 19 18 -1 18 712 722 -1 912 913 914 -1 913 915 914 -1 719 514 718 -1 718 720 719 -1 50 685 51 -1 916 51 60 -1 916 49 51 -1 716 714 262 -1 262 264 716 -1 32 260 29 -1 731 736 734 -1 736 917 734 -1 710 18 260 -1 918 919 721 -1 919 920 721 -1 706 709 921 -1 709 920 921 -1 709 708 922 -1 922 723 709 -1 706 553 530 -1 706 921 633 -1 633 707 706 -1 36 128 701 -1 31 34 32 -1 238 694 239 -1 690 923 716 -1 690 687 923 -1 246 245 684 -1 684 691 246 -1 686 924 59 -1 686 925 924 -1 926 692 691 -1 676 927 928 -1 661 929 678 -1 678 677 661 -1 930 659 661 -1 661 677 930 -1 930 931 659 -1 931 671 659 -1 680 683 932 -1 676 933 674 -1 676 926 933 -1 934 935 936 -1 934 937 935 -1 938 939 669 -1 939 672 669 -1 672 670 669 -1 660 659 671 -1 940 941 942 -1 668 933 936 -1 668 931 932 -1 665 667 943 -1 943 944 665 -1 666 945 667 -1 666 242 945 -1 244 653 938 -1 653 939 938 -1 655 660 663 -1 663 656 655 -1 661 946 929 -1 653 654 947 -1 947 948 653 -1 651 703 704 -1 704 649 651 -1 652 949 950 -1 652 649 949 -1 951 952 953 -1 952 954 953 -1 955 956 644 -1 258 957 259 -1 258 644 957 -1 627 958 959 -1 960 640 639 -1 960 961 640 -1 625 643 628 -1 625 641 643 -1 628 962 625 -1 629 627 316 -1 395 485 397 -1 395 925 485 -1 685 493 492 -1 492 686 685 -1 625 963 964 -1 624 961 622 -1 624 612 961 -1 606 965 619 -1 606 607 965 -1 616 966 967 -1 967 618 616 -1 614 613 616 -1 615 595 613 -1 593 707 613 -1 599 597 606 -1 621 968 969 -1 969 624 621 -1 964 52 601 -1 311 605 592 -1 592 305 311 -1 603 52 604 -1 603 53 52 -1 583 968 970 -1 583 971 968 -1 577 617 596 -1 577 972 617 -1 617 973 614 -1 974 572 560 -1 560 973 974 -1 595 615 560 -1 557 556 594 -1 554 593 594 -1 975 976 977 -1 575 972 577 -1 575 574 978 -1 978 572 974 -1 978 44 572 -1 574 573 42 -1 574 20 22 -1 44 570 572 -1 44 569 570 -1 42 573 43 -1 979 567 571 -1 576 20 575 -1 20 40 21 -1 20 41 40 -1 561 558 557 -1 558 544 555 -1 558 555 557 -1 556 555 554 -1 528 555 544 -1 545 549 551 -1 549 765 550 -1 765 763 550 -1 547 980 548 -1 980 981 548 -1 982 551 552 -1 982 545 551 -1 543 982 983 -1 543 545 982 -1 534 520 535 -1 522 546 535 -1 532 984 985 -1 532 529 984 -1 533 531 529 -1 530 531 708 -1 529 526 984 -1 524 521 520 -1 525 520 910 -1 534 110 910 -1 910 520 534 -1 519 1 0 -1 516 719 517 -1 515 291 290 -1 515 513 291 -1 512 509 500 -1 512 507 509 -1 510 513 511 -1 505 986 503 -1 986 495 503 -1 987 986 505 -1 987 899 986 -1 497 496 988 -1 495 497 503 -1 495 494 497 -1 490 491 494 -1 492 491 485 -1 491 486 485 -1 490 487 489 -1 489 479 486 -1 485 479 397 -1 479 483 396 -1 480 479 489 -1 475 466 478 -1 475 467 466 -1 475 468 467 -1 904 473 478 -1 473 475 478 -1 474 469 468 -1 469 472 468 -1 470 80 471 -1 470 81 80 -1 464 468 476 -1 466 463 462 -1 989 990 991 -1 476 992 993 -1 991 75 994 -1 995 996 997 -1 998 459 484 -1 460 996 999 -1 1000 453 455 -1 458 454 456 -1 434 1001 453 -1 401 446 448 -1 448 400 401 -1 443 444 1002 -1 442 435 444 -1 443 1003 437 -1 437 442 443 -1 441 440 1004 -1 1005 1006 1007 -1 322 320 434 -1 320 1001 434 -1 1008 1009 1010 -1 1011 1012 1013 -1 418 1014 1015 -1 417 1016 1017 -1 429 428 1018 -1 420 419 1019 -1 1020 1021 1022 -1 1020 1023 1021 -1 414 406 405 -1 414 390 415 -1 414 413 390 -1 995 1024 1013 -1 1025 390 1026 -1 390 215 1026 -1 1027 393 1028 -1 411 1029 1025 -1 1025 1028 411 -1 1025 1026 1028 -1 407 406 410 -1 407 1030 1031 -1 1031 408 407 -1 386 385 1032 -1 405 205 1033 -1 405 404 205 -1 207 206 289 -1 134 137 402 -1 402 1034 134 -1 136 1035 403 -1 1035 1036 403 -1 142 1037 401 -1 1037 440 401 -1 398 399 1007 -1 1007 146 398 -1 395 302 1038 -1 387 1027 217 -1 391 74 211 -1 74 209 211 -1 383 384 389 -1 378 1039 389 -1 152 216 70 -1 382 89 380 -1 372 374 376 -1 376 375 372 -1 94 370 373 -1 94 368 370 -1 368 1040 369 -1 368 93 1040 -1 95 1041 371 -1 1042 374 373 -1 370 153 156 -1 370 367 153 -1 84 1043 366 -1 366 85 84 -1 1041 364 1044 -1 1041 95 364 -1 361 876 363 -1 361 190 876 -1 363 360 361 -1 361 360 189 -1 364 1045 1044 -1 359 364 356 -1 359 1045 364 -1 352 1046 1047 -1 352 354 1046 -1 1047 1048 352 -1 353 363 876 -1 189 188 269 -1 279 269 188 -1 347 223 95 -1 219 218 341 -1 341 14 219 -1 339 337 335 -1 338 578 580 -1 338 337 578 -1 330 342 334 -1 330 15 342 -1 333 348 14 -1 333 16 65 -1 346 237 325 -1 98 65 16 -1 15 328 329 -1 330 336 328 -1 336 1049 328 -1 1050 346 344 -1 98 329 99 -1 276 222 221 -1 222 329 328 -1 1051 1052 331 -1 233 1053 1054 -1 233 1055 1053 -1 1056 1057 1058 -1 1058 1059 1056 -1 324 321 1060 -1 1060 1061 324 -1 1062 321 1063 -1 102 1064 1065 -1 1064 1066 1065 -1 299 1067 300 -1 1067 1068 300 -1 312 1069 1070 -1 312 1071 1069 -1 315 304 1072 -1 315 1073 316 -1 315 1069 308 -1 312 314 1071 -1 314 1061 605 -1 1069 309 308 -1 1069 1071 309 -1 306 604 963 -1 306 305 604 -1 630 962 628 -1 1074 1075 1076 -1 1063 321 1077 -1 321 323 1077 -1 4 3 297 -1 736 294 917 -1 294 295 917 -1 182 519 295 -1 719 516 1078 -1 1078 1079 719 -1 514 719 1079 -1 1079 1080 514 -1 283 232 1081 -1 232 234 1081 -1 410 415 411 -1 415 1029 411 -1 1082 286 285 -1 1082 1083 286 -1 268 361 189 -1 1084 1053 1055 -1 231 281 229 -1 229 1053 1084 -1 229 281 1053 -1 1085 226 1086 -1 1085 1087 226 -1 1088 1086 1089 -1 1088 1085 1086 -1 1090 1091 1088 -1 1091 1085 1088 -1 1092 1093 228 -1 228 230 1092 -1 1094 1095 191 -1 191 868 1094 -1 1086 1096 1089 -1 1086 1097 1096 -1 287 1098 285 -1 287 351 1098 -1 710 37 36 -1 635 267 186 -1 635 1099 267 -1 637 1099 635 -1 637 650 1099 -1 1100 703 651 -1 651 1101 1100 -1 1102 918 711 -1 711 702 1102 -1 56 1103 57 -1 262 261 265 -1 265 264 262 -1 61 266 60 -1 1104 665 944 -1 1104 252 665 -1 250 249 34 -1 249 38 34 -1 1105 657 1106 -1 1106 1107 1105 -1 1108 654 1109 -1 1108 947 654 -1 661 658 946 -1 661 655 658 -1 239 1110 25 -1 326 66 1052 -1 326 237 66 -1 1064 1111 1112 -1 234 103 102 -1 284 233 232 -1 284 1055 233 -1 1097 1113 1114 -1 1097 225 1113 -1 227 1087 277 -1 227 226 1087 -1 227 221 220 -1 227 277 221 -1 347 1115 332 -1 906 64 115 -1 64 63 115 -1 68 70 216 -1 332 1116 349 -1 332 1117 1116 -1 76 212 118 -1 118 120 76 -1 206 404 288 -1 206 205 404 -1 133 204 131 -1 133 871 204 -1 202 201 1118 -1 1118 1119 202 -1 198 141 200 -1 198 139 141 -1 196 199 197 -1 196 195 199 -1 1120 143 194 -1 143 145 194 -1 188 362 1083 -1 188 187 362 -1 97 96 287 -1 287 1121 97 -1 215 217 1026 -1 519 181 741 -1 519 182 181 -1 519 738 1 -1 519 741 738 -1 895 172 174 -1 174 1122 895 -1 824 179 176 -1 824 826 179 -1 1123 1124 748 -1 748 1125 1123 -1 22 21 566 -1 566 573 22 -1 1126 1127 909 -1 909 1128 1126 -1 725 109 111 -1 726 760 730 -1 726 1129 760 -1 755 168 167 -1 755 901 168 -1 764 161 770 -1 161 159 770 -1 166 107 106 -1 166 164 107 -1 1115 1117 332 -1 86 155 87 -1 150 388 1130 -1 1130 1131 150 -1 70 69 388 -1 388 150 70 -1 137 131 138 -1 137 134 131 -1 1132 398 143 -1 398 146 143 -1 145 1133 195 -1 145 144 1133 -1 141 1134 201 -1 141 140 1134 -1 1118 136 135 -1 1118 1035 136 -1 132 1135 133 -1 132 1136 1135 -1 1092 872 273 -1 275 1092 273 -1 275 1093 1092 -1 345 1098 351 -1 351 344 345 -1 38 249 128 -1 249 129 128 -1 1137 1138 1139 -1 249 1140 129 -1 249 251 1140 -1 239 1141 1142 -1 1142 240 239 -1 122 121 389 -1 121 383 389 -1 116 117 1040 -1 89 113 92 -1 111 105 1129 -1 758 105 1143 -1 106 105 108 -1 105 107 773 -1 1144 1112 1111 -1 1111 1145 1144 -1 100 99 276 -1 16 329 98 -1 350 344 351 -1 1040 117 369 -1 112 89 88 -1 94 372 92 -1 89 382 91 -1 81 82 79 -1 79 88 90 -1 90 80 79 -1 83 781 79 -1 75 74 994 -1 78 74 73 -1 69 208 71 -1 1028 393 409 -1 409 411 1028 -1 223 224 1050 -1 1038 259 924 -1 1038 257 259 -1 60 266 265 -1 265 916 60 -1 583 601 584 -1 583 970 601 -1 625 964 626 -1 459 1000 455 -1 569 44 43 -1 567 569 571 -1 1146 461 460 -1 38 128 36 -1 30 1147 31 -1 27 713 29 -1 29 28 27 -1 23 25 1110 -1 23 715 24 -1 260 37 710 -1 15 14 342 -1 1059 236 235 -1 235 1148 1059 -1 817 175 173 -1 913 917 295 -1 2 1 738 -1 2 738 3 -1 0 2 4 -1 311 1071 314 -1 311 309 1071 -1 964 970 626 -1 964 601 970 -1 394 1038 302 -1 394 257 1038 -1 214 62 219 -1 214 117 62 -1 325 1149 1150 -1 326 1149 325 -1 225 1086 226 -1 1086 225 1097 -1 1151 1143 105 -1 1143 1151 890 -1 760 105 758 -1 1129 105 760 -1 113 93 92 -1 93 113 114 -1 119 120 118 -1 120 119 121 -1 1152 123 122 -1 210 123 1152 -1 210 71 208 -1 210 1152 71 -1 25 1141 239 -1 25 24 1141 -1 1142 923 1153 -1 1142 1154 923 -1 687 1153 923 -1 1155 1153 687 -1 126 687 689 -1 126 1155 687 -1 124 689 1156 -1 124 126 689 -1 1104 124 1157 -1 1104 127 124 -1 252 1157 253 -1 252 1104 1157 -1 243 254 1158 -1 243 255 254 -1 241 1158 1159 -1 241 243 1158 -1 1109 1159 1160 -1 1109 241 1159 -1 1160 1108 1109 -1 1108 1160 1161 -1 952 1162 1137 -1 1162 952 1163 -1 1164 1162 1163 -1 1165 1162 1164 -1 1164 1166 1165 -1 1166 1164 950 -1 1167 950 949 -1 1167 1166 950 -1 1168 949 1169 -1 1168 1167 949 -1 697 1168 1169 -1 1140 1168 697 -1 1140 130 129 -1 1140 697 130 -1 1139 1137 1161 -1 1137 1139 1138 -1 1107 1161 1137 -1 1107 1108 1161 -1 1170 345 1171 -1 1098 345 1170 -1 1172 1173 1090 -1 1174 1173 1172 -1 1088 1175 1176 -1 1088 1089 1175 -1 1177 1096 1178 -1 1179 1096 1177 -1 1180 275 1181 -1 1180 1093 275 -1 1090 1176 1172 -1 1176 1090 1088 -1 1134 1118 201 -1 1134 1035 1118 -1 195 1037 199 -1 195 1133 1037 -1 149 1132 147 -1 149 398 1132 -1 365 150 1131 -1 365 151 150 -1 85 1131 86 -1 85 365 1131 -1 1115 371 154 -1 347 371 1115 -1 371 155 154 -1 371 87 155 -1 163 764 770 -1 764 163 165 -1 1182 755 759 -1 1182 901 755 -1 111 726 725 -1 111 1129 726 -1 729 760 761 -1 730 760 729 -1 731 756 757 -1 733 756 731 -1 912 917 913 -1 917 912 734 -1 1183 727 732 -1 1184 727 1183 -1 1185 909 728 -1 1128 909 1185 -1 43 566 571 -1 43 573 566 -1 748 1186 1125 -1 747 1186 748 -1 826 895 1122 -1 826 824 895 -1 1187 744 907 -1 744 1187 745 -1 747 1187 1186 -1 1187 747 745 -1 362 286 1083 -1 362 1188 286 -1 286 1121 287 -1 286 1188 1121 -1 1120 1132 143 -1 1076 1132 1120 -1 1118 1189 1119 -1 1118 135 1189 -1 207 1136 205 -1 207 1135 1136 -1 408 1095 869 -1 1031 1095 408 -1 871 1135 207 -1 871 133 1135 -1 392 409 393 -1 409 392 1030 -1 349 214 219 -1 349 213 214 -1 349 1116 213 -1 1075 1063 1077 -1 1075 1190 1063 -1 100 1149 1051 -1 1149 100 1191 -1 1192 277 1087 -1 277 1192 278 -1 1114 280 1193 -1 280 1114 1113 -1 1084 284 1194 -1 1084 1055 284 -1 101 1064 102 -1 101 1111 1064 -1 1144 11 1112 -1 1144 1195 11 -1 1058 1067 299 -1 1058 1196 1067 -1 1197 1198 1199 -1 1197 1062 1198 -1 240 693 238 -1 240 1200 693 -1 1201 714 1154 -1 1201 715 714 -1 1108 1106 947 -1 1107 1106 1108 -1 666 252 255 -1 666 665 252 -1 658 1105 1202 -1 658 657 1105 -1 929 1203 1204 -1 929 946 1203 -1 1205 959 958 -1 1205 1206 959 -1 642 1103 1207 -1 57 1103 642 -1 960 56 55 -1 960 1208 56 -1 638 1209 639 -1 638 1210 1209 -1 710 702 711 -1 702 710 36 -1 918 1211 919 -1 1211 918 1102 -1 705 1100 1212 -1 705 703 1100 -1 651 637 1101 -1 651 650 637 -1 645 257 394 -1 645 258 257 -1 1098 1082 285 -1 1098 1170 1082 -1 1174 271 279 -1 1174 1172 271 -1 227 1213 225 -1 220 1213 227 -1 1175 1094 868 -1 1175 1179 1094 -1 868 1176 1175 -1 270 1176 868 -1 870 1177 1181 -1 874 1177 870 -1 1191 1150 1149 -1 1150 1191 1214 -1 1087 1091 1192 -1 1091 1087 1085 -1 1178 1097 1114 -1 1096 1097 1178 -1 1215 225 1213 -1 225 1215 1113 -1 1194 282 873 -1 284 282 1194 -1 1180 228 1093 -1 1180 1193 228 -1 873 230 1194 -1 873 1092 230 -1 872 1092 873 -1 301 959 394 -1 301 627 959 -1 203 283 1081 -1 204 283 203 -1 395 924 925 -1 395 1038 924 -1 514 292 291 -1 514 1080 292 -1 1079 292 1080 -1 1078 292 1079 -1 293 292 1078 -1 1074 1190 1075 -1 1198 1190 1074 -1 1216 236 300 -1 236 1216 1217 -1 1068 1120 194 -1 1068 1218 1120 -1 300 197 1216 -1 300 196 197 -1 13 198 200 -1 13 1217 198 -1 202 1066 1219 -1 1066 202 1119 -1 962 963 625 -1 306 963 962 -1 306 630 307 -1 306 962 630 -1 314 324 1061 -1 313 324 314 -1 1073 308 310 -1 1073 315 308 -1 1070 315 1072 -1 1070 1069 315 -1 1070 1220 319 -1 1070 1072 1220 -1 1067 1218 1068 -1 1067 1199 1218 -1 12 1217 13 -1 12 236 1217 -1 1219 1064 1112 -1 1064 1219 1066 -1 1065 234 102 -1 234 1065 1081 -1 1060 1062 1197 -1 321 1062 1060 -1 590 1060 1221 -1 590 1061 1060 -1 1057 1196 1058 -1 1221 1196 1057 -1 1222 1057 1056 -1 1222 591 1057 -1 588 1223 1224 -1 588 1225 1223 -1 1223 1059 1148 -1 1056 1059 1223 -1 1226 235 1195 -1 1226 1148 235 -1 1054 103 233 -1 103 1054 104 -1 1227 101 104 -1 1227 1228 101 -1 1053 1229 1054 -1 1230 1229 1053 -1 1215 1231 281 -1 1232 1231 1215 -1 1233 1195 1144 -1 1233 1226 1195 -1 1234 1145 1228 -1 1234 1235 1145 -1 1229 1236 1227 -1 1237 1236 1229 -1 1231 1238 1230 -1 1239 1238 1231 -1 1240 1241 1232 -1 1242 1241 1240 -1 1242 1243 1241 -1 1242 1244 1243 -1 1239 1245 1238 -1 1239 1246 1245 -1 1237 1247 1236 -1 1237 1248 1247 -1 1234 1249 1235 -1 1234 1250 1249 -1 1251 1226 1233 -1 1224 1226 1251 -1 586 1251 1249 -1 586 589 1251 -1 587 1247 582 -1 587 1250 1247 -1 1245 585 1248 -1 1252 585 1245 -1 1243 975 1246 -1 976 975 1243 -1 1253 1254 1244 -1 1255 1254 1253 -1 328 1253 327 -1 1253 328 1049 -1 1240 220 222 -1 220 1240 1213 -1 331 66 65 -1 331 1052 66 -1 325 1171 345 -1 325 1150 1171 -1 346 224 237 -1 1050 224 346 -1 336 1256 1049 -1 336 338 1256 -1 332 333 65 -1 348 333 332 -1 385 192 1032 -1 192 385 875 -1 355 352 359 -1 352 355 353 -1 1048 359 352 -1 1045 359 1048 -1 354 385 1046 -1 385 354 875 -1 1047 1257 366 -1 1047 1046 1257 -1 1043 1045 1048 -1 1045 1043 1044 -1 187 363 362 -1 187 360 363 -1 1188 356 1121 -1 1188 357 356 -1 1041 1043 84 -1 1041 1044 1043 -1 373 156 1042 -1 373 370 156 -1 1042 376 374 -1 1042 1130 376 -1 1041 87 371 -1 1041 84 87 -1 367 213 1116 -1 369 213 367 -1 117 213 369 -1 1257 152 151 -1 152 1257 1258 -1 393 387 386 -1 393 1027 387 -1 146 1006 144 -1 146 1007 1006 -1 1133 440 1037 -1 1133 1004 440 -1 447 1035 1134 -1 1035 447 1036 -1 134 1033 132 -1 134 1034 1033 -1 1136 1033 205 -1 1136 132 1033 -1 392 1032 1095 -1 392 386 1032 -1 1030 410 409 -1 410 1030 407 -1 1027 1026 217 -1 1027 1028 1026 -1 1025 415 390 -1 1025 1029 415 -1 1259 1260 999 -1 1259 1261 1260 -1 999 1012 1259 -1 1012 999 996 -1 1262 405 1033 -1 1262 414 405 -1 1263 1034 402 -1 1263 1264 1034 -1 1036 1265 403 -1 1266 1265 1036 -1 419 425 416 -1 419 422 425 -1 418 1020 416 -1 418 1267 1020 -1 1022 1019 419 -1 1022 1268 1019 -1 417 1018 1016 -1 417 429 1018 -1 1017 418 417 -1 418 1017 1014 -1 1267 1015 1011 -1 1267 418 1015 -1 1023 1269 1009 -1 1023 1020 1269 -1 1021 1009 1270 -1 1021 1023 1009 -1 1019 1271 1272 -1 1019 1268 1271 -1 421 1273 1274 -1 421 420 1273 -1 1275 423 1276 -1 424 423 1275 -1 431 426 1277 -1 427 426 431 -1 1278 430 1279 -1 428 430 1278 -1 1016 1280 1281 -1 1016 1018 1280 -1 1282 1014 1017 -1 1014 1282 1261 -1 1011 1259 1012 -1 1011 1015 1259 -1 1269 1013 1024 -1 1269 1011 1013 -1 1270 1008 1283 -1 1009 1008 1270 -1 1283 994 412 -1 1283 1008 994 -1 1272 413 414 -1 1272 1271 413 -1 1274 1262 1264 -1 1274 1273 1262 -1 1266 1275 1265 -1 1277 1275 1266 -1 1284 1279 1285 -1 1278 1279 1284 -1 1281 1286 451 -1 1281 1280 1286 -1 1261 1287 1260 -1 1261 1282 1287 -1 457 319 1220 -1 319 457 317 -1 1006 1003 1004 -1 1006 1005 1003 -1 1005 399 438 -1 1005 1007 399 -1 1003 441 1004 -1 443 441 1003 -1 446 433 448 -1 1285 433 446 -1 1002 1284 445 -1 1286 1284 1002 -1 435 452 444 -1 434 452 435 -1 455 1001 317 -1 453 1001 455 -1 1260 998 1146 -1 1287 998 1260 -1 1000 998 450 -1 459 998 1000 -1 484 1146 998 -1 1146 484 481 -1 462 482 466 -1 462 461 482 -1 995 989 1024 -1 995 997 989 -1 994 1010 991 -1 994 1008 1010 -1 73 991 993 -1 73 75 991 -1 993 212 76 -1 212 993 992 -1 993 990 476 -1 990 993 991 -1 990 997 465 -1 990 989 997 -1 460 463 996 -1 463 460 462 -1 992 80 212 -1 471 80 992 -1 1288 904 478 -1 814 904 1288 -1 478 488 1288 -1 488 478 477 -1 477 489 488 -1 489 477 480 -1 988 498 497 -1 988 501 498 -1 986 812 1289 -1 899 812 986 -1 502 987 505 -1 1290 987 502 -1 495 1289 487 -1 986 1289 495 -1 809 754 753 -1 754 809 508 -1 754 513 750 -1 754 511 513 -1 500 717 512 -1 500 499 717 -1 290 298 515 -1 290 516 298 -1 910 1291 525 -1 910 724 1291 -1 922 531 533 -1 531 922 708 -1 985 1292 532 -1 1292 985 542 -1 539 552 536 -1 539 982 552 -1 983 985 984 -1 983 541 985 -1 980 546 537 -1 980 547 546 -1 550 536 552 -1 1293 536 550 -1 763 1293 550 -1 763 762 1293 -1 559 545 544 -1 549 545 559 -1 160 559 558 -1 160 157 559 -1 571 171 979 -1 566 171 571 -1 978 42 44 -1 978 574 42 -1 972 978 974 -1 972 575 978 -1 1256 1294 1255 -1 1256 598 1294 -1 1254 977 976 -1 1254 1295 977 -1 971 975 977 -1 1252 975 971 -1 603 1222 1225 -1 1222 603 602 -1 557 593 595 -1 557 594 593 -1 614 560 615 -1 973 560 614 -1 972 973 617 -1 972 974 973 -1 610 1294 611 -1 1295 1294 610 -1 977 968 971 -1 977 969 968 -1 963 52 964 -1 52 963 604 -1 626 968 621 -1 626 970 968 -1 609 600 608 -1 600 609 611 -1 618 965 607 -1 618 967 965 -1 961 609 640 -1 612 609 961 -1 925 492 485 -1 925 686 492 -1 316 630 629 -1 316 1073 630 -1 632 616 613 -1 632 966 616 -1 966 631 634 -1 966 632 631 -1 967 183 965 -1 183 967 636 -1 965 185 619 -1 965 183 185 -1 961 55 622 -1 961 960 55 -1 956 957 644 -1 956 1156 957 -1 1206 1296 955 -1 1206 1205 1296 -1 955 1297 956 -1 955 1296 1297 -1 647 1205 1207 -1 647 1296 1205 -1 1298 1103 56 -1 1298 648 1103 -1 1299 1300 1298 -1 1300 1299 1301 -1 1209 1299 1208 -1 1209 1302 1299 -1 953 1303 1302 -1 1303 953 954 -1 953 184 951 -1 184 953 1210 -1 951 1163 952 -1 951 1304 1163 -1 1099 1304 267 -1 1099 1305 1304 -1 950 1305 652 -1 1164 1305 950 -1 649 1169 949 -1 649 704 1169 -1 948 1106 662 -1 948 947 1106 -1 948 939 653 -1 948 672 939 -1 938 242 244 -1 242 938 945 -1 943 256 944 -1 937 256 943 -1 932 675 668 -1 675 932 1306 -1 668 935 940 -1 668 936 935 -1 942 938 669 -1 942 945 938 -1 942 667 945 -1 667 942 941 -1 937 940 935 -1 937 943 940 -1 934 933 926 -1 934 936 933 -1 683 1306 932 -1 683 681 1306 -1 932 930 680 -1 931 930 932 -1 680 677 679 -1 930 677 680 -1 927 673 1307 -1 927 676 673 -1 676 692 926 -1 692 676 928 -1 684 926 691 -1 934 926 684 -1 957 61 259 -1 957 688 61 -1 693 928 238 -1 693 692 928 -1 927 238 928 -1 238 927 694 -1 696 239 694 -1 696 1110 239 -1 695 682 1147 -1 695 1307 682 -1 1147 35 31 -1 35 1147 682 -1 1102 699 1211 -1 1102 700 699 -1 709 721 920 -1 709 723 721 -1 919 921 920 -1 919 1212 921 -1 918 712 711 -1 918 721 712 -1 50 493 685 -1 50 496 493 -1 988 50 48 -1 988 496 50 -1 1308 499 501 -1 499 1308 848 -1 1309 518 1310 -1 0 518 1309 -1 915 295 1311 -1 913 295 915 -1 723 911 722 -1 723 922 911 -1 885 922 533 -1 885 911 922 -1 532 855 533 -1 855 532 1292 -1 1312 523 525 -1 1312 856 523 -1 883 1128 884 -1 1291 1128 883 -1 1291 1126 1128 -1 1184 1313 1185 -1 1314 1313 1184 -1 912 1315 1183 -1 1315 912 914 -1 909 724 726 -1 909 1127 724 -1 739 743 749 -1 739 740 743 -1 297 1123 751 -1 296 1123 297 -1 296 1124 1123 -1 752 1186 807 -1 752 1125 1186 -1 1187 908 808 -1 1187 907 908 -1 169 180 735 -1 169 902 180 -1 548 166 106 -1 166 548 981 -1 768 159 158 -1 771 159 768 -1 979 798 567 -1 979 903 798 -1 783 340 905 -1 340 783 339 -1 780 83 905 -1 83 780 906 -1 814 818 904 -1 814 811 818 -1 799 818 800 -1 799 785 818 -1 792 41 798 -1 792 39 41 -1 766 804 767 -1 766 796 804 -1 769 837 772 -1 769 896 837 -1 836 774 837 -1 773 774 836 -1 828 808 908 -1 828 806 808 -1 169 900 827 -1 900 169 168 -1 901 891 892 -1 891 901 1182 -1 806 174 810 -1 806 1122 174 -1 816 1316 898 -1 1290 1316 816 -1 813 987 815 -1 899 987 813 -1 887 802 801 -1 802 887 1317 -1 1318 897 803 -1 897 1318 840 -1 896 838 837 -1 896 840 838 -1 894 9 893 -1 894 178 9 -1 10 900 892 -1 10 177 900 -1 832 879 1319 -1 834 879 832 -1 830 1151 1319 -1 830 890 1151 -1 864 889 1320 -1 864 888 889 -1 889 840 1318 -1 889 839 840 -1 841 1317 887 -1 841 1320 1317 -1 844 822 821 -1 844 841 822 -1 861 845 846 -1 861 863 845 -1 916 261 849 -1 916 265 261 -1 1308 46 886 -1 48 46 1308 -1 847 867 720 -1 858 867 847 -1 886 862 859 -1 862 886 46 -1 882 911 885 -1 882 1321 911 -1 880 1312 883 -1 880 865 1312 -1 884 1322 880 -1 1322 884 1313 -1 1315 1323 1314 -1 1324 1323 1315 -1 915 1325 914 -1 877 1325 915 -1 1309 878 1311 -1 1326 878 1309 -1 720 866 1310 -1 867 866 720 -1 882 888 1321 -1 881 888 882 -1 829 880 1322 -1 829 879 880 -1 1324 831 1323 -1 893 831 1324 -1 877 894 1325 -1 825 894 877 -1 1326 823 878 -1 895 823 1326 -1 1150 1173 1171 -1 1214 1173 1150 -1 273 289 274 -1 289 273 872 -1 869 1094 874 -1 869 1095 1094 -1 895 866 172 -1 895 1326 866 -1 1325 893 1324 -1 894 893 1325 -1 829 1323 831 -1 829 1322 1323 -1 1321 864 853 -1 888 864 1321 -1 45 863 861 -1 863 45 851 -1 859 861 860 -1 861 859 862 -1 1326 1310 866 -1 1326 1309 1310 -1 1311 877 915 -1 878 877 1311 -1 914 1324 1315 -1 1325 1324 914 -1 1314 1322 1313 -1 1323 1322 1314 -1 865 856 1312 -1 865 854 856 -1 1321 19 911 -1 1321 853 19 -1 49 849 47 -1 849 49 916 -1 848 886 847 -1 886 848 1308 -1 863 844 845 -1 863 842 844 -1 1320 1318 1317 -1 1320 889 1318 -1 1320 843 864 -1 843 1320 841 -1 839 833 835 -1 839 881 833 -1 836 1319 1151 -1 832 1319 836 -1 829 1319 879 -1 829 830 1319 -1 177 827 900 -1 177 179 827 -1 1317 803 802 -1 803 1317 1318 -1 822 801 819 -1 801 822 887 -1 1290 815 987 -1 1290 816 815 -1 898 809 810 -1 1316 809 898 -1 890 1182 1143 -1 890 891 1182 -1 827 908 902 -1 827 828 908 -1 828 1122 806 -1 828 826 1122 -1 896 805 897 -1 769 805 896 -1 794 801 802 -1 794 795 801 -1 788 776 775 -1 788 791 776 -1 785 789 784 -1 799 789 785 -1 788 787 786 -1 788 775 787 -1 787 777 782 -1 778 777 787 -1 470 82 81 -1 470 782 82 -1 905 343 780 -1 905 340 343 -1 339 777 337 -1 777 339 783 -1 775 578 778 -1 775 579 578 -1 20 776 41 -1 20 576 776 -1 771 769 772 -1 771 768 769 -1 568 766 565 -1 766 568 797 -1 166 762 165 -1 166 981 762 -1 1186 808 807 -1 1186 1187 808 -1 751 1125 752 -1 751 1123 1125 -1 751 515 297 -1 515 751 750 -1 748 296 746 -1 296 748 1124 -1 757 736 731 -1 735 736 757 -1 732 729 733 -1 732 727 729 -1 110 725 724 -1 110 109 725 -1 1183 1314 1184 -1 1183 1315 1314 -1 1185 884 1128 -1 1313 884 1185 -1 883 525 1291 -1 883 1312 525 -1 856 1292 523 -1 856 855 1292 -1 0 1311 295 -1 0 1309 1311 -1 1310 517 720 -1 518 517 1310 -1 717 848 718 -1 717 499 848 -1 48 501 988 -1 501 48 1308 -1 23 696 713 -1 1110 696 23 -1 1211 698 705 -1 1211 699 698 -1 702 700 1102 -1 702 701 700 -1 700 697 699 -1 130 697 700 -1 698 1169 704 -1 698 697 1169 -1 1147 696 695 -1 696 1147 30 -1 1307 694 927 -1 1307 695 694 -1 716 1154 714 -1 716 923 1154 -1 61 690 266 -1 690 61 688 -1 1156 688 957 -1 1156 689 688 -1 937 684 256 -1 684 937 934 -1 681 1307 673 -1 681 682 1307 -1 33 683 680 -1 683 33 35 -1 250 33 679 -1 250 34 33 -1 673 1306 681 -1 673 675 1306 -1 941 943 667 -1 943 941 940 -1 663 670 664 -1 663 671 670 -1 940 669 668 -1 940 942 669 -1 674 668 675 -1 668 674 933 -1 668 671 931 -1 668 670 671 -1 948 664 672 -1 948 662 664 -1 656 1106 657 -1 656 662 1106 -1 633 1212 1100 -1 633 921 1212 -1 652 1099 650 -1 1305 1099 652 -1 1164 1304 1305 -1 1164 1163 1304 -1 267 951 184 -1 951 267 1304 -1 1210 1302 1209 -1 1302 1210 953 -1 1302 1301 1299 -1 1302 1303 1301 -1 1208 1298 56 -1 1298 1208 1299 -1 648 1300 646 -1 1298 1300 648 -1 648 1207 1103 -1 647 1207 648 -1 1296 646 1297 -1 647 646 1296 -1 955 645 1206 -1 955 644 645 -1 627 643 958 -1 627 629 643 -1 641 958 643 -1 641 642 958 -1 58 622 55 -1 58 623 622 -1 619 638 620 -1 619 185 638 -1 635 183 636 -1 186 183 635 -1 634 967 966 -1 634 636 967 -1 634 1101 637 -1 634 631 1101 -1 1100 631 633 -1 1101 631 1100 -1 633 613 707 -1 632 613 633 -1 608 640 609 -1 608 620 640 -1 624 610 612 -1 624 969 610 -1 617 607 596 -1 617 618 607 -1 604 592 602 -1 592 604 305 -1 1295 969 977 -1 1295 610 969 -1 611 598 600 -1 1294 598 611 -1 581 599 580 -1 581 597 599 -1 592 1061 590 -1 605 1061 592 -1 602 591 1222 -1 591 602 592 -1 53 1225 588 -1 1225 53 603 -1 53 586 54 -1 589 586 53 -1 582 54 587 -1 582 584 54 -1 1252 583 585 -1 1252 971 583 -1 1255 1295 1254 -1 1255 1294 1295 -1 338 598 1256 -1 338 580 598 -1 577 579 576 -1 581 579 577 -1 563 570 568 -1 563 561 570 -1 768 562 564 -1 768 162 562 -1 768 158 162 -1 562 160 558 -1 562 162 160 -1 559 765 549 -1 559 161 765 -1 559 157 161 -1 980 762 981 -1 762 980 1293 -1 1293 537 536 -1 1293 980 537 -1 534 547 108 -1 534 535 547 -1 984 543 983 -1 526 543 984 -1 541 542 985 -1 541 540 542 -1 521 538 522 -1 521 540 538 -1 982 541 983 -1 541 982 539 -1 537 522 538 -1 537 546 522 -1 523 542 524 -1 523 1292 542 -1 1127 1291 724 -1 1127 1126 1291 -1 298 518 4 -1 298 517 518 -1 512 514 510 -1 512 717 514 -1 508 511 754 -1 508 507 511 -1 508 1316 506 -1 809 1316 508 -1 509 502 504 -1 506 502 509 -1 506 1290 502 -1 1316 1290 506 -1 500 504 498 -1 504 500 509 -1 497 504 503 -1 497 498 504 -1 487 1288 488 -1 487 1289 1288 -1 484 454 483 -1 484 459 454 -1 480 466 482 -1 480 477 466 -1 814 1289 812 -1 814 1288 1289 -1 471 476 472 -1 471 992 476 -1 465 996 463 -1 996 465 997 -1 465 476 990 -1 476 465 464 -1 76 73 993 -1 76 78 73 -1 1010 989 991 -1 1010 1024 989 -1 461 481 482 -1 461 1146 481 -1 450 1287 451 -1 998 1287 450 -1 1146 999 1260 -1 1146 460 999 -1 456 317 457 -1 317 456 455 -1 450 453 1000 -1 450 452 453 -1 450 449 452 -1 449 444 452 -1 449 1002 444 -1 451 1002 449 -1 451 1286 1002 -1 445 1285 446 -1 1284 1285 445 -1 448 432 447 -1 433 432 448 -1 445 443 1002 -1 445 441 443 -1 1003 438 437 -1 1003 1005 438 -1 438 148 439 -1 438 149 148 -1 149 438 399 -1 436 323 435 -1 436 1077 323 -1 1220 458 457 -1 1220 303 458 -1 1282 451 1287 -1 1282 1281 451 -1 1286 1278 1284 -1 1280 1278 1286 -1 1285 431 433 -1 1279 431 1285 -1 432 1277 1266 -1 431 1277 432 -1 1265 1276 1263 -1 1275 1276 1265 -1 1262 1272 414 -1 1273 1272 1262 -1 1271 412 413 -1 1271 1283 412 -1 1009 1024 1010 -1 1009 1269 1024 -1 1015 1261 1259 -1 1015 1014 1261 -1 1017 1281 1282 -1 1017 1016 1281 -1 1018 1278 1280 -1 1018 428 1278 -1 1279 427 431 -1 430 427 1279 -1 1277 424 1275 -1 426 424 1277 -1 423 1274 1276 -1 423 421 1274 -1 1273 1019 1272 -1 420 1019 1273 -1 1268 1283 1271 -1 1268 1270 1283 -1 1268 1021 1270 -1 1021 1268 1022 -1 1020 1011 1269 -1 1020 1267 1011 -1 430 425 427 -1 429 425 430 -1 426 422 424 -1 425 422 426 -1 421 422 419 -1 422 421 423 -1 1022 416 1020 -1 1022 419 416 -1 429 416 425 -1 417 416 429 -1 447 1266 1036 -1 432 1266 447 -1 403 1263 402 -1 1265 1263 403 -1 1264 1033 1034 -1 1264 1262 1033 -1 412 74 391 -1 412 994 74 -1 995 1012 996 -1 1012 995 1013 -1 140 447 1134 -1 140 400 447 -1 1004 144 1006 -1 1133 144 1004 -1 302 458 303 -1 302 396 458 -1 1263 1274 1264 -1 1274 1263 1276 -1 217 152 387 -1 217 216 152 -1 1258 387 152 -1 1258 385 387 -1 1039 377 72 -1 378 377 1039 -1 381 379 383 -1 381 380 379 -1 372 380 89 -1 372 375 380 -1 378 379 375 -1 378 384 379 -1 153 1116 1117 -1 1116 153 367 -1 1130 377 376 -1 1130 388 377 -1 366 151 365 -1 151 366 1257 -1 1121 364 97 -1 364 1121 356 -1 358 1188 362 -1 1188 358 357 -1 1048 366 1043 -1 1048 1047 366 -1 1258 1046 385 -1 1046 1258 1257 -1 353 358 363 -1 353 355 358 -1 354 876 875 -1 876 354 353 -1 188 1082 279 -1 188 1083 1082 -1 348 219 14 -1 219 348 349 -1 350 95 223 -1 350 96 95 -1 340 342 343 -1 340 334 342 -1 1050 350 223 -1 1050 344 350 -1 1051 98 100 -1 1051 331 98 -1 327 1244 1242 -1 327 1253 1244 -1 1049 1255 1253 -1 1049 1256 1255 -1 1244 976 1243 -1 1254 976 1244 -1 1252 1246 975 -1 1252 1245 1246 -1 1248 582 1247 -1 585 582 1248 -1 1250 586 1249 -1 587 586 1250 -1 589 1224 1251 -1 589 588 1224 -1 1235 1251 1233 -1 1235 1249 1251 -1 1236 1250 1234 -1 1236 1247 1250 -1 1238 1248 1237 -1 1238 1245 1248 -1 1241 1246 1239 -1 1241 1243 1246 -1 222 1242 1240 -1 327 1242 222 -1 1232 1239 1231 -1 1241 1239 1232 -1 1237 1230 1238 -1 1237 1229 1230 -1 1236 1228 1227 -1 1236 1234 1228 -1 1235 1144 1145 -1 1235 1233 1144 -1 1213 1232 1215 -1 1240 1232 1213 -1 281 1230 1053 -1 1231 1230 281 -1 1227 1054 1229 -1 1227 104 1054 -1 1228 1111 101 -1 1228 1145 1111 -1 1148 1224 1223 -1 1226 1224 1148 -1 1225 1056 1223 -1 1225 1222 1056 -1 591 1221 1057 -1 591 590 1221 -1 1221 1197 1196 -1 1221 1060 1197 -1 1112 13 1219 -1 1112 11 13 -1 1199 1074 1218 -1 1199 1198 1074 -1 320 324 313 -1 324 320 322 -1 1070 318 312 -1 1070 319 318 -1 304 1220 1072 -1 304 303 1220 -1 1073 307 630 -1 310 307 1073 -1 307 309 305 -1 310 309 307 -1 1119 1065 1066 -1 1189 1065 1119 -1 200 1219 13 -1 1219 200 202 -1 1216 198 1217 -1 1216 197 198 -1 196 1068 194 -1 300 1068 196 -1 1218 1076 1120 -1 1218 1074 1076 -1 293 516 290 -1 516 293 1078 -1 1189 1081 1065 -1 1189 203 1081 -1 1178 1193 1180 -1 1178 1114 1193 -1 281 1113 1215 -1 1113 281 280 -1 1090 1214 1091 -1 1173 1214 1090 -1 1192 1214 1191 -1 1192 1091 1214 -1 1181 272 870 -1 1181 275 272 -1 1179 874 1094 -1 1179 1177 874 -1 270 1172 1176 -1 271 1172 270 -1 279 1170 1174 -1 1082 1170 279 -1 919 705 1212 -1 705 919 1211 -1 185 1210 638 -1 185 184 1210 -1 639 1208 960 -1 639 1209 1208 -1 1207 958 642 -1 1207 1205 958 -1 1206 394 959 -1 1206 645 394 -1 713 263 23 -1 713 27 263 -1 259 59 924 -1 61 59 259 -1 251 678 1327 -1 248 678 251 -1 654 241 1109 -1 241 654 244 -1 678 1204 1327 -1 678 929 1204 -1 946 1202 1203 -1 946 658 1202 -1 944 127 1104 -1 944 256 127 -1 242 255 243 -1 242 666 255 -1 247 693 1200 -1 693 247 246 -1 439 147 1075 -1 439 148 147 -1 1077 439 1075 -1 1077 436 439 -1 1196 1199 1067 -1 1196 1197 1199 -1 1059 299 236 -1 1059 1058 299 -1 12 1195 235 -1 11 1195 12 -1 1084 230 229 -1 1084 1194 230 -1 1193 231 228 -1 231 1193 280 -1 1191 278 1192 -1 1191 100 278 -1 1051 326 1052 -1 326 1051 1149 -1 1062 1190 1198 -1 1062 1063 1190 -1 115 781 906 -1 112 781 115 -1 211 69 68 -1 69 211 208 -1 869 404 408 -1 869 288 404 -1 1095 1030 392 -1 1095 1031 1030 -1 203 135 138 -1 1189 135 203 -1 1076 147 1132 -1 1075 147 1076 -1 1032 191 1095 -1 1032 192 191 -1 907 7 180 -1 907 744 7 -1 10 178 177 -1 178 10 9 -1 171 903 979 -1 171 170 903 -1 1184 728 727 -1 1185 728 1184 -1 912 732 734 -1 1183 732 912 -1 733 761 756 -1 729 761 733 -1 1143 759 758 -1 1143 1182 759 -1 773 1151 105 -1 773 836 1151 -1 155 1042 156 -1 1042 155 86 -1 154 1117 1115 -1 154 153 1117 -1 86 1130 1042 -1 86 1131 1130 -1 199 142 139 -1 199 1037 142 -1 1178 1181 1177 -1 1178 1180 1181 -1 1179 1089 1096 -1 1179 1175 1089 -1 1171 1174 1170 -1 1171 1173 1174 -1 1137 954 952 -1 1139 954 1137 -1 1139 1161 954 -1 1140 1327 1168 -1 251 1327 1140 -1 1168 1204 1167 -1 1327 1204 1168 -1 1204 1166 1167 -1 1204 1203 1166 -1 1165 1203 1202 -1 1203 1165 1166 -1 1165 1105 1162 -1 1202 1105 1165 -1 1105 1137 1162 -1 1105 1107 1137 -1 254 1297 646 -1 254 253 1297 -1 954 1160 1303 -1 1161 1160 954 -1 1303 1159 1301 -1 1160 1159 1303 -1 1159 1300 1301 -1 1159 1158 1300 -1 646 1158 254 -1 1158 646 1300 -1 253 956 1297 -1 253 1157 956 -1 1156 1157 124 -1 1157 1156 956 -1 125 1155 126 -1 125 247 1155 -1 1155 1200 1153 -1 247 1200 1155 -1 1142 1200 240 -1 1200 1142 1153 -1 1141 1154 1142 -1 1141 1201 1154 -1 715 1141 24 -1 1141 715 1201 -1 1152 72 71 -1 1152 1039 72 -1 122 1039 1152 -1 122 389 1039 -1 381 121 119 -1 121 381 383 -1 382 119 91 -1 119 382 381 -1 1040 114 116 -1 114 1040 93 -1 112 114 113 -1 112 115 114 -1 1001 318 317 -1 1001 320 318 -1 50 47 48 -1 47 50 49 -1 210 77 123 -1 209 77 210 -1' creaseAngle='1.571'>
            <Coordinate DEF='roscoxae_Coord' point='-0.6367 30.764 0.595 -0.3089 30.7636 0.8013 -0.3037 30.8337 0.8448 -0.2406 31.1353 0.9863 -0.4436 31.0103 0.9004 -0.2132 30.6368 0.2099 -0.2445 30.4549 0.2146 -0.2121 30.3611 -0.0013 -1.2095 30.06 -0.6371 -1.0808 30.1991 -0.3885 -1.0658 30.1974 -0.4151 -4.7063 35.4883 -0.6135 -4.7082 35.4393 -0.4154 -4.6436 35.6015 -0.2525 -1.9439 33.4085 -3.3984 -2.1471 33.8743 -3.3676 -1.9299 34.1486 -3.5959 -2.2514 31.0806 -0.7212 -2.4049 31.0016 -0.9298 -2.3808 30.788 -1.0375 -2.1893 31.8251 -2.4114 -2.0366 31.6805 -2.5422 -2.0536 31.681 -2.55 -2.3683 31.3 -0.3651 -2.3757 31.3255 -0.4427 -2.3712 31.3234 -0.4442 -2.246 31.1573 -0.4813 -2.2636 31.1819 -0.5476 -2.2882 31.1089 -0.7254 -2.2935 31.1578 -0.7474 -2.2886 31.2056 -0.7774 -2.3242 31.3426 -1.1202 -2.4375 31.2806 -1.1192 -2.3561 31.5587 -1.2852 -2.434 31.3464 -1.2412 -2.2901 31.5693 -1.1483 -2.4846 31.1016 -0.9744 -2.4661 31.1253 -0.9587 -2.4682 31.3282 -1.176 -1.9883 31.6153 -2.4625 -1.9984 31.642 -2.474 -2.1129 31.7698 -2.3829 -2.1021 31.3215 -2.5461 -2.0269 31.142 -2.5696 -2.3178 31.2351 -2.447 -2.1181 31.3116 0.0499 -2.0385 31.3082 0.2176 -2.2366 31.3561 0.1747 -2.0914 31.4135 0.4096 -2.4269 31.4361 0.2278 -2.3006 31.4875 0.402 -2.73 31.5685 0.365 -3.7578 33.4102 -0.8281 -3.8397 33.7908 -0.8663 -3.7611 33.7825 -1.0235 -3.8874 32.498 -1.0504 -3.8727 32.4725 -1.0448 -3.9022 32.5466 -0.8575 -3.8823 32.5927 -0.8543 -2.9237 31.9332 0.2785 -2.7638 31.5508 0.2284 -2.9168 31.9339 0.2184 -1.6503 33.3272 -3.3702 -1.6722 33.2918 -3.1258 -1.6503 33.2249 -3.0667 -1.7507 34.2915 -3.776 -1.5453 34.553 -4.0329 -1.4382 34.4298 -4.0129 -2.0611 35.0726 -2.3944 -2.0504 35.0179 -2.4167 -2.0432 35.0476 -2.4487 -2.0726 34.9201 -2.3003 -2.071 34.9148 -2.3026 -2.1758 34.5976 -2.0647 -2.1492 34.7032 -2.1228 -2.2002 34.6314 -2.0638 -2.1227 34.2592 -2.0002 -2.1481 34.5429 -2.0918 -2.1527 34.5656 -2.0744 -1.8656 33.5899 -2.3615 -1.985 33.6749 -2.0915 -2.0264 33.5709 -2.1837 -2.1118 33.4441 -2.3134 -1.9583 33.4733 -2.5218 -1.5291 34.13 -3.1431 -1.6663 34.3222 -2.8266 -1.683 34.2912 -2.8121 -1.6314 33.9999 -3.137 -1.8137 33.6206 -2.3716 -1.7962 33.6732 -2.4129 -1.9824 33.727 -2.125 -1.9822 33.7319 -2.1282 -1.7558 33.5897 -2.5588 -1.7763 33.4499 -2.8149 -1.7213 33.6634 -2.7482 -1.1489 34.1241 -3.8413 -1.0457 34.2363 -3.8405 -1.0461 34.2428 -3.7931 -1.8011 34.5246 -3.7791 -1.9346 34.8106 -3.785 -1.7568 35.0788 -3.9513 -4.0673 36.2719 -1.8437 -4.0685 36.3483 -1.8439 -3.5165 36.508 -2.4089 -3.5246 36.3883 -2.3337 -1.3633 29.2272 -1.3736 -1.6521 29.2457 -1.7815 -1.6546 29.2528 -1.7765 -1.7455 28.9736 -1.5838 -1.6624 28.9345 -1.3172 -1.7347 28.9288 -1.378 -1.6002 28.9694 -1.3027 -1.7571 33.5801 -2.5532 -1.7563 33.5849 -2.5559 -1.7774 33.445 -2.8125 -1.7782 33.44 -2.81 -1.6729 33.2975 -3.1267 -1.6471 33.3328 -3.3748 -2.0915 33.9804 -2.0448 -2.0922 33.9812 -2.0504 -2.1359 34.2928 -2.0329 -2.1369 34.2921 -2.0383 -2.1386 34.5208 -2.1255 -2.1399 34.5224 -2.1206 -2.6267 32.3604 -0.5142 -2.5364 32.0861 -0.2619 -2.5433 32.0847 -0.2578 -2.6218 32.3599 -0.5188 -2.4755 31.328 -1.1783 -2.5166 31.3312 -1.2944 -2.5204 31.3245 -1.2937 -2.9576 36.8033 -2.5334 -2.4101 36.6793 -2.7101 -2.4086 36.6893 -2.7255 -2.9526 36.7963 -2.5217 -3.8771 36.6654 -1.651 -3.8651 36.6593 -1.6428 -3.4195 36.8028 -2.1985 -3.4282 36.8095 -2.2169 -4.2615 35.3401 0.3929 -4.36 35.7218 -0.1754 -4.3768 35.7204 -0.1747 -4.2467 35.3406 0.3881 -3.9701 34.6405 1.1521 -4.0119 34.906 0.9981 -4.0289 34.9009 1.0014 -3.9518 34.6401 1.1407 -3.9593 34.1446 1.0631 -3.9519 34.1435 1.0517 -3.9444 34.1908 1.0692 -1.8586 34.6698 -2.651 -1.8329 34.6869 -2.6725 -1.904 35.0798 -2.6399 -1.5566 33.7453 -3.4745 -1.554 33.7854 -3.4795 -1.6588 33.9759 -3.1246 -1.6589 33.9452 -3.1013 -2.4879 29.9444 -2.4687 -2.4705 29.9516 -2.4677 -2.4167 29.9048 -2.4631 -2.4843 29.9594 -2.4723 -2.4751 29.9332 -2.4696 -2.4799 29.9603 -2.4715 -1.9746 29.5194 -2.2443 -1.8255 29.3345 -2.014 -1.9716 29.5091 -2.2518 -1.8244 29.3221 -2.0218 -0.4707 30.0314 -0.265 -0.4955 30.0697 -0.291 -0.3971 30.3072 -0.1331 -1.8659 31.359 -2.6242 -1.8734 31.36 -2.6409 -1.2205 31.0894 0.0628 -1.4836 31.3185 -0.036 -1.2123 31.1095 0.0438 -1.4673 31.3367 -0.0477 -0.984 30.5425 -0.1746 -0.9909 30.3405 -0.3039 -1.0051 30.3347 -0.2864 -0.9742 30.5496 -0.1912 -0.2324 30.3081 -0.0381 -0.2179 30.3814 0.2627 -0.2568 30.3491 0.2662 -3.6363 31.6413 -1.7341 -3.68 31.8653 -1.6272 -3.7016 31.8658 -1.6575 -3.6222 31.6534 -1.6838 -1.1166 35.0979 -3.5542 -1.1032 35.1179 -3.5982 -1.1152 35.2145 -3.5229 -1.2239 35.3709 -3.402 -1.3343 35.5482 -3.2611 -1.3465 35.4992 -3.2373 -1.2124 35.3994 -3.4344 -4.0354 34.874 1.0138 -4.1028 35.0435 0.8366 -4.1147 35.0216 0.8503 -4.2014 35.1742 0.6356 -4.2749 35.3325 0.3918 -4.193 35.1915 0.6081 -4.4056 35.7063 -0.1887 -4.3431 36.0449 -0.6672 -4.3536 36.0328 -0.6754 -3.4454 36.806 -2.2339 -2.9661 36.798 -2.5474 -2.2703 36.5016 -2.6895 -2.2568 36.5169 -2.7363 -2.3551 36.6841 -2.7489 -2.0734 34.9223 -2.2955 -2.1387 34.6856 -2.1292 -2.1234 34.692 -2.1683 -2.0779 34.9355 -2.2668 -2.0733 33.9593 -2.01 -1.6458 33.3372 -3.378 -1.6513 33.3302 -3.3773 -1.971 35.2789 -2.4468 -2.0354 35.0722 -2.4622 -1.9268 35.3172 -2.4898 -1.6751 33.2916 -3.3613 -1.6838 33.3104 -3.3961 -2.0609 35.1446 -3.6469 -2.0375 35.0996 -3.6549 -2.1462 34.7161 -3.5062 -1.2625 34.1499 -3.9411 -1.365 34.425 -4.0578 -1.8193 35.8073 -3.6009 -1.7614 35.6193 -3.7712 -1.7814 35.5854 -3.7245 -2.0867 36.2925 -3.3174 -2.259 36.3357 -3.1453 -2.2503 36.3754 -3.1362 -2.0993 36.2499 -3.3131 -3.1165 36.6694 -2.7727 -3.1297 36.6005 -2.7763 -3.5238 36.5809 -2.4115 -4.6979 35.3773 -0.4433 -4.5136 35.1224 0.2916 -1.4916 34.5717 -4.0527 -2.2968 31.6141 -0.4797 -2.2969 31.4747 -0.5487 -2.3108 31.6233 -0.4552 -2.9251 32.3592 -1.2196 -2.8882 32.4328 -1.0933 -2.9071 32.4303 -1.0913 -2.8995 32.37 -1.2252 -2.5119 32.0878 -0.2773 -2.3897 31.8888 -0.271 -2.4117 31.8705 -0.2588 -2.5414 31.4019 -1.4037 -2.5101 31.3345 -1.2969 -2.4799 31.3655 -1.3383 -2.5744 31.3701 -1.3846 -2.8068 32.4857 -0.8619 -2.8136 32.4863 -0.8586 -2.8716 32.4746 -0.9545 -2.8649 32.4752 -0.9546 -2.6024 32.3555 -0.5304 -3.387 32.3819 0.0494 -3.372 32.3807 0.0016 -3.1884 32.2449 0.087 -2.4227 31.1208 -0.9157 -2.4142 31.3372 -0.1119 -2.4289 31.3927 -0.153 -2.3389 31.2547 -0.3372 -2.584 31.4685 -0.0105 -2.5794 31.417 0.0184 -2.7539 31.5749 0.1692 -3.5426 31.685 -1.6812 -1.1668 35.3118 -3.4897 -1.162 35.2202 -3.6265 -1.2792 35.5577 -3.6174 -1.1649 35.3216 -3.7834 -1.8915 36.2706 -2.9427 -2.0181 36.5403 -2.9963 -1.9544 36.3362 -2.9153 -1.9052 36.434 -3.2453 -1.9575 34.8887 -3.7598 -1.7501 35.4673 -3.8141 -1.7258 35.2158 -3.9524 -1.1357 35.2298 -3.829 -2.0135 36.1461 -3.4108 -2.4185 35.9858 -3.12 -2.4316 36.7108 -2.8028 -3.0351 36.8178 -2.6942 -2.6233 36.5471 -2.9619 -1.0027 34.7676 -3.8665 -0.9813 34.754 -3.7285 -0.9535 34.4969 -3.787 -1.9223 36.1392 -2.7597 -2.1275 36.5278 -2.8518 -0.7005 31.3486 1.1025 -0.8255 31.4014 1.115 -0.8546 31.2841 1.1447 -0.8282 31.2303 1.1255 -0.3288 30.2384 0.1711 -0.419 30.349 0.4449 -0.1897 31.3404 0.953 -0.349 31.3952 1.0816 -0.5591 31.1571 0.9593 -4.3196 34.8682 0.695 -4.2826 34.9372 0.8194 -3.6002 32.5559 0.0385 -3.4519 32.6027 0.0979 -3.6101 32.8073 0.3643 -3.7916 32.7969 0.2404 -3.8786 33.3812 -0.3544 -3.8752 33.2001 -0.5258 -3.8918 33.205 -0.4309 -4.0187 33.1748 0.0793 -3.9778 33.312 -0.0265 -3.971 33.209 -0.1249 -3.9515 33.4836 -0.0451 -4.0313 33.2934 0.3805 -3.9083 33.5894 0.4305 -3.9703 33.5272 0.1895 -3.9449 32.9607 0.1632 -3.8384 32.8222 0.0603 -3.5403 33.3029 0.5874 -3.806 33.3436 0.5533 -3.7617 33.2584 0.6002 -3.8025 33.6672 0.5674 -4.0873 34.0786 0.656 -3.8596 33.8824 0.6169 -3.9542 34.0468 0.7706 -3.9642 33.8244 0.5062 -1.1096 34.8415 -4.2086 -1.5429 34.6393 -4.0739 -2.3895 34.391 -3.1201 -2.3115 34.074 -3.2528 -2.0231 34.3974 -3.5758 -2.3625 33.6899 -3.062 -1.7197 34.5538 -3.8746 -1.5448 33.8391 -3.7222 -1.8377 33.859 -3.6035 -2.3082 33.3642 -2.833 -2.4227 33.3581 -2.5792 -2.5691 33.5734 -2.7031 -2.5747 33.2439 -2.2481 -2.7865 33.391 -2.3384 -2.3574 33.3383 -2.5289 -2.2339 33.3009 -2.7525 -1.8532 33.2423 -3.2921 -2.182 33.3146 -3.0841 -2.0979 33.2514 -3.0143 -1.1011 34.5286 -4.0456 -1.0579 34.8446 -4.1837 -1.1801 34.5582 -4.0416 -1.5095 33.8522 -3.7283 -1.7503 33.6146 -3.5766 -1.6257 33.5183 -3.5457 -1.1428 34.2941 -3.967 -1.0862 34.5263 -4.0359 -1.2111 34.9208 -3.1476 -1.1859 35.0139 -3.2316 -1.2808 35.0743 -3.1318 -1.146 34.8898 -3.287 -1.0288 34.5912 -3.5107 -1.0346 34.7192 -3.4973 -1.1141 34.93 -3.4735 -1.1452 34.7825 -3.2633 -1.1445 35.1615 -3.4666 -1.2011 35.2743 -3.4801 -1.0868 34.9517 -3.6183 -1.1703 35.0981 -3.3789 -1.087 34.4507 -3.4315 -1.7289 34.3814 -2.7916 -1.502 34.6276 -2.9684 -1.6116 33.5197 -3.3002 -1.7535 33.4898 -2.8931 -1.6704 33.341 -3.1689 -1.622 33.6959 -2.9896 -1.5268 33.8191 -3.4885 -1.7814 33.8791 -2.5835 -1.673 33.9579 -2.7542 -1.7403 34.0831 -2.693 -1.9385 34.1346 -2.4591 -1.8981 34.2017 -2.6231 -1.9621 34.562 -2.454 -2.0372 34.4725 -2.2776 -2.0827 34.1997 -2.1588 -2.0432 34.0287 -2.2304 -2.0908 33.9827 -2.0556 -1.984 33.7406 -2.1312 -2.135 34.2919 -2.0434 -2.1131 34.3666 -2.1245 -1.5383 35.2363 -2.9417 -1.7042 35.5262 -2.6931 -1.8124 35.3319 -2.671 -1.8738 34.649 -2.6227 -2.1359 34.5195 -2.1298 -2.0329 35.341 -2.3524 -2.1236 34.9484 -2.2346 -1.7271 35.5803 -2.6452 -1.8398 35.428 -2.4818 -3.5065 32.4314 -0.0509 -3.2996 32.4564 0.1454 -3.3348 32.7023 0.1215 -3.2225 32.5733 0.1949 -3.9355 34.4554 1.1752 -3.8948 34.4531 1.1217 -4.265 35.693 -0.2276 -4.1676 35.3251 0.2668 -3.4151 36.7781 -2.1644 -3.829 36.5999 -1.6277 -1.9148 36.1125 -2.7109 -2.0636 36.0745 -2.552 -1.8841 35.7391 -2.4679 -1.7751 35.6853 -2.5312 -1.7333 35.8525 -2.7706 -1.8274 35.458 -2.4656 -1.8339 35.5469 -2.4312 -1.8448 35.4404 -2.3564 -2.2888 34.9186 -2.1611 -2.2942 35.2189 -2.283 -2.3218 35.6514 -2.3914 -1.9923 35.4552 -2.3399 -3.4242 34.8115 -1.6291 -3.5072 34.6665 -1.4056 -3.4387 34.5845 -1.4587 -3.3236 34.9493 -1.8103 -3.1622 35.2215 -2.0289 -3.2551 35.289 -1.9885 -3.4405 35.0286 -1.7283 -3.4238 35.3496 -1.8824 -3.5455 35.3269 -1.7357 -3.5568 34.9524 -1.52 -3.6908 35.2001 -1.4536 -3.7211 35.0935 -1.3407 -3.6959 34.7773 -1.1546 -3.5702 34.8011 -1.3957 -3.7198 34.8762 -1.1889 -3.8559 35.2641 -1.1486 -3.9902 35.5993 -0.9206 -4.0068 35.426 -0.7494 -3.7927 33.9619 0.5879 -3.8972 34.0971 0.7777 -3.9545 34.1081 1.0035 -3.9006 34.3474 0.7376 -3.8765 34.3891 0.9618 -3.9501 34.1312 1.0298 -4.0714 35.1662 0.5151 -3.9831 34.9208 0.4473 -3.8799 34.3382 0.6136 -3.9088 34.5945 0.4666 -3.8488 34.3095 0.4783 -3.9558 34.8523 0.0917 -4.0564 35.2218 -0.1047 -4.2117 35.9861 -0.6788 -4.1544 35.622 -0.3772 -3.7053 34.1497 0.0912 -3.5852 33.9336 -0.0025 -3.6552 34.303 -0.4039 -3.7497 34.0337 0.4282 -3.6027 33.7374 0.3293 -3.4432 33.1405 0.1761 -3.4962 33.3998 0.2507 -3.4714 33.1648 0.3367 -3.4817 33.0681 0.5075 -3.4538 32.8986 0.3847 -3.4139 33.4102 0.0291 -3.0182 33.6718 -0.8545 -3.0153 33.4811 -0.666 -2.9257 33.4787 -0.7877 -2.7485 33.4911 -1.0199 -2.6271 33.5541 -1.2049 -2.7067 33.7037 -1.2461 -2.7345 33.203 -0.7357 -2.6103 33.2452 -1.013 -2.5129 33.3017 -1.2394 -2.3843 33.3151 -1.5849 -2.2396 33.4628 -1.9017 -2.2333 33.6142 -1.8461 -2.3952 33.4878 -1.5528 -2.4082 32.9466 -1.0413 -2.442 33.1182 -1.3034 -2.533 33.1449 -1.0325 -2.4209 33.7379 -1.537 -2.6804 32.9914 -0.5131 -2.4739 32.9272 -0.739 -3.1366 32.8413 -0.0009 -2.9056 32.9619 -0.2597 -3.199 33.2579 -0.2436 -2.957 33.1937 -0.4577 -3.3064 32.9347 0.0935 -3.3669 33.3684 -0.0277 -2.9648 32.4197 0.3431 -2.8417 32.6149 0.213 -2.259 32.3757 0.1516 -2.4979 32.7272 -0.1536 -2.7008 32.7336 0.0532 -2.4771 32.3482 0.3664 -2.5715 32.284 0.4245 -2.7063 32.1028 0.504 -2.4012 31.845 0.5359 -2.2765 31.9972 0.4058 -2.0686 32.1792 0.2054 -2.2389 31.7273 0.4919 -2.1093 31.8642 0.4094 -1.7949 31.6937 0.4921 -1.5971 31.4577 0.6358 -1.5368 31.6121 0.617 -1.8859 31.5666 0.5267 -1.5845 31.9233 0.2653 -1.9391 32.0861 0.2572 -1.6984 31.8018 0.4065 -1.8164 32.1203 0.0883 -1.3765 31.8091 0.4184 -1.2076 31.6569 0.7059 -1.1309 31.6969 0.5963 -1.4599 31.7265 0.5403 -0.9534 31.5179 0.9798 -0.9486 31.6115 0.8882 -1.2796 31.5201 0.7581 -0.7348 31.5456 1.0733 -1.0506 31.3124 1.0081 -0.5817 31.484 1.1097 -0.6964 31.2207 1.0436 -0.8621 31.0881 0.7927 -0.7613 30.921 0.6977 -0.3029 30.5706 0.6111 -2.0612 29.0612 -1.3358 -2.3571 29.1966 -1.5338 -2.2094 28.9979 -1.6189 -2.3645 29.5199 -1.4615 -2.3669 29.3492 -1.4948 -2.0527 29.3227 -1.3483 -2.8158 29.8733 -1.7134 -2.8069 30.2944 -1.589 -2.8718 30.0222 -1.852 -2.7172 30.1015 -1.5211 -2.8224 30.4722 -1.4959 -2.6961 30.3016 -1.4597 -2.6114 29.8647 -1.5107 -2.5968 30.1863 -1.4472 -1.8504 28.873 -1.4484 -2.0003 28.8789 -1.5485 -2.3495 29.0575 -1.9341 -2.2093 28.9924 -1.818 -2.3814 29.0892 -1.739 -2.4773 29.169 -1.817 -2.4812 29.2696 -1.6084 -2.6008 29.338 -1.6704 -2.5314 29.4802 -1.5318 -2.7886 29.6495 -1.9282 -2.8236 29.851 -2.1288 -2.6733 29.5574 -2.0985 -2.0869 28.9379 -1.6255 -1.9776 28.9492 -1.6783 -1.7874 29.0462 -1.7527 -2.5572 29.5396 -2.3023 -2.2833 29.2446 -2.1973 -2.5709 29.2994 -2.1379 -2.4718 29.1829 -2.0625 -2.8794 30.5484 -1.5866 -2.8608 30.4451 -1.6574 -2.8825 30.2241 -2.0649 -2.9389 30.4734 -1.9822 -2.7518 30.6357 -2.2455 -2.6668 30.3413 -2.4401 -2.6548 29.8373 -2.3791 -2.7113 31.1403 -2.1552 -2.4793 30.6602 -2.3885 -2.4855 30.176 -2.4389 -2.3419 30.5652 -2.3509 -2.2852 30.2885 -2.3135 -2.2616 30.5456 -2.3415 -1.9597 31.3604 -2.6763 -2.0646 30.9174 -2.5094 -2.2038 30.7512 -2.4026 -2.1994 30.9405 -2.473 -2.3197 30.7761 -2.404 -2.0088 31.123 -2.5662 -2.541 31.2136 -2.2924 -1.9851 31.3694 -2.6698 -2.1918 31.6179 -2.5217 -2.4717 31.8653 -2.3677 -2.3856 32.1658 -2.2845 -2.6595 32.1542 -2.2819 -2.6492 33.0357 -2.1538 -2.6063 32.7149 -2.1359 -2.9632 33.0866 -2.1145 -2.8543 32.6984 -2.1972 -3.6387 34.3649 -1.4323 -3.5591 33.7115 -1.3195 -3.6901 33.7649 -1.1339 -3.4391 34.2953 -1.6195 -3.8566 34.3989 -1.1404 -3.7724 34.403 -1.2688 -4.0079 34.3405 -0.8287 -3.9489 34.3726 -0.9749 -4.0303 34.0017 0.0934 -4.0253 34.0545 0.0086 -3.9119 33.6761 -0.2193 -2.926 30.782 -1.865 -2.9347 30.6158 -1.9085 -2.8338 30.8767 -2.045 -2.9409 32.0766 -2.2367 -3.0006 32.5662 -2.0605 -3.0955 33.2291 -1.9824 -3.0733 32.7261 -2.0068 -3.2356 32.9315 -1.9039 -3.7051 33.4117 -0.9906 -3.9097 33.7528 -0.4684 -3.8784 33.7832 -0.6656 -3.838 33.3948 -0.6537 -3.9413 33.5962 0.0256 -3.2288 32.2815 -1.9157 -3.3005 31.8501 -2.0594 -3.4848 32.4122 -1.8752 -3.5415 32.6701 -1.6352 -3.4012 33.179 -1.5669 -3.3143 33.0631 -1.7517 -3.5623 32.8511 -1.3907 -3.0604 31.0082 -1.9002 -2.8529 31.3909 -2.1305 -2.9049 31.0629 -2.0088 -3.1463 31.2476 -2.0114 -2.8451 31.7191 -2.2474 -3.2139 31.535 -2.0561 -3.6107 31.9836 -1.8657 -3.6787 32.1821 -1.7283 -3.6716 33.0363 -1.0589 -3.7287 32.6993 -1.1215 -3.7417 32.7991 -0.9394 -3.6192 32.9567 -1.2367 -3.7435 32.8694 -0.7619 -3.7169 33.0765 -0.9367 -3.7323 32.6463 -0.0738 -3.7831 32.805 -0.3669 -3.7896 32.7424 -0.2591 -3.8269 32.9529 -0.4471 -3.324 30.9767 -1.6338 -3.2361 30.9824 -1.741 -3.195 30.8128 -1.5227 -3.4511 31.1987 -1.7338 -3.5359 31.437 -1.694 -3.5412 31.3956 -1.7409 -3.4568 31.226 -1.676 -3.7427 32.0532 -1.5749 -3.7984 32.2414 -1.4259 -3.702 32.3933 -1.5197 -3.8695 32.6265 -0.7422 -3.8678 32.5646 -0.7455 -3.8111 32.7172 -0.3791 -3.1165 32.5188 -0.2924 -3.4672 32.429 -0.1002 -2.8804 32.4758 -0.9547 -3.342 32.6019 -0.852 -3.3747 32.5865 -0.9168 -3.0455 31.3151 -1.5689 -3.4128 31.2598 -1.6555 -3.2869 31.0697 -1.5528 -3.0948 31.47 -1.6697 -2.8445 32.247 -1.3293 -2.8963 32.28 -1.3722 -2.6187 31.9049 -1.5641 -2.6872 31.9833 -1.5332 -2.8386 31.926 -1.6001 -2.793 31.8176 -1.6089 -2.4646 31.9068 -1.401 -2.5118 31.9919 -1.4289 -2.514 31.7867 -1.5695 -2.7359 32.0864 -1.4895 -2.5487 32.0467 -1.4253 -2.6071 32.1512 -1.4059 -2.7915 32.4861 -0.8675 -2.8439 32.4766 -0.9571 -2.6573 32.4273 -0.9523 -2.3585 32.2039 -1.0706 -2.4966 32.2909 -1.1533 -2.4668 32.1832 -1.238 -2.4186 32.0883 -1.2368 -2.6406 32.2221 -1.3617 -2.2156 31.9058 -0.9227 -2.2866 32.1212 -0.9209 -2.2876 32.065 -0.9736 -2.2393 31.9965 -0.8118 -2.4352 31.6529 -1.4658 -2.6053 31.4568 -1.4853 -2.384 31.5831 -1.3564 -2.3408 31.8054 -1.2883 -2.2166 31.8125 -1.0415 -2.2358 31.6191 -0.9531 -2.2874 31.7891 -1.1985 -2.3636 32.1767 -0.4364 -2.5853 31.6284 0.483 -2.8465 31.9877 0.3833 -2.421 31.8631 -0.2493 -2.7206 32.0207 0.0246 -2.5485 32.0849 -0.2515 -2.5981 31.7189 -0.021 -2.3137 31.993 -0.4639 -2.2993 31.8732 -0.4764 -2.3346 31.7631 -0.327 -2.266 31.5538 -0.5807 -2.2388 31.4824 -0.7212 -2.3008 31.253 -0.5919 -2.5826 31.3581 -1.3792 -2.7771 31.0708 -1.3529 -2.6899 31.0566 -1.2583 -2.6093 31.0592 -1.1533 -2.5174 31.1029 -1.0451 -2.5964 31.0046 -0.9846 -3.2027 30.8815 -1.4146 -2.891 31.1567 -1.4736 -3.1089 30.76 -1.1727 -2.9725 30.6685 -1.3806 -2.9675 30.8668 -1.6984 -2.7375 30.4653 -1.3731 -2.7958 30.6342 -1.2543 -2.4469 31.0633 -0.9416 -2.5782 30.9677 -0.9538 -2.5633 30.8981 -0.9575 -2.2833 31.2193 -0.5644 -2.417 31.422 -0.264 -2.3772 31.329 -0.4361 -2.4429 31.58 -0.1097 -1.3412 31.3661 0.7767 -1.3035 31.2818 0.7693 -0.9658 31.1672 0.9531 -1.1616 31.0915 0.5634 -2.7584 30.7646 -0.9697 -2.5176 30.7493 -1.092 -2.6851 30.68 -1.1843 -1.7502 29.0563 -1.1798 -1.656 28.9599 -1.271 -1.508 29.056 -1.1262 -1.1018 29.3838 -0.5697 -1.3393 29.2307 -0.884 -1.0161 29.3659 -0.6419 -1.2754 29.2152 -0.8989 -0.5177 29.9032 -0.1153 -0.8868 29.6106 -0.2586 -0.7182 29.6281 -0.3084 -0.7079 29.8568 -0.043 -0.3011 30.1496 -0.0705 -0.4212 30.0888 0.0933 -0.1528 31.1341 0.8123 -0.2568 30.831 0.8318 -0.1757 30.9945 0.712 -0.1926 30.8297 0.6313 -0.2592 30.5958 0.6181 -0.2415 30.6384 0.5205 -0.1336 30.912 0.4198 -0.1662 30.7078 0.1137 -0.1183 31.0046 0.3388 -0.0783 31.3036 0.7784 -0.1311 31.3063 0.5375 -0.1574 31.5047 0.7985 -0.1096 31.2308 0.6441 -0.5773 31.5884 0.9827 -0.3659 31.5584 0.954 -0.502 31.5125 0.665 -0.6975 31.5289 0.5878 -0.8471 31.6307 0.7938 -0.6352 29.7679 -0.4812 -0.6788 29.6486 -0.358 -0.4772 29.9379 -0.1588 -1.105 29.3528 -1.0261 -0.8408 29.5574 -0.7294 -1.2369 29.2229 -0.944 -0.9755 29.3829 -0.694 -2.046 29.2654 -2.1529 -2.1316 29.3491 -2.2299 -2.2572 29.7732 -2.4724 -2.3966 29.647 -2.4085 -2.089 30.5959 -2.1121 -2.104 30.4363 -2.0734 -2.268 29.9932 -2.3474 -2.1145 30.1089 -2.0616 -2.2592 29.7783 -2.4678 -2.2739 29.8028 -2.4405 -2.0001 29.5042 -2.1939 -1.6776 29.2481 -1.7595 -1.8539 29.3422 -1.9899 -2.5365 32.7136 -2.0608 -2.3457 32.1548 -2.217 -2.4235 33.2609 -2.183 -2.537 33.0505 -2.0416 -1.7352 33.1881 -3.1184 -1.9318 33.2525 -2.8957 -1.7597 33.5295 -2.5303 -2.3154 33.336 -1.9961 -2.2306 33.3496 -2.4317 -2.4377 32.9139 -1.3833 -2.3545 32.7326 -1.1273 -2.4536 33.1368 -1.7045 -2.4859 33.0472 -1.9278 -2.5368 32.6929 -1.9739 -2.4276 32.5215 -1.5626 -2.3382 32.0425 -1.7749 -2.3732 32.1401 -2.0705 -1.9306 31.3454 -2.4423 -2.222 31.6556 -1.9918 -2.2397 31.4932 -1.6852 -2.2873 31.8819 -1.5017 -2.1092 30.9605 -2.0268 -2.0601 30.7713 -2.1735 -1.9766 31.0406 -2.3218 -2.294 32.3471 -1.24 -2.1708 32.1466 -1.0652 -2.211 31.6498 -1.2893 -2.2041 31.3004 -1.4737 -2.1743 30.8421 -1.654 -2.1453 30.8848 -1.8141 -2.1178 30.3891 -1.9288 -0.9525 30.9111 -0.0186 -0.6112 31.3154 0.3782 -0.5092 31.0559 0.2476 -1.0786 31.6024 0.3745 -1.1127 31.2475 0.0381 -2.0714 32.3308 -0.5905 -1.9054 32.2287 -0.2707 -1.8584 31.9156 -0.2883 -2.1466 32.5268 -0.5006 -1.7222 31.8113 -0.199 -1.5297 31.6707 -0.0504 -1.6357 31.494 -0.0706 -2.2212 32.5697 -0.8737 -2.0906 31.9584 -0.8613 -2.039 31.9815 -0.6356 -2.0825 31.7151 -0.6429 -2.0877 31.5123 -0.8454 -0.9348 30.683 -0.0345 -0.9886 30.6978 -0.0764 -0.9407 30.5081 -0.1023 -0.9845 30.7035 -0.0912 -0.8629 30.5491 -0.1999 -0.9062 30.743 -0.0929 -1.4237 29.9747 -0.7364 -1.3952 29.9981 -0.8725 -1.2585 30.0734 -0.5298 -1.8287 29.9915 -1.3016 -1.9857 30.0837 -1.2379 -1.815 29.9645 -1.1044 -1.9224 30.0923 -1.3295 -1.7166 29.6771 -1.5753 -1.9544 29.8245 -1.8145 -1.9138 30.0764 -1.4413 -2.0475 30.3761 -1.3225 -2.0804 30.3831 -1.5201 -2.0699 31.024 -0.8592 -2.1233 31.1833 -0.4942 -2.1069 30.9894 -0.7404 -2.1064 31.2746 -0.5677 -2.057 31.4434 -0.3241 -1.9026 31.5307 -0.1048 -1.5279 31.2922 0.4961 -1.6108 31.3352 0.5907 -2.3817 31.2986 -0.0603 -2.294 31.2281 -0.286 -2.2435 31.2371 -0.2703 -2.205 31.0355 -0.7248 -2.2504 30.8061 -1.0089 -2.0556 30.0356 -1.2299 -2.3384 29.8881 -1.4005 -2.2287 29.7718 -1.3526 -1.5421 31.2641 0.1833 -1.5577 31.2664 0.3241 -1.799 31.3366 0.2614 -1.7568 31.4052 0.1063 -1.9664 31.398 -0.0214 -1.9964 31.347 0.1275 -2.1175 31.3082 -0.2745 -2.1171 30.7837 -1.0286 -1.8439 29.8676 -1.1228 -1.1229 30.9931 0.2667 -1.2482 31.0746 0.2827 -1.4145 35.6563 -3.4296 -1.7433 35.8766 -2.8358 -1.7692 36.0789 -3.0582 -2.4144 36.6925 -2.7541 -2.0288 36.5533 -2.9966 -2.2333 36.6504 -2.9086 -1.7257 35.9895 -3.0921 -1.3779 35.2848 -3.1622 -1.2348 35.1969 -3.2842 -0.858 30.4347 0.0141 -0.8628 30.5907 0.1393 -1.6704 29.9385 -0.9801 -1.6522 29.8343 -0.9877 -2.084 30.3718 -1.2629 -2.1925 30.3323 -1.2764 -1.6849 29.4665 -1.1081 -1.5425 29.4881 -0.9975 -2.4081 30.2456 -1.3492 -1.8341 31.3115 0.3283 -2.1184 31.3443 -1.0638 -2.1291 30.6153 -1.1597 -2.1096 30.6364 -1.2222 -1.2165 29.7518 -1.0193 -1.0043 29.8504 -0.7779 -0.8412 30.0729 -0.5334 -1.0783 30.1725 -0.3186 -0.9668 30.3411 -0.1775 -0.9829 30.8487 -0.0118 -2.1036 30.267 -1.8156 -2.1214 30.4088 -1.7939 -1.3197 31.5146 0.0384 -1.8377 32.1175 -0.1563 -0.839 30.2977 -0.3217 -0.6464 29.8144 -0.5059 -0.3783 30.3293 -0.1227 -1.902 31.1016 -2.5037 -2.3068 32.7564 -0.7893 -2.0962 33.301 -2.6477 -1.795 33.3863 -2.7854 -0.1864 30.7051 0.0869 -0.4278 30.7123 0.0527 -1.6091 29.1112 -1.1156 -1.9165 29.036 -1.2742 -2.4594 30.5462 -1.2255 -0.7425 29.8784 -0.0407 -0.5757 30.1437 0.182 -0.7816 30.0349 -0.0744 -0.6754 30.2658 0.1238 -2.5532 31.3847 0.0537 -0.5386 30.1189 0.1761 -2.7851 30.8007 -0.967 -2.9647 30.7257 -1.0424 -2.9048 30.6985 -1.109 -3.0765 30.6735 -1.2274 -2.6389 30.4937 -1.2972 -2.3533 31.7365 -0.3108 -3.1911 32.2488 0.1337 -3.087 32.3052 0.2343 -2.2724 32.1136 -0.7477 -2.239 31.7414 -0.6603 -2.2525 31.8011 -0.6097 -2.6986 31.6123 -1.578 -2.3741 31.8571 -1.3602 -2.3739 32.0577 -1.2052 -2.3531 32.029 -1.1497 -2.2913 32.1732 -0.8908 -2.3171 32.2334 -0.6886 -2.389 32.3027 -0.8968 -2.3282 32.2271 -0.8674 -2.467 32.3457 -0.7096 -2.702 32.352 -1.2055 -2.6895 32.2878 -1.2859 -2.4375 32.3296 -0.9501 -2.4918 32.3328 -1.0364 -2.4968 32.3192 -1.0873 -2.5867 32.421 -0.8294 -2.7487 32.464 -0.699 -2.6952 32.4029 -1.0937 -2.7542 31.7015 -1.5996 -2.8661 32.1598 -1.4722 -2.7709 32.1566 -1.4319 -2.762 31.5707 -1.5599 -2.7915 31.6792 -1.5937 -3.2693 31.9484 -1.6705 -2.8956 32.0475 -1.5529 -3.3118 32.1238 -1.5853 -2.9008 32.1508 -1.4763 -3.201 32.5834 -0.4201 -2.7717 32.4691 -0.6807 -2.905 32.3688 -0.1222 -3.8018 32.5776 -0.4406 -3.7057 32.5092 -0.2359 -3.8605 32.4242 -1.1838 -3.7152 32.584 -1.2808 -3.8135 32.951 -0.5082 -3.818 33.1678 -0.7052 -3.7624 33.117 -0.8146 -3.5294 31.7122 -1.9232 -3.3366 31.1873 -1.8605 -3.4263 31.4098 -1.9138 -3.595 33.3297 -1.2619 -3.4961 33.2679 -1.4085 -3.6498 33.3705 -1.1263 -3.4376 33.6656 -1.4496 -2.5316 31.7824 -2.2331 -2.7485 31.4358 -2.1921 -2.5023 31.4581 -2.1981 -3.1686 34.1037 -1.8672 -3.0958 34.0276 -1.9457 -3.346 33.5724 -1.5734 -2.4216 31.5578 -2.4029 -1.9086 31.0911 -2.5146 -2.0742 29.0369 -1.8994 -1.9159 29.1448 -1.946 -2.586 29.2905 -1.9363 -2.692 29.4601 -1.7676 -2.7445 29.7358 -1.6282 -2.643 29.5636 -1.5608 -1.9162 32.1782 0.0027 -1.7381 32.0166 -0.0736 -2.1217 31.6528 0.4975 -2.5954 34.1338 -1.6 -2.5591 34.0455 -1.5851 -2.4113 34.3401 -1.8218 -2.2591 33.8612 -1.7873 -2.3119 34.0833 -1.7785 -2.3314 34.6891 -2.0458 -2.9168 34.0686 -1.3724 -2.9614 33.914 -1.1879 -2.8423 33.9634 -1.3168 -3.4227 33.7167 -0.2229 -3.1142 33.8749 -0.946 -3.5201 33.585 0.1967 -3.68 33.6764 0.5883 -3.8164 34.4055 0.1594 -3.9046 34.5887 0.7157 -3.9916 35.0227 0.744 -3.8856 34.6168 0.9351 -3.9211 34.8311 0.9706 -3.9007 34.6393 1.1051 -2.6027 34.6577 -1.9994 -2.9864 34.673 -1.8798 -2.6638 34.5124 -1.8813 -3.2574 34.3724 -1.4591 -3.1295 34.1694 -1.3314 -3.0431 34.1865 -1.4076 -3.4404 34.3932 -1.272 -3.3776 34.3734 -1.3254 -3.5848 34.5552 -1.1718 -3.5362 34.4717 -1.1923 -3.666 34.6919 -1.1362 -3.0744 35.0917 -2.0371 -3.259 34.6394 -1.6868 -3.2342 34.7897 -1.8097 -3.2302 34.8434 -1.8363 -3.2388 34.7166 -1.759 -2.8158 34.3277 -1.6675 -1.9269 35.3459 -2.358 -1.9022 35.3243 -2.4271 -1.8576 35.3796 -2.5058 -1.8474 35.3587 -2.4295 -1.9259 35.431 -2.3477 -1.726 35.6038 -2.6028 -1.65 35.7366 -2.8049 -1.6303 35.6581 -2.8967 -2.4873 36.4866 -2.5946 -2.9685 36.7383 -2.4958 -4.1414 36.339 -1.1248 -4.0772 36.2965 -1.1192 -4.1779 35.1926 0.6009 -3.3699 32.4096 0.0908 -2.1192 34.6886 -2.1773 -1.673 33.3033 -3.1276 -1.3969 34.0938 -3.3726 -1.6869 34.2519 -2.7988 -1.3443 34.4685 -3.1252 -1.2569 34.4187 -3.2691 -1.1978 34.7077 -3.2275 -1.3544 34.96 -3.0284 -1.3285 34.8352 -3.0774 -1.2609 34.7858 -3.1255 -2.6481 33.79 -2.7236 -1.2084 34.4889 -4.0488 -1.7063 34.828 -3.9599 -1.5709 34.6122 -4.022 -2.7632 36.1805 -2.8801 -3.1598 36.3079 -2.6103 -2.6522 36.4856 -2.9734 -4.1917 34.5887 -0.06 -4.1338 34.4261 0.2541 -4.3177 34.8143 0.6452 -4.502 35.0617 0.2552 -4.1196 34.1859 0.5506 -4.0388 33.8849 0.2642 -4.2261 34.2651 0.9933 -4.1563 34.1476 0.9642 -4.399 36.1033 -1.3686 -4.013 36.6381 -1.7631 -4.3563 36.2691 -1.2814 -4.3052 34.6607 0.8643 -4.2335 34.8132 0.9856 -4.0024 33.1766 0.2125 -3.9554 33.1747 0.436 -3.9921 33.3385 0.2045 -3.9136 32.956 0.3728 -3.8901 32.9793 -0.0905 -4.1062 34.3962 1.1859 -3.9739 34.1378 1.0593 -3.9628 34.4374 1.1793 -3.9626 34.1011 1.0031 -0.83 31.1777 1.1024 -0.9586 31.1738 1.0629 -0.9738 31.2573 1.0903 -3.4853 36.8127 -2.371 -1.058 35.0184 -3.8832 -1.0625 34.9748 -3.6648 -2.4863 36.4382 -3.0299 -1.4224 35.6449 -3.9387 -1.5401 35.7961 -3.8293 -1.7216 35.5005 -3.8586 -1.3382 35.6774 -3.9554 -1.4725 35.816 -3.8169 -1.219 35.4706 -4.1115 -1.2765 35.4666 -4.1137 -2.0284 36.5438 -3.0044 -1.9183 36.4321 -3.259 -1.5849 35.8162 -3.2292 -1.6303 35.7281 -2.9011 -1.6227 35.9415 -3.6489 -1.6995 35.8938 -3.6407 -1.0453 34.8467 -4.1726 -3.458 31.4753 -1.6758 -3.2382 30.8434 -1.4559 -3.3316 31.0179 -1.5803 -2.7888 30.8433 -0.9785 -3.8702 32.5429 -0.8568 -2.7609 32.4672 -0.6884 -2.8633 31.9131 -1.5932 -2.8583 32.0572 -1.5531 -2.8811 32.0513 -1.5512 -2.886 32.1525 -1.4756 -2.9146 32.27 -1.3693 -2.3622 31.3194 -0.4472 -4.3879 36.039 -1.3915 -4.6313 35.7403 -0.9295 -1.9121 35.9951 -3.5071 -1.8935 36.0282 -3.52 -1.5309 33.8294 -3.6872 -1.5886 33.5291 -3.5154 -1.5393 33.7856 -3.6621 -4.1559 36.3407 -1.1326 -4.1714 36.3311 -1.1506 -3.9795 34.6189 1.1547 -0.9817 34.5215 -3.7307 -0.978 30.8845 -0.019 -0.1736 31.5222 0.8076 -0.165 31.5108 0.8082 -0.1757 31.5201 0.7952 -1.651 29.1409 -1.1234 -1.6537 29.1133 -1.123 -1.6254 29.1572 -1.101 -1.4639 29.0568 -1.1678 -1.7716 34.3322 -2.7495 -1.7525 34.3565 -2.7732 -3.9491 34.4556 1.1895 -4.0865 35.0467 0.8296 -4.329 36.0464 -0.6642 -2.3988 36.6876 -2.7205 -2.4008 36.6804 -2.7143 -2.8884 32.0494 -1.5506 -2.8886 32.0534 -1.5476 -2.8887 32.0554 -1.5461 -2.579 31.3649 -1.3809 -2.3105 31.4687 -0.5377 -2.3161 31.6259 -0.4463 -1.1064 29.3994 -1.051 -4.6201 35.6788 -0.9574 -4.347 35.8876 -1.361 -3.2251 33.5621 -0.4617 -2.2533 31.4034 -0.8876 -4.5958 35.1954 -0.421 -1.6777 34.854 -4.0107 -1.1572 35.0714 -4.1665 -1.455 29.6605 -1.3263 -2.1218 34.6903 -2.1731 -2.3506 31.7416 -0.316 -2.3188 31.6211 -0.4409 -2.4172 31.8665 -0.2551 -2.6324 32.362 -0.5092 -2.7659 32.4676 -0.6843 -2.9144 32.4293 -1.0892 -2.9322 32.3568 -1.2181 -2.9217 32.2673 -1.3683 -2.8934 32.1508 -1.4748 -2.8704 31.9107 -1.5916 -2.8776 31.909 -1.5937 -2.8277 31.7985 -1.6044 -2.8208 31.8011 -1.6024 -2.7845 31.6816 -1.5916 -2.7553 31.5741 -1.5584 -2.6631 31.4144 -1.4653 -2.6687 31.409 -1.4658 -1.0867 35.0769 -4.1526 -1.0978 35.0779 -4.163 -1.208 35.4702 -4.1018 -1.1537 35.2543 -4.1241 -1.1434 35.2543 -4.1124 -1.4597 35.8167 -3.8055 -1.3266 35.6778 -3.9476 -1.7363 36.1182 -3.4753 -1.7497 36.1184 -3.4889 -1.608 35.9421 -3.6365 -1.8399 36.2798 -3.385 -1.8279 36.2797 -3.3724 -0.8476 29.6031 -0.7551 -0.9186 29.6343 -0.2563 -1.1294 29.412 -0.5615 -1.3669 29.2667 -0.8753 -0.1453 31.3135 0.5236 -0.1448 31.0098 0.313 -1.0026 34.7409 -3.6796 -3.8844 36.6646 -1.6728 -4.1386 34.1784 1.0307 -1.723 35.0765 -4.0045 -1.6925 35.2203 -4.0102 -1.9945 36.1799 -3.4213 -2.4566 36.5003 -3.0146 -4.6935 35.4308 -0.6406 -4.3079 34.6226 0.8025 -4.2641 34.3988 0.9095 -4.2134 34.2915 1.0578 -4.2595 34.438 0.9677 -2.3457 31.7465 -0.3196 -2.3134 31.4694 -0.5291 -2.8138 31.8038 -1.604 -2.7773 31.6834 -1.593 -2.7481 31.5765 -1.5597 -3.7645 32.5593 -0.4675 -3.6656 32.4995 -0.2782 -3.8306 32.5511 -0.7538 -3.847 32.4081 -1.1643 -3.7798 32.2248 -1.4061 -3.7173 32.0378 -1.5505 -2.9504 30.7765 -1.0415 -3.1278 30.706 -1.1836 -2.1064 35.3727 -3.4763 -1.2031 35.2498 -4.1319 -2.1932 35.6337 -3.3239 -4.3726 35.0807 0.6011 -4.4741 35.2259 0.3936 -4.144 34.5752 1.1486 -4.5691 35.9465 -0.7747 -3.6912 32.9777 0.498 -4.1407 34.3019 0.3994 -4.0403 34.19 -0.2901 -4.2604 34.7341 -0.5034 -4.2368 34.8153 -0.7943 -4.0399 34.278 -0.5841 -4.5433 35.2719 -0.6965 -3.5784 36.0385 -2.1536 -4.0134 36.0102 -1.7756 -3.2266 35.9244 -2.433 -2.8504 35.8158 -2.6818 -2.5587 35.6225 -2.883 -2.3414 35.375 -3.0945 -4.421 35.3597 -1.0162 -3.9425 35.4905 -1.6673 -4.2197 35.4437 -1.349 -3.5933 35.4734 -1.9666 -3.3102 35.3857 -2.2382 -3.0175 35.2493 -2.4479 -2.7912 35.0988 -2.6255 -2.2161 35.1459 -3.2782 -2.6162 34.9303 -2.7841 -2.4928 34.7202 -2.9356 -2.8724 34.484 -2.4154 -2.7874 34.3097 -2.5144 -3.1476 34.7364 -2.1564 -3.0041 34.6332 -2.2788 -3.6283 34.9297 -1.7293 -3.3722 34.8572 -1.9883 -4.0199 34.9228 -1.2533 -3.8634 34.9361 -1.4727 -4.1414 34.8768 -1.0323 -3.2538 34.191 -1.777 -2.7011 34.0658 -2.6488 -3.0409 33.9215 -2.0472 -2.981 33.7522 -2.1592 -2.8924 33.5617 -2.2788 -1.576 34.8552 -2.8854 -1.5971 35.0777 -2.8735 -3.282 34.1632 -1.1883 -3.3034 33.9461 -0.7913 -3.3997 34.2093 -1.0636 -2.736 35.938 -2.3743 -3.3874 36.1615 -2.0573 -3.0586 36.1255 -2.2941 -3.6919 36.0755 -1.6846 -3.9052 35.8088 -1.253 -3.3603 34.5698 -1.5336 -2.9858 34.9033 -2.0061 -3.08 34.5003 -1.6946 -2.968 34.7906 -1.9667 -2.6021 35.0715 -2.2026 -2.7351 35.3193 -2.242 -2.9741 35.5268 -2.2178 -3.1806 35.614 -2.1406 -3.627 35.6056 -1.7299 -3.4262 35.645 -1.982 -3.7911 35.4456 -1.3828 -3.8074 34.7655 -0.8228 -3.8633 34.9734 -0.9288 -3.7236 34.6035 -0.7942 -3.6438 34.4313 -0.83 -3.5189 34.2795 -0.935 -2.5848 34.8627 -2.1219 -3.8866 34.8018 -0.3646 -3.9675 35.0961 -0.5057 -3.7728 34.5204 -0.3711 -3.4664 34.0566 -0.5843 -2.2853 32.6157 -0.3819 -2.0412 32.3227 -0.1195 -1.5223 31.841 0.0943 -1.7272 29.2078 -1.1773 -2.4902 29.6612 -1.5011 -2.1842 29.1273 -2.0592 -3.195 33.3589 -1.8337 -3.2773 33.4716 -1.6822 -3.2813 32.6263 -0.6369 -2.82 32.4882 -0.8553 -3.3769 32.5153 -1.1044 -3.3813 32.4078 -1.2852 -2.9215 32.4311 -1.0885 -2.9396 32.3579 -1.2187 -3.3476 32.2723 -1.4636 -2.9291 32.2675 -1.3699 -3.2204 31.7853 -1.7049 -3.1536 31.6242 -1.698 -2.3118 32.0129 -1.0636 -2.2238 31.6719 -0.8191 -1.9185 31.3804 0.4576 -0.8107 30.7657 0.4085 -0.9842 30.9318 0.4898 -0.6926 30.5007 0.2761 -1.9641 29.582 -1.2506 -1.3303 29.5394 -0.7982 -1.139 29.6678 -0.5613 -0.9326 29.8478 -0.2863 -1.3106 31.7003 0.2317 -2.1479 31.0401 -1.2725 -2.1457 30.7137 -1.4308 -1.6403 29.9606 -1.1327 -2.1063 30.8035 -1.08 -2.2483 30.6242 -1.1663 -1.3909 29.8467 -0.7355 -1.2044 29.9132 -0.5284 -1.042 30.0601 -0.3125 -0.9045 30.2322 -0.141 -0.9413 30.8123 0.2117 -2.6567 31.4185 -1.4671'/>
          </IndexedFaceSet>
        </Shape>
        <Shape DEF='sacrum'>
          <Appearance>
            <PhysicalMaterial baseColor='1 0.9765 0.8667' metallic='0' roughness='0.72'/>
          </Appearance>
          <IndexedFaceSet DEF='sacrum_Geo' coordIndex='0 1 2 -1 3 4 5 -1 3 6 4 -1 7 8 9 -1 10 11 12 -1 13 14 15 -1 16 17 18 -1 19 20 21 -1 22 23 24 -1 25 26 27 -1 28 29 30 -1 31 32 33 -1 34 35 36 -1 37 38 39 -1 37 40 38 -1 40 41 42 -1 42 43 40 -1 44 45 46 -1 42 41 47 -1 48 49 50 -1 50 51 52 -1 50 44 51 -1 53 54 55 -1 50 56 47 -1 57 58 37 -1 37 59 60 -1 60 57 37 -1 61 62 58 -1 62 63 64 -1 62 65 63 -1 66 67 68 -1 68 69 66 -1 70 71 72 -1 71 73 72 -1 74 75 76 -1 77 78 79 -1 79 80 77 -1 79 81 82 -1 82 80 79 -1 83 84 81 -1 83 85 84 -1 86 87 88 -1 87 89 88 -1 90 91 92 -1 92 93 90 -1 70 94 95 -1 70 96 94 -1 97 68 98 -1 69 99 100 -1 99 101 100 -1 66 102 103 -1 104 105 106 -1 106 107 104 -1 108 109 110 -1 108 111 109 -1 112 113 114 -1 112 115 113 -1 116 117 118 -1 116 119 117 -1 120 121 122 -1 123 124 125 -1 125 126 123 -1 127 128 122 -1 129 130 131 -1 129 132 130 -1 130 133 134 -1 133 135 134 -1 135 136 137 -1 138 139 136 -1 140 138 133 -1 133 141 140 -1 142 143 144 -1 142 145 143 -1 146 147 148 -1 148 149 146 -1 150 151 152 -1 153 154 155 -1 156 157 158 -1 159 160 161 -1 161 156 159 -1 162 163 164 -1 164 165 162 -1 166 167 168 -1 169 170 171 -1 172 1 0 -1 173 174 175 -1 176 177 178 -1 179 180 181 -1 182 183 184 -1 184 185 182 -1 186 187 188 -1 186 189 187 -1 182 190 191 -1 192 193 194 -1 192 195 193 -1 195 196 193 -1 195 197 196 -1 198 199 200 -1 201 202 203 -1 202 204 203 -1 205 206 207 -1 208 209 210 -1 208 211 209 -1 212 213 214 -1 215 216 217 -1 217 218 215 -1 219 217 220 -1 220 221 222 -1 220 223 221 -1 221 224 225 -1 225 226 221 -1 227 228 229 -1 230 231 232 -1 232 233 230 -1 170 234 235 -1 236 237 238 -1 238 233 236 -1 186 188 239 -1 240 241 242 -1 243 225 237 -1 244 236 245 -1 236 246 245 -1 240 247 248 -1 249 250 251 -1 252 253 254 -1 254 255 252 -1 255 256 252 -1 255 257 258 -1 255 259 260 -1 250 261 262 -1 250 249 261 -1 250 263 264 -1 250 262 263 -1 265 266 267 -1 261 268 269 -1 269 262 261 -1 188 270 271 -1 188 187 270 -1 272 273 274 -1 269 207 263 -1 263 262 269 -1 275 276 277 -1 275 268 276 -1 278 279 280 -1 279 281 280 -1 282 283 284 -1 282 285 283 -1 286 287 288 -1 289 36 35 -1 85 290 84 -1 134 291 292 -1 293 294 295 -1 295 296 293 -1 297 298 299 -1 299 300 297 -1 301 302 303 -1 303 304 301 -1 305 306 307 -1 306 308 307 -1 309 310 311 -1 310 312 311 -1 313 314 315 -1 313 316 314 -1 317 318 319 -1 317 320 318 -1 204 317 321 -1 322 323 324 -1 322 325 323 -1 326 327 328 -1 328 329 326 -1 330 331 332 -1 332 326 330 -1 333 334 335 -1 336 337 338 -1 339 340 341 -1 339 342 340 -1 343 344 345 -1 344 346 345 -1 346 347 348 -1 349 350 351 -1 351 352 349 -1 353 354 355 -1 356 357 358 -1 356 359 357 -1 360 361 362 -1 361 363 362 -1 364 365 366 -1 367 368 369 -1 367 365 368 -1 370 371 372 -1 372 369 370 -1 370 373 371 -1 374 375 376 -1 375 377 376 -1 378 375 379 -1 378 360 375 -1 380 381 382 -1 382 383 380 -1 384 381 385 -1 384 386 381 -1 387 388 389 -1 389 390 387 -1 351 391 392 -1 391 393 392 -1 394 395 396 -1 396 397 394 -1 398 399 400 -1 400 401 398 -1 402 403 404 -1 405 406 407 -1 405 408 406 -1 409 410 411 -1 411 412 409 -1 412 413 414 -1 411 415 354 -1 416 417 418 -1 389 419 420 -1 389 388 419 -1 420 421 422 -1 363 361 423 -1 361 424 423 -1 425 426 427 -1 428 429 430 -1 431 432 433 -1 433 434 431 -1 204 435 203 -1 204 321 435 -1 436 437 438 -1 439 440 441 -1 441 102 439 -1 442 443 444 -1 443 445 444 -1 446 447 448 -1 449 423 424 -1 449 450 423 -1 451 452 453 -1 454 455 423 -1 454 456 455 -1 457 458 459 -1 459 460 457 -1 461 462 463 -1 462 464 463 -1 406 465 466 -1 406 467 465 -1 406 468 467 -1 469 470 460 -1 470 457 460 -1 471 472 473 -1 473 474 471 -1 475 147 146 -1 476 477 478 -1 146 479 480 -1 480 475 146 -1 88 89 481 -1 89 75 481 -1 84 482 483 -1 484 485 477 -1 485 153 477 -1 485 486 154 -1 154 153 485 -1 478 487 488 -1 90 489 490 -1 491 478 492 -1 491 487 478 -1 87 86 493 -1 493 91 87 -1 492 153 155 -1 494 495 496 -1 494 482 495 -1 453 497 82 -1 82 483 453 -1 498 499 80 -1 499 77 80 -1 500 493 86 -1 92 91 493 -1 493 495 92 -1 420 501 421 -1 339 341 502 -1 502 503 339 -1 504 337 336 -1 336 505 504 -1 506 502 343 -1 502 507 343 -1 508 509 510 -1 510 511 508 -1 501 512 513 -1 388 372 371 -1 512 419 337 -1 419 338 337 -1 503 502 514 -1 502 515 514 -1 516 517 518 -1 519 444 520 -1 444 521 520 -1 451 494 522 -1 451 453 494 -1 523 524 525 -1 523 526 524 -1 527 499 498 -1 498 528 527 -1 529 518 499 -1 499 527 529 -1 530 531 532 -1 532 533 530 -1 533 534 535 -1 533 536 534 -1 532 537 538 -1 532 531 537 -1 539 540 541 -1 541 542 539 -1 543 544 545 -1 543 546 544 -1 547 548 549 -1 550 551 535 -1 552 553 554 -1 554 555 552 -1 556 557 558 -1 559 560 561 -1 560 562 561 -1 563 564 565 -1 566 567 568 -1 568 569 566 -1 570 571 140 -1 571 572 140 -1 573 141 565 -1 141 563 565 -1 141 132 563 -1 574 575 576 -1 575 439 576 -1 568 556 577 -1 215 125 124 -1 124 213 215 -1 113 123 119 -1 223 578 579 -1 580 581 582 -1 583 584 585 -1 583 586 584 -1 582 284 580 -1 284 283 580 -1 587 588 585 -1 589 590 591 -1 592 593 594 -1 593 595 594 -1 594 596 597 -1 594 595 596 -1 598 599 600 -1 601 602 231 -1 602 232 231 -1 602 234 232 -1 603 245 246 -1 246 170 603 -1 174 178 598 -1 598 604 174 -1 605 606 607 -1 605 608 606 -1 609 610 611 -1 172 606 608 -1 612 613 614 -1 614 609 612 -1 615 166 600 -1 601 465 616 -1 457 617 618 -1 619 230 228 -1 465 620 616 -1 465 463 620 -1 592 594 621 -1 622 623 335 -1 624 405 625 -1 333 623 626 -1 333 335 623 -1 365 416 368 -1 619 409 407 -1 359 627 357 -1 628 573 565 -1 629 630 631 -1 631 632 629 -1 254 253 633 -1 462 461 634 -1 461 635 634 -1 636 458 462 -1 636 459 458 -1 637 445 586 -1 637 638 445 -1 445 639 586 -1 640 641 642 -1 642 643 640 -1 644 645 646 -1 646 647 644 -1 648 649 650 -1 643 642 634 -1 634 651 643 -1 644 652 653 -1 644 654 652 -1 655 638 637 -1 656 657 655 -1 655 637 656 -1 658 659 646 -1 646 645 658 -1 658 653 660 -1 658 645 653 -1 661 461 463 -1 662 324 663 -1 664 665 666 -1 350 662 663 -1 667 664 668 -1 667 665 664 -1 322 324 662 -1 662 669 322 -1 670 318 671 -1 670 672 318 -1 349 673 350 -1 674 675 663 -1 676 400 677 -1 678 391 675 -1 675 679 678 -1 680 681 682 -1 682 683 680 -1 684 603 685 -1 603 169 685 -1 686 598 687 -1 686 599 598 -1 677 688 689 -1 690 691 692 -1 691 674 692 -1 693 694 695 -1 694 696 695 -1 697 698 699 -1 697 700 698 -1 701 702 703 -1 702 704 703 -1 696 705 706 -1 696 694 705 -1 707 708 709 -1 707 710 708 -1 711 712 713 -1 711 714 712 -1 715 680 699 -1 402 716 717 -1 718 692 719 -1 718 720 692 -1 689 721 717 -1 717 716 689 -1 708 722 588 -1 723 724 725 -1 725 726 723 -1 580 727 713 -1 713 712 580 -1 728 729 705 -1 729 706 705 -1 730 731 258 -1 248 732 258 -1 258 731 248 -1 260 259 733 -1 733 734 260 -1 673 669 350 -1 669 662 350 -1 200 436 198 -1 200 437 436 -1 735 736 433 -1 431 737 738 -1 431 434 737 -1 739 740 741 -1 742 743 744 -1 744 268 742 -1 744 743 741 -1 745 746 747 -1 745 748 746 -1 749 30 29 -1 600 171 750 -1 600 599 171 -1 751 272 752 -1 753 754 286 -1 753 27 755 -1 755 754 753 -1 756 28 757 -1 28 30 757 -1 758 580 283 -1 758 727 580 -1 285 759 760 -1 758 761 762 -1 758 763 761 -1 764 753 765 -1 764 766 753 -1 767 768 751 -1 767 769 768 -1 770 771 772 -1 771 773 772 -1 774 775 776 -1 774 777 775 -1 778 187 189 -1 189 185 778 -1 776 25 766 -1 776 289 25 -1 758 760 763 -1 194 771 770 -1 770 192 194 -1 779 780 781 -1 782 783 779 -1 780 54 784 -1 780 785 54 -1 786 54 785 -1 787 788 789 -1 789 781 787 -1 790 791 792 -1 790 793 791 -1 794 795 796 -1 794 797 795 -1 798 799 800 -1 799 801 802 -1 799 803 801 -1 804 805 806 -1 806 807 804 -1 794 808 809 -1 794 810 808 -1 811 812 813 -1 814 815 816 -1 814 817 815 -1 818 819 820 -1 821 822 823 -1 824 825 826 -1 827 828 829 -1 828 830 831 -1 828 832 830 -1 833 834 831 -1 835 836 837 -1 838 839 840 -1 841 842 843 -1 842 838 843 -1 844 845 833 -1 846 847 848 -1 846 849 847 -1 837 846 835 -1 846 824 835 -1 850 851 852 -1 853 854 847 -1 847 849 853 -1 855 856 473 -1 856 857 858 -1 806 805 859 -1 805 860 859 -1 861 862 863 -1 861 864 862 -1 865 866 867 -1 868 866 869 -1 870 871 872 -1 873 874 875 -1 873 876 874 -1 877 878 879 -1 880 881 882 -1 882 883 880 -1 883 884 885 -1 882 886 887 -1 882 881 886 -1 888 889 890 -1 890 891 888 -1 892 893 894 -1 894 895 892 -1 896 897 898 -1 897 899 900 -1 897 901 899 -1 902 903 904 -1 902 905 903 -1 906 903 907 -1 908 909 910 -1 908 911 909 -1 912 913 914 -1 912 915 913 -1 858 474 856 -1 916 917 918 -1 919 920 921 -1 105 922 923 -1 924 925 926 -1 927 928 929 -1 929 930 927 -1 930 906 907 -1 929 931 932 -1 931 933 934 -1 933 935 934 -1 934 936 937 -1 850 936 851 -1 938 939 940 -1 941 942 943 -1 942 944 943 -1 944 840 839 -1 944 942 840 -1 945 946 947 -1 946 906 947 -1 948 949 950 -1 951 952 953 -1 953 954 951 -1 955 956 957 -1 956 958 959 -1 956 955 958 -1 960 961 962 -1 961 963 962 -1 964 962 965 -1 964 960 962 -1 966 967 968 -1 966 969 967 -1 970 971 972 -1 970 973 971 -1 874 974 875 -1 974 975 875 -1 976 875 975 -1 975 977 976 -1 978 979 980 -1 978 981 979 -1 982 983 984 -1 983 985 984 -1 986 987 988 -1 872 989 990 -1 989 991 990 -1 992 993 994 -1 992 995 993 -1 993 996 997 -1 993 995 996 -1 998 999 1000 -1 998 1001 999 -1 1002 1003 1004 -1 1002 1005 1003 -1 1005 1006 1007 -1 1003 833 1008 -1 1003 1007 833 -1 1009 1010 1011 -1 1011 1012 1009 -1 1011 1013 1012 -1 1014 1015 1016 -1 1017 1018 1019 -1 1020 1003 1021 -1 1020 1004 1003 -1 939 1001 940 -1 1022 1023 1024 -1 1024 1025 1022 -1 1026 1023 1022 -1 1026 1027 1023 -1 1028 1029 1030 -1 1031 1032 823 -1 1033 977 975 -1 1033 1034 1035 -1 1035 1036 1033 -1 1037 1038 1039 -1 1038 1040 1039 -1 347 1041 1042 -1 347 1043 1041 -1 1044 1045 1046 -1 1044 1047 1045 -1 1048 1049 1050 -1 1049 1051 1050 -1 1052 1053 1054 -1 1055 1056 1053 -1 347 1057 1058 -1 1059 1050 1060 -1 1059 1048 1050 -1 1061 1062 1063 -1 1064 1065 1061 -1 383 1066 1067 -1 1067 1068 383 -1 1069 1070 1066 -1 1070 1071 1072 -1 1070 1069 1071 -1 1073 1074 1075 -1 1074 1076 1075 -1 1077 1078 1079 -1 1079 1080 1077 -1 1081 1082 1083 -1 1081 1084 1082 -1 1085 1086 1087 -1 1086 1088 1087 -1 1089 1090 1091 -1 1089 1092 1090 -1 1093 1094 1095 -1 1093 1072 1094 -1 1080 1096 1097 -1 1080 1098 1096 -1 1099 1100 1101 -1 1101 1102 1099 -1 1063 1103 1104 -1 1063 1062 1103 -1 1105 1106 1107 -1 1105 1108 1106 -1 1109 1110 1111 -1 1111 1112 1109 -1 1113 1114 1115 -1 1116 866 1117 -1 1118 1119 1056 -1 1118 1120 1119 -1 1121 1122 1123 -1 1123 1124 1121 -1 1125 1126 1127 -1 1128 1129 1130 -1 1130 1131 1128 -1 1132 1133 1134 -1 1134 1135 1132 -1 1034 1136 1137 -1 1138 1139 1140 -1 1140 1141 1138 -1 1142 1143 1144 -1 1142 1145 1143 -1 1146 1137 1147 -1 1147 1148 1146 -1 1149 1150 1151 -1 1151 1142 1149 -1 1152 1153 1154 -1 1153 1155 1154 -1 1156 1157 1158 -1 1159 56 1160 -1 56 1161 1160 -1 1159 47 56 -1 1162 1163 924 -1 1163 925 924 -1 1164 1165 1166 -1 1164 1167 1165 -1 1162 1168 1169 -1 1169 1170 1162 -1 1171 931 929 -1 1172 1173 1174 -1 1173 1172 1088 -1 1088 1101 1173 -1 1175 1176 1087 -1 1175 1177 1176 -1 1178 1177 1175 -1 1178 1179 1177 -1 1180 1181 1182 -1 1183 1184 1185 -1 1183 1158 1184 -1 928 927 1186 -1 1187 1188 1189 -1 1187 1165 1188 -1 917 916 1190 -1 916 1191 1190 -1 1180 1192 1193 -1 1193 1181 1180 -1 1157 1156 1194 -1 1156 1195 1194 -1 1196 1197 1198 -1 1199 1200 1141 -1 24 23 1201 -1 1202 1203 1204 -1 1204 1205 1202 -1 1206 1194 1195 -1 1206 1207 1194 -1 1208 1209 1210 -1 1209 1211 1210 -1 1212 1191 1213 -1 1214 1215 1190 -1 1215 1216 1190 -1 1217 1218 1219 -1 1219 1220 1217 -1 1221 21 20 -1 1222 1223 1224 -1 1222 1225 1223 -1 1226 1227 1228 -1 1228 1218 1226 -1 1217 1226 1218 -1 1217 1215 1226 -1 1214 1229 1230 -1 1214 1212 1229 -1 1231 1232 1233 -1 1231 1219 1232 -1 1220 1219 1231 -1 1231 1234 1220 -1 1235 1236 1237 -1 1235 1238 1236 -1 1239 1240 1241 -1 1239 1242 1240 -1 1208 1242 1243 -1 1208 1240 1242 -1 1165 1187 1166 -1 1244 1245 1180 -1 22 1246 23 -1 1196 1247 1248 -1 1196 1198 1247 -1 1249 1250 1251 -1 1251 1252 1249 -1 870 1253 1254 -1 870 872 1253 -1 978 1255 976 -1 976 981 978 -1 989 871 1256 -1 1257 1258 993 -1 993 997 1257 -1 1259 1260 1261 -1 999 1001 1262 -1 1263 942 941 -1 941 1264 1263 -1 1129 1265 1266 -1 1129 1267 1265 -1 1129 1128 1267 -1 1128 1268 1267 -1 802 807 1269 -1 1270 1271 1272 -1 1270 1273 1013 -1 1270 1272 1273 -1 810 1274 1275 -1 1276 791 797 -1 797 791 793 -1 793 795 797 -1 1277 1278 829 -1 938 1279 1280 -1 938 1281 1279 -1 1282 1283 1284 -1 939 938 1280 -1 1283 1285 1286 -1 1287 1288 1289 -1 1288 1290 1289 -1 1291 1292 1293 -1 1291 1294 1292 -1 1295 1296 1293 -1 1297 1298 1299 -1 1299 1300 1297 -1 1301 1302 953 -1 1302 954 953 -1 1303 986 971 -1 949 1298 1304 -1 963 961 1296 -1 961 1305 1296 -1 1306 1299 1301 -1 1299 1302 1301 -1 1283 1307 1284 -1 1281 1308 1309 -1 1309 1279 1281 -1 1310 958 955 -1 955 1311 1310 -1 1312 1313 1314 -1 1312 1308 1313 -1 1309 937 1279 -1 957 956 1315 -1 1293 1292 1295 -1 1316 1310 1312 -1 1310 1317 1312 -1 1317 1318 1312 -1 975 1136 1034 -1 1034 1033 975 -1 954 1302 949 -1 1319 946 945 -1 945 1320 1319 -1 1321 1320 1304 -1 1321 1319 1320 -1 1205 1204 1152 -1 1322 1323 1324 -1 1323 1325 1324 -1 1143 1145 1326 -1 1327 892 1328 -1 1327 1329 892 -1 1330 1331 893 -1 1332 899 901 -1 1332 1333 899 -1 899 1334 900 -1 899 1335 1334 -1 1336 921 1337 -1 1334 1338 900 -1 1334 1339 1338 -1 1340 1186 925 -1 858 1341 920 -1 858 857 1341 -1 857 856 1342 -1 1343 1344 1345 -1 1345 1346 1343 -1 1347 918 1348 -1 918 1349 1348 -1 1345 1341 1346 -1 1048 1059 1091 -1 1091 1350 1048 -1 1044 1076 1351 -1 1044 1352 1076 -1 1353 1244 1354 -1 1355 1356 935 -1 1355 1357 1356 -1 1358 1359 1360 -1 1361 1362 1363 -1 1364 1362 1365 -1 1199 1140 1366 -1 1199 1141 1140 -1 1204 1203 1367 -1 1368 1197 1196 -1 1368 1369 1197 -1 1210 1200 1199 -1 1199 1370 1210 -1 1211 1237 1371 -1 1237 1372 1371 -1 1373 21 1367 -1 1367 1203 1373 -1 1372 1205 1371 -1 1205 1374 1371 -1 1099 1375 1092 -1 1376 1099 1092 -1 1092 1089 1376 -1 1377 1378 1085 -1 1265 1267 1379 -1 788 1380 1381 -1 1380 1382 1381 -1 1383 1384 1385 -1 1384 1382 1385 -1 145 1386 1387 -1 437 1388 1389 -1 1388 1390 1389 -1 35 34 1391 -1 1392 1393 1394 -1 1394 1395 1392 -1 1396 1397 1398 -1 1397 1399 1398 -1 1388 277 1400 -1 1401 1402 1399 -1 1402 1398 1399 -1 742 1403 1404 -1 1404 1405 280 -1 1404 1403 1405 -1 1393 1406 1396 -1 1406 281 1396 -1 275 1407 269 -1 1408 1409 1410 -1 1410 1411 1408 -1 1412 1413 1414 -1 1414 1415 1412 -1 1414 1416 1415 -1 1417 1418 1419 -1 1417 1420 1418 -1 1421 1418 1420 -1 1420 1422 1421 -1 1423 1424 1425 -1 1423 1426 1424 -1 1427 1428 1429 -1 1428 1430 1429 -1 1431 1432 1433 -1 1431 1434 1432 -1 1435 1436 1437 -1 1438 1439 1440 -1 1438 1441 1439 -1 1442 1443 1444 -1 1442 1445 1443 -1 1442 1444 1446 -1 1447 1448 1449 -1 17 1450 1451 -1 1452 1453 1454 -1 1454 1455 1452 -1 1456 1457 1458 -1 1457 1459 1458 -1 1460 1461 1448 -1 1448 1462 1460 -1 1453 1463 1454 -1 1464 1465 1466 -1 1467 1468 1469 -1 1470 1471 1469 -1 1472 1467 1469 -1 13 1473 1474 -1 1475 1476 1477 -1 1476 1478 1477 -1 1475 1477 1479 -1 1480 1481 1482 -1 1483 1484 1485 -1 1483 1486 1484 -1 1487 1488 1484 -1 1489 1490 1491 -1 1489 1492 1490 -1 1493 1494 1495 -1 1493 1496 1494 -1 1497 1488 1498 -1 1499 1485 1484 -1 1486 1500 1494 -1 1486 1483 1500 -1 1501 1490 1495 -1 1480 1502 1503 -1 1480 1482 1502 -1 1504 1505 1506 -1 1504 1507 1505 -1 1508 1509 1333 -1 1333 1510 1508 -1 1507 1511 1505 -1 1512 1330 1513 -1 1332 1330 1514 -1 1330 1515 1514 -1 1516 1517 1518 -1 1519 1520 1521 -1 1519 1522 1520 -1 1523 1328 1524 -1 1525 1526 1527 -1 1527 1528 1525 -1 1529 1530 1531 -1 1532 1533 1534 -1 1533 1535 1534 -1 1536 1530 1537 -1 1536 1531 1530 -1 1538 1539 1540 -1 1536 1537 1541 -1 1542 1543 1544 -1 1545 1546 1547 -1 1548 1549 1550 -1 1550 1551 1548 -1 1552 1553 1554 -1 1555 1556 1542 -1 1555 1557 1556 -1 1558 1559 1560 -1 1549 1561 1550 -1 1562 1563 1564 -1 1565 1566 1567 -1 1567 1568 1565 -1 1569 1570 1571 -1 1570 1572 1571 -1 1541 1573 1574 -1 1573 1575 1574 -1 1576 1577 1578 -1 1576 1579 1577 -1 1580 1581 1582 -1 1581 1583 1582 -1 1584 1585 1586 -1 1587 1588 1589 -1 1588 1568 1589 -1 1563 1590 1591 -1 1563 1592 1590 -1 1593 1594 1595 -1 1596 1597 1598 -1 1598 1599 1596 -1 1600 1601 1602 -1 1600 1603 1601 -1 1602 1604 1605 -1 1602 1601 1604 -1 1606 1607 1608 -1 1609 1606 1610 -1 1609 1607 1606 -1 1611 1612 1613 -1 1614 1615 1616 -1 1617 1618 1619 -1 1620 1618 1621 -1 1621 1622 1620 -1 1547 1623 1624 -1 1547 1625 1623 -1 1626 1627 1628 -1 1626 1629 1627 -1 1630 1631 1632 -1 1633 1634 1635 -1 1636 1637 1638 -1 1639 1640 1641 -1 1642 1643 1644 -1 1645 1646 1632 -1 1645 1647 1637 -1 1635 1648 1649 -1 1650 1593 1651 -1 1651 1652 1650 -1 1653 1654 1655 -1 1656 1657 1658 -1 1659 1660 1661 -1 1659 1662 1660 -1 1663 1664 1665 -1 1666 1662 1659 -1 1666 1667 1662 -1 1668 1649 1669 -1 1649 1650 1669 -1 1670 1657 1671 -1 1670 1658 1657 -1 1672 1673 1674 -1 1673 1675 1674 -1 1676 1677 1678 -1 1679 1680 1681 -1 1679 1682 1680 -1 1683 1684 1685 -1 1684 1686 1685 -1 1687 1461 1683 -1 1687 1688 1461 -1 1689 1684 1460 -1 1460 1690 1689 -1 1691 1450 1692 -1 1691 1693 1450 -1 1694 1454 1463 -1 1694 1695 1454 -1 1696 1697 1698 -1 1696 1699 1697 -1 1700 1701 1702 -1 1700 1703 1701 -1 17 16 1704 -1 1704 1450 17 -1 1705 1456 18 -1 1706 1689 1707 -1 1706 1708 1689 -1 1709 1710 1711 -1 1709 1712 1710 -1 1713 1714 1715 -1 1713 1716 1714 -1 1689 1708 1684 -1 1708 1686 1684 -1 1706 1717 1718 -1 1706 1719 1717 -1 1692 1450 1704 -1 1704 1455 1692 -1 1720 1721 1459 -1 1453 1722 1723 -1 1724 1725 1465 -1 1465 1464 1724 -1 1678 1677 1726 -1 1726 1727 1678 -1 1728 1729 1711 -1 1711 13 1728 -1 1730 1731 1732 -1 1730 1733 1731 -1 1732 1734 1735 -1 1732 1731 1734 -1 1736 1737 1738 -1 1739 1435 1740 -1 1740 1741 1739 -1 1742 1743 1734 -1 1742 1744 1743 -1 1473 1745 1746 -1 1473 1747 1745 -1 13 1748 1473 -1 1748 1747 1473 -1 1496 1493 1498 -1 1493 1749 1498 -1 1750 1751 1752 -1 1753 1754 1755 -1 1755 1756 1753 -1 1757 1758 1759 -1 1760 1535 1761 -1 1760 1534 1535 -1 1762 1532 1721 -1 1763 1764 1765 -1 1763 1766 1764 -1 1767 1526 1768 -1 1767 1527 1526 -1 1769 1533 1770 -1 1533 1771 1770 -1 1772 1773 1774 -1 1774 1775 1772 -1 1776 1531 1536 -1 1776 1526 1531 -1 1777 1778 1779 -1 1777 1780 1778 -1 1772 1781 1782 -1 1772 1775 1781 -1 1447 1462 1448 -1 1783 1132 1784 -1 1784 1785 1783 -1 1530 1786 1537 -1 1530 1787 1786 -1 1788 1656 1789 -1 1790 1791 1792 -1 1790 1793 1791 -1 1794 1795 1657 -1 1794 1661 1795 -1 1660 1669 1796 -1 1660 1665 1669 -1 1797 1798 1667 -1 1797 1799 1798 -1 1653 1646 1800 -1 1801 1802 1803 -1 1441 1804 1738 -1 1738 1442 1441 -1 1445 1805 1676 -1 1676 1740 1445 -1 1806 1807 1808 -1 1806 1741 1807 -1 1809 1810 1806 -1 1806 1811 1809 -1 1812 1806 1808 -1 1812 1811 1806 -1 1813 1814 1735 -1 1813 1815 1814 -1 1816 1438 1817 -1 1438 1818 1817 -1 1819 1820 1821 -1 1809 1822 1823 -1 1823 1810 1809 -1 1824 1739 1825 -1 1739 1810 1825 -1 1826 1443 1827 -1 1826 1444 1443 -1 1828 1829 1830 -1 1828 1831 1829 -1 1821 1831 1819 -1 1832 1833 1834 -1 1835 1793 1836 -1 1835 1791 1793 -1 1837 1838 1839 -1 1839 1840 1837 -1 1841 1842 1799 -1 1843 1840 1844 -1 1845 1846 1847 -1 1844 1848 1849 -1 1849 1850 1844 -1 1851 1852 1853 -1 1853 1854 1851 -1 1855 1856 1857 -1 1858 1859 1539 -1 1858 1860 1859 -1 1861 1862 1787 -1 1862 1863 1787 -1 1585 1864 1586 -1 1865 1641 1640 -1 1639 1866 1640 -1 1867 1868 1869 -1 1569 1592 1570 -1 1592 1870 1570 -1 1871 1590 1588 -1 1871 1591 1590 -1 1872 1873 1874 -1 1872 1875 1873 -1 1563 1562 1876 -1 1875 1877 1873 -1 1877 1564 1873 -1 1878 1879 1880 -1 1881 1882 1883 -1 1881 1884 1882 -1 1885 1640 1866 -1 1586 1886 1865 -1 1865 1584 1586 -1 1584 1887 1888 -1 1887 1889 1888 -1 1610 1890 1891 -1 1610 1606 1890 -1 1616 1892 1893 -1 1892 1612 1893 -1 1894 1895 1896 -1 1894 1897 1895 -1 1894 1898 1899 -1 1629 1585 1627 -1 1629 1864 1585 -1 1864 1900 1586 -1 1900 1643 1901 -1 1900 1902 1643 -1 1903 1904 1644 -1 1645 1868 1867 -1 1867 1647 1645 -1 1863 1905 1906 -1 1863 1862 1905 -1 1907 1595 1905 -1 1907 1593 1595 -1 1908 1909 1910 -1 1908 1911 1909 -1 1909 1583 1912 -1 1913 1557 1914 -1 1913 1558 1557 -1 1870 1563 1876 -1 1870 1592 1563 -1 1915 1916 1572 -1 1915 1917 1916 -1 1544 1918 1554 -1 1554 1542 1544 -1 1919 1920 1921 -1 1919 1922 1920 -1 1909 1582 1583 -1 1919 1923 1911 -1 1919 1574 1923 -1 1924 1925 1919 -1 1926 1626 1625 -1 1625 1927 1926 -1 1546 1545 1548 -1 1545 1928 1548 -1 1929 1913 1914 -1 1929 1745 1913 -1 1930 1747 1748 -1 1930 1558 1913 -1 1930 1559 1558 -1 1931 1932 1930 -1 1933 1934 1935 -1 1933 1931 1934 -1 1748 13 15 -1 15 1936 1748 -1 1937 1933 1935 -1 1937 1938 1933 -1 1503 1939 1940 -1 1503 1502 1939 -1 1499 1941 1942 -1 1942 1943 1499 -1 1944 1945 1501 -1 1946 1507 1947 -1 1507 1940 1947 -1 1507 1504 1940 -1 1948 1938 1949 -1 1949 1950 1948 -1 1951 1952 1953 -1 1953 1954 1951 -1 1955 1956 1951 -1 1957 1958 1328 -1 1328 1523 1957 -1 1959 1522 1519 -1 1959 1960 1522 -1 1961 1962 1963 -1 1962 1950 1963 -1 1964 1965 1511 -1 1966 1962 1961 -1 1518 1521 1967 -1 1967 889 1518 -1 1968 1969 1970 -1 1970 1971 1968 -1 1968 1670 1671 -1 1968 1972 1670 -1 1973 1972 1974 -1 1973 1975 1972 -1 1976 1657 1795 -1 1977 1668 1669 -1 1634 1633 1800 -1 1632 1868 1645 -1 1857 1978 1942 -1 1856 1855 1979 -1 1980 1855 1857 -1 1981 1982 1983 -1 1983 1984 1981 -1 1985 1897 1899 -1 1899 1986 1985 -1 1987 1988 1895 -1 1989 1990 1988 -1 1991 1992 1986 -1 1993 1614 1991 -1 1994 1991 1600 -1 1995 1598 1605 -1 1995 1599 1598 -1 1996 1997 1998 -1 1996 1999 1997 -1 2000 2001 2002 -1 2002 2003 2000 -1 2004 2005 2006 -1 2006 2007 2004 -1 1619 2008 2009 -1 1622 2010 1620 -1 2010 2011 1620 -1 2012 2013 1995 -1 2012 2014 2013 -1 2013 1599 1995 -1 2015 2016 2017 -1 2015 2018 2016 -1 2019 2020 2021 -1 2022 2023 2024 -1 1753 2021 1754 -1 1753 2019 2021 -1 2025 2026 2016 -1 2027 1596 2013 -1 2028 1430 2029 -1 1430 1428 2029 -1 2030 2031 2032 -1 2030 2033 2031 -1 1410 1409 2034 -1 2035 12 11 -1 11 2036 2035 -1 2037 2038 2039 -1 2039 2040 2037 -1 2041 2040 2042 -1 2040 2039 2042 -1 2043 2044 2045 -1 2045 2046 2043 -1 2046 2047 4 -1 4 6 2046 -1 2043 6 2048 -1 2043 2046 6 -1 1423 2034 1426 -1 1423 2049 2034 -1 2050 2051 2052 -1 2053 2054 2055 -1 2055 2056 2053 -1 2055 2057 2056 -1 2056 2058 2053 -1 2054 2059 2060 -1 2059 2061 2060 -1 2062 2063 2064 -1 2064 2065 2062 -1 2054 2060 2055 -1 2066 2067 2068 -1 2067 2069 2068 -1 2070 2071 2072 -1 2073 2074 2075 -1 1417 2076 2077 -1 2077 1420 1417 -1 2078 2079 2080 -1 2081 2082 2083 -1 2084 2085 2030 -1 2085 2086 2030 -1 2087 2088 2079 -1 2087 2089 2088 -1 2090 2091 2092 -1 2089 2093 2094 -1 2089 2087 2093 -1 2095 2096 2097 -1 2095 2098 2096 -1 2099 2100 2101 -1 2101 2102 2099 -1 2100 2103 2101 -1 2100 2104 2103 -1 2105 2106 2107 -1 2106 2108 2107 -1 2109 2110 2111 -1 2047 2112 2113 -1 2112 2114 2113 -1 2115 2116 2117 -1 2117 2118 2115 -1 2119 2120 2121 -1 2121 2122 2119 -1 2123 2117 2116 -1 2124 2125 2126 -1 2126 2127 2124 -1 2128 2129 2130 -1 2130 2131 2128 -1 2110 2132 2133 -1 2133 2134 2110 -1 2135 2136 2137 -1 2138 2139 2122 -1 2139 2119 2122 -1 2140 2118 2117 -1 2117 2141 2140 -1 2138 2142 2143 -1 2138 2144 2142 -1 2145 2146 2147 -1 2145 2144 2146 -1 2148 2113 2114 -1 2114 2149 2148 -1 2141 2150 2140 -1 2150 2151 2140 -1 2138 2143 2139 -1 2143 2152 2139 -1 2046 2045 2153 -1 2153 2112 2046 -1 2112 2047 2046 -1 2154 2120 2123 -1 2155 2126 2135 -1 2111 2134 2156 -1 2157 2158 2159 -1 2157 2160 2161 -1 2162 2056 2163 -1 2162 2164 2056 -1 2155 2165 2166 -1 2166 2167 2155 -1 2127 2168 2131 -1 2127 2167 2168 -1 2169 2170 2171 -1 2171 2172 2169 -1 2173 2174 2175 -1 2111 2176 2177 -1 2177 2178 2111 -1 2110 2109 2179 -1 2180 2181 2182 -1 2183 2184 2185 -1 2186 2184 2187 -1 2186 2185 2184 -1 2181 2188 2189 -1 2181 2190 2188 -1 2191 2192 2193 -1 2188 2190 2194 -1 2195 2196 2197 -1 2198 2199 2200 -1 2199 2201 2200 -1 2202 2203 2204 -1 2195 2205 2206 -1 2205 2207 2206 -1 2198 2208 2199 -1 2209 2210 2211 -1 2212 2213 2214 -1 2215 2216 2217 -1 2215 2218 2216 -1 2219 2220 2221 -1 2222 2223 2224 -1 2225 2226 2227 -1 2227 2228 2225 -1 2229 2230 2231 -1 2232 2233 2234 -1 2235 2236 2237 -1 2237 2238 2235 -1 2239 2240 2241 -1 2241 2242 2239 -1 2209 2243 2244 -1 2244 2245 2209 -1 2246 2247 2248 -1 2247 2249 2248 -1 2250 2251 2252 -1 2250 2253 2251 -1 2254 2255 2240 -1 2240 2239 2254 -1 2256 2257 2258 -1 2259 2260 2261 -1 2262 2263 2264 -1 2265 2062 2065 -1 2065 2048 2265 -1 2266 2267 2268 -1 2268 2 2266 -1 2269 2262 2270 -1 2270 2250 2269 -1 2271 2272 2273 -1 2272 2274 2273 -1 2271 2264 2272 -1 2161 2275 2276 -1 2161 2277 2275 -1 2249 2278 2248 -1 589 2279 2280 -1 2279 2281 2280 -1 2251 2282 2252 -1 2251 2283 2282 -1 2280 2284 2285 -1 2280 2286 2284 -1 2287 2288 2289 -1 2287 2290 2288 -1 2291 5 4 -1 2292 2293 2294 -1 2295 2296 2297 -1 2295 2298 2296 -1 2299 2300 2301 -1 2299 2302 2300 -1 2303 2304 2305 -1 2306 2307 2308 -1 2308 2309 2306 -1 2309 2308 2310 -1 2311 2312 2313 -1 2313 2314 2311 -1 2315 2316 2317 -1 2315 2318 2316 -1 2319 2320 2321 -1 2321 2322 2319 -1 2323 2324 2325 -1 2324 2326 2325 -1 2315 2317 2327 -1 2327 2328 2315 -1 2329 2330 2331 -1 2330 2332 2331 -1 1434 2333 1432 -1 1434 2334 2333 -1 2335 2336 2337 -1 2336 2338 2337 -1 2339 2340 2341 -1 2341 2342 2339 -1 2338 2336 2343 -1 2344 2345 2346 -1 2347 2348 2349 -1 2349 2350 2347 -1 2351 2352 2353 -1 2351 2354 2352 -1 2355 2356 2357 -1 2355 2358 2356 -1 2359 2360 2361 -1 2360 2362 2361 -1 2363 2352 2357 -1 2363 2364 2352 -1 2365 2366 2367 -1 2367 2368 2365 -1 2369 2370 2371 -1 2370 2362 2371 -1 2372 2373 2350 -1 2350 2374 2372 -1 2375 2340 2376 -1 2375 2377 2340 -1 2363 2378 2364 -1 2378 2379 2364 -1 2380 2381 2382 -1 2382 2383 2380 -1 2382 2384 2385 -1 2384 2386 2385 -1 2387 2388 2389 -1 2387 2390 2388 -1 2391 2392 2393 -1 2391 2394 2392 -1 2395 2396 2397 -1 2398 2399 2400 -1 2401 2402 2403 -1 2399 2404 2405 -1 2399 2406 2404 -1 2404 2406 2407 -1 2406 2408 2407 -1 2409 2410 2411 -1 2409 508 2410 -1 2412 2413 2414 -1 2413 2415 2414 -1 2416 2417 2401 -1 2401 2403 2416 -1 2418 2419 2420 -1 2389 2421 2422 -1 2423 2424 2425 -1 2424 2426 2425 -1 2427 2428 2426 -1 2429 2430 2431 -1 2430 2432 2431 -1 2433 2434 2435 -1 2436 2437 2438 -1 2439 2435 2440 -1 2435 2434 2440 -1 2441 2437 2442 -1 2441 2438 2437 -1 2439 2440 2443 -1 2437 2444 2445 -1 2445 2442 2437 -1 2446 485 2447 -1 2448 485 2446 -1 2449 2432 2423 -1 2423 2450 2449 -1 2451 2452 2453 -1 2451 2454 2452 -1 480 2455 2436 -1 2455 2456 2457 -1 2457 2444 2455 -1 479 2458 2459 -1 2458 2460 2459 -1 2461 143 2462 -1 2463 2464 2242 -1 2463 2465 2464 -1 2213 2466 2214 -1 2381 2380 2467 -1 33 2204 2203 -1 2468 2469 2470 -1 2468 2471 2469 -1 2472 2473 2474 -1 2472 2475 2473 -1 2470 2469 2476 -1 2476 2477 2470 -1 2359 2478 2360 -1 2479 2360 2480 -1 2360 2478 2480 -1 2480 2481 2479 -1 1774 2482 2483 -1 1774 2484 2482 -1 2475 2472 2296 -1 2485 2486 2354 -1 2354 2351 2485 -1 2351 2487 2485 -1 2486 2355 2354 -1 2488 2097 2489 -1 2490 2491 2492 -1 2491 2493 2492 -1 2490 2494 2491 -1 2104 2495 2088 -1 2104 2100 2495 -1 2091 2496 2497 -1 2091 2498 2496 -1 2499 2500 2501 -1 2501 2502 2499 -1 2503 1792 1791 -1 1791 2504 2503 -1 2505 2506 2322 -1 2322 2324 2505 -1 2507 2508 2509 -1 2509 2510 2507 -1 2511 2413 2395 -1 2395 2512 2511 -1 2513 2514 2515 -1 2516 2513 2515 -1 2515 2517 2516 -1 2518 2405 2404 -1 2238 2237 2212 -1 2237 2519 2212 -1 2520 2521 2522 -1 2521 2523 2522 -1 2524 2466 2525 -1 2524 2214 2466 -1 2524 2526 2527 -1 2229 2231 2528 -1 2528 2529 2229 -1 2231 2530 2528 -1 2531 2532 2464 -1 2464 2533 2531 -1 2234 2534 2535 -1 2234 2465 2534 -1 2535 2536 2234 -1 2181 2155 2190 -1 2537 2507 2538 -1 2539 2540 2507 -1 2540 2538 2507 -1 2541 2542 2543 -1 2544 2545 2542 -1 2546 2547 2235 -1 2546 2548 2547 -1 2526 2549 2545 -1 2550 2551 2549 -1 2552 2553 2490 -1 1843 2554 2555 -1 2416 2414 2556 -1 2416 2403 2414 -1 2418 2557 2558 -1 2418 2559 2557 -1 2560 2561 2236 -1 2562 2232 2563 -1 2563 2564 2562 -1 2565 2230 2566 -1 2565 2552 2230 -1 2567 1843 2568 -1 2568 2569 2567 -1 2570 2416 2556 -1 2556 2571 2570 -1 2418 2558 2572 -1 2572 2573 2418 -1 2574 2575 2576 -1 2574 2577 2575 -1 2578 2579 2580 -1 2580 2581 2578 -1 2582 2581 2583 -1 2583 2584 2582 -1 2585 2586 2587 -1 2587 2588 2585 -1 2589 2282 2283 -1 2589 2590 2282 -1 2591 2106 2592 -1 2591 2593 2106 -1 2594 2595 2596 -1 2594 1408 2595 -1 2597 2598 2153 -1 2597 2040 2598 -1 2599 2600 2028 -1 2596 2595 2601 -1 2595 2602 2601 -1 2603 2042 2039 -1 2031 1427 2082 -1 2604 1422 2605 -1 2605 2606 2604 -1 2077 2607 2608 -1 2070 2072 2609 -1 2489 1417 2610 -1 2611 2612 2078 -1 2612 2613 2078 -1 2611 2614 2612 -1 1414 1417 1416 -1 1414 2610 1417 -1 1414 2615 2610 -1 2162 2616 2615 -1 2617 2618 2306 -1 2306 2309 2617 -1 2619 2620 2621 -1 2622 2108 2623 -1 2623 2619 2622 -1 2624 2625 2626 -1 2627 2619 2310 -1 2624 2628 2629 -1 2624 2630 2628 -1 2105 2629 2628 -1 2105 2107 2629 -1 2157 2631 2158 -1 2632 2633 2591 -1 2591 2592 2632 -1 2105 2634 2592 -1 2105 2635 2634 -1 2636 2616 2162 -1 2162 2637 2636 -1 2164 2058 2056 -1 2247 2277 2261 -1 2638 2639 2640 -1 2255 2641 2638 -1 2638 2240 2255 -1 2641 2642 2638 -1 2593 2591 2643 -1 2644 2645 2646 -1 2644 2647 2645 -1 2648 2649 2650 -1 2650 2651 2648 -1 2652 2653 2654 -1 2655 2656 2657 -1 2655 2658 2656 -1 2095 2078 2080 -1 2095 2488 2078 -1 2081 2659 2660 -1 2660 2661 2081 -1 2030 2662 2033 -1 2663 2664 2665 -1 2665 2666 2663 -1 2667 2668 2298 -1 2667 2669 2668 -1 2670 2671 2672 -1 2054 2672 2673 -1 2054 2053 2672 -1 2674 2675 2676 -1 2675 2677 2676 -1 2066 2678 2675 -1 2675 2067 2066 -1 2679 2268 2273 -1 2268 2267 2273 -1 2680 2057 2055 -1 2680 2160 2057 -1 2681 2260 2682 -1 2682 2263 2681 -1 2278 2257 2248 -1 2681 2683 2278 -1 2684 2683 2681 -1 2681 2263 2684 -1 2286 2280 2685 -1 2280 2281 2685 -1 2686 2687 2688 -1 2689 2690 2691 -1 2690 2441 2691 -1 2692 2693 2694 -1 2325 2692 2695 -1 2696 2697 2698 -1 2698 2699 2696 -1 2693 1434 2694 -1 2693 2334 1434 -1 2697 2700 2701 -1 2700 2702 2701 -1 2327 2703 2701 -1 2701 2320 2327 -1 2704 2705 2706 -1 2706 2303 2704 -1 2707 2315 2328 -1 2707 2708 2315 -1 2307 2706 2308 -1 2706 2709 2308 -1 2710 2711 2712 -1 2710 2713 2711 -1 2714 2715 2716 -1 2715 2717 2716 -1 2708 2318 2315 -1 2708 2718 2318 -1 2719 2720 2721 -1 2719 2722 2720 -1 2723 2724 2243 -1 2724 2725 2243 -1 2330 2329 2314 -1 2726 2727 2728 -1 2729 2730 2731 -1 2729 2732 2730 -1 2733 2332 2734 -1 2733 2735 2332 -1 2735 2331 2332 -1 2314 2736 2737 -1 2737 2330 2314 -1 2738 1939 2739 -1 1939 1943 2739 -1 2740 2741 2742 -1 2743 2744 2741 -1 2745 2746 2747 -1 2745 2724 2746 -1 2748 2725 2749 -1 2312 2750 2313 -1 2312 2751 2750 -1 2752 2751 2753 -1 2754 2755 2756 -1 2449 2450 2757 -1 2450 2758 2757 -1 2759 2760 2431 -1 2431 2761 2759 -1 2762 2763 2764 -1 2762 2765 2766 -1 2452 2767 2768 -1 2768 2769 2452 -1 2768 2770 2769 -1 2771 2772 2769 -1 2772 2453 2769 -1 2773 2771 2770 -1 2771 2769 2770 -1 2774 2775 2776 -1 2776 2777 2774 -1 2776 2778 2779 -1 2780 2762 2764 -1 2781 2782 2774 -1 2783 2784 2764 -1 1856 2020 2785 -1 2786 2787 2788 -1 2787 2789 2788 -1 2790 2791 2792 -1 2790 1751 2791 -1 2793 2791 2794 -1 2791 1751 2794 -1 2795 2792 2796 -1 2797 2798 2795 -1 2786 2020 2019 -1 2788 2784 2786 -1 2788 2782 2784 -1 2799 2730 2800 -1 2799 2018 2730 -1 2784 2785 2020 -1 2020 2786 2784 -1 2786 2019 2787 -1 2019 1753 2787 -1 2796 2801 2802 -1 1753 1756 2787 -1 2789 2792 2795 -1 2792 2791 2793 -1 2793 2796 2792 -1 2794 1751 1750 -1 2792 1756 2790 -1 2781 2784 2782 -1 2774 2782 2775 -1 2775 2803 2778 -1 2803 2804 2805 -1 2803 2806 2804 -1 2775 2778 2776 -1 2779 2750 2752 -1 2750 2751 2752 -1 2777 2807 2771 -1 2807 2772 2771 -1 2769 2453 2452 -1 2766 2763 2762 -1 2766 2808 2763 -1 2809 2810 2739 -1 2809 2811 2810 -1 2812 2759 2761 -1 2812 2810 2759 -1 2813 2814 2454 -1 2813 2428 2814 -1 2815 2816 2450 -1 2816 2817 2450 -1 2453 2772 2818 -1 2818 2819 2453 -1 2820 2821 2756 -1 2820 2807 2821 -1 2753 2754 2752 -1 2750 2804 2822 -1 2749 2724 2745 -1 2749 2725 2724 -1 2445 2742 2744 -1 2742 2741 2744 -1 1940 2823 1947 -1 2823 2824 1947 -1 2825 2698 2733 -1 2825 2699 2698 -1 2746 2724 2723 -1 2723 2258 2746 -1 2243 2826 2244 -1 2243 2725 2826 -1 2827 2755 2828 -1 2755 2829 2828 -1 2830 2722 2719 -1 2831 2715 2714 -1 2714 2832 2831 -1 2716 2713 2710 -1 2716 2717 2713 -1 2303 2305 2833 -1 2317 2834 2703 -1 2703 2327 2317 -1 2701 2703 2697 -1 2703 2835 2697 -1 2697 2696 2700 -1 2700 2334 2693 -1 2700 2696 2334 -1 2702 2700 2836 -1 2702 2321 2701 -1 2321 2320 2701 -1 2837 2462 143 -1 143 145 2837 -1 2459 2460 2456 -1 2460 2838 2456 -1 2457 2445 2444 -1 2689 2433 2839 -1 2686 2435 2439 -1 2840 2688 2590 -1 2840 2686 2688 -1 2841 2446 2447 -1 2841 2842 2446 -1 2260 2278 2249 -1 2260 2681 2278 -1 2843 2272 2264 -1 2160 2844 2161 -1 608 2 1 -1 2845 2268 2679 -1 2067 2846 2069 -1 2677 2675 2678 -1 2678 2847 2677 -1 2061 2068 2060 -1 2044 2673 2671 -1 2673 2672 2671 -1 2058 2848 2849 -1 2849 2053 2058 -1 2673 2059 2054 -1 2036 2029 2662 -1 2662 2035 2036 -1 2035 2662 2030 -1 2030 2086 2035 -1 2850 2081 2661 -1 2660 2659 2096 -1 2096 2578 2660 -1 2079 2078 2613 -1 2656 2851 2852 -1 2852 2657 2656 -1 2654 2653 2853 -1 2854 2855 2648 -1 2855 2649 2648 -1 2651 2856 2648 -1 2857 2647 2644 -1 2857 2856 2647 -1 2644 2646 2858 -1 2646 2643 2858 -1 2240 2638 2241 -1 2859 2640 2860 -1 2640 2275 2860 -1 2161 2259 2261 -1 2261 2277 2161 -1 2161 2844 2259 -1 2861 2639 2633 -1 2861 2640 2639 -1 2058 1415 2848 -1 2058 1412 1415 -1 2058 2164 1412 -1 2592 2634 2632 -1 2591 2633 2643 -1 2861 2862 2631 -1 2631 2276 2861 -1 2592 2106 2105 -1 2105 2628 2616 -1 2628 2615 2616 -1 2628 2863 2615 -1 2625 2627 2864 -1 2218 2865 2866 -1 2865 2867 2866 -1 2619 2623 2620 -1 2619 2621 2310 -1 2615 2863 2610 -1 2863 2868 2610 -1 2863 2614 2611 -1 2611 2868 2863 -1 2217 2869 2215 -1 2610 2488 2489 -1 2610 2868 2488 -1 2848 2870 2871 -1 2871 2849 2848 -1 2872 2071 2051 -1 2488 2611 2078 -1 2488 2868 2611 -1 2097 2606 2605 -1 2605 2489 2097 -1 2073 2075 2873 -1 2873 2874 2073 -1 2041 2875 2598 -1 2598 2040 2041 -1 2876 2052 2070 -1 1411 2600 2595 -1 2812 2761 2743 -1 2835 2877 2878 -1 293 2879 294 -1 293 2880 2879 -1 297 2881 298 -1 297 2882 2881 -1 302 2883 303 -1 2883 2884 303 -1 2085 2084 2885 -1 2084 2886 2885 -1 2887 2888 2889 -1 2888 2890 2889 -1 2573 2572 2891 -1 2891 2892 2573 -1 2580 2193 2893 -1 2580 2579 2193 -1 2578 2099 2579 -1 2192 2189 2188 -1 2188 2894 2192 -1 2565 2184 2552 -1 2565 2187 2184 -1 2895 2566 2896 -1 2895 2565 2566 -1 2897 2561 2560 -1 2420 2408 2898 -1 2899 2401 2417 -1 2417 2900 2899 -1 2556 2414 2415 -1 2415 2567 2556 -1 2567 2554 1843 -1 2182 2101 2180 -1 2101 2901 2180 -1 2231 2223 2530 -1 2902 2539 2903 -1 2902 2904 2539 -1 2550 2549 2526 -1 2526 2548 2546 -1 2526 2545 2548 -1 2547 2400 2405 -1 2547 2548 2400 -1 2405 2518 2547 -1 2905 2906 2540 -1 2905 2541 2906 -1 2907 2544 2905 -1 2905 2904 2907 -1 2538 2908 2537 -1 2538 2909 2908 -1 2910 2911 2912 -1 2912 2537 2910 -1 2399 2398 2422 -1 2398 2913 2422 -1 2171 2914 2172 -1 2171 2180 2914 -1 2175 2915 2173 -1 2175 2916 2915 -1 2177 2183 2178 -1 2183 2185 2178 -1 2109 2917 2179 -1 2234 2464 2465 -1 2234 2533 2464 -1 2532 2528 2918 -1 2532 2529 2528 -1 2529 2919 2229 -1 2528 2530 2920 -1 2527 2238 2524 -1 2519 2536 2535 -1 2519 2237 2536 -1 2422 2421 2406 -1 2406 2399 2422 -1 2421 2389 2388 -1 2902 2903 2467 -1 2467 2921 2902 -1 2545 2922 2542 -1 2545 2549 2922 -1 2923 2499 2502 -1 2501 2500 2220 -1 2924 2094 2925 -1 2924 2089 2094 -1 2578 2096 2098 -1 2098 2099 2578 -1 2032 2031 2082 -1 2926 2927 2928 -1 2926 2822 2927 -1 2297 2471 2208 -1 2471 2468 2208 -1 2347 2929 2348 -1 2930 2921 2467 -1 2467 2380 2930 -1 2931 2429 2346 -1 2245 2466 2209 -1 2245 2521 2466 -1 2932 2534 2465 -1 2254 2523 2521 -1 2521 2245 2254 -1 2933 2809 1978 -1 2809 1942 1978 -1 2455 2459 2456 -1 2438 2441 2690 -1 2459 480 479 -1 480 2459 2455 -1 2454 2814 2452 -1 2814 2767 2452 -1 2761 2431 2432 -1 484 2690 2689 -1 2689 485 484 -1 485 2839 2447 -1 485 2689 2839 -1 2441 2442 2934 -1 2816 2935 2936 -1 2937 2691 2441 -1 2441 2934 2937 -1 2428 2813 2425 -1 2813 2815 2425 -1 2691 2433 2689 -1 2386 2429 2760 -1 2429 2431 2760 -1 2938 2385 2808 -1 2808 2766 2938 -1 2426 2428 2425 -1 2450 2425 2815 -1 2450 2423 2425 -1 2421 2388 2516 -1 2401 2899 2402 -1 2899 2514 2402 -1 2418 2420 2898 -1 2898 2559 2418 -1 2412 2414 2403 -1 2403 2402 2412 -1 508 2939 509 -1 508 2409 2939 -1 2516 2517 2940 -1 2399 2405 2400 -1 2406 2940 2408 -1 2940 2898 2408 -1 2514 2513 2402 -1 2402 2513 2941 -1 2768 2942 2765 -1 2468 2470 2943 -1 2470 2944 2943 -1 2931 2339 2430 -1 2430 2429 2931 -1 2394 2389 2392 -1 2394 2387 2389 -1 2390 2945 2946 -1 2390 2387 2945 -1 2383 2385 2938 -1 2383 2382 2385 -1 2947 2938 2942 -1 2947 2383 2938 -1 2948 2949 2363 -1 2949 2378 2363 -1 2378 2335 2341 -1 2341 2379 2378 -1 2363 2357 2356 -1 2356 2948 2363 -1 2369 2365 2368 -1 2369 2372 2365 -1 2479 2371 2362 -1 2362 2360 2479 -1 2366 2950 2397 -1 2951 2335 2337 -1 2952 2396 2953 -1 2952 2367 2396 -1 2694 1434 1431 -1 2330 2737 2734 -1 2734 2332 2330 -1 2954 2955 2956 -1 2955 2957 2956 -1 2836 2693 2692 -1 2836 2700 2693 -1 2328 2958 2959 -1 2503 2323 2695 -1 2323 2325 2695 -1 2324 2322 2326 -1 2322 2321 2326 -1 2328 2327 2320 -1 2736 2314 2926 -1 2314 2313 2926 -1 2695 2692 2694 -1 2855 2716 2710 -1 2855 2853 2716 -1 2715 2827 2717 -1 2857 2960 2961 -1 2875 2288 2290 -1 2290 2962 2875 -1 2115 2962 2116 -1 2292 2963 2154 -1 2292 2964 2963 -1 2962 2115 2598 -1 2598 2875 2962 -1 2121 2963 2965 -1 2966 2663 2666 -1 2966 2967 2663 -1 589 2280 2285 -1 593 2253 2968 -1 593 592 2253 -1 2968 2253 2270 -1 2253 2250 2270 -1 2969 2274 2272 -1 2246 2860 2275 -1 2275 2247 2246 -1 2275 2277 2247 -1 2157 2276 2631 -1 2157 2161 2276 -1 2679 2274 2846 -1 2679 2273 2274 -1 608 2970 2266 -1 608 605 2970 -1 2971 2252 2282 -1 2 608 2266 -1 2269 2972 2684 -1 2269 2971 2972 -1 2682 2973 2843 -1 2246 2248 2974 -1 2245 2244 2975 -1 2242 2241 2859 -1 2974 2248 2257 -1 2257 2256 2974 -1 592 2251 2253 -1 2536 2561 2563 -1 2228 2227 2533 -1 2897 2564 2563 -1 2563 2561 2897 -1 2526 2546 2527 -1 2242 2464 2532 -1 2224 2976 2222 -1 2977 2958 2978 -1 2496 2979 2980 -1 2980 2491 2496 -1 2869 2613 2612 -1 2869 2217 2613 -1 2627 2981 2864 -1 2210 2982 2983 -1 2983 2984 2210 -1 2204 33 2985 -1 2292 2986 2208 -1 2205 2987 2988 -1 2205 2989 2987 -1 2195 2201 2196 -1 2195 2206 2201 -1 2990 8 2983 -1 2990 9 8 -1 2989 2982 2987 -1 2989 2991 2982 -1 2200 2293 2198 -1 2293 2200 2992 -1 2992 2294 2293 -1 2199 2993 2201 -1 2993 2196 2201 -1 2993 2994 2197 -1 2197 2196 2993 -1 2995 2256 2984 -1 2996 2181 2189 -1 2997 2998 2999 -1 2182 2181 2996 -1 3000 3001 2997 -1 2997 2999 3000 -1 2189 2192 2996 -1 2192 2191 2996 -1 3002 3003 2893 -1 2893 3004 3002 -1 2101 2182 2102 -1 2155 2181 2165 -1 2109 2111 2178 -1 2170 2166 2165 -1 2165 2171 2170 -1 2128 2131 3005 -1 2131 2168 3005 -1 2157 2159 2160 -1 2159 2057 2160 -1 2680 3006 2274 -1 2274 2969 2680 -1 2111 2110 2134 -1 2167 2127 2126 -1 2126 2155 2167 -1 2148 3007 2145 -1 3007 3008 2145 -1 2143 2129 2133 -1 2143 2142 2129 -1 3007 2125 2124 -1 3007 3009 2125 -1 2145 2147 2113 -1 2113 2148 2145 -1 2144 2122 2146 -1 2144 2138 2122 -1 2140 2114 2118 -1 2140 2149 2114 -1 2156 2129 2128 -1 2917 3010 2179 -1 2136 2135 2126 -1 2126 2125 2136 -1 2110 3010 2132 -1 2110 2179 3010 -1 2146 2965 2291 -1 2112 2115 2114 -1 2115 2118 2114 -1 4 2047 2147 -1 2047 2113 2147 -1 3011 2623 2593 -1 2593 2623 2108 -1 2108 2106 2593 -1 2310 2621 2309 -1 2621 2617 2309 -1 2191 2102 2182 -1 2182 2996 2191 -1 3012 2094 2093 -1 2886 2660 2582 -1 2886 2661 2660 -1 1420 2077 2608 -1 1417 2607 2076 -1 1417 2489 2607 -1 2607 2077 2076 -1 2637 2162 2163 -1 2163 3013 2637 -1 2062 2265 30 -1 3014 2062 749 -1 3014 2063 2062 -1 2969 2259 2844 -1 2969 2973 2259 -1 3015 3016 2872 -1 3017 2876 3018 -1 3017 3018 1426 -1 1426 2034 3017 -1 2265 757 30 -1 2265 3 757 -1 2112 2153 2598 -1 2598 2115 2112 -1 2040 2597 2037 -1 3019 2153 3020 -1 2153 2045 3020 -1 3021 2050 3017 -1 3017 3022 3021 -1 3023 3024 3025 -1 3024 3015 3025 -1 2603 2594 2596 -1 2603 3026 2594 -1 2670 2053 2849 -1 2670 2672 2053 -1 2594 3022 1409 -1 1409 1408 2594 -1 2153 3019 2597 -1 2029 2036 2028 -1 2036 2967 2028 -1 3027 3028 3029 -1 3027 3030 3028 -1 2023 2027 2024 -1 2025 2799 1750 -1 1750 3031 2025 -1 1752 3031 1750 -1 2017 2016 3032 -1 2016 2026 3032 -1 3033 3034 3035 -1 3034 3036 3035 -1 1620 2011 2008 -1 2006 3037 3038 -1 2006 2005 3037 -1 2003 2004 2000 -1 2003 3039 2004 -1 3040 1999 1996 -1 3040 3034 1999 -1 3041 2002 2001 -1 3042 3043 3044 -1 3044 3045 3042 -1 1599 2013 1596 -1 1605 1598 1602 -1 1600 1614 3046 -1 1600 1991 1614 -1 3028 3047 3048 -1 3049 3046 1614 -1 1614 1993 3050 -1 3050 1615 1614 -1 1986 1993 1991 -1 3051 1984 3052 -1 1989 1983 1990 -1 1988 1987 3053 -1 3053 1989 1988 -1 1985 1986 1992 -1 3054 1979 1855 -1 3054 3030 1979 -1 3030 3051 3028 -1 3030 1984 3051 -1 1982 1981 3055 -1 3056 1855 1980 -1 3056 3054 1855 -1 1856 1978 1857 -1 1857 1941 3057 -1 3038 3037 3058 -1 3058 3059 3038 -1 1646 1645 1800 -1 1636 1634 1800 -1 1668 1635 1649 -1 1593 1907 3060 -1 3060 1651 1593 -1 1658 1670 3061 -1 1974 1972 1971 -1 1972 1968 1971 -1 1968 3062 1969 -1 1974 1970 3063 -1 1974 1971 1970 -1 889 888 1518 -1 888 1516 1518 -1 1512 1958 3064 -1 1958 1957 3064 -1 1966 1960 1962 -1 1960 3065 1962 -1 1966 1961 1965 -1 1965 1964 1510 -1 1510 1514 1965 -1 1959 1956 1955 -1 1955 3066 1959 -1 1933 1938 1948 -1 1948 3067 1933 -1 1941 1857 1942 -1 3068 1492 1489 -1 1943 3069 1499 -1 1940 1504 1503 -1 1937 1935 3070 -1 1748 1934 1931 -1 1931 1930 1748 -1 1931 3071 1932 -1 1930 1913 1745 -1 1746 1745 1929 -1 1929 3072 1746 -1 1929 1547 1624 -1 1982 3055 1624 -1 3073 3074 1926 -1 1623 1628 1895 -1 1895 3075 1623 -1 1954 3076 1932 -1 1954 3077 3076 -1 1919 1925 1574 -1 1911 1582 1909 -1 1911 1923 1582 -1 1921 1467 1472 -1 1921 1560 1467 -1 1921 3078 1560 -1 3078 3079 1556 -1 1556 1560 3078 -1 1570 1870 1554 -1 1554 1918 1570 -1 1870 1552 1554 -1 1870 1876 1552 -1 1907 1905 3080 -1 1905 1862 3080 -1 1587 3081 3082 -1 1587 3083 3081 -1 1912 1583 1581 -1 1648 1635 1880 -1 1635 1638 1880 -1 3084 1904 1903 -1 3084 3085 1904 -1 1903 1902 1882 -1 1882 3084 1903 -1 1883 1900 1864 -1 1883 1864 1881 -1 1894 3086 1898 -1 1894 1889 3086 -1 1894 1899 1897 -1 1898 3087 1986 -1 1986 1899 1898 -1 3088 1611 1608 -1 1888 1585 1584 -1 1887 1640 1885 -1 3089 3090 1898 -1 1898 3086 3089 -1 1926 3074 1881 -1 1878 3091 3092 -1 1878 1884 3091 -1 1879 1878 3092 -1 3092 3093 1879 -1 1886 1901 3094 -1 1994 1598 1597 -1 1861 3080 1862 -1 1540 1861 1530 -1 1861 1787 1530 -1 1038 3095 1040 -1 3095 3096 1040 -1 2568 1844 1850 -1 2568 1843 1844 -1 3097 3098 3099 -1 3099 3100 3097 -1 1845 3101 1846 -1 1847 1846 3102 -1 1843 2555 1840 -1 1841 3103 1842 -1 3104 1841 1799 -1 2909 1836 1834 -1 2909 1835 1836 -1 1832 1834 3105 -1 1830 3106 3107 -1 1830 1829 3106 -1 3105 1743 1744 -1 1744 1832 3105 -1 3108 1439 1446 -1 1446 3109 3108 -1 1436 1435 1739 -1 1739 1824 1436 -1 1825 1823 3110 -1 1825 1810 1823 -1 1820 1819 3111 -1 3111 3112 1820 -1 1441 1438 1816 -1 1816 1804 1441 -1 1435 1437 3113 -1 3113 3114 1435 -1 1810 1739 1741 -1 1741 1806 1810 -1 1445 1738 1805 -1 1445 1442 1738 -1 3103 3115 3116 -1 3116 1842 3103 -1 3117 3118 3119 -1 3119 3120 3117 -1 3121 3122 3123 -1 3121 3107 3122 -1 3124 1655 3125 -1 3126 1653 1800 -1 1798 1663 1662 -1 1662 1667 1798 -1 1789 3127 1666 -1 1617 1793 1790 -1 1617 3128 1793 -1 3129 3130 3131 -1 1787 1863 1786 -1 1863 3132 1786 -1 1779 1768 3133 -1 1779 1778 1768 -1 3134 3135 3136 -1 3134 3137 3135 -1 1132 3138 1133 -1 1132 1783 3138 -1 1762 3139 1771 -1 1762 3140 3139 -1 1540 1539 1859 -1 1772 1724 1773 -1 1772 1449 1724 -1 1527 1767 1535 -1 1767 1761 1535 -1 1539 1538 3141 -1 1538 3142 3141 -1 3143 1768 1778 -1 3143 1767 1768 -1 1532 1762 1771 -1 1771 1533 1532 -1 1673 1672 1678 -1 2790 1756 1755 -1 1945 1944 1937 -1 1937 3070 1945 -1 1680 1498 3144 -1 3144 1681 1680 -1 1944 1500 3145 -1 1944 1501 1500 -1 1747 1930 1745 -1 1682 1679 1736 -1 1682 1736 1804 -1 1736 1738 1804 -1 3146 1816 1817 -1 3146 3147 1816 -1 1757 3147 3146 -1 1757 3148 3147 -1 1675 1728 1474 -1 1672 1808 1807 -1 1672 3149 1808 -1 1748 1936 1934 -1 3144 1749 3150 -1 1749 3151 3150 -1 3068 1489 1715 -1 1715 1714 3068 -1 13 1711 1710 -1 1710 14 13 -1 1728 1675 1729 -1 1675 3152 1729 -1 1673 1678 1727 -1 1727 3153 1673 -1 3154 1464 1466 -1 3155 1449 1448 -1 1760 3156 3157 -1 1459 1534 1458 -1 1459 1721 1534 -1 1691 1729 3152 -1 1691 3158 1729 -1 1684 1461 1460 -1 1684 1683 1461 -1 3159 3150 3151 -1 3159 3160 3150 -1 1716 3161 1714 -1 1712 1715 1710 -1 1712 1713 1715 -1 1694 1709 1695 -1 1709 3158 1695 -1 1708 3162 3163 -1 3163 1686 1708 -1 1703 1463 1701 -1 1703 1694 1463 -1 1716 1700 1699 -1 1716 1713 1700 -1 1693 3152 3153 -1 1693 1691 3152 -1 1695 1455 1454 -1 1695 1692 1455 -1 3158 1692 1695 -1 3158 1691 1692 -1 3160 3164 1687 -1 3160 3159 3164 -1 1687 1683 1685 -1 1685 3160 1687 -1 3144 1498 1749 -1 1474 1728 13 -1 1760 3157 3165 -1 3154 1723 1722 -1 1722 1464 3154 -1 1795 1661 1796 -1 1661 1660 1796 -1 1668 1977 1633 -1 1633 1635 1668 -1 3166 1905 1595 -1 3166 3167 1905 -1 1648 3168 1649 -1 1646 3169 1632 -1 1646 1653 3169 -1 1643 1903 1644 -1 1643 1902 1903 -1 3170 3171 1868 -1 1867 3172 3173 -1 1867 1869 3172 -1 1634 1638 1635 -1 1634 1636 1638 -1 1631 1868 1632 -1 1631 3170 1868 -1 1864 1629 1881 -1 1625 1628 1623 -1 1625 1626 1628 -1 1621 1792 3174 -1 1621 1790 1792 -1 1617 1790 1618 -1 1790 1621 1618 -1 2004 3039 2005 -1 3175 3176 3177 -1 3175 1608 1607 -1 1607 3176 3175 -1 3040 3178 3179 -1 1995 3033 2012 -1 3033 3180 2012 -1 3033 3035 3180 -1 1600 3046 1603 -1 1551 1927 3181 -1 1551 3073 1927 -1 1877 3182 1564 -1 1926 1927 3073 -1 1564 1563 1591 -1 1590 1565 1568 -1 1568 1588 1590 -1 3183 1917 3184 -1 3184 3185 3183 -1 3186 1917 1915 -1 3187 3188 3189 -1 3189 3132 3187 -1 1537 1573 1541 -1 1537 1786 1573 -1 1575 1580 1923 -1 1580 1582 1923 -1 3190 3191 1912 -1 1541 1574 1925 -1 1570 1918 1572 -1 1918 1915 1572 -1 1573 3189 1575 -1 3189 1580 1575 -1 1564 3182 1562 -1 1548 1551 1546 -1 1551 3181 1546 -1 1557 1560 1556 -1 1557 1558 1560 -1 1928 3192 1549 -1 1549 1548 1928 -1 1546 3181 1547 -1 1921 1920 3078 -1 1917 3186 3184 -1 1557 1555 1928 -1 1928 1914 1557 -1 1928 1545 1914 -1 3080 1540 1859 -1 3080 1861 1540 -1 1923 1574 1575 -1 1953 3077 1954 -1 1953 1924 3077 -1 1953 1536 1924 -1 1953 1776 1536 -1 1721 1532 1534 -1 1529 1531 1526 -1 1526 1525 1529 -1 1535 1528 1527 -1 1327 1328 1958 -1 1958 1329 1327 -1 1330 1512 1515 -1 1333 1332 1510 -1 1332 1514 1510 -1 1508 1964 1946 -1 1508 1510 1964 -1 1502 1482 3069 -1 1946 1964 1511 -1 1511 1507 1946 -1 15 3070 1936 -1 1941 1499 1484 -1 1484 3057 1941 -1 3057 1497 1857 -1 1492 1493 1490 -1 1493 1495 1490 -1 1486 1487 1484 -1 1436 3193 1437 -1 3193 3194 1437 -1 3097 1848 3109 -1 3109 1826 3097 -1 1473 3195 1474 -1 3196 3197 3198 -1 3197 3072 3198 -1 1759 1479 1477 -1 1471 1472 1469 -1 1468 1470 1469 -1 3155 1725 1724 -1 1724 1449 3155 -1 1534 3199 1458 -1 1702 3154 1466 -1 1466 1697 1702 -1 1461 1688 1448 -1 1688 3155 1448 -1 18 1456 3199 -1 1456 1458 3199 -1 1721 1720 1462 -1 1462 1447 1721 -1 1445 3114 1443 -1 1445 1740 3114 -1 1740 1435 3114 -1 1818 1438 1440 -1 3174 1622 1621 -1 2017 3200 3201 -1 3201 2015 2017 -1 2727 2726 3201 -1 2726 3202 3201 -1 145 1387 3203 -1 2083 2082 1427 -1 1427 1429 2083 -1 1411 3204 2600 -1 1421 1422 3205 -1 1422 3206 3205 -1 3207 3208 3209 -1 3209 1425 3207 -1 2083 2604 2606 -1 2049 1423 1425 -1 1425 3209 2049 -1 1417 1419 1416 -1 1419 2075 2074 -1 2074 1416 1419 -1 1418 1421 3208 -1 3208 2873 1418 -1 2097 2488 2095 -1 289 26 25 -1 289 35 26 -1 3210 3211 1403 -1 3211 239 1403 -1 1403 3212 3210 -1 239 1405 1403 -1 239 3213 1405 -1 739 742 1406 -1 742 1404 1406 -1 1406 1393 739 -1 1393 1392 739 -1 755 1401 3214 -1 1401 1399 3214 -1 3215 1389 3216 -1 1389 1390 3216 -1 557 3217 3218 -1 3218 558 557 -1 1089 1091 1059 -1 1102 3219 1375 -1 1375 1099 1102 -1 1102 1075 3219 -1 1374 1141 1200 -1 1207 3220 3221 -1 3222 1201 1232 -1 1201 1233 1232 -1 1373 1203 1202 -1 1202 1236 1373 -1 1210 1211 1200 -1 1211 1371 1200 -1 3222 1232 1228 -1 1198 1197 3223 -1 3224 1362 1364 -1 1365 1362 1361 -1 1363 1362 3224 -1 1245 1244 1353 -1 3225 3226 1359 -1 1359 3227 3225 -1 3226 1360 1359 -1 3228 1337 3229 -1 1345 3230 1341 -1 1345 3231 3230 -1 1346 1341 3232 -1 918 917 1349 -1 917 3233 1349 -1 1342 1166 3232 -1 920 1341 3230 -1 3231 1344 1169 -1 3231 1345 1344 -1 1170 1348 1349 -1 3228 922 1336 -1 1336 1337 3228 -1 923 3234 3235 -1 3235 1339 923 -1 1509 1335 1333 -1 1335 899 1333 -1 1339 3235 1338 -1 893 1513 1330 -1 1330 1332 901 -1 901 1331 1330 -1 891 890 3236 -1 3237 1521 1520 -1 1520 3238 3237 -1 3239 1524 1328 -1 1323 1145 1325 -1 1323 1326 1145 -1 1322 1324 1035 -1 1153 1152 1204 -1 1204 1143 1153 -1 1324 1297 1035 -1 1324 1304 1297 -1 1146 1034 1137 -1 1304 1298 1297 -1 3240 3241 3242 -1 1318 937 1309 -1 1281 3243 1313 -1 1313 1308 1281 -1 965 962 3244 -1 1316 3240 958 -1 958 1310 1316 -1 1311 955 3224 -1 1313 3243 3245 -1 1307 1283 1286 -1 1289 1290 969 -1 1290 967 969 -1 3246 3247 1305 -1 1305 961 3246 -1 1299 1298 1302 -1 1298 949 1302 -1 987 1301 988 -1 1301 953 988 -1 1300 1299 1306 -1 1306 3248 1300 -1 1015 3249 1016 -1 1288 983 1290 -1 983 3250 1290 -1 873 1255 3251 -1 819 823 1032 -1 819 818 823 -1 1278 822 3252 -1 1278 1277 822 -1 3252 821 3253 -1 3252 822 821 -1 1012 1013 1273 -1 3254 3255 1012 -1 1012 1273 3254 -1 1010 3256 3257 -1 828 3258 832 -1 1128 3259 1268 -1 798 1267 1268 -1 798 1379 1267 -1 937 936 942 -1 942 1263 937 -1 1264 941 3260 -1 3260 1262 1264 -1 3261 3262 3263 -1 1253 872 869 -1 868 990 3264 -1 3265 3266 1019 -1 3267 1258 1257 -1 867 3262 865 -1 867 3264 3268 -1 872 871 989 -1 3269 876 873 -1 3269 3270 876 -1 1117 1115 3271 -1 1123 1249 1252 -1 1123 3272 1249 -1 1124 3273 3274 -1 1122 3272 1123 -1 1122 1126 3272 -1 871 870 3275 -1 3275 3269 871 -1 1156 1182 1181 -1 1156 1158 1182 -1 3276 1157 3277 -1 1172 1174 1164 -1 1174 1167 1164 -1 1209 1208 1243 -1 1243 1225 1209 -1 1240 1208 1210 -1 1210 1370 1240 -1 1238 1373 1236 -1 1238 3278 1373 -1 1209 1235 1211 -1 1235 1237 1211 -1 1234 1231 3279 -1 3279 1206 1234 -1 1217 1192 3280 -1 1217 1220 1192 -1 1219 1228 1232 -1 1219 1218 1228 -1 1229 3281 1369 -1 1229 3282 3281 -1 1226 1368 1227 -1 1226 1230 1368 -1 20 3283 1221 -1 20 3279 3283 -1 1373 3278 21 -1 1222 1238 1235 -1 1222 3284 1238 -1 1217 3280 1216 -1 1216 1215 1217 -1 1235 1209 1225 -1 1225 1222 1235 -1 1207 3285 1194 -1 1207 3286 3285 -1 3279 1231 3283 -1 1231 1233 3283 -1 1372 1202 1205 -1 3222 1248 1247 -1 1140 3223 1366 -1 1140 1198 3223 -1 1180 3280 1192 -1 1180 1245 3280 -1 3287 3288 3289 -1 3287 3290 3288 -1 3289 1095 1094 -1 3289 3288 1095 -1 1173 1101 3291 -1 1089 1097 1376 -1 1097 1096 1376 -1 3292 1094 1072 -1 1072 1071 3292 -1 1353 933 931 -1 931 1171 1353 -1 928 1245 1353 -1 1353 1171 928 -1 1340 3293 1245 -1 54 786 55 -1 42 1159 3294 -1 42 47 1159 -1 1179 1358 3295 -1 1154 1205 1152 -1 1145 1151 1325 -1 1145 1142 1151 -1 1153 3296 1155 -1 3296 3297 1155 -1 1138 3298 1139 -1 1138 3299 3298 -1 1321 1304 1324 -1 1324 1325 1321 -1 3300 3301 1150 -1 3300 3302 3301 -1 1138 3303 3304 -1 3304 3299 1138 -1 1374 1200 1371 -1 1132 1135 1784 -1 1135 3305 1784 -1 1374 3306 3303 -1 1374 3307 3306 -1 3303 1141 1374 -1 3303 1138 1141 -1 1036 1035 1300 -1 1035 1297 1300 -1 3308 1125 3309 -1 3310 3311 1250 -1 1250 1249 3310 -1 1252 1251 3275 -1 3275 3273 1252 -1 3312 1122 1121 -1 1121 1065 3312 -1 1117 866 865 -1 3313 3314 3315 -1 1086 1101 1088 -1 1086 1102 1101 -1 1099 1376 1100 -1 1376 3276 1100 -1 1098 1185 1184 -1 1184 1096 1098 -1 3316 1098 1080 -1 3316 3317 1098 -1 3317 3318 1098 -1 3318 1185 1098 -1 1093 1095 3319 -1 3319 3320 1093 -1 1085 1087 1176 -1 1176 1377 1085 -1 1083 3321 1081 -1 3322 3316 1079 -1 3316 1080 1079 -1 1097 1060 1080 -1 1060 1077 1080 -1 1352 3323 1375 -1 1375 3219 1352 -1 3324 3325 3326 -1 3324 3327 3325 -1 3321 1083 3324 -1 1069 1066 3328 -1 3329 3330 3331 -1 3329 1057 3330 -1 1061 1065 1062 -1 347 1042 1057 -1 1052 1055 1053 -1 1042 3332 1351 -1 1042 1041 3332 -1 3333 3334 3335 -1 3334 3336 3335 -1 847 856 855 -1 3337 1137 1136 -1 3337 3338 1137 -1 977 1033 3339 -1 1033 1036 3339 -1 1016 3249 999 -1 3340 1019 3266 -1 3341 1258 3342 -1 3341 994 1258 -1 3265 1019 3343 -1 3344 3345 1260 -1 3346 3246 961 -1 961 960 3346 -1 3347 1288 1287 -1 1287 1285 3347 -1 980 979 3348 -1 3348 3349 980 -1 1286 964 1307 -1 1282 3349 1283 -1 3349 3348 1283 -1 1022 991 1026 -1 1025 998 996 -1 1025 1001 998 -1 1018 3343 1019 -1 3249 3340 1028 -1 3249 1015 3340 -1 1017 1014 1002 -1 1017 1015 1014 -1 3255 3350 1009 -1 1009 1012 3255 -1 1005 1007 1003 -1 999 1262 1016 -1 1262 3260 1016 -1 999 3249 1000 -1 993 1258 994 -1 867 3344 1260 -1 867 3268 3344 -1 977 3339 976 -1 3339 3351 976 -1 875 976 1255 -1 1255 873 875 -1 3352 3353 952 -1 952 951 3352 -1 988 952 972 -1 932 1317 1310 -1 1310 1311 932 -1 960 964 1286 -1 1286 3346 960 -1 3241 962 963 -1 3241 3240 962 -1 948 957 1315 -1 1315 3354 948 -1 952 988 953 -1 948 951 954 -1 954 949 948 -1 950 1320 948 -1 1320 957 948 -1 1320 945 957 -1 943 839 842 -1 943 944 839 -1 939 1263 1264 -1 939 1280 1263 -1 1318 1309 1308 -1 1308 1312 1318 -1 936 850 942 -1 850 840 942 -1 934 1317 932 -1 932 931 934 -1 929 928 1171 -1 3355 929 1311 -1 929 932 1311 -1 930 929 906 -1 930 926 927 -1 930 908 926 -1 928 1340 1245 -1 928 1186 1340 -1 924 926 908 -1 908 910 924 -1 922 105 3356 -1 3356 1336 922 -1 920 474 858 -1 920 919 474 -1 1162 1170 1163 -1 1334 106 1339 -1 923 106 105 -1 923 1339 106 -1 910 915 912 -1 910 909 915 -1 903 3357 904 -1 895 1328 892 -1 895 3239 1328 -1 902 3237 3238 -1 3238 3358 902 -1 3359 898 915 -1 898 913 915 -1 900 1338 897 -1 896 898 3359 -1 1521 890 1967 -1 890 889 1967 -1 3360 3361 3362 -1 3362 3363 3360 -1 883 887 884 -1 883 882 887 -1 883 3364 879 -1 879 880 883 -1 3365 1250 3311 -1 1254 3275 870 -1 869 866 1253 -1 3262 867 1260 -1 856 474 473 -1 853 1358 854 -1 853 1359 1358 -1 855 848 847 -1 854 856 847 -1 852 840 850 -1 852 837 840 -1 1006 833 1007 -1 1006 844 833 -1 841 943 842 -1 838 842 839 -1 834 833 845 -1 831 834 828 -1 1031 1277 834 -1 812 3366 813 -1 3366 3367 813 -1 802 801 807 -1 801 804 807 -1 3259 803 799 -1 3368 1379 800 -1 1379 798 800 -1 796 795 3369 -1 3369 3370 796 -1 820 792 818 -1 1380 788 787 -1 787 3371 1380 -1 43 3372 38 -1 1161 783 782 -1 42 3294 3372 -1 3372 43 42 -1 780 787 781 -1 779 820 819 -1 771 194 3215 -1 3215 3216 771 -1 3373 196 438 -1 196 436 438 -1 1402 27 26 -1 12 3374 10 -1 759 3375 3376 -1 759 285 3375 -1 285 3377 3375 -1 285 282 3377 -1 3378 762 183 -1 3378 3379 762 -1 728 3379 729 -1 3379 3380 729 -1 1401 755 27 -1 27 1402 1401 -1 765 288 273 -1 3381 190 189 -1 189 685 3381 -1 189 3382 685 -1 189 186 3382 -1 191 190 179 -1 190 180 179 -1 29 3383 3384 -1 29 3385 3383 -1 190 3381 180 -1 176 181 177 -1 176 3386 181 -1 287 3387 274 -1 278 280 1405 -1 742 741 743 -1 742 739 741 -1 207 3388 205 -1 200 1388 437 -1 306 305 197 -1 305 196 197 -1 434 205 737 -1 434 3389 205 -1 3390 738 3391 -1 3390 431 738 -1 3392 3393 3394 -1 3389 433 736 -1 3389 434 433 -1 1407 275 203 -1 203 435 1407 -1 3395 349 3391 -1 3391 738 3395 -1 247 3396 248 -1 248 3396 732 -1 676 677 689 -1 727 705 713 -1 727 728 705 -1 726 581 723 -1 720 3397 692 -1 3397 690 692 -1 680 683 699 -1 683 3398 699 -1 689 698 721 -1 689 688 698 -1 719 3399 718 -1 702 709 724 -1 702 707 709 -1 704 723 712 -1 712 714 704 -1 710 700 697 -1 710 707 700 -1 710 706 708 -1 710 696 706 -1 694 713 705 -1 694 711 713 -1 703 704 3400 -1 704 714 3400 -1 700 707 701 -1 707 702 701 -1 762 3379 758 -1 3379 727 758 -1 3379 728 727 -1 584 726 725 -1 674 719 692 -1 677 715 688 -1 603 684 3401 -1 603 170 169 -1 3402 747 3382 -1 3402 745 747 -1 674 679 675 -1 674 691 679 -1 690 683 682 -1 682 691 690 -1 3403 391 678 -1 3403 393 391 -1 395 394 3404 -1 677 400 3405 -1 400 399 3405 -1 689 716 676 -1 351 350 663 -1 398 401 328 -1 3406 663 323 -1 663 324 323 -1 669 319 322 -1 323 3407 3406 -1 644 653 645 -1 638 655 646 -1 646 659 638 -1 656 3408 657 -1 3408 3409 657 -1 3410 31 3411 -1 643 3412 654 -1 643 651 3412 -1 640 654 644 -1 640 643 654 -1 640 644 3413 -1 644 647 3413 -1 638 659 445 -1 458 464 462 -1 3414 3415 636 -1 3416 265 3417 -1 3416 266 265 -1 3418 3419 429 -1 627 359 355 -1 3420 625 3421 -1 3420 624 625 -1 413 353 3422 -1 3423 408 3424 -1 3425 3426 3427 -1 3425 418 3426 -1 3428 619 227 -1 619 228 227 -1 458 457 3429 -1 457 618 3429 -1 601 616 163 -1 163 602 601 -1 597 611 621 -1 621 594 597 -1 3430 470 3428 -1 3428 227 3430 -1 463 111 620 -1 750 235 162 -1 3431 167 3432 -1 29 28 3385 -1 28 3433 3385 -1 606 175 3434 -1 606 172 175 -1 3431 612 596 -1 612 597 596 -1 3435 596 3436 -1 607 3436 596 -1 596 595 607 -1 168 3435 598 -1 3435 604 598 -1 3435 168 167 -1 170 246 232 -1 232 234 170 -1 163 616 164 -1 2279 589 591 -1 591 2281 2279 -1 621 611 610 -1 610 3437 621 -1 591 590 3438 -1 3438 2286 591 -1 3439 3440 3441 -1 3439 3442 3440 -1 756 729 3380 -1 756 3443 729 -1 586 656 637 -1 3444 443 3445 -1 3444 3446 443 -1 3447 2301 3448 -1 3447 2299 2301 -1 127 122 3449 -1 3450 733 3451 -1 733 3452 3451 -1 733 259 3452 -1 3453 574 100 -1 574 576 100 -1 3454 129 3455 -1 3455 101 3454 -1 3456 140 141 -1 3456 570 140 -1 571 566 572 -1 566 569 572 -1 3454 132 129 -1 3454 563 132 -1 560 3457 562 -1 560 3458 3457 -1 3459 535 3460 -1 535 551 3460 -1 522 534 3461 -1 522 3462 534 -1 3460 3463 3459 -1 3464 452 3465 -1 447 446 3466 -1 446 3467 3466 -1 3468 3469 3470 -1 3470 3471 3468 -1 3472 3473 537 -1 3473 538 537 -1 3474 3475 544 -1 544 546 3474 -1 532 538 3470 -1 3470 3476 532 -1 541 555 547 -1 541 540 555 -1 3477 539 545 -1 545 544 3477 -1 542 3467 3478 -1 542 3479 3467 -1 3480 3481 3461 -1 3480 3482 3481 -1 533 532 536 -1 532 3476 536 -1 3483 498 497 -1 3483 528 498 -1 526 422 421 -1 526 523 422 -1 3484 548 554 -1 387 372 388 -1 341 507 502 -1 388 371 3485 -1 3485 419 388 -1 419 3485 3486 -1 3486 338 419 -1 511 3487 2410 -1 2410 508 511 -1 506 343 345 -1 345 3488 506 -1 3489 341 340 -1 3489 507 341 -1 505 336 3490 -1 422 389 420 -1 496 495 493 -1 493 500 496 -1 3491 500 86 -1 494 453 483 -1 483 482 494 -1 155 158 3492 -1 2436 476 3493 -1 158 157 3494 -1 3494 3492 158 -1 478 488 3493 -1 3493 476 478 -1 157 3495 3494 -1 3493 152 151 -1 3493 488 152 -1 3496 486 485 -1 2448 3496 485 -1 3497 495 482 -1 3497 92 495 -1 3498 76 75 -1 75 89 3498 -1 3499 3500 3501 -1 3499 3502 3500 -1 480 2436 475 -1 475 150 147 -1 475 151 150 -1 479 146 149 -1 149 2458 479 -1 2461 144 143 -1 466 619 407 -1 407 406 466 -1 636 3415 459 -1 454 423 450 -1 33 3411 31 -1 442 519 3503 -1 442 444 519 -1 3504 3505 3506 -1 3504 3507 3505 -1 519 3508 3503 -1 519 3509 3508 -1 3509 3474 546 -1 546 3510 3509 -1 3510 3508 3509 -1 3510 543 3511 -1 543 3512 3511 -1 3510 546 543 -1 3513 3514 3515 -1 3513 3298 3514 -1 3504 3445 3507 -1 3516 3517 3518 -1 3516 3471 3473 -1 269 268 275 -1 3519 356 358 -1 3395 737 3520 -1 3395 738 737 -1 3394 3521 630 -1 630 3522 3394 -1 631 630 3519 -1 630 3521 3519 -1 427 428 430 -1 427 426 428 -1 567 3523 1266 -1 567 3524 3523 -1 3525 570 3526 -1 3525 571 570 -1 627 3527 430 -1 3528 3529 425 -1 3528 3530 3529 -1 3531 390 422 -1 390 389 422 -1 3532 3533 3534 -1 3532 3535 3533 -1 514 3536 503 -1 514 501 3536 -1 501 513 3536 -1 373 3485 371 -1 3426 418 3414 -1 3414 3537 3426 -1 460 3538 469 -1 460 3539 3538 -1 417 3540 459 -1 459 3415 417 -1 417 416 365 -1 412 411 354 -1 3541 407 409 -1 3541 405 407 -1 406 622 468 -1 622 3542 468 -1 406 408 622 -1 663 3406 674 -1 3543 378 390 -1 378 387 390 -1 381 380 3535 -1 374 3529 3530 -1 379 3530 367 -1 368 3425 370 -1 370 369 368 -1 365 367 366 -1 364 366 3544 -1 327 356 3545 -1 347 1058 348 -1 345 348 3546 -1 345 346 348 -1 3489 344 343 -1 343 507 3489 -1 504 3547 3548 -1 504 505 3547 -1 334 3427 335 -1 3549 623 3423 -1 3549 626 623 -1 327 326 3422 -1 326 332 3422 -1 3550 326 329 -1 3550 3551 326 -1 346 1043 347 -1 346 3552 1043 -1 3489 3553 344 -1 3489 3554 3553 -1 505 315 3547 -1 505 313 315 -1 3555 3556 3557 -1 3555 3558 3556 -1 322 3559 325 -1 322 672 3559 -1 204 320 317 -1 204 3560 320 -1 3561 3562 3560 -1 3561 3563 3562 -1 3564 2587 3565 -1 3564 2588 2587 -1 3566 3437 610 -1 610 160 3566 -1 776 775 36 -1 36 289 776 -1 760 758 283 -1 283 285 760 -1 773 771 34 -1 36 775 3567 -1 775 3568 3567 -1 777 3375 3377 -1 438 437 1389 -1 1392 1400 276 -1 1400 277 276 -1 741 740 744 -1 287 3569 3387 -1 268 261 742 -1 263 3570 264 -1 261 1403 742 -1 261 3212 1403 -1 261 249 3212 -1 745 249 3571 -1 734 3450 3572 -1 734 733 3450 -1 255 260 257 -1 732 256 258 -1 256 255 258 -1 3573 3574 252 -1 254 259 255 -1 251 264 3575 -1 251 250 264 -1 3396 247 3576 -1 247 251 3576 -1 603 3401 245 -1 247 240 242 -1 242 3577 247 -1 3578 745 3571 -1 3578 748 745 -1 3402 3382 186 -1 602 235 234 -1 233 238 229 -1 3579 3580 229 -1 3580 3581 115 -1 3580 579 3581 -1 221 3579 224 -1 221 223 3579 -1 731 225 243 -1 222 226 3582 -1 222 221 226 -1 3583 212 214 -1 1407 3388 207 -1 207 269 1407 -1 200 202 201 -1 200 199 202 -1 196 3373 193 -1 195 3584 197 -1 195 12 3584 -1 3585 2665 2664 -1 3585 3586 2665 -1 2669 3444 2668 -1 2669 3587 3444 -1 778 185 184 -1 190 182 185 -1 185 189 190 -1 3588 2847 3014 -1 3014 3384 3588 -1 3589 2676 2677 -1 2677 3590 3589 -1 3386 3590 3588 -1 3386 176 3590 -1 175 604 3434 -1 175 174 604 -1 686 3381 685 -1 685 169 686 -1 162 165 615 -1 165 3432 615 -1 164 616 620 -1 165 164 3591 -1 613 165 3591 -1 613 3432 165 -1 591 2286 2685 -1 2685 2281 591 -1 160 159 3566 -1 159 3592 3566 -1 156 161 3593 -1 477 492 478 -1 477 153 492 -1 107 1386 3594 -1 107 106 1386 -1 577 556 3595 -1 569 568 577 -1 137 3596 135 -1 137 3597 3596 -1 3595 556 558 -1 558 3598 3595 -1 136 135 138 -1 135 133 138 -1 130 141 133 -1 130 132 141 -1 3599 3600 3601 -1 3599 127 3600 -1 3602 563 3454 -1 3454 3603 3602 -1 126 3604 3605 -1 126 125 3604 -1 113 3606 123 -1 3606 124 123 -1 99 3603 101 -1 3603 3454 101 -1 120 3607 3608 -1 120 3609 3607 -1 110 109 3429 -1 3429 3610 110 -1 3458 560 574 -1 1383 3611 1384 -1 3612 3613 3614 -1 3612 3615 3613 -1 559 3616 575 -1 3616 3617 575 -1 3618 561 562 -1 562 3619 3618 -1 3619 562 3457 -1 575 574 559 -1 574 560 559 -1 3620 3621 3622 -1 290 3622 3623 -1 3624 3625 108 -1 108 110 3624 -1 3626 3627 3610 -1 66 576 439 -1 439 102 66 -1 100 576 66 -1 66 69 100 -1 68 97 69 -1 98 94 116 -1 89 87 490 -1 490 3498 89 -1 92 3497 3628 -1 3497 3629 3628 -1 81 483 82 -1 81 84 483 -1 81 79 83 -1 79 3630 83 -1 78 59 79 -1 78 77 517 -1 74 516 481 -1 481 75 74 -1 74 3631 516 -1 72 74 76 -1 72 73 74 -1 73 3632 74 -1 3632 3631 74 -1 65 67 63 -1 63 67 3633 -1 3633 64 63 -1 60 59 78 -1 57 61 58 -1 3634 59 37 -1 855 39 38 -1 41 40 48 -1 40 3635 48 -1 56 50 52 -1 52 55 56 -1 52 51 55 -1 51 53 55 -1 49 44 50 -1 3636 3637 45 -1 40 43 38 -1 608 1 172 -1 722 729 3443 -1 3638 650 649 -1 3638 635 650 -1 195 3374 12 -1 195 192 3374 -1 3286 3221 19 -1 3286 1207 3221 -1 20 3220 3279 -1 18 3639 3640 -1 1452 3157 3156 -1 2049 1410 2034 -1 749 2062 30 -1 1408 1411 2595 -1 1693 1451 1450 -1 1693 3639 1451 -1 1693 3641 3639 -1 19 3220 20 -1 19 3221 3220 -1 3371 3642 3614 -1 3371 784 3642 -1 3612 46 441 -1 3612 3643 46 -1 45 103 102 -1 45 3637 103 -1 3636 58 3644 -1 3636 3635 58 -1 3642 51 3643 -1 3642 53 51 -1 49 3635 3636 -1 48 3635 49 -1 39 3634 37 -1 39 472 3634 -1 60 3631 3632 -1 60 78 3631 -1 3644 3633 103 -1 3644 64 3633 -1 65 68 67 -1 65 95 68 -1 73 61 3632 -1 61 73 71 -1 517 3631 78 -1 516 3631 517 -1 59 3630 79 -1 3630 59 3634 -1 3630 3645 83 -1 3630 471 3645 -1 3497 3623 3629 -1 3497 290 3623 -1 489 3624 3627 -1 3646 3624 489 -1 76 3647 72 -1 76 3648 3647 -1 98 118 97 -1 118 98 116 -1 95 98 68 -1 94 98 95 -1 94 114 116 -1 94 96 114 -1 112 3648 3649 -1 112 3647 3648 -1 3624 3610 3627 -1 3610 3624 110 -1 92 3494 93 -1 3494 92 3628 -1 85 3622 290 -1 3622 85 3620 -1 152 3622 3621 -1 152 3623 3622 -1 3356 104 3650 -1 105 104 3356 -1 473 39 855 -1 473 472 39 -1 131 3455 129 -1 3458 3455 131 -1 291 3457 292 -1 3457 291 3619 -1 3619 3596 3618 -1 3619 291 3596 -1 3651 561 3618 -1 561 3651 3652 -1 441 3615 3612 -1 441 440 3615 -1 3614 1380 3371 -1 3614 3613 1380 -1 3611 3653 3654 -1 3611 1383 3653 -1 3655 3652 3651 -1 3652 3655 3654 -1 3655 3218 3656 -1 3218 3655 3657 -1 3597 3618 3596 -1 3597 3651 3618 -1 3649 3429 618 -1 3610 3429 3649 -1 122 3609 120 -1 122 128 3609 -1 3608 3603 99 -1 3608 3607 3603 -1 3581 113 115 -1 113 3581 3606 -1 3604 3449 3605 -1 3604 3658 3449 -1 3659 3600 127 -1 3659 3451 3600 -1 632 3660 629 -1 3601 3660 632 -1 3599 3661 3662 -1 3599 3663 3661 -1 3664 3665 3418 -1 3665 3664 3666 -1 3602 3607 3666 -1 3607 3602 3603 -1 3662 127 3599 -1 127 3662 128 -1 137 3595 3598 -1 137 136 3595 -1 3598 3597 137 -1 3598 3657 3597 -1 1265 556 568 -1 556 1265 557 -1 1386 142 3594 -1 1386 145 142 -1 3667 107 3594 -1 107 3667 3621 -1 3621 150 152 -1 3667 150 3621 -1 3629 491 3628 -1 487 491 3629 -1 3593 3625 156 -1 3625 3593 108 -1 3592 154 486 -1 154 3592 159 -1 3496 3592 486 -1 3668 3592 3496 -1 3438 3437 3566 -1 3437 3438 590 -1 610 161 160 -1 610 614 161 -1 614 610 609 -1 164 108 3593 -1 164 111 108 -1 164 620 111 -1 3590 2847 3588 -1 3590 2677 2847 -1 178 687 598 -1 178 177 687 -1 3669 3440 3670 -1 3671 3440 3669 -1 3672 3673 3674 -1 3673 3672 3675 -1 3676 2665 3586 -1 3676 3677 2665 -1 3416 3678 3679 -1 3416 735 3678 -1 3416 3417 735 -1 3680 629 3660 -1 3680 3681 629 -1 219 3682 3683 -1 219 3684 3682 -1 222 3572 3684 -1 3572 222 3582 -1 578 212 3583 -1 3685 212 578 -1 3686 226 730 -1 3582 226 3686 -1 3579 579 3580 -1 3579 223 579 -1 617 3580 115 -1 3580 617 3430 -1 235 171 170 -1 235 750 171 -1 3211 186 239 -1 3211 3402 186 -1 3401 747 746 -1 747 3401 684 -1 247 3578 3571 -1 3578 247 3577 -1 251 3571 249 -1 251 247 3571 -1 3573 264 3570 -1 3575 264 3573 -1 3687 3452 633 -1 3688 3452 3687 -1 252 3689 253 -1 252 3574 3689 -1 3570 3574 3573 -1 3570 267 3574 -1 3679 3690 3416 -1 3690 3679 3691 -1 3572 3686 734 -1 3572 3582 3686 -1 1405 271 278 -1 1405 3213 271 -1 3387 270 274 -1 3387 271 270 -1 1396 279 1397 -1 1396 281 279 -1 193 3215 194 -1 193 3373 3215 -1 755 3569 754 -1 3214 3569 755 -1 3433 756 3380 -1 3433 28 756 -1 3567 34 36 -1 3567 773 34 -1 3376 777 774 -1 777 3376 3375 -1 3579 238 224 -1 3579 229 238 -1 3692 308 306 -1 3692 3693 308 -1 3694 3695 3696 -1 3562 3695 3694 -1 670 3697 3698 -1 670 3699 3697 -1 310 3700 312 -1 310 3701 3700 -1 3702 3703 3704 -1 3702 3705 3703 -1 316 3706 314 -1 316 3707 3706 -1 3708 3709 3710 -1 3708 3711 3709 -1 3560 3694 320 -1 3560 3562 3694 -1 3698 672 670 -1 672 3698 3559 -1 295 3712 296 -1 3712 295 3713 -1 3714 300 299 -1 3715 300 3714 -1 3716 304 3717 -1 3716 301 304 -1 3704 3558 3702 -1 3558 3704 3556 -1 3554 3708 3553 -1 3554 3718 3708 -1 3719 3552 3710 -1 3552 3719 1043 -1 204 3561 3560 -1 202 3561 204 -1 3720 3721 668 -1 3720 3722 3721 -1 3551 3712 326 -1 3551 311 3712 -1 3713 3421 330 -1 3713 3723 3421 -1 3724 3549 3725 -1 3549 3724 626 -1 3558 334 3717 -1 334 3558 3555 -1 3557 3726 3490 -1 3557 3556 3726 -1 342 3727 340 -1 342 3728 3727 -1 344 3552 346 -1 344 3553 3552 -1 3550 667 3551 -1 665 667 3550 -1 3424 3420 3729 -1 3420 3424 624 -1 3425 3555 370 -1 3425 334 3555 -1 3425 3427 334 -1 3486 373 3557 -1 373 3486 3485 -1 397 3730 392 -1 3730 397 3731 -1 398 327 3545 -1 398 328 327 -1 3544 3732 364 -1 3733 3732 3544 -1 367 378 379 -1 367 387 378 -1 379 374 3530 -1 379 375 374 -1 3734 377 380 -1 377 3734 376 -1 1058 386 348 -1 3735 386 1058 -1 3543 360 378 -1 3543 361 360 -1 3731 396 3736 -1 3731 397 396 -1 404 716 402 -1 404 676 716 -1 3406 719 674 -1 666 719 3406 -1 666 3399 719 -1 3737 3539 3732 -1 3737 3538 3539 -1 3540 365 364 -1 3540 417 365 -1 3540 460 459 -1 3540 3539 460 -1 469 411 410 -1 469 3538 411 -1 622 3537 3542 -1 3426 3537 622 -1 3738 3488 3484 -1 506 3488 3738 -1 3739 3533 455 -1 3739 3534 3533 -1 3535 363 3533 -1 3535 362 363 -1 390 3740 3543 -1 3740 390 3531 -1 3530 366 367 -1 366 3530 3528 -1 3544 3528 425 -1 366 3528 3544 -1 3733 430 3527 -1 3733 427 430 -1 3741 357 3742 -1 357 3741 358 -1 3456 3526 570 -1 3526 3456 3743 -1 3743 426 425 -1 3743 3744 426 -1 566 3525 3745 -1 571 3525 566 -1 374 3745 3525 -1 3745 374 376 -1 567 3745 3524 -1 3745 567 566 -1 3734 3523 3524 -1 3734 1068 3523 -1 3519 3545 356 -1 3519 3736 3545 -1 3521 3736 3519 -1 3521 3731 3736 -1 3392 3522 3746 -1 3392 3394 3522 -1 3391 352 3393 -1 352 3391 349 -1 3518 3747 3748 -1 3518 3517 3747 -1 3507 443 442 -1 3507 3445 443 -1 3513 3749 3750 -1 3513 3515 3749 -1 3751 3304 3752 -1 3751 3299 3304 -1 3753 3754 3755 -1 3753 3487 3754 -1 3749 3756 3757 -1 3749 3758 3756 -1 3514 448 3515 -1 448 3514 3759 -1 3754 3511 3752 -1 3754 3760 3511 -1 3750 3757 3761 -1 3750 3749 3757 -1 3760 3510 3511 -1 3762 3510 3760 -1 3763 510 509 -1 3763 3764 510 -1 3762 3508 3510 -1 3765 3508 3762 -1 3506 3763 3766 -1 3506 3764 3763 -1 3765 3503 3508 -1 3505 3503 3765 -1 3766 3504 3506 -1 3767 3504 3766 -1 442 3505 3507 -1 442 3503 3505 -1 3758 3748 3756 -1 3518 3748 3758 -1 3516 3768 3517 -1 3516 3769 3768 -1 3768 3770 3771 -1 3768 3772 3770 -1 520 3773 3769 -1 520 521 3773 -1 3772 3774 3411 -1 3772 3773 3774 -1 3299 3514 3298 -1 3299 3751 3514 -1 3500 525 3491 -1 3502 525 3500 -1 515 3463 421 -1 3463 515 3775 -1 410 619 3428 -1 409 619 410 -1 2461 149 144 -1 2461 2458 149 -1 3498 3648 76 -1 3498 3626 3648 -1 290 482 84 -1 290 3497 482 -1 151 2436 3493 -1 2436 151 475 -1 93 3495 3646 -1 93 3494 3495 -1 87 90 490 -1 91 90 87 -1 518 481 516 -1 518 3501 481 -1 3501 88 481 -1 3501 3500 88 -1 515 506 3738 -1 515 502 506 -1 3776 3777 3778 -1 3777 3776 3779 -1 340 3554 3489 -1 3554 340 3727 -1 314 3779 3776 -1 3779 314 3706 -1 3728 3547 315 -1 3728 342 3547 -1 3780 313 3726 -1 316 313 3780 -1 3546 3488 345 -1 3739 3488 3546 -1 3534 385 3532 -1 3534 384 385 -1 504 512 337 -1 504 513 512 -1 3509 3472 3474 -1 3509 3781 3472 -1 3516 3472 3781 -1 3516 3473 3472 -1 3484 553 3738 -1 554 553 3484 -1 500 3462 496 -1 500 550 3462 -1 3782 422 523 -1 3782 3531 422 -1 3783 424 3740 -1 3783 449 424 -1 3783 3502 3499 -1 3502 3783 3782 -1 3463 526 421 -1 3460 526 3463 -1 497 3464 3483 -1 453 3464 497 -1 452 3464 453 -1 528 456 454 -1 456 528 3483 -1 3475 3477 544 -1 3784 3477 3475 -1 3461 536 3480 -1 536 3461 534 -1 3481 3785 3465 -1 3482 3785 3481 -1 545 542 3478 -1 539 542 545 -1 540 552 555 -1 540 3786 552 -1 3787 530 3459 -1 3788 530 3787 -1 541 3465 3785 -1 541 547 3465 -1 3789 3466 3790 -1 3789 3469 3466 -1 3480 3476 3789 -1 3476 3480 536 -1 3479 3482 3790 -1 3479 3785 3482 -1 3786 3784 3788 -1 3477 3784 3786 -1 3791 3467 446 -1 3791 3478 3467 -1 537 3474 3472 -1 3474 537 3475 -1 3470 3473 3471 -1 3473 3470 538 -1 3466 3468 447 -1 3468 3466 3469 -1 3465 549 3464 -1 549 3465 547 -1 522 3481 451 -1 522 3461 3481 -1 535 3462 550 -1 535 534 3462 -1 3775 3459 3463 -1 3787 3459 3775 -1 1383 3792 3653 -1 1383 1385 3792 -1 3654 3616 3652 -1 3653 3616 3654 -1 136 577 3595 -1 136 139 577 -1 573 3456 141 -1 3456 573 628 -1 3455 100 101 -1 3455 3453 100 -1 3792 440 3617 -1 3792 3615 440 -1 564 3602 3793 -1 563 3602 564 -1 3583 3606 3581 -1 3583 214 3606 -1 218 3658 3604 -1 218 3683 3658 -1 3451 3682 3450 -1 3682 3451 3659 -1 3605 122 121 -1 3605 3449 122 -1 123 117 119 -1 123 126 117 -1 582 3441 284 -1 582 3439 3441 -1 3794 284 3441 -1 3794 282 284 -1 3445 2668 3444 -1 2668 3445 3795 -1 443 639 445 -1 3446 639 443 -1 583 656 586 -1 583 3408 656 -1 757 3443 756 -1 3796 3443 757 -1 3797 3587 2669 -1 3587 3797 3442 -1 582 3798 3439 -1 582 3799 3798 -1 3796 3447 3443 -1 3796 2299 3447 -1 584 639 3799 -1 584 586 639 -1 3377 3794 3800 -1 3794 3377 282 -1 3568 3801 3567 -1 3802 3801 3568 -1 3586 770 772 -1 770 3586 3585 -1 3673 3801 3802 -1 3801 3673 3676 -1 3674 3794 3671 -1 3800 3794 3674 -1 3668 2286 3438 -1 3803 2286 3668 -1 600 168 598 -1 600 166 168 -1 3593 3591 164 -1 3591 3593 161 -1 3434 3435 3436 -1 3435 3434 604 -1 3436 606 3434 -1 607 606 3436 -1 3589 176 173 -1 3589 3590 176 -1 3384 3386 3588 -1 3384 3383 3386 -1 609 597 612 -1 597 609 611 -1 167 615 3432 -1 167 166 615 -1 235 163 162 -1 235 602 163 -1 109 458 3429 -1 464 458 109 -1 457 3430 617 -1 457 470 3430 -1 619 231 230 -1 619 466 231 -1 299 2588 3564 -1 299 298 2588 -1 335 3426 622 -1 3426 335 3427 -1 405 3424 408 -1 405 624 3424 -1 331 414 332 -1 3541 414 331 -1 353 359 3422 -1 359 353 355 -1 3715 3421 3723 -1 3715 3420 3421 -1 297 3804 3805 -1 297 300 3804 -1 3725 3729 3714 -1 3725 3549 3729 -1 301 3724 3565 -1 301 3716 3724 -1 3664 426 3793 -1 428 426 3664 -1 3661 3419 3418 -1 3742 3419 3661 -1 3741 632 631 -1 3741 3663 632 -1 3746 3681 209 -1 3746 3522 3681 -1 3806 3807 432 -1 3806 211 3807 -1 3807 3678 735 -1 3678 3807 3808 -1 265 3570 206 -1 265 267 3570 -1 3689 3416 3690 -1 3416 3689 266 -1 642 3414 636 -1 3414 642 641 -1 3537 3809 3542 -1 3537 3810 3809 -1 3811 467 468 -1 467 3811 648 -1 32 2301 33 -1 2301 32 3448 -1 647 3812 3413 -1 647 3813 3812 -1 649 3814 3815 -1 3816 3814 649 -1 3817 3410 3412 -1 3817 3818 3410 -1 3413 3809 3810 -1 3413 3812 3809 -1 3816 648 3811 -1 3816 649 648 -1 3638 3815 3817 -1 3815 3638 649 -1 3809 3816 3811 -1 3812 3816 3809 -1 652 3411 3774 -1 3411 652 3410 -1 3818 3408 32 -1 3408 3818 3409 -1 3407 666 3406 -1 666 3407 664 -1 404 3550 329 -1 404 403 3550 -1 3721 310 309 -1 310 3721 3819 -1 3407 325 3720 -1 3407 323 325 -1 3820 3559 3698 -1 3820 3722 3559 -1 663 391 351 -1 663 675 391 -1 244 3405 241 -1 244 677 3405 -1 3404 3577 242 -1 3577 3404 3403 -1 3578 679 748 -1 3578 678 679 -1 682 245 3401 -1 245 682 681 -1 3405 395 3404 -1 3405 399 395 -1 3404 393 3403 -1 3404 394 393 -1 679 746 748 -1 691 746 679 -1 747 685 3382 -1 747 684 685 -1 681 715 677 -1 715 681 680 -1 584 587 585 -1 587 584 725 -1 3821 714 711 -1 3400 714 3821 -1 3821 3397 720 -1 3821 693 3397 -1 695 710 697 -1 696 710 695 -1 702 723 704 -1 702 724 723 -1 701 698 700 -1 701 721 698 -1 703 718 717 -1 703 3400 718 -1 698 715 699 -1 688 715 698 -1 3397 683 690 -1 3397 3398 683 -1 708 729 722 -1 729 708 706 -1 3576 252 256 -1 252 3576 3573 -1 257 734 3686 -1 734 257 260 -1 3691 208 210 -1 3691 3679 208 -1 3680 3688 3687 -1 3688 3680 3660 -1 3390 432 431 -1 3390 3806 432 -1 3395 435 321 -1 435 3395 3520 -1 737 3388 3520 -1 737 205 3388 -1 201 275 277 -1 275 201 203 -1 3393 3390 3391 -1 3392 3390 3393 -1 436 305 198 -1 305 436 196 -1 197 3692 306 -1 3692 197 3584 -1 3561 199 307 -1 199 3561 202 -1 308 3822 3563 -1 308 3693 3822 -1 739 276 740 -1 739 1392 276 -1 187 752 270 -1 187 778 752 -1 3386 179 181 -1 3386 3383 179 -1 749 3384 3014 -1 3384 749 29 -1 179 3385 191 -1 3385 179 3383 -1 687 3381 686 -1 687 180 3381 -1 184 762 761 -1 183 762 184 -1 765 272 751 -1 765 273 272 -1 3378 182 191 -1 3378 183 182 -1 751 764 765 -1 751 768 764 -1 1389 3373 438 -1 3215 3373 1389 -1 768 774 764 -1 3376 774 768 -1 2664 3374 3585 -1 10 3374 2664 -1 781 820 779 -1 781 792 820 -1 781 790 792 -1 784 787 780 -1 787 784 3371 -1 3372 3823 3824 -1 3372 3294 3823 -1 846 3825 824 -1 846 3824 3825 -1 3826 782 779 -1 3826 3825 782 -1 3825 825 824 -1 3826 825 3825 -1 3823 1161 782 -1 1160 1161 3823 -1 56 786 1161 -1 786 56 55 -1 855 3372 848 -1 3372 855 38 -1 1381 3370 3369 -1 3370 1381 3827 -1 557 1379 3368 -1 557 1265 1379 -1 1269 3366 802 -1 1269 3367 3366 -1 3366 814 800 -1 814 3366 812 -1 3828 813 3367 -1 813 3828 1274 -1 3829 3828 3830 -1 3828 3829 3831 -1 3832 3831 3833 -1 3831 3832 1275 -1 3254 808 3832 -1 3834 808 3254 -1 3368 3217 557 -1 3217 3368 816 -1 1384 815 3827 -1 3835 815 1384 -1 811 3370 817 -1 3370 811 796 -1 834 829 828 -1 834 1277 829 -1 3836 1031 834 -1 1031 3836 3837 -1 1032 825 819 -1 825 1032 826 -1 3838 3253 809 -1 3253 3838 3252 -1 845 3836 834 -1 845 843 3836 -1 841 1006 943 -1 841 844 1006 -1 3227 853 851 -1 3227 1359 853 -1 1358 856 854 -1 1358 1342 856 -1 3257 3839 3840 -1 3257 3256 3839 -1 3261 3841 3842 -1 3841 3261 3843 -1 1020 3263 1259 -1 1021 3263 1020 -1 1251 3269 3275 -1 1251 3270 3269 -1 3844 3845 880 -1 3844 3846 3845 -1 3847 3845 3848 -1 3847 3849 3845 -1 885 3364 883 -1 885 3850 3364 -1 3851 3849 3847 -1 3849 3851 3852 -1 3361 3853 3362 -1 3361 3854 3853 -1 3853 3855 3338 -1 3853 3856 3855 -1 3363 3337 3857 -1 3337 3363 3362 -1 896 3858 3358 -1 896 3359 3858 -1 1331 894 893 -1 1331 3859 894 -1 1338 898 897 -1 1338 3235 898 -1 3858 915 909 -1 3359 915 3858 -1 3358 905 902 -1 3858 905 3358 -1 3238 895 3358 -1 3238 3239 895 -1 3860 904 3357 -1 904 3860 3861 -1 946 903 906 -1 946 3357 903 -1 3234 898 3235 -1 3234 913 898 -1 1334 1386 106 -1 1386 1334 1335 -1 1169 3229 3231 -1 1169 1168 3229 -1 3229 914 3228 -1 3229 1168 914 -1 910 1162 924 -1 912 1162 910 -1 929 947 906 -1 929 3355 947 -1 1280 937 1263 -1 937 1280 1279 -1 951 3354 3352 -1 951 948 3354 -1 957 3224 955 -1 957 1363 3224 -1 947 1361 945 -1 1365 1361 947 -1 3354 1294 1291 -1 3354 1315 1294 -1 1314 3245 3862 -1 1313 3245 1314 -1 3863 3353 3352 -1 3863 3864 3353 -1 3865 1305 3247 -1 3865 3866 1305 -1 3353 972 952 -1 972 3353 970 -1 1291 3352 3354 -1 1291 3863 3352 -1 1027 1256 3867 -1 1256 1027 1026 -1 994 3868 992 -1 3341 3868 994 -1 3267 1030 1029 -1 3267 1257 1030 -1 1016 3869 1014 -1 1016 3260 3869 -1 1008 831 830 -1 1008 833 831 -1 832 3841 830 -1 3841 832 3870 -1 3255 3871 3350 -1 3255 3833 3871 -1 943 3260 941 -1 3260 943 3869 -1 1025 995 1022 -1 1025 996 995 -1 3348 1285 1283 -1 3348 3347 1285 -1 985 3348 979 -1 985 3347 3348 -1 983 3347 985 -1 983 1288 3347 -1 1136 974 3872 -1 1136 975 974 -1 3265 1261 3873 -1 1261 3265 3343 -1 3874 1029 3266 -1 3874 3267 1029 -1 1028 3266 1029 -1 3340 3266 1028 -1 1147 3338 3855 -1 3338 1147 1137 -1 3875 3719 3876 -1 3719 3875 3877 -1 3878 3879 3880 -1 3878 3881 3879 -1 3882 3883 3884 -1 3882 3885 3883 -1 1043 3877 1041 -1 1043 3719 3877 -1 1047 1039 1045 -1 1047 1037 1039 -1 3880 1049 3878 -1 1049 3880 1051 -1 1052 3884 1055 -1 1052 3882 3884 -1 1074 1057 1042 -1 1057 1074 3330 -1 1046 1352 1044 -1 1352 1046 3323 -1 1077 1053 1078 -1 1077 1054 1053 -1 3329 1058 1057 -1 1058 3329 3735 -1 3886 3887 1131 -1 3886 3326 3887 -1 382 1066 383 -1 1066 382 3328 -1 3329 1069 3328 -1 3329 3331 1069 -1 3888 3324 3889 -1 3888 3321 3324 -1 3324 1082 3327 -1 3324 1083 1082 -1 3326 1112 3887 -1 3326 3325 1112 -1 3330 1377 3331 -1 3330 1378 1377 -1 1089 1060 1097 -1 1089 1059 1060 -1 1104 3322 1079 -1 1104 1105 3322 -1 1081 3322 1084 -1 1081 3316 3322 -1 1093 3321 3888 -1 3321 1093 3320 -1 3319 3890 3320 -1 3890 3319 3891 -1 3891 3317 3890 -1 3891 3318 3317 -1 3890 3316 1081 -1 3890 3317 3316 -1 1096 3276 1376 -1 1096 1184 3276 -1 1084 3892 1082 -1 1107 3892 1084 -1 3327 3893 3325 -1 3327 3894 3893 -1 3895 3896 3897 -1 3895 3898 3896 -1 3899 3900 3901 -1 3899 3902 3900 -1 1106 3903 3904 -1 1106 1108 3903 -1 3905 1103 1062 -1 1103 3905 3906 -1 1124 3905 1121 -1 3905 1124 3274 -1 3906 3314 3903 -1 3906 3907 3314 -1 3313 3903 3314 -1 3313 3904 3903 -1 3902 1114 3900 -1 3902 3908 1114 -1 3900 3909 3910 -1 3909 3900 1114 -1 3911 3912 3913 -1 3911 3914 3912 -1 3915 3914 3916 -1 3914 3915 3912 -1 1116 1253 866 -1 1116 3917 1253 -1 3918 3275 1254 -1 3918 3273 3275 -1 3919 3894 3901 -1 3894 3919 3893 -1 3313 3271 3908 -1 3313 3315 3271 -1 1065 3920 3312 -1 1064 3920 1065 -1 3921 3922 3923 -1 3921 3924 3922 -1 3925 3926 3927 -1 3925 3928 3926 -1 1111 3887 1112 -1 3887 1111 3929 -1 3930 3846 3931 -1 3930 3932 3846 -1 3922 3933 3923 -1 3934 3933 3922 -1 3931 3935 3933 -1 3936 3935 3931 -1 3844 3937 3936 -1 878 3937 3844 -1 878 3938 3937 -1 3935 3928 3925 -1 3935 3939 3928 -1 3938 877 3309 -1 3938 878 877 -1 907 908 930 -1 911 908 907 -1 1036 3248 3339 -1 1036 1300 3248 -1 3137 3305 3940 -1 1784 3305 3137 -1 1325 3941 1321 -1 1325 1151 3941 -1 1140 3942 1198 -1 1139 3942 1140 -1 1198 3943 3944 -1 1198 3942 3943 -1 1150 3941 1151 -1 1150 3301 3941 -1 3945 1155 3297 -1 3945 3946 1155 -1 3947 3306 3307 -1 3947 3948 3306 -1 3135 3940 3856 -1 3137 3940 3135 -1 3855 3297 1147 -1 3945 3297 3855 -1 3946 1154 1155 -1 3949 1154 3946 -1 3307 1134 3947 -1 3307 3950 1134 -1 1247 3944 3951 -1 1198 3944 1247 -1 3753 3952 3953 -1 3753 3948 3952 -1 3306 3304 3303 -1 3755 3304 3306 -1 1139 3513 3942 -1 3298 3513 1139 -1 3944 3954 3955 -1 3943 3954 3944 -1 3956 1142 1144 -1 1149 1142 3956 -1 1147 3296 1148 -1 3296 1147 3297 -1 3300 3957 3958 -1 3959 3957 3300 -1 3951 24 1247 -1 3960 24 3951 -1 1144 24 3956 -1 22 24 1144 -1 1766 3961 3960 -1 1766 3962 3961 -1 3296 1143 1326 -1 3296 1153 1143 -1 1179 1342 1358 -1 1179 1178 1342 -1 1360 3290 3287 -1 3290 1360 3226 -1 3963 3964 3965 -1 3966 3964 3963 -1 1183 1182 1158 -1 1182 1183 3967 -1 3965 3968 3963 -1 3969 3968 3965 -1 3287 1358 1360 -1 3287 3295 1358 -1 3276 3970 1100 -1 3277 3970 3276 -1 1094 3971 3289 -1 3971 1094 3292 -1 3289 3295 3287 -1 3295 3289 3971 -1 3319 3288 3966 -1 3288 3319 1095 -1 3963 3318 3891 -1 3963 3968 3318 -1 3965 3225 1357 -1 3965 3964 3225 -1 1354 1180 1182 -1 1180 1354 1244 -1 1355 3967 3969 -1 3967 1355 3972 -1 3293 3280 1245 -1 3293 1216 3280 -1 3973 3277 3285 -1 3970 3277 3973 -1 3291 1224 1173 -1 3291 3974 1224 -1 1223 1167 1174 -1 1167 1223 3975 -1 1234 1192 1220 -1 1234 1193 1192 -1 3976 3285 3286 -1 3976 3973 3285 -1 1222 3974 3284 -1 1222 1224 3974 -1 1242 1189 1188 -1 1242 1239 1189 -1 1238 3976 3278 -1 3284 3976 1238 -1 1230 1369 1368 -1 1230 1229 1369 -1 1193 1206 1195 -1 1234 1206 1193 -1 3282 3977 3281 -1 3282 1241 3977 -1 1212 3282 1229 -1 1212 1213 3282 -1 1100 3291 1101 -1 3291 1100 3970 -1 3939 3938 3309 -1 3938 3939 3937 -1 1127 1122 3312 -1 1127 1126 1122 -1 3363 886 3852 -1 3363 3857 886 -1 884 3872 974 -1 3872 884 887 -1 3850 874 876 -1 3850 885 874 -1 3927 3920 1119 -1 3927 3926 3920 -1 1120 3924 3921 -1 3924 1120 3978 -1 1126 3308 3272 -1 1126 1125 3308 -1 3917 3315 3314 -1 3315 3917 1116 -1 3274 3918 3907 -1 3274 3273 3918 -1 1123 3273 1124 -1 1123 1252 3273 -1 3272 3310 1249 -1 3272 3308 3310 -1 3908 1115 1114 -1 3908 3271 1115 -1 3365 876 3270 -1 3365 3850 876 -1 992 990 991 -1 992 3868 990 -1 3979 865 3262 -1 1117 865 3979 -1 3342 3267 3874 -1 3267 3342 1258 -1 3345 3341 3342 -1 3345 3344 3341 -1 3868 3264 990 -1 3268 3264 3868 -1 868 872 990 -1 868 869 872 -1 3266 3873 3874 -1 3265 3873 3266 -1 1259 3262 1260 -1 1259 3263 3262 -1 1017 3340 1015 -1 1017 1019 3340 -1 1004 3343 1018 -1 1004 1020 3343 -1 3842 3980 3261 -1 3842 3916 3980 -1 3909 3914 3911 -1 3914 3909 3981 -1 3919 3898 3895 -1 3898 3919 3910 -1 3916 3982 3915 -1 3916 3842 3982 -1 862 3913 3912 -1 3913 862 864 -1 3897 860 805 -1 3897 3896 860 -1 801 1110 804 -1 1111 1110 801 -1 798 3259 799 -1 798 1268 3259 -1 3840 3982 3870 -1 3982 3840 3839 -1 3915 3839 3983 -1 3839 3915 3982 -1 3984 829 1278 -1 3984 827 829 -1 827 1011 3985 -1 3984 1011 827 -1 1010 3986 3256 -1 1010 1009 3986 -1 861 3350 3871 -1 3350 861 863 -1 859 3830 806 -1 859 3829 3830 -1 788 3369 789 -1 1381 3369 788 -1 1272 3838 3834 -1 3838 1272 1271 -1 824 3837 835 -1 824 826 3837 -1 1281 940 3243 -1 938 940 1281 -1 1027 3349 1023 -1 980 3349 1027 -1 3251 978 3867 -1 3251 1255 978 -1 1282 3245 3243 -1 3245 1282 1284 -1 983 1303 3250 -1 983 982 1303 -1 3987 3248 1306 -1 3988 3248 3987 -1 1304 950 949 -1 1304 1320 950 -1 3242 1294 959 -1 1292 1294 3242 -1 3246 969 3247 -1 3246 1289 969 -1 967 3250 973 -1 1290 3250 967 -1 3987 986 1303 -1 3987 987 986 -1 1316 1314 3244 -1 1316 1312 1314 -1 3240 3244 962 -1 1316 3244 3240 -1 1322 1034 1146 -1 1322 1035 1034 -1 3301 891 3861 -1 3301 3302 891 -1 3236 902 904 -1 3236 3237 902 -1 1520 3239 3238 -1 3239 1520 1524 -1 3237 890 1521 -1 3237 3236 890 -1 3234 922 3228 -1 923 922 3234 -1 921 3230 1337 -1 921 920 3230 -1 1170 3233 1163 -1 1170 1349 3233 -1 1186 926 925 -1 1186 927 926 -1 1341 1342 3232 -1 1342 1341 857 -1 3231 1337 3230 -1 3231 3229 1337 -1 3989 1039 1040 -1 3989 3334 1039 -1 1046 3333 3990 -1 3333 1046 1045 -1 1375 1090 1092 -1 1090 1375 3323 -1 3878 3335 3336 -1 3878 1049 3335 -1 1037 3332 3991 -1 1037 1047 3332 -1 1354 933 1353 -1 1354 3972 933 -1 1357 3227 1356 -1 1357 3225 3227 -1 1228 1248 3222 -1 1228 1227 1248 -1 3223 3977 1366 -1 3281 3977 3223 -1 1236 1372 1237 -1 1236 1202 1372 -1 3283 1201 23 -1 3283 1233 1201 -1 3949 3305 1135 -1 3949 3946 3305 -1 1205 3949 3950 -1 1205 1154 3949 -1 1086 1075 1102 -1 1086 1073 1075 -1 1390 1391 3216 -1 1390 3992 1391 -1 1397 3214 1399 -1 3214 1397 279 -1 1398 26 1394 -1 1398 1402 26 -1 3209 1421 3205 -1 3209 3208 1421 -1 1418 2075 1419 -1 1418 2873 2075 -1 1416 3993 1415 -1 1416 2074 3993 -1 3205 1411 1410 -1 1411 3205 3206 -1 3994 2083 1429 -1 2083 3994 2604 -1 2600 1430 2028 -1 1430 2600 3204 -1 1411 3994 3204 -1 1411 3206 3994 -1 3206 2604 3994 -1 3206 1422 2604 -1 1387 1508 3203 -1 1387 1509 1508 -1 3201 2731 2015 -1 2731 3201 3202 -1 1447 3995 1721 -1 3995 1447 3996 -1 1704 3165 3157 -1 3165 1704 16 -1 16 3199 3165 -1 16 18 3199 -1 1725 1688 3997 -1 1688 1725 3155 -1 1466 1698 1697 -1 1698 1466 1465 -1 3154 1701 1723 -1 3154 1702 1701 -1 3072 3998 1746 -1 3197 3998 3072 -1 1446 1826 3109 -1 1444 1826 1446 -1 3100 1848 3097 -1 3100 1849 1848 -1 1038 3999 3095 -1 1038 4000 3999 -1 4001 3194 3193 -1 4001 1852 3194 -1 1853 3881 4002 -1 4003 3881 1853 -1 4004 1827 3113 -1 4004 3098 1827 -1 1854 3099 1851 -1 1854 3096 3099 -1 1495 1500 1501 -1 1500 1495 1494 -1 1945 15 1491 -1 15 1945 3070 -1 1958 1513 1329 -1 1513 1958 1512 -1 1517 4005 1956 -1 1517 1516 4005 -1 3133 4005 1779 -1 3133 1952 4005 -1 888 1777 1516 -1 4006 1777 888 -1 1914 1547 1929 -1 1914 1545 1547 -1 3184 1544 1543 -1 3186 1544 3184 -1 1468 1560 1559 -1 1468 1467 1560 -1 3182 4007 1562 -1 3182 1561 4007 -1 3188 1580 3189 -1 3188 1581 1580 -1 4008 3190 1589 -1 3190 4008 3191 -1 3186 1918 1544 -1 3186 1915 1918 -1 1920 3079 3078 -1 1920 3185 3079 -1 3132 1573 1786 -1 3132 3189 1573 -1 1556 1543 1542 -1 1556 3079 1543 -1 3083 3188 3187 -1 3083 3190 3188 -1 1590 1569 1565 -1 1590 1592 1569 -1 1562 1552 1876 -1 4007 1552 1562 -1 3091 1881 3074 -1 1881 3091 1884 -1 4009 1872 3166 -1 4009 3093 1872 -1 3092 1877 1875 -1 1877 3092 3091 -1 1550 3091 3074 -1 1550 1877 3091 -1 3179 3041 3040 -1 2002 3041 3179 -1 3177 1601 1603 -1 1997 1601 3177 -1 3032 3035 4010 -1 3035 3032 3180 -1 1604 1995 1605 -1 1604 3033 1995 -1 1609 3176 1607 -1 1998 3176 1609 -1 3039 3037 2005 -1 3039 4011 3037 -1 3058 4012 4013 -1 3058 4014 4012 -1 4015 1890 4016 -1 1891 1890 4015 -1 3088 1612 1611 -1 3088 1893 1612 -1 4017 1616 1615 -1 1892 1616 4017 -1 1617 2009 4018 -1 1617 1619 2009 -1 2007 4018 2009 -1 3122 4018 2007 -1 2006 4019 3123 -1 4019 2006 3038 -1 4020 4021 3059 -1 4022 4021 4020 -1 4023 4024 4025 -1 4023 4026 4024 -1 1613 4024 4016 -1 4024 1613 4027 -1 4028 4029 4030 -1 4028 4031 4029 -1 4032 4033 4034 -1 4035 4033 4032 -1 1866 3170 3089 -1 3170 1866 3171 -1 1887 3086 1889 -1 3086 1887 1885 -1 4036 1869 4037 -1 1869 4036 3172 -1 4038 1867 3173 -1 1647 1867 4038 -1 1868 4037 1869 -1 3171 4037 1868 -1 1649 4009 1594 -1 3168 4009 1649 -1 1657 4039 1671 -1 1657 1976 4039 -1 1788 1657 1656 -1 1788 1794 1657 -1 1803 4040 4041 -1 1803 4042 4040 -1 3126 1654 1653 -1 1802 1654 3126 -1 4043 4044 4045 -1 4046 4044 4043 -1 4047 1797 3127 -1 4047 4048 1797 -1 1652 1795 1796 -1 1652 1976 1795 -1 4049 3062 3060 -1 4049 1969 3062 -1 4050 1970 4051 -1 4050 3063 1970 -1 4052 3360 3851 -1 4053 3360 4052 -1 1722 1452 3156 -1 1722 1453 1452 -1 3164 3161 1696 -1 3159 3161 3164 -1 1688 3164 3997 -1 1687 3164 1688 -1 1705 1457 1456 -1 1705 1707 1457 -1 1711 3158 1709 -1 3158 1711 1729 -1 1700 1712 1703 -1 1713 1712 1700 -1 4054 1686 3163 -1 1685 1686 4054 -1 3640 1705 18 -1 4055 1705 3640 -1 4055 1719 1705 -1 3161 3151 1714 -1 3161 3159 3151 -1 3150 1685 4054 -1 3160 1685 3150 -1 1727 4055 3641 -1 4055 1727 1726 -1 3165 1534 1760 -1 1534 3165 3199 -1 1493 3068 1749 -1 3068 1493 1492 -1 1679 3162 1736 -1 1679 3163 3162 -1 4056 1718 1717 -1 4056 1737 1718 -1 1673 3152 1675 -1 1673 3153 3152 -1 1489 1710 1715 -1 1489 14 1710 -1 1714 1749 3068 -1 1749 1714 3151 -1 3144 4054 1681 -1 3144 3150 4054 -1 1678 1807 1676 -1 1678 1672 1807 -1 1808 4057 1812 -1 3149 4057 1808 -1 3195 4058 1674 -1 4058 3195 3998 -1 1475 4059 1476 -1 1730 4059 1475 -1 4060 3196 4061 -1 4060 3197 3196 -1 4062 4063 4064 -1 4062 1814 4063 -1 4065 1757 3146 -1 1758 1757 4065 -1 1742 3146 1817 -1 4065 3146 1742 -1 1804 3147 1682 -1 3147 1804 1816 -1 1682 3148 1680 -1 3148 1682 3147 -1 3198 1929 1624 -1 3072 1929 3198 -1 14 1491 15 -1 1489 1491 14 -1 4060 3149 4058 -1 4060 4057 3149 -1 1730 4062 4059 -1 1732 4062 1730 -1 1680 1497 1498 -1 1680 3148 1497 -1 3142 1528 1769 -1 3142 1525 1528 -1 4066 1763 3156 -1 1763 4066 4067 -1 1778 4068 3143 -1 4068 1778 1780 -1 1525 1538 1529 -1 1525 3142 1538 -1 3143 4067 4066 -1 3143 4068 4067 -1 4069 4070 4071 -1 4069 2484 4070 -1 4072 4073 4074 -1 4072 4075 4073 -1 3955 1765 1764 -1 3955 4076 1765 -1 4077 1133 3138 -1 4077 4078 1133 -1 3995 1783 3140 -1 3995 3138 1783 -1 4079 3136 4080 -1 4079 3134 3136 -1 3139 3134 4079 -1 3134 3139 1785 -1 3996 1782 4074 -1 3996 1447 1782 -1 1777 3958 1780 -1 3958 1777 4006 -1 4068 3962 4067 -1 4068 3957 3962 -1 3761 4071 3954 -1 4071 3761 4069 -1 1447 1772 1782 -1 1772 1447 1449 -1 4073 4078 4077 -1 4073 3952 4078 -1 1906 3132 1863 -1 3187 3132 1906 -1 1656 4081 1789 -1 4082 4081 1656 -1 4082 3129 4083 -1 3130 3129 4082 -1 3129 4084 4085 -1 3129 4086 4084 -1 4087 4083 4088 -1 4087 4089 4083 -1 4085 3934 4088 -1 4085 3930 3934 -1 3128 4018 3106 -1 4018 3128 1617 -1 3127 4081 4047 -1 4081 3127 1789 -1 4046 4087 4044 -1 4087 4046 4089 -1 4043 3104 4048 -1 4043 3102 3104 -1 3978 4090 4045 -1 3978 4091 4090 -1 4092 4093 4094 -1 4093 4092 4095 -1 4096 4097 3121 -1 4097 4096 4098 -1 1977 4042 1633 -1 4042 1977 4040 -1 3169 1630 1632 -1 3169 4034 1630 -1 4034 3124 4032 -1 3124 4034 3169 -1 4022 4030 4021 -1 4030 4022 4028 -1 4032 3125 4031 -1 3124 3125 4032 -1 1655 3169 1653 -1 1655 3124 3169 -1 4099 4100 4101 -1 1801 4100 4099 -1 4041 4102 4103 -1 1664 4102 4041 -1 1842 1798 1799 -1 1842 4102 1798 -1 4104 3116 3120 -1 3116 4104 4103 -1 4101 3119 4094 -1 3119 4101 4100 -1 4093 4029 4105 -1 4093 4098 4029 -1 4019 3121 3123 -1 3121 4019 4096 -1 1830 3121 4097 -1 1830 3107 3121 -1 3111 4095 4092 -1 3111 1828 4095 -1 4094 3118 4092 -1 3119 3118 4094 -1 3116 3117 3120 -1 3116 3115 3117 -1 1742 1818 1744 -1 1742 1817 1818 -1 1820 1815 1821 -1 1820 4106 1815 -1 4107 1743 3105 -1 4107 1813 1743 -1 3112 3117 1822 -1 3117 3112 3118 -1 3103 1823 3115 -1 3110 1823 3103 -1 1440 3108 1839 -1 3108 1440 1439 -1 1744 1838 1832 -1 1838 1744 1818 -1 4108 1829 1831 -1 4108 4109 1829 -1 4108 3105 1834 -1 3105 4108 4107 -1 1833 4110 2908 -1 1833 1837 4110 -1 3128 1836 1793 -1 3128 4109 1836 -1 4109 1834 1836 -1 1834 4109 4108 -1 3110 1841 1846 -1 3110 3103 1841 -1 1824 3101 4111 -1 1824 1825 3101 -1 3113 3194 4004 -1 3113 1437 3194 -1 3108 1848 1844 -1 1848 3108 3109 -1 1846 3104 3102 -1 1846 1841 3104 -1 1845 4111 3101 -1 4112 4111 1845 -1 1852 4004 3194 -1 1851 4004 1852 -1 4090 1847 3102 -1 4113 1847 4090 -1 4114 4112 1845 -1 4115 4112 4114 -1 1850 3999 4116 -1 1850 1849 3999 -1 4091 4113 4090 -1 3883 4113 4091 -1 3885 4115 4114 -1 3879 4115 3885 -1 1853 3989 1854 -1 3989 1853 4002 -1 4000 4116 3999 -1 3875 4116 4000 -1 4117 1579 1910 -1 1577 1579 4117 -1 3173 1644 1904 -1 3173 3172 1644 -1 1629 1926 1881 -1 1626 1926 1629 -1 1901 1586 1900 -1 1586 1901 1886 -1 3050 4118 4119 -1 3050 3087 4118 -1 4118 1898 3090 -1 3087 1898 4118 -1 1888 1894 1896 -1 1888 1889 1894 -1 1883 1902 1900 -1 1882 1902 1883 -1 1880 3084 1878 -1 1880 3085 3084 -1 1879 1648 1880 -1 3168 1648 1879 -1 3081 3187 1906 -1 3083 3187 3081 -1 3081 1874 3082 -1 3081 3167 1874 -1 1906 3167 3081 -1 1906 1905 3167 -1 1917 4120 1916 -1 4120 1917 3183 -1 1912 4121 1909 -1 1912 3191 4121 -1 1577 4008 1567 -1 1577 4117 4008 -1 1578 1571 1576 -1 1571 1578 1566 -1 1579 1916 4120 -1 1579 1576 1916 -1 1553 4007 3192 -1 1553 1552 4007 -1 1470 1559 3076 -1 1470 1468 1559 -1 1921 1471 3077 -1 1921 1472 1471 -1 1919 3077 1924 -1 1919 1921 3077 -1 1952 1776 1953 -1 1952 3133 1776 -1 1988 3075 1895 -1 3075 1988 1990 -1 1623 1982 1624 -1 1982 1623 1983 -1 3055 3198 1624 -1 3198 3055 1478 -1 3145 1949 1944 -1 3145 4122 1949 -1 1939 3069 1943 -1 1939 1502 3069 -1 1498 1487 1496 -1 1487 1498 1488 -1 1480 1963 4122 -1 1963 1480 1506 -1 1955 3067 3066 -1 1955 3071 3067 -1 3066 1948 3065 -1 1948 3066 3067 -1 1514 4123 1965 -1 1515 4123 1514 -1 4123 1966 1965 -1 3064 1966 4123 -1 3064 1960 1966 -1 3064 1957 1960 -1 4050 1859 1860 -1 4050 4051 1859 -1 1858 4124 1860 -1 1858 4125 4124 -1 3854 3136 3135 -1 3854 4125 3136 -1 4124 3360 4053 -1 3361 3360 4124 -1 4052 1974 3063 -1 1973 1974 4052 -1 4084 3848 3932 -1 4084 1975 3848 -1 1972 3061 1670 -1 3061 1972 4086 -1 1594 1650 1649 -1 1650 1594 1593 -1 1645 1636 1800 -1 1645 1637 1636 -1 4118 1631 1630 -1 4118 3090 1631 -1 4017 4126 4127 -1 4017 4119 4126 -1 4016 4026 4015 -1 4026 4016 4024 -1 4013 3059 3058 -1 3059 4013 4020 -1 1608 4128 3088 -1 1608 3175 4128 -1 1477 1980 1759 -1 1477 3056 1980 -1 3055 3054 3056 -1 3055 1981 3054 -1 3054 1984 3030 -1 3054 1981 1984 -1 1985 3053 1987 -1 1985 1992 3053 -1 1989 1984 1983 -1 3052 1984 1989 -1 3052 3053 4129 -1 3053 3052 1989 -1 1616 3049 1614 -1 3049 1616 1893 -1 3175 1603 4128 -1 3177 1603 3175 -1 1999 3033 1604 -1 3033 1999 3034 -1 1597 4130 1994 -1 3047 4130 1597 -1 3051 4129 4130 -1 4129 3051 3052 -1 1994 1602 1598 -1 1602 1994 1600 -1 3036 3040 3041 -1 3036 3034 3040 -1 4131 3045 3044 -1 4131 4132 3045 -1 3043 4133 3044 -1 1433 4133 3043 -1 3043 2011 2010 -1 3043 3042 2011 -1 3045 2001 3042 -1 3041 2001 3045 -1 4134 1609 1610 -1 4135 1609 4134 -1 1996 3178 3040 -1 1996 4135 3178 -1 4136 4012 4014 -1 4136 4134 4012 -1 3179 4136 4137 -1 3179 3178 4136 -1 2004 2011 2000 -1 2004 2008 2011 -1 4011 2003 4137 -1 4011 3039 2003 -1 3201 4131 2727 -1 3200 4131 3201 -1 4010 3036 4132 -1 3035 3036 4010 -1 2026 3180 3032 -1 2026 4138 3180 -1 4139 1754 4140 -1 4139 1755 1754 -1 2024 1752 2022 -1 2024 3031 1752 -1 3031 2027 2025 -1 2027 3031 2024 -1 4141 1596 2027 -1 4141 3048 1596 -1 2023 3027 3029 -1 3027 2023 4140 -1 3027 1979 3030 -1 3027 2021 1979 -1 2036 2663 2967 -1 2036 11 2663 -1 3023 2597 3019 -1 2037 2597 3023 -1 3021 2594 3026 -1 2594 3021 3022 -1 3023 2038 2037 -1 2038 3023 3025 -1 2603 2601 2042 -1 2603 2596 2601 -1 1409 3017 2034 -1 1409 3022 3017 -1 3024 3019 3020 -1 3024 3023 3019 -1 2052 3017 2050 -1 3017 2052 2876 -1 3015 2670 3016 -1 3015 3024 2670 -1 2670 3020 2671 -1 2670 3024 3020 -1 2844 2680 2969 -1 2680 2844 2160 -1 2048 2059 2043 -1 2048 2065 2059 -1 2608 2489 2605 -1 2489 2608 2607 -1 2886 2584 2885 -1 2886 2582 2584 -1 2924 2103 2104 -1 2924 4142 2103 -1 2081 2606 2659 -1 2083 2606 2081 -1 2098 2080 2495 -1 2098 2095 2080 -1 2706 4143 2709 -1 2705 4143 2706 -1 4144 2851 2867 -1 4144 4145 2851 -1 2866 2658 4146 -1 2866 2656 2658 -1 4147 2623 3011 -1 2620 2623 4147 -1 2629 2108 2622 -1 2108 2629 2107 -1 2122 2965 2146 -1 2122 2121 2965 -1 2137 3010 2917 -1 2136 3010 2137 -1 2125 2151 2136 -1 3009 2151 2125 -1 2150 2132 3010 -1 2150 2152 2132 -1 3007 2130 3008 -1 3007 2124 2130 -1 2149 3007 2148 -1 2149 3009 3007 -1 2142 2130 2129 -1 2142 3008 2130 -1 2162 1412 2164 -1 1413 1412 2162 -1 2168 3013 2158 -1 3013 2168 2167 -1 2170 2635 2636 -1 2635 2170 2169 -1 2634 2176 2632 -1 2634 2174 2176 -1 2111 2631 2862 -1 2631 2111 3005 -1 3003 3699 4148 -1 3002 3699 3003 -1 3004 2193 2192 -1 3004 2893 2193 -1 4149 4150 3697 -1 4151 4150 4149 -1 2894 4152 4153 -1 4154 4152 2894 -1 4155 3701 4156 -1 2887 3701 4155 -1 2888 3001 3000 -1 2888 4157 3001 -1 4158 2999 2998 -1 4158 4159 2999 -1 8 2984 2983 -1 8 2995 2984 -1 2468 2994 2993 -1 2468 2943 2994 -1 2294 4160 4161 -1 2294 2992 4160 -1 4162 2204 2985 -1 4162 2202 2204 -1 4163 2994 4164 -1 2994 4163 2197 -1 4165 2992 2200 -1 4165 4166 2992 -1 2991 4167 4168 -1 2991 2989 4167 -1 4168 2990 2991 -1 4168 4169 2990 -1 2991 2983 2982 -1 2991 2990 2983 -1 2992 4170 4160 -1 4166 4170 2992 -1 2989 2195 4167 -1 2989 2205 2195 -1 2200 2206 4165 -1 2206 2200 2201 -1 4171 2205 2988 -1 2207 2205 4171 -1 4168 4163 2202 -1 4168 4167 4163 -1 4160 4169 4162 -1 4170 4169 4160 -1 4166 4172 4173 -1 4165 4172 4166 -1 2987 2210 2213 -1 2210 2987 2982 -1 2995 7 2932 -1 2995 8 7 -1 4174 2535 2534 -1 2535 4174 4175 -1 2519 2988 2212 -1 2519 4171 2988 -1 2865 2864 2981 -1 4176 2864 2865 -1 2925 3012 2655 -1 2094 3012 2925 -1 3012 2217 2216 -1 3012 2093 2217 -1 4177 2852 4178 -1 4177 2657 2852 -1 2979 2498 4179 -1 2496 2498 2979 -1 4180 4181 4182 -1 4180 2493 4181 -1 4183 2220 2219 -1 2501 2220 4183 -1 2959 2977 4184 -1 2977 2959 2958 -1 4184 4185 2959 -1 4184 2502 4185 -1 2222 4180 2221 -1 2976 4180 2222 -1 302 2586 2883 -1 302 2587 2586 -1 2564 4186 4187 -1 2897 4186 2564 -1 4188 2232 2562 -1 2232 4188 2233 -1 4189 2585 2881 -1 4190 2585 4189 -1 4191 2882 4192 -1 4193 2882 4191 -1 2229 2566 2230 -1 2229 2919 2566 -1 2227 2531 2533 -1 2531 2227 2896 -1 2563 2234 2536 -1 2234 2563 2232 -1 2238 2546 2235 -1 2238 2527 2546 -1 2463 2246 2974 -1 2463 2860 2246 -1 2258 2211 2256 -1 2211 2258 2723 -1 2973 2260 2259 -1 2973 2682 2260 -1 2263 2269 2684 -1 2263 2262 2269 -1 2845 2 2268 -1 2674 2 2845 -1 2262 4194 2270 -1 2262 2271 4194 -1 2262 2264 2271 -1 4194 2968 2270 -1 2970 2968 4194 -1 593 2970 605 -1 593 2968 2970 -1 2683 2972 2688 -1 2683 2684 2972 -1 589 2251 592 -1 2285 2251 589 -1 2285 2283 2251 -1 2448 2842 3803 -1 2448 2446 2842 -1 4195 4196 4197 -1 4195 4198 4196 -1 2666 4199 2966 -1 4199 2666 4200 -1 2966 2602 2599 -1 2966 4199 2602 -1 4195 2042 2601 -1 4195 4197 2042 -1 2287 3670 3797 -1 2287 2289 3670 -1 2986 4201 2295 -1 4202 4201 2986 -1 5 2963 2302 -1 5 2965 2963 -1 5 2291 2965 -1 4202 2116 2962 -1 4202 2123 2116 -1 4202 2154 2123 -1 2287 4201 2290 -1 2287 2667 4201 -1 2300 4161 2985 -1 2300 2964 4161 -1 2964 2302 2963 -1 2964 2300 2302 -1 2288 4203 2289 -1 2288 4204 4203 -1 2295 2667 2298 -1 4201 2667 2295 -1 2627 2308 2981 -1 2310 2308 2627 -1 2652 2960 2832 -1 2960 2652 2961 -1 2830 2713 2828 -1 2711 2713 2830 -1 4205 2650 4206 -1 4207 2650 4205 -1 2712 2855 2710 -1 2649 2855 2712 -1 2716 2653 2714 -1 2853 2653 2716 -1 4208 4185 4183 -1 4208 2707 4185 -1 3202 2729 2731 -1 3202 4209 2729 -1 4210 2926 2928 -1 2926 4210 2736 -1 1792 2695 3174 -1 2503 2695 1792 -1 2325 2836 2692 -1 2326 2836 2325 -1 2702 2326 2321 -1 2836 2326 2702 -1 2737 2956 2734 -1 2737 2954 2956 -1 2366 2396 2367 -1 2366 2397 2396 -1 4211 2953 4212 -1 4211 2952 2953 -1 2345 2931 2346 -1 2931 2345 2376 -1 2373 2479 4213 -1 2479 2373 2371 -1 2948 4214 2949 -1 2948 4215 4214 -1 4216 2369 2368 -1 2370 2369 4216 -1 4217 2372 2374 -1 2372 4217 2365 -1 4218 2377 2375 -1 4218 4219 2377 -1 2352 4219 2353 -1 2364 4219 2352 -1 2350 4218 2374 -1 4218 2350 2349 -1 2949 2335 2378 -1 2949 2336 2335 -1 4214 2952 4211 -1 4214 4216 2952 -1 2356 4215 2948 -1 2356 2361 4215 -1 2380 2947 2930 -1 2383 2947 2380 -1 2344 4220 2950 -1 4220 2344 2384 -1 2946 2338 2390 -1 2338 2946 2337 -1 2930 4221 2391 -1 2947 4221 2930 -1 2387 4222 2945 -1 4222 2387 2394 -1 2426 2337 2946 -1 2426 2951 2337 -1 4212 4223 2941 -1 4212 2953 4223 -1 2347 4224 2929 -1 2347 4213 4224 -1 2993 2208 2468 -1 2208 2993 2199 -1 2477 2944 2470 -1 2477 4225 2944 -1 2481 4213 2479 -1 2481 4224 4213 -1 2515 2899 2557 -1 2899 2515 2514 -1 2517 2557 2559 -1 2517 2515 2557 -1 4226 4227 3777 -1 4226 4228 4227 -1 2511 2911 4229 -1 2511 2509 2911 -1 2900 2557 2899 -1 2900 2558 2557 -1 3707 4230 2892 -1 3707 4231 4230 -1 2573 2419 2418 -1 2573 4232 2419 -1 2572 4233 2891 -1 4234 4233 2572 -1 2570 4226 4235 -1 2570 4228 4226 -1 2513 2388 2941 -1 2388 2513 2516 -1 2421 2940 2406 -1 2421 2516 2940 -1 2938 2765 2942 -1 2938 2766 2765 -1 2760 2385 2386 -1 2385 2760 2808 -1 2428 4236 2814 -1 2428 2427 4236 -1 2691 2434 2433 -1 2691 2937 2434 -1 4237 2816 2936 -1 4237 2817 2816 -1 2748 2826 2725 -1 2748 2819 2826 -1 4236 4221 4238 -1 4222 4221 4236 -1 2438 484 2436 -1 2438 2690 484 -1 2739 1942 2809 -1 2739 1943 1942 -1 2523 2239 2918 -1 2239 2523 2254 -1 2995 2974 2256 -1 2995 2932 2974 -1 2397 2512 2395 -1 2950 2512 2397 -1 2950 4220 2512 -1 2424 2339 2342 -1 2424 2430 2339 -1 2427 2946 2945 -1 2946 2427 2426 -1 2947 4238 4221 -1 2947 2942 4238 -1 4239 4224 2481 -1 4239 2483 4224 -1 2943 4164 2994 -1 2943 4240 4164 -1 2203 3770 33 -1 2203 4241 3770 -1 4241 4242 4243 -1 4242 4241 4240 -1 4225 4242 2944 -1 4225 2486 4242 -1 3771 2485 3747 -1 2485 3771 4243 -1 2487 2929 4244 -1 2487 2348 2929 -1 2487 2351 2348 -1 2474 4245 4246 -1 2474 2473 4245 -1 2359 2476 2478 -1 2359 2477 2476 -1 4246 2939 4247 -1 4246 4245 2939 -1 4247 2409 4248 -1 4247 2939 2409 -1 4248 2411 4249 -1 2411 4248 2409 -1 4250 2481 2480 -1 4250 4239 2481 -1 4244 2482 4251 -1 2482 4244 2929 -1 3953 2411 2410 -1 3953 4075 2411 -1 4250 4072 1781 -1 4072 4250 4249 -1 2296 3767 2475 -1 2296 3795 3767 -1 4177 2090 4142 -1 2090 4177 4178 -1 4252 2092 2091 -1 4252 2901 2092 -1 4253 2091 2497 -1 4253 4252 2091 -1 2496 2494 2497 -1 2496 2491 2494 -1 2504 2906 4254 -1 2906 2504 4255 -1 2923 2506 2543 -1 2923 4256 2506 -1 2977 4256 4184 -1 2319 4256 2977 -1 2543 2505 2541 -1 2543 2506 2505 -1 2221 4257 2222 -1 2221 2500 4257 -1 2500 2221 2220 -1 2551 2499 2923 -1 2551 4258 2499 -1 2543 2922 2923 -1 2542 2922 2543 -1 2422 2392 2389 -1 2913 2392 2422 -1 2393 2902 2921 -1 2902 2393 4259 -1 2467 2510 2512 -1 2903 2510 2467 -1 2238 2214 2524 -1 2212 2214 2238 -1 2550 2520 4260 -1 2520 2550 2525 -1 2522 2920 4261 -1 2528 2920 2522 -1 2531 2529 2532 -1 2531 2919 2529 -1 2998 2917 4158 -1 2917 2998 2137 -1 2186 2178 2185 -1 2178 2186 2109 -1 2177 2915 2183 -1 2173 2915 2177 -1 2914 2175 2172 -1 2914 2916 2175 -1 2224 2552 2490 -1 2224 2230 2552 -1 4259 2398 2907 -1 4259 2913 2398 -1 2508 2537 2912 -1 2537 2508 2507 -1 4229 2910 2554 -1 4229 2911 2910 -1 4110 2537 2908 -1 2537 4110 2910 -1 4255 2909 2538 -1 4255 1835 2909 -1 2540 2904 2905 -1 2540 2539 2904 -1 2398 2548 2545 -1 2400 2548 2398 -1 4257 4260 4261 -1 4257 4258 4260 -1 2222 4261 2920 -1 2222 4257 4261 -1 2920 2223 2222 -1 2530 2223 2920 -1 2183 4262 2553 -1 2915 4262 2183 -1 2901 2914 2180 -1 2901 4252 2914 -1 2415 2554 2567 -1 2415 4229 2554 -1 2407 2419 2575 -1 2407 2420 2419 -1 2407 2408 2420 -1 2575 2547 2518 -1 2577 2547 2575 -1 2895 2227 2226 -1 2895 2896 2227 -1 4263 2187 2565 -1 4263 4159 2187 -1 4154 2997 3001 -1 4154 2194 2997 -1 2191 2099 2102 -1 2191 2579 2099 -1 2579 2191 2193 -1 2897 4264 4186 -1 2897 2560 4264 -1 2225 4189 4193 -1 2225 4188 4189 -1 2895 4265 2565 -1 4265 2895 4266 -1 2890 3000 4263 -1 2888 3000 2890 -1 2192 4153 3004 -1 2192 2894 4153 -1 2886 2850 2661 -1 2886 2084 2850 -1 2571 4267 4268 -1 2571 2569 4267 -1 4234 4226 4233 -1 4234 4235 4226 -1 4230 2576 4232 -1 4269 2576 4230 -1 4270 4264 2574 -1 2884 4264 4270 -1 4190 2586 2585 -1 4190 4187 2586 -1 4266 4192 2879 -1 4266 4191 4192 -1 2880 2890 4265 -1 2889 2890 2880 -1 4155 4152 4157 -1 4151 4152 4155 -1 3003 2580 2893 -1 4271 2580 3003 -1 3876 4267 4272 -1 3709 4267 3876 -1 4228 3711 4227 -1 4228 4268 3711 -1 4269 4231 3703 -1 4269 4230 4231 -1 4270 303 2884 -1 303 4270 3705 -1 3805 2879 4192 -1 294 2879 3805 -1 2889 293 3700 -1 2889 2880 293 -1 4155 4150 4151 -1 4150 4155 4156 -1 3003 3696 4271 -1 3696 3003 4148 -1 2584 3695 3822 -1 2584 2583 3695 -1 2834 2835 2703 -1 2834 2877 2835 -1 4133 2728 2727 -1 4133 4273 2728 -1 3018 2070 2609 -1 2876 2070 3018 -1 2874 2609 2073 -1 2874 1424 2609 -1 2073 2072 2870 -1 2073 2609 2072 -1 2052 2071 2070 -1 2051 2071 2052 -1 2872 2871 2071 -1 3016 2871 2872 -1 2848 3993 2870 -1 1415 3993 2848 -1 2615 1413 2162 -1 2615 1414 1413 -1 2626 2215 2869 -1 2626 4176 2215 -1 2981 2867 2865 -1 2981 4144 2867 -1 2628 2614 2863 -1 2628 2630 2614 -1 2632 2861 2633 -1 2632 2862 2861 -1 2633 2858 2643 -1 2633 2639 2858 -1 2275 2861 2276 -1 2275 2640 2861 -1 2859 2638 2640 -1 2241 2638 2859 -1 2832 2641 2831 -1 2960 2641 2832 -1 2857 2858 2642 -1 2857 2644 2858 -1 3011 2643 2646 -1 2643 3011 2593 -1 4274 2857 2961 -1 4274 2856 2857 -1 4274 2648 2856 -1 4274 2854 2648 -1 4274 2654 2854 -1 2651 2647 2856 -1 4275 2647 2651 -1 2306 4275 4207 -1 4275 2306 2618 -1 2853 2854 2654 -1 2853 2855 2854 -1 2851 4179 2852 -1 2851 4145 4179 -1 2613 2087 2079 -1 2093 2613 2217 -1 2613 2093 2087 -1 3584 2035 2086 -1 12 2035 3584 -1 4200 3675 4198 -1 4200 3677 3675 -1 3669 4196 3672 -1 4203 4196 3669 -1 2678 3014 2847 -1 2678 2063 3014 -1 2060 2069 3006 -1 2069 2060 2068 -1 2845 2846 2067 -1 2845 2679 2846 -1 0 2674 2676 -1 2 2674 0 -1 2842 2589 2284 -1 2842 2841 2589 -1 2589 2840 2590 -1 2840 2589 2841 -1 2686 2443 2747 -1 2686 2439 2443 -1 2840 2435 2686 -1 2839 2435 2840 -1 2839 2433 2435 -1 2434 2758 2440 -1 2434 2937 2758 -1 2744 2442 2445 -1 2757 2442 2744 -1 2757 2934 2442 -1 4276 2456 2838 -1 2456 4276 2457 -1 2837 2460 2462 -1 2837 2838 2460 -1 2838 4277 4276 -1 2837 4277 2838 -1 1947 4277 3203 -1 1947 2824 4277 -1 1433 4273 4133 -1 1433 1432 4273 -1 2697 2878 2698 -1 2697 2835 2878 -1 4278 2833 2719 -1 4279 2833 4278 -1 4208 2719 2721 -1 4278 2719 4208 -1 2219 4279 4278 -1 4182 4279 2219 -1 2705 4181 2980 -1 2705 2704 4181 -1 4206 2303 4205 -1 4206 2304 2303 -1 2828 2722 2830 -1 2828 2829 2722 -1 2755 2715 4280 -1 2715 2755 2827 -1 2831 2826 4281 -1 2831 2244 2826 -1 2244 2831 2975 -1 2329 2311 2314 -1 2329 2316 2311 -1 2825 2333 2699 -1 4282 2333 2825 -1 2957 4273 4282 -1 2957 2728 4273 -1 2955 4210 4209 -1 2955 2954 4210 -1 2736 2954 2737 -1 2954 2736 4210 -1 2329 2877 2834 -1 2329 2331 2877 -1 2742 2823 2740 -1 2824 2823 2742 -1 2740 2738 2812 -1 2740 2823 2738 -1 4280 2818 2820 -1 4280 4281 2818 -1 2822 2313 2750 -1 2822 2926 2313 -1 2718 2753 2751 -1 2753 2718 2720 -1 2720 2829 2753 -1 2829 2720 2722 -1 2772 2820 2818 -1 2772 2807 2820 -1 2748 2935 2451 -1 2749 2935 2748 -1 2749 2936 2935 -1 4237 2747 2443 -1 4237 2745 2747 -1 2813 2451 2935 -1 2454 2451 2813 -1 2810 2738 2739 -1 2810 2812 2738 -1 2783 2809 2933 -1 2783 2811 2809 -1 2763 2810 2811 -1 2763 2759 2810 -1 2776 2807 2777 -1 2776 2821 2807 -1 2779 2804 2750 -1 2805 2804 2779 -1 2778 2805 2779 -1 2778 2803 2805 -1 2806 2775 2782 -1 2775 2806 2803 -1 2773 2781 2774 -1 2773 2780 2781 -1 2789 1756 2792 -1 2787 1756 2789 -1 2796 2797 2795 -1 2796 2802 2797 -1 2801 2793 4283 -1 2793 2801 2796 -1 2799 2794 1750 -1 2799 2800 2794 -1 2806 2797 2804 -1 2797 2806 2798 -1 2802 2927 2822 -1 2801 2927 2802 -1 4283 2730 2732 -1 2800 2730 4283 -1 2801 2732 2927 -1 4283 2732 2801 -1 2804 2802 2822 -1 2802 2804 2797 -1 2782 2798 2806 -1 2798 2782 2788 -1 2793 2800 4283 -1 2794 2800 2793 -1 2788 2795 2798 -1 2788 2789 2795 -1 2783 2785 2784 -1 2933 2785 2783 -1 2781 2764 2784 -1 2764 2781 2780 -1 2770 2780 2773 -1 2762 2780 2770 -1 2752 2776 2779 -1 2776 2752 2821 -1 2774 2771 2773 -1 2774 2777 2771 -1 2770 2765 2762 -1 2770 2768 2765 -1 2763 2760 2759 -1 2763 2808 2760 -1 2811 2764 2763 -1 2811 2783 2764 -1 2744 2449 2757 -1 2743 2449 2744 -1 2745 2936 2749 -1 2745 4237 2936 -1 2829 2754 2753 -1 2829 2755 2754 -1 2754 2821 2752 -1 2754 2756 2821 -1 2312 2718 2751 -1 2718 2312 2318 -1 4280 2756 2755 -1 2756 4280 2820 -1 2819 4281 2826 -1 2818 4281 2819 -1 2440 2450 2817 -1 2440 2758 2450 -1 2741 2812 2743 -1 2741 2740 2812 -1 2823 1939 2738 -1 2823 1940 1939 -1 2785 1978 1856 -1 2933 1978 2785 -1 2316 2834 2317 -1 2316 2329 2834 -1 2331 2878 2877 -1 2331 2735 2878 -1 2698 2735 2733 -1 2878 2735 2698 -1 2734 2825 2733 -1 2734 2956 2825 -1 2729 2927 2732 -1 2928 2927 2729 -1 2015 2730 2018 -1 2731 2730 2015 -1 2955 2728 2957 -1 2726 2728 2955 -1 2956 4282 2825 -1 2956 2957 4282 -1 1432 4282 4273 -1 1432 2333 4282 -1 4281 2715 2831 -1 4281 4280 2715 -1 2833 2830 2719 -1 2830 2833 2305 -1 2708 2720 2718 -1 2721 2720 2708 -1 2304 2712 2711 -1 2712 2304 4206 -1 2706 4205 2303 -1 4205 2706 2307 -1 4143 2980 2979 -1 4143 2705 2980 -1 4182 2704 4279 -1 4181 2704 4182 -1 4278 4183 2219 -1 4278 4208 4183 -1 2721 2707 4208 -1 2721 2708 2707 -1 2303 4279 2704 -1 2303 2833 4279 -1 2699 2334 2696 -1 2333 2334 2699 -1 2694 3174 2695 -1 2694 1431 3174 -1 2837 3203 4277 -1 3203 2837 145 -1 2824 4276 4277 -1 2824 2742 4276 -1 2457 2742 2445 -1 2457 4276 2742 -1 2937 2757 2758 -1 2937 2934 2757 -1 2747 2687 2686 -1 2747 2746 2687 -1 2839 2841 2447 -1 2839 2840 2841 -1 2283 2284 2589 -1 2283 2285 2284 -1 2688 2282 2590 -1 2972 2282 2688 -1 2972 2971 2282 -1 2746 2278 2687 -1 2258 2278 2746 -1 2278 2258 2257 -1 3006 2846 2274 -1 2846 3006 2069 -1 2289 3669 3670 -1 2289 4203 3669 -1 4198 3672 4196 -1 4198 3675 3672 -1 2665 4200 2666 -1 4200 2665 3677 -1 4146 2218 2866 -1 3012 2218 4146 -1 3012 2216 2218 -1 2979 4145 4143 -1 4179 4145 2979 -1 4207 2651 2650 -1 2651 4207 4275 -1 2618 2647 4275 -1 2618 2645 2647 -1 2654 2961 2652 -1 2654 4274 2961 -1 2646 4147 3011 -1 2646 2645 4147 -1 2960 2642 2641 -1 2857 2642 2960 -1 2641 2975 2831 -1 2641 2255 2975 -1 2163 2158 3013 -1 2163 2159 2158 -1 2636 2105 2616 -1 2636 2635 2105 -1 2614 2624 2612 -1 2614 2630 2624 -1 2625 2619 2627 -1 2625 2622 2619 -1 2308 4144 2981 -1 2308 2709 4144 -1 4176 2625 2864 -1 2625 4176 2626 -1 2626 2612 2624 -1 2612 2626 2869 -1 4147 2618 2617 -1 2645 2618 4147 -1 2870 2074 2073 -1 3993 2074 2870 -1 2871 2072 2071 -1 2072 2871 2870 -1 2874 3208 3207 -1 2873 3208 2874 -1 1428 2662 2029 -1 2662 1428 2033 -1 2609 1426 3018 -1 2609 1424 1426 -1 3 2048 6 -1 2048 3 2265 -1 2600 2602 2595 -1 2602 2600 2599 -1 2603 2038 3026 -1 2603 2039 2038 -1 2639 2642 2858 -1 2642 2639 2638 -1 2885 3692 2085 -1 3692 2885 3693 -1 3695 4271 3696 -1 3695 2583 4271 -1 3697 3002 4149 -1 3699 3002 3697 -1 3700 2887 2889 -1 3701 2887 3700 -1 3703 4270 4269 -1 3705 4270 3703 -1 3706 2892 2891 -1 3707 2892 3706 -1 3709 4268 4267 -1 3711 4268 3709 -1 4271 2581 2580 -1 2583 2581 4271 -1 3004 4149 3002 -1 3004 4153 4149 -1 4265 2879 2880 -1 4265 4266 2879 -1 2882 4189 2881 -1 2882 4193 4189 -1 2884 4186 4264 -1 2883 4186 2884 -1 2574 4269 4270 -1 2574 2576 4269 -1 4268 2570 2571 -1 4228 2570 4268 -1 2569 4272 4267 -1 2569 2568 4272 -1 2582 2578 2581 -1 2582 2660 2578 -1 4157 4154 3001 -1 4152 4154 4157 -1 4265 4263 2565 -1 2890 4263 4265 -1 2226 4266 2895 -1 4266 2226 4191 -1 2562 4187 4190 -1 2562 2564 4187 -1 2560 2574 4264 -1 2560 2577 2574 -1 4232 2575 2419 -1 2576 2575 4232 -1 4235 2900 2417 -1 4234 2900 4235 -1 2569 2556 2567 -1 2571 2556 2569 -1 3000 4159 4263 -1 3000 2999 4159 -1 2225 2233 4188 -1 2225 2228 2233 -1 2577 2235 2547 -1 2560 2235 2577 -1 2560 2236 2235 -1 2518 2407 2575 -1 2518 2404 2407 -1 4252 2916 2914 -1 4252 4253 2916 -1 2552 2183 2553 -1 2183 2552 2184 -1 2490 2976 2224 -1 2490 2492 2976 -1 4260 2551 2550 -1 4260 4258 2551 -1 2907 2545 2544 -1 2398 2545 2907 -1 2541 2544 2542 -1 2544 2541 2905 -1 2540 4255 2538 -1 2540 2906 4255 -1 2910 2555 2554 -1 2910 4110 2555 -1 2904 4259 2907 -1 2902 4259 2904 -1 2915 4253 4262 -1 2916 4253 2915 -1 4158 2109 2186 -1 2109 4158 2917 -1 2135 2190 2155 -1 2135 2998 2190 -1 2137 2998 2135 -1 2520 4261 4260 -1 2522 4261 2520 -1 2526 2525 2550 -1 2525 2526 2524 -1 2521 2525 2466 -1 2525 2521 2520 -1 2528 2523 2918 -1 2522 2523 2528 -1 2413 4223 2395 -1 2413 2412 4223 -1 2510 2511 2512 -1 2509 2511 2510 -1 2903 2507 2510 -1 2507 2903 2539 -1 2393 2913 4259 -1 2393 2392 2913 -1 2922 2551 2923 -1 2922 2549 2551 -1 2500 4258 4257 -1 2499 4258 2500 -1 2976 2493 4180 -1 2976 2492 2493 -1 2506 2319 2322 -1 2506 4256 2319 -1 2502 4256 2923 -1 2502 4184 4256 -1 2505 2323 4254 -1 2505 2324 2323 -1 4254 2541 2505 -1 4254 2906 2541 -1 4254 2503 2504 -1 4254 2323 2503 -1 1791 4255 2504 -1 1835 4255 1791 -1 2553 2494 2490 -1 2494 2553 4262 -1 4262 2497 2494 -1 2497 4262 4253 -1 2498 2090 4178 -1 2091 2090 2498 -1 2901 2103 2092 -1 2901 2101 2103 -1 3747 2487 3748 -1 2487 3747 2485 -1 2297 2472 2471 -1 2472 2297 2296 -1 4251 2484 4069 -1 2484 4251 2482 -1 1781 4239 4250 -1 1775 4239 1781 -1 4249 4075 4072 -1 4075 4249 2411 -1 3756 4251 3757 -1 4251 3756 4244 -1 2929 2483 2482 -1 2929 4224 2483 -1 2480 4249 4250 -1 4249 2480 4248 -1 3757 4069 3761 -1 4069 3757 4251 -1 2478 4248 2480 -1 2478 4247 4248 -1 2939 3763 509 -1 4245 3763 2939 -1 2476 4247 2478 -1 2476 4246 4247 -1 3763 2473 3766 -1 2473 3763 4245 -1 2469 4246 2476 -1 2469 2474 4246 -1 2475 3766 2473 -1 2475 3767 3766 -1 2474 2471 2472 -1 2471 2474 2469 -1 3748 4244 3756 -1 3748 2487 4244 -1 4243 2486 2485 -1 2486 4243 4242 -1 3770 4243 3771 -1 4243 3770 4241 -1 4240 2944 4242 -1 2944 4240 2943 -1 4164 4241 2203 -1 4240 4241 4164 -1 2483 1775 1774 -1 4239 1775 2483 -1 2945 4236 2427 -1 2945 4222 4236 -1 2343 2941 2388 -1 2343 4212 2941 -1 2512 2381 2467 -1 4220 2381 2512 -1 2211 2984 2256 -1 2210 2984 2211 -1 2974 2465 2463 -1 2932 2465 2974 -1 2242 2918 2239 -1 2242 2532 2918 -1 2460 2461 2462 -1 2458 2461 2460 -1 2819 2451 2453 -1 2748 2451 2819 -1 2432 2743 2761 -1 2432 2449 2743 -1 2436 2444 2437 -1 2436 2455 2444 -1 2443 2817 4237 -1 2440 2817 2443 -1 2816 2813 2935 -1 2816 2815 2813 -1 2432 2424 2423 -1 2432 2430 2424 -1 2767 2942 2768 -1 2942 2767 4238 -1 2814 4238 2767 -1 4236 4238 2814 -1 2412 2941 4223 -1 2402 2941 2412 -1 3777 4233 4226 -1 3777 3779 4233 -1 2570 2417 2416 -1 2570 4235 2417 -1 3779 2891 4233 -1 3779 3706 2891 -1 2558 4234 2572 -1 2900 4234 2558 -1 2573 4230 4232 -1 2573 2892 4230 -1 2413 4229 2415 -1 2413 2511 4229 -1 2912 2509 2508 -1 2509 2912 2911 -1 2940 2559 2898 -1 2559 2940 2517 -1 2358 2477 2359 -1 2477 2358 4225 -1 2358 2486 4225 -1 2355 2486 2358 -1 2953 2395 4223 -1 2953 2396 2395 -1 2342 2426 2424 -1 2951 2426 2342 -1 2921 2391 2393 -1 2930 2391 2921 -1 4222 2391 4221 -1 4222 2394 2391 -1 2390 2343 2388 -1 2390 2338 2343 -1 2344 2386 2384 -1 2344 2429 2386 -1 2344 2346 2429 -1 4220 2382 2381 -1 4220 2384 2382 -1 2370 2361 2362 -1 2370 4215 2361 -1 2379 2340 2377 -1 2379 2341 2340 -1 4217 2376 2345 -1 4217 2375 2376 -1 2372 2371 2373 -1 2372 2369 2371 -1 2952 2368 2367 -1 4216 2368 2952 -1 2949 4211 2336 -1 2949 4214 4211 -1 2345 2365 4217 -1 2365 2345 2366 -1 2349 4219 4218 -1 4219 2349 2353 -1 2364 2377 4219 -1 2364 2379 2377 -1 2375 2374 4218 -1 2374 2375 4217 -1 4215 4216 4214 -1 4215 2370 4216 -1 2350 4213 2347 -1 4213 2350 2373 -1 2359 2356 2358 -1 2359 2361 2356 -1 2355 2352 2354 -1 2355 2357 2352 -1 2351 2349 2348 -1 2351 2353 2349 -1 2950 2345 2344 -1 2950 2366 2345 -1 2376 2339 2931 -1 2339 2376 2340 -1 2342 2335 2951 -1 2341 2335 2342 -1 2336 4212 2343 -1 2336 4211 4212 -1 4209 2726 2955 -1 2726 4209 3202 -1 2319 2978 2320 -1 2319 2977 2978 -1 2320 2958 2328 -1 2320 2978 2958 -1 2312 2316 2318 -1 2311 2316 2312 -1 2928 4209 4210 -1 4209 2928 2729 -1 2707 2959 4185 -1 2707 2328 2959 -1 2714 2652 2832 -1 2653 2652 2714 -1 4206 2649 2712 -1 2650 2649 4206 -1 4207 2307 2306 -1 4207 4205 2307 -1 2305 2711 2830 -1 2304 2711 2305 -1 2828 2717 2827 -1 2713 2717 2828 -1 2875 4204 2288 -1 4204 2875 2041 -1 2668 2296 2298 -1 2668 3795 2296 -1 2986 2297 2208 -1 2986 2295 2297 -1 2294 2964 2292 -1 2964 2294 4161 -1 5 757 3 -1 5 3796 757 -1 2667 3797 2669 -1 2667 2287 3797 -1 4201 2962 2290 -1 2962 4201 4202 -1 2302 3796 5 -1 3796 2302 2299 -1 2986 2154 4202 -1 2154 2986 2292 -1 4204 2042 4197 -1 4204 2041 2042 -1 4199 2601 2602 -1 4199 4195 2601 -1 4199 4198 4195 -1 4199 4200 4198 -1 4204 4196 4203 -1 4204 4197 4196 -1 2286 2842 2284 -1 2286 3803 2842 -1 2272 2973 2969 -1 2272 2843 2973 -1 2683 2687 2278 -1 2683 2688 2687 -1 2271 2267 4194 -1 2271 2273 2267 -1 2266 4194 2267 -1 2266 2970 4194 -1 2067 2674 2845 -1 2675 2674 2067 -1 2066 2063 2678 -1 2063 2066 2064 -1 2250 2971 2269 -1 2250 2252 2971 -1 2682 2264 2263 -1 2843 2264 2682 -1 2249 2261 2260 -1 2247 2261 2249 -1 2209 2723 2243 -1 2209 2211 2723 -1 2255 2245 2975 -1 2254 2245 2255 -1 2860 2242 2859 -1 2463 2242 2860 -1 2588 2881 2585 -1 298 2881 2588 -1 2237 2561 2536 -1 2237 2236 2561 -1 2233 2533 2234 -1 2533 2233 2228 -1 2919 2896 2566 -1 2919 2531 2896 -1 2224 2231 2230 -1 2224 2223 2231 -1 2226 4193 4191 -1 2225 4193 2226 -1 4192 297 3805 -1 2882 297 4192 -1 4188 4190 4189 -1 2562 4190 4188 -1 4187 2883 2586 -1 4186 2883 4187 -1 2502 4183 4185 -1 2502 2501 4183 -1 2221 4182 2219 -1 2221 4180 4182 -1 2980 2493 2491 -1 2493 2980 4181 -1 4179 4178 2852 -1 2498 4178 4179 -1 2655 4177 2925 -1 4177 2655 2657 -1 4146 2655 3012 -1 4146 2658 2655 -1 2218 4176 2865 -1 2218 2215 4176 -1 2212 2987 2213 -1 2212 2988 2987 -1 4175 2519 2535 -1 2519 4175 4171 -1 2932 4174 2534 -1 2932 7 4174 -1 2213 2209 2466 -1 2213 2210 2209 -1 2208 2293 2292 -1 2208 2198 2293 -1 4172 2206 2207 -1 2206 4172 4165 -1 4166 9 4170 -1 4166 4173 9 -1 2202 4169 4168 -1 4169 2202 4162 -1 4175 2207 4171 -1 4172 2207 4175 -1 7 4173 4174 -1 9 4173 7 -1 4170 2990 4169 -1 4170 9 2990 -1 4167 2197 4163 -1 4167 2195 2197 -1 4173 4175 4174 -1 4173 4172 4175 -1 2203 4163 4164 -1 2203 2202 4163 -1 4161 4162 2985 -1 4161 4160 4162 -1 2998 2194 2190 -1 2998 2997 2194 -1 4159 2186 2187 -1 4158 2186 4159 -1 2887 4157 2888 -1 2887 4155 4157 -1 2894 2194 4154 -1 2194 2894 2188 -1 4153 4151 4149 -1 4152 4151 4153 -1 2171 2181 2180 -1 2165 2181 2171 -1 2176 2862 2632 -1 2862 2176 2111 -1 2635 2174 2634 -1 2635 2169 2174 -1 2166 2636 2637 -1 2636 2166 2170 -1 2631 2168 2158 -1 2631 3005 2168 -1 2173 2176 2174 -1 2177 2176 2173 -1 2172 2174 2169 -1 2175 2174 2172 -1 3013 2166 2637 -1 3013 2167 2166 -1 2057 2163 2056 -1 2163 2057 2159 -1 2156 3005 2111 -1 2156 2128 3005 -1 2121 2154 2963 -1 2121 2120 2154 -1 2141 2152 2150 -1 2139 2152 2141 -1 2140 3009 2149 -1 2140 2151 3009 -1 2144 3008 2142 -1 2144 2145 3008 -1 2117 2139 2141 -1 2139 2117 2119 -1 2133 2152 2143 -1 2152 2133 2132 -1 2136 2150 3010 -1 2151 2150 2136 -1 2156 2133 2129 -1 2156 2134 2133 -1 2131 2124 2127 -1 2130 2124 2131 -1 2123 2119 2117 -1 2119 2123 2120 -1 4 2146 2291 -1 4 2147 2146 -1 2625 2629 2622 -1 2625 2624 2629 -1 2617 2620 4147 -1 2617 2621 2620 -1 2656 2867 2851 -1 2866 2867 2656 -1 2709 4145 4144 -1 2709 4143 4145 -1 2925 4142 2924 -1 4142 2925 4177 -1 2098 2100 2099 -1 2098 2495 2100 -1 2032 2081 2850 -1 2082 2081 2032 -1 2080 2088 2495 -1 2088 2080 2079 -1 2097 2659 2606 -1 2097 2096 2659 -1 4142 2092 2103 -1 4142 2090 2092 -1 2089 2104 2088 -1 2089 2924 2104 -1 2084 2032 2850 -1 2084 2030 2032 -1 3692 2086 2085 -1 3692 3584 2086 -1 3822 2885 2584 -1 3693 2885 3822 -1 2605 1420 2608 -1 2605 1422 1420 -1 3016 2849 2871 -1 2849 3016 2670 -1 2061 2066 2068 -1 2064 2066 2061 -1 2065 2061 2059 -1 2065 2064 2061 -1 2055 3006 2680 -1 2060 3006 2055 -1 2045 2671 3020 -1 2045 2044 2671 -1 2872 2050 3015 -1 2050 2872 2051 -1 2673 2043 2059 -1 2043 2673 2044 -1 3021 3015 2050 -1 3025 3015 3021 -1 2966 2028 2967 -1 2028 2966 2599 -1 2033 1427 2031 -1 2033 1428 1427 -1 3026 3025 3021 -1 3026 2038 3025 -1 11 2664 2663 -1 11 10 2664 -1 4138 2025 2027 -1 4138 2026 2025 -1 2013 4138 2027 -1 2013 2014 4138 -1 2016 2799 2025 -1 2016 2018 2799 -1 4140 2021 3027 -1 1754 2021 4140 -1 2023 4141 2027 -1 2023 3029 4141 -1 3048 3029 3028 -1 3048 4141 3029 -1 2022 4140 2023 -1 2022 4139 4140 -1 1752 2790 2022 -1 1752 1751 2790 -1 2021 1856 1979 -1 2021 2020 1856 -1 4138 2012 3180 -1 4138 2014 2012 -1 4132 3200 4010 -1 4132 4131 3200 -1 1622 1431 2010 -1 3174 1431 1622 -1 2007 2008 2004 -1 2009 2008 2007 -1 3042 2000 2011 -1 3042 2001 2000 -1 2002 4137 2003 -1 2002 3179 4137 -1 4137 4014 4011 -1 4137 4136 4014 -1 4136 4135 4134 -1 4136 3178 4135 -1 1996 1609 4135 -1 1996 1998 1609 -1 1433 2010 1431 -1 1433 3043 2010 -1 3044 2727 4131 -1 3044 4133 2727 -1 4132 3041 3045 -1 4132 3036 3041 -1 1994 4129 1991 -1 1994 4130 4129 -1 3048 1597 1596 -1 3048 3047 1597 -1 1604 1997 1999 -1 1604 1601 1997 -1 4129 1992 1991 -1 1992 4129 3053 -1 1897 1987 1895 -1 1987 1897 1985 -1 3056 1478 3055 -1 1478 3056 1477 -1 1857 1759 1980 -1 1759 1857 1497 -1 4020 4015 4026 -1 4020 4013 4015 -1 4027 1612 1892 -1 1612 4027 1613 -1 4119 1630 4126 -1 4119 4118 1630 -1 1631 3089 3170 -1 1631 3090 3089 -1 1650 1796 1669 -1 1796 1650 1652 -1 1975 4086 1972 -1 4086 1975 4084 -1 1975 3847 3848 -1 3847 1975 1973 -1 1671 3062 1968 -1 1671 4039 3062 -1 1973 3851 3847 -1 1973 4052 3851 -1 4125 3361 4124 -1 3361 4125 3854 -1 4080 4125 1858 -1 3136 4125 4080 -1 1860 4053 4050 -1 1860 4124 4053 -1 3064 1515 1512 -1 1515 3064 4123 -1 1961 1511 1965 -1 1511 1961 1505 -1 1950 3065 1948 -1 1950 1962 3065 -1 3066 1960 1959 -1 3066 3065 1960 -1 1957 1522 1960 -1 1522 1957 1523 -1 1956 1952 1951 -1 1956 4005 1952 -1 1932 1951 1954 -1 1932 1955 1951 -1 1932 3071 1955 -1 1949 1963 1950 -1 1949 4122 1963 -1 1961 1506 1505 -1 1963 1506 1961 -1 3203 1946 1947 -1 3203 1508 1946 -1 1481 1500 1483 -1 3145 1500 1481 -1 4122 1481 1480 -1 1481 4122 3145 -1 1944 1938 1937 -1 1944 1949 1938 -1 3076 1930 1932 -1 1930 3076 1559 -1 1547 1927 1625 -1 1547 3181 1927 -1 3075 1983 1623 -1 3075 1990 1983 -1 1922 1911 1908 -1 1919 1911 1922 -1 1471 3076 3077 -1 1471 1470 3076 -1 3185 1922 3183 -1 1922 3185 1920 -1 1561 3192 4007 -1 1561 1549 3192 -1 1910 4120 1908 -1 4120 1910 1579 -1 1572 1576 1571 -1 1916 1576 1572 -1 1567 1578 1577 -1 1566 1578 1567 -1 4117 3191 4008 -1 4117 4121 3191 -1 4121 1910 1909 -1 4121 4117 1910 -1 1908 3183 1922 -1 4120 3183 1908 -1 3080 3060 1907 -1 4049 3060 3080 -1 3167 1872 1874 -1 3167 3166 1872 -1 3168 3093 4009 -1 3168 1879 3093 -1 4038 1904 3085 -1 4038 3173 1904 -1 1901 1642 3094 -1 1643 1642 1901 -1 1896 1585 1888 -1 1627 1585 1896 -1 1993 3087 3050 -1 3087 1993 1986 -1 4119 1615 3050 -1 4119 4017 1615 -1 1890 1608 1611 -1 1890 1606 1608 -1 4012 1610 1891 -1 4134 1610 4012 -1 1627 1895 1628 -1 1627 1896 1895 -1 3084 1884 1878 -1 1882 1884 3084 -1 1591 1873 1564 -1 1873 1591 1871 -1 1873 3082 1874 -1 1871 3082 1873 -1 1871 1587 3082 -1 1587 1871 1588 -1 4049 1859 4051 -1 1859 4049 3080 -1 3171 1639 4037 -1 3171 1866 1639 -1 3094 4036 1641 -1 1642 4036 3094 -1 1641 1886 3094 -1 1641 1865 1886 -1 1858 3141 4080 -1 1858 1539 3141 -1 4272 3875 3876 -1 4272 4116 3875 -1 3879 4003 4115 -1 3881 4003 3879 -1 3883 4114 4113 -1 3885 4114 3883 -1 4116 2568 1850 -1 4272 2568 4116 -1 3096 3100 3099 -1 3095 3100 3096 -1 4001 4115 4003 -1 4001 4112 4115 -1 4113 1845 1847 -1 4114 1845 4113 -1 4112 3193 4111 -1 4001 3193 4112 -1 1840 3108 1844 -1 1840 1839 3108 -1 1826 3098 3097 -1 1826 1827 3098 -1 4111 1436 1824 -1 3193 1436 4111 -1 1846 1825 3110 -1 3101 1825 1846 -1 2555 1837 1840 -1 2555 4110 1837 -1 3106 4109 3128 -1 4109 3106 1829 -1 1834 2908 2909 -1 1834 1833 2908 -1 1832 1837 1833 -1 1837 1832 1838 -1 1831 4107 4108 -1 4107 1831 1821 -1 3111 1831 1828 -1 1819 1831 3111 -1 1818 1839 1838 -1 1839 1818 1440 -1 1822 3115 1823 -1 3115 1822 3117 -1 1822 1820 3112 -1 1820 1822 1809 -1 1821 1813 4107 -1 1821 1815 1813 -1 4106 1814 1815 -1 4106 4063 1814 -1 1734 1813 1735 -1 1743 1813 1734 -1 1811 4063 4106 -1 4063 1811 1812 -1 1809 4106 1820 -1 4106 1809 1811 -1 1676 1741 1740 -1 1741 1676 1807 -1 4092 3112 3111 -1 4092 3118 3112 -1 4097 1828 1830 -1 4095 1828 4097 -1 4021 4096 4019 -1 4096 4021 4030 -1 4105 4094 4093 -1 4094 4105 4101 -1 4104 3119 4100 -1 3120 3119 4104 -1 3116 4102 1842 -1 3116 4103 4102 -1 4102 1663 1798 -1 4102 1664 1663 -1 1803 4103 4104 -1 4041 4103 1803 -1 4104 1801 1803 -1 4100 1801 4104 -1 3125 4101 4105 -1 4099 4101 3125 -1 4031 4105 4029 -1 4031 3125 4105 -1 4023 4028 4022 -1 4028 4023 4035 -1 4035 4025 4033 -1 4035 4023 4025 -1 1633 3126 1800 -1 3126 1633 4042 -1 1669 4040 1977 -1 1665 4040 1669 -1 4095 4098 4093 -1 4095 4097 4098 -1 1654 1801 4099 -1 1801 1654 1802 -1 4045 3102 4043 -1 4045 4090 3102 -1 4048 1799 1797 -1 4048 3104 1799 -1 3922 4044 4087 -1 3924 4044 3922 -1 4047 4089 4046 -1 4089 4047 4081 -1 3106 3122 3107 -1 3106 4018 3122 -1 4084 3930 4085 -1 3932 3930 4084 -1 4088 3922 4087 -1 4088 3934 3922 -1 4083 4085 4088 -1 4083 3129 4085 -1 3131 4086 3129 -1 3131 3061 4086 -1 4081 4083 4089 -1 4082 4083 4081 -1 1658 3131 1656 -1 3131 1658 3061 -1 1933 3071 1931 -1 1933 3067 3071 -1 1785 3137 3134 -1 1785 1784 3137 -1 3133 1526 1776 -1 1526 3133 1768 -1 4070 1724 1464 -1 4070 1773 1724 -1 4071 1464 4076 -1 1464 4071 4070 -1 1771 4079 1770 -1 4079 1771 3139 -1 4074 4077 3996 -1 4077 4074 4073 -1 1770 4080 3141 -1 1770 4079 4080 -1 3138 3996 4077 -1 3996 3138 3995 -1 4076 1722 1765 -1 4076 1464 1722 -1 3952 4075 3953 -1 4075 3952 4073 -1 1781 4074 1782 -1 1781 4072 4074 -1 2484 1773 4070 -1 2484 1774 1773 -1 3954 4076 3955 -1 3954 4071 4076 -1 1767 4066 1761 -1 1767 3143 4066 -1 1769 3141 3142 -1 1769 1770 3141 -1 3957 1780 3958 -1 3957 4068 1780 -1 3156 1765 1722 -1 3156 1763 1765 -1 3156 1761 4066 -1 3156 1760 1761 -1 4067 1766 1763 -1 1766 4067 3962 -1 1535 1769 1528 -1 1533 1769 1535 -1 1497 1757 1759 -1 3148 1757 1497 -1 1730 1479 1733 -1 1730 1475 1479 -1 4059 4064 4061 -1 4059 4062 4064 -1 1755 2022 2790 -1 1755 4139 2022 -1 1674 3149 1672 -1 1674 4058 3149 -1 4057 4061 4064 -1 4057 4060 4061 -1 1759 1733 1479 -1 1758 1733 1759 -1 4056 1676 1805 -1 4056 1677 1676 -1 4065 1734 1731 -1 4065 1742 1734 -1 1758 1731 1733 -1 1758 4065 1731 -1 1732 1814 4062 -1 1732 1735 1814 -1 1812 4064 4063 -1 4057 4064 1812 -1 1476 4061 3196 -1 4059 4061 1476 -1 1474 1674 1675 -1 1474 3195 1674 -1 4058 3197 4060 -1 4058 3998 3197 -1 1677 1717 1726 -1 1677 4056 1717 -1 3162 1737 1736 -1 1737 3162 1718 -1 1681 3163 1679 -1 1681 4054 3163 -1 3153 3641 1693 -1 3641 3153 1727 -1 1726 1719 4055 -1 1719 1726 1717 -1 1718 1708 1706 -1 1708 1718 3162 -1 1719 1707 1705 -1 1719 1706 1707 -1 3641 3640 3639 -1 3641 4055 3640 -1 1697 1700 1702 -1 1699 1700 1697 -1 1703 1709 1694 -1 1712 1709 1703 -1 1707 1690 1457 -1 1707 1689 1690 -1 3997 1696 1698 -1 3164 1696 3997 -1 1696 1716 1699 -1 3161 1716 1696 -1 1737 1805 1738 -1 1737 4056 1805 -1 3131 4082 1656 -1 3131 3130 4082 -1 1667 3127 1797 -1 3127 1667 1666 -1 3063 4053 4052 -1 4050 4053 3063 -1 4051 1969 4049 -1 4051 1970 1969 -1 3060 4039 1651 -1 3062 4039 3060 -1 4048 4046 4043 -1 4047 4046 4048 -1 3924 4045 4044 -1 3924 3978 4045 -1 1788 1666 1659 -1 1789 1666 1788 -1 1802 4042 1803 -1 1802 3126 4042 -1 4040 1664 4041 -1 1664 4040 1665 -1 1665 1662 1663 -1 1662 1665 1660 -1 1794 1659 1661 -1 1788 1659 1794 -1 1655 4099 3125 -1 1654 4099 1655 -1 1651 1976 1652 -1 1976 1651 4039 -1 1638 3085 1880 -1 4038 3085 1638 -1 1642 3172 4036 -1 1642 1644 3172 -1 1637 4038 1638 -1 1637 1647 4038 -1 4037 1641 4036 -1 4037 1639 1641 -1 1865 1887 1584 -1 1640 1887 1865 -1 1866 3086 1885 -1 3089 3086 1866 -1 4034 4126 1630 -1 4033 4126 4034 -1 4035 4031 4028 -1 4035 4032 4031 -1 4030 4098 4096 -1 4030 4029 4098 -1 4127 4033 4025 -1 4033 4127 4126 -1 4022 4026 4023 -1 4022 4020 4026 -1 3059 4019 3038 -1 4021 4019 3059 -1 3123 2007 2006 -1 3123 3122 2007 -1 1619 1620 2008 -1 1620 1619 1618 -1 4127 1892 4017 -1 4127 4027 1892 -1 4027 4025 4024 -1 4027 4127 4025 -1 3046 4128 1603 -1 3049 4128 3046 -1 3088 3049 1893 -1 3088 4128 3049 -1 4016 1611 1613 -1 1890 1611 4016 -1 1891 4013 4012 -1 1891 4015 4013 -1 4011 3058 3037 -1 3058 4011 4014 -1 4010 2017 3032 -1 4010 3200 2017 -1 1997 3176 1998 -1 1997 3177 3176 -1 4130 3028 3051 -1 3047 3028 4130 -1 3074 1551 1550 -1 3074 3073 1551 -1 1875 3093 3092 -1 1875 1872 3093 -1 3166 1594 4009 -1 1594 3166 1595 -1 1561 1877 1550 -1 1561 3182 1877 -1 3190 1587 1589 -1 3083 1587 3190 -1 1925 1536 1541 -1 1536 1925 1924 -1 3185 1543 3079 -1 3185 3184 1543 -1 1566 1569 1571 -1 1565 1569 1566 -1 1589 1567 4008 -1 1589 1568 1567 -1 1912 3188 3190 -1 3188 1912 1581 -1 3192 1555 1553 -1 1928 1555 3192 -1 1553 1542 1554 -1 1553 1555 1542 -1 1540 1529 1538 -1 1530 1529 1540 -1 1516 1779 4005 -1 1777 1779 1516 -1 1959 1517 1956 -1 1519 1517 1959 -1 1523 1520 1522 -1 1523 1524 1520 -1 1518 1519 1521 -1 1517 1519 1518 -1 1503 1506 1480 -1 1503 1504 1506 -1 1485 3069 1482 -1 1499 3069 1485 -1 1491 1501 1945 -1 1501 1491 1490 -1 1935 1936 3070 -1 1934 1936 1935 -1 1496 1486 1494 -1 1496 1487 1486 -1 1497 1484 1488 -1 1497 3057 1484 -1 1482 1483 1485 -1 1481 1483 1482 -1 3096 3989 1040 -1 1854 3989 3096 -1 1851 3098 4004 -1 1851 3099 3098 -1 3113 1443 3114 -1 3113 1827 1443 -1 1852 4003 1853 -1 4001 4003 1852 -1 1849 3095 3999 -1 3100 3095 1849 -1 1746 3195 1473 -1 3998 3195 1746 -1 1478 3196 3198 -1 1476 3196 1478 -1 1723 1463 1453 -1 1701 1463 1723 -1 3997 1465 1725 -1 3997 1698 1465 -1 1690 1462 1720 -1 1690 1460 1462 -1 1720 1457 1690 -1 1457 1720 1459 -1 1452 1704 3157 -1 1455 1704 1452 -1 1785 3140 1783 -1 3140 1785 3139 -1 3140 1721 3995 -1 1721 3140 1762 -1 1446 1441 1442 -1 1441 1446 1439 -1 3204 1429 1430 -1 1429 3204 3994 -1 1424 3207 1425 -1 1424 2874 3207 -1 1410 3209 3205 -1 2049 3209 1410 -1 1393 1398 1394 -1 1396 1398 1393 -1 280 1406 1404 -1 1406 280 281 -1 35 1394 26 -1 35 1395 1394 -1 1388 3992 1390 -1 1388 1400 3992 -1 3216 34 771 -1 3216 1391 34 -1 3992 35 1391 -1 1395 35 3992 -1 1400 1395 3992 -1 1395 1400 1392 -1 1335 1387 1386 -1 1509 1387 1335 -1 3613 1382 1380 -1 3613 1385 1382 -1 1073 1085 1378 -1 1086 1085 1073 -1 3220 1206 3279 -1 1207 1206 3220 -1 3950 1374 1205 -1 3950 3307 1374 -1 1246 3283 23 -1 1246 1221 3283 -1 1367 1221 1246 -1 21 1221 1367 -1 1370 1366 3977 -1 1370 1199 1366 -1 3281 1197 1369 -1 3281 3223 1197 -1 1227 1196 1248 -1 1196 1227 1368 -1 3972 935 933 -1 3972 1355 935 -1 1352 1075 1076 -1 1352 3219 1075 -1 1351 1047 1044 -1 1047 1351 3332 -1 3991 1038 1037 -1 1038 3991 4000 -1 1350 1049 1048 -1 1049 1350 3335 -1 3881 3336 4002 -1 3881 3878 3336 -1 3323 3990 1090 -1 3990 3323 1046 -1 1045 3334 3333 -1 3334 1045 1039 -1 1344 1347 1348 -1 1343 1347 1344 -1 1169 1348 1170 -1 1169 1344 1348 -1 1340 1163 3233 -1 1340 925 1163 -1 1513 892 1329 -1 1513 893 892 -1 3861 3236 904 -1 891 3236 3861 -1 3861 3941 3301 -1 3941 3861 3860 -1 3302 888 891 -1 3302 4006 888 -1 937 1317 934 -1 1317 937 1318 -1 3241 1292 3242 -1 3241 1295 1292 -1 1311 1364 3355 -1 1364 1311 3224 -1 3862 1284 1307 -1 3245 1284 3862 -1 1301 3987 1306 -1 3987 1301 987 -1 1303 973 3250 -1 1303 971 973 -1 963 1295 3241 -1 1296 1295 963 -1 959 1315 956 -1 1294 1315 959 -1 3865 968 3864 -1 3865 966 968 -1 3242 958 3240 -1 959 958 3242 -1 3987 982 3988 -1 982 3987 1303 -1 3246 1287 1289 -1 3346 1287 3246 -1 1285 3346 1286 -1 3346 1285 1287 -1 965 1307 964 -1 965 3862 1307 -1 1001 1024 940 -1 1001 1025 1024 -1 980 3867 978 -1 1027 3867 980 -1 1282 1023 3349 -1 1282 1024 1023 -1 1024 3243 940 -1 3243 1024 1282 -1 811 1274 810 -1 811 813 1274 -1 3252 1271 1278 -1 3252 3838 1271 -1 795 789 3369 -1 795 793 789 -1 1276 3253 821 -1 797 3253 1276 -1 1272 3254 1273 -1 1272 3834 3254 -1 806 1269 807 -1 3830 1269 806 -1 3871 859 861 -1 859 3871 3829 -1 1009 863 3986 -1 1009 3350 863 -1 3257 1011 1010 -1 1011 3257 3985 -1 3258 3870 832 -1 3258 3840 3870 -1 803 1128 3929 -1 1128 803 3259 -1 3929 801 803 -1 3929 1111 801 -1 3897 804 1110 -1 3897 805 804 -1 3896 864 860 -1 3896 3913 864 -1 3983 3912 3915 -1 3912 3983 862 -1 3983 3256 3986 -1 3983 3839 3256 -1 3910 3911 3898 -1 3911 3910 3909 -1 3916 3981 3980 -1 3916 3914 3981 -1 1259 3343 1020 -1 1259 1261 3343 -1 1004 1017 1002 -1 1004 1018 1017 -1 3345 3874 3873 -1 3345 3342 3874 -1 3344 3868 3341 -1 3344 3268 3868 -1 3873 1260 3345 -1 3873 1261 1260 -1 3867 871 3251 -1 3867 1256 871 -1 3850 3311 3364 -1 3365 3311 3850 -1 877 3308 3309 -1 3311 3308 877 -1 3310 3308 3311 -1 3918 3314 3907 -1 3314 3918 3917 -1 3271 1116 1117 -1 3271 3315 1116 -1 3921 1119 1120 -1 3921 3927 1119 -1 3312 3926 1127 -1 3926 3312 3920 -1 1250 3270 1251 -1 3365 3270 1250 -1 885 974 874 -1 974 885 884 -1 887 3857 3872 -1 3857 887 886 -1 3360 3852 3851 -1 3360 3363 3852 -1 877 3364 3311 -1 877 879 3364 -1 1201 1247 24 -1 3222 1247 1201 -1 1213 1241 3282 -1 1213 1239 1241 -1 1241 1370 3977 -1 1241 1240 1370 -1 1215 1230 1226 -1 1215 1214 1230 -1 1225 3975 1223 -1 1225 1243 3975 -1 3278 19 21 -1 3278 3286 19 -1 3278 3976 3286 -1 1191 1214 1190 -1 1212 1214 1191 -1 1189 1213 1191 -1 1239 1213 1189 -1 1243 1188 3975 -1 1243 1242 1188 -1 3284 3973 3976 -1 3284 3974 3973 -1 1204 1246 22 -1 1204 1367 1246 -1 916 1347 1187 -1 916 918 1347 -1 1224 1174 1173 -1 1174 1224 1223 -1 3974 3970 3973 -1 3291 3970 3974 -1 1157 3285 3277 -1 1157 1194 3285 -1 1193 1156 1181 -1 1156 1193 1195 -1 1216 917 1190 -1 3293 917 1216 -1 1187 1191 916 -1 1187 1189 1191 -1 3975 1165 1167 -1 1165 3975 1188 -1 1184 1157 3276 -1 1158 1157 1184 -1 3968 1185 3318 -1 3968 1183 1185 -1 3967 1354 1182 -1 3967 3972 1354 -1 3964 3226 3225 -1 3964 3290 3226 -1 1357 3969 3965 -1 3969 1357 1355 -1 3891 3966 3963 -1 3966 3891 3319 -1 1179 3971 1177 -1 1179 3295 3971 -1 1177 3292 1176 -1 1177 3971 3292 -1 1175 1088 1172 -1 1175 1087 1088 -1 1178 1172 1164 -1 1178 1175 1172 -1 934 1356 936 -1 934 935 1356 -1 1343 1187 1347 -1 1343 1166 1187 -1 1183 3969 3967 -1 3968 3969 1183 -1 3966 3290 3964 -1 3966 3288 3290 -1 1342 1164 1166 -1 1178 1164 1342 -1 1326 1148 3296 -1 1148 1326 1323 -1 3960 3956 24 -1 3960 3961 3956 -1 22 1143 1204 -1 22 1144 1143 -1 1764 3960 3951 -1 1766 3960 1764 -1 3959 1150 1149 -1 3959 3300 1150 -1 1146 1323 1322 -1 1323 1146 1148 -1 3961 1149 3956 -1 3959 1149 3961 -1 3942 3750 3943 -1 3513 3750 3942 -1 3948 3755 3306 -1 3753 3755 3948 -1 3951 3955 1764 -1 3944 3955 3951 -1 1133 3947 1134 -1 4078 3947 1133 -1 1135 3950 3949 -1 3950 1135 1134 -1 3856 3945 3855 -1 3940 3945 3856 -1 3940 3946 3945 -1 3940 3305 3946 -1 3958 3302 3300 -1 3958 4006 3302 -1 3962 3959 3961 -1 3957 3959 3962 -1 3943 3761 3954 -1 3943 3750 3761 -1 4078 3948 3947 -1 3952 3948 4078 -1 3248 3351 3339 -1 3248 3988 3351 -1 3928 3309 1125 -1 3928 3939 3309 -1 3936 3939 3935 -1 3936 3937 3939 -1 3846 3936 3931 -1 3936 3846 3844 -1 3935 3923 3933 -1 3925 3923 3935 -1 3934 3931 3933 -1 3930 3931 3934 -1 1130 1266 3523 -1 1130 1129 1266 -1 3929 1131 3887 -1 3929 1128 1131 -1 3928 1127 3926 -1 3928 1125 1127 -1 3923 3927 3921 -1 3923 3925 3927 -1 1064 1119 3920 -1 1056 1119 1064 -1 1118 3978 1120 -1 4091 3978 1118 -1 3901 3892 3899 -1 3901 3894 3892 -1 3893 3895 1109 -1 3893 3919 3895 -1 3917 1254 1253 -1 3917 3918 1254 -1 3261 3979 3262 -1 3979 3261 3980 -1 1113 3980 3981 -1 1113 3979 3980 -1 3898 3913 3896 -1 3898 3911 3913 -1 1114 3981 3909 -1 1114 1113 3981 -1 3979 1115 1117 -1 1115 3979 1113 -1 3904 3908 3902 -1 3904 3313 3908 -1 3905 3907 3906 -1 3905 3274 3907 -1 1121 1062 1065 -1 1062 1121 3905 -1 1103 3903 1108 -1 1103 3906 3903 -1 1106 3902 3899 -1 1106 3904 3902 -1 3910 3901 3900 -1 3919 3901 3910 -1 1109 3897 1110 -1 1109 3895 3897 -1 1109 3325 3893 -1 3325 1109 1112 -1 3894 1082 3892 -1 1082 3894 3327 -1 1107 3899 3892 -1 1107 1106 3899 -1 1105 1103 1108 -1 1104 1103 1105 -1 1377 3292 1071 -1 3292 1377 1176 -1 3320 1081 3321 -1 1081 3320 3890 -1 1072 3888 1070 -1 3888 1072 1093 -1 1105 1084 3322 -1 1105 1107 1084 -1 1079 1063 1104 -1 1079 1078 1063 -1 1074 1378 3330 -1 1074 1073 1378 -1 3331 1071 1069 -1 3331 1377 1071 -1 3326 3889 3324 -1 3886 3889 3326 -1 1070 3889 1066 -1 1070 3888 3889 -1 3735 3328 382 -1 3328 3735 3329 -1 1067 1131 1130 -1 3886 1131 1067 -1 1066 3886 1067 -1 1066 3889 3886 -1 1130 1068 1067 -1 3523 1068 1130 -1 1061 1078 1053 -1 1078 1061 1063 -1 1054 1060 1050 -1 1060 1054 1077 -1 1350 1090 3990 -1 1090 1350 1091 -1 1351 1074 1042 -1 1351 1076 1074 -1 1064 1053 1056 -1 1053 1064 1061 -1 1050 1052 1054 -1 1050 1051 1052 -1 3990 3335 1350 -1 3990 3333 3335 -1 1055 1118 1056 -1 1055 3884 1118 -1 1051 3882 1052 -1 1051 3880 3882 -1 3991 1041 3877 -1 1041 3991 3332 -1 3884 4091 1118 -1 3884 3883 4091 -1 3880 3885 3882 -1 3880 3879 3885 -1 3989 3336 3334 -1 3989 4002 3336 -1 3877 4000 3991 -1 3877 3875 4000 -1 3864 970 3353 -1 3864 968 970 -1 939 1262 1001 -1 939 1264 1262 -1 3249 1030 1000 -1 3249 1028 1030 -1 3840 3985 3257 -1 3840 3258 3985 -1 3843 830 3841 -1 830 3843 1008 -1 1003 3843 1021 -1 1003 1008 3843 -1 3869 1006 1005 -1 1006 3869 943 -1 1005 1014 3869 -1 1014 1005 1002 -1 997 998 1000 -1 997 996 998 -1 1000 1257 997 -1 1000 1030 1257 -1 995 991 1022 -1 992 991 995 -1 989 1026 991 -1 989 1256 1026 -1 3988 984 3351 -1 3988 982 984 -1 979 984 985 -1 984 979 981 -1 981 3351 984 -1 3351 981 976 -1 3863 1293 3866 -1 3863 1291 1293 -1 972 986 988 -1 972 971 986 -1 973 968 967 -1 968 973 970 -1 3247 966 3865 -1 3247 969 966 -1 3866 3864 3863 -1 3865 3864 3866 -1 3862 3244 1314 -1 965 3244 3862 -1 1296 3866 1293 -1 1296 1305 3866 -1 3355 1365 947 -1 1364 1365 3355 -1 1361 957 945 -1 957 1361 1363 -1 1321 3860 1319 -1 3860 1321 3941 -1 1356 851 936 -1 1356 3227 851 -1 912 1168 1162 -1 914 1168 912 -1 921 3356 919 -1 1336 3356 921 -1 1346 1166 1343 -1 1346 3232 1166 -1 913 3228 914 -1 913 3234 3228 -1 911 903 905 -1 907 903 911 -1 1319 3357 946 -1 3860 3357 1319 -1 909 905 3858 -1 909 911 905 -1 3859 901 897 -1 3859 1331 901 -1 896 3859 897 -1 896 894 3859 -1 3358 894 896 -1 895 894 3358 -1 1136 3857 3337 -1 3857 1136 3872 -1 3362 3338 3337 -1 3338 3362 3853 -1 3856 3854 3135 -1 3853 3854 3856 -1 881 3852 886 -1 881 3849 3852 -1 3849 880 3845 -1 3849 881 880 -1 3848 3846 3932 -1 3845 3846 3848 -1 878 880 879 -1 878 3844 880 -1 3269 3251 871 -1 3269 873 3251 -1 868 867 866 -1 867 868 3264 -1 3263 3843 3261 -1 3843 3263 1021 -1 3842 3870 3982 -1 3870 3842 3841 -1 862 3986 863 -1 862 3983 3986 -1 860 861 859 -1 860 864 861 -1 3984 1013 1011 -1 1270 1013 3984 -1 849 851 853 -1 852 851 849 -1 837 849 846 -1 849 837 852 -1 843 844 841 -1 845 844 843 -1 837 838 840 -1 837 836 838 -1 843 836 3836 -1 843 838 836 -1 827 3258 828 -1 827 3985 3258 -1 1278 1270 3984 -1 1278 1271 1270 -1 797 809 3253 -1 797 794 809 -1 3837 1032 1031 -1 3837 826 1032 -1 3836 835 3837 -1 3836 836 835 -1 822 1031 823 -1 822 1277 1031 -1 821 818 1276 -1 818 821 823 -1 810 796 811 -1 796 810 794 -1 817 3827 815 -1 3827 817 3370 -1 3835 816 815 -1 3835 3217 816 -1 800 816 3368 -1 814 816 800 -1 812 817 814 -1 812 811 817 -1 3254 3833 3255 -1 3254 3832 3833 -1 809 3834 3838 -1 809 808 3834 -1 1275 808 810 -1 3832 808 1275 -1 3871 3831 3829 -1 3831 3871 3833 -1 3831 1274 3828 -1 1274 3831 1275 -1 800 802 3366 -1 802 800 799 -1 3367 3830 3828 -1 3830 3367 1269 -1 3827 1382 1384 -1 3827 1381 1382 -1 792 1276 818 -1 792 791 1276 -1 793 781 789 -1 781 793 790 -1 3294 1160 3823 -1 1160 3294 1159 -1 786 783 1161 -1 783 786 785 -1 779 785 780 -1 779 783 785 -1 819 3826 779 -1 3826 819 825 -1 3824 782 3825 -1 3824 3823 782 -1 848 3824 846 -1 3372 3824 848 -1 3585 192 770 -1 3374 192 3585 -1 760 769 763 -1 760 759 769 -1 776 764 774 -1 776 766 764 -1 3376 769 759 -1 3376 768 769 -1 3568 777 3377 -1 777 3568 775 -1 753 25 27 -1 766 25 753 -1 763 767 761 -1 769 767 763 -1 3433 3379 3378 -1 3379 3433 3380 -1 753 288 765 -1 753 286 288 -1 778 751 752 -1 767 751 778 -1 761 778 184 -1 767 778 761 -1 686 171 599 -1 686 169 171 -1 191 3433 3378 -1 3385 3433 191 -1 268 740 276 -1 268 744 740 -1 3563 307 308 -1 307 3563 3561 -1 277 200 201 -1 277 1388 200 -1 3388 435 3520 -1 435 3388 1407 -1 673 3395 321 -1 3395 673 349 -1 3660 3600 3688 -1 3660 3601 3600 -1 210 3687 3691 -1 3687 210 3680 -1 3808 3679 3678 -1 208 3679 3808 -1 258 3686 730 -1 258 257 3686 -1 732 3576 256 -1 732 3396 3576 -1 588 709 708 -1 709 588 587 -1 581 712 723 -1 581 580 712 -1 725 709 587 -1 724 709 725 -1 717 3399 402 -1 717 718 3399 -1 3400 720 718 -1 3400 3821 720 -1 721 703 717 -1 701 703 721 -1 3398 693 695 -1 693 3398 3397 -1 693 711 694 -1 3821 711 693 -1 3398 697 699 -1 695 697 3398 -1 3211 745 3402 -1 3211 3210 745 -1 746 682 3401 -1 746 691 682 -1 3577 678 3578 -1 3577 3403 678 -1 3405 242 241 -1 242 3405 3404 -1 245 677 244 -1 245 681 677 -1 3699 671 4148 -1 3699 670 671 -1 319 672 322 -1 672 319 318 -1 4150 3698 3697 -1 4150 3820 3698 -1 3722 325 3559 -1 3722 3720 325 -1 3701 3819 4156 -1 3701 310 3819 -1 668 309 667 -1 309 668 3721 -1 401 329 328 -1 401 404 329 -1 665 403 666 -1 403 665 3550 -1 461 650 635 -1 661 650 461 -1 660 444 658 -1 444 660 521 -1 31 3818 32 -1 3410 3818 31 -1 660 652 3774 -1 660 653 652 -1 657 3813 655 -1 3814 3813 657 -1 3638 3412 651 -1 3817 3412 3638 -1 635 651 634 -1 3638 651 635 -1 3815 657 3409 -1 3815 3814 657 -1 647 655 3813 -1 647 646 655 -1 640 3810 641 -1 640 3413 3810 -1 652 3412 3410 -1 654 3412 652 -1 3817 3409 3818 -1 3817 3815 3409 -1 3812 3814 3816 -1 3812 3813 3814 -1 462 642 636 -1 462 634 642 -1 648 661 467 -1 661 648 650 -1 3542 3811 468 -1 3542 3809 3811 -1 641 3537 3414 -1 3537 641 3810 -1 253 3690 633 -1 253 3689 3690 -1 735 432 3807 -1 735 433 432 -1 265 735 3417 -1 735 265 736 -1 209 3806 3746 -1 3806 209 211 -1 3522 629 3681 -1 3522 630 629 -1 3663 3742 3661 -1 3741 3742 3663 -1 429 3664 3418 -1 429 428 3664 -1 628 564 3744 -1 628 565 564 -1 3793 3744 564 -1 3744 3793 426 -1 3742 627 3419 -1 3742 357 627 -1 3565 302 301 -1 302 3565 2587 -1 3716 626 3724 -1 3716 333 626 -1 3423 3729 3549 -1 3423 3424 3729 -1 3564 3714 299 -1 3564 3725 3714 -1 300 3723 3804 -1 300 3715 3723 -1 332 413 3422 -1 414 413 332 -1 3541 625 405 -1 3541 331 625 -1 408 623 622 -1 408 3423 623 -1 368 418 3425 -1 416 418 368 -1 601 466 465 -1 466 601 231 -1 464 111 463 -1 464 109 111 -1 162 600 750 -1 600 162 615 -1 612 3432 613 -1 3432 612 3431 -1 172 173 175 -1 172 3589 173 -1 3435 3431 596 -1 3435 167 3431 -1 607 593 605 -1 593 607 595 -1 614 3591 161 -1 613 3591 614 -1 621 589 592 -1 621 590 589 -1 590 621 3437 -1 3668 2448 3803 -1 2448 3668 3496 -1 3674 3802 3800 -1 3802 3674 3673 -1 3801 3586 772 -1 3801 3676 3586 -1 3567 772 773 -1 3801 772 3567 -1 3377 3802 3568 -1 3800 3802 3377 -1 3670 3442 3797 -1 3442 3670 3440 -1 3798 639 3446 -1 3798 3799 639 -1 585 3443 3447 -1 588 3443 585 -1 588 722 3443 -1 581 3799 582 -1 726 3799 581 -1 3799 726 584 -1 3798 3442 3439 -1 3442 3798 3587 -1 3408 3448 32 -1 583 3448 3408 -1 3447 583 585 -1 3448 583 3447 -1 3671 3441 3440 -1 3794 3441 3671 -1 3587 3446 3444 -1 3587 3798 3446 -1 3452 254 633 -1 3452 259 254 -1 579 3583 3581 -1 579 578 3583 -1 126 121 117 -1 126 3605 121 -1 3683 3659 3658 -1 3683 3682 3659 -1 215 3604 125 -1 215 218 3604 -1 214 124 3606 -1 214 213 124 -1 3793 3666 3664 -1 3602 3666 3793 -1 3615 1385 3613 -1 3792 1385 3615 -1 439 3617 440 -1 439 575 3617 -1 568 1266 1265 -1 568 567 1266 -1 139 569 577 -1 139 572 569 -1 572 138 140 -1 572 139 138 -1 3652 559 561 -1 3616 559 3652 -1 3657 558 3218 -1 3598 558 3657 -1 554 547 555 -1 547 554 548 -1 553 3787 3775 -1 552 3787 553 -1 451 3465 452 -1 451 3481 3465 -1 543 3478 3791 -1 543 545 3478 -1 3788 531 530 -1 3784 531 3788 -1 539 3786 540 -1 539 3477 3786 -1 542 3785 3479 -1 542 541 3785 -1 3480 3790 3482 -1 3789 3790 3480 -1 3789 3470 3469 -1 3789 3476 3470 -1 3790 3467 3479 -1 3790 3466 3467 -1 535 530 533 -1 530 535 3459 -1 552 3788 3787 -1 3786 3788 552 -1 3784 537 531 -1 3475 537 3784 -1 529 450 449 -1 529 527 450 -1 454 527 528 -1 454 450 527 -1 456 3464 549 -1 456 3483 3464 -1 3460 524 526 -1 3460 551 524 -1 3499 449 3783 -1 3499 529 449 -1 3502 523 525 -1 3502 3782 523 -1 3740 3782 3783 -1 3782 3740 3531 -1 551 500 524 -1 550 500 551 -1 3738 3775 515 -1 553 3775 3738 -1 3759 446 448 -1 446 3759 3791 -1 445 658 444 -1 445 659 658 -1 520 3509 519 -1 3509 520 3781 -1 3791 3512 543 -1 3759 3512 3791 -1 339 3536 3548 -1 339 503 3536 -1 3548 513 504 -1 3536 513 3548 -1 4227 3778 3777 -1 3778 4227 3718 -1 384 3739 3546 -1 3534 3739 384 -1 3548 342 339 -1 342 3548 3547 -1 3780 3707 316 -1 3707 3780 4231 -1 3490 313 505 -1 313 3490 3726 -1 3776 315 314 -1 3776 3728 315 -1 3778 3554 3727 -1 3718 3554 3778 -1 421 514 515 -1 421 501 514 -1 512 420 419 -1 501 420 512 -1 517 499 518 -1 499 517 77 -1 498 82 497 -1 498 80 82 -1 3500 86 88 -1 3491 86 3500 -1 3492 492 155 -1 492 3492 491 -1 90 3646 489 -1 3646 90 93 -1 3649 3626 3610 -1 3626 3649 3648 -1 484 476 2436 -1 476 484 477 -1 474 3645 471 -1 3645 474 919 -1 3428 469 410 -1 3428 470 469 -1 465 661 463 -1 467 661 465 -1 455 548 3484 -1 455 549 548 -1 455 456 549 -1 522 496 3462 -1 496 522 494 -1 524 3491 525 -1 524 500 3491 -1 3501 529 3499 -1 529 3501 518 -1 3759 3751 3512 -1 3751 3759 3514 -1 3774 521 660 -1 3773 521 3774 -1 3770 3411 33 -1 3770 3772 3411 -1 3769 3772 3768 -1 3769 3773 3772 -1 3769 3781 520 -1 3516 3781 3769 -1 3517 3771 3747 -1 3517 3768 3771 -1 448 3518 3758 -1 447 3518 448 -1 447 3468 3518 -1 3764 3505 3765 -1 3506 3505 3764 -1 510 3765 3762 -1 3764 3765 510 -1 511 3762 3760 -1 510 3762 511 -1 3487 3760 3754 -1 3487 511 3760 -1 3512 3752 3511 -1 3751 3752 3512 -1 3515 3758 3749 -1 3515 448 3758 -1 3487 3953 2410 -1 3753 3953 3487 -1 3755 3752 3304 -1 3755 3754 3752 -1 3518 3471 3516 -1 3518 3468 3471 -1 3767 3445 3504 -1 3445 3767 3795 -1 631 358 3741 -1 358 631 3519 -1 3392 3806 3390 -1 3392 3746 3806 -1 3393 3730 3394 -1 3730 3393 352 -1 3394 3731 3521 -1 3731 3394 3730 -1 376 3524 3745 -1 376 3734 3524 -1 3526 425 3529 -1 3743 425 3526 -1 3743 628 3744 -1 3743 3456 628 -1 3525 3529 374 -1 3529 3525 3526 -1 430 3419 627 -1 430 429 3419 -1 427 3544 425 -1 3544 427 3733 -1 361 3740 424 -1 361 3543 3740 -1 3533 423 455 -1 3533 363 423 -1 3739 3484 3488 -1 3739 455 3484 -1 3415 418 417 -1 418 3415 3414 -1 3539 364 3732 -1 3539 3540 364 -1 415 3538 3737 -1 415 411 3538 -1 353 412 354 -1 353 413 412 -1 412 3541 409 -1 3541 412 414 -1 402 666 403 -1 402 3399 666 -1 400 404 401 -1 400 676 404 -1 396 399 398 -1 396 395 399 -1 394 392 393 -1 392 394 397 -1 327 359 356 -1 359 327 3422 -1 381 3532 385 -1 3535 3532 381 -1 386 3546 348 -1 3546 386 384 -1 381 3735 382 -1 381 386 3735 -1 383 3734 380 -1 1068 3734 383 -1 380 362 3535 -1 377 362 380 -1 360 377 375 -1 377 360 362 -1 369 387 367 -1 369 372 387 -1 3732 3527 3737 -1 3527 3732 3733 -1 3737 627 415 -1 627 3737 3527 -1 355 415 627 -1 355 354 415 -1 3736 398 3545 -1 3736 396 398 -1 392 352 351 -1 352 392 3730 -1 3490 3486 3557 -1 336 3486 3490 -1 338 3486 336 -1 370 3557 373 -1 370 3555 3557 -1 625 330 3421 -1 330 625 331 -1 664 3720 668 -1 3720 664 3407 -1 321 669 673 -1 317 669 321 -1 317 319 669 -1 3717 333 3716 -1 333 3717 334 -1 3714 3420 3715 -1 3420 3714 3729 -1 3712 330 326 -1 3712 3713 330 -1 667 311 3551 -1 667 309 311 -1 198 307 199 -1 305 307 198 -1 3710 3553 3708 -1 3553 3710 3552 -1 3778 3728 3776 -1 3728 3778 3727 -1 3556 3780 3726 -1 3556 3704 3780 -1 3717 3702 3558 -1 3717 304 3702 -1 3565 3725 3564 -1 3725 3565 3724 -1 3804 3713 295 -1 3713 3804 3723 -1 311 296 3712 -1 311 312 296 -1 3722 3819 3721 -1 3722 3820 3819 -1 320 671 318 -1 320 3694 671 -1 3710 3876 3719 -1 3710 3709 3876 -1 3711 3718 4227 -1 3718 3711 3708 -1 4231 3704 3703 -1 3704 4231 3780 -1 303 3702 304 -1 303 3705 3702 -1 295 3805 3804 -1 295 294 3805 -1 293 312 3700 -1 312 293 296 -1 4150 3819 3820 -1 4150 4156 3819 -1 3696 671 3694 -1 3696 4148 671 -1 3695 3563 3822 -1 3563 3695 3562 -1 134 131 130 -1 131 134 292 -1 240 731 243 -1 731 240 248 -1 3611 3835 1384 -1 3835 3611 3656 -1 287 754 3569 -1 287 286 754 -1 3569 279 278 -1 3214 279 3569 -1 3387 278 271 -1 278 3387 3569 -1 274 288 287 -1 274 273 288 -1 270 272 274 -1 270 752 272 -1 206 263 207 -1 3570 263 206 -1 3213 188 271 -1 3213 239 188 -1 3210 249 745 -1 3210 3212 249 -1 266 3574 267 -1 3574 266 3689 -1 3691 633 3690 -1 3687 633 3691 -1 3576 3575 3573 -1 3575 3576 251 -1 236 241 237 -1 241 236 244 -1 241 243 237 -1 241 240 243 -1 224 237 225 -1 238 237 224 -1 236 232 246 -1 232 236 233 -1 229 230 233 -1 229 228 230 -1 3580 227 229 -1 3580 3430 227 -1 225 730 226 -1 731 730 225 -1 223 3685 578 -1 3685 223 220 -1 217 3685 220 -1 216 3685 217 -1 3685 216 212 -1 222 219 220 -1 222 3684 219 -1 3684 3450 3682 -1 3684 3572 3450 -1 217 3683 218 -1 217 219 3683 -1 216 213 212 -1 213 216 215 -1 3681 210 209 -1 210 3681 3680 -1 211 3808 3807 -1 3808 211 208 -1 3389 206 205 -1 206 736 265 -1 206 3389 736 -1 3675 3676 3673 -1 3676 3675 3677 -1 3674 3669 3672 -1 3674 3671 3669 -1 177 180 687 -1 177 181 180 -1 178 173 176 -1 173 178 174 -1 3589 0 2676 -1 3589 172 0 -1 3566 3668 3438 -1 3668 3566 3592 -1 3495 156 3625 -1 157 156 3495 -1 158 159 156 -1 158 154 159 -1 158 155 154 -1 3628 3492 3494 -1 491 3492 3628 -1 488 3623 152 -1 488 3629 3623 -1 3629 488 487 -1 147 3667 148 -1 147 150 3667 -1 149 142 144 -1 142 149 148 -1 3594 148 3667 -1 3594 142 148 -1 3656 3217 3835 -1 3218 3217 3656 -1 291 135 3596 -1 134 135 291 -1 128 3665 3609 -1 128 3662 3665 -1 3609 3666 3607 -1 3609 3665 3666 -1 3662 3418 3665 -1 3662 3661 3418 -1 3663 3601 632 -1 3601 3663 3599 -1 3452 3600 3451 -1 3600 3452 3688 -1 127 3658 3659 -1 3449 3658 127 -1 120 117 121 -1 118 117 120 -1 113 116 114 -1 113 119 116 -1 3649 115 112 -1 618 115 3649 -1 618 617 115 -1 3453 3458 574 -1 3453 3455 3458 -1 3657 3651 3597 -1 3657 3655 3651 -1 3656 3654 3655 -1 3654 3656 3611 -1 3617 3653 3792 -1 3616 3653 3617 -1 292 3458 131 -1 3458 292 3457 -1 3650 919 3356 -1 3650 3645 919 -1 104 3621 3620 -1 104 107 3621 -1 3650 3620 85 -1 3620 3650 104 -1 3647 114 96 -1 114 3647 112 -1 97 99 69 -1 97 3608 99 -1 118 3608 97 -1 118 120 3608 -1 96 72 3647 -1 72 96 70 -1 490 3626 3498 -1 490 3627 3626 -1 490 489 3627 -1 3625 3646 3495 -1 3646 3625 3624 -1 3650 83 3645 -1 83 3650 85 -1 471 3634 472 -1 3634 471 3630 -1 70 65 71 -1 95 65 70 -1 62 71 65 -1 62 61 71 -1 103 67 66 -1 103 3633 67 -1 62 3644 58 -1 62 64 3644 -1 57 3632 61 -1 60 3632 57 -1 47 48 50 -1 47 41 48 -1 44 3636 45 -1 44 49 3636 -1 51 46 3643 -1 51 44 46 -1 53 784 54 -1 784 53 3642 -1 58 40 37 -1 58 3635 40 -1 3637 3644 103 -1 3637 3636 3644 -1 441 45 102 -1 441 46 45 -1 3614 3643 3612 -1 3614 3642 3643 -1 3233 3293 1340 -1 3233 917 3293 -1 18 1451 3639 -1 18 17 1451 -1 2301 2985 33 -1 2301 2300 2985 -1' creaseAngle='1.571'>
            <Coordinate DEF='sacrum_Coord' point='0.0159 32.6294 -4.2103 0.0159 32.6805 -4.1649 0.026 32.6358 -4.2101 0.0402 32.1812 -4.0319 0.1483 32.3541 -3.9769 0.0687 32.4181 -4.0112 0.1265 32.1217 -4.0203 0.5425 32.9004 -3.7948 0.527 32.9857 -3.7977 0.4236 32.9509 -3.8037 0.0159 31.2138 -3.6417 0.052 31.2158 -3.6343 0.0159 31.2705 -3.4417 0.6746 34.9622 -2.7359 0.6564 34.9431 -2.8005 0.66 35.0415 -2.8315 0.3097 35.0421 -2.6772 0.3419 34.9996 -2.6479 0.3195 35.0165 -2.6463 -0.3879 34.8948 -2.58 -0.3101 34.9996 -2.6479 -0.2877 35.0165 -2.6463 -0.2665 35.0879 -2.6448 -0.2396 35.0621 -2.7016 -0.1645 35.0917 -2.7732 -0.3239 31.4681 -3.8577 -0.2968 31.4036 -3.8555 -0.2789 31.4327 -3.9404 0.0023 32.1827 -4.0448 0.0113 32.2044 -4.062 0.0159 32.2007 -4.0492 -0.0419 33.1869 -3.8607 -0.0379 33.0786 -3.8869 0.0159 33.149 -3.9156 -0.2892 31.2899 -3.6646 -0.3303 31.4344 -3.7316 -0.3344 31.5121 -3.7254 -0.9864 34.249 -3.5134 -1.0359 34.3987 -3.2593 -0.9727 34.3903 -3.4707 -1.0896 34.2219 -3.3418 -1.1419 34.2133 -3.1815 -1.1383 34.2856 -3.124 -1.1194 34.3546 -3.2196 -1.3778 34.034 -3.15 -1.4597 33.8851 -3.2656 -1.4951 33.9195 -3.1897 -1.2232 34.2239 -3.0638 -1.1872 34.1471 -3.2167 -1.2779 34.0494 -3.2435 -1.2723 34.1797 -3.0713 -1.4375 34.0667 -3.05 -1.3401 34.134 -3.0116 -1.4767 34.1232 -2.9469 -1.4717 34.1686 -2.9182 -1.3904 34.1788 -2.9463 -1.2869 34.1919 -2.9876 -1.0139 34.081 -3.6318 -1.1398 34.0535 -3.5391 -0.862 34.1646 -3.5527 -0.939 34.0857 -3.6316 -1.0466 33.953 -3.7375 -1.1448 33.8766 -3.7068 -1.3045 33.8338 -3.6491 -1.2963 33.8496 -3.5685 -1.2672 33.7006 -3.6549 -1.4796 33.6246 -3.5288 -1.3971 33.6829 -3.5806 -1.3189 33.4876 -3.6292 -1.5048 33.4555 -3.5745 -1.037 33.6196 -3.7903 -1.0489 33.7646 -3.7836 -0.9589 33.6328 -3.7863 -0.9816 33.7551 -3.7695 -0.8689 33.7141 -3.7236 -0.8096 33.701 -3.744 -0.837 33.5809 -3.773 -0.7921 33.9781 -3.5509 -0.8731 34.0549 -3.5942 -0.7457 34.05 -3.5421 -0.7434 33.9922 -3.5141 -0.6502 34.0553 -3.5363 -0.6587 34.0054 -3.5202 -0.5914 34.2115 -3.4659 -0.5784 34.052 -3.5397 -0.4752 34.1945 -3.452 -0.5708 33.6979 -3.6628 -0.5902 33.6547 -3.7089 -0.686 33.7214 -3.6521 -0.695 33.6801 -3.7321 -0.5768 33.5406 -3.7854 -0.5734 33.6605 -3.7222 -0.4283 33.6879 -3.7643 -0.4385 33.4876 -3.8076 -1.1561 33.416 -3.7784 -1.1923 33.5435 -3.7117 -1.029 33.4379 -3.8106 -1.3771 33.2851 -3.6949 -1.2363 33.3609 -3.7356 -1.5817 33.2749 -3.5747 -1.6212 33.458 -3.5743 -1.6377 33.3241 -3.5652 -1.6163 33.7202 -3.3333 -1.4491 33.7654 -3.4508 -0.261 34.3485 -3.3839 -0.252 34.4834 -3.3233 -0.1692 34.4796 -3.3347 -0.1616 34.3478 -3.4414 -0.4077 33.1688 -3.8794 -0.5672 33.1187 -3.8381 -0.5379 33.2134 -3.8455 -0.5009 33.0514 -3.8928 -0.9049 33.3018 -3.8575 -1.0475 33.2035 -3.8878 -1.0189 33.3058 -3.8444 -0.9043 33.1453 -3.9024 -1.164 33.24 -3.8221 -1.2303 33.0774 -3.8293 -1.2896 33.1536 -3.7705 -1.1468 33.1858 -3.8634 -1.4226 33.0299 -3.7034 -1.3499 32.9331 -3.7838 -1.3601 32.7901 -3.763 -1.1444 33.1668 -3.8783 -1.1492 33.1107 -3.9181 -1.22 33.0581 -3.9212 -1.2237 33.0659 -3.8457 -1.34 32.6519 -3.7424 -1.4171 32.7934 -3.7227 -1.6826 33.1917 -3.4603 -1.7124 33.159 -3.3064 -1.6765 33.2438 -3.4023 -1.6954 33.1119 -3.3296 -1.7367 33.2406 -3.1488 -1.6866 33.2238 -3.2983 -1.701 33.306 -3.1268 -1.7419 33.3522 -3.0486 -1.6762 33.4071 -3.0535 -1.747 33.2607 -3.0589 -1.7605 33.2868 -2.9949 -1.7204 33.2469 -3.0812 -1.6852 33.1303 -3.2605 0.0021 34.4565 -3.7102 0.0159 34.6133 -3.7418 -0.0319 34.5193 -3.8213 0.0159 34.5751 -3.6282 -0.0169 34.162 -3.923 -0.0177 34.1138 -3.8153 -0.0061 34.3267 -3.7581 -0.036 34.3709 -3.8979 -0.0486 34.0812 -3.7039 -0.042 34.0288 -3.7136 -0.1447 34.0202 -3.6357 -0.0545 33.6873 -3.8546 -0.0815 33.5313 -3.9269 -0.1707 33.5727 -3.7917 -0.2 33.3331 -3.9031 -0.2936 33.4796 -3.7836 -0.1784 33.5618 -3.7889 -0.1284 33.3567 -3.9904 -0.1259 33.1867 -4.008 -0.1757 33.1731 -3.9844 -0.4046 32.7092 -4.0215 -0.4701 32.7609 -3.9646 -0.439 32.9996 -3.9681 -0.333 32.9406 -4.0241 -0.3105 32.7318 -4.0377 -0.1977 32.8906 -4.0158 -0.2345 32.7606 -4.055 -0.439 32.38 -4.0356 -0.4599 32.5536 -3.9905 -0.3929 32.5513 -4.0414 0.0058 32.6358 -4.2101 -0.0648 32.5777 -4.2494 -0.1735 32.6273 -4.1896 -0.1054 32.6631 -4.209 -0.0478 32.4051 -4.2629 -0.2015 32.387 -4.1817 -0.2095 32.5473 -4.1835 -0.1311 32.2071 -4.077 -0.2337 32.274 -4.0969 -0.1609 32.282 -4.1687 -0.2316 32.1381 -4.0477 -0.1684 32.0644 -4.0284 -0.2012 32.0177 -4.0361 -0.2742 32.0504 -4.0785 -0.4002 31.9883 -4.0403 -0.3259 31.8527 -4.0586 -0.3999 31.8156 -4.0492 -0.3176 32.047 -4.0919 -0.2398 32.2577 -4.0834 -0.1384 32.1977 -4.0586 -0.0737 31.2185 -3.627 -0.2438 31.2743 -3.4926 -0.2219 31.2042 -3.593 -0.1238 31.2938 -3.4653 -0.3349 31.3413 -3.38 -0.1623 31.3268 -3.3314 -0.4274 31.3848 -3.4137 -0.4285 31.4464 -3.4366 -0.4864 31.3475 -3.5102 -0.5108 31.4803 -3.5336 -0.419 31.5252 -3.4655 -0.5653 31.5672 -3.5326 -0.4538 31.631 -3.4873 -0.8756 31.6356 -3.4211 -1.0044 31.6591 -3.5375 -0.7799 31.58 -3.585 -1.2716 31.8767 -3.5068 -1.213 31.9336 -3.3602 -1.262 31.9969 -3.5486 -1.211 31.8732 -3.3488 -1.0926 33.0267 -3.9722 -1.1416 33.0964 -3.9325 -1.0815 33.1232 -3.954 -1.2124 33.0496 -3.9377 -1.1729 33.0105 -3.9676 -1.2685 32.891 -3.9408 -1.3094 32.9075 -3.902 -1.2747 32.7608 -3.9159 -1.1236 32.7914 -3.9384 -1.0418 32.629 -3.8913 -1.1519 32.6388 -3.8955 -1.0361 32.7826 -3.9187 -0.9527 32.6305 -3.8468 -0.9533 32.4757 -3.8704 -1.0641 32.4806 -3.8872 -0.7872 32.9166 -3.8876 -0.6765 32.8183 -3.8935 -0.8126 32.7759 -3.8947 -0.669 32.8132 -3.8943 -0.6141 32.8073 -3.9244 -0.5738 32.6641 -3.9446 -0.6752 32.6546 -3.912 -0.4762 32.6863 -3.9895 -0.414 32.6992 -4.0132 -0.6508 32.5193 -3.9014 -0.7819 32.5073 -3.8877 -0.7991 32.6411 -3.8761 -0.4639 31.7605 -3.9411 -0.833 32.2637 -3.8931 -0.7131 32.3585 -3.8601 -0.7286 32.2548 -3.8381 -0.8944 32.388 -3.8967 -0.6231 32.3826 -3.8694 -0.4818 32.3462 -3.9289 -0.527 32.5559 -3.9395 -0.7756 32.064 -3.8656 -0.9282 32.2257 -3.9223 -0.6299 31.7969 -3.8598 -0.7572 31.8107 -3.784 -0.8501 31.9966 -3.8256 -1.1771 32.003 -3.7624 -1.2945 32.0381 -3.7804 -1.2965 32.0766 -3.7937 -1.1423 32.1522 -3.8776 -1.1168 32.1372 -3.8763 -1.1368 32.3065 -3.9085 -1.0007 32.3146 -3.92 -1.2783 32.2157 -3.8127 -1.2071 32.2848 -3.8949 -0.515 31.6627 -3.7559 -0.6652 31.6394 -3.6899 -0.8535 31.6404 -3.6502 -0.9322 31.8135 -3.6933 -1.2326 31.7187 -3.5365 -1.2653 31.7986 -3.6292 -1.1883 31.7719 -3.6078 -0.4395 31.6218 -3.6471 -0.6454 31.5497 -3.6098 -0.3024 31.7373 -4.1035 -0.3718 31.6812 -4.0688 -0.2114 31.8016 -4.0943 -0.1966 31.6685 -4.0727 -0.2451 31.6746 -4.1107 -0.5675 31.5672 -3.548 -0.437 31.4751 -3.6489 -0.5108 31.4784 -3.5534 -0.4396 31.5571 -3.9324 -0.4418 31.4059 -3.9313 -0.4489 31.5582 -3.9224 -0.4566 31.4313 -3.8557 -0.1784 31.9432 -3.8931 -0.1936 32.0536 -3.9461 -0.1706 32.0463 -3.9049 -0.2429 31.9471 -3.8977 -0.2795 31.5635 -3.9689 -0.3009 31.5586 -4.0519 -0.2002 31.6581 -4.0664 -0.3303 31.4965 -3.774 -0.4382 34.0369 -3.55 -1.6337 33.3949 -3.2884 -1.654 33.3074 -3.3644 0.0159 32.4441 -3.4302 0.0159 32.5457 -3.3923 -0.1223 32.5652 -3.4153 -0.1379 32.4493 -3.4394 0.0159 32.6803 -3.3218 0.0159 32.7765 -3.2893 -0.1106 32.7867 -3.2949 -0.1209 32.7103 -3.3521 -0.1278 32.9396 -3.269 0.0159 32.9223 -3.2303 0.0159 33.1064 -3.1954 -0.1109 33.1091 -3.2102 -0.333 31.3574 -3.3735 -0.1656 31.3395 -3.3243 -0.3243 31.4072 -3.3839 -0.1637 31.3838 -3.3449 -0.318 32.225 -3.5018 -0.1393 32.202 -3.4617 -0.3183 32.3574 -3.4773 -0.1504 32.3416 -3.4601 -0.2805 33.4588 -3.0662 -0.1056 33.515 -2.9767 -0.3055 33.5459 -2.9979 -0.1075 33.4535 -3.0531 -0.4245 31.8038 -3.4878 -0.3168 31.9857 -3.5059 -0.4202 32.0051 -3.5133 -0.3105 31.8231 -3.5034 -0.4939 31.7971 -3.4952 -0.4266 32.024 -3.5112 -0.4574 32.1187 -3.5497 -0.448 32.0437 -3.5721 -0.4014 32.1126 -3.5107 -0.6776 32.5351 -3.4971 -0.8513 32.5628 -3.5119 -0.7803 32.4895 -3.5674 -0.6479 32.4476 -3.5292 -0.5625 32.6465 -3.4488 -0.6378 32.6917 -3.4715 -0.7306 32.6446 -3.491 -0.4162 32.9872 -3.3057 -0.4174 33.166 -3.2279 -0.5346 32.985 -3.3222 -0.4278 33.4869 -3.0557 -0.5108 33.5545 -3.0347 -0.5698 33.4913 -3.0558 -0.4857 33.6334 -2.9993 -0.4236 33.6563 -2.955 -0.4889 33.6607 -2.971 -0.4174 33.5968 -2.9931 -0.4981 33.707 -2.9202 -0.4419 33.7126 -2.8753 -0.5784 33.7747 -2.8017 -0.461 33.8285 -2.7247 -0.4457 33.9408 -2.6189 -0.652 33.8763 -2.6952 -0.8117 31.8817 -3.4818 -0.6121 31.9407 -3.5271 -0.6864 32.0312 -3.5732 -0.8706 32.0095 -3.4935 -0.8562 32.6606 -3.5242 -0.9681 32.7402 -3.5628 -1.0307 32.6899 -3.5311 -1.0979 32.5888 -3.5352 -1.2151 32.6853 -3.5163 -1.2015 32.6156 -3.5322 -1.0418 32.6775 -3.5282 -1.075 33.5749 -3.0463 -0.9459 33.6463 -3.0916 -1.0826 33.7067 -2.9396 -0.9291 33.7957 -3.0452 -1.1258 33.1451 -3.3982 -0.9576 33.1771 -3.2913 -1.2239 33.1562 -3.3158 -0.9822 33.293 -3.1843 -0.771 33.1835 -3.2706 -0.7555 33.3105 -3.1918 -0.5639 33.3143 -3.2136 -0.7359 33.4069 -3.1492 -0.7485 33.4005 -3.1528 -0.5565 33.3998 -3.1402 -1.3912 33.4381 -2.9687 -1.268 33.482 -2.9732 -1.402 33.5221 -2.8276 -1.2581 33.6063 -2.8645 -1.0467 33.4796 -3.1037 -1.1688 33.4179 -3.0847 -1.1914 33.7265 -2.7217 -1.0141 33.81 -2.6876 -1.0595 33.8736 -2.5939 -1.2508 33.7717 -2.5755 -0.8338 33.8223 -2.7769 -0.9454 33.8086 -2.7869 -0.8411 33.8752 -2.6824 -0.9608 33.3934 -3.1521 -0.7479 33.4154 -3.1455 -0.7476 33.4558 -3.1239 -0.8189 33.5061 -3.181 -0.5811 32.0789 -3.704 -0.755 32.1432 -3.5873 -0.6542 32.1385 -3.7196 -0.719 32.232 -3.7276 -0.7522 32.3134 -3.6782 -0.8545 32.3339 -3.614 -0.8155 32.2344 -3.5976 -0.8544 32.4087 -3.6084 -0.7391 32.3903 -3.689 -0.6656 32.3973 -3.6675 -0.7685 32.4788 -3.5772 -0.5313 32.3168 -3.6646 -0.5672 32.3456 -3.543 -0.6508 32.4402 -3.5414 -0.5405 32.8053 -3.4266 -0.5713 32.8353 -3.7048 -0.6204 32.8008 -3.7083 -0.5264 32.8721 -3.3889 -0.6579 32.795 -3.7134 -0.7452 32.8558 -3.7057 -0.8682 32.8303 -3.6504 -0.7551 32.6912 -3.6079 -0.8382 32.6546 -3.5257 -0.7315 32.655 -3.498 -1.0352 32.8013 -3.5689 -0.772 33.1774 -3.2821 -0.7754 33.1834 -3.4084 -0.6197 33.12 -3.2822 -0.583 33.4975 -3.0582 -0.5903 33.5266 -3.0775 -0.5281 33.5756 -3.145 -0.66 33.5406 -3.1694 -0.8125 33.8601 -3.0867 -0.8526 33.7273 -3.1535 -1.469 33.1248 -3.2864 -1.5638 32.9868 -3.3961 -1.4443 33.0091 -3.3937 -1.4969 32.8955 -3.4574 -1.4209 32.8064 -3.4677 -1.4347 32.9003 -3.4296 -1.0529 31.7586 -3.3878 -1.2085 31.7869 -3.3608 -1.2092 31.7263 -3.4098 -1.0444 31.6919 -3.3955 -0.6167 31.5908 -3.5125 -0.4246 31.3649 -3.4178 -0.4758 31.3279 -3.5166 -0.3973 31.2761 -3.5063 -1.6684 33.7005 -3.356 -1.6953 33.7449 -3.2335 -1.6587 33.7686 -3.2334 -0.1606 33.2305 -3.6156 -0.1347 33.05 -3.6941 -0.2086 33.2673 -3.6375 -0.1809 33.0926 -3.6976 -0.1926 34.0661 -3.4645 -0.1605 34.0192 -3.5102 -0.1694 34.1534 -3.4584 -0.7824 33.7921 -3.3025 -0.7842 33.886 -3.2437 -0.5472 33.9601 -3.5244 -0.5838 33.9783 -3.4705 -0.5898 33.9911 -3.5453 -0.7865 33.9115 -3.221 -0.6715 33.9386 -3.0292 -0.6659 33.9583 -3.1904 -0.7762 33.0868 -3.872 -0.6578 33.1589 -3.8366 -0.7265 33.1945 -3.6207 -0.7866 33.0921 -3.6617 -0.5162 33.0466 -3.8078 -0.5945 33.1537 -3.7655 -0.5049 33.0324 -3.8763 -0.5699 33.112 -3.8303 -0.5263 32.8825 -3.899 -0.6144 32.8146 -3.9151 -0.5229 32.8832 -3.8089 -0.5394 32.8776 -3.6497 -0.8045 32.9661 -3.6696 -0.8079 32.9798 -3.8769 -0.7086 34.362 -3.4266 -0.8574 34.3916 -3.4714 -0.8285 34.4829 -3.3797 -0.6745 34.4807 -3.3699 0.0022 34.0497 -3.8124 -0.0294 33.9297 -3.732 -0.0189 33.8466 -3.7474 -0.1357 33.858 -3.7058 0.0159 34.1782 -3.9579 0.0159 34.043 -3.8893 -0.7746 33.817 -3.6545 -0.5089 33.9138 -3.6355 -0.5908 34.002 -3.5501 0.0159 33.8567 -3.8246 0.0159 33.6779 -3.9645 -0.0581 33.5316 -4.0456 -0.1498 33.862 -3.7007 -0.1425 33.8692 -3.6985 -0.5887 33.5252 -3.7736 -0.5939 33.5322 -3.7727 -0.1687 33.7024 -3.7719 -0.1508 33.699 -3.7702 -0.5607 33.6956 -3.6667 -0.5164 33.9094 -3.6264 -0.5083 33.8403 -3.646 -0.5115 33.8425 -3.6347 -0.6548 33.9976 -3.5127 -0.7438 33.9833 -3.5053 -0.7892 33.9689 -3.5429 -0.5587 33.6992 -3.6512 -0.5241 33.5752 -3.0482 -0.5014 33.6735 -2.9734 -0.4972 33.636 -3.0056 -0.5014 33.5673 -3.0307 -0.4121 33.4902 -3.0493 -0.5053 33.7132 -2.9272 -0.4962 33.6709 -2.9611 0.0159 33.9511 -3.2974 0.0159 33.8523 -3.3665 -0.0659 33.8137 -3.3857 -0.0695 34.0028 -3.2937 -0.5204 33.563 -3.0384 -0.5121 33.575 -3.0351 -0.5013 33.6337 -3.0098 -0.4805 33.6795 -3.1256 -0.8177 33.9265 -3.6271 -0.8149 33.9317 -3.6226 -0.812 33.9205 -3.6162 -0.2265 33.4718 -3.5608 -0.2326 33.4972 -3.6108 -0.2264 33.2917 -3.684 -0.5114 33.8953 -3.5582 -0.6274 33.6062 -3.3251 -0.5485 33.658 -3.4824 -0.5971 33.6595 -3.4856 -0.5383 33.6168 -3.3137 -0.777 33.9223 -3.3978 -0.7651 33.9474 -3.3631 -0.7688 33.8565 -3.4568 -0.4225 33.7142 -3.4082 -0.3314 33.7333 -3.464 -0.3027 33.7753 -3.5196 -0.4114 33.7523 -3.4894 -0.4995 33.819 -3.5576 -0.5125 33.7296 -3.459 -0.3919 33.8327 -3.5451 -0.2466 33.7512 -3.516 -0.2089 33.8002 -3.5481 -0.3423 33.9164 -3.3187 -0.4356 33.8989 -3.244 -0.4601 33.9701 -3.3428 -0.3545 33.9868 -3.3748 -0.2626 33.9841 -3.3552 -0.2503 33.8729 -3.3854 -0.2691 33.9609 -3.3643 -0.2448 33.8674 -3.3753 -0.5641 33.9532 -3.3173 -0.5697 33.9485 -3.2948 -0.5779 33.9524 -3.3068 -0.5272 33.7238 -3.4945 -0.5276 33.7106 -3.4654 -0.4777 33.8195 -3.1815 -0.482 33.8122 -3.1563 -0.5247 33.8859 -3.1673 -0.5161 33.8838 -3.1795 -1.7282 33.4591 -2.7576 -1.7207 33.5406 -2.6021 -1.7055 33.5289 -2.7931 -1.6365 33.6786 -3.3337 -1.5944 33.5604 -3.4534 -1.6201 33.6446 -3.3089 -1.5957 33.5358 -3.3823 -1.6877 33.0981 -3.332 -1.6111 33.017 -3.3777 -1.679 33.1125 -3.2841 -1.7173 33.363 -2.8389 -1.717 33.436 -2.7026 -1.7248 33.4372 -2.7119 -1.7306 33.3652 -2.8401 -1.7064 33.2438 -3.0774 -1.7177 33.2916 -2.972 -1.7322 33.2908 -2.9736 -1.6787 33.1224 -3.2632 -1.6155 33.5682 -3.5143 -1.6708 33.6933 -3.3526 -1.6098 33.5756 -3.5209 -1.7685 33.3638 -2.8588 -1.0014 32.9767 -3.9536 -0.9798 32.9815 -3.9476 -0.1598 32.2777 -3.8834 -0.1631 32.3339 -3.8615 -0.1628 32.326 -3.8541 -0.1586 32.8727 -3.876 -0.1793 32.5928 -3.8544 -0.1617 32.6311 -3.9185 -0.1907 32.8396 -3.8058 -0.1479 32.456 -3.9305 -0.1371 32.422 -3.9552 0.0159 33.0387 -4.1773 -0.0705 33.1028 -4.1737 0.0026 33.1164 -4.2204 0.0159 32.9918 -4.1066 0.0159 32.8955 -4.0862 -0.0194 32.9949 -4.0705 -0.0188 32.8978 -4.077 -0.0626 32.917 -4.028 -0.0961 33.0389 -4.0404 -0.276 32.61 -4.0951 -0.3064 32.5947 -4.0812 -0.3189 32.7216 -4.0388 -0.5294 32.8715 -3.909 -0.4787 32.7494 -3.9573 -0.4485 32.3773 -4.0256 -0.1792 32.6895 -4.1281 0.0159 32.7889 -4.1021 -0.0419 32.6992 -4.1541 -0.0313 32.7997 -4.0891 0.0159 32.6854 -4.1568 -0.1739 33.0506 -4.022 -0.114 33.0811 -4.0528 -0.0958 33.052 -4.0502 -0.1805 33.0362 -4.0115 -0.1962 33.0425 -4.0137 -0.188 33.0503 -4.0127 -0.3274 32.7354 -4.0393 -0.5206 32.8851 -3.9123 -0.7826 33.0897 -3.8807 -0.7757 33.0953 -3.8779 -0.6639 32.8208 -3.8877 -0.5012 33.0305 -3.9076 -0.027 33.0119 -4.0737 -0.5383 32.9823 -3.3322 -0.5307 32.9718 -3.3257 -0.5331 32.8066 -3.4133 -0.539 32.7937 -3.4197 -0.4177 32.972 -3.3064 -1.2288 32.755 -3.5003 -1.6745 33.1197 -3.2624 -1.2089 32.2536 -3.5009 -1.1903 32.251 -3.4857 -1.2012 32.4198 -3.5053 -1.2192 32.4196 -3.5158 -1.3079 32.0482 -3.7707 -0.5757 33.1502 -3.7542 -0.5065 33.0529 -3.7815 -0.6261 33.1738 -3.6916 -0.2011 33.0045 -3.7491 -0.2002 33.0602 -3.7246 -0.1852 32.8099 -3.7623 -0.4633 33.1615 -3.6153 -0.5803 33.1499 -3.5566 -0.6045 33.1685 -3.6871 -0.4519 33.2007 -3.7236 -0.3444 33.1796 -3.6682 -0.232 33.1669 -3.6884 -0.2207 33.1141 -3.7106 -0.32 33.1019 -3.6494 -0.5106 32.9004 -3.7948 -0.3918 32.9509 -3.8037 -0.4952 32.9857 -3.7977 -0.4003 33.1631 -3.7778 -0.1575 33.2582 -3.7792 -0.238 33.2234 -3.7015 -0.2979 33.2242 -3.7579 -0.2152 33.0353 -3.7289 -0.1996 32.948 -3.7867 -0.2154 32.9781 -3.7918 -0.2161 33.1827 -3.6843 -0.2016 33.1125 -3.7076 -0.2253 33.2565 -3.6965 -0.5069 32.9841 -3.8216 -0.458 32.0322 -3.5711 -0.4587 32.0419 -3.5898 -0.4654 32.1908 -3.5493 -0.4705 32.2048 -3.5491 -0.4719 32.1965 -3.561 -0.4067 32.2328 -3.5079 -0.4025 32.2175 -3.5047 -0.4475 32.018 -3.518 -0.1498 31.968 -3.4749 -0.1507 31.9544 -3.4812 -0.318 31.9996 -3.5023 -0.6026 31.9298 -3.523 -0.4397 32.0897 -3.6799 -0.4832 32.0747 -3.7002 -0.5942 32.3779 -3.6349 -0.6171 32.3713 -3.8584 -0.573 32.1057 -3.8647 -0.4772 32.1203 -3.869 -0.4902 32.3454 -3.895 -0.4876 32.338 -3.9129 -0.4232 32.2195 -3.8868 -0.4359 32.2212 -3.8756 -0.4643 32.2221 -4.0308 -0.4596 32.224 -4.0394 -0.2839 32.3895 -4.0994 -0.2613 32.3898 -4.1152 -0.5157 32.377 -3.8214 -0.5311 32.3675 -3.7359 -0.4334 32.1548 -3.8269 -0.4502 32.1699 -3.8779 -0.4395 32.1318 -3.7482 -0.3316 32.2062 -3.8675 -0.2326 32.2523 -3.9118 -0.3337 32.2672 -3.9014 -0.2309 32.3106 -3.9341 -0.3721 32.3625 -3.911 -0.4865 32.3807 -3.8142 -0.4769 32.3507 -3.8891 -0.3839 32.3972 -3.8532 -0.3989 32.3808 -3.7875 -0.2821 32.3962 -3.8411 -0.4059 32.3249 -3.7442 -0.2849 32.3363 -3.8093 -0.149 32.3021 -3.958 -0.143 32.3537 -3.9631 -0.2662 32.4165 -3.8902 -0.1478 32.3878 -3.9579 -0.1626 32.4336 -3.9227 -0.2527 32.376 -3.936 -0.2418 32.2348 -3.8746 -0.171 32.2767 -3.8862 -0.1494 32.2803 -3.9404 -0.2584 32.2536 -3.8164 -0.5072 32.3518 -3.8826 -0.5368 32.3228 -3.6726 -0.5139 32.3146 -3.6861 -0.4478 32.196 -3.6737 -0.4562 32.1671 -3.6691 -0.4243 32.1477 -3.7474 -0.5003 32.3626 -3.7325 -0.1209 32.3937 -3.9685 -0.1769 32.3465 -3.8673 -0.1807 32.416 -3.8935 -0.1688 32.4359 -3.8826 -0.1674 32.4047 -3.868 -0.1429 32.2676 -3.9386 -0.1281 32.2925 -3.9638 -0.1164 32.3541 -3.9769 -0.9976 32.339 -3.9106 -0.9791 32.3322 -3.9107 -0.9548 32.2142 -3.9226 -1.2783 32.248 -3.8193 -1.2169 32.3111 -3.8826 -1.2318 31.7304 -3.4255 -1.2106 31.7174 -3.4281 -0.8736 31.6569 -3.4058 -0.8972 31.7303 -3.4149 -0.4091 31.5063 -3.7258 -0.4123 31.5152 -3.6737 -0.4065 31.5308 -3.7153 -0.4457 31.6028 -3.8519 -0.4363 31.5788 -3.7906 -0.4089 31.5997 -3.6758 -0.4984 31.9679 -3.9437 -0.441 32.1628 -3.8907 -0.4655 32.2188 -4.0288 -0.4704 32.1086 -3.881 0.0159 32.2203 -4.0752 -0.4043 32.6941 -4.0183 -0.2079 31.8168 -4.0844 -0.2129 31.8127 -4.0929 -0.2783 31.5691 -3.955 -0.2848 31.5606 -3.961 -0.2848 31.4282 -3.9567 -0.0084 32.1812 -4.0319 0.0159 32.2033 -4.0423 -0.1883 32.0565 -3.9911 -0.2686 31.9211 -3.938 -0.2484 31.9684 -3.9406 -0.1964 32.0111 -4.0263 -0.1631 32.0583 -4.0194 -0.2346 31.9888 -3.9815 -0.2838 31.7141 -3.9508 -0.1916 31.6716 -4.0606 -0.311 31.5759 -3.8937 -0.2394 31.8874 -4.06 -0.2738 31.8284 -3.9765 -0.2634 31.9184 -3.9804 -0.0777 31.2238 -3.6417 -0.2201 31.2067 -3.6096 -0.093 31.2919 -3.6724 -0.2224 31.2835 -3.6692 -0.2976 31.7313 -3.9146 -0.3302 31.6094 -3.7466 -0.3371 31.5996 -3.8289 -0.2974 31.7831 -3.8204 -0.2451 31.8864 -4.0673 -1.5779 34.4054 -2.7279 -1.6134 34.2423 -2.7533 -1.789 34.2292 -2.6266 -1.3855 34.4341 -2.8549 -1.4736 34.3521 -2.8445 -1.6027 34.119 -2.8562 -1.4768 34.2924 -2.8561 -1.4129 34.2622 -2.8916 -1.7023 34.132 -2.7526 -1.7489 34.091 -2.7265 -1.8448 34.1625 -2.6276 -1.8206 34.2647 -2.5805 -1.8701 34.3428 -2.513 -1.819 34.3496 -2.5501 -1.8835 34.2262 -2.5652 -1.9044 34.2793 -2.4202 -1.8905 34.2133 -2.5485 -1.8617 34.1349 -2.4616 -1.8814 34.3399 -2.4954 -1.7926 33.6508 -2.3129 -1.8313 33.6667 -2.2439 -1.7893 33.7301 -2.357 -1.8241 33.767 -2.0214 -1.9018 33.7259 -2.1264 -1.7872 33.6865 -2.1628 -1.8792 33.8893 -1.8815 -1.9463 34.0321 -1.8292 -1.9728 33.9486 -1.9376 -1.9284 33.8484 -2.0108 -1.9595 34.4282 -2.2887 -1.9215 34.4645 -2.4011 -1.9177 34.2499 -2.3198 -1.8623 34.0509 -2.3654 -1.8545 33.9635 -2.3005 -1.9121 34.0432 -2.2314 -1.7894 33.8443 -2.4088 -1.6984 33.9294 -2.6257 -1.7376 33.7848 -2.5412 -1.7867 33.9772 -2.4861 -1.819 34.4476 -2.5467 -1.6767 34.5373 -2.6447 -1.7936 34.4082 -2.554 -1.8926 34.5459 -2.4792 -1.928 34.7146 -2.4928 -1.842 34.5934 -2.5327 -1.4413 34.7546 -2.8083 -1.5766 34.6277 -2.7322 -1.613 34.7034 -2.6736 -2.0617 34.9109 -2.3188 -1.9938 35.0736 -2.3788 -1.9595 34.8122 -2.4651 -1.9324 35.1735 -2.2097 -1.8595 35.1401 -2.3338 -2.0295 35.1053 -2.2315 -1.7557 35.2168 -2.3215 -1.7896 34.9806 -2.455 -1.4493 34.8383 -2.7915 -1.4332 34.9076 -2.7629 -1.3088 34.9017 -2.878 -1.3654 34.962 -2.695 -1.2678 35.0063 -2.654 -1.2409 34.9916 -2.7664 -1.4195 35.0377 -2.4743 -1.3145 35.0129 -2.5803 -1.5282 34.9708 -2.5053 -1.5175 35.1001 -2.384 -1.6141 35.0378 -2.4102 -1.2119 34.7238 -3.0303 -1.0668 34.6082 -3.1894 -1.0869 34.5841 -3.1924 -1.1328 34.7935 -3.006 -1.1677 34.986 -2.7912 -1.0166 34.9186 -2.8171 -1.1766 34.9419 -2.8815 -0.9789 34.754 -2.9485 -0.8888 34.6649 -3.0712 -0.9912 34.4993 -3.3535 -0.77 34.5961 -3.1895 -0.6735 34.659 -3.2262 -0.6761 34.6519 -3.2375 -2.0616 34.1912 -1.9071 -2.0169 34.3031 -1.8344 -2.1063 34.4742 -1.9326 -2.0637 34.8006 -1.9212 -2.1016 34.6689 -1.9981 -2.0601 34.5568 -1.871 -1.485 35.3238 -1.8888 -1.3065 35.2934 -1.8225 -1.4869 35.4411 -1.9261 -1.3002 35.4277 -1.8586 -1.2206 35.341 -1.8041 -1.0132 35.2828 -1.734 -0.9901 35.3865 -1.8267 -1.1281 35.3798 -1.8101 -0.7838 35.2644 -1.7926 -0.6931 35.3408 -1.775 -0.7242 35.319 -1.841 -0.7639 35.3092 -1.7064 -0.5981 35.1774 -1.5463 -0.4804 35.142 -1.5624 -0.493 35.1992 -1.6336 -0.3215 35.1902 -1.6591 -0.3033 35.2684 -1.7209 -0.395 35.2851 -1.7467 -0.4818 35.2863 -1.7151 -0.5957 35.3736 -1.8031 -0.6851 35.3396 -1.7637 -0.3358 35.3786 -1.816 -0.4387 35.3995 -1.8253 0.0159 35.4302 -2.5813 0.0159 35.4091 -2.6795 -0.0015 35.3954 -2.6608 -0.0502 35.411 -2.5569 -0.0149 35.3309 -3.2305 -0.0273 35.1585 -3.3183 -0.0367 35.0679 -3.207 -0.0535 35.2263 -3.1035 -0.0701 35.0145 -3.1096 -0.0009 34.8295 -3.1667 -0.1499 34.8611 -3.0702 -0.0307 34.7145 -3.2896 -0.0527 34.708 -3.2692 0.001 34.8584 -3.2772 -0.1162 35.3143 -2.7559 -0.3159 35.221 -2.5286 -0.1631 35.3273 -2.5828 -0.2327 35.2009 -2.7012 -0.447 35.2337 -2.4231 -0.3795 35.1924 -2.5344 -0.4445 35.1377 -2.7265 -0.3336 35.1007 -2.8356 -0.4084 35.0728 -2.8338 -0.3552 35.1621 -2.6845 -0.3836 34.9446 -2.9868 -0.2752 34.8657 -3.0491 -0.3732 34.8802 -3.0486 -0.2869 34.9837 -2.9585 -0.5971 34.8445 -2.9097 -0.6165 34.916 -2.8489 -0.5879 34.8724 -2.9392 -0.5511 34.4808 -3.3588 -0.6492 34.6618 -3.2431 -0.4946 34.6835 -3.2236 -0.358 34.7562 -3.1074 -0.2759 34.7683 -3.0985 -0.5319 35.0911 -2.8696 -0.6165 35.0503 -2.8421 -0.5589 35.1233 -2.7599 -0.565 35.1228 -2.7451 -0.603 35.0923 -2.6903 -0.5886 35.144 -2.5226 -0.4847 35.1729 -2.6001 -0.7615 35.1184 -2.5663 -0.7699 35.2802 -2.4282 -0.7644 35.0103 -2.66 -0.8581 35.1541 -2.5889 -0.8339 34.9947 -2.6823 -1.0529 35.0585 -2.7043 -0.9682 35.2266 -2.6337 -1.0309 35.3108 -2.4685 -1.0765 35.3144 -2.4437 -1.0482 35.4134 -2.3438 -1.208 35.2191 -2.5634 -1.1688 35.1232 -2.6285 -1.2903 35.1434 -2.4949 -1.2181 35.0787 -2.6361 -0.4658 35.3649 -2.2519 -0.3971 35.3544 -2.3156 -0.487 35.2226 -2.2916 -0.561 35.4926 -2.1673 -0.3999 35.5109 -2.0915 -0.4052 35.4693 -2.1515 -0.5756 35.5817 -2.0789 -0.6173 35.6696 -2.0224 -0.5618 35.6779 -1.9447 -0.488 35.6046 -1.9817 -0.6925 35.353 -2.3398 -0.6526 35.4249 -2.3717 -0.5859 35.3658 -2.2565 -0.763 35.4095 -2.4637 -0.7094 35.4464 -2.4878 -0.8782 35.791 -2.5881 -0.8626 35.8141 -2.6088 -0.8689 35.607 -2.6297 -0.8075 35.6849 -2.6265 -0.9665 35.7567 -2.4876 -0.9396 35.628 -2.5678 -0.8542 35.9078 -2.3531 -0.8848 36.0378 -2.2068 -0.8337 35.9051 -2.2657 -0.8973 36.0301 -2.387 -0.798 35.8911 -2.131 -0.7481 35.8629 -1.9633 -0.7359 35.8205 -2.0622 -0.8361 35.9885 -2.0889 -0.6009 35.3752 -1.8147 -0.626 35.3434 -1.8798 -0.8023 35.4255 -1.9046 -0.6901 35.4007 -1.9282 -0.927 35.4355 -1.9808 -0.9513 35.6456 -2.1069 -1.0024 35.5144 -2.0727 -0.8853 35.5598 -1.9956 -0.7715 35.8452 -1.9482 -0.8624 35.97 -2.0774 -0.8161 35.726 -1.9813 -0.8637 35.8331 -2.0807 -0.7369 35.8529 -1.9545 -0.6555 35.7601 -1.883 -0.6291 35.7363 -1.9393 -1.0721 35.4593 -1.8965 -1.2915 35.5518 -1.9001 -1.1937 35.5675 -2 -1.2802 35.6489 -2.0351 -1.3608 35.7184 -2.1509 -1.4091 35.7377 -2.0767 -1.2666 35.6319 -2.1313 -1.276 35.6174 -2.2827 -1.3853 35.6898 -2.2419 -1.29 35.5901 -2.3582 -1.3342 35.5182 -2.4712 -1.4339 35.6699 -2.3323 -1.1581 35.4497 -2.4065 -1.6077 35.4085 -2.3014 -1.6844 35.3667 -2.1982 -1.689 35.4087 -2.2128 -1.5633 35.3364 -2.2814 -1.4713 35.2153 -2.3392 -1.5703 35.2755 -2.263 -1.8133 35.2596 -2.1965 -2.1168 34.8297 -2.1095 -2.1069 34.912 -2.1729 -2.1083 34.9126 -2.2054 -2.0898 34.7685 -2.1504 -2.0766 34.8104 -2.2051 -1.5099 35.4122 -2.4194 -1.5917 35.5479 -2.3722 -1.405 35.4512 -2.522 -1.6633 35.5135 -2.3006 -1.7168 35.4983 -2.2433 -1.7118 35.5844 -2.2427 -1.6805 35.419 -2.1081 -1.6833 35.3962 -2.0937 -1.1337 35.5045 -2.1315 -1.053 35.5054 -2.1758 -1.0501 35.4528 -2.2982 -1.143 35.5103 -2.3084 -1.0908 35.5245 -2.0306 -1.0348 35.4985 -2.0625 -1.6086 35.6831 -2.3268 -1.6306 35.7679 -2.2691 -1.5481 35.7369 -2.3037 -1.7796 34.813 -2.5324 -1.7104 34.6447 -2.5845 -0.6318 35.3913 -1.9602 -0.507 35.3695 -2.0061 -0.4555 35.4427 -2.0448 -0.5912 35.4734 -1.9727 -0.1456 34.1413 -2.203 0.0159 34.1246 -2.1716 -0.1518 34.1502 -2.1122 0.0159 34.1472 -2.104 -0.3261 34.0866 -2.3804 -0.4498 34.1406 -2.3726 -0.2876 33.9182 -2.6276 -0.4533 34.1963 -2.2119 -0.3507 34.171 -2.1148 -0.471 34.2333 -2.1368 -0.319 34.1688 -2.2174 -0.466 34.3345 -2.051 -0.339 34.2786 -2.0074 -0.4994 34.4125 -1.9048 -0.3475 34.3629 -1.8726 -0.3687 34.472 -1.6317 -0.6447 34.6078 -1.5305 -0.5811 34.5052 -1.7479 -0.3973 34.544 -1.3746 -0.443 34.5802 -1.1968 -0.628 34.0558 -2.5008 -0.6607 33.9511 -2.6088 -0.5503 34.3673 -2.0901 -0.6594 34.4358 -1.9696 -0.7004 34.6647 -1.4626 -0.818 34.7583 -1.4495 -0.8071 34.6511 -1.5885 -0.6335 34.6817 -1.2607 -0.7533 34.7816 -1.3496 -1.2322 34.0023 -2.4165 -1.4285 33.8142 -2.3986 -1.4371 33.6525 -2.5721 -1.014 34.1375 -2.4579 -1.0994 34.1971 -2.3963 -0.9265 34.2661 -2.4729 -1.0055 34.3064 -2.4481 -0.6014 34.263 -2.3548 -0.5772 34.217 -2.3374 -0.5555 34.32 -2.3042 -0.5438 34.2525 -2.238 -0.7067 34.5011 -1.8548 -0.7775 34.5977 -1.6658 -0.8807 34.5608 -1.7434 -0.7823 34.4947 -1.9492 -1.0636 34.4487 -2.0281 -1.2827 34.3561 -1.9097 -1.191 34.3398 -2.0476 -1.1414 34.4568 -1.8584 -0.6986 34.2558 -2.4341 -0.6043 34.2746 -2.3625 -0.6902 34.3777 -2.5132 -0.5959 34.3832 -2.4707 -0.6178 34.3967 -2.1202 -0.5371 34.2922 -2.1519 -0.544 34.3582 -2.1006 -0.5766 34.3536 -2.2096 -1.0586 34.3321 -2.3381 -0.9394 34.4411 -2.4794 -0.9727 34.4718 -2.4292 -0.6809 34.5081 -2.0638 -0.6971 34.4582 -2.0128 -0.773 34.5676 -2.0551 -0.5785 34.3617 -2.2216 -0.5672 34.4319 -2.259 -0.5618 34.3951 -2.3537 -0.5559 34.3322 -2.3078 -0.9665 34.7378 -1.5993 -0.9423 34.6296 -1.6729 -1.0654 34.5891 -1.7502 -1.2302 34.6417 -1.7535 -1.1919 34.5245 -1.7956 -1.1148 34.6858 -1.69 -1.7793 34.0295 -1.8729 -1.8613 33.894 -1.8763 -1.8057 33.7725 -2.0194 -1.6918 33.9374 -1.9867 -1.5996 34.9315 -1.8656 -1.5851 34.7882 -1.8312 -1.5182 34.9489 -1.8445 -1.3015 35.0977 -1.7987 -1.4588 35.1105 -1.8609 -0.2245 34.5317 -1.1261 -0.4562 34.6341 -1.0829 -0.2334 34.5932 -1.0485 -0.8596 34.8901 -1.4138 -0.8192 34.9135 -1.3168 -0.8766 34.9989 -1.3895 -0.8961 34.983 -1.4789 -0.7158 35.0061 -1.3253 -0.8103 34.9183 -1.3034 -0.7954 34.892 -1.2859 -1.7434 33.6184 -2.2453 -1.73 33.5674 -2.3623 -1.6397 33.6418 -2.3791 -1.631 33.7324 -2.2929 0.0159 34.8343 -2.5747 0.0159 34.7599 -2.659 -0.0732 34.8055 -2.6608 -0.0884 34.8751 -2.5345 -0.4799 35.3558 -1.9309 -0.4591 35.2906 -2.0138 -0.3087 34.5876 -2.967 -0.2702 34.6201 -3.0351 -0.2716 34.7771 -2.8946 -0.287 34.7519 -2.8416 -0.2355 35.252 -2.4864 -0.2966 35.1454 -2.504 -0.2541 35.1598 -2.5942 -0.3008 35.2589 -2.3964 -0.4911 35.3242 -2.0853 -0.4513 35.1468 -2.1531 -0.4303 35.2489 -2.2253 -0.1331 35.2625 -2.5884 -0.1209 35.3522 -2.4999 -0.225 35.3403 -2.3423 -0.3138 34.9846 -2.5627 -0.3841 35.0835 -2.4642 -0.3253 34.9592 -2.5366 -0.3673 35.009 -2.3961 -0.6371 34.7472 -2.4368 -0.6284 34.6454 -2.3661 -0.678 34.6983 -2.3165 -1.2204 34.2912 -3.0185 -1.2683 34.3159 -2.9599 -1.3175 34.3069 -2.9239 -0.4828 34.9774 -3.0009 -0.6125 34.9943 -2.9282 -0.593 34.6056 -2.7941 -0.5776 34.6854 -2.8592 -0.5752 34.7043 -2.9631 -0.5734 34.6188 -2.7708 -0.4689 34.8623 -3.1006 -0.5971 34.8798 -3.0984 -0.6049 34.94 -3.0166 -0.6822 35.1053 -2.6283 -0.6052 34.4964 -2.6314 -0.5665 34.4982 -2.5752 -0.5692 34.5522 -2.6823 -0.6918 34.4773 -2.6632 -0.7988 34.3838 -2.5274 -0.7934 34.4895 -2.6571 -0.6879 34.5663 -2.8194 -0.7909 34.5894 -2.7991 -0.6574 34.8962 -2.6285 -0.6498 34.833 -2.5218 -0.6908 34.8437 -2.506 -0.7508 34.741 -2.3016 -0.6652 34.5529 -2.1271 -0.7422 34.62 -2.1132 -0.6162 35.0614 -2.8123 -0.5833 34.7646 -2.9291 -0.5469 34.703 -2.8263 -0.5587 34.7674 -2.8552 -0.5804 34.8925 -2.8091 -0.5709 34.8035 -2.8573 -0.6076 34.8862 -2.6329 -0.6033 34.8278 -2.5497 -0.5788 34.6916 -2.4348 -0.5991 34.7544 -2.4831 -0.1937 34.903 -2.8648 -0.2149 34.8678 -2.8693 -0.1694 34.8256 -2.9749 -0.2802 34.7872 -2.8329 -0.3073 34.7552 -2.7876 -0.2186 35.0354 -2.7626 -0.3039 34.9257 -2.6443 -0.2925 34.9809 -2.6336 -0.2924 35.032 -2.6117 -0.2926 34.8992 -2.6192 -0.4993 34.829 -2.5587 -0.5024 34.7904 -2.518 -0.3764 34.7555 -2.7716 -0.3781 34.7547 -2.7254 -0.3245 34.7681 -2.7838 -0.3424 34.78 -2.7202 -0.4707 34.8198 -2.8578 -0.4767 34.8114 -2.8561 -0.478 34.8754 -2.8116 -0.484 34.9077 -2.7791 -0.5973 34.9189 -2.7655 -0.4895 34.9247 -2.7356 -0.348 34.9562 -2.7604 -0.3593 34.9681 -2.7397 -0.4941 34.9156 -2.6855 -0.2779 35.0421 -2.6772 -0.4778 34.6657 -2.6327 -0.5469 34.6002 -2.6836 -0.536 34.5772 -2.6035 -0.4767 34.667 -2.7015 -0.3447 34.9276 -2.8053 -0.2234 34.9441 -2.828 -0.2231 34.986 -2.7988 -0.3456 34.8464 -2.8571 -0.3436 34.8909 -2.8346 -0.3766 34.9805 -2.6891 -0.2378 35.0008 -2.7872 -0.2422 35.0173 -2.7608 -0.4995 34.8809 -2.6195 -0.3823 34.7777 -2.6742 -0.3247 34.9261 -2.647 -0.345 34.8563 -2.6674 -0.3832 34.8101 -2.6331 -0.4773 34.7774 -2.8514 -0.3752 34.7737 -2.8182 -0.3669 34.7994 -2.8461 -0.4777 34.7315 -2.823 -0.4775 34.6973 -2.7625 -0.6979 34.9778 -2.6874 -0.6428 34.9622 -2.7359 -0.2703 35.0541 -2.666 -0.1694 34.9936 -2.854 -0.1996 34.953 -2.8405 -0.8966 35.0902 -1.4551 -0.873 35.218 -1.56 -0.885 35.2166 -1.5684 -0.907 35.0843 -1.4622 -1.1393 35.2563 -1.7471 -1.0187 35.2129 -1.676 -0.8625 35.3552 -1.8865 -1.0284 35.4505 -1.9322 -1.5249 35.7754 -2.234 -1.5509 35.8067 -2.1437 -1.6462 35.4574 -2.0521 -1.6091 35.5186 -2.0104 -1.655 35.504 -2.0744 -1.2382 35.386 -2.4915 -1.0797 35.2204 -2.5525 -1.1422 35.2668 -2.5036 -1.7146 33.518 -2.5069 -1.7058 33.5145 -2.505 -1.7409 33.568 -2.3706 -1.7569 33.6164 -2.2521 -1.931 33.8531 -2.0304 -2.0534 34.7945 -2.2878 -1.9918 34.7261 -2.3582 -2.021 34.7076 -2.2748 -2.0649 34.7324 -2.1893 -1.9521 34.1639 -2.1823 -1.9924 34.2657 -2.1778 -1.8717 34.3548 -2.5113 -1.9488 34.7983 -2.474 -1.962 34.7916 -2.4611 -1.0019 35.2674 -2.5362 -1.0387 35.2558 -2.5228 -1.0137 35.3181 -2.4792 -1.0225 35.4691 -2.2978 -0.9963 35.6615 -2.3005 -1.0423 35.5978 -2.4339 -0.9546 35.8765 -2.3531 -0.9601 35.812 -2.4389 -0.9261 36.0064 -2.3859 -0.9074 36.0118 -2.1984 -0.9033 36.0304 -2.3878 -0.891 36.0371 -2.2044 -0.7503 35.574 -2.441 -0.7529 35.5052 -2.576 -0.7822 35.647 -2.5143 -0.7069 35.4581 -2.4871 -0.7827 35.5708 -2.6163 -0.7992 35.6878 -2.6201 -0.404 35.4934 -2.0726 -0.3941 35.5069 -2.0851 -0.4732 35.6128 -1.9345 -0.5024 35.5715 -1.9327 -0.5571 35.6929 -1.893 -0.4752 35.6194 -1.9429 -0.7546 35.861 -1.9566 -0.3926 35.463 -2.1472 -0.8545 35.8146 -2.606 -0.5587 35.6872 -1.885 -1.0323 35.6476 -2.4683 -0.9304 35.3683 -2.5347 -0.9399 35.311 -2.5531 -0.8219 35.3867 -2.4965 -0.7312 35.3156 -2.3836 -0.893 35.4212 -2.534 -0.9426 35.4425 -2.4968 -0.9268 35.4641 -2.547 -0.6506 35.438 -2.3712 -0.8612 35.443 -2.5576 -0.8425 35.3067 -2.4962 -0.8728 35.3288 -2.505 -0.3108 35.4007 -2.2331 -0.401 35.4634 -2.1555 -0.3063 35.3929 -2.2145 -0.4369 35.4033 -2.1127 -0.3685 35.3145 -2.26 -0.417 35.4323 -2.1227 -0.3051 35.3604 -2.2454 -0.3301 35.2381 -2.3856 0.0159 35.3775 -3.1931 0.0159 35.3456 -3.1592 0.0159 35.3723 -3.271 0.0159 35.0518 -3.3811 0.0072 35.0121 -3.3049 0.0159 34.8453 -3.3218 0.0159 34.7157 -3.3208 -0.0523 34.6909 -3.2718 -0.0255 34.6968 -3.2903 -0.4797 34.6843 -3.2205 -0.4904 34.6968 -3.2148 -0.1212 34.7466 -3.1685 -0.1313 34.7357 -3.1713 -0.6282 35.0415 -2.8315 -0.6552 34.6719 -3.2348 -0.6785 34.6447 -2.982 -0.5762 34.7915 -3.0349 -0.6036 34.8749 -3.0939 -0.6384 34.7734 -3.1643 -0.6136 34.7315 -3.1355 -0.575 34.8511 -2.9722 -0.611 34.9312 -3.0141 -0.6113 34.9327 -3.0116 -0.469 34.3185 -2.0578 -0.4515 34.2005 -2.2295 -0.541 34.2578 -2.2243 -0.7011 35.0021 -2.6879 -0.7273 34.9841 -2.6731 -0.8271 34.974 -2.6759 -0.9019 34.9577 -2.72 -0.8694 34.9336 -2.7113 -0.7911 34.6822 -2.946 -0.903 34.7553 -2.911 -0.8877 34.7456 -2.894 -0.5642 35.3191 -2.2533 -0.5962 35.2945 -2.2515 -0.5912 35.3278 -2.2548 -0.5827 35.2581 -2.2884 -0.5512 35.2719 -2.269 -0.256 34.8131 -2.8537 -0.2817 35.0258 -2.6411 -0.2184 34.9035 -2.8481 -0.2329 34.8813 -2.8554 -0.2932 34.8016 -2.8246 -0.3255 34.7801 -2.7159 -0.3076 34.8737 -2.6591 -0.3061 34.9855 -2.6385 -0.307 34.718 -2.7684 -0.5761 34.3465 -2.2175 -0.6244 34.4066 -2.1263 -0.8492 34.2507 -2.4792 -0.6975 34.2421 -2.4298 -1.7492 33.5966 -2.4077 -1.7513 34.0187 -2.8468 -1.7527 34.0719 -2.7186 -1.7567 34.0051 -2.8426 -1.6998 33.8856 -2.9537 -1.6933 33.9196 -2.8043 -1.741 33.9205 -2.9687 -0.0164 34.5347 -3.4274 0.0159 34.5686 -3.4386 -0.4871 31.3399 -3.531 -0.3884 31.2524 -3.5451 -0.3978 31.2948 -3.5572 -0.3208 31.2984 -3.6519 -0.4341 31.4668 -3.6958 -0.4108 31.4211 -3.8182 -0.3504 31.424 -3.8355 -0.3815 31.4506 -3.7136 -0.4466 31.3346 -3.8188 -0.4384 31.3017 -3.8767 -0.3798 31.3116 -3.8339 -0.3645 31.2885 -3.8997 -0.4742 31.362 -3.6052 -0.3138 31.291 -3.9005 -0.3158 31.2955 -3.8576 -0.4632 31.7171 -3.9118 -0.4434 31.5855 -3.8824 -0.4617 31.7055 -3.9323 -0.4454 31.4612 -3.7885 -0.6256 31.5754 -3.5283 0.3621 31.4965 -3.774 0.3557 31.4681 -3.8577 0.3286 31.4036 -3.8555 0.3621 31.4344 -3.7316 0.5019 31.7671 -3.9332 0.5025 31.7671 -3.9328 0.511 31.7585 -3.9277 0.4957 31.7605 -3.9411 0.495 31.7171 -3.9118 0.4775 31.6028 -3.8519 0.4772 31.4612 -3.7885 0.4752 31.5855 -3.8824 0.4409 31.5063 -3.7258 0.4426 31.4211 -3.8182 0.4659 31.4668 -3.6958 0.3456 31.291 -3.9005 0.4034 31.3981 -3.9645 0.3963 31.2885 -3.8997 0.3166 31.4282 -3.9567 0.4203 31.2524 -3.5451 0.3478 31.2221 -3.5654 0.4296 31.2948 -3.5572 0.3449 31.2498 -3.5835 1.7525 33.5406 -2.6021 1.6959 33.6569 -2.8583 1.7372 33.7068 -2.6643 1.7374 33.5289 -2.7931 0.6496 34.3967 -2.1202 0.5821 34.3673 -2.0901 0.5759 34.3582 -2.1006 0.7305 34.2558 -2.4341 0.6332 34.263 -2.3548 0.7293 34.2421 -2.4298 0.6361 34.2746 -2.3625 0.5877 34.3322 -2.3078 0.6079 34.3465 -2.2175 0.5849 34.3212 -2.2915 0.6103 34.3617 -2.2216 0.5874 34.32 -2.3042 0.3389 34.718 -2.7684 0.3391 34.7552 -2.7876 0.3188 34.7519 -2.8416 0.3727 34.9902 -2.6555 0.3804 34.9578 -2.6219 0.2504 35.0354 -2.7626 0.2351 35.003 -2.8013 0.2696 35.0008 -2.7872 0.274 35.0173 -2.7608 0.3379 34.9855 -2.6385 0.3565 34.9261 -2.647 0.3244 34.9809 -2.6336 0.3357 34.9257 -2.6443 0.3742 34.78 -2.7202 0.3563 34.7681 -2.7838 0.3573 34.7801 -2.7159 0.2549 34.986 -2.7988 0.2013 34.8256 -2.9749 0.2665 34.8413 -2.8644 0.2467 34.8678 -2.8693 0.664 35.3235 -2.2869 0.6145 35.2581 -2.2884 0.6281 35.2945 -2.2515 0.583 35.2719 -2.269 0.5961 35.3191 -2.2533 0.623 35.3278 -2.2548 0.733 35.0021 -2.6879 0.7297 34.9778 -2.6874 0.925 34.7502 -2.8883 0.924 34.8638 -2.7835 0.9348 34.7553 -2.911 0.9569 34.8847 -2.7964 0.9195 34.7456 -2.894 0.3951 34.7735 -3.1073 0.5115 34.7795 -3.1577 0.5223 34.6968 -3.2148 0.663 34.7774 -3.1666 0.687 34.6719 -3.2348 0.6791 34.675 -3.2348 0.6702 34.7734 -3.1643 0.6454 34.7315 -3.1355 0.647 34.6881 -3.0989 0.6483 34.916 -2.8489 0.6431 34.9327 -3.0116 0.6511 34.9858 -2.9236 0.6197 34.8724 -2.9392 0.6068 34.8511 -2.9722 0.6354 34.8749 -3.0939 0.6429 34.9312 -3.0141 0.608 34.7915 -3.0349 0.7104 34.6447 -2.982 0.607 34.7043 -2.9631 0.681 34.6618 -3.2431 0.629 34.8798 -3.0984 0.6367 34.94 -3.0166 0.5115 34.6843 -3.2205 0.3898 34.7562 -3.1074 0.3077 34.7683 -3.0985 0.1606 34.7485 -3.1634 0.3081 34.7859 -3.0974 0.1631 34.7357 -3.1713 0.0573 34.6968 -3.2903 0.0159 34.7086 -3.3233 0.0625 34.7145 -3.2896 0.153 34.7466 -3.1685 0.0592 35.1585 -3.3183 0.0159 35.2006 -3.3781 0.0308 34.8584 -3.2772 0.0246 35.0121 -3.3049 0.082 35.411 -2.5569 0.0914 35.371 -2.6328 0.0334 35.3954 -2.6608 0.0827 35.3436 -2.7759 0.0159 35.3569 -2.9105 0.0159 35.3728 -2.7959 0.0686 35.2676 -2.9521 0.0503 35.2936 -3.065 0.0159 35.3608 -3.0266 0.4003 35.3145 -2.26 0.3369 35.3604 -2.2454 0.3327 35.2589 -2.3964 0.3619 35.2381 -2.3856 0.4687 35.4033 -2.1127 0.4873 35.4427 -2.0448 0.4488 35.4323 -2.1227 0.3456 34.9846 -2.5627 0.4159 35.0835 -2.4642 0.3242 35.032 -2.6117 0.3284 35.1454 -2.504 0.4244 35.463 -2.1472 0.4358 35.4934 -2.0726 0.523 35.3242 -2.0853 0.4909 35.2906 -2.0138 0.5388 35.3695 -2.0061 0.4259 35.5069 -2.0851 0.8612 35.4647 -2.5811 0.7911 35.496 -2.5814 0.821 35.5615 -2.6217 0.9046 35.3288 -2.505 0.9717 35.311 -2.5531 1 35.2266 -2.6337 0.9622 35.3683 -2.5347 0.9744 35.4425 -2.4968 1.0474 35.4331 -2.3506 1.0455 35.3181 -2.4792 0.9715 35.628 -2.5678 0.9297 35.5356 -2.5883 0.9007 35.607 -2.6297 0.893 35.443 -2.5576 0.7948 35.4095 -2.4637 0.8537 35.3867 -2.4965 0.763 35.3156 -2.3836 0.5942 35.1773 -2.3481 0.7243 35.353 -2.3398 1.0615 35.5608 -2.4587 1.0641 35.6476 -2.4683 0.9919 35.812 -2.4389 1.0282 35.6615 -2.3005 0.9351 36.0304 -2.3878 0.9291 36.0301 -2.387 0.9166 36.0378 -2.2068 0.9228 36.0371 -2.2044 0.9214 35.9414 -2.5243 0.8944 35.8141 -2.6088 0.9146 35.941 -2.5241 0.8863 35.8146 -2.606 0.505 35.6128 -1.9345 0.4317 35.5109 -2.0915 0.507 35.6194 -1.9429 0.8633 35.8406 -2.4438 0.8656 35.9051 -2.2657 0.886 35.9078 -2.3531 0.845 35.8258 -2.3082 0.5889 35.6929 -1.893 0.6873 35.7601 -1.883 0.5936 35.6779 -1.9447 0.661 35.7363 -1.9393 1.6236 35.5479 -2.3722 1.4368 35.4512 -2.522 1.5452 35.6016 -2.3723 0.8942 35.97 -2.0774 0.9392 36.0118 -2.1984 0.8752 35.9879 -2.0852 0.958 36.0064 -2.3859 0.9865 35.8765 -2.3531 0.9417 35.9229 -2.5204 0.8156 35.2644 -1.7926 0.9119 35.3501 -1.8793 0.8943 35.3552 -1.8865 1.7085 34.5373 -2.6447 1.7423 34.6447 -2.5845 1.8738 34.5934 -2.5327 1.8508 34.4476 -2.5467 1.9806 34.7983 -2.474 1.9706 34.7056 -2.4758 1.9598 34.7146 -2.4928 1.9938 34.7916 -2.4611 1.9346 34.5246 -2.4643 1.9244 34.5459 -2.4792 2.1216 34.7685 -2.1504 2.0967 34.7324 -2.1893 2.1084 34.8104 -2.2051 2.0641 34.5616 -2.1498 2.0814 34.5847 -2.0732 2.1387 34.912 -2.1729 2.1391 34.9334 -2.1659 2.1393 34.9297 -2.1595 2.0256 35.0736 -2.3788 2.0613 35.1053 -2.2315 2.0748 35.0879 -2.2317 1.7753 33.6184 -2.2453 1.7887 33.6164 -2.2521 1.7937 33.6184 -2.2424 1.8245 33.6508 -2.3129 1.7727 33.568 -2.3706 1.781 33.5966 -2.4077 1.2007 35.1232 -2.6285 1.0847 35.0585 -2.7043 1.1116 35.2204 -2.5525 1.1741 35.2668 -2.5036 1.3496 35.3126 -2.5292 1.2398 35.2191 -2.5634 1.27 35.386 -2.4915 1.8291 35.2236 -2.0073 1.6914 35.3723 -2.0234 1.6579 35.3429 -1.9671 1.1711 35.2563 -1.7471 1.2524 35.341 -1.8041 1.1599 35.3798 -1.8101 1.332 35.4277 -1.8586 1.4219 35.5018 -1.9103 1.3234 35.5518 -1.9001 1.7446 35.5989 -2.1756 1.7436 35.5844 -2.2427 1.7481 35.7051 -2.2117 1.6306 35.8011 -2.2002 1.5567 35.7754 -2.234 1.5827 35.8067 -2.1437 1.5187 35.4411 -1.9261 1.5168 35.3238 -1.8888 1.4579 35.5347 -1.9288 1.1039 35.4593 -1.8965 1.022 35.3865 -1.8267 0.8819 35.2522 -1.7101 0.7957 35.3092 -1.7064 0.8607 35.2633 -1.6388 1.4907 35.1105 -1.8609 1.4712 34.9645 -1.8181 1.5501 34.9489 -1.8445 0.6386 35.0693 -1.4099 0.7298 35.2105 -1.5326 0.6299 35.1774 -1.5463 0.8987 35.0042 -1.3792 0.9388 35.0843 -1.4622 0.9284 35.0902 -1.4551 0.9084 34.9989 -1.3895 0.928 34.983 -1.4789 0.9475 34.9776 -1.5119 0.9645 35.0759 -1.5441 0.8421 34.9183 -1.3034 0.8511 34.9135 -1.3168 1.045 35.2828 -1.734 0.9634 35.1905 -1.5953 0.5248 35.1992 -1.6336 0.6215 35.2585 -1.6267 0.7098 34.6983 -2.3165 0.6689 34.7472 -2.4368 0.7226 34.8437 -2.506 0.6817 34.833 -2.5218 0.653 34.487 -2.1812 0.633 34.5706 -2.3521 0.6602 34.6454 -2.3661 0.601 34.5522 -2.6823 0.6248 34.6056 -2.7941 0.6052 34.6188 -2.7708 0.6371 34.4964 -2.6314 0.4082 34.7555 -2.7716 0.4099 34.7547 -2.7254 0.5093 34.6973 -2.7625 0.5085 34.667 -2.7015 0.407 34.7737 -2.8182 0.3251 34.8016 -2.8246 0.4141 34.7777 -2.6742 0.3768 34.8563 -2.6674 0.5313 34.8809 -2.6195 0.4084 34.9805 -2.6891 0.5311 34.829 -2.5587 0.3798 34.9562 -2.7604 0.3912 34.9681 -2.7397 0.3894 34.8296 -2.8537 0.2647 34.8813 -2.8554 0.2787 34.853 -2.8536 0.3774 34.8464 -2.8571 0.3754 34.8909 -2.8346 0.2552 34.9441 -2.828 0.2502 34.9035 -2.8481 0.3765 34.9276 -2.8053 0.2917 35.0426 -2.7105 0.4183 34.8518 -2.5919 0.5116 34.6804 -2.5885 0.4151 34.8101 -2.6331 0.5096 34.6657 -2.6327 0.5214 34.9247 -2.7356 0.6291 34.9189 -2.7655 0.6385 34.9189 -2.712 0.5158 34.9077 -2.7791 0.5099 34.8754 -2.8116 0.6027 34.8035 -2.8573 0.6122 34.8925 -2.8091 0.5025 34.8198 -2.8578 0.5821 34.615 -2.4628 0.5744 34.5777 -2.548 0.5207 34.7259 -2.5266 0.3394 34.8737 -2.6591 0.3244 34.8992 -2.6192 0.2013 34.9936 -2.854 0.2314 34.953 -2.8405 0.3034 34.7771 -2.8946 0.2878 34.8131 -2.8537 0.6031 34.6628 -2.4332 0.6106 34.6916 -2.4348 0.6892 34.8962 -2.6285 0.6394 34.8862 -2.6329 0.9383 34.6725 -2.7283 0.9396 34.545 -2.6143 0.9583 34.5745 -2.5671 0.9164 34.6499 -2.7597 0.9712 34.4411 -2.4794 1.0045 34.4718 -2.4292 0.5984 34.4982 -2.5752 0.6027 34.509 -2.4656 0.5936 34.3951 -2.3537 0.7289 34.4582 -2.0128 0.6562 34.4066 -2.1263 0.7127 34.5081 -2.0638 0.9112 34.406 -2.5166 1.0373 34.3064 -2.4481 0.9583 34.2661 -2.4729 0.7933 35.1184 -2.5663 0.7963 35.0103 -2.66 0.7141 35.1053 -2.6283 0.6348 35.0923 -2.6903 0.6151 34.7646 -2.9291 1.5035 34.1686 -2.9182 1.4223 34.1788 -2.9463 1.4448 34.2622 -2.8916 1.1701 34.2856 -3.124 1.2059 34.3662 -3.0528 1.2522 34.2912 -3.0185 1.255 34.2239 -3.0638 0.8227 34.5894 -2.7991 0.8496 34.5968 -2.7955 0.8229 34.6822 -2.946 0.2983 35.0879 -2.6448 0.2859 35.1598 -2.5942 0.3571 34.9592 -2.5366 0.0966 35.1189 -2.8147 0.0159 35.056 -2.9539 0.0943 35.0194 -2.8963 0.0159 35.1372 -2.8626 0.2673 35.252 -2.4864 0.2568 35.3403 -2.3423 0.4354 35.1684 -2.3448 0.4411 35.0715 -2.2683 0.3991 35.009 -2.3961 0.3406 34.5876 -2.967 0.302 34.6201 -3.0351 0.302 34.4535 -3.1571 0.317 34.421 -3.0892 0.3381 35.3929 -2.2145 0.0781 35.407 -2.5527 0.1528 35.3522 -2.4999 0.1588 35.3788 -2.4952 0.0823 35.3649 -2.5591 0.3319 34.3884 -3.0214 0.3341 34.5551 -2.8989 0.1203 34.8751 -2.5345 0.0159 34.8851 -2.4021 0.1355 34.9446 -2.4083 0.5342 35.5715 -1.9327 0.623 35.4734 -1.9727 0.7669 35.0587 -1.3698 0.7477 35.0061 -1.3253 1.7619 33.5674 -2.3623 1.6221 33.567 -2.5487 1.7377 33.5145 -2.505 1.6715 33.6418 -2.3791 0.786 35.1113 -1.4144 0.9048 35.218 -1.56 0.9168 35.2166 -1.5684 0.8299 34.8806 -1.2889 0.8915 34.8901 -1.4138 0.7852 34.7816 -1.3496 1.3384 35.2934 -1.8225 1.3501 34.9215 -1.7612 1.3438 34.9877 -1.7753 1.1815 34.9694 -1.6899 0.6277 34.3832 -2.4707 0.599 34.4319 -2.259 0.8048 34.5676 -2.0551 0.697 34.5529 -2.1271 0.774 34.62 -2.1132 0.9735 34.5069 -1.9657 0.8142 34.4947 -1.9492 0.9203 34.5559 -2.0697 0.8667 34.6101 -2.1616 1.0904 34.3321 -2.3381 1.0096 34.5052 -2.3358 1.1131 34.4167 -2.2503 0.722 34.3777 -2.5132 0.8306 34.3838 -2.5274 0.8811 34.2507 -2.4792 1.2229 34.3398 -2.0476 1.0955 34.4487 -2.0281 1.195 34.3463 -2.1838 1.0379 34.5172 -1.8122 0.9125 34.5608 -1.7434 0.6912 34.4358 -1.9696 0.7386 34.5011 -1.8548 0.5728 34.2578 -2.2243 0.5687 34.283 -2.1637 1.4253 34.258 -1.9419 1.5302 34.0463 -2.0958 1.5819 34.1285 -1.9656 1.3311 34.2496 -2.0764 1.0459 34.1375 -2.4579 1.0999 34 -2.4995 1.264 34.0023 -2.4165 1.4689 33.6525 -2.5721 1.4604 33.8142 -2.3986 0.8865 34.0027 -2.537 0.8837 34.1211 -2.4838 0.7099 34.1522 -2.4277 0.6598 34.0558 -2.5008 0.7322 34.6647 -1.4626 0.8499 34.7583 -1.4495 0.4775 33.9408 -2.6189 0.4816 34.1406 -2.3726 0.4005 34.472 -1.6317 0.6765 34.6078 -1.5305 0.4291 34.544 -1.3746 0.4833 34.2005 -2.2295 0.3495 34.1731 -2.2345 0.3579 34.0866 -2.3804 0.3825 34.1769 -2.1019 0.3741 34.2621 -2.0142 0.1712 34.2325 -1.9886 0.1834 34.1552 -2.0986 1.0986 34.6082 -3.1894 1.023 34.4993 -3.3535 0.8018 34.5961 -3.1895 0.3214 35.2526 -1.9997 0.5118 35.3558 -1.9309 0.3356 35.3313 -1.9253 0.6636 35.3913 -1.9602 0.7219 35.4007 -1.9282 0.7287 35.5052 -1.9345 1.366 35.5182 -2.4712 1.6843 35.6339 -2.3036 1.7328 35.4894 -2.1383 1.561 35.6093 -1.9777 1.6409 35.5186 -2.0104 1.6479 35.6404 -2.0421 0.9101 35.791 -2.5881 0.9499 35.8877 -2.1991 1.0343 35.5144 -2.0727 1.0086 35.6889 -2.1817 0.9831 35.6456 -2.1069 1.0532 35.5249 -2.177 0.9983 35.7567 -2.4876 1.0544 35.4691 -2.2978 1.1655 35.5045 -2.1315 1.1226 35.5245 -2.0306 1.2255 35.5675 -2 1.1899 35.4497 -2.4065 1.3078 35.6174 -2.2827 1.3218 35.5901 -2.3582 1.1748 35.5103 -2.3084 1.7487 35.4983 -2.2433 1.6404 35.6831 -2.3268 1.6951 35.5135 -2.3006 1.5417 35.4122 -2.4194 1.6396 35.4085 -2.3014 2.1486 34.8297 -2.1095 2.1323 34.6608 -2.0168 2.0883 35.0918 -2.1391 2.1384 34.9333 -2.2069 1.5951 35.3364 -2.2814 1.3221 35.1434 -2.4949 1.4088 35.2617 -2.4674 1.5032 35.2153 -2.3392 1.7162 35.3667 -2.1982 1.6022 35.2755 -2.263 1.4657 35.6699 -2.3323 1.5799 35.7369 -2.3037 1.4171 35.6898 -2.2419 1.3926 35.7184 -2.1509 1.4409 35.7377 -2.0767 0.8342 35.4255 -1.9046 0.7734 35.5777 -1.9103 0.756 35.319 -1.841 0.7529 35.6271 -2.2457 0.6491 35.6696 -2.0224 0.7926 35.782 -2.176 0.6074 35.5817 -2.0789 0.7687 35.8529 -1.9545 0.8017 35.2802 -2.4282 0.8743 35.3067 -2.4962 0.831 35.6878 -2.6201 0.8421 35.7595 -2.4776 0.8141 35.647 -2.5143 0.8393 35.6849 -2.6265 0.5928 35.4926 -2.1673 0.6824 35.438 -2.3712 0.6177 35.3658 -2.2565 0.705 35.5159 -2.3272 0.5199 35.6046 -1.9817 0.4328 35.4634 -2.1555 0.437 35.4693 -2.1515 1.1083 35.3144 -2.4437 1.0706 35.2558 -2.5228 0.9248 35.4212 -2.534 0.8899 35.1541 -2.5889 0.6204 35.144 -2.5226 0.5165 35.1729 -2.6001 0.4788 35.2337 -2.4231 0.4763 35.1377 -2.7265 0.5969 35.1228 -2.7451 0.5907 35.1233 -2.7599 0.648 35.0614 -2.8123 0.5637 35.0911 -2.8696 0.4402 35.0728 -2.8338 0.4473 34.5178 -3.3122 0.2838 34.4834 -3.3233 0.7079 34.6519 -3.2375 0.7064 34.4807 -3.3699 0.583 34.4808 -3.3588 0.5146 34.9774 -3.0009 0.6444 34.9943 -2.9282 0.0841 34.6909 -3.2718 0.201 34.4796 -3.3347 0.3655 35.1007 -2.8356 0.4154 34.9446 -2.9868 0.3187 34.9837 -2.9585 0.3183 35.3057 -2.4446 0.2584 35.3779 -2.3377 0.3426 35.4007 -2.2331 0.429 35.3544 -2.3156 0.3478 35.221 -2.5286 0.195 35.3273 -2.5828 0.0853 35.2263 -3.1035 0.0468 35.3309 -3.2305 0.148 35.3143 -2.7559 0.1177 35.1783 -2.9937 0.1818 34.8611 -3.0702 0.201 35.0041 -3.0039 0.307 34.8657 -3.0491 0.0845 34.708 -3.2692 0.0327 34.8295 -3.1667 0.1019 35.0145 -3.1096 0.0159 35.3839 -2.7791 0.5136 35.2863 -1.7151 0.6275 35.3736 -1.8031 0.4705 35.3995 -1.8253 0.4268 35.2851 -1.7467 0.3533 35.1902 -1.6591 0.1802 35.2359 -1.7209 0.3352 35.2684 -1.7209 0.1855 35.1548 -1.6374 0.8493 35.2644 -1.6303 1.0505 35.2129 -1.676 0.8603 34.4829 -3.3797 1.1187 34.5841 -3.1924 0.9206 34.6649 -3.0712 1.2085 34.9419 -2.8815 1.1995 34.986 -2.7912 1.2727 34.9916 -2.7664 1.3406 34.9017 -2.878 1.5493 35.1001 -2.384 1.7875 35.2168 -2.3215 1.4513 35.0377 -2.4743 1.3463 35.0129 -2.5803 1.3972 34.962 -2.695 1.2996 35.0063 -2.654 1.8215 34.9806 -2.455 1.6459 35.0378 -2.4102 1.8913 35.1401 -2.3338 1.8115 34.813 -2.5324 1.9035 34.3548 -2.5113 1.9913 34.4282 -2.2887 2.0021 34.6463 -2.3712 2.0176 34.5731 -2.2486 1.9533 34.4645 -2.4011 1.9275 33.8442 -2.1973 1.8864 33.9635 -2.3005 1.944 34.0432 -2.2314 1.9466 33.9207 -2.0854 1.9336 33.7259 -2.1264 1.9602 33.8484 -2.0108 1.911 33.8893 -1.8815 1.8559 33.767 -2.0214 1.8631 33.6667 -2.2439 1.819 33.6865 -2.1628 1.7916 33.6329 -2.4548 1.8212 33.7301 -2.357 1.9019 34.3428 -2.513 1.8254 34.4082 -2.554 1.8508 34.3496 -2.5501 1.7832 34.0187 -2.8468 1.7341 34.132 -2.7526 1.7807 34.091 -2.7265 1.7164 34.0535 -2.8383 1.1512 34.3546 -3.2196 1.0677 34.3987 -3.2593 1.1508 34.4772 -3.1243 1.3493 34.3069 -2.9239 1.4173 34.4341 -2.8549 1.5054 34.3521 -2.8445 1.6453 34.2423 -2.7533 1.8208 34.2292 -2.6266 1.6097 34.4054 -2.7279 0.2519 31.2067 -3.6096 0.2537 31.2042 -3.593 0.3667 31.3413 -3.38 0.4291 31.2761 -3.5063 0.4564 31.3649 -3.4178 0.3371 31.265 -3.4974 0.3107 31.4327 -3.9404 0.1557 31.2938 -3.4653 0.1055 31.2185 -3.627 0.3004 31.9211 -3.938 0.3162 31.833 -3.9349 0.3238 31.8174 -3.8389 0.2747 31.9471 -3.8977 0.2102 31.9432 -3.8931 0.2141 31.7866 -3.8549 0.1725 32.0838 -4.0308 0.2002 32.0644 -4.0284 0.1949 32.0583 -4.0194 0.1656 32.0889 -4.0153 0.16 32.2925 -3.9638 0.1148 32.1241 -4.0358 0.3477 31.2955 -3.8576 0.2234 31.6716 -4.0606 0.2284 31.6685 -4.0727 0.2321 31.6581 -4.0664 0.3494 32.047 -4.0919 0.2716 32.2577 -4.0834 0.2833 32.2687 -4.0851 0.4947 32.2076 -4.0379 0.4914 32.224 -4.0394 0.432 31.9883 -4.0403 0.1702 32.1977 -4.0586 0.2655 32.274 -4.0969 0.163 32.2071 -4.077 0.0205 32.2044 -4.062 0.0321 32.2105 -4.083 0.0974 32.2026 -4.0687 0.0961 32.1922 -4.0499 0.1077 32.2901 -4.1848 0.0796 32.4051 -4.2629 0.1927 32.282 -4.1687 0.2333 32.387 -4.1817 0.3327 31.5586 -4.0519 0.2769 31.6746 -4.1107 0.3746 31.6269 -4.0698 0.4714 31.5571 -3.9324 0.4935 31.7055 -3.9323 0.4808 31.5582 -3.9224 0.4681 31.5788 -3.7906 0.4383 31.5308 -3.7153 0.8117 31.58 -3.585 0.9074 31.6356 -3.4211 0.7257 31.6169 -3.5046 0.5182 31.3475 -3.5102 0.5076 31.3279 -3.5166 0.5189 31.3399 -3.531 0.3649 31.3574 -3.3735 0.1974 31.3395 -3.3243 0.1941 31.3268 -3.3314 1.078 31.6804 -3.4118 0.9054 31.6569 -3.4058 1.0763 31.6919 -3.3955 1.0998 31.9698 -3.4111 1.0973 32.1187 -3.4745 1.0452 31.9823 -3.4362 1.2424 31.7174 -3.4281 1.241 31.7263 -3.4098 0.6574 31.5754 -3.5283 0.5971 31.5672 -3.5326 0.5993 31.5672 -3.548 0.6485 31.5908 -3.5125 0.5257 31.7971 -3.4952 0.752 31.6911 -3.4697 0.8435 31.8817 -3.4818 0.6345 31.9298 -3.523 0.9729 31.8184 -3.4024 0.9291 31.7303 -3.4149 0.8075 32.064 -3.8656 0.96 32.2257 -3.9223 0.9757 32.2063 -3.9216 0.9866 32.2142 -3.9226 0.6261 32.3779 -3.6349 0.563 32.3675 -3.7359 0.6489 32.3713 -3.8584 0.1747 32.2676 -3.9386 0.1808 32.3021 -3.958 0.1812 32.2803 -3.9404 0.1916 32.2777 -3.8834 0.195 32.3339 -3.8615 0.2087 32.3465 -3.8673 0.2029 32.2767 -3.8862 0.2126 32.416 -3.8935 0.2006 32.4359 -3.8826 0.1798 32.456 -3.9305 0.1944 32.4336 -3.9227 0.1992 32.4047 -3.868 0.4466 32.1615 -3.822 0.4561 32.1477 -3.7474 0.4713 32.1318 -3.7482 0.4652 32.1548 -3.8269 0.522 32.3454 -3.895 0.5087 32.3507 -3.8891 0.4533 32.2265 -3.8721 0.4677 32.2212 -3.8756 0.5321 32.3626 -3.7325 0.5183 32.3807 -3.8142 0.5475 32.377 -3.8214 0.488 32.1671 -3.6691 0.4796 32.196 -3.6737 0.4936 32.1872 -3.6516 0.298 32.4165 -3.8902 0.3139 32.3962 -3.8411 0.2902 32.2536 -3.8164 0.3167 32.3363 -3.8093 0.4039 32.3625 -3.911 0.4157 32.3972 -3.8532 0.2845 32.376 -3.936 0.2627 32.3106 -3.9341 0.1797 32.3878 -3.9579 0.1748 32.3537 -3.9631 0.2644 32.2523 -3.9118 0.2736 32.2348 -3.8746 0.4378 32.3249 -3.7442 0.3911 32.2197 -3.7414 0.4307 32.3808 -3.7875 0.2201 32.0565 -3.9911 0.2111 32.5928 -3.8544 0.4715 32.0897 -3.6799 0.539 32.3518 -3.8826 0.4803 32.3773 -4.0256 0.4434 32.217 -3.9004 0.4961 32.2221 -4.0308 0.4709 32.38 -4.0356 0.4917 32.5536 -3.9905 0.5302 31.9679 -3.9437 0.4974 32.2188 -4.0288 0.5175 31.9706 -3.9521 0.5151 32.0747 -3.7002 0.509 32.1203 -3.869 0.482 32.1699 -3.8779 0.455 32.2195 -3.8868 0.6597 32.1341 -3.8596 0.6048 32.1057 -3.8647 0.613 32.0789 -3.704 0.6861 32.1385 -3.7196 0.784 32.3134 -3.6782 0.7455 32.2542 -3.8297 0.7508 32.232 -3.7276 0.7314 32.3492 -3.8499 0.771 32.3903 -3.689 0.6974 32.3973 -3.6675 0.5687 32.3228 -3.6726 0.7182 32.0312 -3.5732 0.4905 32.0419 -3.5898 0.6439 31.9407 -3.5271 0.8862 32.4087 -3.6084 0.8121 32.4895 -3.5674 0.8003 32.4788 -3.5772 0.6826 32.4402 -3.5414 0.6797 32.4476 -3.5292 0.4893 32.1187 -3.5497 0.4799 32.0437 -3.5721 0.4912 32.1245 -3.5615 0.4793 32.018 -3.518 0.4584 32.024 -3.5112 0.4521 32.0051 -3.5133 0.4877 32.1349 -3.5499 0.3762 33.1796 -3.6682 0.2638 33.1669 -3.6884 0.2698 33.2234 -3.7015 0.232 33.0602 -3.7246 0.2334 33.1125 -3.7076 0.247 33.0353 -3.7289 0.2525 33.1141 -3.7106 0.1018 33.1853 -3.8515 0.087 33.2106 -3.8468 0.0737 33.1869 -3.8607 0.4951 33.1615 -3.6153 0.3518 33.1019 -3.6494 0.4638 33.088 -3.5805 0.2127 33.0926 -3.6976 0.6896 33.1589 -3.8366 0.6263 33.1537 -3.7655 0.6017 33.112 -3.8303 0.6314 33.1533 -3.5481 0.6579 33.1738 -3.6916 0.7168 33.1851 -3.5612 1.2972 31.7986 -3.6292 1.2876 31.7309 -3.5299 1.2644 31.7187 -3.5365 1.3117 31.8053 -3.6139 1.4526 32.7827 -3.4919 1.4527 32.8064 -3.4677 1.4293 32.7797 -3.4797 1.2606 32.755 -3.5003 1.0625 32.6899 -3.5311 1.0737 32.6775 -3.5282 0.4912 32.7854 -3.3829 0.4943 32.7731 -3.3932 0.5708 32.7937 -3.4197 0.5649 32.8066 -3.4133 0.87 32.6546 -3.5257 0.8765 32.6445 -3.5193 0.888 32.6606 -3.5242 0.5522 32.8755 -3.3774 0.5534 32.8611 -3.3825 0.5582 32.8721 -3.3889 0.6406 33.1233 -3.2725 0.6351 33.1181 -3.2729 0.6407 33.1158 -3.2829 0.6515 33.12 -3.2822 0.8131 32.9233 -3.88 0.819 32.9166 -3.8876 0.7084 32.8183 -3.8935 0.6958 32.8208 -3.8877 0.6882 33.1652 -3.8432 0.8075 33.0953 -3.8779 0.808 33.0868 -3.872 0.5612 32.8715 -3.909 0.5105 32.7494 -3.9573 0.5524 32.8851 -3.9123 0.5019 32.7609 -3.9646 0.1279 33.0389 -4.0404 0.0588 33.0119 -4.0737 0.1276 33.052 -4.0502 0.0512 32.9949 -4.0705 0.8397 32.9798 -3.8769 0.8486 32.9825 -3.8861 0.5367 33.0324 -3.8763 0.533 33.0305 -3.9076 0.5327 33.0514 -3.8928 0.4361 32.6941 -4.0183 0.4364 32.7092 -4.0215 0.4458 32.6992 -4.0132 0.2169 32.9112 -4.012 0.2322 32.9128 -4.0154 0.2296 32.8906 -4.0158 0.0296 32.1827 -4.0448 0.0737 32.6992 -4.1541 0.1283 32.7034 -4.128 0.1372 32.6631 -4.209 0.2123 33.0362 -4.0115 0.0944 32.917 -4.028 0.2134 32.7921 -4.0562 0.2664 32.7606 -4.055 0.211 32.6895 -4.1281 0.3078 32.61 -4.0951 0.6056 32.6641 -3.9446 0.5588 32.5559 -3.9395 0.5081 32.6863 -3.9895 0.4708 32.9996 -3.9681 0.0159 33.0454 -4.1872 0.0292 33.1164 -4.2204 0.0159 33.1234 -4.2326 0.1458 33.0811 -4.0528 0.1264 33.0876 -4.1077 0.1163 33.1743 -4.174 0.1023 33.1028 -4.1737 0.0159 33.2058 -4.2192 0.0592 32.3489 -3.8434 0.1231 32.077 -3.889 0.0503 32.09 -3.8804 0.1396 32.3203 -3.8403 0.1527 32.3937 -3.9685 0.2225 32.8396 -3.8058 0.233 33.0045 -3.7491 0.2314 32.948 -3.7867 0.165 32.8288 -3.7384 0.0833 33.0427 -3.7016 0.1665 33.05 -3.6941 0.0769 32.8619 -3.752 0.0159 32.6784 -4.0008 0.0732 32.8959 -3.9265 0.0159 32.9167 -3.969 0.0818 32.6576 -3.9729 1.3718 32.6519 -3.7424 1.381 32.7885 -3.7806 1.3919 32.7901 -3.763 1.2954 32.4454 -3.8358 1.3038 32.4459 -3.8178 1.3163 32.224 -3.7978 1.3102 32.248 -3.8193 1.3101 32.2157 -3.8127 1.6606 33.4568 -3.5666 1.653 33.458 -3.5743 1.6416 33.5756 -3.5209 1.6473 33.5682 -3.5143 1.7108 33.1832 -3.4712 1.6768 33.3295 -3.5559 1.7144 33.1917 -3.4603 1.6696 33.3241 -3.5652 1.7045 33.1222 -3.2581 1.717 33.1303 -3.2605 1.7523 33.2469 -3.0812 1.7382 33.2438 -3.0774 1.7491 33.363 -2.8389 1.7496 33.2916 -2.972 1.7624 33.3652 -2.8401 1.764 33.2908 -2.9736 1.7272 33.1119 -3.3296 1.7195 33.0981 -3.332 1.6793 33.366 -3.4765 1.6262 33.5604 -3.4534 1.643 33.42 -3.4067 1.6275 33.5358 -3.3823 1.6889 33.595 -2.972 1.7324 33.5119 -2.898 0.5443 33.7296 -3.459 0.5354 33.6929 -3.3539 0.5594 33.7106 -3.4654 0.5518 33.6749 -3.3424 0.5432 33.8953 -3.5582 0.5353 33.8947 -3.5498 0.5313 33.819 -3.5576 0.5405 33.8201 -3.5788 0.5485 33.6694 -3.3078 0.6214 33.9767 -3.451 0.6069 33.9778 -3.4583 0.6156 33.9783 -3.4705 0.2244 34.0661 -3.4645 0.1923 34.0192 -3.5102 0.2142 34.0098 -3.5101 0.2378 34.0361 -3.4724 0.1772 33.949 -3.5401 0.2099 33.8691 -3.5553 0.2004 33.9453 -3.538 0.1881 33.8679 -3.5628 0.2228 33.7931 -3.5542 0.2784 33.7512 -3.516 0.2407 33.8002 -3.5481 0.2719 33.7454 -3.5223 0.2663 33.7661 -3.4444 0.2766 33.8674 -3.3753 0.2744 33.7688 -3.4466 0.2821 33.8729 -3.3854 0.3346 33.7753 -3.5196 0.3089 33.8497 -3.545 0.4919 33.9701 -3.3428 0.596 33.9532 -3.3173 0.5479 33.8838 -3.1795 0.4674 33.8989 -3.244 0.3741 33.9164 -3.3187 0.3562 33.855 -3.3191 0.301 33.9609 -3.3643 0.3863 33.9868 -3.3748 0.2873 34.0325 -3.424 0.359 34.0131 -3.4623 0.4608 33.97 -3.5131 0.5684 33.9596 -3.5157 0.4231 33.9093 -3.5331 0.4433 33.7523 -3.4894 0.4237 33.8327 -3.5451 0.816 33.886 -3.2437 0.8183 33.9115 -3.221 0.797 33.9474 -3.3631 0.8089 33.9223 -3.3978 0.6922 33.9779 -3.3516 0.7756 33.9833 -3.5053 0.6866 33.9976 -3.5127 0.6592 33.6062 -3.3251 0.5599 33.5756 -3.145 0.6918 33.5406 -3.1694 0.5701 33.6168 -3.3137 0.7864 33.6985 -3.3514 0.7703 33.572 -3.2288 0.8326 33.6181 -3.2192 0.7432 33.6403 -3.3579 0.5813 33.9056 -3.043 0.5565 33.8859 -3.1673 0.6015 33.9485 -3.2948 0.9926 33.3934 -3.1521 0.7797 33.4154 -3.1455 0.7803 33.4005 -3.1528 0.5207 33.6607 -2.971 0.5332 33.6735 -2.9734 0.528 33.6709 -2.9611 0.6099 33.4859 -3.0611 0.7677 33.4069 -3.1492 0.6148 33.4975 -3.0582 0.6056 33.4874 -3.0574 0.6016 33.4913 -3.0558 0.1014 34.0028 -3.2937 0.0159 34.0524 -3.2369 0.1021 34.1634 -3.1671 0.5372 33.7132 -2.9272 0.617 33.7773 -2.8114 0.5299 33.707 -2.9202 0.6102 33.7747 -2.8017 0.4549 33.6702 -2.9477 0.4554 33.6563 -2.955 0.444 33.4902 -3.0493 0.4427 33.479 -3.0614 0.4596 33.4869 -3.0557 0.6221 33.5266 -3.0775 0.7794 33.4558 -3.1239 0.5402 33.8403 -3.646 0.5434 33.8425 -3.6347 0.5926 33.6956 -3.6667 0.5905 33.6992 -3.6512 0.6009 33.7002 -3.6507 0.6026 33.6979 -3.6628 0.6216 33.9911 -3.5453 0.5482 33.9094 -3.6264 0.6227 34.002 -3.5501 0.5407 33.9138 -3.6355 0.2025 33.5727 -3.7917 0.2204 33.5786 -3.7905 0.2102 33.5618 -3.7889 0.0159 33.9691 -3.8109 0.0632 33.9456 -3.729 0.0612 33.9297 -3.732 0.3254 33.4796 -3.7836 0.3371 33.4945 -3.7903 0.1675 33.858 -3.7058 0.1743 33.8692 -3.6985 0.3346 33.4779 -3.7803 0.0738 34.0288 -3.7136 0.1766 34.0202 -3.6357 0.0737 33.5106 -4.131 0.0899 33.5316 -4.0456 0.0159 33.5027 -4.1569 0.4965 33.9006 -3.6456 0.4601 33.6879 -3.7643 0.7425 33.5581 -3.7794 0.8414 33.701 -3.744 0.8689 33.5809 -3.773 0.7268 33.6801 -3.7321 0.0296 34.0497 -3.8124 0.0495 34.1138 -3.8153 0.0804 34.0812 -3.7039 0.0159 34.3689 -3.9379 0.0487 34.162 -3.923 0.0678 34.3709 -3.8979 0.0159 34.5126 -3.8659 0.0638 34.5193 -3.8213 0.6462 32.8146 -3.9151 0.6523 32.8008 -3.7083 0.6031 32.8353 -3.7048 0.7584 33.1945 -3.6207 0.8444 33.8601 -3.0867 0.2404 33.2673 -3.6375 0.2229 33.4536 -3.5233 0.2584 33.4718 -3.5608 0.1924 33.2305 -3.6156 0.1027 33.2057 -3.6412 0.0905 33.4306 -3.5523 0.131 33.4403 -3.5403 0.0824 33.1997 -3.6429 0.2491 33.6579 -3.4439 0.2598 33.6803 -3.4907 0.2766 33.8606 -3.3604 0.2944 33.9841 -3.3552 0.2968 34.0665 -3.2813 0.2935 34.0883 -3.3341 0.2013 34.3214 -3.3375 0.283 34.2799 -3.2693 0.2013 34.4895 -3.2166 0.0922 33.7615 -3.6678 0.1899 33.7362 -3.6029 0.0941 33.9642 -3.5726 0.6772 31.5497 -3.6098 0.4713 31.6218 -3.6471 1.1297 32.5888 -3.5352 1.233 32.4198 -3.5053 1.2333 32.6156 -3.5322 1.3257 32.6232 -3.5193 1.1374 32.4249 -3.5328 0.7163 31.6362 -3.4898 1.2221 32.251 -3.4857 1.1368 32.2413 -3.4935 1.2376 32.1154 -3.4174 1.4762 33.0091 -3.3937 1.4665 32.9003 -3.4296 1.5288 32.8955 -3.4574 1.5957 32.9868 -3.3961 1.7488 33.436 -2.7026 1.6083 33.4911 -2.6861 1.6496 33.3227 -2.9642 1.6421 33.2143 -3.0734 1.0268 33.7922 -2.8347 1.0009 33.7999 -2.8153 0.8647 33.8212 -2.7905 0.8597 33.8669 -2.9237 0.7259 33.8323 -2.7816 0.7033 33.9386 -3.0292 0.5331 33.6337 -3.0098 0.529 33.636 -3.0056 0.5303 33.6246 -3.0137 0.5559 33.5752 -3.0482 0.5439 33.575 -3.0351 0.5883 33.3998 -3.1402 0.5914 33.0726 -3.4977 0.9487 33.0743 -3.5876 0.8184 33.0921 -3.6617 0.9399 32.9605 -3.6357 0.8363 32.9661 -3.6696 0.8072 33.1834 -3.4084 0.927 33.1674 -3.518 0.9894 33.1771 -3.2913 0.8038 33.1774 -3.2821 0.9 32.8303 -3.6504 0.7869 32.6912 -3.6079 0.9999 32.7402 -3.5628 0.6737 32.7006 -3.4792 0.6897 32.795 -3.7134 0.5723 32.8053 -3.4266 0.5712 32.8776 -3.6497 0.5559 32.9554 -3.4997 0.5701 32.9823 -3.3322 1.0459 33.81 -2.6876 1.2232 33.7265 -2.7217 1.1144 33.7067 -2.9396 1.2899 33.6063 -2.8645 1.423 33.4381 -2.9687 1.3948 33.2719 -3.1137 1.5135 33.2696 -3.0827 1.2006 33.4179 -3.0847 1.014 33.293 -3.1843 0.8028 33.1835 -3.2706 0.5957 33.3143 -3.2136 0.7873 33.3105 -3.1918 1.2557 33.1562 -3.3158 1.1576 33.1451 -3.3982 1.3075 33.1196 -3.363 0.8831 32.5628 -3.5119 1.0218 32.4939 -3.5616 0.6839 33.8763 -2.6952 0.6926 33.9511 -2.6088 0.4738 33.7126 -2.8753 0.5176 33.62 -3.0087 0.4525 33.5851 -3.0021 0.5332 33.5673 -3.0307 0.4492 33.166 -3.2279 0.5664 32.985 -3.3222 0.4715 32.8687 -3.3392 0.5625 32.9718 -3.3257 0.4495 32.972 -3.3064 0.7094 32.5351 -3.4971 0.7624 32.6446 -3.491 0.4929 33.8285 -2.7247 0.3195 33.9182 -2.6276 0.3202 33.8066 -2.7712 0.3275 33.6303 -2.9411 0.3293 33.7108 -2.8695 0.3373 33.5459 -2.9979 0.3123 33.4588 -3.0662 0.3026 33.2778 -3.1816 0.4373 33.3683 -3.1223 0.2994 33.3735 -3.1265 0.4416 33.2911 -3.1925 0.4857 31.631 -3.4873 0.4563 31.8038 -3.4878 0.3423 31.8231 -3.5034 0.3514 31.6615 -3.4797 0.3478 31.5092 -3.4391 0.1876 31.6349 -3.47 0.1953 31.4878 -3.3965 0.1426 32.8003 -3.2893 0.1593 32.924 -3.2686 0.0159 32.9067 -3.2299 0.0159 32.7904 -3.2836 0.1587 33.2088 -4.1044 0.1578 33.1867 -4.008 0.9262 32.388 -3.8967 0.8648 32.2637 -3.8931 1.0109 32.3322 -3.9107 0.3689 31.5996 -3.8289 0.3662 31.5121 -3.7254 0.362 31.6094 -3.7466 0.2802 31.9684 -3.9406 0.2254 32.0536 -3.9461 0.2542 31.2835 -3.6692 0.3211 31.2899 -3.6646 0.2559 31.595 -3.7664 0.2584 31.4523 -3.7172 0.3292 31.7831 -3.8204 0.506 31.362 -3.6052 0.4688 31.4751 -3.6489 0.5426 31.4784 -3.5534 0.4407 31.5997 -3.6758 0.4441 31.5152 -3.6737 0.4128 31.5157 -3.963 0.5468 31.6627 -3.7559 0.8853 31.6404 -3.6502 1.0924 31.7474 -3.6353 1.0362 31.6591 -3.5375 0.9641 31.8135 -3.6933 0.6617 31.7969 -3.8598 0.6955 31.9308 -3.8836 1.2487 32.3111 -3.8826 1.2436 32.4582 -3.8606 1.1741 32.1522 -3.8776 1.1687 32.3065 -3.9085 1.2389 32.2848 -3.8949 1.1486 32.1372 -3.8763 1.0325 32.3146 -3.92 1.0712 31.9173 -3.7365 1.2089 32.003 -3.7624 1.2182 31.8997 -3.6973 1.3283 32.0766 -3.7937 0.8819 31.9966 -3.8256 1.0004 32.0497 -3.8687 0.9513 31.9014 -3.7523 0.5136 32.3462 -3.9289 0.7449 32.3585 -3.8601 0.8137 32.5073 -3.8877 0.7604 32.2548 -3.8381 0.6668 32.1237 -3.8707 0.6068 32.0928 -3.8763 0.5022 32.1086 -3.881 0.8444 32.7759 -3.8947 0.8309 32.6411 -3.8761 0.707 32.6546 -3.912 0.9124 33.0045 -3.9041 0.9586 32.7797 -3.8811 0.9851 32.4757 -3.8704 1.0737 32.629 -3.8913 1.1785 32.4613 -3.8737 1.0959 32.4806 -3.8872 1.1837 32.6388 -3.8955 1.3004 32.891 -3.9408 1.3412 32.9075 -3.902 1.3553 32.7758 -3.8883 1.3065 32.7608 -3.9159 1.0267 33.0829 -3.9553 1.1133 33.1232 -3.954 1.1245 33.0267 -3.9722 1.26 31.8011 -3.371 1.3034 31.8767 -3.5068 1.2429 31.8732 -3.3488 1.294 31.8341 -3.4845 0.5427 31.4803 -3.5336 0.4508 31.5252 -3.4655 0.4604 31.4464 -3.4366 0.2756 31.2743 -3.4926 0.0548 31.2229 -3.6484 0.0159 31.2217 -3.655 0.0159 31.2986 -3.672 0.0624 31.2953 -3.6722 0.0668 32.57 -3.804 0.0159 32.9044 -3.7548 0.0159 32.6145 -3.793 0.277 31.8864 -4.0673 0.233 32.0177 -4.0361 0.306 32.0504 -4.0785 0.2634 32.1381 -4.0477 0.0221 32.5411 -4.2613 0.0301 32.3869 -4.2674 0.0159 32.5303 -4.2649 0.0159 32.3908 -4.2649 0.0228 32.2981 -4.2009 0.2053 32.6273 -4.1896 0.3157 32.3895 -4.0994 0.3649 32.9406 -4.0241 0.3592 32.7354 -4.0393 0.2993 33.0374 -4.0075 0.228 33.0425 -4.0137 0.0159 33.2103 -4.2284 0.2318 33.3331 -3.9031 0.3626 33.1644 -3.9339 0.2075 33.1731 -3.9844 0.0863 33.6873 -3.8546 0.0507 33.8466 -3.7474 0.1826 33.699 -3.7702 1.8003 33.3638 -2.8588 1.7967 33.439 -2.8782 1.76 33.4591 -2.7576 1.7566 33.4372 -2.7119 1.708 33.4071 -3.0535 1.7328 33.306 -3.1268 1.6655 33.4517 -3.182 1.6804 33.5101 -3.1031 1.7737 33.3522 -3.0486 1.7685 33.2406 -3.1488 1.7788 33.2607 -3.0589 1.7442 33.159 -3.3064 1.3767 32.5781 -3.6969 1.2921 32.4259 -3.6836 1.2967 32.4289 -3.7134 1.676 33.0553 -3.4574 1.6725 33.1506 -3.5196 1.2871 32.2585 -3.7033 1.2519 33.0581 -3.9212 1.3709 32.9264 -3.8015 1.3516 32.9125 -3.8837 1.2555 33.0659 -3.8457 1.1103 33.1438 -3.9441 1.0793 33.2035 -3.8878 1.1811 33.1107 -3.9181 1.1762 33.1668 -3.8783 1.6135 33.2749 -3.5747 1.5431 32.955 -3.659 1.5514 33.1596 -3.641 1.6167 33.094 -3.5873 1.4544 33.0299 -3.7034 0.599 33.1187 -3.8381 0.5697 33.2134 -3.8455 0.6962 33.2364 -3.8391 1.7316 33.8856 -2.9537 1.7251 33.9196 -2.8043 1.7086 33.8326 -2.927 1.7714 33.8475 -3.0849 1.7044 33.9511 -2.9647 1.7696 33.9287 -2.9707 1.7087 33.8899 -3.0705 1.6322 33.5614 -3.2394 1.6519 33.6446 -3.3089 1.6366 33.4794 -3.307 1.7026 33.6933 -3.3526 1.6684 33.6786 -3.3337 0.4679 34.3552 -3.375 0.6209 34.3766 -3.4173 0.3354 34.2032 -3.467 0.3483 34.1063 -3.5357 0.188 34.2134 -3.5394 0.4701 34.0369 -3.55 0.344 34.0021 -3.6024 0.5324 33.3282 -3.8371 0.4395 33.1688 -3.8794 0.3939 33.2871 -3.8365 0.7511 33.3828 -3.8121 0.6745 33.3685 -3.8077 1.5114 33.6246 -3.5288 1.5367 33.4555 -3.5745 1.3507 33.4876 -3.6292 1.4089 33.2851 -3.6949 1.2681 33.3609 -3.7356 1.1959 33.24 -3.8221 1.1879 33.416 -3.7784 0.34 33.8696 -3.6793 0.3295 33.6786 -3.7545 0.6821 34.0553 -3.5363 0.6905 34.0054 -3.5202 0.6102 34.052 -3.5397 0.9049 34.0549 -3.5942 0.7775 34.05 -3.5421 0.8938 34.1646 -3.5527 0.8468 33.9317 -3.6226 0.8239 33.9781 -3.5509 0.8065 33.817 -3.6545 0.8496 33.9265 -3.6271 0.9007 33.7141 -3.7236 0.9113 33.9517 -3.6532 1.0134 33.7551 -3.7695 0.9907 33.6328 -3.7863 1.0112 33.9668 -3.7258 1.0785 33.953 -3.7375 1.1766 33.8766 -3.7068 1.299 33.7006 -3.6549 1.0807 33.7646 -3.7836 1.3363 33.8338 -3.6491 1.4289 33.6829 -3.5806 0.9708 34.0857 -3.6316 1.0458 34.081 -3.6318 1.1716 34.0535 -3.5391 0.901 34.2536 -3.5231 1.0183 34.249 -3.5134 1.0045 34.3903 -3.4707 1.1215 34.2219 -3.3418 1.1738 34.2133 -3.1815 1.1749 34.1123 -3.3734 1.219 34.1471 -3.2167 1.3188 34.1919 -2.9876 1.3719 34.134 -3.0116 1.3042 34.1797 -3.0713 1.4693 34.0667 -3.05 1.5085 34.1232 -2.9469 1.3097 34.0494 -3.2435 1.4096 34.034 -3.15 1.4137 33.9018 -3.3435 1.3263 33.9788 -3.3665 1.6345 34.119 -2.8562 1.6092 34.0314 -2.9534 1.527 33.9195 -3.1897 1.4915 33.8851 -3.2656 1.3281 33.8496 -3.5685 1.4809 33.7654 -3.4508 1.398 33.7651 -3.5436 1.3385 33.8908 -3.5047 1.0688 33.6196 -3.7903 0.7752 33.9922 -3.5141 0.7404 34.362 -3.4266 0.6232 34.2115 -3.4659 0.7745 34.2433 -3.4833 0.507 34.1945 -3.452 0.622 33.6547 -3.7089 0.7178 33.7214 -3.6521 0.6052 33.6605 -3.7222 0.6087 33.5406 -3.7854 0.4703 33.4876 -3.8076 0.9485 33.4311 -3.815 0.8277 33.3971 -3.8165 1.0608 33.4379 -3.8106 1.2241 33.5435 -3.7117 1.6482 33.7202 -3.3333 0.2929 34.3485 -3.3839 0.1935 34.3478 -3.4414 1.6713 33.6184 -3.1361 0.8059 33.2694 -3.8457 1.1786 33.1858 -3.8634 1.2621 33.0774 -3.8293 1.3214 33.1536 -3.7705 1.3818 32.9331 -3.7838 0.9362 33.1453 -3.9024 1.0089 33.0941 -3.9485 1.4489 32.7934 -3.7227 1.7083 33.2438 -3.4023 1.7184 33.2238 -3.2983 1.7924 33.2868 -2.9949 0.0297 34.4565 -3.7102 0.038 34.3267 -3.7581 0.1133 33.5313 -3.9269 0.1602 33.3567 -3.9904 0.1411 33.3507 -4.0915 0.1076 33.3469 -4.1602 0.3423 32.7318 -4.0377 0.4247 32.5513 -4.0414 0.0966 32.5777 -4.2494 0.2413 32.5473 -4.1835 0.0159 32.3188 -4.2061 0.4317 31.8156 -4.0492 0.3577 31.8527 -4.0586 0.4592 31.3848 -3.4137 1.2938 31.9969 -3.5486 1.2449 31.9336 -3.3602 1.1734 33.0964 -3.9325 1.2048 33.0105 -3.9676 1.2442 33.0496 -3.9377 1.1554 32.7914 -3.9384 1.0679 32.7826 -3.9187 0.9845 32.6305 -3.8468 0.7008 32.8132 -3.8943 0.6459 32.8073 -3.9244 0.6826 32.5193 -3.9014 0.6549 32.3826 -3.8694 0.7891 31.8107 -3.784 1.3264 32.0381 -3.7804 1.3238 31.9071 -3.6863 1.31 31.8674 -3.5336 1.3009 31.9823 -3.5739 0.697 31.6394 -3.6899 1.2201 31.7719 -3.6078 0.4036 31.6812 -4.0688 0.3342 31.7373 -4.1035 0.2432 31.8016 -4.0943 0.4884 31.4313 -3.8557 0.4736 31.4059 -3.9313 0.2024 32.0463 -3.9049 0.3113 31.5635 -3.9689 1.6858 33.3074 -3.3644 1.6655 33.3949 -3.2884 0.1541 32.5652 -3.4153 0.1697 32.4493 -3.4394 0.1424 32.7867 -3.2949 0.1527 32.7103 -3.3521 0.1596 32.9396 -3.269 0.1428 33.1091 -3.2102 0.1955 31.3838 -3.3449 0.3562 31.4072 -3.3839 0.1711 32.202 -3.4617 0.3499 32.225 -3.5018 0.1822 32.3416 -3.4601 0.3501 32.3574 -3.4773 0.1374 33.515 -2.9767 0.1393 33.4535 -3.0531 0.3486 31.9857 -3.5059 0.4332 32.1126 -3.5107 0.5943 32.6465 -3.4488 0.6696 32.6917 -3.4715 0.4481 32.9872 -3.3057 0.5426 33.5545 -3.0347 0.5175 33.6334 -2.9993 0.4492 33.5968 -2.9931 0.9024 32.0095 -3.4935 0.9777 33.6463 -3.0916 0.961 33.7957 -3.0452 1.1068 33.5749 -3.0463 1.2998 33.482 -2.9732 1.4338 33.5221 -2.8276 1.0785 33.4796 -3.1037 1.0913 33.8736 -2.5939 1.2826 33.7717 -2.5755 0.8729 33.8752 -2.6824 0.8656 33.8223 -2.7769 0.9772 33.8086 -2.7869 0.8507 33.5061 -3.181 0.7869 32.1432 -3.5873 0.8863 32.3339 -3.614 0.8473 32.2344 -3.5976 0.5631 32.3168 -3.6646 0.7771 32.8558 -3.7057 0.7633 32.655 -3.498 1.0671 32.8013 -3.5689 0.8844 33.7273 -3.1535 1.3852 33.2025 -3.1877 1.5008 33.1248 -3.2864 1.0847 31.7586 -3.3878 1.2403 31.7869 -3.3608 1.7002 33.7005 -3.356 1.6905 33.7686 -3.2334 1.7271 33.7449 -3.2335 0.2013 34.1534 -3.4584 0.8142 33.7921 -3.3025 0.579 33.9601 -3.5244 0.5547 32.8832 -3.8089 0.8892 34.3916 -3.4714 0.1816 33.862 -3.7007 0.6257 33.5322 -3.7727 0.6205 33.5252 -3.7736 0.2005 33.7024 -3.7719 0.821 33.9689 -3.5429 0.0977 33.8137 -3.3857 0.5522 33.563 -3.0384 0.5124 33.6795 -3.1256 0.8438 33.9205 -3.6162 0.2582 33.2917 -3.684 0.2644 33.4972 -3.6108 0.6289 33.6595 -3.4856 0.5803 33.658 -3.4824 0.8007 33.8565 -3.4568 0.3632 33.7333 -3.464 0.4543 33.7142 -3.4082 0.6098 33.9524 -3.3068 0.559 33.7238 -3.4945 0.5096 33.8195 -3.1815 0.5138 33.8122 -3.1563 1.7058 33.7226 -3.203 1.7325 33.8027 -3.0693 1.7002 33.6888 -3.1708 1.7094 33.7476 -3.0484 1.7108 33.1125 -3.2841 1.6429 33.017 -3.3777 1.0116 32.9815 -3.9476 1.0332 32.9767 -3.9536 0.1946 32.326 -3.8541 0.1935 32.6311 -3.9185 0.1904 32.8727 -3.876 0.1689 32.422 -3.9552 0.1248 31.2919 -3.6724 0.1095 31.2238 -3.6417 0.0506 32.8978 -4.077 0.3382 32.5947 -4.0812 0.0631 32.7997 -4.0891 0.2057 33.0506 -4.022 0.2198 33.0503 -4.0127 0.3508 32.7216 -4.0388 0.5581 32.8825 -3.899 0.8144 33.0897 -3.8807 1.2469 32.6853 -3.5163 1.7064 33.1197 -3.2624 1.7105 33.1224 -3.2632 1.2407 32.2536 -3.5009 1.251 32.4196 -3.5158 1.3397 32.0482 -3.7707 0.6076 33.1502 -3.7542 0.5383 33.0529 -3.7815 0.548 33.0466 -3.8078 0.0697 33.0786 -3.8869 0.217 32.8099 -3.7623 0.6363 33.1685 -3.6871 0.6122 33.1499 -3.5566 0.4838 33.2007 -3.7236 0.3848 33.0618 -3.8051 0.4321 33.1631 -3.7778 0.2472 32.9781 -3.7918 0.248 33.1827 -3.6843 0.2571 33.2565 -3.6965 0.5387 32.9841 -3.8216 0.4898 32.0322 -3.5711 0.4972 32.1908 -3.5493 0.5038 32.1965 -3.561 0.5023 32.2048 -3.5491 0.4385 32.2328 -3.5079 0.4343 32.2175 -3.5047 0.1816 31.968 -3.4749 0.1825 31.9544 -3.4812 0.3498 31.9996 -3.5023 0.5194 32.338 -3.9129 0.2931 32.3898 -4.1152 0.3634 32.2062 -3.8675 0.3655 32.2672 -3.9014 0.3718 32.1871 -3.8117 0.5457 32.3146 -3.6861 1.0294 32.339 -3.9106 1.2637 31.7304 -3.4255 0.4728 32.1628 -3.8907 0.0159 32.2394 -4.1006 0.2398 31.8168 -4.0844 0.2447 31.8127 -4.0929 0.3101 31.5691 -3.955 0.3166 31.5606 -3.961 0.2664 31.9888 -3.9815 0.2282 32.0111 -4.0263 0.3156 31.7141 -3.9508 0.3428 31.5759 -3.8937 0.2952 31.9184 -3.9804 0.2712 31.8874 -4.06 0.3056 31.8284 -3.9765 0.3294 31.7313 -3.9146 1.2531 34.585 -3.0088 1.4731 34.7546 -2.8083 1.4691 34.5595 -2.845 1.2437 34.7238 -3.0303 1.5086 34.2924 -2.8561 1.8766 34.1625 -2.6276 1.9132 34.3399 -2.4954 1.9363 34.2793 -2.4202 1.9223 34.2133 -2.5485 1.8936 34.1349 -2.4616 2.0046 33.9486 -1.9376 1.9782 34.0321 -1.8292 1.9629 33.8531 -2.0304 1.9495 34.2499 -2.3198 1.8941 34.0509 -2.3654 1.8213 33.8443 -2.4088 1.7695 33.7848 -2.5412 1.7302 33.9294 -2.6257 1.8185 33.9772 -2.4861 1.9913 34.8122 -2.4651 1.6449 34.7034 -2.6736 1.6084 34.6277 -2.7322 2.0935 34.9109 -2.3188 1.9642 35.1735 -2.2097 1.4811 34.8383 -2.7915 1.465 34.9076 -2.7629 1.56 34.9708 -2.5053 1.1646 34.7935 -3.006 1.0484 34.9186 -2.8171 1.0107 34.754 -2.9485 0.7053 34.659 -3.2262 2.0934 34.1912 -1.9071 2.0487 34.3031 -1.8344 0.7249 35.3408 -1.775 0.5122 35.142 -1.5624 0.717 35.3396 -1.7637 0.3677 35.3786 -1.816 0.0685 35.0679 -3.207 0.2024 35.1288 -2.8874 0.2646 35.2009 -2.7012 0.387 35.1621 -2.6845 0.6289 34.8445 -2.9097 0.5264 34.6835 -3.2236 0.6483 35.0503 -2.8421 0.4114 35.1924 -2.5344 0.8657 34.9947 -2.6823 1.0627 35.3108 -2.4685 1.08 35.4134 -2.3438 1.2499 35.0787 -2.6361 0.5188 35.2226 -2.2916 0.4976 35.3649 -2.2519 0.6845 35.4249 -2.3717 0.7412 35.4464 -2.4878 0.6578 35.3434 -1.8798 0.848 35.726 -1.9813 0.8955 35.8331 -2.0807 0.8033 35.8452 -1.9482 1.2985 35.6319 -2.1313 1.312 35.6489 -2.0351 1.7209 35.4087 -2.2128 1.8452 35.2596 -2.1965 2.1401 34.9126 -2.2054 1.7124 35.419 -2.1081 1.7151 35.3962 -2.0937 1.0819 35.4528 -2.2982 1.0848 35.5054 -2.1758 1.0666 35.4985 -2.0625 1.6625 35.7679 -2.2691 0.1774 34.1413 -2.203 0.1836 34.1502 -2.1122 0.4851 34.1963 -2.2119 0.5029 34.2333 -2.1368 0.3826 34.171 -2.1148 0.3508 34.1688 -2.2174 0.6129 34.5052 -1.7479 0.4748 34.5802 -1.1968 0.839 34.6511 -1.5885 0.6653 34.6817 -1.2607 1.1312 34.1971 -2.3963 1.6939 33.844 -2.147 1.7237 33.9374 -1.9867 0.609 34.217 -2.3374 0.5756 34.2525 -2.238 0.8093 34.5977 -1.6658 1.3145 34.3561 -1.9097 1.1732 34.4568 -1.8584 0.5689 34.2922 -2.1519 0.6084 34.3536 -2.2096 0.9741 34.6296 -1.6729 0.9983 34.7378 -1.5993 1.0972 34.5891 -1.7502 1.2238 34.5245 -1.7956 1.262 34.6417 -1.7535 1.1466 34.6858 -1.69 1.8112 34.0295 -1.8729 1.8375 33.7725 -2.0194 1.8931 33.894 -1.8763 1.6315 34.9315 -1.8656 1.617 34.7882 -1.8312 1.3333 35.0977 -1.7987 0.8273 34.892 -1.2859 1.6628 33.7324 -2.2929 0.3807 35.0164 -1.4374 0.4781 35.0662 -1.463 0.5239 35.0972 -1.4921 0.6125 35.6636 -1.8891 0.255 35.3708 -2.32 0.1507 35.0142 -2.282 0.0159 35.0601 -2.1298 0.1659 35.0837 -2.1557 0.0159 34.9679 -2.2612 0.105 34.8055 -2.6608 0.2472 34.9804 -2.3886 0.2358 34.9182 -2.5262 0.4831 35.1468 -2.1531 0.4621 35.2489 -2.2253 0.1649 35.2625 -2.5884 0.6094 34.6854 -2.8592 0.5007 34.8623 -3.1006 0.8252 34.4895 -2.6571 0.7236 34.4773 -2.6632 0.7197 34.5663 -2.8194 0.7826 34.741 -2.3016 0.5787 34.703 -2.8263 0.5905 34.7674 -2.8552 0.6351 34.8278 -2.5497 0.6309 34.7544 -2.4831 0.2256 34.903 -2.8648 0.312 34.7872 -2.8329 0.1963 35.0917 -2.7732 0.2714 35.0621 -2.7016 0.5259 34.9156 -2.6855 0.5092 34.7774 -2.8514 0.5095 34.7315 -2.823 0.5085 34.8114 -2.8561 0.5678 34.5772 -2.6035 0.5787 34.6002 -2.6836 0.3987 34.7994 -2.8461 0.3021 35.0541 -2.666 0.9588 35.4355 -1.9808 0.9172 35.5598 -1.9956 1.0603 35.4505 -1.9322 1.6503 35.111 -1.92 1.678 35.4574 -2.0521 1.6869 35.504 -2.0744 1.6505 35.7563 -2.0789 1.5047 35.7061 -1.9965 1.7465 33.518 -2.5069 2.0852 34.7945 -2.2878 2.0528 34.7076 -2.2748 2.0236 34.7261 -2.3582 2.0242 34.2657 -2.1778 1.9839 34.1639 -2.1823 1.9154 34.2262 -2.5652 1.0337 35.2674 -2.5362 1.0741 35.5978 -2.4339 0.7821 35.574 -2.441 0.7848 35.5052 -2.576 0.7387 35.4581 -2.4871 0.8146 35.5708 -2.6163 0.7058 35.7416 -1.8683 0.6927 35.7556 -1.8744 0.5906 35.6872 -1.885 0.7864 35.861 -1.9566 0.78 35.8629 -1.9633 0.9587 35.4641 -2.547 0.4978 34.3345 -2.051 0.5008 34.3185 -2.0578 0.7591 34.9841 -2.6731 0.9012 34.9336 -2.7113 0.8589 34.974 -2.6759 0.9337 34.9577 -2.72 0.3136 35.0258 -2.6411 1.7845 34.0719 -2.7186 1.7885 34.0051 -2.8426 1.7728 33.9205 -2.9687 0.0482 34.5347 -3.4274 0.3527 31.2984 -3.6519 0.3822 31.424 -3.8355 0.4133 31.4506 -3.7136 0.4702 31.3017 -3.8767 0.4784 31.3346 -3.8188 0.4116 31.3116 -3.8339 -0.4707 31.7671 -3.9328 -0.47 31.7671 -3.9332 -0.4792 31.7585 -3.9277 -0.4632 31.7514 -3.9406 -0.3716 31.3981 -3.9645 -0.316 31.2221 -3.5654 -0.3131 31.2498 -3.5835 -1.7054 33.7068 -2.6643 -1.6641 33.6569 -2.8583 -0.5531 34.3212 -2.2915 -0.3486 34.9578 -2.6219 -0.3871 34.9159 -2.5959 -0.2033 35.003 -2.8013 -0.2347 34.8413 -2.8644 -0.6322 35.3235 -2.2869 -0.8922 34.8638 -2.7835 -0.8931 34.7502 -2.8883 -0.925 34.8847 -2.7964 -0.3632 34.7735 -3.1073 -0.4797 34.7795 -3.1577 -0.6473 34.675 -3.2348 -0.6312 34.7774 -3.1666 -0.6152 34.6881 -3.0989 -0.6192 34.9858 -2.9236 -0.2763 34.7859 -3.0974 -0.1287 34.7485 -3.1634 -0.0596 35.371 -2.6328 -0.0509 35.3436 -2.7759 -0.0368 35.2676 -2.9521 -0.0185 35.2936 -3.065 -0.8294 35.4647 -2.5811 -0.7892 35.5615 -2.6217 -0.7592 35.496 -2.5814 -1.0156 35.4331 -2.3506 -0.8979 35.5356 -2.5883 -1.0297 35.5608 -2.4587 -0.8896 35.9414 -2.5243 -0.8828 35.941 -2.5241 -0.5807 35.6636 -1.8891 -1.5134 35.6016 -2.3723 -0.8434 35.9879 -2.0852 -0.8801 35.3501 -1.8793 -1.9388 34.7056 -2.4758 -1.9028 34.5246 -2.4643 -2.0323 34.5616 -2.1498 -2.0495 34.5847 -2.0732 -2.1075 34.9297 -2.1595 -2.1072 34.9334 -2.1659 -2.0429 35.0879 -2.2317 -1.7619 33.6184 -2.2424 -1.3177 35.3126 -2.5292 -1.7973 35.2236 -2.0073 -1.6261 35.3429 -1.9671 -1.6596 35.3723 -2.0234 -1.3901 35.5018 -1.9103 -1.7127 35.5989 -2.1756 -1.7162 35.7051 -2.2117 -1.5988 35.8011 -2.2002 -1.4261 35.5347 -1.9288 -0.85 35.2522 -1.7101 -0.8288 35.2633 -1.6388 -1.4394 34.9645 -1.8181 -0.8669 35.0042 -1.3792 -0.9326 35.0759 -1.5441 -0.9157 34.9776 -1.5119 -0.9315 35.1905 -1.5953 -0.6212 34.487 -2.1812 -0.6012 34.5706 -2.3521 -0.3865 34.8518 -2.5919 -0.3409 34.9902 -2.6555 -0.6067 34.9189 -2.712 -0.2468 34.853 -2.8536 -0.3576 34.8296 -2.8537 -0.2599 35.0426 -2.7105 -0.4798 34.6804 -2.5885 -0.5713 34.6628 -2.4332 -0.4969 34.7623 -2.5078 -0.8846 34.6499 -2.7597 -0.9265 34.5745 -2.5671 -0.9077 34.545 -2.6143 -0.9065 34.6725 -2.7283 -0.5709 34.509 -2.4656 -0.8794 34.406 -2.5166 -0.6246 34.9431 -2.8005 -1.1741 34.3662 -3.0528 -0.8178 34.5968 -2.7955 -0.4036 35.1684 -2.3448 -0.4093 35.0715 -2.2683 -0.2702 34.4535 -3.1571 -0.2851 34.421 -3.0892 -0.0505 35.3649 -2.5591 -0.1269 35.3788 -2.4952 -0.0463 35.407 -2.5527 -0.3023 34.5551 -2.8989 -0.3001 34.3884 -3.0214 -0.1037 34.9446 -2.4083 -0.178 34.5157 -2.9013 -0.177 34.7161 -2.7654 -0.735 35.0587 -1.3698 -0.6068 35.0693 -1.4099 -0.7542 35.1113 -1.4144 -0.698 35.2105 -1.5326 -0.798 34.8806 -1.2889 -1.3183 34.9215 -1.7612 -1.1497 34.9694 -1.6899 -1.312 34.9877 -1.7753 -0.9416 34.5069 -1.9657 -0.8885 34.5559 -2.0697 -0.8349 34.6101 -2.1616 -0.9777 34.5052 -2.3358 -1.0813 34.4167 -2.2503 -1.1632 34.3463 -2.1838 -1.006 34.5172 -1.8122 -0.5369 34.283 -2.1637 -1.2992 34.2496 -2.0764 -1.5501 34.1285 -1.9656 -1.4984 34.0463 -2.0958 -1.3935 34.258 -1.9419 -1.068 34 -2.4995 -0.8547 34.0027 -2.537 -0.678 34.1522 -2.4277 -0.8519 34.1211 -2.4838 -0.3177 34.1731 -2.2345 -0.3507 34.1769 -2.1019 -0.1516 34.1552 -2.0986 -0.3423 34.2621 -2.0142 -0.1394 34.2325 -1.9886 -0.3038 35.3313 -1.9253 -0.2896 35.2526 -1.9997 -0.6969 35.5052 -1.9345 -1.6525 35.6339 -2.3036 -1.4729 35.7061 -1.9965 -1.6187 35.7563 -2.0789 -1.701 35.4894 -2.1383 -1.5292 35.6093 -1.9777 -1.616 35.6404 -2.0421 -0.9099 35.9229 -2.5204 -0.918 35.8877 -2.1991 -0.9767 35.6889 -2.1817 -1.0213 35.5249 -2.177 -2.1005 34.6608 -2.0168 -0.7416 35.5777 -1.9103 -0.7211 35.6271 -2.2457 -0.7608 35.782 -2.176 -0.6731 35.5159 -2.3272 -0.5624 35.1773 -2.3481 -0.4155 34.5178 -3.3122 -0.2865 35.3057 -2.4446 -0.0859 35.1783 -2.9937 -0.1692 35.0041 -3.0039 0.0159 35.3037 -1.8207 0.0159 35.2727 -1.8895 -0.1151 35.3017 -1.924 -0.1362 35.3323 -1.8356 -0.5897 35.2585 -1.6267 -0.8175 35.2644 -1.6303 -1.8957 33.8442 -2.1973 -1.9148 33.9207 -2.0854 -1.7597 33.6329 -2.4548 -1.8476 34.1454 -2.6218 -1.7966 34.0677 -2.5618 -1.6846 34.0535 -2.8383 -1.119 34.4772 -3.1243 -0.3053 31.265 -3.4974 -0.0202 31.2158 -3.6343 -0.292 31.8174 -3.8389 -0.2843 31.833 -3.9349 -0.1823 31.7866 -3.8549 -0.1407 32.0838 -4.0308 -0.1338 32.0889 -4.0153 -0.0947 32.1217 -4.0203 -0.2515 32.2687 -4.0851 -0.4629 32.2076 -4.0379 -0.0656 32.2026 -4.0687 -0.0003 32.2105 -4.083 -0.0643 32.1922 -4.0499 -0.0759 32.2901 -4.1848 -0.3428 31.6269 -4.0698 -0.6939 31.6169 -3.5046 -1.0462 31.6804 -3.4118 -1.0451 31.8406 -3.3749 -0.941 31.8184 -3.4024 -1.068 31.9698 -3.4111 -1.0134 31.9823 -3.4362 -1.0654 32.1187 -3.4745 -0.7202 31.6911 -3.4697 -0.9439 32.2063 -3.9216 -0.4148 32.1615 -3.822 -0.4215 32.2265 -3.8721 -0.4618 32.1872 -3.6516 -0.3593 32.2197 -3.7414 -0.4115 32.217 -3.9004 -0.4857 31.9706 -3.9521 -0.6279 32.1341 -3.8596 -0.7137 32.2542 -3.8297 -0.6996 32.3492 -3.8499 -0.4594 32.1245 -3.5615 -0.4559 32.1349 -3.5499 -0.1511 32.9661 -3.8601 -0.168 32.995 -3.8482 -0.0699 33.1853 -3.8515 -0.0552 33.2106 -3.8468 -0.2267 33.1775 -3.81 -0.432 33.088 -3.5805 -0.5996 33.1533 -3.5481 -0.685 33.1851 -3.5612 -1.2799 31.8053 -3.6139 -1.2558 31.7309 -3.5299 -1.4208 32.7827 -3.4919 -1.3975 32.7797 -3.4797 -0.4594 32.7854 -3.3829 -0.4625 32.7731 -3.3932 -0.8446 32.6445 -3.5193 -0.5204 32.8755 -3.3774 -0.5216 32.8611 -3.3825 -0.6088 33.1233 -3.2725 -0.6089 33.1158 -3.2829 -0.6033 33.1181 -3.2729 -0.7813 32.9233 -3.88 -0.6564 33.1652 -3.8432 -0.8168 32.9825 -3.8861 -0.1851 32.9112 -4.012 -0.2004 32.9128 -4.0154 -0.083 32.1241 -4.0358 -0.0965 32.7034 -4.128 -0.1816 32.7921 -4.0562 -0.0768 32.8027 -4.062 -0.0946 33.0876 -4.1077 -0.0845 33.1743 -4.174 -0.1078 32.3203 -3.8403 -0.0185 32.09 -3.8804 -0.0913 32.077 -3.889 -0.0273 32.3489 -3.8434 -0.0369 32.4181 -4.0112 -0.045 32.8619 -3.752 -0.0514 33.0427 -3.7016 -0.1332 32.8288 -3.7384 -0.05 32.6576 -3.9729 -0.0414 32.8959 -3.9265 -1.3492 32.7885 -3.7806 -1.2636 32.4454 -3.8358 -1.272 32.4459 -3.8178 -1.2844 32.224 -3.7978 -1.6288 33.4568 -3.5666 -1.679 33.1832 -3.4712 -1.6449 33.3295 -3.5559 -1.6727 33.1222 -3.2581 -1.6112 33.42 -3.4067 -1.6475 33.366 -3.4765 -0.5035 33.6929 -3.3539 -0.52 33.6749 -3.3424 -0.5035 33.8947 -3.5498 -0.5087 33.8201 -3.5788 -0.5167 33.6694 -3.3078 -0.5896 33.9767 -3.451 -0.5751 33.9778 -3.4583 -0.1824 34.0098 -3.5101 -0.206 34.0361 -3.4724 -0.1454 33.949 -3.5401 -0.1686 33.9453 -3.538 -0.178 33.8691 -3.5553 -0.1562 33.8679 -3.5628 -0.2401 33.7454 -3.5223 -0.191 33.7931 -3.5542 -0.2345 33.7661 -3.4444 -0.2426 33.7688 -3.4466 -0.277 33.8497 -3.545 -0.3244 33.855 -3.3191 -0.2554 34.0325 -3.424 -0.3272 34.0131 -3.4623 -0.3912 33.9093 -3.5331 -0.5366 33.9596 -3.5157 -0.429 33.97 -3.5131 -0.6604 33.9779 -3.3516 -0.5495 33.9056 -3.043 -0.5781 33.4859 -3.0611 -0.5738 33.4874 -3.0574 -0.0703 34.1634 -3.1671 -0.5852 33.7773 -2.8114 -0.4231 33.6702 -2.9477 -0.4109 33.479 -3.0614 -0.5691 33.7002 -3.6507 -0.1886 33.5786 -3.7905 -0.0314 33.9456 -3.729 -0.3053 33.4945 -3.7903 -0.3028 33.4779 -3.7803 -0.0419 33.5106 -4.131 -0.4646 33.9006 -3.6456 -0.7107 33.5581 -3.7794 -0.7445 33.7653 -3.4926 -0.6836 33.723 -3.6391 -0.7705 33.8183 -3.6428 -0.6931 33.6906 -3.4946 -0.191 33.4536 -3.5233 -0.0506 33.1997 -3.6429 -0.0992 33.4403 -3.5403 -0.0587 33.4306 -3.5523 -0.0708 33.2057 -3.6412 -0.2172 33.6579 -3.4439 -0.228 33.6803 -3.4907 -0.2447 33.8606 -3.3604 -0.265 34.0665 -3.2813 -0.2617 34.0883 -3.3341 -0.1694 34.4895 -3.2166 -0.2512 34.2799 -3.2693 -0.1694 34.3214 -3.3375 -0.1581 33.7362 -3.6029 -0.0603 33.7615 -3.6678 -0.0623 33.9642 -3.5726 -1.1056 32.4249 -3.5328 -0.6845 31.6362 -3.4898 -1.105 32.2413 -3.4935 -1.2058 32.1154 -3.4174 -1.5903 33.567 -2.5487 -1.5765 33.4911 -2.6861 -1.6178 33.3227 -2.9642 -1.6103 33.2143 -3.0734 -1.2866 32.8994 -3.4541 -1.3534 33.2025 -3.1877 -1.4817 33.2696 -3.0827 -1.363 33.2719 -3.1137 -0.7384 33.572 -3.2288 -0.9691 33.7999 -2.8153 -0.8279 33.8669 -2.9237 -0.8329 33.8212 -2.7905 -0.995 33.7922 -2.8347 -0.4985 33.6246 -3.0137 -0.5596 33.0726 -3.4977 -0.9081 32.9605 -3.6357 -0.9169 33.0743 -3.5876 -0.8951 33.1674 -3.518 -0.6419 32.7006 -3.4792 -0.5241 32.9554 -3.4997 -0.8928 33.558 -3.161 -1.2757 33.1196 -3.363 -0.99 32.4939 -3.5616 -0.6932 33.8331 -2.7686 -0.4207 33.5851 -3.0021 -0.4858 33.62 -3.0087 -0.4397 32.8687 -3.3392 -0.5614 32.3486 -3.532 -0.4894 32.3936 -3.488 -0.2884 33.8066 -2.7712 -0.2975 33.7108 -2.8695 -0.2956 33.6303 -2.9411 -0.4098 33.2911 -3.1925 -0.2676 33.3735 -3.1265 -0.4055 33.3683 -3.1223 -0.2708 33.2778 -3.1816 -0.3285 32.0979 -3.4956 -0.3196 31.6615 -3.4797 -0.316 31.5092 -3.4391 -0.1558 31.6349 -3.47 -0.1634 31.4878 -3.3965 -0.1108 32.8003 -3.2893 -0.1275 32.924 -3.2686 -0.1269 33.2088 -4.1044 -0.2266 31.4523 -3.7172 -0.2241 31.595 -3.7664 -0.3809 31.5157 -3.963 -1.0605 31.7474 -3.6353 -0.6637 31.9308 -3.8836 -1.2117 32.4582 -3.8606 -1.0394 31.9173 -3.7365 -1.1864 31.8997 -3.6973 -0.9195 31.9014 -3.7523 -0.9686 32.0497 -3.8687 -0.635 32.1237 -3.8707 -0.575 32.0928 -3.8763 -0.9267 32.7797 -3.8811 -0.8806 33.0045 -3.9041 -0.9771 33.0941 -3.9485 -1.1467 32.4613 -3.8737 -0.9949 33.0829 -3.9553 0.0159 31.324 -3.3025 -0.0229 31.2229 -3.6484 -0.0306 31.2953 -3.6722 -0.035 32.57 -3.804 0.0091 32.2981 -4.2009 0.0098 32.5411 -4.2613 0.0017 32.3869 -4.2674 -0.2675 33.0374 -4.0075 -0.1093 33.3507 -4.0915 -0.3308 33.1644 -3.9339 -0.0298 34.3972 -3.5519 -1.7649 33.439 -2.8782 -1.6337 33.4517 -3.182 -1.6486 33.5101 -3.1031 -1.7006 33.5119 -2.898 -1.3449 32.5781 -3.6969 -1.2649 32.4289 -3.7134 -1.2603 32.4259 -3.6836 -1.6442 33.0553 -3.4574 -1.6407 33.1506 -3.5196 -1.3198 32.9125 -3.8837 -1.3391 32.9264 -3.8015 -1.0785 33.1438 -3.9441 -1.5849 33.094 -3.5873 -1.5195 33.1596 -3.641 -1.5113 32.955 -3.659 -0.6644 33.2364 -3.8391 -1.6768 33.8326 -2.927 -1.6768 33.8899 -3.0705 -1.7378 33.9287 -2.9707 -1.6726 33.9511 -2.9647 -1.7396 33.8475 -3.0849 -1.674 33.7226 -3.203 -1.6976 33.7356 -3.2298 -1.6004 33.5614 -3.2394 -1.6047 33.4794 -3.307 -0.3036 34.2032 -3.467 -0.1562 34.2134 -3.5394 -0.3164 34.1063 -3.5357 -0.3121 34.0021 -3.6024 -0.5006 33.3282 -3.8371 -0.3621 33.2871 -3.8365 -0.7193 33.3828 -3.8121 -0.6427 33.3685 -3.8077 -0.2977 33.6786 -3.7545 -0.3082 33.8696 -3.6793 -0.7427 34.2433 -3.4833 -0.8795 33.9517 -3.6532 -0.9794 33.9668 -3.7258 -1.3662 33.7651 -3.5436 -0.8691 34.2536 -3.5231 -1.1431 34.1123 -3.3734 -1.2945 33.9788 -3.3665 -1.3819 33.9018 -3.3435 -0.353 33.0618 -3.8051 0.4189 34.9159 -2.5959 0.4197 34.8948 -2.58 0.5343 34.7904 -2.518 -1.5773 34.0314 -2.9534 -1.5626 33.9609 -3.0784 -1.3066 33.8908 -3.5047 -0.5891 34.3766 -3.4173 -0.4415 33.4714 -3.7972 -0.9167 33.4311 -3.815 -0.7958 33.3971 -3.8165 -0.7741 33.2694 -3.8457 -0.4361 34.3552 -3.375 -1.6395 33.6184 -3.1361 -1.6684 33.6888 -3.1708 -1.7007 33.8027 -3.0693 -1.6776 33.7476 -3.0484 -1.6527 33.6637 -3.0298 -1.6582 33.7588 -2.8937 -1.6571 33.595 -2.972 -1.3347 32.7798 -3.8719 -1.3305 32.6291 -3.8312 -1.2475 32.266 -3.6752 -1.3672 32.6992 -3.5117 -1.4603 32.762 -3.641 -1.3101 32.6127 -3.5321 -1.5132 32.8909 -3.4783 -1.5243 32.89 -3.6022 -1.603 32.9847 -3.5233 -0.054 34.2495 -3.6209 -0.0758 33.3469 -4.1602 0.0159 31.94 -3.8636 0.0159 32.103 -3.8718 -0.0213 31.9408 -3.8711 0.0159 31.778 -3.8401 -0.0343 31.6012 -3.7791 -0.0366 31.7808 -3.8451 0.0159 31.6003 -3.7824 -0.0322 31.4599 -3.7354 0.0159 31.4602 -3.739 -1.2627 31.8284 -3.4894 -1.2782 31.8674 -3.5336 -1.2684 32.1106 -3.624 -1.2237 32.1092 -3.4251 -1.3201 32.6287 -3.8479 -1.3235 32.7758 -3.8883 -1.2659 32.6428 -3.8824 -1.0918 32.9572 -3.9653 -1.1389 32.3345 -3.8984 -1.2761 32.0987 -3.6507 -1.2552 32.2585 -3.7033 -1.2773 31.8989 -3.6985 -1.292 31.9071 -3.6863 -1.269 31.9823 -3.5739 0.0159 31.3384 -3.2963 0.0159 31.3774 -3.3142 -0.1486 31.7912 -3.4935 0.0159 31.6393 -3.4607 0.0159 31.8131 -3.4816 0.0159 32.0629 -3.4396 -0.1594 32.0694 -3.4536 0.0159 31.9586 -3.4539 0.0159 32.307 -3.4357 0.0159 32.1877 -3.4449 -0.097 33.2501 -3.1671 0.0159 33.3344 -3.1204 -0.1088 33.3559 -3.1226 0.0159 33.2385 -3.1617 0.0159 33.5003 -2.952 0.0159 33.4443 -3.037 -0.1 33.6919 -2.8459 0.0159 33.7785 -2.7374 -0.1085 33.795 -2.7491 0.0159 33.6713 -2.831 -0.3158 32.4868 -3.4723 -0.309 32.5833 -3.4471 -0.2883 32.801 -3.3251 -0.2978 32.7302 -3.3707 -0.2768 32.9512 -3.2933 -0.2736 33.136 -3.2323 -0.1082 33.6121 -2.9098 -0.1101 33.9268 -2.599 -0.3985 32.1281 -3.5097 -0.3187 32.2089 -3.4986 -0.3274 32.1127 -3.496 -0.2991 32.7181 -3.3819 -0.2775 32.9357 -3.2932 -0.2869 32.8149 -3.3196 -0.2821 33.449 -3.0785 -0.2973 33.616 -2.9475 -0.3029 33.5573 -2.9884 -0.4427 32.8552 -3.345 -0.9185 32.1129 -3.5112 -0.963 32.2241 -3.5249 -1.1483 33.0471 -3.4804 -1.2967 33.0316 -3.4204 -1.4019 33.5703 -2.7377 -0.8444 33.9381 -2.5984 -0.9895 32.3726 -3.5629 -1.1001 32.9242 -3.5423 -0.4766 33.7972 -3.0833 -0.6941 33.8323 -2.7816 -0.8008 33.6181 -3.2192 -1.2939 32.6232 -3.5193 -1.3497 32.7074 -3.4974 -1.5996 33.0948 -3.2584 -1.5843 33.0093 -3.3648 -1.5963 33.4121 -2.8128 -1.1951 31.9409 -3.3526 0.0159 33.786 -3.7163 0.0159 33.9903 -3.6209 -0.0625 34.3411 -3.3755 -0.0625 34.5107 -3.2557 -0.2628 34.2549 -3.2119 -0.2672 34.2332 -3.1587 -0.0737 34.3158 -3.0301 -0.1724 34.1966 -3.1608 -0.1765 34.3521 -3.0258 0.0159 34.2007 -3.5472 0.0159 34.3717 -3.4286 -0.0625 34.1716 -3.4952 -0.2512 34.1134 -3.3912 -0.1709 34.033 -3.2854 0.0159 34.5428 -3.3099 -0.147 33.8354 -3.3703 0.0159 33.6416 -3.4625 -0.0623 33.6221 -3.469 -0.1231 33.6379 -3.4553 0.0159 33.3818 -3.5807 0.0159 33.1569 -3.6747 -0.0585 33.5528 -3.7412 -0.1618 33.5315 -3.6872 0.0159 33.3654 -3.8636 0.0159 33.5757 -3.7899 -0.0566 33.344 -3.8146 -0.1554 33.3222 -3.7574 -0.1423 33.2841 -3.7767 -0.4863 33.7016 -3.2068 -0.1058 33.5258 -2.9663 0.0159 33.5807 -2.8893 -0.1094 33.5977 -2.9156 0.0159 33.5105 -2.941 -0.1071 33.4448 -3.0665 -0.2388 33.7026 -3.5376 -0.7114 33.6403 -3.3579 -0.7546 33.6985 -3.3514 -0.3197 33.7534 -3.3787 -0.4548 33.9929 -3.4602 -0.4039 33.8357 -3.2479 -0.4804 33.7183 -3.2409 -0.4035 33.7343 -3.3082 -0.2717 33.9273 -3.5286 -0.2973 33.9901 -3.5096 -0.2503 34.057 -3.4097 -1.7426 33.8398 -3.0799 -1.5893 32.9945 -3.4055 -0.1033 31.9421 -3.8826 0.0159 33.0378 -3.7178 0.0159 32.4401 -4.0326 0.0159 32.3866 -3.8284 -0.1242 32.5635 -3.7916 -0.1799 32.5569 -3.8103 -0.105 31.7837 -3.8502 -0.0962 31.4597 -3.7318 -0.1005 31.6022 -3.7758 0.0159 33.3239 -4.2076 -0.1217 32.6983 -3.3632 0.0159 32.6676 -3.3319 -1.1908 31.8698 -3.3388 -1.2282 31.8011 -3.371 -1.2622 31.8341 -3.4845 -0.5117 32.9677 -3.5133 -0.544 33.0742 -3.5115 -0.5256 32.8953 -3.6501 -0.4089 32.9911 -3.5881 -0.3061 33.0145 -3.6628 -0.3085 32.9613 -3.7405 -0.2727 32.9777 -3.824 -0.4171 32.937 -3.6929 -0.2012 33.0723 -3.8373 -0.0667 33.0912 -3.8746 -0.142 32.1861 -3.4575 -0.1587 32.0842 -3.4524 -0.3399 32.1871 -3.8117 0.0159 31.4759 -3.3716 -1.2351 34.4404 -2.9696 -1.2213 34.585 -3.0088 -1.4372 34.5595 -2.845 -1.5242 34.4951 -2.776 -1.7258 34.0275 -2.703 -1.9551 34.0577 -2.0373 -2.0628 34.1912 -1.926 -1.9762 33.9546 -1.9561 -2.0264 34.239 -2.0123 -2.0144 34.4082 -2.1446 -2.0414 34.4385 -2.0498 -1.9857 34.5731 -2.2486 -1.6787 33.8416 -2.7658 -1.6291 34.906 -2.5956 -1.6432 34.7882 -2.6409 -1.9703 34.6463 -2.3712 -2.0623 35.0308 -2.0406 -2.0565 35.0918 -2.1391 -1.9427 35.1635 -2.1047 -1.9446 35.1114 -2.0192 -1.8145 35.2708 -2.0941 -0.3251 35.1209 -1.572 -0.1537 35.1548 -1.6374 -0.167 35.0819 -1.5486 0.0159 35.2237 -1.7068 0.0159 35.1333 -1.6186 -0.1484 35.2359 -1.7209 -0.7533 35.3101 -1.6979 0.0159 35.3021 -1.8078 -0.1365 35.3298 -1.823 -0.1109 35.2228 -2.0176 0.0159 35.2131 -1.9722 -0.2603 35.1173 -2.122 -0.1341 35.0837 -2.1557 -0.335 35.3811 -1.8278 -0.1706 35.1288 -2.8874 0.0026 34.9666 -3.2493 -0.2266 35.3779 -2.3377 -0.1304 35.3823 -2.4986 -1.0135 35.5934 -2.5066 -0.7859 35.6825 -2.3888 -0.8132 35.8258 -2.3082 -0.8315 35.8406 -2.4438 -0.8103 35.7595 -2.4776 -0.9606 35.4208 -1.9664 -1.3629 35.6261 -1.94 -1.3769 35.2617 -2.4674 -2.0436 35.1076 -2.1345 -2.106 34.469 -1.9513 -0.4389 35.4022 -1.8372 -1.6717 35.6203 -2.1037 -1.6808 35.7398 -2.1399 0.0159 34.0689 -2.3242 0.0159 33.9016 -2.599 -0.1209 34.0823 -2.3705 -0.138 34.248 -1.9809 0.0159 34.3308 -1.8024 -0.1559 34.3401 -1.8101 0.0159 34.2325 -1.9691 -0.1644 34.4233 -1.5958 0.0159 34.4874 -1.2846 -0.1836 34.4965 -1.3253 0.0159 34.4166 -1.5694 -1.448 33.9536 -2.2505 -1.6621 33.844 -2.147 -1.13 34.2501 -2.2923 -1.2987 34.0844 -2.2487 -1.0103 34.4914 -2.1326 -0.9226 34.5623 -2.2391 -1.3261 34.4457 -1.8271 -1.6058 34.2139 -1.8877 -1.4642 34.3302 -1.8722 -1.8353 34.1445 -1.8327 -1.9994 34.3076 -1.8251 -1.9291 34.0371 -1.8214 -1.8869 34.4007 -1.8221 -1.3637 34.5654 -1.7946 -1.5621 34.628 -1.8134 -1.5163 34.4397 -1.8266 -1.414 34.7144 -1.7862 -1.1446 34.815 -1.6702 -1.2789 34.7753 -1.7399 -0.8988 34.8793 -1.4798 -1.0149 34.8484 -1.5834 -1.0171 34.9594 -1.6073 -1.4419 34.8649 -1.8026 -1.7948 34.6848 -1.8435 -1.7635 34.4962 -1.8188 -1.9246 34.6219 -1.8525 -2.0482 34.805 -1.9094 -2.0433 34.5603 -1.8602 -1.9382 34.8536 -1.9102 -2.0485 34.9709 -1.9939 -1.9368 35.0419 -1.991 -1.1481 35.0768 -1.7224 -1.0193 35.0703 -1.6311 -1.675 34.3075 -1.8415 -0.6497 34.735 -1.1597 -0.2337 34.6043 -1.0464 0.0159 34.7034 -1.1098 -0.2258 34.7423 -1.1251 0.0159 34.5806 -1.0373 -0.4133 34.7877 -1.1507 -0.6458 34.7437 -1.1552 -0.4551 34.6438 -1.0793 -0.5789 34.8883 -1.2274 -1.7725 33.6991 -2.1486 0.0159 34.9623 -1.3965 -0.1832 34.9741 -1.4202 0.0159 35.0586 -1.5206 -0.1917 34.8356 -1.2491 0.0159 34.8307 -1.2448 -0.3847 34.8883 -1.2912 -0.3489 35.0164 -1.4374 -0.4462 35.0662 -1.463 -0.492 35.0972 -1.4921 -0.5155 34.9833 -1.3436 -0.1189 35.0142 -2.282 -0.2232 35.3708 -2.32 -0.1694 34.6575 -3.0957 -0.0625 34.6803 -3.1359 -0.0625 34.8498 -3.0161 -0.2428 35.0464 -2.2525 -0.2154 34.9804 -2.3886 -0.0727 34.6736 -2.7656 -0.0744 34.4763 -2.9035 -0.204 34.9182 -2.5262 -0.1751 34.8351 -2.6525 -0.0625 35.0194 -2.8963 0.0159 34.4652 -2.8707 0.0159 34.2511 -3.0455 0.0159 34.7139 -3.1912 0.0159 34.8849 -3.0725 -0.1523 35.1813 -2.6847 0.0159 35.2996 -2.68 0.0159 35.3808 -2.5887 -0.0511 35.2916 -2.6266 -0.0648 35.1189 -2.8147 -0.061 35.2096 -2.7248 0.0159 35.2184 -2.7713 -0.8884 34.6791 -2.4056 -0.9031 34.7461 -2.6425 -0.8717 34.8094 -2.5649 -0.9309 34.62 -2.4914 -0.7581 34.873 -2.4823 -0.8252 34.7297 -2.3402 -0.8225 34.8539 -2.5158 -0.5785 34.5383 -2.3904 -0.8471 34.5043 -2.6498 -0.7643 34.9906 -2.6574 -0.5503 34.615 -2.4628 -0.5426 34.5777 -2.548 -0.5461 34.6509 -2.7572 -0.4889 34.7259 -2.5266 -0.2656 34.8268 -2.8464 0.0159 34.5697 -1.0395 -1.6184 35.111 -1.92 -1.8144 35.0939 -1.9744 -1.8172 34.8944 -1.9061 -2.0487 35.0411 -2.0285 -2.0634 34.9554 -2.0014 -2.0658 34.8904 -2.3131 -2.1066 34.9333 -2.2069 -2.1174 34.8413 -2.0918 -0.6609 35.7556 -1.8744 -0.674 35.7416 -1.8683 0.0159 34.1533 -2.0904 -0.471 34.2413 -2.1245 -0.1427 34.1465 -2.2202 -0.3923 31.3302 -3.6285 0.495 31.7514 -3.9406 0.4241 31.3302 -3.6285 0.2069 34.8351 -2.6525 0.2088 34.7161 -2.7654 0.2974 34.8268 -2.8464 0.7961 34.9906 -2.6574 0.1746 34.1465 -2.2202 0.0159 34.1281 -2.1886 0.3708 34.2786 -2.0074 0.0159 34.2171 -1.9772 0.1698 34.248 -1.9809 0.5028 34.2413 -2.1245 0.1622 35.3823 -2.4986 0.0159 35.4247 -2.5743 1.0453 35.5934 -2.5066 0.868 35.9885 -2.0889 0.9924 35.4208 -1.9664 1.8794 34.1454 -2.6218 2.008 33.9546 -1.9561 2.1378 34.469 -1.9513 2.1381 34.4742 -1.9326 2.0946 34.1912 -1.926 2.1334 34.6689 -1.9981 2.1493 34.8413 -2.0918 2.0754 35.1076 -2.1345 1.8043 33.6991 -2.1486 1.9609 34.0371 -1.8214 2.092 34.5568 -1.871 2.0312 34.3076 -1.8251 2.0751 34.5603 -1.8602 2.08 34.805 -1.9094 2.0953 34.9554 -2.0014 2.0803 34.9709 -1.9939 2.0955 34.8006 -1.9212 2.0941 35.0308 -2.0406 1.9564 34.6219 -1.8525 1.7953 34.4962 -1.8188 1.9188 34.4007 -1.8221 1.8266 34.6848 -1.8435 1.849 34.8944 -1.9061 1.9686 35.0419 -1.991 1.8462 35.0939 -1.9744 1.97 34.8536 -1.9102 1.7126 35.7398 -2.1399 1.7036 35.6203 -2.1037 1.3948 35.6261 -1.94 0.7851 35.3101 -1.6979 1.0511 35.0703 -1.6311 1.0489 34.9594 -1.6073 1.1799 35.0768 -1.7224 0.488 34.6341 -1.0829 0.2655 34.6043 -1.0464 0.2652 34.5932 -1.0485 0.4869 34.6438 -1.0793 0.6776 34.7437 -1.1552 0.6816 34.735 -1.1597 0.6327 35.3752 -1.8147 0.3668 35.3811 -1.8278 0.4707 35.4022 -1.8372 0.1683 35.3298 -1.823 0.168 35.3323 -1.8356 0.5779 34.6509 -2.7572 0.5287 34.7623 -2.5078 0.6103 34.5383 -2.3904 0.857 34.7297 -2.3402 0.7899 34.873 -2.4823 0.9349 34.7461 -2.6425 0.8543 34.8539 -2.5158 0.9036 34.8094 -2.5649 0.9627 34.62 -2.4914 0.9545 34.5623 -2.2391 0.9203 34.6791 -2.4056 0.8789 34.5043 -2.6498 0.1842 35.1813 -2.6847 0.0928 35.2096 -2.7248 0.0829 35.2916 -2.6266 0.0943 34.5107 -3.2557 0.2013 34.6575 -3.0957 0.0943 34.6803 -3.1359 0.2083 34.3521 -3.0258 0.1062 34.4763 -2.9035 0.2098 34.5157 -2.9013 0.1055 34.3158 -3.0301 0.0943 34.8498 -3.0161 0.1046 34.6736 -2.7656 0.0159 34.6613 -2.7353 0.2746 35.0464 -2.2525 0.2921 35.1173 -2.122 0.6107 34.8883 -1.2274 0.5473 34.9833 -1.3436 0.4165 34.8883 -1.2912 0.1988 35.0819 -1.5486 0.215 34.9741 -1.4202 0.3569 35.1209 -1.572 0.2576 34.7423 -1.1251 0.2235 34.8356 -1.2491 0.4451 34.7877 -1.1507 0.2563 34.5317 -1.1261 0.0159 34.5158 -1.1124 1.3579 34.4457 -1.8271 1.5482 34.4397 -1.8266 1.3955 34.5654 -1.7946 1.496 34.3302 -1.8722 1.8671 34.1445 -1.8327 1.6376 34.2139 -1.8877 1.7069 34.3075 -1.8415 1.4738 34.8649 -1.8026 1.3107 34.7753 -1.7399 1.4458 34.7144 -1.7862 0.9306 34.8793 -1.4798 1.0467 34.8484 -1.5834 1.1764 34.815 -1.6702 1.5939 34.628 -1.8134 1.0422 34.4914 -2.1326 1.1618 34.2501 -2.2923 1.3305 34.0844 -2.2487 1.4799 33.9536 -2.2505 0.8762 33.9381 -2.5984 0.5312 34.4125 -1.9048 0.3793 34.3629 -1.8726 0.2155 34.4965 -1.3253 0.1962 34.4233 -1.5958 0.1878 34.3401 -1.8101 0.1527 34.0823 -2.3705 0.8299 35.8911 -2.131 1.8464 35.2708 -2.0941 1.9745 35.1635 -2.1047 0.8177 35.6825 -2.3888 0.7677 35.8205 -2.0622 0.405 34.8802 -3.0486 0.0292 34.9666 -3.2493 0.1469 35.3017 -1.924 0.1427 35.2228 -2.0176 1.9764 35.1114 -2.0192 2.0805 35.0411 -2.0285 2.0976 34.8904 -2.3131 1.6609 34.906 -2.5956 1.675 34.7882 -2.6409 1.7576 34.0275 -2.703 1.8285 34.0677 -2.5618 1.7105 33.8416 -2.7658 2.0732 34.4385 -2.0498 2.0462 34.4082 -2.1446 2.0583 34.239 -2.0123 1.9869 34.0577 -2.0373 1.8525 34.2647 -2.5805 1.3001 34.3159 -2.9599 1.2669 34.4404 -2.9696 1.556 34.4951 -2.776 1.0769 31.8406 -3.3749 1.2793 32.266 -3.6752 1.3079 32.0987 -3.6507 1.3003 32.1106 -3.624 1.2945 31.8284 -3.4894 1.1707 32.3345 -3.8984 0.0159 31.9447 -3.4595 0.1912 32.0694 -3.4536 0.0159 32.0779 -3.4387 0.1906 32.0842 -3.4524 0.3592 32.1127 -3.496 0.3603 32.0979 -3.4956 0.4303 32.1281 -3.5097 0.1738 32.1861 -3.4575 0.0159 32.1713 -3.4413 0.3505 32.2089 -3.4986 0.599 32.3456 -3.543 0.5932 32.3486 -3.532 0.1998 32.995 -3.8482 0.183 32.9661 -3.8601 0.0985 33.0912 -3.8746 0.1893 33.2582 -3.7792 0.1741 33.2841 -3.7767 0.3379 33.0145 -3.6628 0.3403 32.9613 -3.7405 0.3297 33.2242 -3.7579 0.2585 33.1775 -3.81 0.2331 33.0723 -3.8373 0.3046 32.9777 -3.824 0.5758 33.0742 -3.5115 0.4407 32.9911 -3.5881 0.4489 32.937 -3.6929 0.5574 32.8953 -3.6501 0.5436 32.9677 -3.5133 1.3091 31.8989 -3.6985 1.2226 31.8698 -3.3388 1.2269 31.9409 -3.3526 1.2556 32.1092 -3.4251 1.3815 32.7074 -3.4974 1.3419 32.6127 -3.5321 1.3991 32.6992 -3.5117 1.545 32.8909 -3.4783 1.6161 33.0093 -3.3648 1.6211 32.9945 -3.4055 0.3087 32.9512 -3.2933 0.3094 32.9357 -3.2932 0.4746 32.8552 -3.345 0.3201 32.801 -3.3251 0.3187 32.8149 -3.3196 0.3309 32.7181 -3.3819 0.1536 32.6983 -3.3632 0.3296 32.7302 -3.3707 0.1086 32.8027 -4.062 0.1323 31.6022 -3.7758 0.0684 31.7808 -3.8451 0.1368 31.7837 -3.8502 0.0662 31.6012 -3.7791 0.128 31.4597 -3.7318 0.064 31.4599 -3.7354 0.1561 32.5635 -3.7916 0.2117 32.5569 -3.8103 0.0531 31.9408 -3.8711 0.1351 31.9421 -3.8826 1.3623 32.6291 -3.8312 1.3665 32.7798 -3.8719 1.3519 32.6287 -3.8479 1.6348 32.9847 -3.5233 1.7745 33.8398 -3.0799 1.7294 33.7356 -3.2298 0.5122 33.7183 -3.2409 0.5181 33.7016 -3.2068 0.2822 34.057 -3.4097 0.4353 33.7343 -3.3082 0.3515 33.7534 -3.3787 0.4357 33.8357 -3.2479 0.4866 33.9929 -3.4602 0.3291 33.9901 -3.5096 0.3035 33.9273 -3.5286 0.6978 33.9583 -3.1904 0.7763 33.7653 -3.4926 0.7249 33.6906 -3.4946 0.5084 33.7972 -3.0833 0.283 34.1134 -3.3912 0.2706 33.7026 -3.5376 0.1412 33.5977 -2.9156 0.0159 33.5935 -2.8843 0.14 33.6121 -2.9098 0.725 33.8331 -2.7686 0.139 33.4448 -3.0665 0.0159 33.4357 -3.05 0.314 33.449 -3.0785 0.1376 33.5258 -2.9663 0.3347 33.5573 -2.9884 0.3291 33.616 -2.9475 0.7154 33.723 -3.6391 0.4733 33.4714 -3.7972 0.8023 33.8183 -3.6428 0.2947 34.2549 -3.2119 0.1873 33.3222 -3.7574 0.0884 33.344 -3.8146 0.1936 33.5315 -3.6872 0.0903 33.5528 -3.7412 0.0943 34.1716 -3.4952 0.0941 33.6221 -3.469 0.1549 33.6379 -3.4553 0.1788 33.8354 -3.3703 0.2027 34.033 -3.2854 0.2042 34.1966 -3.1608 0.299 34.2332 -3.1587 0.0943 34.3411 -3.3755 0.9503 32.1129 -3.5112 0.9948 32.2241 -3.5249 1.6281 33.4121 -2.8128 1.4338 33.5703 -2.7377 1.6314 33.0948 -3.2584 1.3184 32.8994 -3.4541 1.3285 33.0316 -3.4204 0.9246 33.558 -3.161 1.1802 33.0471 -3.4804 1.1319 32.9242 -3.5423 1.0213 32.3726 -3.5629 0.5212 32.3936 -3.488 0.3055 33.136 -3.2323 0.3476 32.4868 -3.4723 0.3408 32.5833 -3.4471 0.1403 33.795 -2.7491 0.1319 33.6919 -2.8459 0.1407 33.3559 -3.1226 0.1288 33.2501 -3.1671 0.1804 31.7912 -3.4935 0.142 33.9268 -2.599 1.69 33.7588 -2.8937 1.1236 32.9572 -3.9653 1.2978 32.6428 -3.8824 0.0858 34.2495 -3.6209 0.0616 34.3972 -3.5519 1.5561 32.89 -3.6022 1.4921 32.762 -3.641 1.0507 33.3058 -3.8444 0.9367 33.3018 -3.8575 1.6845 33.6637 -3.0298 1.5944 33.9609 -3.0784'/>
          </IndexedFaceSet>
        </Shape>
        <Shape DEF='sympubis'>
          <Appearance>
            <PhysicalMaterial baseColor='0.9843 0.949 0.7843' metallic='0' roughness='0.72'/>
          </Appearance>
          <IndexedFaceSet DEF='sympubis_Geo' coordIndex='0 1 2 -1 2 3 0 -1 4 5 6 -1 7 8 9 -1 7 10 8 -1 11 12 2 -1 12 4 2 -1 13 14 0 -1 13 15 14 -1 16 17 18 -1 1 19 20 -1 21 22 5 -1 21 23 22 -1 12 24 5 -1 5 4 12 -1 25 21 5 -1 25 26 21 -1 25 27 26 -1 26 17 16 -1 18 17 28 -1 29 30 31 -1 31 27 29 -1 32 33 34 -1 32 35 33 -1 36 37 38 -1 39 40 41 -1 39 42 40 -1 43 44 45 -1 45 34 43 -1 46 47 48 -1 49 50 33 -1 37 51 52 -1 37 53 51 -1 54 52 55 -1 52 51 55 -1 56 57 38 -1 38 37 56 -1 58 59 60 -1 48 47 58 -1 61 47 46 -1 62 63 59 -1 63 64 59 -1 63 65 64 -1 63 49 65 -1 54 46 48 -1 59 58 47 -1 52 54 58 -1 54 48 58 -1 37 60 56 -1 56 64 57 -1 57 64 65 -1 46 54 66 -1 54 55 66 -1 37 36 53 -1 67 68 69 -1 68 70 69 -1 35 71 38 -1 35 32 71 -1 33 50 43 -1 43 34 33 -1 38 72 36 -1 38 71 72 -1 29 11 30 -1 11 20 30 -1 27 31 28 -1 28 17 27 -1 16 18 73 -1 17 26 27 -1 16 73 21 -1 21 26 16 -1 24 25 5 -1 12 29 24 -1 11 29 12 -1 74 73 18 -1 18 75 74 -1 22 6 5 -1 76 77 78 -1 76 79 77 -1 4 80 3 -1 3 2 4 -1 14 19 1 -1 1 0 14 -1 6 80 4 -1 6 81 80 -1 82 74 83 -1 82 23 74 -1 23 84 22 -1 84 23 82 -1 75 78 77 -1 75 85 78 -1 77 86 83 -1 79 86 77 -1 87 15 88 -1 89 15 87 -1 76 7 90 -1 76 78 7 -1 86 91 92 -1 86 93 91 -1 94 95 96 -1 95 94 97 -1 98 99 100 -1 99 98 101 -1 83 92 82 -1 86 92 83 -1 96 82 92 -1 96 84 82 -1 76 102 103 -1 102 76 90 -1 89 14 15 -1 89 9 14 -1 3 100 99 -1 100 3 80 -1 18 85 75 -1 85 18 28 -1 23 73 74 -1 23 21 73 -1 27 24 29 -1 25 24 27 -1 2 20 11 -1 2 1 20 -1 55 104 105 -1 55 51 104 -1 106 51 53 -1 104 51 106 -1 67 66 68 -1 67 107 66 -1 108 68 105 -1 68 108 70 -1 44 87 88 -1 87 44 109 -1 41 69 110 -1 41 67 69 -1 91 108 111 -1 91 93 108 -1 112 94 113 -1 97 94 112 -1 114 98 115 -1 101 98 114 -1 57 35 38 -1 35 57 65 -1 111 105 104 -1 105 111 108 -1 104 113 111 -1 104 106 113 -1 102 69 103 -1 110 69 102 -1 43 109 44 -1 43 39 109 -1 115 32 114 -1 71 32 115 -1 107 46 66 -1 61 46 107 -1 56 59 64 -1 59 56 60 -1 58 37 52 -1 37 58 60 -1 49 35 65 -1 49 33 35 -1 59 61 62 -1 61 59 47 -1 63 40 42 -1 63 62 40 -1 40 61 107 -1 40 62 61 -1 49 42 50 -1 49 63 42 -1 106 112 113 -1 106 72 112 -1 87 110 102 -1 109 110 87 -1 71 112 72 -1 115 112 71 -1 70 103 69 -1 70 116 103 -1 93 70 108 -1 70 93 116 -1 114 34 45 -1 32 34 114 -1 45 101 114 -1 117 101 45 -1 97 115 98 -1 97 112 115 -1 91 113 94 -1 91 111 113 -1 39 110 109 -1 39 41 110 -1 88 45 44 -1 88 117 45 -1 50 39 43 -1 50 42 39 -1 40 67 41 -1 40 107 67 -1 105 66 55 -1 68 66 105 -1 53 72 106 -1 53 36 72 -1 10 30 8 -1 10 31 30 -1 28 10 85 -1 28 31 10 -1 8 20 19 -1 8 30 20 -1 95 84 96 -1 95 81 84 -1 90 87 102 -1 87 90 89 -1 95 80 81 -1 80 95 100 -1 103 79 76 -1 103 116 79 -1 79 93 86 -1 116 93 79 -1 0 99 13 -1 99 0 3 -1 101 13 99 -1 13 101 117 -1 100 97 98 -1 100 95 97 -1 96 91 94 -1 96 92 91 -1 90 9 89 -1 90 7 9 -1 13 88 15 -1 13 117 88 -1 9 19 14 -1 9 8 19 -1 78 10 7 -1 78 85 10 -1 75 83 74 -1 83 75 77 -1 81 22 84 -1 81 6 22 -1' creaseAngle='1.571'>
            <Coordinate DEF='sympubis_Coord' point='-0.1573 31.5143 0.8075 -0.1625 31.5087 0.8049 -0.1842 31.3351 0.944 -0.1789 31.3417 0.9558 -0.2354 31.1352 0.9759 -0.2568 30.831 0.8318 -0.2929 30.8331 0.8418 -0.1343 31.0122 0.3098 -0.1406 31.3111 0.5282 -0.1348 31.3163 0.5206 -0.1368 31.0049 0.3192 -0.0783 31.3036 0.7784 -0.1528 31.1341 0.8123 -0.0874 31.53 0.8264 -0.1578 31.5251 0.7952 -0.093 31.5466 0.7951 -0.2445 30.4549 0.2146 -0.2132 30.6368 0.2099 -0.2121 30.3611 -0.0013 -0.1633 31.5099 0.7928 -0.1574 31.5047 0.7985 -0.2592 30.5958 0.6181 -0.298 30.7654 0.7987 -0.2926 30.5747 0.6087 -0.1757 30.9945 0.712 -0.1926 30.8297 0.6313 -0.2415 30.6384 0.5205 -0.1336 30.912 0.4198 -0.1662 30.7078 0.1137 -0.1096 31.2308 0.6441 -0.1311 31.3063 0.5375 -0.1183 31.0046 0.3388 0.1789 31.3417 0.9558 0.1625 31.5087 0.8049 0.1573 31.5143 0.8075 0.1842 31.3351 0.944 0.2929 30.8331 0.8418 0.2568 30.831 0.8318 0.2354 31.1352 0.9759 0.1348 31.3163 0.5206 0.1368 31.0049 0.3192 0.1343 31.0122 0.3098 0.1406 31.3111 0.5282 0.1578 31.5251 0.7952 0.093 31.5466 0.7951 0.0874 31.53 0.8264 0.2121 30.3611 -0.0013 0.2132 30.6368 0.2099 0.2445 30.4549 0.2146 0.1574 31.5047 0.7985 0.1633 31.5099 0.7928 0.2926 30.5747 0.6087 0.2592 30.5958 0.6181 0.298 30.7654 0.7987 0.2179 30.3814 0.2627 0.2482 30.3563 0.2654 0.1757 30.9945 0.712 0.1528 31.1341 0.8123 0.2415 30.6384 0.5205 0.1336 30.912 0.4198 0.1926 30.8297 0.6313 0.1662 30.7078 0.1137 0.1183 31.0046 0.3388 0.1311 31.3063 0.5375 0.1096 31.2308 0.6441 0.0783 31.3036 0.7784 0.2242 30.3193 -0.0227 0.1756 30.7066 0.084 0.2214 30.3064 -0.0401 0.0959 30.7174 0.063 0.1221 30.2912 -0.0584 0.2297 31.1346 0.9887 0.2926 30.8332 0.8467 -0.2179 30.3814 0.2627 -0.2482 30.3563 0.2654 -0.2242 30.3193 -0.0227 -0.0959 30.7174 0.063 -0.2214 30.3064 -0.0401 -0.1756 30.7066 0.084 -0.1221 30.2912 -0.0584 -0.2297 31.1346 0.9887 -0.2926 30.8332 0.8467 -0.2918 30.569 0.6124 -0.2458 30.3469 0.267 -0.2978 30.7624 0.8028 -0.1792 30.7005 0.0941 -0.1312 30.3239 0.2754 0 31.3351 0.5203 0 31.5538 0.8079 -0.0756 31.3321 0.5042 -0.075 31.0255 0.2912 0 30.5484 0.613 -0.1531 30.5496 0.6281 0 30.314 0.2477 0 30.7528 0.8143 -0.1541 30.8263 0.8707 -0.1559 30.7469 0.8225 0 30.8271 0.8604 0 31.1464 1.0102 -0.0989 31.3517 0.9771 -0.1225 31.1279 1.0121 0 31.3636 0.9749 0 31.0136 0.2974 0 30.6909 0.0579 0.2918 30.569 0.6124 0.2458 30.3469 0.267 0.2978 30.7624 0.8028 0.1792 30.7005 0.0941 0.1312 30.3239 0.2754 0.0756 31.3321 0.5042 0.075 31.0255 0.2912 0.1531 30.5496 0.6281 0.1541 30.8263 0.8707 0.1559 30.7469 0.8225 0.0989 31.3517 0.9771 0.1225 31.1279 1.0121 0 30.2705 -0.0745 0 31.544 0.8216'/>
          </IndexedFaceSet>
        </Shape>
        <Shape DEF='coccyx'>
          <Appearance>
            <PhysicalMaterial baseColor='1 0.9765 0.8667' metallic='0' roughness='0.72'/>
          </Appearance>
          <IndexedFaceSet DEF='coccyx_Geo' coordIndex='0 1 2 -1 3 4 5 -1 6 7 8 -1 9 10 11 -1 12 9 13 -1 13 14 12 -1 15 16 17 -1 16 18 17 -1 19 20 21 -1 22 23 24 -1 24 25 22 -1 26 27 28 -1 26 29 27 -1 30 31 32 -1 30 33 31 -1 34 33 30 -1 34 35 33 -1 36 37 38 -1 36 39 37 -1 40 41 42 -1 41 43 42 -1 44 41 40 -1 44 45 41 -1 46 47 48 -1 46 49 47 -1 50 51 52 -1 52 53 50 -1 54 55 56 -1 56 57 54 -1 58 54 57 -1 58 59 54 -1 60 61 62 -1 60 63 61 -1 62 64 65 -1 62 61 64 -1 65 66 67 -1 65 64 66 -1 68 69 70 -1 70 71 68 -1 72 73 74 -1 72 75 73 -1 76 77 78 -1 76 79 77 -1 80 81 82 -1 80 83 81 -1 84 85 86 -1 84 87 85 -1 86 85 88 -1 88 89 86 -1 89 90 91 -1 89 88 90 -1 92 93 94 -1 92 95 93 -1 80 77 83 -1 80 78 77 -1 96 97 98 -1 97 99 98 -1 100 101 102 -1 102 103 100 -1 104 105 106 -1 107 108 109 -1 108 110 109 -1 111 112 113 -1 113 114 111 -1 115 116 117 -1 117 118 115 -1 119 120 121 -1 119 122 120 -1 123 124 125 -1 123 126 124 -1 27 127 128 -1 129 130 131 -1 131 132 129 -1 133 134 135 -1 133 17 134 -1 136 137 138 -1 139 140 141 -1 139 142 140 -1 143 144 145 -1 144 146 145 -1 59 147 148 -1 59 149 147 -1 150 151 66 -1 66 152 150 -1 153 154 155 -1 153 156 154 -1 157 158 159 -1 159 160 157 -1 114 161 162 -1 114 163 161 -1 164 165 166 -1 166 99 164 -1 167 168 169 -1 168 170 169 -1 171 160 172 -1 160 159 172 -1 173 174 175 -1 176 177 178 -1 178 179 176 -1 180 181 182 -1 180 15 181 -1 183 184 185 -1 183 186 184 -1 187 188 189 -1 187 190 188 -1 191 192 187 -1 187 189 191 -1 157 193 192 -1 192 194 157 -1 195 196 197 -1 197 198 195 -1 199 200 201 -1 201 202 199 -1 203 204 205 -1 205 124 203 -1 120 206 207 -1 120 125 206 -1 208 28 209 -1 208 26 28 -1 210 126 211 -1 210 212 126 -1 123 122 213 -1 213 214 123 -1 214 215 211 -1 214 216 215 -1 217 218 219 -1 220 221 222 -1 222 141 220 -1 223 224 225 -1 175 174 226 -1 226 227 175 -1 228 174 173 -1 173 229 228 -1 230 228 231 -1 228 232 231 -1 233 234 30 -1 234 34 30 -1 144 235 236 -1 144 143 235 -1 237 49 51 -1 51 238 237 -1 239 237 240 -1 237 241 240 -1 242 243 244 -1 244 245 242 -1 246 247 248 -1 248 249 246 -1 247 250 251 -1 251 252 247 -1 253 254 255 -1 255 256 253 -1 11 257 258 -1 11 116 257 -1 259 260 261 -1 259 118 260 -1 162 262 263 -1 263 264 162 -1 265 259 137 -1 259 138 137 -1 266 267 268 -1 266 269 267 -1 270 271 272 -1 273 274 275 -1 102 276 103 -1 102 277 276 -1 278 279 280 -1 279 281 280 -1 282 170 283 -1 283 284 282 -1 270 272 285 -1 285 286 270 -1 278 287 288 -1 287 219 288 -1 289 290 291 -1 290 292 291 -1 293 294 295 -1 295 296 293 -1 297 298 299 -1 297 300 298 -1 301 302 303 -1 304 268 305 -1 305 306 304 -1 307 100 165 -1 307 308 100 -1 256 309 302 -1 269 310 311 -1 312 167 98 -1 313 276 277 -1 277 5 313 -1 314 315 302 -1 302 309 314 -1 294 316 258 -1 294 315 316 -1 96 98 169 -1 98 167 169 -1 168 167 313 -1 317 318 319 -1 317 320 318 -1 321 136 322 -1 323 83 77 -1 77 324 323 -1 325 326 327 -1 327 328 325 -1 329 68 206 -1 68 207 206 -1 74 198 197 -1 197 72 74 -1 330 331 201 -1 331 332 201 -1 76 333 334 -1 76 78 333 -1 82 159 158 -1 158 80 82 -1 84 86 251 -1 86 252 251 -1 91 335 336 -1 336 89 91 -1 92 337 338 -1 92 94 337 -1 10 339 340 -1 341 55 20 -1 342 343 344 -1 344 345 342 -1 8 346 347 -1 8 7 346 -1 348 58 349 -1 57 350 349 -1 349 58 57 -1 65 67 351 -1 67 352 351 -1 60 62 353 -1 62 354 353 -1 355 356 357 -1 355 358 356 -1 359 360 361 -1 359 362 360 -1 363 364 365 -1 364 366 365 -1 367 368 369 -1 369 370 367 -1 48 371 372 -1 371 373 372 -1 374 375 376 -1 376 377 374 -1 378 379 380 -1 378 381 379 -1 382 383 384 -1 385 386 93 -1 386 387 93 -1 388 389 390 -1 389 391 390 -1 392 393 394 -1 393 395 394 -1 396 397 398 -1 397 399 398 -1 400 401 402 -1 400 403 401 -1 404 405 406 -1 405 407 406 -1 408 409 410 -1 409 411 410 -1 412 413 414 -1 415 416 417 -1 418 419 420 -1 421 422 423 -1 424 425 426 -1 427 428 429 -1 430 431 432 -1 430 433 431 -1 434 435 436 -1 436 437 434 -1 438 439 440 -1 440 441 438 -1 442 443 444 -1 444 445 442 -1 446 447 428 -1 428 427 446 -1 448 449 450 -1 451 452 422 -1 422 421 451 -1 416 415 453 -1 453 454 416 -1 455 424 456 -1 455 457 424 -1 458 442 459 -1 458 450 442 -1 460 459 461 -1 459 445 461 -1 462 463 464 -1 463 430 464 -1 465 466 467 -1 468 469 470 -1 469 446 470 -1 439 471 472 -1 472 440 439 -1 467 473 465 -1 467 474 473 -1 475 429 476 -1 475 427 429 -1 477 478 479 -1 477 480 478 -1 481 482 483 -1 482 484 480 -1 482 485 484 -1 486 487 488 -1 486 489 487 -1 490 491 492 -1 490 493 491 -1 494 495 496 -1 437 450 458 -1 497 412 498 -1 499 406 407 -1 499 500 406 -1 449 501 502 -1 449 503 501 -1 504 505 506 -1 504 507 505 -1 398 399 508 -1 399 509 508 -1 510 511 512 -1 511 513 512 -1 514 515 516 -1 515 517 516 -1 518 519 520 -1 518 521 519 -1 522 523 524 -1 522 525 523 -1 526 527 528 -1 527 529 528 -1 530 527 531 -1 531 532 530 -1 533 467 466 -1 466 534 533 -1 534 535 533 -1 534 536 535 -1 537 538 539 -1 537 540 538 -1 541 356 542 -1 541 536 356 -1 543 535 544 -1 543 545 535 -1 546 547 548 -1 549 550 551 -1 550 552 551 -1 553 554 555 -1 553 556 554 -1 557 558 559 -1 559 560 557 -1 561 562 563 -1 561 564 562 -1 565 566 567 -1 547 546 496 -1 546 494 496 -1 568 399 569 -1 568 509 399 -1 570 571 572 -1 571 573 572 -1 574 575 576 -1 530 577 578 -1 577 579 578 -1 555 580 581 -1 555 582 580 -1 583 584 585 -1 583 586 584 -1 587 588 501 -1 501 503 587 -1 553 555 589 -1 555 581 589 -1 515 514 590 -1 514 591 590 -1 511 592 593 -1 511 510 592 -1 594 432 431 -1 594 595 432 -1 539 596 597 -1 539 598 596 -1 599 600 492 -1 492 601 599 -1 342 108 602 -1 602 603 342 -1 107 604 605 -1 107 606 604 -1 456 417 416 -1 607 495 608 -1 396 609 397 -1 610 611 612 -1 610 613 611 -1 405 385 328 -1 405 386 385 -1 404 386 405 -1 404 614 386 -1 615 616 617 -1 617 618 615 -1 397 609 619 -1 619 620 397 -1 619 621 622 -1 622 620 619 -1 623 624 625 -1 623 626 624 -1 627 408 628 -1 627 409 408 -1 629 410 400 -1 629 630 410 -1 361 631 632 -1 632 366 361 -1 366 633 365 -1 366 632 633 -1 360 631 361 -1 360 634 631 -1 635 634 360 -1 635 636 634 -1 637 636 635 -1 637 638 636 -1 639 640 641 -1 639 642 640 -1 643 644 645 -1 178 646 647 -1 647 648 178 -1 649 650 651 -1 649 644 650 -1 645 652 653 -1 645 644 652 -1 652 654 523 -1 523 653 652 -1 380 655 656 -1 657 658 659 -1 658 660 659 -1 661 662 645 -1 519 662 661 -1 519 521 662 -1 663 664 665 -1 663 666 664 -1 667 500 499 -1 448 503 449 -1 448 414 503 -1 384 668 669 -1 384 383 668 -1 541 542 382 -1 670 671 672 -1 673 674 675 -1 676 537 677 -1 678 566 565 -1 679 674 673 -1 680 670 681 -1 414 498 412 -1 414 413 587 -1 587 503 414 -1 666 682 664 -1 666 683 682 -1 657 659 684 -1 685 686 687 -1 685 688 686 -1 689 541 382 -1 689 544 541 -1 690 32 31 -1 690 691 32 -1 654 691 690 -1 654 692 691 -1 644 693 650 -1 644 643 693 -1 694 651 650 -1 694 695 651 -1 696 562 695 -1 695 694 696 -1 697 562 696 -1 697 563 562 -1 646 698 699 -1 699 647 646 -1 700 48 47 -1 700 371 48 -1 701 367 702 -1 701 368 367 -1 703 704 368 -1 368 701 703 -1 705 704 703 -1 705 706 704 -1 707 706 705 -1 705 708 707 -1 63 709 580 -1 63 60 709 -1 580 710 581 -1 580 709 710 -1 581 362 589 -1 581 710 362 -1 711 363 712 -1 711 364 363 -1 712 707 708 -1 712 363 707 -1 411 403 410 -1 403 400 410 -1 713 714 715 -1 713 716 714 -1 717 718 719 -1 719 720 717 -1 721 622 621 -1 621 722 721 -1 609 393 723 -1 609 396 393 -1 723 392 724 -1 723 393 392 -1 724 389 725 -1 724 392 389 -1 387 94 93 -1 387 388 94 -1 721 722 719 -1 719 718 721 -1 441 570 572 -1 572 726 441 -1 452 727 728 -1 452 451 727 -1 557 577 558 -1 108 107 605 -1 605 602 108 -1 729 496 495 -1 729 730 496 -1 486 731 732 -1 732 489 486 -1 733 734 460 -1 733 735 734 -1 736 737 596 -1 596 598 736 -1 539 597 738 -1 738 537 539 -1 382 542 383 -1 129 638 130 -1 129 739 638 -1 682 740 741 -1 682 742 740 -1 594 743 595 -1 510 744 592 -1 744 745 592 -1 514 511 591 -1 511 593 591 -1 712 708 379 -1 708 746 379 -1 747 589 748 -1 747 553 589 -1 749 750 751 -1 749 752 750 -1 753 754 755 -1 753 756 754 -1 757 573 758 -1 757 572 573 -1 759 440 472 -1 759 760 440 -1 756 569 754 -1 756 568 569 -1 761 531 762 -1 559 561 560 -1 559 564 561 -1 763 178 648 -1 763 179 178 -1 764 765 766 -1 766 683 764 -1 656 767 768 -1 656 769 767 -1 770 769 771 -1 770 767 769 -1 772 753 771 -1 753 773 771 -1 774 549 775 -1 549 551 775 -1 199 585 200 -1 199 583 585 -1 776 777 778 -1 776 738 777 -1 596 401 779 -1 779 597 596 -1 544 536 541 -1 544 535 536 -1 539 780 598 -1 539 538 780 -1 534 466 357 -1 518 520 781 -1 520 745 781 -1 782 529 578 -1 762 531 526 -1 531 527 526 -1 762 783 761 -1 783 784 761 -1 783 785 786 -1 786 649 783 -1 787 788 692 -1 788 691 692 -1 789 590 591 -1 789 790 590 -1 514 516 513 -1 513 511 514 -1 791 792 700 -1 792 702 700 -1 791 239 793 -1 239 240 793 -1 794 795 796 -1 794 797 795 -1 798 799 504 -1 799 507 504 -1 508 798 398 -1 798 395 398 -1 444 667 490 -1 444 443 667 -1 498 436 435 -1 435 732 498 -1 486 800 801 -1 486 488 800 -1 481 802 485 -1 485 482 481 -1 488 595 743 -1 488 487 595 -1 483 482 480 -1 480 477 483 -1 457 455 803 -1 803 804 457 -1 805 469 806 -1 476 429 479 -1 807 727 808 -1 807 728 727 -1 809 810 671 -1 810 811 671 -1 471 812 472 -1 471 813 812 -1 469 805 446 -1 805 447 446 -1 465 810 466 -1 810 814 466 -1 735 462 815 -1 462 464 815 -1 734 434 437 -1 437 458 734 -1 733 460 816 -1 460 461 816 -1 445 459 442 -1 456 454 455 -1 456 416 454 -1 418 758 451 -1 451 421 418 -1 443 442 817 -1 804 431 433 -1 571 570 760 -1 808 675 807 -1 675 674 807 -1 449 442 450 -1 449 817 442 -1 437 436 448 -1 448 450 437 -1 464 430 432 -1 432 818 464 -1 570 441 440 -1 440 760 570 -1 759 675 760 -1 470 475 594 -1 405 328 407 -1 328 327 407 -1 623 779 401 -1 401 403 623 -1 714 716 551 -1 716 775 551 -1 628 585 584 -1 584 627 628 -1 717 552 819 -1 819 718 717 -1 622 755 754 -1 622 721 755 -1 393 396 395 -1 396 398 395 -1 389 392 391 -1 392 394 391 -1 94 388 337 -1 388 390 337 -1 617 609 723 -1 617 616 609 -1 412 820 821 -1 822 684 703 -1 342 603 343 -1 603 823 343 -1 670 672 824 -1 824 681 670 -1 363 365 707 -1 706 707 639 -1 707 365 639 -1 362 710 360 -1 710 635 360 -1 60 353 637 -1 637 709 60 -1 210 218 825 -1 210 826 218 -1 827 828 352 -1 352 67 827 -1 829 348 830 -1 348 349 830 -1 53 52 831 -1 52 832 831 -1 46 48 833 -1 48 372 833 -1 834 835 147 -1 147 836 834 -1 27 837 127 -1 385 93 95 -1 95 838 385 -1 91 92 335 -1 92 338 335 -1 86 89 252 -1 89 336 252 -1 71 839 207 -1 207 68 71 -1 325 840 326 -1 840 841 326 -1 842 843 844 -1 843 845 844 -1 846 847 69 -1 847 70 69 -1 10 9 12 -1 320 317 306 -1 307 848 849 -1 308 319 318 -1 850 851 852 -1 853 275 854 -1 855 856 311 -1 311 310 855 -1 294 258 257 -1 257 295 294 -1 857 169 858 -1 857 96 169 -1 302 301 256 -1 301 253 256 -1 285 854 286 -1 285 853 854 -1 316 315 314 -1 101 100 318 -1 100 308 318 -1 320 306 859 -1 306 305 859 -1 268 304 850 -1 850 266 268 -1 293 303 302 -1 302 315 293 -1 300 860 298 -1 860 857 298 -1 303 297 301 -1 297 299 301 -1 287 861 219 -1 272 862 285 -1 862 321 285 -1 858 170 282 -1 858 169 170 -1 861 287 863 -1 863 864 861 -1 322 273 275 -1 275 853 322 -1 262 865 263 -1 263 866 867 -1 867 264 263 -1 264 111 162 -1 111 114 162 -1 115 259 265 -1 115 118 259 -1 254 868 869 -1 869 870 254 -1 871 113 112 -1 294 293 315 -1 872 11 10 -1 873 326 841 -1 841 874 873 -1 314 875 844 -1 844 13 314 -1 249 876 877 -1 249 248 876 -1 878 251 250 -1 250 879 878 -1 143 142 880 -1 880 235 143 -1 515 144 517 -1 144 236 517 -1 221 220 881 -1 881 882 221 -1 883 884 885 -1 883 886 884 -1 887 888 889 -1 889 890 887 -1 227 226 891 -1 891 225 227 -1 227 892 175 -1 892 893 175 -1 894 219 861 -1 894 217 219 -1 211 123 214 -1 211 126 123 -1 28 128 825 -1 825 209 28 -1 895 26 208 -1 895 896 26 -1 897 898 899 -1 900 198 334 -1 900 195 198 -1 182 901 180 -1 182 902 901 -1 182 903 904 -1 182 181 903 -1 104 905 105 -1 905 906 105 -1 907 44 40 -1 40 908 907 -1 1 909 2 -1 171 172 878 -1 878 879 171 -1 910 284 911 -1 284 283 911 -1 312 98 166 -1 98 99 166 -1 912 913 914 -1 106 892 224 -1 224 915 106 -1 104 916 917 -1 917 905 104 -1 918 64 61 -1 61 919 918 -1 202 201 332 -1 332 920 202 -1 13 844 845 -1 845 14 13 -1 918 66 64 -1 918 152 66 -1 144 515 146 -1 515 590 146 -1 142 143 140 -1 143 145 140 -1 123 125 120 -1 120 122 123 -1 906 908 921 -1 921 922 906 -1 923 868 924 -1 923 925 868 -1 108 342 345 -1 345 110 108 -1 107 109 926 -1 926 606 107 -1 304 306 317 -1 927 928 112 -1 84 929 87 -1 930 931 323 -1 323 324 930 -1 838 328 385 -1 838 325 328 -1 932 325 838 -1 932 840 325 -1 933 842 934 -1 934 935 933 -1 87 929 936 -1 936 937 87 -1 937 82 81 -1 937 936 82 -1 938 939 940 -1 938 329 939 -1 846 330 847 -1 846 331 330 -1 630 71 70 -1 630 629 71 -1 941 828 830 -1 830 942 941 -1 942 349 943 -1 942 830 349 -1 944 828 941 -1 944 352 828 -1 945 351 352 -1 352 944 945 -1 131 351 945 -1 131 354 351 -1 130 354 131 -1 130 353 354 -1 946 947 948 -1 946 350 947 -1 36 885 39 -1 646 178 177 -1 177 949 646 -1 45 44 950 -1 950 949 45 -1 41 135 134 -1 134 43 41 -1 232 951 37 -1 37 39 232 -1 885 884 952 -1 952 39 885 -1 835 190 953 -1 954 19 955 -1 19 21 955 -1 883 885 956 -1 882 883 956 -1 882 881 883 -1 16 957 18 -1 16 958 957 -1 255 873 874 -1 9 316 13 -1 316 314 13 -1 837 959 960 -1 960 127 837 -1 28 27 128 -1 8 347 281 -1 4 313 5 -1 212 961 126 -1 305 270 859 -1 305 271 270 -1 127 212 128 -1 127 961 212 -1 962 959 837 -1 962 963 959 -1 309 255 874 -1 256 255 309 -1 882 957 958 -1 882 956 957 -1 36 956 885 -1 36 957 956 -1 18 134 17 -1 134 18 38 -1 955 964 954 -1 964 955 965 -1 953 25 966 -1 967 25 953 -1 22 967 193 -1 22 25 967 -1 968 965 955 -1 968 24 965 -1 246 964 969 -1 246 970 964 -1 971 21 20 -1 971 972 21 -1 973 147 835 -1 148 147 973 -1 224 974 975 -1 224 223 974 -1 952 34 231 -1 952 35 34 -1 232 952 231 -1 232 39 952 -1 43 951 42 -1 43 37 951 -1 177 45 949 -1 976 45 177 -1 646 950 698 -1 646 949 950 -1 51 46 52 -1 51 49 46 -1 53 55 50 -1 56 55 53 -1 151 67 66 -1 67 151 827 -1 829 149 348 -1 829 977 149 -1 827 977 829 -1 827 151 977 -1 59 348 149 -1 348 59 58 -1 330 978 847 -1 979 978 330 -1 72 846 75 -1 331 846 72 -1 74 79 76 -1 74 73 79 -1 843 980 981 -1 843 982 980 -1 842 982 843 -1 842 933 982 -1 95 91 90 -1 91 95 92 -1 166 276 312 -1 166 103 276 -1 110 7 6 -1 110 345 7 -1 983 984 985 -1 984 983 986 -1 983 987 986 -1 983 988 987 -1 989 3 990 -1 989 4 3 -1 991 99 97 -1 992 99 991 -1 868 993 869 -1 925 993 868 -1 927 260 994 -1 995 260 927 -1 296 300 297 -1 290 300 296 -1 922 105 906 -1 105 922 893 -1 908 42 921 -1 908 40 42 -1 996 944 997 -1 996 945 944 -1 998 942 999 -1 998 941 942 -1 1000 946 1001 -1 1000 943 946 -1 0 1000 1 -1 0 999 1000 -1 993 910 1002 -1 993 284 910 -1 282 923 858 -1 282 925 923 -1 161 262 162 -1 912 262 161 -1 1003 213 1004 -1 1005 213 1003 -1 120 839 121 -1 120 207 839 -1 1006 920 1007 -1 920 1006 202 -1 919 1008 918 -1 1008 919 1009 -1 1010 996 1011 -1 1010 132 996 -1 904 186 183 -1 904 903 186 -1 177 1012 976 -1 176 1012 177 -1 905 1013 907 -1 905 917 1013 -1 104 915 916 -1 104 106 915 -1 1014 1006 155 -1 1014 1015 1006 -1 1016 826 215 -1 1016 288 826 -1 971 59 148 -1 971 54 59 -1 1017 914 1018 -1 914 1017 865 -1 180 0 2 -1 180 901 0 -1 1019 871 1020 -1 897 871 1019 -1 23 879 1021 -1 23 171 879 -1 906 907 908 -1 906 905 907 -1 915 975 1022 -1 915 224 975 -1 917 1023 1024 -1 1023 917 916 -1 173 893 922 -1 893 173 175 -1 1013 1024 1025 -1 1013 917 1024 -1 921 951 229 -1 921 42 951 -1 181 1012 903 -1 1012 181 133 -1 909 16 2 -1 909 958 16 -1 904 902 182 -1 904 1011 902 -1 1026 132 1010 -1 1026 129 132 -1 63 919 61 -1 1027 919 63 -1 998 902 997 -1 901 902 998 -1 977 147 149 -1 836 147 977 -1 1028 152 1029 -1 1028 150 152 -1 1027 1009 919 -1 1009 1027 1030 -1 1031 1008 156 -1 1008 1031 1029 -1 1028 188 834 -1 1028 1032 188 -1 1033 1031 1034 -1 1033 1032 1031 -1 155 1035 1014 -1 155 154 1035 -1 1036 1034 1037 -1 1034 1036 1033 -1 22 171 23 -1 160 171 22 -1 900 1036 195 -1 900 191 1036 -1 196 1007 920 -1 196 1037 1007 -1 333 900 334 -1 194 900 333 -1 1038 959 1039 -1 960 959 1038 -1 896 897 1019 -1 897 896 898 -1 1040 896 895 -1 1040 898 896 -1 1004 1041 1003 -1 1042 1041 1004 -1 218 209 825 -1 218 217 209 -1 894 895 208 -1 894 1043 895 -1 161 1040 1044 -1 1040 161 163 -1 1044 1045 913 -1 1044 1043 1045 -1 1046 215 216 -1 1016 215 1046 -1 1003 606 926 -1 1003 1041 606 -1 279 1046 1047 -1 1016 1046 279 -1 1048 225 891 -1 223 225 1048 -1 1049 1048 233 -1 1049 1050 1048 -1 234 226 230 -1 234 891 226 -1 1051 888 887 -1 1051 1052 888 -1 890 884 886 -1 890 889 884 -1 38 957 36 -1 38 18 957 -1 1053 886 1054 -1 886 1053 890 -1 1055 887 1056 -1 1051 887 1055 -1 1057 1053 1058 -1 1057 1056 1053 -1 1059 881 220 -1 1054 881 1059 -1 222 909 1 -1 221 909 222 -1 140 1058 1059 -1 1058 140 145 -1 590 1057 146 -1 790 1057 590 -1 948 142 139 -1 142 948 880 -1 1060 55 341 -1 1060 50 55 -1 1061 1060 242 -1 1060 1061 238 -1 241 1062 1063 -1 241 1061 1062 -1 1064 244 970 -1 244 1064 245 -1 1065 1062 1066 -1 1062 1065 1063 -1 1067 1065 1068 -1 1067 1069 1065 -1 877 1064 249 -1 877 1066 1064 -1 244 19 954 -1 243 19 244 -1 1021 250 969 -1 1021 879 250 -1 1070 877 876 -1 877 1070 1068 -1 338 1071 1070 -1 1071 338 337 -1 335 248 336 -1 876 248 335 -1 963 1039 959 -1 963 1072 1039 -1 874 1073 309 -1 874 841 1073 -1 1074 326 873 -1 1074 327 326 -1 340 872 10 -1 340 1075 872 -1 258 9 11 -1 9 258 316 -1 1076 873 870 -1 873 1076 1074 -1 112 1020 871 -1 1020 112 928 -1 1075 117 872 -1 1075 994 117 -1 868 253 924 -1 254 253 868 -1 1077 870 869 -1 1076 870 1077 -1 115 1078 1079 -1 265 1078 115 -1 867 111 264 -1 867 995 111 -1 1080 867 866 -1 867 1080 261 -1 310 1081 992 -1 1081 269 266 -1 310 269 1081 -1 913 1018 914 -1 913 1045 1018 -1 866 865 1017 -1 263 865 866 -1 1080 273 138 -1 1080 274 273 -1 864 275 274 -1 864 863 275 -1 863 278 280 -1 863 287 278 -1 1047 6 8 -1 6 1047 1082 -1 347 990 3 -1 347 346 990 -1 988 343 987 -1 344 343 988 -1 97 289 991 -1 860 289 97 -1 168 283 170 -1 985 283 168 -1 136 862 311 -1 862 136 321 -1 992 855 310 -1 992 991 855 -1 97 857 860 -1 97 96 857 -1 266 852 1081 -1 266 850 852 -1 318 859 101 -1 859 318 320 -1 253 299 924 -1 301 299 253 -1 923 857 858 -1 298 857 923 -1 292 257 1079 -1 292 295 257 -1 1078 855 291 -1 855 1078 856 -1 853 321 322 -1 853 285 321 -1 850 317 851 -1 850 304 317 -1 308 849 319 -1 308 307 849 -1 852 849 848 -1 852 851 849 -1 339 837 27 -1 339 962 837 -1 73 1083 79 -1 940 1083 73 -1 846 938 75 -1 69 938 846 -1 847 630 70 -1 630 847 978 -1 982 81 980 -1 937 81 982 -1 204 939 205 -1 1084 939 204 -1 1039 930 1038 -1 931 930 1039 -1 981 845 843 -1 981 1072 845 -1 875 842 844 -1 934 842 875 -1 841 1085 1073 -1 840 1085 841 -1 71 1086 839 -1 71 629 1086 -1 172 929 878 -1 936 929 172 -1 85 933 935 -1 933 85 87 -1 838 90 932 -1 838 95 90 -1 52 833 832 -1 52 46 833 -1 53 947 56 -1 53 831 947 -1 828 829 830 -1 827 829 828 -1 128 210 825 -1 212 210 128 -1 288 218 826 -1 288 219 218 -1 677 668 383 -1 776 668 677 -1 637 710 709 -1 710 637 635 -1 704 639 641 -1 704 706 639 -1 823 681 824 -1 603 681 823 -1 725 1087 724 -1 614 1087 725 -1 617 724 1087 -1 617 723 724 -1 620 754 569 -1 620 622 754 -1 819 721 718 -1 721 819 755 -1 979 585 628 -1 979 200 585 -1 716 584 775 -1 716 627 584 -1 717 551 552 -1 717 714 551 -1 623 777 779 -1 623 625 777 -1 618 1088 502 -1 618 1089 1088 -1 501 1090 615 -1 1090 501 588 -1 612 1091 1092 -1 612 1093 1091 -1 610 778 1094 -1 610 1095 778 -1 619 616 1096 -1 619 609 616 -1 722 1097 611 -1 1097 722 621 -1 613 720 719 -1 613 1098 720 -1 713 624 626 -1 624 713 715 -1 1099 412 821 -1 412 1099 413 -1 426 423 417 -1 426 419 423 -1 447 674 428 -1 674 447 807 -1 1100 464 818 -1 815 464 1100 -1 816 600 599 -1 816 461 600 -1 675 571 760 -1 571 675 808 -1 804 468 431 -1 804 803 468 -1 758 420 757 -1 758 418 420 -1 757 425 1101 -1 420 425 757 -1 1102 816 438 -1 1102 733 816 -1 434 735 815 -1 734 735 434 -1 1103 675 759 -1 675 1103 673 -1 758 727 451 -1 758 573 727 -1 984 812 911 -1 984 1104 812 -1 757 1105 572 -1 757 1101 1105 -1 1106 824 1107 -1 824 1106 823 -1 671 679 672 -1 671 674 679 -1 805 807 447 -1 805 728 807 -1 605 680 602 -1 605 1108 680 -1 809 670 1109 -1 809 671 670 -1 811 429 428 -1 811 473 429 -1 803 469 468 -1 469 803 806 -1 475 743 594 -1 743 475 476 -1 1110 474 467 -1 474 1110 1111 -1 432 487 818 -1 595 487 432 -1 743 800 488 -1 800 743 478 -1 485 730 729 -1 485 802 730 -1 1112 800 484 -1 801 800 1112 -1 735 1102 462 -1 733 1102 735 -1 458 460 734 -1 458 459 460 -1 732 497 498 -1 497 732 731 -1 1113 608 1114 -1 608 1113 607 -1 493 667 499 -1 490 667 493 -1 1114 1115 820 -1 608 1115 1114 -1 817 502 1088 -1 817 449 502 -1 394 798 504 -1 798 394 395 -1 506 390 391 -1 506 1116 390 -1 1116 1067 1071 -1 1117 1067 1116 -1 798 1118 799 -1 508 1118 798 -1 1119 507 799 -1 1119 1120 507 -1 1121 1117 505 -1 1122 1117 1121 -1 1122 1123 1069 -1 1124 1123 1122 -1 797 1121 1120 -1 797 1125 1121 -1 1126 660 1127 -1 1126 659 660 -1 1128 797 794 -1 1128 1125 797 -1 793 1123 1124 -1 240 1123 793 -1 791 1128 792 -1 1128 791 793 -1 700 239 791 -1 239 700 47 -1 792 701 702 -1 792 1129 701 -1 745 1130 781 -1 745 744 1130 -1 591 377 789 -1 377 591 593 -1 592 520 374 -1 520 592 745 -1 663 518 567 -1 663 521 518 -1 1131 790 789 -1 1055 790 1131 -1 525 1131 376 -1 525 522 1131 -1 661 375 519 -1 661 1132 375 -1 645 1132 661 -1 1132 645 653 -1 1049 691 788 -1 1049 32 691 -1 785 692 786 -1 785 787 692 -1 649 784 783 -1 784 649 651 -1 762 785 783 -1 526 785 762 -1 528 788 787 -1 1133 788 528 -1 782 1050 1133 -1 782 974 1050 -1 1130 565 781 -1 565 1130 1134 -1 809 814 810 -1 814 809 1135 -1 605 1136 1108 -1 605 604 1136 -1 1136 1137 1138 -1 1137 1136 1139 -1 1140 467 533 -1 1140 1110 467 -1 574 1141 1142 -1 574 576 1141 -1 545 1141 1140 -1 545 1143 1141 -1 358 1144 540 -1 1144 358 355 -1 1139 538 1137 -1 1139 780 538 -1 736 1042 1145 -1 736 1146 1042 -1 737 1086 402 -1 737 1147 1086 -1 597 777 738 -1 597 779 777 -1 776 1095 668 -1 776 778 1095 -1 544 1148 543 -1 1148 544 689 -1 775 586 774 -1 586 775 584 -1 773 755 819 -1 755 773 753 -1 774 1149 549 -1 1149 774 1150 -1 770 773 550 -1 771 773 770 -1 756 772 688 -1 756 753 772 -1 1151 380 1152 -1 380 1151 655 -1 1149 767 770 -1 1149 1153 767 -1 752 1150 1154 -1 752 1155 1150 -1 749 1155 752 -1 1156 1155 749 -1 1157 767 1153 -1 768 767 1157 -1 656 378 380 -1 768 378 656 -1 556 1157 1156 -1 556 1158 1157 -1 751 1030 1159 -1 1035 1030 751 -1 378 747 381 -1 378 1158 747 -1 1160 1161 678 -1 1161 1160 1162 -1 1163 1164 1165 -1 1164 1163 1166 -1 583 1015 1167 -1 199 1015 583 -1 765 1161 1165 -1 765 764 1161 -1 1168 1026 185 -1 1026 1168 1169 -1 765 1170 766 -1 765 1171 1170 -1 683 566 764 -1 666 566 683 -1 742 683 766 -1 742 682 683 -1 184 763 1172 -1 184 179 763 -1 1173 742 1174 -1 742 1173 740 -1 698 1175 699 -1 1025 1175 698 -1 1176 784 1177 -1 761 784 1176 -1 1022 1178 1023 -1 1178 1022 579 -1 532 577 530 -1 532 558 577 -1 689 1115 1148 -1 1115 689 820 -1 1111 479 474 -1 1111 477 479 -1 813 911 812 -1 813 910 911 -1 730 547 496 -1 730 1179 547 -1 822 794 796 -1 822 1129 794 -1 684 705 703 -1 705 684 1180 -1 529 530 578 -1 527 530 529 -1 560 1178 557 -1 560 1181 1178 -1 561 699 1175 -1 561 563 699 -1 1170 763 1174 -1 1170 1172 763 -1 1164 1168 1171 -1 1164 1169 1168 -1 1159 749 751 -1 554 749 1159 -1 1154 750 752 -1 1154 1167 750 -1 1146 598 780 -1 598 1146 736 -1 604 1139 1136 -1 1139 604 1182 -1 813 601 1183 -1 601 813 471 -1 381 748 711 -1 381 747 748 -1 1152 1127 1151 -1 1127 1152 1126 -1 587 1091 588 -1 587 1184 1091 -1 642 744 640 -1 1130 744 642 -1 633 1160 1134 -1 1160 633 632 -1 631 1163 1162 -1 1163 631 634 -1 739 636 638 -1 739 1166 636 -1 820 382 821 -1 820 689 382 -1 537 776 677 -1 537 738 776 -1 1145 737 736 -1 1145 1147 737 -1 1177 559 1176 -1 564 559 1177 -1 548 1179 1143 -1 1179 548 547 -1 1100 732 435 -1 489 732 1100 -1 486 1113 731 -1 486 801 1113 -1 495 1112 729 -1 1112 495 607 -1 1002 491 1077 -1 1002 1183 491 -1 428 671 811 -1 428 674 671 -1 1185 1107 1103 -1 1185 1106 1107 -1 1103 1104 1185 -1 759 1104 1103 -1 453 728 805 -1 453 452 728 -1 483 574 481 -1 574 483 575 -1 1087 404 1089 -1 1087 614 404 -1 617 1089 618 -1 617 1087 1089 -1 1097 612 611 -1 612 1097 1093 -1 1094 613 610 -1 1094 1098 613 -1 624 1094 625 -1 624 1098 1094 -1 411 623 403 -1 411 626 623 -1 638 353 130 -1 353 638 637 -1 639 633 642 -1 365 633 639 -1 512 641 640 -1 641 512 369 -1 369 513 370 -1 369 512 513 -1 516 370 513 -1 370 516 373 -1 517 373 516 -1 373 517 372 -1 647 563 697 -1 563 647 699 -1 697 740 1173 -1 697 696 740 -1 741 696 694 -1 740 696 741 -1 694 693 741 -1 694 650 693 -1 654 524 523 -1 654 690 524 -1 1052 690 31 -1 524 690 1052 -1 1136 1109 1108 -1 1136 1138 1109 -1 1126 746 1180 -1 746 1126 1152 -1 684 796 657 -1 684 822 796 -1 1186 687 1187 -1 685 687 1186 -1 1151 687 686 -1 1151 1127 687 -1 658 1119 1188 -1 658 795 1119 -1 769 772 771 -1 772 769 1189 -1 1189 656 655 -1 1189 769 656 -1 1187 1118 1186 -1 1188 1118 1187 -1 1184 413 1099 -1 413 1184 587 -1 806 455 454 -1 455 806 803 -1 805 454 453 -1 454 805 806 -1 676 383 542 -1 383 676 677 -1 669 1099 384 -1 1099 669 1184 -1 667 817 500 -1 667 443 817 -1 665 521 663 -1 521 665 662 -1 662 643 645 -1 665 643 662 -1 741 664 682 -1 741 693 664 -1 1188 660 658 -1 1188 1187 660 -1 686 655 1151 -1 686 1189 655 -1 1189 688 772 -1 688 1189 686 -1 1187 1127 660 -1 687 1127 1187 -1 1188 799 1118 -1 799 1188 1119 -1 659 1180 684 -1 1126 1180 659 -1 379 1152 380 -1 379 746 1152 -1 974 578 975 -1 782 578 974 -1 692 652 786 -1 652 692 654 -1 652 649 786 -1 644 649 652 -1 697 648 647 -1 697 1173 648 -1 371 702 367 -1 702 371 700 -1 362 748 589 -1 362 359 748 -1 711 359 364 -1 748 359 711 -1 978 628 408 -1 978 979 628 -1 409 716 713 -1 409 627 716 -1 720 714 717 -1 715 714 720 -1 1097 1090 1093 -1 1096 1090 1097 -1 1096 615 1090 -1 616 615 1096 -1 389 387 725 -1 389 388 387 -1 808 573 571 -1 727 573 808 -1 681 602 680 -1 603 602 681 -1 984 1185 1104 -1 984 986 1185 -1 987 1185 986 -1 1185 987 1106 -1 679 1103 1107 -1 673 1103 679 -1 572 463 726 -1 572 1105 463 -1 1183 492 491 -1 1183 601 492 -1 801 607 1113 -1 801 1112 607 -1 558 1176 559 -1 558 532 1176 -1 695 564 1177 -1 564 695 562 -1 634 1166 1163 -1 1166 634 636 -1 632 1162 1160 -1 1162 632 631 -1 642 1134 1130 -1 1134 642 633 -1 1134 678 565 -1 678 1134 1160 -1 910 1183 1002 -1 1183 910 813 -1 599 471 439 -1 601 471 599 -1 481 1142 802 -1 481 574 1142 -1 780 1182 1146 -1 780 1139 1182 -1 402 596 737 -1 596 402 401 -1 586 1167 1154 -1 586 583 1167 -1 554 582 555 -1 554 1159 582 -1 1166 1169 1164 -1 1169 1166 739 -1 1172 1171 1168 -1 1170 1171 1172 -1 1174 648 1173 -1 1174 763 648 -1 1175 560 561 -1 560 1175 1181 -1 579 557 1178 -1 577 557 579 -1 1167 1014 750 -1 1015 1014 1167 -1 355 1135 1144 -1 814 1135 355 -1 708 1180 746 -1 1180 708 705 -1 1179 802 1142 -1 1179 730 802 -1 575 477 1111 -1 575 483 477 -1 678 764 566 -1 1161 764 678 -1 494 1148 1115 -1 494 546 1148 -1 509 685 1186 -1 568 685 509 -1 975 579 1022 -1 579 975 578 -1 1023 1181 1024 -1 1023 1178 1181 -1 532 761 1176 -1 532 531 761 -1 1024 1175 1025 -1 1181 1175 1024 -1 651 1177 784 -1 1177 651 695 -1 1174 766 1170 -1 1174 742 766 -1 666 567 566 -1 663 567 666 -1 1168 184 1172 -1 1168 185 184 -1 1165 1171 765 -1 1164 1171 1165 -1 739 1026 1169 -1 1026 739 129 -1 582 63 580 -1 582 1027 63 -1 1165 1162 1163 -1 1165 1161 1162 -1 379 711 712 -1 379 381 711 -1 553 1158 556 -1 747 1158 553 -1 1159 1027 582 -1 1159 1030 1027 -1 554 1156 749 -1 554 556 1156 -1 768 1158 378 -1 1157 1158 768 -1 1156 1153 1155 -1 1157 1153 1156 -1 1035 750 1014 -1 751 750 1035 -1 1155 1149 1150 -1 1155 1153 1149 -1 568 688 685 -1 568 756 688 -1 1149 550 549 -1 770 550 1149 -1 1154 774 586 -1 1150 774 1154 -1 550 819 552 -1 550 773 819 -1 669 1095 1092 -1 669 668 1095 -1 546 543 1148 -1 546 548 543 -1 543 1143 545 -1 548 1143 543 -1 540 676 358 -1 676 540 537 -1 1041 1146 1182 -1 1041 1042 1146 -1 1137 540 1144 -1 1137 538 540 -1 536 357 356 -1 357 536 534 -1 545 533 535 -1 533 545 1140 -1 1143 1142 1141 -1 1143 1179 1142 -1 1110 1141 576 -1 1141 1110 1140 -1 1144 1138 1137 -1 1144 1135 1138 -1 606 1182 604 -1 1041 1182 606 -1 1138 809 1109 -1 1138 1135 809 -1 529 1133 528 -1 529 782 1133 -1 1133 1049 788 -1 1050 1049 1133 -1 526 787 785 -1 528 787 526 -1 524 1051 522 -1 1051 524 1052 -1 653 525 1132 -1 525 653 523 -1 665 693 643 -1 693 665 664 -1 1132 376 375 -1 1132 525 376 -1 522 1055 1131 -1 522 1051 1055 -1 376 789 377 -1 1131 789 376 -1 519 374 520 -1 519 375 374 -1 567 781 565 -1 567 518 781 -1 377 592 374 -1 377 593 592 -1 510 640 744 -1 510 512 640 -1 703 1129 822 -1 1129 703 701 -1 1129 1128 794 -1 1129 792 1128 -1 1125 793 1124 -1 793 1125 1128 -1 795 1120 1119 -1 795 797 1120 -1 1125 1122 1121 -1 1125 1124 1122 -1 1122 1067 1117 -1 1069 1067 1122 -1 1120 505 507 -1 505 1120 1121 -1 657 795 658 -1 657 796 795 -1 508 1186 1118 -1 509 1186 508 -1 505 1116 506 -1 505 1117 1116 -1 1071 390 1116 -1 1071 337 390 -1 504 391 394 -1 504 506 391 -1 1092 1184 669 -1 1184 1092 1091 -1 1088 500 817 -1 500 1088 406 -1 407 1074 499 -1 1074 407 327 -1 497 820 412 -1 1114 820 497 -1 414 436 498 -1 414 448 436 -1 499 1076 493 -1 499 1074 1076 -1 1115 495 494 -1 1115 608 495 -1 731 1114 497 -1 1114 731 1113 -1 444 492 600 -1 444 490 492 -1 493 1077 491 -1 493 1076 1077 -1 818 489 1100 -1 818 487 489 -1 729 484 485 -1 1112 484 729 -1 484 478 480 -1 484 800 478 -1 1101 433 1105 -1 804 1101 457 -1 804 433 1101 -1 1111 576 575 -1 1110 576 1111 -1 476 478 743 -1 479 478 476 -1 429 474 479 -1 474 429 473 -1 810 473 811 -1 465 473 810 -1 680 1109 670 -1 680 1108 1109 -1 1107 672 679 -1 672 1107 824 -1 343 1106 987 -1 343 823 1106 -1 462 726 463 -1 462 1102 726 -1 812 759 472 -1 812 1104 759 -1 468 594 431 -1 468 470 594 -1 430 1105 433 -1 463 1105 430 -1 438 726 1102 -1 726 438 441 -1 425 457 1101 -1 457 425 424 -1 453 422 452 -1 453 415 422 -1 461 444 600 -1 461 445 444 -1 438 599 439 -1 438 816 599 -1 435 815 1100 -1 434 815 435 -1 470 427 475 -1 427 470 446 -1 417 424 426 -1 456 424 417 -1 419 421 423 -1 418 421 419 -1 419 425 420 -1 426 425 419 -1 417 422 415 -1 417 423 422 -1 384 821 382 -1 821 384 1099 -1 1098 715 720 -1 1098 624 715 -1 626 409 713 -1 626 411 409 -1 630 408 410 -1 630 978 408 -1 719 611 613 -1 611 719 722 -1 621 1096 1097 -1 621 619 1096 -1 625 778 777 -1 625 1094 778 -1 610 1092 1095 -1 610 612 1092 -1 588 1093 1090 -1 1093 588 1091 -1 615 502 501 -1 615 618 502 -1 1089 406 1088 -1 1089 404 406 -1 1086 400 402 -1 629 400 1086 -1 397 569 399 -1 397 620 569 -1 725 386 614 -1 386 725 387 -1 373 367 370 -1 371 367 373 -1 641 368 704 -1 368 641 369 -1 364 361 366 -1 364 359 361 -1 358 542 356 -1 358 676 542 -1 357 814 355 -1 814 357 466 -1 960 961 127 -1 960 203 961 -1 65 354 62 -1 65 351 354 -1 350 56 947 -1 57 56 350 -1 1058 1054 1059 -1 1054 1058 1053 -1 7 344 346 -1 7 345 344 -1 1190 90 88 -1 1190 932 90 -1 88 935 1190 -1 935 88 85 -1 929 251 878 -1 929 84 251 -1 159 936 172 -1 82 936 159 -1 80 333 78 -1 80 158 333 -1 201 979 330 -1 979 201 200 -1 332 72 197 -1 331 72 332 -1 198 76 334 -1 74 76 198 -1 205 329 206 -1 939 329 205 -1 1073 934 875 -1 1085 934 1073 -1 1072 931 1039 -1 981 931 1072 -1 204 930 1084 -1 930 204 1038 -1 933 937 982 -1 87 937 933 -1 980 83 323 -1 980 81 83 -1 79 324 77 -1 1083 324 79 -1 940 75 938 -1 940 73 75 -1 10 962 339 -1 10 12 962 -1 319 851 317 -1 851 319 849 -1 5 286 854 -1 5 277 286 -1 291 1079 1078 -1 291 292 1079 -1 924 298 923 -1 299 298 924 -1 312 313 167 -1 312 276 313 -1 862 269 311 -1 267 269 862 -1 848 165 164 -1 165 848 307 -1 852 164 1081 -1 852 848 164 -1 290 295 292 -1 290 296 295 -1 991 291 855 -1 991 289 291 -1 313 989 168 -1 313 4 989 -1 103 165 100 -1 166 165 103 -1 283 984 911 -1 984 283 985 -1 992 164 99 -1 1081 164 992 -1 346 988 990 -1 346 344 988 -1 3 281 347 -1 5 281 3 -1 277 270 286 -1 102 270 277 -1 6 109 110 -1 109 6 1082 -1 8 279 1047 -1 281 279 8 -1 275 280 854 -1 280 275 863 -1 272 267 862 -1 272 271 267 -1 138 322 136 -1 138 273 322 -1 1080 1017 274 -1 866 1017 1080 -1 864 1045 861 -1 864 1018 1045 -1 265 856 1078 -1 265 137 856 -1 261 138 259 -1 261 1080 138 -1 261 995 867 -1 261 260 995 -1 860 290 289 -1 860 300 290 -1 297 293 296 -1 303 293 297 -1 872 116 11 -1 872 117 116 -1 928 994 1075 -1 928 927 994 -1 255 870 873 -1 255 254 870 -1 1020 1075 340 -1 1020 928 1075 -1 875 309 1073 -1 314 309 875 -1 247 336 248 -1 247 252 336 -1 338 876 335 -1 1070 876 338 -1 1067 1070 1071 -1 1067 1068 1070 -1 969 247 246 -1 969 250 247 -1 249 970 246 -1 1064 970 249 -1 1068 1066 877 -1 1068 1065 1066 -1 1123 1065 1069 -1 1123 1063 1065 -1 1066 245 1064 -1 245 1066 1062 -1 955 972 968 -1 21 972 955 -1 245 1061 242 -1 1062 1061 245 -1 1123 241 1063 -1 1123 240 241 -1 1061 237 238 -1 1061 241 237 -1 239 49 237 -1 239 47 49 -1 50 238 51 -1 1060 238 50 -1 1001 141 222 -1 141 1001 139 -1 1058 146 1057 -1 1058 145 146 -1 220 140 1059 -1 220 141 140 -1 221 958 909 -1 882 958 221 -1 790 1056 1057 -1 790 1055 1056 -1 1056 890 1053 -1 890 1056 887 -1 1054 883 881 -1 886 883 1054 -1 30 1049 233 -1 1049 30 32 -1 34 230 231 -1 234 230 34 -1 229 232 228 -1 229 951 232 -1 230 174 228 -1 230 226 174 -1 233 891 234 -1 233 1048 891 -1 1050 223 1048 -1 974 223 1050 -1 1 1001 222 -1 1 1000 1001 -1 288 279 278 -1 288 1016 279 -1 1191 109 1082 -1 109 1191 926 -1 216 1191 1046 -1 216 1005 1191 -1 861 1043 894 -1 1045 1043 861 -1 1044 912 161 -1 912 1044 913 -1 1044 895 1043 -1 895 1044 1040 -1 217 208 209 -1 217 894 208 -1 215 210 211 -1 215 826 210 -1 214 1005 216 -1 213 1005 214 -1 1042 119 1145 -1 119 1042 1004 -1 1086 121 839 -1 1147 121 1086 -1 205 125 124 -1 125 205 206 -1 1038 203 960 -1 203 1038 204 -1 1019 26 896 -1 1019 29 26 -1 920 197 196 -1 920 332 197 -1 158 194 333 -1 158 157 194 -1 1036 196 195 -1 1036 1037 196 -1 194 191 900 -1 194 192 191 -1 193 160 22 -1 160 193 157 -1 835 966 973 -1 835 953 966 -1 189 1036 191 -1 1033 1036 189 -1 1037 153 1007 -1 153 1037 1034 -1 1034 156 153 -1 1034 1031 156 -1 189 1032 1033 -1 189 188 1032 -1 834 190 835 -1 834 188 190 -1 1032 1029 1031 -1 1029 1032 1028 -1 1030 154 1009 -1 1030 1035 154 -1 1029 918 1008 -1 1029 152 918 -1 150 834 836 -1 834 150 1028 -1 901 999 0 -1 901 998 999 -1 1011 997 902 -1 1011 996 997 -1 1015 202 1006 -1 1015 199 202 -1 1026 183 185 -1 1026 1010 183 -1 2 15 180 -1 2 16 15 -1 15 133 181 -1 17 133 15 -1 176 184 186 -1 179 184 176 -1 133 976 1012 -1 133 135 976 -1 1013 698 950 -1 1013 1025 698 -1 229 922 921 -1 229 173 922 -1 916 1022 1023 -1 916 915 1022 -1 106 893 892 -1 893 106 105 -1 1020 29 1019 -1 1020 340 29 -1 897 113 871 -1 897 899 113 -1 274 1018 864 -1 1017 1018 274 -1 899 114 113 -1 114 899 163 -1 242 341 243 -1 1060 341 242 -1 54 20 55 -1 54 971 20 -1 892 225 224 -1 892 227 225 -1 950 907 1013 -1 907 950 44 -1 176 903 1012 -1 903 176 186 -1 183 1011 904 -1 1011 183 1010 -1 156 1009 154 -1 156 1008 1009 -1 155 1007 153 -1 1007 155 1006 -1 122 1004 213 -1 122 119 1004 -1 1005 926 1191 -1 1005 1003 926 -1 925 284 993 -1 925 282 284 -1 151 836 977 -1 150 836 151 -1 968 973 966 -1 968 972 973 -1 137 311 856 -1 137 136 311 -1 1072 14 845 -1 963 14 1072 -1 139 946 948 -1 139 1001 946 -1 999 943 1000 -1 999 942 943 -1 997 941 998 -1 997 944 941 -1 945 132 131 -1 996 132 945 -1 27 340 339 -1 29 340 27 -1 203 126 961 -1 126 203 124 -1 121 1145 119 -1 1145 121 1147 -1 163 898 1040 -1 163 899 898 -1 116 1079 257 -1 116 115 1079 -1 994 118 117 -1 260 118 994 -1 995 112 111 -1 995 927 112 -1 869 1002 1077 -1 993 1002 869 -1 281 854 280 -1 5 854 281 -1 990 983 989 -1 983 990 988 -1 985 989 983 -1 985 168 989 -1 102 859 270 -1 859 102 101 -1 912 865 262 -1 912 914 865 -1 840 1190 1085 -1 1190 840 932 -1 1085 935 934 -1 935 1085 1190 -1 931 980 323 -1 931 981 980 -1 324 1084 930 -1 1083 1084 324 -1 1084 940 939 -1 940 1084 1083 -1 329 69 68 -1 69 329 938 -1 943 350 946 -1 943 349 350 -1 947 880 948 -1 947 831 880 -1 235 831 832 -1 880 831 235 -1 832 236 235 -1 832 833 236 -1 833 517 236 -1 833 372 517 -1 135 45 976 -1 45 135 41 -1 38 43 134 -1 43 38 37 -1 889 952 884 -1 952 889 35 -1 888 35 889 -1 35 888 33 -1 33 1052 31 -1 33 888 1052 -1 1047 1191 1082 -1 1191 1047 1046 -1 148 972 971 -1 148 973 972 -1 243 20 19 -1 341 20 243 -1 24 1021 965 -1 24 23 1021 -1 24 966 25 -1 968 966 24 -1 970 954 964 -1 244 954 970 -1 193 187 192 -1 193 967 187 -1 190 967 953 -1 187 967 190 -1 969 965 1021 -1 969 964 965 -1 12 963 962 -1 12 14 963 -1 268 271 305 -1 268 267 271 -1' creaseAngle='1.571'>
            <Coordinate DEF='coccyx_Coord' point='-0.2892 30.2994 -2.84 -0.3138 30.2225 -2.8621 -0.3033 30.2688 -2.7975 -0.3206 31.2142 -3.5136 -0.3198 31.1929 -3.569 -0.4143 31.1979 -3.5418 -0.1867 31.2708 -3.3461 -0.1892 31.2329 -3.3818 -0.3077 31.2396 -3.3725 -0.5086 30.7705 -3.3792 -0.6819 30.8791 -3.4376 -0.5843 30.8482 -3.456 -0.5436 30.7848 -3.362 -0.49 30.6907 -3.3528 -0.5246 30.7159 -3.3133 -0.2645 30.2622 -2.7447 -0.2816 30.2259 -2.7571 -0.2403 30.2376 -2.6505 -0.2477 30.1956 -2.667 -0.2914 30.2304 -3.0361 -0.2703 30.1924 -2.976 -0.3085 30.2511 -3.0167 -0.4664 30.5091 -3.0694 -0.4576 30.4628 -3.1066 -0.4107 30.4206 -3.0769 -0.4245 30.4603 -3.0377 -0.799 31.0704 -3.402 -0.694 30.9703 -3.3297 -0.6883 31.0116 -3.3198 -0.822 31.0158 -3.4089 -0.0616 30.0932 -2.6125 0 30.1194 -2.6204 0 30.0957 -2.6157 -0.0618 30.1116 -2.6213 -0.1383 30.0954 -2.6177 -0.1384 30.1149 -2.6216 -0.2266 30.1368 -2.6301 -0.2105 30.1733 -2.5971 -0.227 30.1819 -2.6087 -0.193 30.133 -2.6128 -0.1963 30.233 -2.5601 -0.2022 30.2281 -2.5755 -0.2109 30.2028 -2.5719 -0.2102 30.1953 -2.5893 -0.1621 30.2643 -2.5508 -0.1657 30.2573 -2.5688 -0.0919 30.2147 -2.9656 0 30.2131 -2.9835 0 30.2158 -2.9695 -0.0859 30.2179 -2.9781 -0.1948 30.1971 -2.9704 -0.1452 30.2078 -2.9782 -0.1529 30.2049 -2.9681 -0.2006 30.1984 -2.9541 -0.2522 30.219 -2.9352 -0.2241 30.1971 -2.9582 -0.2248 30.2007 -2.9453 -0.2454 30.2242 -2.927 -0.2534 30.2777 -2.9044 -0.2597 30.2689 -2.9099 0 30.4331 -2.8792 -0.0865 30.4334 -2.8836 -0.0868 30.4195 -2.8834 0 30.4475 -2.8833 -0.1602 30.4228 -2.8781 -0.1597 30.4115 -2.8822 -0.2038 30.3999 -2.8761 -0.2041 30.3875 -2.8762 -0.1507 30.7733 -3.0784 -0.1558 30.766 -3.0805 -0.0805 30.7717 -3.0654 -0.0779 30.7799 -3.0593 -0.2326 30.7504 -3.0624 -0.3325 30.7335 -3.1067 -0.3358 30.7286 -3.0994 -0.2357 30.7494 -3.0855 -0.3945 30.7008 -3.1247 -0.4209 30.6879 -3.149 -0.4365 30.6798 -3.1398 -0.3858 30.7112 -3.1339 -0.4721 30.6576 -3.1696 -0.4738 30.6428 -3.2039 -0.4834 30.6322 -3.1986 -0.4563 30.6619 -3.1785 -0.462 30.5877 -3.2836 -0.409 30.6048 -3.297 -0.4036 30.5855 -3.3086 -0.4558 30.6009 -3.2725 -0.3062 30.6137 -3.3024 -0.3041 30.5829 -3.3314 -0.2134 30.6231 -3.3107 -0.2156 30.5868 -3.3326 -0.1112 30.5848 -3.3297 0 30.6134 -3.3212 0 30.5879 -3.331 -0.1112 30.6125 -3.3117 -0.3303 31.0334 -3.7239 -0.3628 31.0234 -3.7784 -0.3461 31.1144 -3.7595 -0.3599 31.0987 -3.8275 -0.362 31.2346 -3.7768 -0.4067 31.2592 -3.7559 -0.4151 31.1983 -3.7087 -0.3416 31.1897 -3.7291 -0.1 30.1826 -2.3707 -0.1172 30.1539 -2.3757 -0.0936 30.1554 -2.3558 0 31.2039 -3.2739 0 31.225 -3.323 -0.0986 31.2676 -3.2767 -0.0989 31.2599 -3.3373 -1.0143 31.1442 -3.661 -1.0172 31.1025 -3.604 -1.1009 31.1436 -3.5817 -1.1055 31.1958 -3.6242 -0.5999 30.9831 -3.6376 -0.6003 30.9251 -3.5691 -0.724 30.9711 -3.6013 -0.7185 31.0268 -3.6488 -0.0752 30.8624 -3.0679 -0.1463 30.8202 -3.0661 -0.0754 30.8233 -3.0593 -0.1455 30.8629 -3.0824 -0.2313 30.8678 -3.127 -0.3379 30.8195 -3.1313 -0.2323 30.819 -3.0971 -0.3418 30.8854 -3.1582 -0.5046 30.8785 -3.2188 -0.5596 30.9361 -3.2669 0 30.429 -2.8463 0 30.442 -2.8673 -0.0878 30.4272 -2.8661 -0.0888 30.4275 -2.8417 -0.2156 30.2697 -2.637 -0.2239 30.215 -2.5972 -0.2107 30.2389 -2.5855 -0.573 31.1285 -3.7384 -0.575 31.0959 -3.7411 -0.6892 31.1651 -3.7362 -0.2544 30.1667 -2.9294 -0.2345 30.1317 -2.9276 -0.2712 30.1444 -2.9045 -0.2207 30.1543 -2.9446 -0.1674 30.1617 -2.9573 -0.0905 30.1575 -2.9675 -0.1663 30.1449 -2.9418 -0.0868 30.142 -2.9459 -0.2937 30.3248 -2.8913 -0.2935 30.2695 -2.9176 -0.2543 30.3045 -2.8995 -0.2447 30.3936 -2.8785 -0.2343 30.3779 -2.8802 -0.205 30.418 -2.8798 -0.1566 30.593 -2.9704 -0.0783 30.5505 -2.9453 -0.0795 30.6036 -2.9736 -0.1556 30.5451 -2.934 -0.4997 30.6098 -3.1002 -0.4785 30.653 -3.161 -0.4879 30.6263 -3.1906 -0.5012 30.5822 -3.135 -1.0893 31.268 -3.6154 -1.0932 31.2502 -3.6691 -1.0932 31.2134 -3.5738 -0.3632 31.1698 -3.8582 -0.3564 31.197 -3.825 -0.3377 31.1539 -3.773 -0.3164 31.116 -3.734 -0.2117 31.1444 -3.6564 -0.3098 31.0368 -3.701 -0.2278 31.0329 -3.672 -0.495 30.5556 -3.1799 -0.4909 30.6041 -3.2199 -0.1645 30.1143 -2.4882 -0.1527 30.0812 -2.5017 -0.1274 30.0762 -2.4096 -0.0836 30.3247 -2.6349 -0.0822 30.2853 -2.5807 0 30.304 -2.5804 0 30.3312 -2.6353 -0.2846 30.3071 -2.781 -0.2252 30.311 -2.7225 -0.2326 30.3556 -2.7651 -0.0918 30.4041 -2.7578 0 30.3702 -2.7085 0 30.3979 -2.7657 -0.0941 30.3679 -2.7086 -0.4026 30.5176 -2.9884 -0.3318 30.4924 -2.9413 -0.3567 30.5339 -2.9762 -0.3628 30.4611 -2.9585 -0.3993 30.5958 -2.9899 -0.4485 30.5736 -3.0146 -0.4647 30.5516 -3.0352 -0.4721 30.6298 -3.0749 -0.3416 30.688 -3.0284 -0.2421 30.7051 -3.0236 -0.2339 30.7412 -3.0487 -0.3378 30.7242 -3.0833 0 30.7288 -3.0257 0 30.7562 -3.0363 -0.0785 30.7507 -3.0395 -0.0777 30.7282 -3.0221 -0.4155 30.8129 -3.1605 -0.4032 30.7539 -3.1415 -0.3306 30.771 -3.1072 -0.2298 30.7881 -3.0872 -0.1475 30.7948 -3.0661 -0.779 31.1241 -3.4004 -0.6671 31.0703 -3.3307 -0.4743 30.9992 -3.2407 -0.3572 30.965 -3.1991 -0.438 30.9115 -3.2049 -0.16 30.9392 -3.1212 -0.2565 30.9478 -3.1562 -0.3945 31.0509 -3.2261 -0.2813 31.034 -3.1913 -0.6559 31.1299 -3.3443 -0.6296 31.1162 -3.3266 -0.6481 31.204 -3.3728 -0.2753 30.1204 -2.8518 -0.3038 30.1425 -2.8396 -0.3089 30.1566 -2.8852 -0.0446 30.078 -2.3863 -0.0425 30.1158 -2.3517 -0.0725 30.076 -2.3948 -0.1411 30.0729 -2.5077 -0.1065 30.0704 -2.4044 -0.2044 30.0844 -2.5624 -0.2106 30.1308 -2.5472 -0.1792 30.0647 -2.5671 -0.1993 30.0876 -2.6175 -0.2125 30.1162 -2.6044 -0.0624 30.0728 -2.555 -0.127 30.067 -2.5626 -0.1598 30.1763 -2.9705 -0.0906 30.1753 -2.9727 -0.0917 30.2144 -3.0143 -0.1508 30.199 -3.0133 0 30.2126 -3.0187 0 30.2484 -3.0795 -0.0997 30.2408 -3.0781 -0.2042 30.2167 -3.066 -0.2579 30.2194 -3.0532 -0.2751 30.2792 -3.1084 -0.2141 30.2855 -3.1151 -0.3329 30.3889 -3.2178 -0.386 30.4981 -3.3052 -0.2855 30.4937 -3.3293 -0.2482 30.4005 -3.2309 -0.441 30.511 -3.2668 -0.464 30.5796 -3.2824 -0.4014 30.5768 -3.3113 -0.332 30.7698 -3.4729 -0.2493 30.7547 -3.4827 -0.237 30.695 -3.424 -0.3427 30.7071 -3.4325 -0.5174 30.887 -3.5587 -0.4954 30.7961 -3.4811 -0.7101 31.0913 -3.7035 -0.807 31.0674 -3.6634 -0.7925 31.1355 -3.7039 -1.0765 31.311 -3.6996 -1.0007 31.2847 -3.7427 -1.0071 31.2107 -3.6979 -0.5973 31.0362 -3.6988 -0.4996 31.2178 -3.8368 -0.5367 31.2109 -3.7599 -0.5111 31.2569 -3.7884 -0.5171 31.1654 -3.7996 -0.483 31.2104 -3.703 -0.5238 31.2274 -3.7237 -0.5411 31.1926 -3.6914 -0.6752 31.2056 -3.6714 -0.7552 31.2499 -3.6463 -0.6511 31.21 -3.5989 -0.3322 31.1733 -3.6792 -0.4128 31.1565 -3.6464 -0.5412 31.2419 -3.3803 -0.412 31.2243 -3.3361 -0.5348 31.2262 -3.4435 -0.4158 31.2278 -3.4004 -0.2409 30.9605 -3.6407 -0.1352 31.0429 -3.664 -0.1458 30.9448 -3.6491 -0.551 31.1897 -3.6786 -0.5001 31.1644 -3.6407 -0.6439 31.2438 -3.4227 -0.5388 31.1829 -3.3236 -0.4802 30.9763 -3.7292 -0.4658 30.9188 -3.6608 -0.5152 31.0053 -3.7109 -0.516 30.9507 -3.6453 -0.4411 30.7747 -3.5002 -0.4758 30.7891 -3.4947 -0.4943 30.8825 -3.5648 -0.4594 30.8536 -3.5783 -0.3726 30.8264 -3.5759 -0.3365 30.9014 -3.6066 -0.3411 30.8447 -3.5362 -0.3779 30.8978 -3.6445 -0.344 30.7691 -3.4765 -0.3602 30.7163 -3.4411 -0.3691 30.7627 -3.4991 -0.4995 31.263 -3.7907 -0.5033 31.2682 -3.7617 -0.4886 31.2653 -3.7698 -0.3655 31.2041 -3.831 -0.3723 31.2361 -3.7864 -0.3446 30.6665 -3.3916 -0.5144 31.1468 -3.7984 -0.5386 31.1154 -3.7491 -0.335 31.1383 -3.7472 -0.3189 31.1715 -3.6494 -0.4267 30.6687 -3.3777 -0.4386 30.7383 -3.42 -0.4569 30.7383 -3.4064 -0.463 31.2673 -3.787 -0.4099 31.2623 -3.7677 -0.4086 31.2563 -3.7852 -0.4681 31.27 -3.7671 -0.5704 31.1784 -3.7093 -0.6227 31.1918 -3.6775 -0.4573 30.6751 -3.1835 -0.4189 30.7021 -3.1546 -0.1097 30.6218 -3.3332 -0.1088 30.6266 -3.3467 0 30.6138 -3.3477 0 30.6211 -3.3324 -0.232 30.7745 -3.0883 -0.079 30.7614 -3.0517 -0.1532 30.756 -3.0484 -0.1534 30.7482 -3.0343 -0.4467 30.6735 -3.1325 -0.3977 30.6957 -3.1158 -0.2153 30.5726 -3.3361 -0.3041 30.5705 -3.3372 0 30.5715 -3.3372 -0.1115 30.5692 -3.3298 -0.6893 30.909 -3.3927 -0.8241 30.9694 -3.4698 -0.2385 30.1893 -3.0042 0 31.2138 -3.3542 0 31.2092 -3.3685 -0.1015 31.2214 -3.3823 -0.1008 31.2283 -3.3696 -0.1901 31.2258 -3.3942 -0.3089 31.2382 -3.3873 -0.252 30.2863 -2.9022 -0.2542 30.2789 -2.9009 -0.2454 30.223 -2.9251 -0.1592 30.4097 -2.8795 -0.2036 30.3852 -2.875 0 30.4324 -2.8757 -0.087 30.4178 -2.8803 0.5104 31.0831 -3.2641 0.5983 31.0406 -3.2911 0.6296 31.1162 -3.3266 0.4743 30.9992 -3.2407 0.2318 30.3664 -2.8811 0.2036 30.3852 -2.875 0.2317 30.3652 -2.8789 0.2041 30.3875 -2.8762 0.252 30.2863 -2.9022 0.2406 30.3347 -2.8907 0.2542 30.2789 -2.9009 0.2407 30.3337 -2.8882 0.1529 30.2049 -2.9681 0.2006 30.1984 -2.9541 0.2002 30.1967 -2.9526 0.1542 30.1922 -2.9698 0.0919 30.2147 -2.9656 0 30.1985 -2.9698 0.0902 30.1938 -2.9714 0.2362 30.1081 -2.8697 0.2282 30.113 -2.8033 0.1579 30.1166 -2.8163 0.1652 30.1214 -2.8864 0.3056 30.4369 -2.9065 0.2937 30.3248 -2.8913 0.3312 30.3986 -2.925 0.269 30.3649 -2.884 0.694 30.9703 -3.3297 0.5046 30.8785 -3.2188 0.5415 30.8688 -3.2492 0 30.6126 -3.3201 0.1107 30.62 -3.3154 0.1112 30.6125 -3.3117 0.1112 30.5848 -3.3297 0.2156 30.5868 -3.3326 0.1115 30.5692 -3.3298 0.2153 30.5726 -3.3361 0.3041 30.5829 -3.3314 0.4036 30.5855 -3.3086 0.3041 30.5705 -3.3372 0.4014 30.5768 -3.3113 0.462 30.5877 -3.2836 0.4803 30.5937 -3.2671 0.464 30.5796 -3.2824 0.4834 30.5851 -3.2616 0.0779 30.7799 -3.0593 0.1475 30.7948 -3.0661 0.0809 30.7959 -3.0565 0.1507 30.7733 -3.0784 0.2157 30.6234 -3.338 0.1097 30.6218 -3.3332 0.2157 30.6318 -3.3527 0.1088 30.6266 -3.3467 0.0794 30.7655 -3.0627 0.1556 30.7585 -3.0752 0.0805 30.7717 -3.0654 0.1558 30.766 -3.0805 0.6819 30.8791 -3.4376 0.5436 30.7848 -3.362 0.5086 30.7705 -3.3792 0.4681 31.27 -3.7671 0.4886 31.2653 -3.7698 0.463 31.2673 -3.787 0.3655 31.2041 -3.831 0.3989 31.2135 -3.8438 0.3697 31.1834 -3.8565 0.3723 31.2361 -3.7864 0.4099 31.2623 -3.7677 0.4086 31.2563 -3.7852 0.4904 31.2257 -3.8383 0.4621 31.1859 -3.8663 0.4523 31.2216 -3.8469 0.5938 31.2095 -3.6126 0.5181 31.1994 -3.5523 0.6511 31.21 -3.5989 0.5147 31.0712 -3.7617 0.5386 31.1154 -3.7491 0.5313 31.0764 -3.7504 0.5144 31.1468 -3.7984 0.4943 30.8825 -3.5648 0.5174 30.887 -3.5587 0.4954 30.7961 -3.4811 0.4758 30.7891 -3.4947 0.3323 30.9726 -3.6611 0.3121 30.9753 -3.6528 0.3098 31.0368 -3.701 0.3303 31.0334 -3.7239 0.3602 30.7163 -3.4411 0.3427 30.7071 -3.4325 0.332 30.7698 -3.4729 0.344 30.7691 -3.4765 0.551 31.1897 -3.6786 0.5001 31.1644 -3.6407 0.4569 30.7383 -3.4064 0.4267 30.6687 -3.3777 0.4386 30.7383 -3.42 0.362 31.2346 -3.7768 0.4067 31.2592 -3.7559 0.4693 31.2692 -3.7549 0.5033 31.2682 -3.7617 0.5111 31.2569 -3.7884 0.4995 31.263 -3.7907 0.4996 31.2178 -3.8368 0.4411 30.7747 -3.5002 0.3691 30.7627 -3.4991 0.3726 30.8264 -3.5759 0.3411 30.8447 -3.5362 0.4802 30.9763 -3.7292 0.4804 31.0373 -3.7919 0.5152 31.0053 -3.7109 0.6439 31.2438 -3.4227 0.6481 31.204 -3.3728 0.7384 31.2458 -3.4776 0.5504 31.1744 -3.7153 0.5411 31.1926 -3.6914 0.5704 31.1784 -3.7093 0.2409 30.9605 -3.6407 0.2278 31.0329 -3.672 0.643 31.2254 -3.4985 0.7384 31.2543 -3.5626 0.6227 31.1918 -3.6775 0.6752 31.2056 -3.6714 0.8681 31.2777 -3.6992 0.7742 31.2063 -3.727 0.7552 31.2499 -3.6463 0.8811 31.2558 -3.7277 1.0765 31.311 -3.6996 1.0007 31.2847 -3.7427 0.9935 31.3113 -3.7247 0.8938 31.1694 -3.7114 1.0071 31.2107 -3.6979 0.7185 31.0268 -3.6488 0.5973 31.0362 -3.6988 0.7101 31.0913 -3.7035 0.5999 30.9831 -3.6376 0.2493 30.7547 -3.4827 0.1459 30.8031 -3.5475 0.2475 30.8266 -3.5393 0.1449 30.7384 -3.4801 1.0317 31.0982 -3.5491 1.0172 31.1025 -3.604 1.1009 31.1436 -3.5817 0.7161 30.9078 -3.503 0.5843 30.8482 -3.456 0.1199 30.6625 -3.4115 0.2329 30.6739 -3.3995 0.4808 30.622 -3.3152 0.4225 30.6192 -3.3328 0.49 30.6907 -3.3528 0.2855 30.4937 -3.3293 0.1902 30.4051 -3.2439 0.2091 30.5012 -3.3318 0.2482 30.4005 -3.2309 0.441 30.511 -3.2668 0.4742 30.5326 -3.2222 0.2207 30.1543 -2.9446 0.1674 30.1617 -2.9573 0.2049 30.1759 -2.955 0.1598 30.1763 -2.9705 0.0905 30.1575 -2.9675 0 30.1557 -2.97 0.0906 30.1753 -2.9727 0 30.1808 -2.9736 0.3038 30.1425 -2.8396 0.2648 30.1225 -2.791 0.2753 30.1204 -2.8518 0.2754 30.1463 -2.7784 0.069 30.1102 -2.7221 0.1431 30.1019 -2.6448 0.0622 30.0937 -2.6459 0.1482 30.1065 -2.7225 0.1411 30.0729 -2.5077 0.1065 30.0704 -2.4044 0.1005 30.0707 -2.5028 0.0725 30.076 -2.3948 0.0929 30.1091 -2.3666 0.1274 30.0762 -2.4096 0.1248 30.1172 -2.3911 0.7549 31.1851 -3.4314 0.6559 31.1299 -3.3443 0.779 31.1241 -3.4004 0.6671 31.0703 -3.3307 0.3418 30.8854 -3.1582 0.2565 30.9478 -3.1562 0.2313 30.8678 -3.127 0.3572 30.965 -3.1991 0.6883 31.0116 -3.3198 0.5596 30.9361 -3.2669 0.9087 31.1216 -3.4572 0.799 31.0704 -3.402 0.8899 31.1729 -3.4731 1.0311 31.1294 -3.5124 1.088 31.1728 -3.5507 1.0179 31.1589 -3.5142 0.3416 30.688 -3.0284 0.4267 30.6544 -3.047 0.3378 30.7242 -3.0833 0.3977 30.6957 -3.1158 0.205 30.418 -2.8798 0.1533 30.4929 -2.9007 0.1578 30.4403 -2.8788 0.2131 30.479 -2.8984 0.1 30.1826 -2.3707 0.1172 30.1539 -2.3757 0.1476 30.2014 -2.4606 0.1214 30.2298 -2.4602 0.1575 30.2544 -2.5052 0.1963 30.233 -2.5601 0.1621 30.2643 -2.5508 0.1865 30.2159 -2.5165 0.3138 30.2225 -2.8621 0.3033 30.2688 -2.7975 0.3102 30.1976 -2.8237 0.495 30.5556 -3.1799 0.4909 30.6041 -3.2199 0.3461 31.1144 -3.7595 0.335 31.1383 -3.7472 0.3599 31.0987 -3.8275 0.3377 31.1539 -3.773 1.0682 31.3291 -3.6626 0.991 31.327 -3.6784 0.984 31.3107 -3.6204 0.0936 30.1554 -2.3558 0.0425 30.1158 -2.3517 0.0452 30.1636 -2.3487 0.0865 30.4334 -2.8836 0.1602 30.4228 -2.8781 0.0787 30.4453 -2.8937 0.0777 30.7282 -3.0221 0.1534 30.7482 -3.0343 0.0785 30.7507 -3.0395 0.1554 30.7211 -3.0192 0.5246 30.7159 -3.3133 0.5056 30.6471 -3.2646 0.2038 30.3999 -2.8761 0 30.1341 -2.951 0.0868 30.142 -2.9459 0.2345 30.1317 -2.9276 0.1663 30.1449 -2.9418 0.573 31.1285 -3.7384 0.575 31.0959 -3.7411 0.1463 30.8202 -3.0661 0.2323 30.819 -3.0971 0.1455 30.8629 -3.0824 0.3149 30.9017 -3.5989 0.3291 30.8459 -3.534 0.2483 30.8899 -3.5896 0.0989 31.2599 -3.3373 0.1008 31.2283 -3.3696 0.0895 31.1527 -3.1971 0.0986 31.2676 -3.2767 0 31.1488 -3.1896 0.9096 31.0603 -3.62 0.9209 31.0318 -3.5662 0.4558 30.6009 -3.2725 0.4421 30.718 -3.1542 0.4573 30.6751 -3.1835 0.4962 30.6997 -3.1683 0.4189 30.7021 -3.1546 0.2135 30.6304 -3.3155 0.4725 30.6082 -3.2989 0.4556 30.6075 -3.2805 0.4084 30.6119 -3.3015 0.4166 30.6088 -3.3193 0.4732 30.6165 -3.2334 0.4871 30.6125 -3.2251 0.4738 30.6428 -3.2039 0.4834 30.6322 -3.1986 0.232 30.7745 -3.0883 0.3332 30.7416 -3.1129 0.3326 30.7525 -3.1066 0.2336 30.7591 -3.0914 0.1532 30.756 -3.0484 0.079 30.7614 -3.0517 0 30.7808 -3.0553 0 30.7718 -3.0562 0.2377 30.3663 -2.8732 0.2532 30.3314 -2.8822 0.2843 30.2585 -2.8979 0.2016 30.3904 -2.8715 0.1592 30.4097 -2.8795 0.1575 30.4132 -2.8708 0.087 30.4178 -2.8803 0.0878 30.4272 -2.8661 0.2454 30.223 -2.9251 0.237 30.1871 -2.9402 0.2244 30.1988 -2.9437 0.2759 30.1999 -2.9243 0.2266 30.1368 -2.6301 0.193 30.133 -2.6128 0.2183 30.1121 -2.6388 0 30.2925 -2.5742 0.0789 30.2677 -2.5742 0.0822 30.2853 -2.5807 0.2125 30.1162 -2.6044 0.2105 30.1733 -2.5971 0.2191 30.1621 -2.5829 0.1827 30.1063 -2.6231 0.2005 30.0977 -2.6453 0.1384 30.1149 -2.6216 0.3698 30.4451 -2.9718 0.3628 30.4611 -2.9585 0.2914 30.2304 -3.0361 0.3182 30.2936 -3.0876 0.3085 30.2511 -3.0167 0.3448 30.318 -3.0674 0.2365 30.108 -2.7116 0.2398 30.1313 -2.7031 0.2819 30.171 -2.7719 0.2477 30.1956 -2.667 0.2439 30.1536 -2.6908 0.2816 30.2259 -2.7571 0.237 30.695 -3.424 0.478 30.8115 -3.1896 0.5266 30.7967 -3.2069 0.3077 31.2396 -3.3725 0.4158 31.2278 -3.4004 0.3089 31.2382 -3.3873 0.3198 31.1929 -3.569 0.4143 31.1979 -3.5418 0.3189 31.1715 -3.6494 0.438 30.9115 -3.2049 0.4326 30.8876 -3.1941 0.2892 30.2994 -2.84 0.3206 31.2142 -3.5136 0.1867 31.2708 -3.3461 0.1892 31.2329 -3.3818 0.2403 30.2376 -2.6505 0.2645 30.2622 -2.7447 0.2703 30.1924 -2.976 0.4576 30.4628 -3.1066 0.4245 30.4603 -3.0377 0.4107 30.4206 -3.0769 0.4664 30.5091 -3.0694 0.822 31.0158 -3.4089 0.0618 30.1116 -2.6213 0.0616 30.0932 -2.6125 0.1383 30.0954 -2.6177 0.227 30.1819 -2.6087 0.2102 30.1953 -2.5893 0.2109 30.2028 -2.5719 0.2022 30.2281 -2.5755 0.1657 30.2573 -2.5688 0 30.3057 -2.5521 0.0831 30.2908 -2.5487 0.0859 30.2179 -2.9781 0.1948 30.1971 -2.9704 0.1452 30.2078 -2.9782 0.2241 30.1971 -2.9582 0.2248 30.2007 -2.9453 0.2522 30.219 -2.9352 0.2454 30.2242 -2.927 0.2534 30.2777 -2.9044 0.2597 30.2689 -2.9099 0.0868 30.4195 -2.8834 0.1597 30.4115 -2.8822 0.2418 30.3434 -2.8901 0.2543 30.3045 -2.8995 0.2357 30.7494 -3.0855 0.3358 30.7286 -3.0994 0.3325 30.7335 -3.1067 0.2326 30.7504 -3.0624 0.3945 30.7008 -3.1247 0.4365 30.6798 -3.1398 0.4209 30.6879 -3.149 0.3858 30.7112 -3.1339 0.4721 30.6576 -3.1696 0.4563 30.6619 -3.1785 0.409 30.6048 -3.297 0.3062 30.6137 -3.3024 0.2134 30.6231 -3.3107 0.3628 31.0234 -3.7784 0.3416 31.1897 -3.7291 0.4151 31.1983 -3.7087 1.0143 31.1442 -3.661 1.1055 31.1958 -3.6242 0.724 30.9711 -3.6013 0.6003 30.9251 -3.5691 0.3779 30.8978 -3.6445 0.4594 30.8536 -3.5783 0.4658 30.9188 -3.6608 0.0752 30.8624 -3.0679 0.0754 30.8233 -3.0593 0.3379 30.8195 -3.1313 0.0888 30.4275 -2.8417 0.2107 30.2389 -2.5855 0.2239 30.215 -2.5972 0.2156 30.2697 -2.637 0.6892 31.1651 -3.7362 0.2544 30.1667 -2.9294 0.2712 30.1444 -2.9045 0.2935 30.2695 -2.9176 0.2447 30.3936 -2.8785 0.2343 30.3779 -2.8802 0.1556 30.5451 -2.934 0.0795 30.6036 -2.9736 0.0783 30.5505 -2.9453 0.1566 30.593 -2.9704 0.4997 30.6098 -3.1002 0.4879 30.6263 -3.1906 0.4785 30.653 -3.161 0.5012 30.5822 -3.135 0.3632 31.1698 -3.8582 0.3564 31.197 -3.825 0.2117 31.1444 -3.6564 0.3164 31.116 -3.734 0.1645 30.1143 -2.4882 0.1527 30.0812 -2.5017 0.0836 30.3247 -2.6349 0.2846 30.3071 -2.781 0.2326 30.3556 -2.7651 0.2252 30.311 -2.7225 0.3567 30.5339 -2.9762 0.3318 30.4924 -2.9413 0.4026 30.5176 -2.9884 0.3993 30.5958 -2.9899 0.4485 30.5736 -3.0146 0.4647 30.5516 -3.0352 0.4721 30.6298 -3.0749 0.2421 30.7051 -3.0236 0.2339 30.7412 -3.0487 0.4155 30.8129 -3.1605 0.3306 30.771 -3.1072 0.4032 30.7539 -3.1415 0.2298 30.7881 -3.0872 0.16 30.9392 -3.1212 0.3089 30.1566 -2.8852 0.0446 30.078 -2.3863 0.2044 30.0844 -2.5624 0.2106 30.1308 -2.5472 0.1792 30.0647 -2.5671 0.1993 30.0876 -2.6175 0.127 30.067 -2.5626 0.0624 30.0728 -2.555 0.0812 30.1239 -2.8918 0 30.123 -2.8934 0.0917 30.2144 -3.0143 0.1508 30.199 -3.0133 0.0997 30.2408 -3.0781 0.2042 30.2167 -3.066 0.2751 30.2792 -3.1084 0.2579 30.2194 -3.0532 0.2141 30.2855 -3.1151 0.386 30.4981 -3.3052 0.3329 30.3889 -3.2178 0.7925 31.1355 -3.7039 0.807 31.0674 -3.6634 1.0932 31.2502 -3.6691 0.5367 31.2109 -3.7599 0.5171 31.1654 -3.7996 0.483 31.2104 -3.703 0.5238 31.2274 -3.7237 0.4128 31.1565 -3.6464 0.3322 31.1733 -3.6792 0.412 31.2243 -3.3361 0.5412 31.2419 -3.3803 0.5348 31.2262 -3.4435 0.1352 31.0429 -3.664 0.1458 30.9448 -3.6491 0.5388 31.1829 -3.3236 0.516 30.9507 -3.6453 0.3365 30.9014 -3.6066 0.3446 30.6665 -3.3916 0.5329 31.0109 -3.7032 0.4467 30.6735 -3.1325 0.8241 30.9694 -3.4698 0.6893 30.909 -3.3927 0.2385 30.1893 -3.0042 0.1015 31.2214 -3.3823 0.1901 31.2258 -3.3942 -0.5983 31.0406 -3.2911 -0.5104 31.0831 -3.2641 -0.2318 30.3664 -2.8811 -0.2317 30.3652 -2.8789 -0.2406 30.3347 -2.8907 -0.2407 30.3337 -2.8882 -0.2002 30.1967 -2.9526 -0.1542 30.1922 -2.9698 -0.0902 30.1938 -2.9714 -0.3056 30.4369 -2.9065 -0.3312 30.3986 -2.925 -0.269 30.3649 -2.884 -0.5415 30.8688 -3.2492 -0.1107 30.62 -3.3154 -0.0809 30.7959 -3.0565 -0.2157 30.6234 -3.338 -0.2157 30.6318 -3.3527 -0.4725 30.6082 -3.2989 -0.4992 30.6288 -3.2521 -0.4808 30.622 -3.3152 -0.5056 30.6471 -3.2646 -0.1556 30.7585 -3.0752 -0.0794 30.7655 -3.0627 -0.3697 31.1834 -3.8565 -0.3989 31.2135 -3.8438 -0.4904 31.2257 -3.8383 -0.4523 31.2216 -3.8469 -0.4621 31.1859 -3.8663 -0.5938 31.2095 -3.6126 -0.5181 31.1994 -3.5523 -0.5147 31.0712 -3.7617 -0.5313 31.0764 -3.7504 -0.3323 30.9726 -3.6611 -0.3121 30.9753 -3.6528 -0.4693 31.2692 -3.7549 -0.3732 30.959 -3.7139 -0.7384 31.2458 -3.4776 -0.5504 31.1744 -3.7153 -0.643 31.2254 -3.4985 -0.7384 31.2543 -3.5626 -0.9935 31.3113 -3.7247 -0.8811 31.2558 -3.7277 -0.8938 31.1694 -3.7114 -0.2475 30.8266 -3.5393 -0.1459 30.8031 -3.5475 -0.1449 30.7384 -3.4801 -1.0317 31.0982 -3.5491 -0.7161 30.9078 -3.503 -0.1199 30.6625 -3.4115 -0.2329 30.6739 -3.3995 -0.4225 30.6192 -3.3328 -0.2091 30.5012 -3.3318 -0.1902 30.4051 -3.2439 -0.4834 30.5851 -3.2616 -0.4742 30.5326 -3.2222 -0.2049 30.1759 -2.955 -0.2648 30.1225 -2.791 -0.2754 30.1463 -2.7784 -0.2365 30.108 -2.7116 -0.2005 30.0977 -2.6453 -0.2183 30.1121 -2.6388 -0.2122 30.0982 -2.7197 -0.069 30.1102 -2.7221 -0.0622 30.0937 -2.6459 -0.1431 30.1019 -2.6448 -0.1482 30.1065 -2.7225 -0.1005 30.0707 -2.5028 -0.0929 30.1091 -2.3666 -0.1248 30.1172 -2.3911 -0.7549 31.1851 -3.4314 -0.8899 31.1729 -3.4731 -0.9087 31.1216 -3.4572 -1.0311 31.1294 -3.5124 -1.0179 31.1589 -3.5142 -1.088 31.1728 -3.5507 -0.4267 30.6544 -3.047 -0.2703 30.3395 -2.8299 -0.2194 30.3769 -2.8192 -0.1708 30.3489 -2.7117 -0.1726 30.3869 -2.7562 -0.1214 30.2298 -2.4602 -0.1476 30.2014 -2.4606 -0.1575 30.2544 -2.5052 -0.1865 30.2159 -2.5165 -0.3102 30.1976 -2.8237 0 30.9343 -3.6511 0 31.0158 -3.6829 -1.0682 31.3291 -3.6626 -0.984 31.3107 -3.6204 -0.991 31.327 -3.6784 -0.0452 30.1636 -2.3487 -0.055 30.2117 -2.374 -0.0694 30.2513 -2.4642 -0.1578 30.4403 -2.8788 -0.0787 30.4453 -2.8937 -0.1554 30.7211 -3.0192 -0.2022 30.1817 -2.5282 -0.1569 30.1589 -2.4722 -0.3149 30.9017 -3.5989 -0.3291 30.8459 -3.534 -0.2483 30.8899 -3.5896 -0.0895 31.1527 -3.1971 -0.9096 31.0603 -3.62 -0.9209 31.0318 -3.5662 -0.4803 30.5937 -3.2671 -0.4421 30.718 -3.1542 -0.4962 30.6997 -3.1683 -0.2135 30.6304 -3.3155 -0.4556 30.6075 -3.2805 -0.4166 30.6088 -3.3193 -0.4084 30.6119 -3.3015 -0.4871 30.6125 -3.2251 -0.4732 30.6165 -3.2334 -0.2336 30.7591 -3.0914 -0.3326 30.7525 -3.1066 -0.3332 30.7416 -3.1129 -0.2377 30.3663 -2.8732 -0.2532 30.3314 -2.8822 -0.2843 30.2585 -2.8979 -0.2016 30.3904 -2.8715 -0.1575 30.4132 -2.8708 -0.2759 30.1999 -2.9243 -0.2244 30.1988 -2.9437 -0.237 30.1871 -2.9402 -0.0789 30.2677 -2.5742 -0.0831 30.2908 -2.5487 -0.2191 30.1621 -2.5829 -0.1827 30.1063 -2.6231 -0.3698 30.4451 -2.9718 -0.3182 30.2936 -3.0876 -0.3448 30.318 -3.0674 -0.2398 30.1313 -2.7031 -0.2439 30.1536 -2.6908 -0.2819 30.171 -2.7719 -0.5266 30.7967 -3.2069 -0.478 30.8115 -3.1896 -0.4326 30.8876 -3.1941 -0.5507 30.8269 -3.3032 -0.538 30.7561 -3.2535 -0.3459 30.3639 -3.143 -0.3809 30.3861 -3.114 -0.3795 30.4008 -2.9984 -0.4169 30.4983 -3.0058 -0.3695 30.3537 -3.0328 -0.3948 30.4027 -3.1882 -0.3008 30.3496 -3.1571 -0.2832 30.2164 -2.9467 -0.3245 30.284 -2.9885 -0.3329 30.3323 -2.9543 0 30.0794 -2.384 0 30.1214 -2.3509 -0.1665 30.2695 -2.5753 -0.2418 30.3434 -2.8901 0 30.7651 -3.0537 0 30.7632 -3.045 -0.4753 30.654 -3.2104 -0.5098 30.6749 -3.1984 -0.4745 30.6261 -3.2396 -0.1138 31.1564 -3.5923 0 31.1259 -3.6597 -0.1231 31.1362 -3.6565 0 31.1446 -3.5697 0 31.1807 -3.4664 -0.1061 31.1989 -3.4792 -0.2127 31.1674 -3.596 -0.1966 31.2048 -3.4851 -0.4804 31.0373 -3.7919 -0.4736 31.104 -3.8388 -0.1477 30.8698 -3.5909 -0.8149 31.0176 -3.6096 -0.904 31.1032 -3.6679 -0.1609 30.4104 -2.8438 -0.2088 30.3878 -2.8465 -0.2567 30.3561 -2.8532 -0.2736 30.319 -2.8658 -0.2996 30.2434 -2.8858 -0.2919 30.1823 -2.9103 0 30.8557 -3.5971 -0.0854 31.0194 -3.1437 -0.0709 30.9283 -3.1018 -0.1766 31.0265 -3.1535 -0.0785 30.6706 -2.9853 -0.1548 30.6614 -2.9806 -0.1533 30.4929 -2.9007 -0.0768 30.4971 -2.9132 -0.0894 30.4259 -2.8183 -0.1656 30.4054 -2.8168 -0.1643 30.3033 -2.6309 -0.0754 30.2867 -2.5063 0 30.6049 -2.9762 0 30.6719 -2.9964 -0.4163 31.1746 -3.2827 -0.8681 31.2777 -3.6992 -0.8519 31.2887 -3.6229 -0.9239 31.0693 -3.457 -0.9207 31.02 -3.5073 -0.4376 30.4307 -3.1496 0 30.1724 -2.3449 0 30.2248 -2.3723 0 30.265 -2.4618 0 30.2974 -2.506 0 30.4285 -2.8257 0 30.4597 -2.8974 -0.2741 30.4572 -2.9023 -0.2131 30.479 -2.8984 0 30.5012 -2.9185 -0.2164 30.5315 -2.9324 -0.2905 30.5098 -2.9345 -0.3026 30.56 -2.965 -0.2271 30.582 -2.9671 0 30.5524 -2.9504 -0.3263 30.6234 -2.9746 -0.2327 30.6488 -2.9776 -0.4514 30.7445 -3.1606 -0.5035 30.7231 -3.1725 -1.0004 31.2065 -3.5316 0 31.0207 -3.1339 0 30.923 -3.0915 -0.8676 31.227 -3.5113 -0.9855 31.2555 -3.565 -0.8558 31.2783 -3.5627 -0.3003 31.173 -3.2368 -0.3023 31.2404 -3.2875 -0.0535 30.0758 -2.4964 0 30.0729 -2.5531 0 30.0742 -2.4958 0 30.1097 -2.7224 0 30.0985 -2.6432 -0.1579 30.1166 -2.8163 -0.2282 30.113 -2.8033 0 30.1234 -2.8189 -0.0767 30.1207 -2.817 -0.0812 30.1239 -2.8918 -0.1652 30.1214 -2.8864 -0.2362 30.1081 -2.8697 -0.1927 30.188 -3.0127 -0.1547 30.2275 -3.0721 -0.1622 30.2892 -3.1187 -0.1038 30.3003 -3.1215 -0.2287 30.3541 -3.1687 -0.1062 30.361 -3.1842 -0.1742 30.3561 -3.1797 0 30.411 -3.2469 -0.1085 30.4107 -3.25 0 30.3666 -3.1876 -0.112 30.5083 -3.3268 0 30.5123 -3.3305 -0.5166 30.6886 -3.2082 -0.3151 30.6277 -3.3505 0 30.6461 -3.4182 -0.8285 30.9822 -3.5283 0 30.7202 -3.4896 0 30.7845 -3.5465 -0.5329 31.0109 -3.7032 -0.5357 30.9556 -3.6388 -0.7742 31.2063 -3.727 -0.4696 31.1726 -3.8682 -0.1843 31.2825 -3.28 -0.3841 30.722 -3.1381 -0.3929 30.7363 -3.1336 -0.3098 30.6183 -3.3361 0 30.7976 -3.0527 0.3025 30.6237 -3.3074 0.3151 30.6277 -3.3505 0.3098 30.6183 -3.3361 0.4992 30.6288 -3.2521 0.5166 30.6886 -3.2082 0.5035 30.7231 -3.1725 0.5098 30.6749 -3.1984 0.3929 30.7363 -3.1336 0.4514 30.7445 -3.1606 0.4745 30.6261 -3.2396 0.4753 30.654 -3.2104 0.3841 30.722 -3.1381 0.5507 30.8269 -3.3032 0.5357 30.9556 -3.6388 0.4696 31.1726 -3.8682 0.3732 30.959 -3.7139 0.2127 31.1674 -3.596 0.1231 31.1362 -3.6565 0.4736 31.104 -3.8388 0.1061 31.1989 -3.4792 0.1966 31.2048 -3.4851 0.1843 31.2825 -3.28 0.3023 31.2404 -3.2875 0.8558 31.2783 -3.5627 0.8519 31.2887 -3.6229 0.904 31.1032 -3.6679 0.8149 31.0176 -3.6096 0.8285 30.9822 -3.5283 0.9207 31.02 -3.5073 0.112 30.5083 -3.3268 0.1085 30.4107 -3.25 0.3948 30.4027 -3.1882 0.3008 30.3496 -3.1571 0.2287 30.3541 -3.1687 0.1742 30.3561 -3.1797 0.1062 30.361 -3.1842 0 30.3026 -3.1285 0.1038 30.3003 -3.1215 0.1622 30.2892 -3.1187 0.3245 30.284 -2.9885 0.3695 30.3537 -3.0328 0.1547 30.2275 -3.0721 0.1927 30.188 -3.0127 0.2919 30.1823 -2.9103 0.0767 30.1207 -2.817 0.2122 30.0982 -2.7197 0.0535 30.0758 -2.4964 0.2996 30.2434 -2.8858 0.4163 31.1746 -3.2827 0.1803 31.1642 -3.205 0.2813 31.034 -3.1913 0.3003 31.173 -3.2368 0.1766 31.0265 -3.1535 0.8676 31.227 -3.5113 0.9855 31.2555 -3.565 1.0893 31.268 -3.6154 1.0004 31.2065 -3.5316 0.3945 31.0509 -3.2261 0 30.8538 -3.059 0.0709 30.9283 -3.1018 0 30.822 -3.0531 0.9239 31.0693 -3.457 0.3263 30.6234 -2.9746 0.2327 30.6488 -2.9776 0.3795 30.4008 -2.9984 0.3329 30.3323 -2.9543 0.3026 30.56 -2.965 0.1548 30.6614 -2.9806 0.2271 30.582 -2.9671 0.2164 30.5315 -2.9324 0.2905 30.5098 -2.9345 0.2741 30.4572 -2.9023 0.0768 30.4971 -2.9132 0.2736 30.319 -2.8658 0.2703 30.3395 -2.8299 0.2567 30.3561 -2.8532 0.2088 30.3878 -2.8465 0.1656 30.4054 -2.8168 0.2194 30.3769 -2.8192 0.1609 30.4104 -2.8438 0.0785 30.6706 -2.9853 0.0918 30.4041 -2.7578 0.0894 30.4259 -2.8183 0.1708 30.3489 -2.7117 0.1726 30.3869 -2.7562 0.0941 30.3679 -2.7086 0.1665 30.2695 -2.5753 0.1643 30.3033 -2.6309 0.0754 30.2867 -2.5063 0.1569 30.1589 -2.4722 0.2022 30.1817 -2.5282 0.055 30.2117 -2.374 1.0932 31.2134 -3.5738 0.2832 30.2164 -2.9467 0.0694 30.2513 -2.4642 0.0854 31.0194 -3.1437 0.1477 30.8698 -3.5909 0.538 30.7561 -3.2535 0.1138 31.1564 -3.5923 0.4376 30.4307 -3.1496 0.3809 30.3861 -3.114 0.3459 30.3639 -3.143 0.4169 30.4983 -3.0058 -0.3025 30.6237 -3.3074 -0.1803 31.1642 -3.205'/>
          </IndexedFaceSet>
        </Shape>
      </Group>
    </Transform>
  </Scene>
</X3D>