<?xml version="1.0" encoding="UTF-8"?>
<!DOCTYPE X3D PUBLIC "ISO//Web3D//DTD X3D 4.0//EN" "https://www.web3d.org/specifications/x3d-4.0.dtd">
<X3D profile='Immersive' version='4.0' xmlns:xsd='http://www.w3.org/2001/XMLSchema-instance' xsd:noNamespaceSchemaLocation='https://www.web3d.org/specifications/x3d-4.0.xsd'>
  <head>
    <meta content='BonesTeethTop.x3d' name='title'/>
    <meta content='Damon Hernandez, Joe Williams' name='creator'/>
    <meta content='Human bone model for Teeth cTop' name='description'/>
    <meta content='Joe Williams, Don Brutzman' name='translator'/>
    <meta content='5 December 2013' name='created'/>
    <meta content='2 March 2026' name='modified'/>
    <meta content='This model has no HAnim nodes, rather it is purely geometry' name='warning'/>
    <meta content='document unit conversions applied: approximation of inches to meters, which ordinarily is a scale factor of 0.0254' name='TODO'/>
    <meta content='X3D-Edit 4.0, https://www.web3d.org/x3d/tools/X3D-Edit' name='generator'/>
    <meta content='https://www.web3d.org/x3d/content/examples/HumanoidAnimation/Medical/BonesTeethTop.x3d' name='identifier'/>
    <meta content='../license.html' name='license'/>
  </head>
  <Scene>
    <WorldInfo title='BonesTeethTop.x3d'/>
    <NavigationInfo type='"EXAMINE" "LOOKAT" "ANY"'/>
    <Transform DEF='TeethTopCSkeletonParts' scale='0.029 0.029 0.029'>
      <Viewpoint DEF='TeethTop' description='Teeth Top' position='0 55 10'/>
      <Group DEF='AllTeeth'>
        <Shape DEF='lcenincc'>
          <Appearance>
            <PhysicalMaterial baseColor='1 0.9843 0.9843' metallic='0' roughness='0.72'/>
          </Appearance>
          <IndexedFaceSet DEF='lcenincc_Geo' coordIndex='0 1 2 -1 3 4 5 -1 6 7 8 -1 9 10 11 -1 12 13 14 -1 15 16 17 -1 18 19 20 -1 21 22 23 -1 24 25 26 -1 27 28 29 -1 30 31 32 -1 26 33 24 -1 34 35 36 -1 37 38 39 -1 40 41 42 -1 43 44 45 -1 46 47 48 -1 27 49 50 -1 51 52 53 -1 54 55 56 -1 57 31 30 -1 58 59 60 -1 61 62 63 -1 46 64 65 -1 33 26 66 -1 67 68 69 -1 70 71 72 -1 73 74 75 -1 76 77 73 -1 78 79 80 -1 81 82 62 -1 83 84 63 -1 85 32 86 -1 87 31 88 -1 71 89 72 -1 83 90 91 -1 92 93 67 -1 94 41 65 -1 65 6 94 -1 58 60 95 -1 95 96 58 -1 96 95 93 -1 97 98 36 -1 99 72 100 -1 36 98 101 -1 18 102 103 -1 48 104 105 -1 42 41 106 -1 107 103 108 -1 61 63 84 -1 73 109 110 -1 111 112 113 -1 13 114 115 -1 112 116 117 -1 118 119 115 -1 21 97 22 -1 120 77 76 -1 121 47 40 -1 122 38 123 -1 124 39 38 -1 125 126 99 -1 127 1 128 -1 129 130 6 -1 131 132 133 -1 131 134 132 -1 134 131 135 -1 127 128 136 -1 99 137 125 -1 124 38 122 -1 9 138 10 -1 12 139 13 -1 15 140 16 -1 21 23 113 -1 49 27 29 -1 112 111 116 -1 115 14 13 -1 115 24 14 -1 111 113 23 -1 73 75 109 -1 84 140 61 -1 2 127 141 -1 142 143 144 -1 39 145 146 -1 39 147 145 -1 107 11 103 -1 48 148 104 -1 18 149 102 -1 136 141 127 -1 99 100 4 -1 97 36 150 -1 151 67 93 -1 93 152 96 -1 90 63 62 -1 6 130 94 -1 91 153 83 -1 67 69 154 -1 89 73 110 -1 31 57 88 -1 85 155 32 -1 83 63 90 -1 156 81 89 -1 89 71 156 -1 157 158 82 -1 158 159 82 -1 78 7 79 -1 158 135 160 -1 161 162 163 -1 82 159 62 -1 72 126 70 -1 157 82 164 -1 67 151 68 -1 33 66 104 -1 46 65 41 -1 94 130 165 -1 61 166 62 -1 58 167 59 -1 30 117 57 -1 54 56 168 -1 51 53 155 -1 126 72 99 -1 49 169 50 -1 117 116 57 -1 48 105 46 -1 43 170 44 -1 106 41 94 -1 39 146 37 -1 36 138 34 -1 30 32 171 -1 117 30 112 -1 28 172 29 -1 118 152 119 -1 18 20 149 -1 120 76 166 -1 121 40 173 -1 170 121 173 -1 170 174 121 -1 122 123 175 -1 129 6 8 -1 3 5 176 -1 1 127 2 -1 143 177 2 -1 134 157 132 -1 165 129 178 -1 130 129 165 -1 179 178 180 -1 178 179 165 -1 70 181 182 -1 183 181 70 -1 132 184 133 -1 184 132 185 -1 186 177 143 -1 177 186 187 -1 124 188 189 -1 188 124 190 -1 191 138 9 -1 138 191 34 -1 170 192 174 -1 43 192 170 -1 14 193 12 -1 194 193 14 -1 15 61 140 -1 15 195 61 -1 196 101 98 -1 196 197 101 -1 149 198 114 -1 149 20 198 -1 115 92 24 -1 92 115 119 -1 22 111 23 -1 199 111 22 -1 109 86 87 -1 75 86 109 -1 104 200 105 -1 104 66 200 -1 201 202 203 -1 50 202 201 -1 175 144 204 -1 123 144 175 -1 123 142 144 -1 108 147 107 -1 147 108 145 -1 146 45 44 -1 146 145 45 -1 179 186 106 -1 179 187 186 -1 205 40 42 -1 205 173 40 -1 104 194 33 -1 148 194 104 -1 100 206 4 -1 100 207 206 -1 208 5 209 -1 141 5 208 -1 141 136 5 -1 57 49 29 -1 49 57 116 -1 114 102 149 -1 114 139 102 -1 114 13 139 -1 55 93 95 -1 55 151 93 -1 210 211 212 -1 210 213 211 -1 214 159 158 -1 214 91 159 -1 215 26 25 -1 215 66 26 -1 65 7 6 -1 65 79 7 -1 91 216 153 -1 216 91 214 -1 154 216 163 -1 216 154 69 -1 89 100 72 -1 110 100 89 -1 32 87 86 -1 32 31 87 -1 168 83 54 -1 84 83 168 -1 164 81 156 -1 164 82 81 -1 80 217 162 -1 217 80 79 -1 78 160 135 -1 78 80 160 -1 164 132 157 -1 185 132 164 -1 162 218 163 -1 162 217 218 -1 164 182 185 -1 164 156 182 -1 74 77 219 -1 77 74 73 -1 51 84 168 -1 16 84 51 -1 84 16 140 -1 151 54 68 -1 55 54 151 -1 153 69 68 -1 216 69 153 -1 64 79 65 -1 79 64 217 -1 159 90 62 -1 90 159 91 -1 112 213 113 -1 213 112 211 -1 60 55 95 -1 60 56 55 -1 32 53 171 -1 155 53 32 -1 209 4 206 -1 209 5 4 -1 209 201 208 -1 28 201 209 -1 88 29 172 -1 57 29 88 -1 101 138 36 -1 101 10 138 -1 139 220 102 -1 139 221 220 -1 222 106 186 -1 106 222 42 -1 220 145 108 -1 45 145 220 -1 142 37 222 -1 123 37 142 -1 38 37 123 -1 204 190 175 -1 190 204 203 -1 35 50 169 -1 35 202 50 -1 144 2 141 -1 144 143 2 -1 24 194 14 -1 194 24 33 -1 49 150 169 -1 49 199 150 -1 119 93 92 -1 93 119 152 -1 20 96 198 -1 20 58 96 -1 197 167 19 -1 197 210 167 -1 213 21 113 -1 21 213 196 -1 219 120 195 -1 219 77 120 -1 194 192 193 -1 194 148 192 -1 174 47 121 -1 174 48 47 -1 191 147 189 -1 191 107 147 -1 187 223 177 -1 187 224 223 -1 181 185 182 -1 181 184 185 -1 136 176 5 -1 136 128 176 -1 157 135 158 -1 135 157 134 -1 187 180 224 -1 180 187 179 -1 70 125 183 -1 125 70 126 -1 135 225 78 -1 135 131 225 -1 39 189 147 -1 189 39 124 -1 107 9 11 -1 9 107 191 -1 174 148 48 -1 192 148 174 -1 12 221 139 -1 193 221 12 -1 17 195 15 -1 17 219 195 -1 210 196 213 -1 196 210 197 -1 19 58 20 -1 19 167 58 -1 114 118 115 -1 118 114 198 -1 112 171 211 -1 112 30 171 -1 203 208 201 -1 203 204 208 -1 202 34 188 -1 34 202 35 -1 146 205 37 -1 205 146 44 -1 106 165 179 -1 106 94 165 -1 170 205 44 -1 170 173 205 -1 40 46 41 -1 47 46 40 -1 207 172 206 -1 207 88 172 -1 50 28 27 -1 28 50 201 -1 52 168 56 -1 168 52 51 -1 53 59 212 -1 59 53 52 -1 167 212 59 -1 167 210 212 -1 163 214 161 -1 163 216 214 -1 64 105 200 -1 105 64 46 -1 66 218 200 -1 218 66 215 -1 154 25 67 -1 215 25 154 -1 110 207 100 -1 109 207 110 -1 75 85 86 -1 75 74 85 -1 62 76 81 -1 62 166 76 -1 162 160 80 -1 160 162 161 -1 182 71 70 -1 182 156 71 -1 89 76 73 -1 89 81 76 -1 85 219 17 -1 219 85 74 -1 17 155 85 -1 17 51 155 -1 16 51 17 -1 88 109 87 -1 88 207 109 -1 83 68 54 -1 153 68 83 -1 163 215 154 -1 215 163 218 -1 217 200 218 -1 217 64 200 -1 158 161 214 -1 161 158 160 -1 52 60 59 -1 60 52 56 -1 212 171 53 -1 212 211 171 -1 206 28 209 -1 206 172 28 -1 11 18 103 -1 11 101 18 -1 101 11 10 -1 45 221 43 -1 221 45 220 -1 42 37 205 -1 42 222 37 -1 220 103 102 -1 220 108 103 -1 143 222 186 -1 142 222 143 -1 188 203 202 -1 188 190 203 -1 141 204 144 -1 208 204 141 -1 169 36 35 -1 150 36 169 -1 150 22 97 -1 199 22 150 -1 24 67 25 -1 24 92 67 -1 199 116 111 -1 199 49 116 -1 152 198 96 -1 152 118 198 -1 19 101 197 -1 101 19 18 -1 98 21 196 -1 97 21 98 -1 166 195 120 -1 61 195 166 -1 43 193 192 -1 221 193 43 -1 34 189 188 -1 34 191 189 -1 175 124 122 -1 190 124 175 -1 177 0 2 -1 0 177 223 -1 225 7 78 -1 7 225 8 -1 3 99 4 -1 3 137 99 -1' creaseAngle='1.571'>
            <Coordinate DEF='lcenincc_Coord' point='0.0448 55.2299 3.3491 0.0298 55.1993 3.3407 0.045 55.2144 3.3541 0.0175 55.1103 3.2239 0.0173 55.0959 3.2156 0.0031 55.103 3.3017 0.2184 55.215 3.2923 0.2363 55.17 3.2602 0.231 55.1843 3.2549 0.0812 54.8657 3.354 0.0826 54.8569 3.3459 0.0956 54.8656 3.3515 0.2221 54.8758 3.3193 0.2215 54.8684 3.3126 0.2384 54.8804 3.3113 0.1297 54.9855 3.2367 0.1317 54.9746 3.243 0.1185 54.9854 3.2372 0.129 54.8541 3.3325 0.1283 54.8436 3.3214 0.1838 54.848 3.3058 0.0144 54.8509 3.3292 0.0089 54.8608 3.3298 0.0097 54.8586 3.3213 0.2684 54.89 3.2945 0.2716 54.9537 3.2881 0.2709 54.9614 3.3034 -0.0017 54.9688 3.3261 -0.0046 55.0281 3.3175 -0.0013 54.9598 3.2959 0.013 54.9028 3.2715 0.0208 54.9482 3.2447 0.0562 54.9438 3.2584 0.2603 54.9509 3.3226 0.068 54.9333 3.3649 0.0359 54.9203 3.3688 0.0373 54.8702 3.3556 0.1231 55.1093 3.378 0.0948 55.1078 3.3795 0.0936 55.043 3.3737 0.1963 55.1303 3.3431 0.1928 55.1835 3.3413 0.1552 55.1806 3.3591 0.2044 55.0044 3.3512 0.1736 55.054 3.3608 0.1772 55.0005 3.3576 0.2262 55.1192 3.331 0.2069 55.118 3.3394 0.2167 55.0673 3.3407 -0.0003 54.905 3.3281 0.0059 54.9741 3.3607 0.1332 54.9458 3.2599 0.1336 54.9036 3.2686 0.0868 54.9032 3.2747 0.2095 54.9395 3.2263 0.2098 54.9049 3.243 0.1731 54.9027 3.2599 0.0054 54.9443 3.2545 0.1809 54.8531 3.2908 0.1308 54.853 3.2914 0.1768 54.8604 3.2788 0.1351 55.0216 3.1911 0.1401 55.0674 3.1287 0.1553 55.0171 3.1798 0.2509 55.1201 3.297 0.2334 55.1767 3.3051 0.267 55.0213 3.3133 0.2722 54.9334 3.2478 0.2425 54.954 3.2108 0.2678 54.9746 3.2217 0.062 55.2005 3.0788 0.0754 55.1544 3.0769 0.054 55.1407 3.1029 0.0862 55.0664 3.1326 0.0825 55.022 3.1916 0.0675 55.0223 3.1891 0.1091 55.0821 3.117 0.102 55.0711 3.1285 0.2288 55.1511 3.2047 0.2393 55.1591 3.2601 0.2296 55.1441 3.2064 0.1069 55.1151 3.0772 0.1374 55.1164 3.0793 0.2011 54.9858 3.2038 0.1655 54.9821 3.2303 0.0841 54.9852 3.2391 0.0596 54.9871 3.2288 0.0254 54.9846 3.2214 0.0092 54.9934 3.2351 0.0791 55.1069 3.0907 0.1899 55.0179 3.1724 0.2156 55.039 3.1627 0.2688 54.8865 3.2726 0.2628 54.8758 3.2563 0.1844 55.2319 3.3345 0.2145 54.8636 3.2665 0.2163 54.8592 3.2771 0.0123 54.8601 3.3385 0.0426 54.8553 3.3427 0.0275 55.1542 3.1617 0.0263 55.0694 3.1626 0.0834 54.8523 3.3407 0.1834 54.8662 3.331 0.1328 54.8667 3.342 0.2463 55.0138 3.3361 0.235 55.0735 3.3387 0.1509 55.2305 3.3516 0.0899 54.9321 3.3629 0.1341 54.9415 3.3658 0.0355 55.0231 3.1841 0.0544 55.0504 3.1386 0.0065 54.8682 3.3155 0.0132 54.85 3.298 0.0114 54.8475 3.3134 0.2209 54.864 3.3077 0.2669 54.879 3.2906 0.0025 54.9006 3.2823 0.0053 54.901 3.2721 0.2657 54.8715 3.2809 0.2675 54.8802 3.2761 0.1099 55.0734 3.1265 0.1972 55.1174 3.3436 0.0839 55.1047 3.3809 0.0848 55.1175 3.38 0.0827 55.043 3.3732 0.0499 55.2138 3.1029 0.0512 55.199 3.1013 0.0297 55.1869 3.3482 0.0152 55.1385 3.3181 0.2151 55.2319 3.2882 0.2092 55.2302 3.2988 0.2044 55.1813 3.1564 0.1689 55.2191 3.0842 0.1683 55.2343 3.086 0.1991 55.1764 3.1386 0.2075 55.1658 3.1548 0.0173 55.1419 3.3352 0.0255 55.1617 3.1762 0.0651 54.8671 3.3553 0.2078 54.8718 3.3243 0.1407 54.9844 3.2347 0.0198 55.1425 3.3576 0.0827 55.1677 3.3767 0.0742 55.2122 3.3691 0.0562 55.1589 3.3746 0.1343 54.996 3.3732 0.1291 55.049 3.3806 0.0923 54.9878 3.3715 0.2241 55.0069 3.3447 0.185 54.8564 3.3183 0.0101 54.8736 3.3446 0.2498 54.9106 3.2331 0.2642 54.8734 3.2667 0.2294 54.994 3.1923 0.2736 54.9837 3.237 0.0905 54.9466 3.2591 0.0985 55.1614 3.0572 0.173 55.1463 3.0851 0.2045 55.0986 3.1357 0.1794 55.0783 3.1244 0.2193 55.1276 3.1773 0.2423 55.0795 3.2003 0.2482 55.0845 3.2186 0.2606 55.036 3.2212 0.134 55.1639 3.0585 0.181 55.2675 3.319 0.1199 55.0714 3.1272 0.126 54.8481 3.3063 0.1707 54.9464 3.251 0.0104 54.907 3.3532 0.1973 55.0639 3.3482 0.0475 54.8999 3.274 0.002 55.0104 3.2744 0.1879 55.1146 3.3498 0.2075 55.0656 3.3434 0.0729 55.1016 3.3803 0.0065 55.1132 3.2976 0.0764 55.2494 3.3558 0.1808 55.2805 3.3124 0.1506 55.2767 3.3373 0.1493 55.2899 3.3323 0.096 55.2154 3.055 0.0967 55.2008 3.0549 0.0618 55.2153 3.0782 0.1304 55.2212 3.0559 0.132 55.2067 3.0559 0.1195 55.2376 3.3624 0.1211 55.2753 3.353 0.0705 54.989 3.3725 0.0814 54.9884 3.3711 0.0718 55.043 3.374 0.0789 54.9327 3.3636 0.2151 55.0058 3.348 0.2211 54.9468 3.3412 0.2314 54.948 3.336 0.1243 55.0222 3.1943 0.0464 54.8428 3.3311 0.0828 54.8406 3.3289 0.2197 54.8555 3.2941 0.0056 54.8729 3.3292 0.2623 55.0616 3.303 0.005 55.0335 3.3565 0.0361 54.9751 3.3759 0.0368 55.0417 3.3772 0.0462 55.0941 3.3789 0.1693 55.109 3.3623 0.0036 55.0558 3.248 0.0153 55.0292 3.2016 0.0129 55.0925 3.3571 -0.001 55.084 3.3051 0.0812 54.8446 3.3118 0.0469 54.8457 3.2971 0.085 54.8491 3.2972 0.0453 54.8416 3.3136 0.2364 55.0512 3.1725 0.2709 55.0087 3.2763 0.2518 55.0114 3.1994 0.2556 55.0985 3.2654 0.264 55.0525 3.2707 0.113 55.021 3.196 0.1809 54.9436 3.3508 0.2103 54.9457 3.3439 0.12 55.1756 3.3735 0.0741 55.2627 3.3501 0.1182 55.2885 3.3482 0.2237 55.1679 3.2022'/>
          </IndexedFaceSet>
        </Shape>
        <Shape DEF='lcaninec'>
          <Appearance>
            <PhysicalMaterial baseColor='1 0.9843 0.9843' metallic='0' roughness='0.72'/>
          </Appearance>
          <IndexedFaceSet DEF='lcaninec_Geo' coordIndex='0 1 2 -1 3 4 5 -1 6 1 0 -1 7 8 9 -1 10 11 12 -1 13 14 15 -1 16 17 18 -1 16 19 17 -1 20 21 22 -1 23 24 25 -1 26 27 28 -1 29 30 31 -1 32 33 34 -1 32 35 36 -1 37 36 38 -1 39 40 41 -1 42 41 40 -1 43 15 44 -1 45 46 47 -1 47 48 49 -1 50 51 52 -1 53 54 49 -1 55 56 57 -1 58 59 60 -1 61 62 63 -1 64 65 66 -1 67 63 62 -1 66 68 58 -1 69 70 41 -1 21 71 72 -1 73 74 75 -1 76 77 78 -1 79 80 81 -1 79 82 83 -1 84 78 77 -1 85 67 86 -1 47 56 87 -1 88 89 5 -1 90 91 92 -1 61 66 65 -1 93 94 52 -1 56 47 49 -1 95 90 96 -1 97 98 99 -1 100 84 101 -1 102 103 104 -1 101 105 106 -1 25 107 108 -1 109 110 42 -1 111 16 112 -1 113 114 115 -1 18 112 16 -1 105 33 116 -1 24 23 117 -1 118 119 120 -1 121 122 123 -1 124 31 125 -1 126 127 112 -1 128 129 130 -1 131 132 133 -1 134 35 34 -1 125 31 30 -1 27 135 118 -1 30 136 137 -1 138 139 140 -1 141 142 121 -1 143 144 145 -1 118 146 27 -1 117 120 119 -1 107 33 105 -1 106 114 113 -1 90 92 96 -1 147 148 100 -1 1 149 150 -1 80 151 74 -1 73 97 99 -1 152 10 153 -1 154 155 156 -1 157 14 60 -1 158 159 48 -1 160 161 162 -1 71 163 164 -1 94 165 166 -1 41 42 69 -1 152 11 10 -1 167 99 98 -1 46 45 156 -1 168 155 154 -1 149 169 150 -1 75 170 171 -1 98 97 172 -1 120 117 92 -1 108 173 95 -1 174 21 72 -1 67 59 63 -1 110 109 65 -1 175 66 176 -1 109 61 65 -1 177 178 60 -1 179 180 181 -1 57 49 54 -1 161 49 50 -1 182 183 50 -1 46 48 47 -1 49 57 56 -1 93 184 174 -1 33 32 116 -1 185 145 174 -1 134 24 186 -1 36 35 38 -1 28 27 187 -1 1 188 2 -1 189 163 190 -1 191 13 15 -1 13 191 152 -1 192 169 149 -1 16 193 194 -1 71 164 195 -1 194 19 16 -1 192 196 169 -1 193 16 111 -1 197 81 74 -1 152 191 198 -1 87 56 177 -1 123 199 136 -1 38 200 37 -1 166 39 41 -1 185 174 72 -1 94 41 70 -1 174 165 93 -1 48 201 49 -1 52 162 50 -1 161 53 49 -1 180 175 181 -1 175 64 66 -1 146 86 62 -1 67 157 59 -1 41 94 166 -1 108 95 96 -1 12 197 73 -1 202 77 76 -1 81 11 79 -1 96 92 25 -1 73 75 171 -1 154 88 168 -1 156 158 46 -1 98 154 167 -1 21 184 22 -1 20 159 163 -1 160 203 161 -1 46 158 48 -1 60 59 157 -1 64 69 110 -1 156 167 154 -1 153 13 152 -1 73 99 12 -1 80 74 81 -1 172 188 150 -1 150 188 1 -1 108 107 101 -1 107 105 101 -1 146 61 109 -1 146 62 61 -1 106 116 114 -1 116 204 114 -1 107 34 33 -1 143 145 185 -1 199 123 122 -1 205 206 207 -1 27 124 135 -1 129 208 209 -1 132 127 126 -1 126 204 132 -1 111 112 210 -1 131 127 132 -1 211 111 212 -1 124 125 135 -1 213 214 215 -1 146 118 120 -1 117 186 24 -1 25 24 134 -1 105 116 106 -1 113 115 216 -1 110 69 42 -1 108 96 25 -1 106 100 101 -1 197 12 81 -1 173 108 77 -1 53 161 203 -1 22 159 20 -1 20 71 21 -1 93 52 51 -1 160 94 70 -1 61 68 66 -1 5 4 88 -1 86 217 85 -1 218 164 163 -1 79 83 80 -1 73 197 74 -1 94 93 165 -1 58 176 66 -1 86 67 62 -1 160 52 94 -1 64 110 65 -1 63 68 61 -1 60 178 58 -1 57 181 55 -1 14 177 60 -1 182 201 22 -1 162 161 50 -1 45 47 153 -1 12 219 10 -1 51 50 183 -1 43 191 15 -1 52 160 162 -1 208 220 209 -1 208 129 186 -1 200 38 128 -1 32 34 35 -1 28 187 221 -1 123 205 121 -1 26 124 27 -1 21 174 184 -1 114 222 115 -1 163 71 20 -1 11 81 12 -1 7 9 223 -1 6 192 1 -1 3 224 4 -1 225 226 227 -1 1 192 149 -1 228 227 229 -1 227 228 225 -1 230 19 231 -1 232 19 230 -1 233 234 235 -1 234 233 236 -1 237 238 239 -1 238 237 240 -1 218 241 164 -1 218 242 241 -1 13 177 14 -1 13 87 177 -1 168 190 155 -1 168 189 190 -1 31 26 29 -1 31 124 26 -1 35 186 38 -1 35 134 186 -1 223 72 7 -1 223 185 72 -1 40 243 42 -1 40 139 243 -1 51 184 93 -1 51 183 184 -1 54 181 57 -1 54 179 181 -1 55 58 178 -1 55 176 58 -1 244 75 245 -1 75 244 170 -1 169 89 150 -1 169 5 89 -1 239 189 168 -1 239 238 189 -1 90 246 91 -1 246 90 247 -1 71 7 72 -1 71 195 7 -1 159 190 163 -1 159 158 190 -1 179 160 180 -1 179 203 160 -1 64 180 69 -1 175 180 64 -1 219 156 45 -1 219 167 156 -1 248 82 249 -1 248 83 82 -1 250 172 171 -1 188 172 250 -1 188 103 2 -1 250 103 188 -1 104 113 216 -1 147 113 104 -1 234 213 215 -1 251 213 234 -1 134 107 25 -1 134 34 107 -1 223 143 185 -1 223 235 143 -1 142 145 144 -1 145 142 252 -1 253 243 254 -1 253 221 243 -1 136 255 137 -1 199 255 136 -1 256 255 199 -1 137 257 258 -1 255 257 137 -1 259 135 125 -1 259 260 135 -1 261 262 263 -1 264 262 261 -1 265 262 212 -1 262 265 266 -1 130 267 133 -1 267 130 268 -1 127 210 112 -1 210 127 131 -1 210 212 111 -1 210 265 212 -1 268 129 209 -1 268 130 129 -1 211 262 264 -1 211 212 262 -1 259 268 260 -1 259 267 268 -1 125 269 259 -1 258 269 125 -1 255 263 257 -1 214 263 255 -1 252 141 270 -1 252 142 141 -1 215 235 234 -1 235 215 143 -1 18 126 112 -1 222 126 18 -1 261 251 226 -1 261 213 251 -1 106 147 100 -1 106 113 147 -1 102 2 103 -1 0 2 102 -1 171 271 250 -1 171 170 271 -1 77 101 84 -1 77 108 101 -1 249 272 247 -1 249 82 272 -1 157 85 44 -1 157 67 85 -1 91 85 217 -1 91 246 85 -1 54 203 179 -1 53 203 54 -1 189 218 163 -1 238 218 189 -1 202 83 248 -1 202 80 83 -1 151 78 245 -1 151 76 78 -1 181 176 55 -1 176 181 175 -1 139 254 243 -1 139 138 254 -1 140 166 270 -1 140 39 166 -1 200 130 133 -1 200 128 130 -1 221 26 28 -1 253 26 221 -1 29 205 123 -1 205 29 206 -1 264 273 211 -1 228 273 264 -1 122 142 144 -1 122 121 142 -1 164 274 195 -1 164 241 274 -1 194 231 19 -1 231 194 275 -1 242 238 240 -1 218 238 242 -1 251 236 276 -1 251 234 236 -1 232 6 0 -1 232 230 6 -1 277 193 273 -1 193 277 278 -1 233 223 9 -1 235 223 233 -1 239 224 237 -1 239 4 224 -1 276 226 251 -1 276 227 226 -1 17 222 18 -1 222 17 115 -1 184 182 22 -1 184 183 182 -1 220 186 117 -1 220 208 186 -1 29 253 206 -1 29 26 253 -1 32 37 132 -1 32 36 37 -1 186 128 38 -1 129 128 186 -1 165 270 166 -1 252 270 165 -1 44 14 157 -1 14 44 15 -1 10 45 153 -1 219 45 10 -1 47 13 153 -1 87 13 47 -1 178 56 55 -1 56 178 177 -1 59 68 63 -1 58 68 59 -1 245 84 244 -1 245 78 84 -1 4 168 88 -1 4 239 168 -1 43 247 272 -1 43 246 247 -1 260 209 119 -1 260 268 209 -1 180 70 69 -1 180 160 70 -1 95 247 90 -1 95 249 247 -1 80 76 151 -1 76 80 202 -1 173 249 95 -1 173 248 249 -1 244 100 148 -1 244 84 100 -1 250 104 103 -1 104 250 271 -1 216 102 104 -1 216 279 102 -1 279 115 17 -1 216 115 279 -1 119 220 117 -1 119 209 220 -1 109 27 146 -1 109 187 27 -1 42 187 109 -1 221 42 243 -1 42 221 187 -1 205 141 121 -1 205 207 141 -1 256 214 255 -1 215 214 256 -1 30 258 125 -1 30 137 258 -1 118 260 119 -1 135 260 118 -1 266 263 262 -1 263 266 257 -1 266 280 269 -1 266 265 280 -1 280 133 267 -1 280 131 133 -1 132 200 133 -1 132 37 200 -1 32 204 116 -1 32 132 204 -1 131 265 210 -1 265 131 280 -1 267 269 280 -1 269 267 259 -1 257 269 258 -1 257 266 269 -1 263 213 261 -1 263 214 213 -1 206 254 207 -1 206 253 254 -1 141 254 138 -1 254 141 207 -1 256 143 215 -1 256 144 143 -1 138 270 141 -1 270 138 140 -1 222 204 126 -1 114 204 222 -1 232 17 19 -1 17 232 279 -1 226 264 261 -1 226 228 264 -1 225 228 226 -1 120 86 146 -1 120 217 86 -1 279 0 102 -1 232 0 279 -1 271 147 104 -1 271 148 147 -1 98 150 89 -1 150 98 172 -1 148 170 244 -1 271 170 148 -1 198 82 79 -1 82 198 272 -1 44 246 43 -1 246 44 85 -1 92 217 120 -1 217 92 91 -1 272 191 43 -1 191 272 198 -1 99 219 12 -1 167 219 99 -1 158 155 190 -1 158 156 155 -1 89 154 98 -1 89 88 154 -1 22 48 159 -1 22 201 48 -1 97 171 172 -1 73 171 97 -1 92 23 25 -1 117 23 92 -1 77 248 173 -1 248 77 202 -1 245 74 151 -1 74 245 75 -1 201 50 49 -1 201 182 50 -1 252 174 145 -1 252 165 174 -1 39 139 40 -1 140 139 39 -1 123 30 29 -1 123 136 30 -1 211 193 111 -1 273 193 211 -1 152 79 11 -1 152 198 79 -1 256 122 144 -1 199 122 256 -1 193 275 194 -1 193 278 275 -1 195 8 7 -1 195 274 8 -1 229 273 228 -1 273 229 277 -1 169 3 5 -1 169 196 3 -1' creaseAngle='1.571'>
            <Coordinate DEF='lcaninec_Coord' point='0.4617 55.1575 3.0785 0.4279 55.1775 2.9991 0.4406 55.1568 3.033 0.4059 55.2338 2.9267 0.4254 55.2312 2.9029 0.4054 55.2176 2.9211 0.4654 55.1714 3.0787 0.6027 55.2121 2.8973 0.601 55.2273 2.8995 0.6258 55.2191 2.9217 0.4602 55.0812 2.934 0.4587 55.066 2.9644 0.444 55.0731 2.9624 0.4907 55.0682 2.9239 0.5054 55.0501 2.9296 0.4988 55.0505 2.9327 0.5631 55.208 3.1557 0.5129 55.151 3.1452 0.536 55.1502 3.1583 0.5164 55.1887 3.142 0.5355 55.157 2.8619 0.5851 55.1474 2.8691 0.5577 55.1218 2.871 0.5609 54.9031 3.0574 0.5661 54.9369 3.089 0.5426 54.9076 3.0758 0.6549 54.9701 2.9905 0.6406 54.9245 2.9837 0.6437 54.9301 2.9761 0.6615 55.0172 2.993 0.6625 55.031 2.9981 0.6617 55.0147 3.0024 0.5401 55.0007 3.1359 0.5237 54.9865 3.1309 0.5508 54.9637 3.1098 0.5614 54.9753 3.1181 0.5601 54.991 3.1325 0.5677 55.01 3.1378 0.5718 54.9865 3.1269 0.6647 54.9938 2.8853 0.6605 54.9605 2.8955 0.6443 54.9903 2.8832 0.6453 54.9389 2.9101 0.5085 55.0027 2.9645 0.5184 54.9992 2.9467 0.4769 55.0932 2.9071 0.4957 55.0994 2.8925 0.5006 55.0905 2.8981 0.5191 55.0977 2.8824 0.5234 55.0895 2.8873 0.5877 55.0896 2.8871 0.6185 55.0807 2.883 0.6193 55.07 2.8842 0.5453 55.0782 2.8877 0.5383 55.0731 2.8929 0.5417 55.0463 2.9109 0.5178 55.0749 2.9035 0.5324 55.0732 2.8998 0.5549 55.0102 2.9329 0.5481 55.0059 2.9366 0.5202 55.0484 2.9215 0.5985 54.93 2.9496 0.5885 54.9125 2.9696 0.5658 54.9738 2.9514 0.5906 54.9818 2.9315 0.6014 54.935 2.9439 0.5837 54.9863 2.9413 0.5548 54.9676 2.9518 0.5746 54.9803 2.9473 0.6124 54.9734 2.9087 0.626 55.0203 2.8801 0.5708 55.1815 2.8665 0.6152 55.1774 2.8929 0.4297 55.0743 2.9826 0.4515 55.0443 2.9985 0.4418 55.0439 3.0058 0.4823 54.9589 3.0395 0.4908 54.9338 3.0622 0.4732 54.9619 3.0444 0.4697 55.0458 2.9767 0.4781 54.998 3.0102 0.4585 55.0534 2.9901 0.4884 55.0011 2.9964 0.4846 54.9999 3.0013 0.4557 54.9723 3.0693 0.5383 54.9564 2.961 0.5802 54.908 2.9752 0.5072 55.0724 2.9081 0.4236 55.2048 2.8996 0.4071 55.1873 2.9216 0.5318 54.9114 3.0258 0.5509 54.9042 3.007 0.5577 54.8953 3.0395 0.6267 55.0761 2.8838 0.6331 55.0616 2.8821 0.5192 54.9194 3.0363 0.5267 54.9026 3.065 0.4179 55.1113 2.9531 0.4113 55.1423 2.9235 0.4275 55.1047 2.9345 0.4601 54.9826 3.0958 0.4778 54.9267 3.0926 0.4591 55.1268 3.0853 0.4489 55.122 3.0625 0.453 55.0697 3.0904 0.496 54.9571 3.1152 0.4789 54.996 3.1244 0.5186 54.9299 3.1029 0.5024 54.9078 3.0804 0.6207 54.9109 2.9574 0.6038 54.9435 2.9361 0.6173 55.1974 3.1468 0.5695 55.146 3.1586 0.4723 55.0422 3.1285 0.5046 55.0632 3.152 0.5008 55.0914 3.1503 0.509 55.0158 3.1413 0.564 54.9024 3.0543 0.6278 54.9097 3.0067 0.6074 54.9086 3.0431 0.5908 54.8841 3.0156 0.6671 55.0891 2.9537 0.6635 55.1061 2.9548 0.6656 55.0902 2.9643 0.6559 54.969 3.0001 0.6596 55.0045 3.0452 0.5471 55.0836 3.1574 0.5733 55.0747 3.1484 0.5824 54.9764 3.1191 0.58 54.9537 3.0981 0.5923 54.9679 3.1078 0.6089 55.063 3.137 0.5639 55.032 3.1462 0.6003 55.0249 3.1283 0.5629 54.9557 3.0993 0.6458 54.9465 3.03 0.6664 55.0817 2.9781 0.6673 55.0619 3.0096 0.6777 54.9979 2.9177 0.6716 54.97 2.9075 0.6731 54.995 2.8968 0.6795 55.0447 2.9168 0.6706 55.0847 2.9172 0.6466 55.1879 2.938 0.6543 55.1422 2.9332 0.6479 55.1352 2.9049 0.6103 54.8934 2.9833 0.4542 55.0291 3.0985 0.444 55.0294 3.0685 0.4219 55.1851 2.9895 0.4069 55.1633 2.9573 0.4685 55.001 3.0163 0.47 55.0659 2.9482 0.483 55.0854 2.9154 0.4248 55.1609 2.8966 0.4447 55.1827 2.8767 0.4574 55.1277 2.8823 0.5363 55.0001 2.9401 0.4792 55.1361 2.8741 0.5017 55.146 2.8704 0.6059 55.0437 2.8802 0.5788 55.0801 2.8821 0.5962 55.0705 2.8874 0.505 55.2085 2.8605 0.5359 55.2279 2.8666 0.6521 55.0754 2.8747 0.6594 55.0303 2.878 0.4406 55.1145 2.9059 0.4458 55.2194 2.8847 0.4037 55.2201 2.9533 0.4293 55.0492 3.027 0.4206 55.0798 3.0066 0.4107 55.12 2.9735 0.4959 54.9301 3.0577 0.637 55.1258 2.8788 0.5716 55.0146 2.9193 0.563 55.0153 2.9246 0.5108 55.0646 2.9137 0.5309 55.0465 2.917 0.5522 55.0507 2.8968 0.5808 55.0113 2.9039 0.5481 55.0451 2.9065 0.5786 55.0982 2.8783 0.6028 55.0997 2.8806 0.6122 55.1069 2.8801 0.6318 55.183 2.9127 0.5739 54.9478 3.0921 0.6382 54.9251 2.9714 0.4223 55.1366 2.9959 0.4733 55.2244 2.8693 0.4733 55.1974 2.8616 0.4938 55.0498 2.9405 0.4295 55.195 2.9996 0.6121 55.2602 3.1454 0.5632 55.2265 3.1534 0.5687 55.2204 2.8752 0.4048 55.235 2.9571 0.4422 55.063 2.9809 0.4802 55.0483 2.9628 0.6663 55.1055 2.9663 0.5811 54.9978 3.1277 0.5304 55.0957 2.8817 0.4887 54.9572 3.0367 0.5637 55.0664 2.8832 0.5332 55.0511 3.1523 0.6674 55.0748 2.962 0.6646 55.0215 2.9779 0.6732 55.0434 2.9577 0.5796 54.938 3.0849 0.5866 54.9267 3.0739 0.6143 55.1293 3.1441 0.6425 55.2303 3.1278 0.6443 55.1782 3.1247 0.6683 55.2221 3.0344 0.6706 55.1644 3.0316 0.6628 55.1961 2.976 0.4751 55.0879 3.1253 0.5681 54.9034 2.9868 0.5008 55.2374 2.8622 0.4555 55.0893 2.927 0.5682 54.9069 3.058 0.6475 54.9339 2.9683 0.5149 55.0899 3.1583 0.6284 55.2052 2.9177 0.4242 55.2456 2.9056 0.6622 55.258 3.0791 0.6638 55.2563 3.0703 0.6624 55.271 3.071 0.6562 55.2612 3.1031 0.6539 55.275 3.1022 0.487 55.1765 3.1119 0.5193 55.2062 3.1397 0.4871 55.1628 3.1173 0.6417 55.2209 2.9447 0.6621 55.2176 2.9838 0.6441 55.2069 2.9415 0.6587 55.2312 2.9816 0.4444 55.2514 2.8873 0.4724 55.2401 2.8704 0.4448 55.237 2.8856 0.4718 55.2546 2.8719 0.5361 55.2412 2.8678 0.5021 55.2521 2.8641 0.6617 54.9505 2.9353 0.4397 55.0189 3.0474 0.456 55.0053 3.025 0.5268 54.9556 2.9821 0.5184 54.954 2.9985 0.4964 54.9552 3.0278 0.508 54.9525 3.015 0.4296 55.1023 3.0261 0.6675 55.2418 3.0398 0.6635 55.0807 2.8946 0.658 54.9731 2.9785 0.6729 55.0001 2.9534 0.6702 55.1166 3.0208 0.6671 55.1383 2.9711 0.6681 55.1106 3.0648 0.6674 55.0446 3.0544 0.6459 55.0028 3.0748 0.6308 54.9462 3.0625 0.6647 55.2328 3.0705 0.6617 55.1725 3.1011 0.6682 55.1624 3.072 0.6585 55.2415 3.1039 0.6402 55.119 3.1219 0.6578 55.1133 3.0983 0.6241 55.0081 3.1021 0.6091 54.9574 3.0906 0.6545 55.0478 3.0858 0.6711 55.0379 2.8962 0.4367 55.0605 3.0536 0.4978 55.0033 2.9815 0.6385 55.2616 3.1258 0.5682 55.2351 2.8799 0.5639 55.242 3.1507 0.6652 55.2569 3.04 0.6365 55.2753 3.1242 0.6107 55.274 3.144 0.483 55.1428 3.1184 0.6333 55.0644 3.1142'/>
          </IndexedFaceSet>
        </Shape>
        <Shape DEF='lmolar1c'>
          <Appearance>
            <PhysicalMaterial baseColor='1 0.9843 0.9843' metallic='0' roughness='0.72'/>
          </Appearance>
          <IndexedFaceSet DEF='lmolar1c_Geo' coordIndex='0 1 2 -1 3 4 5 -1 6 7 8 -1 9 10 11 -1 12 13 14 -1 15 16 17 -1 18 19 20 -1 21 22 23 -1 24 25 26 -1 27 17 28 -1 29 30 31 -1 32 33 34 -1 26 25 35 -1 36 24 17 -1 37 38 39 -1 40 41 42 -1 43 21 23 -1 44 23 1 -1 45 46 47 -1 48 49 50 -1 47 51 52 -1 53 54 55 -1 48 50 56 -1 57 58 59 -1 45 60 61 -1 62 63 64 -1 62 60 55 -1 65 66 67 -1 68 66 69 -1 53 70 54 -1 71 0 72 -1 73 70 74 -1 48 75 49 -1 76 69 77 -1 50 78 56 -1 79 80 81 -1 81 82 83 -1 84 85 29 -1 86 84 33 -1 85 84 86 -1 44 1 0 -1 87 88 32 -1 89 90 91 -1 92 93 94 -1 95 38 37 -1 96 97 98 -1 99 100 101 -1 102 103 104 -1 105 106 107 -1 108 109 110 -1 111 112 113 -1 18 20 6 -1 87 114 115 -1 19 116 117 -1 118 119 120 -1 121 118 122 -1 123 115 114 -1 124 125 126 -1 127 128 129 -1 130 131 121 -1 124 132 125 -1 121 131 133 -1 120 119 19 -1 119 7 6 -1 134 18 135 -1 136 117 111 -1 119 20 19 -1 137 103 102 -1 100 138 40 -1 99 139 95 -1 37 92 94 -1 140 10 14 -1 87 141 88 -1 142 143 34 -1 26 28 24 -1 24 36 80 -1 36 16 80 -1 83 42 41 -1 79 144 145 -1 56 78 146 -1 76 147 68 -1 77 148 76 -1 149 150 1 -1 146 138 151 -1 148 62 54 -1 64 152 61 -1 45 47 52 -1 60 153 55 -1 99 67 100 -1 76 48 56 -1 154 155 51 -1 155 156 157 -1 70 73 50 -1 52 158 55 -1 149 1 23 -1 101 40 42 -1 41 144 159 -1 38 160 161 -1 16 36 17 -1 16 15 82 -1 132 30 85 -1 35 25 34 -1 162 163 164 -1 7 165 166 -1 116 167 112 -1 9 12 10 -1 18 134 167 -1 135 6 8 -1 168 169 50 -1 73 170 168 -1 29 171 35 -1 4 156 5 -1 157 4 3 -1 172 173 174 -1 173 163 162 -1 172 163 173 -1 2 1 150 -1 156 175 5 -1 4 157 156 -1 73 74 170 -1 168 176 169 -1 18 6 135 -1 104 107 177 -1 12 14 10 -1 167 134 178 -1 165 43 166 -1 162 164 179 -1 35 34 33 -1 91 31 180 -1 30 29 85 -1 28 26 171 -1 16 82 81 -1 38 161 39 -1 101 42 181 -1 32 143 142 -1 176 168 149 -1 46 167 47 -1 49 70 50 -1 157 182 155 -1 51 155 182 -1 54 62 55 -1 62 64 60 -1 61 60 64 -1 60 45 153 -1 54 75 148 -1 178 183 47 -1 151 147 146 -1 158 182 53 -1 49 75 70 -1 148 48 76 -1 146 147 56 -1 79 159 144 -1 83 184 42 -1 16 81 80 -1 34 185 142 -1 88 86 32 -1 21 142 22 -1 140 14 89 -1 37 94 95 -1 186 57 97 -1 99 95 59 -1 100 40 101 -1 111 187 136 -1 116 18 167 -1 6 20 119 -1 125 188 141 -1 141 115 125 -1 133 123 121 -1 124 189 132 -1 130 190 131 -1 127 191 128 -1 131 126 133 -1 123 133 115 -1 121 123 118 -1 118 192 119 -1 117 193 19 -1 115 141 87 -1 19 18 116 -1 111 113 109 -1 108 194 109 -1 107 195 105 -1 102 104 177 -1 98 196 96 -1 95 139 38 -1 92 197 93 -1 89 14 90 -1 32 142 87 -1 86 188 85 -1 33 32 86 -1 28 171 29 -1 28 17 24 -1 81 159 79 -1 185 24 80 -1 56 147 76 -1 76 68 69 -1 48 148 75 -1 5 71 72 -1 70 75 54 -1 66 198 69 -1 66 151 67 -1 69 63 77 -1 178 47 167 -1 153 52 55 -1 58 99 59 -1 157 53 182 -1 158 53 55 -1 50 73 168 -1 45 52 153 -1 142 21 87 -1 44 43 23 -1 40 144 41 -1 37 39 199 -1 26 35 171 -1 143 32 34 -1 31 28 29 -1 27 28 31 -1 31 200 27 -1 15 17 27 -1 201 9 11 -1 135 8 134 -1 8 178 134 -1 5 72 3 -1 0 2 72 -1 183 71 175 -1 5 175 71 -1 74 202 170 -1 11 203 201 -1 204 203 11 -1 93 205 196 -1 206 205 93 -1 195 207 105 -1 208 207 195 -1 209 128 210 -1 209 211 128 -1 212 213 214 -1 213 212 215 -1 216 217 218 -1 216 219 217 -1 202 150 170 -1 202 2 150 -1 202 157 3 -1 202 74 157 -1 175 154 183 -1 175 220 154 -1 221 176 22 -1 176 221 169 -1 177 106 222 -1 107 106 177 -1 160 223 161 -1 160 184 223 -1 99 181 139 -1 99 101 181 -1 224 122 225 -1 226 122 224 -1 227 64 63 -1 152 64 227 -1 154 47 183 -1 51 47 154 -1 185 22 142 -1 185 221 22 -1 185 25 24 -1 185 34 25 -1 228 229 180 -1 229 228 230 -1 163 140 164 -1 231 140 163 -1 184 181 42 -1 184 160 181 -1 9 199 12 -1 9 232 199 -1 57 233 58 -1 233 57 186 -1 227 234 235 -1 198 234 227 -1 236 137 102 -1 236 235 137 -1 113 45 237 -1 45 113 46 -1 222 102 177 -1 222 238 102 -1 187 239 136 -1 240 239 187 -1 112 46 113 -1 112 167 46 -1 124 131 241 -1 124 126 131 -1 242 136 239 -1 243 136 242 -1 244 243 242 -1 244 224 243 -1 121 226 130 -1 226 121 122 -1 245 130 226 -1 245 246 130 -1 247 248 190 -1 247 191 248 -1 191 210 128 -1 191 247 210 -1 212 245 244 -1 249 245 212 -1 248 250 241 -1 248 251 250 -1 242 212 244 -1 212 242 215 -1 118 225 122 -1 225 118 120 -1 239 215 242 -1 239 252 215 -1 189 30 132 -1 30 189 228 -1 116 111 117 -1 116 112 111 -1 237 109 113 -1 110 109 237 -1 238 108 110 -1 238 222 108 -1 253 152 236 -1 253 61 152 -1 233 235 234 -1 233 137 235 -1 58 234 65 -1 234 58 233 -1 58 67 99 -1 65 67 58 -1 9 254 232 -1 9 201 254 -1 255 161 223 -1 256 161 255 -1 200 91 90 -1 91 200 31 -1 89 180 229 -1 89 91 180 -1 188 88 141 -1 188 86 88 -1 80 221 185 -1 80 79 221 -1 40 146 144 -1 40 138 146 -1 0 178 166 -1 0 183 178 -1 0 71 183 -1 227 69 198 -1 63 69 227 -1 182 52 51 -1 182 158 52 -1 244 226 224 -1 245 226 244 -1 92 199 232 -1 92 37 199 -1 191 251 248 -1 191 127 251 -1 13 90 14 -1 13 256 90 -1 222 257 108 -1 106 257 222 -1 155 175 156 -1 154 175 155 -1 220 175 154 -1 252 213 215 -1 258 213 252 -1 259 210 260 -1 259 209 210 -1 207 217 105 -1 207 218 217 -1 196 261 96 -1 205 261 196 -1 201 262 254 -1 203 262 201 -1 263 11 231 -1 263 204 11 -1 197 206 93 -1 264 206 197 -1 265 208 195 -1 266 208 265 -1 211 129 128 -1 211 267 129 -1 249 214 268 -1 214 249 212 -1 219 269 270 -1 216 269 219 -1 2 3 72 -1 2 202 3 -1 194 240 187 -1 271 240 194 -1 27 255 15 -1 255 27 200 -1 82 184 83 -1 184 82 223 -1 87 43 165 -1 43 87 21 -1 97 59 98 -1 97 57 59 -1 146 145 144 -1 146 78 145 -1 147 66 68 -1 147 151 66 -1 169 78 50 -1 169 145 78 -1 15 223 82 -1 15 255 223 -1 29 33 84 -1 29 35 33 -1 230 189 250 -1 230 228 189 -1 229 179 164 -1 179 229 230 -1 139 160 38 -1 160 139 181 -1 13 199 39 -1 12 199 13 -1 94 196 98 -1 94 93 196 -1 96 104 97 -1 265 104 96 -1 265 107 104 -1 107 265 195 -1 152 235 236 -1 152 227 235 -1 61 237 45 -1 253 237 61 -1 106 217 257 -1 106 105 217 -1 257 219 271 -1 257 217 219 -1 252 240 270 -1 252 239 240 -1 87 192 114 -1 87 165 192 -1 117 243 193 -1 136 243 117 -1 118 114 192 -1 118 123 114 -1 224 193 243 -1 224 225 193 -1 115 126 125 -1 126 115 133 -1 250 179 230 -1 251 179 250 -1 260 247 246 -1 210 247 260 -1 129 162 127 -1 173 162 129 -1 190 246 247 -1 246 190 130 -1 190 241 131 -1 248 241 190 -1 241 189 124 -1 241 250 189 -1 225 19 193 -1 225 120 19 -1 132 188 125 -1 132 85 188 -1 7 192 165 -1 192 7 119 -1 109 187 111 -1 187 109 194 -1 271 270 240 -1 270 271 219 -1 110 253 238 -1 110 237 253 -1 238 236 102 -1 253 236 238 -1 186 137 233 -1 103 137 186 -1 66 234 198 -1 234 66 65 -1 97 103 186 -1 104 103 97 -1 98 95 94 -1 59 95 98 -1 39 256 13 -1 39 161 256 -1 231 10 140 -1 10 231 11 -1 89 164 140 -1 229 164 89 -1 30 180 31 -1 30 228 180 -1 43 0 166 -1 0 43 44 -1 221 145 169 -1 221 79 145 -1 22 149 23 -1 149 22 176 -1 148 63 62 -1 148 77 63 -1 67 138 100 -1 67 151 138 -1 149 170 150 -1 168 170 149 -1 249 246 245 -1 249 260 246 -1 41 81 83 -1 41 159 81 -1 232 197 92 -1 197 232 254 -1 127 179 251 -1 127 162 179 -1 8 166 178 -1 8 7 166 -1 200 256 255 -1 256 200 90 -1 108 271 194 -1 257 271 108 -1 53 74 70 -1 53 157 74 -1 270 258 252 -1 269 258 270 -1 268 260 249 -1 268 259 260 -1 267 173 129 -1 267 174 173 -1 261 265 96 -1 261 266 265 -1 254 264 197 -1 262 264 254 -1 172 231 163 -1 172 263 231 -1' creaseAngle='1.571'>
            <Coordinate DEF='lmolar1c_Coord' point='0.7602 54.9939 2.214 0.7744 55.0059 2.1718 0.791 55.0461 2.2093 0.8041 55.072 2.255 0.8012 55.0728 2.2604 0.7676 55.0373 2.2498 0.6957 54.9875 2.229 0.7033 54.9828 2.1969 0.7057 54.9906 2.2258 0.9707 55.3022 2.1171 0.9526 55.2979 2.1028 0.9475 55.314 2.1059 0.9894 55.2078 2.0945 0.9923 55.1823 2.0892 0.962 55.1961 2.0776 0.9641 55.0366 2.0621 0.9583 55.0228 2.097 0.9345 55.0597 2.0551 0.6947 55.0189 2.2705 0.6502 55.0569 2.246 0.6757 55.0061 2.2396 0.7696 55.0112 2.128 0.8146 55.0327 2.1367 0.7884 55.0163 2.1456 0.8827 55.0903 2.0852 0.8702 55.0879 2.0843 0.8764 55.0893 2.0806 0.9383 55.0598 2.0454 0.8987 55.0778 2.0233 0.8421 55.0578 1.9995 0.8373 55.0677 1.9893 0.8996 55.0792 2.0196 0.7816 55.0445 2.0663 0.8307 55.0463 2.0641 0.8406 55.081 2.1107 0.8482 55.0605 2.0479 0.9291 55.0567 2.0869 1.0139 55.2172 2.1613 1.0202 55.1581 2.1503 1.0157 55.1672 2.1113 0.9846 55.0442 2.1971 0.9804 55.0015 2.1506 1.0013 55.0364 2.1626 0.7556 54.9878 2.1628 0.7698 54.9986 2.1698 0.8028 55.0569 2.3585 0.7737 55.0524 2.3426 0.7785 55.0417 2.3299 0.9063 55.0603 2.2479 0.8658 55.0981 2.2238 0.8664 55.0995 2.2165 0.789 55.0549 2.3163 0.806 55.0617 2.329 0.8302 55.0801 2.2756 0.8442 55.0746 2.3072 0.8343 55.061 2.3299 0.9177 55.0693 2.2245 0.9998 55.193 2.3025 1.0048 55.1327 2.302 1.009 55.2092 2.2404 0.8651 55.0448 2.3803 0.8597 55.0624 2.3863 0.875 55.0506 2.339 0.921 55.0118 2.3739 0.8938 55.0276 2.381 0.9961 55.0774 2.2963 0.9837 55.0388 2.2854 0.993 55.0876 2.2491 0.9636 55.0069 2.2801 0.9488 55.0004 2.3285 0.8378 55.0951 2.2408 0.7588 54.9993 2.2378 0.7834 55.0301 2.2351 0.833 55.0928 2.2348 0.8272 55.0939 2.2462 0.8562 55.0738 2.2636 0.9477 55.0216 2.2607 0.9153 55.0057 2.3024 0.9133 55.0581 2.2019 0.9052 55.0302 2.1382 0.9128 55.0367 2.1143 0.9712 55.0009 2.1192 0.9878 55.0117 2.0824 0.9901 54.9988 2.1171 0.8124 55.0309 2.0176 0.7954 55.0335 1.9915 0.7863 55.0145 2.0263 0.7467 55.015 2.117 0.7718 55.008 2.0747 0.8988 55.178 2.0597 0.954 55.1219 2.0508 0.9059 55.1151 2.0301 0.9909 55.2988 2.1709 0.987 55.313 2.1997 0.9964 55.2885 2.2059 1.0115 55.2169 2.1971 0.9784 55.3007 2.3153 0.9927 55.2579 2.3072 0.9982 55.277 2.2453 0.9995 55.1481 2.2337 0.9926 55.0917 2.2294 1.0009 55.0928 2.2072 0.916 55.1827 2.3923 0.9553 55.2008 2.3733 0.9603 55.2555 2.3603 0.8894 55.2818 2.3685 0.8881 55.2596 2.3639 0.9182 55.2626 2.3712 0.8412 55.216 2.3498 0.7773 55.1545 2.3444 0.8242 55.16 2.371 0.7154 55.1348 2.3219 0.7157 55.0729 2.3154 0.7709 55.0973 2.3538 0.7066 55.0374 2.1161 0.7061 55.0146 2.064 0.6884 55.0625 2.2911 0.6684 55.1344 2.2868 0.6581 55.0473 2.145 0.6766 55.0004 2.1923 0.6414 55.0498 2.1893 0.6573 55.1174 2.111 0.6431 55.115 2.1449 0.6816 55.063 2.1147 0.7252 55.0652 1.989 0.7322 55.0144 2.0035 0.6931 55.0606 2.03 0.7469 55.244 2.0361 0.7222 55.2657 2.0499 0.7579 55.27 2.0475 0.6533 55.1792 2.1137 0.6734 55.1172 2.0587 0.7943 55.0387 1.9789 0.68 55.0605 2.0664 0.7155 55.0039 2.2769 0.7056 55.005 2.2527 0.662 55.1913 2.2737 0.9494 55.1537 2.3811 0.9707 55.0522 2.2154 1.0116 55.1489 2.1843 0.8968 55.2623 2.0964 0.7356 55.0054 2.0653 0.7959 55.0644 2.1089 0.8003 55.0642 2.1038 0.9546 55.0186 2.1875 0.9098 55.0472 2.1782 0.9539 55.0318 2.2072 0.9617 55.0277 2.2311 0.8818 55.0335 2.281 0.8021 55.0504 2.1939 0.7928 55.0503 2.2007 0.9741 55.0492 2.2396 0.899 55.0584 2.3899 0.8185 55.0589 2.3442 0.7709 55.0294 2.284 0.7946 55.0611 2.2903 0.7951 55.0708 2.2637 0.8221 55.0843 2.2727 0.8209 55.0762 2.292 0.9651 55.0037 2.1437 1.0193 55.1005 2.1367 1.0205 55.1087 2.0951 0.7906 55.2568 2.0442 0.8448 55.2821 2.0674 0.8478 55.2247 2.0636 0.7365 54.9834 2.1573 0.7339 54.9778 2.2087 0.7259 55.0363 2.3105 0.823 55.0845 2.223 0.86 55.0768 2.1698 0.8138 55.086 2.23 0.8544 55.0607 2.0452 0.8425 55.2938 2.0703 0.7947 55.2745 2.0519 0.7933 55.2855 2.0571 0.7674 55.0362 2.2569 0.8215 55.0593 2.1858 0.9157 55.2379 2.3744 0.7404 54.9993 2.2854 0.7868 55.2073 2.0196 0.8759 55.1067 2.0141 1.013 55.0932 2.1731 0.822 55.0794 2.2793 0.7561 55.01 2.2855 1.009 55.0454 2.1201 0.8439 55.0802 2.1186 0.9937 55.1899 2.3253 0.7224 55.2032 2.3044 0.743 55.0063 2.0222 0.7763 55.0861 1.9776 0.6733 55.1852 2.0716 0.7183 55.2372 2.0408 0.6994 55.004 2.1496 0.6383 55.1204 2.2389 0.7931 55.2086 2.3325 0.9224 55.2899 2.3674 0.9846 55.3056 2.2439 0.98 55.3186 2.1718 0.9621 55.0352 2.335 1.0068 55.2167 2.1235 0.9444 55.0797 2.0398 0.9652 55.3169 2.1224 0.8106 55.0798 2.2369 0.9614 55.3281 2.1254 0.9445 55.3255 2.1089 0.9799 55.3166 2.2433 0.9825 55.3241 2.2021 0.8884 55.2936 2.3671 0.9201 55.3015 2.3651 0.6847 55.2728 2.0978 0.6834 55.2612 2.0942 0.7234 55.2769 2.0548 0.656 55.2591 2.1798 0.6521 55.27 2.2241 0.6596 55.2705 2.1815 0.6485 55.2586 2.2246 0.8068 55.2922 2.3367 0.8499 55.2816 2.3552 0.8497 55.2935 2.3538 0.8072 55.2804 2.3387 0.77 55.0324 2.2715 0.8579 55.0592 2.1371 0.8872 55.2257 2.3679 1.0041 55.0528 2.077 0.6327 55.1726 2.1809 0.6333 55.1069 2.1853 0.643 55.1759 2.1472 0.929 55.0442 2.3807 0.8157 55.0953 1.9835 0.8556 55.1693 2.0341 0.8004 55.1509 1.9966 0.8974 55.2981 2.101 0.982 55.3045 2.1379 0.992 55.1389 2.3329 0.9765 55.0842 2.3402 0.9406 55.1048 2.3846 0.9093 55.1197 2.3995 0.8076 55.1117 2.371 0.8786 55.1738 2.3863 0.6719 55.2418 2.2673 0.7325 55.2388 2.3043 0.713 55.1339 2.007 0.6424 55.2377 2.2248 0.6328 55.1894 2.2333 0.64 55.2212 2.1869 0.6499 55.2215 2.1533 0.6604 55.2218 2.1199 0.6837 55.2334 2.0834 0.7065 55.1899 2.0257 0.6606 55.2593 2.1526 0.7511 55.1433 1.9921 0.7394 55.1971 2.0178 0.6783 55.2619 2.2721 0.8613 55.1181 2.3951 0.9756 55.3187 2.1434 0.9764 55.0651 2.0537 0.99 55.1158 2.0686 0.8469 55.2524 2.3478 0.6801 55.2736 2.2694 0.6686 55.2711 2.1258 0.6658 55.2593 2.1241 0.9738 55.3118 2.3153 0.9711 55.3297 2.1458 0.895 55.3099 2.1033 0.9751 55.3296 2.1724 0.9577 55.2986 2.354 0.955 55.31 2.3516 0.7572 55.281 2.053 0.6641 55.2708 2.1534 0.7423 55.2852 2.3055 0.7426 55.2737 2.3082 0.8015 55.2448 2.3312'/>
          </IndexedFaceSet>
        </Shape>
        <Shape DEF='lmolar2c'>
          <Appearance>
            <PhysicalMaterial baseColor='1 0.9843 0.9843' metallic='0' roughness='0.72'/>
          </Appearance>
          <IndexedFaceSet DEF='lmolar2c_Geo' coordIndex='0 1 2 -1 3 4 5 -1 6 7 4 -1 8 9 1 -1 10 11 12 -1 13 14 15 -1 16 14 17 -1 18 16 19 -1 20 21 22 -1 23 24 25 -1 15 26 13 -1 27 2 1 -1 28 29 30 -1 31 32 33 -1 34 35 36 -1 37 38 39 -1 40 35 41 -1 42 5 4 -1 43 44 45 -1 46 47 23 -1 23 48 49 -1 50 51 48 -1 52 53 54 -1 55 56 51 -1 57 58 59 -1 60 61 45 -1 62 63 64 -1 65 66 67 -1 68 69 19 -1 70 71 72 -1 73 43 74 -1 75 76 77 -1 58 73 78 -1 79 80 81 -1 82 83 84 -1 85 86 87 -1 88 87 86 -1 89 90 91 -1 92 93 81 -1 90 89 94 -1 95 89 50 -1 96 97 47 -1 98 97 96 -1 46 99 100 -1 101 102 103 -1 104 24 105 -1 106 92 80 -1 107 108 109 -1 110 111 112 -1 113 114 115 -1 111 116 117 -1 118 119 120 -1 37 121 122 -1 5 42 123 -1 2 124 125 -1 126 127 63 -1 29 28 37 -1 89 91 128 -1 128 106 129 -1 74 130 81 -1 131 132 133 -1 34 104 134 -1 135 136 137 -1 102 101 138 -1 139 22 19 -1 140 141 142 -1 143 144 145 -1 146 49 135 -1 147 49 48 -1 103 148 105 -1 82 86 85 -1 130 74 43 -1 80 129 106 -1 99 23 25 -1 149 127 126 -1 150 2 125 -1 123 42 151 -1 152 123 151 -1 153 154 155 -1 122 156 157 -1 112 117 114 -1 158 159 160 -1 161 54 53 -1 162 98 96 -1 163 164 94 -1 89 95 94 -1 129 80 79 -1 94 165 133 -1 47 163 166 -1 41 167 168 -1 82 85 169 -1 85 36 170 -1 82 171 133 -1 172 77 173 -1 174 27 71 -1 175 176 68 -1 177 152 178 -1 39 179 170 -1 180 30 145 -1 181 73 58 -1 182 56 55 -1 137 138 101 -1 52 54 45 -1 141 136 147 -1 51 50 128 -1 23 47 166 -1 151 42 183 -1 34 184 185 -1 34 41 35 -1 32 186 33 -1 31 33 187 -1 167 145 30 -1 153 188 189 -1 190 176 175 -1 191 175 21 -1 192 193 194 -1 146 101 103 -1 192 195 196 -1 197 26 15 -1 12 11 198 -1 72 9 199 -1 200 8 1 -1 201 65 67 -1 174 202 140 -1 203 204 201 -1 205 9 8 -1 206 159 207 -1 75 208 209 -1 116 210 211 -1 114 212 213 -1 192 20 139 -1 213 115 114 -1 211 117 116 -1 209 76 75 -1 122 157 214 -1 206 207 215 -1 201 216 203 -1 3 6 4 -1 201 204 65 -1 199 70 72 -1 197 15 18 -1 192 196 20 -1 23 146 103 -1 195 192 194 -1 192 139 193 -1 194 17 186 -1 71 27 1 -1 188 217 189 -1 30 29 167 -1 187 218 31 -1 32 144 186 -1 34 185 41 -1 184 34 134 -1 23 166 219 -1 128 53 220 -1 101 146 137 -1 45 54 161 -1 181 221 73 -1 52 222 55 -1 223 33 186 -1 40 39 170 -1 178 224 177 -1 63 216 225 -1 63 203 216 -1 174 7 27 -1 128 79 161 -1 173 78 172 -1 161 79 130 -1 133 165 82 -1 170 169 85 -1 169 83 82 -1 41 226 167 -1 47 97 163 -1 128 91 106 -1 94 133 132 -1 94 95 163 -1 164 165 94 -1 53 128 161 -1 49 146 23 -1 201 67 227 -1 158 160 228 -1 114 113 112 -1 122 229 156 -1 153 155 230 -1 151 178 152 -1 6 3 2 -1 150 0 2 -1 10 231 13 -1 232 180 233 -1 106 91 90 -1 43 161 130 -1 82 165 86 -1 103 234 148 -1 222 182 55 -1 147 135 49 -1 135 137 146 -1 140 142 235 -1 199 9 236 -1 139 19 193 -1 102 138 202 -1 237 10 13 -1 147 136 135 -1 171 131 133 -1 238 74 81 -1 106 90 92 -1 128 50 89 -1 100 88 96 -1 29 37 239 -1 63 225 126 -1 2 3 124 -1 240 5 241 -1 122 38 37 -1 118 242 119 -1 117 112 111 -1 115 243 113 -1 110 112 244 -1 109 245 107 -1 66 227 67 -1 104 105 134 -1 220 51 128 -1 102 69 103 -1 100 96 46 -1 47 46 96 -1 50 219 95 -1 96 88 162 -1 80 92 81 -1 128 129 79 -1 88 100 87 -1 90 94 132 -1 85 87 36 -1 82 84 171 -1 79 81 130 -1 173 58 78 -1 75 77 172 -1 246 84 83 -1 74 78 73 -1 19 22 68 -1 68 176 69 -1 65 247 66 -1 62 203 63 -1 60 45 44 -1 57 181 58 -1 51 220 55 -1 50 48 219 -1 48 23 219 -1 23 99 46 -1 45 161 43 -1 221 248 73 -1 40 41 168 -1 39 239 37 -1 144 249 186 -1 250 218 187 -1 72 71 1 -1 196 191 21 -1 139 20 22 -1 20 196 21 -1 70 199 19 -1 186 195 194 -1 19 16 193 -1 251 199 236 -1 10 237 11 -1 149 252 127 -1 9 72 1 -1 174 102 202 -1 1 0 200 -1 38 122 214 -1 253 254 242 -1 253 255 254 -1 256 257 258 -1 256 259 257 -1 260 261 215 -1 262 261 260 -1 263 243 264 -1 263 245 243 -1 265 266 267 -1 268 266 265 -1 269 270 271 -1 272 270 269 -1 273 255 274 -1 273 254 255 -1 210 76 209 -1 116 76 210 -1 275 218 250 -1 275 276 218 -1 179 157 277 -1 157 179 214 -1 177 241 152 -1 278 241 177 -1 150 203 62 -1 150 204 203 -1 66 279 228 -1 66 247 279 -1 125 204 150 -1 204 125 65 -1 280 198 281 -1 280 12 198 -1 252 231 280 -1 282 231 252 -1 249 191 196 -1 249 283 191 -1 21 68 22 -1 175 68 21 -1 143 190 283 -1 226 190 143 -1 51 147 48 -1 51 56 147 -1 284 285 108 -1 284 286 285 -1 282 13 231 -1 282 287 13 -1 144 180 145 -1 144 32 180 -1 288 287 282 -1 288 289 287 -1 178 57 224 -1 178 181 57 -1 246 169 277 -1 83 169 246 -1 172 290 75 -1 238 290 172 -1 35 170 36 -1 35 40 170 -1 164 162 165 -1 98 162 164 -1 259 291 257 -1 292 291 259 -1 293 159 206 -1 159 293 160 -1 294 215 207 -1 294 260 215 -1 284 260 294 -1 284 295 260 -1 59 244 285 -1 110 244 59 -1 267 212 296 -1 212 267 213 -1 296 122 297 -1 229 122 296 -1 155 297 230 -1 155 265 297 -1 275 271 189 -1 275 269 271 -1 298 289 299 -1 298 300 289 -1 151 181 178 -1 151 221 181 -1 300 287 289 -1 223 287 300 -1 277 156 246 -1 277 157 156 -1 53 55 220 -1 53 52 55 -1 27 6 2 -1 7 6 27 -1 26 199 251 -1 26 197 199 -1 16 15 14 -1 16 18 15 -1 198 205 301 -1 205 198 11 -1 105 23 103 -1 105 24 23 -1 38 179 39 -1 38 214 179 -1 33 300 187 -1 33 223 300 -1 116 77 76 -1 116 111 77 -1 302 298 303 -1 302 250 298 -1 230 122 121 -1 230 297 122 -1 299 254 273 -1 254 299 304 -1 297 267 296 -1 297 265 267 -1 113 244 112 -1 244 113 109 -1 294 286 284 -1 286 294 305 -1 291 293 257 -1 291 160 293 -1 306 118 120 -1 307 118 306 -1 190 234 176 -1 234 190 185 -1 95 166 163 -1 219 166 95 -1 97 164 163 -1 97 98 164 -1 74 172 78 -1 74 238 172 -1 209 84 246 -1 209 208 84 -1 235 183 42 -1 235 60 183 -1 65 124 247 -1 125 124 65 -1 32 233 180 -1 32 31 233 -1 60 248 183 -1 60 44 248 -1 108 295 284 -1 295 108 107 -1 40 239 39 -1 40 168 239 -1 226 145 167 -1 226 143 145 -1 11 9 205 -1 236 9 11 -1 197 19 199 -1 197 18 19 -1 17 13 186 -1 17 14 13 -1 283 144 143 -1 249 144 283 -1 237 236 11 -1 237 251 236 -1 288 252 149 -1 288 282 252 -1 279 124 240 -1 247 124 279 -1 306 216 292 -1 306 225 216 -1 152 5 123 -1 241 5 152 -1 170 277 169 -1 277 170 179 -1 31 276 233 -1 276 31 218 -1 188 232 217 -1 232 188 28 -1 308 303 309 -1 302 303 308 -1 271 310 154 -1 270 310 271 -1 266 213 267 -1 266 311 213 -1 312 245 263 -1 312 107 245 -1 215 313 206 -1 261 313 215 -1 307 256 314 -1 256 307 259 -1 315 242 118 -1 242 315 253 -1 316 257 293 -1 316 258 257 -1 262 295 317 -1 262 260 295 -1 115 264 243 -1 318 264 115 -1 268 155 319 -1 265 155 268 -1 302 272 269 -1 308 272 302 -1 250 269 275 -1 269 250 302 -1 278 320 158 -1 278 177 320 -1 0 62 200 -1 0 150 62 -1 64 200 62 -1 64 301 200 -1 228 227 66 -1 160 227 228 -1 227 160 291 -1 140 7 174 -1 140 4 7 -1 252 281 127 -1 252 280 281 -1 304 242 254 -1 304 119 242 -1 231 12 280 -1 231 10 12 -1 174 70 102 -1 71 70 174 -1 26 237 13 -1 26 251 237 -1 17 193 16 -1 17 194 193 -1 191 190 175 -1 191 283 190 -1 87 24 104 -1 24 87 25 -1 148 134 105 -1 134 148 184 -1 44 73 248 -1 44 43 73 -1 56 141 147 -1 182 141 56 -1 182 142 141 -1 45 222 52 -1 45 61 222 -1 59 286 57 -1 286 59 285 -1 127 64 63 -1 281 64 127 -1 102 19 69 -1 102 70 19 -1 75 131 208 -1 290 131 75 -1 162 86 165 -1 162 88 86 -1 93 90 132 -1 92 90 93 -1 238 93 290 -1 93 238 81 -1 207 305 294 -1 320 305 207 -1 285 109 108 -1 285 244 109 -1 211 296 212 -1 211 229 296 -1 149 120 119 -1 120 149 126 -1 28 121 37 -1 188 121 28 -1 189 276 275 -1 276 189 217 -1 299 303 298 -1 299 273 303 -1 59 173 110 -1 58 173 59 -1 210 246 156 -1 209 246 210 -1 132 290 93 -1 131 290 132 -1 202 141 140 -1 202 138 141 -1 103 176 234 -1 176 103 69 -1 185 226 41 -1 190 226 185 -1 142 60 235 -1 61 60 142 -1 233 217 232 -1 233 276 217 -1 281 301 64 -1 281 198 301 -1 110 77 111 -1 173 77 110 -1 187 298 250 -1 298 187 300 -1 230 188 153 -1 188 230 121 -1 304 289 288 -1 304 299 289 -1 156 211 210 -1 156 229 211 -1 243 109 113 -1 109 243 245 -1 57 305 224 -1 57 286 305 -1 320 224 305 -1 177 224 320 -1 279 158 228 -1 279 278 158 -1 120 225 306 -1 120 126 225 -1 99 87 100 -1 99 25 87 -1 208 171 84 -1 131 171 208 -1 4 235 42 -1 140 235 4 -1 278 240 241 -1 240 278 279 -1 239 167 29 -1 167 239 168 -1 223 13 287 -1 223 186 13 -1 183 221 151 -1 221 183 248 -1 138 136 141 -1 137 136 138 -1 182 61 142 -1 182 222 61 -1 184 234 185 -1 184 148 234 -1 104 36 87 -1 36 104 34 -1 189 154 153 -1 154 189 271 -1 196 186 249 -1 196 195 186 -1 288 119 304 -1 288 149 119 -1 240 3 5 -1 124 3 240 -1 292 227 291 -1 216 227 292 -1 201 227 216 -1 8 301 205 -1 301 8 200 -1 292 307 306 -1 307 292 259 -1 207 158 320 -1 159 158 207 -1 180 28 30 -1 180 232 28 -1 212 117 211 -1 114 117 212 -1 273 309 303 -1 274 309 273 -1 319 154 310 -1 319 155 154 -1 311 115 213 -1 311 318 115 -1 107 317 295 -1 312 317 107 -1 206 316 293 -1 313 316 206 -1 314 118 307 -1 118 314 315 -1' creaseAngle='1.571'>
            <Coordinate DEF='lmolar2c_Coord' point='0.8147 55.059 1.7796 0.8446 55.0586 1.7815 0.8091 55.0681 1.8027 0.8013 55.0547 1.8314 0.8242 55.0354 1.8475 0.7941 55.0387 1.8718 0.8159 55.0504 1.8242 0.8316 55.0464 1.8193 0.8506 55.0541 1.7567 0.8679 55.0731 1.7565 0.8842 55.0821 1.6912 0.8609 55.059 1.7193 0.8546 55.0634 1.6974 0.9216 55.1138 1.6959 0.9274 55.1144 1.7069 0.9211 55.1141 1.7062 0.9217 55.1163 1.7639 0.953 55.1205 1.71 0.9182 55.1161 1.7654 0.9181 55.1158 1.7721 0.9521 55.1167 1.7541 0.9718 55.0962 1.7486 0.9255 55.1133 1.7715 0.9478 55.1194 1.8707 0.9515 55.1125 1.859 0.9513 55.1169 1.8714 0.9126 55.107 1.7113 0.8391 55.0575 1.7911 1.0743 55.1016 1.7708 1.0551 55.0635 1.7767 1.0523 55.0811 1.7474 1.0133 55.126 1.718 1.0109 55.1102 1.7215 0.9719 55.1319 1.7095 1.0152 55.0596 1.8337 1.0212 55.0511 1.8358 1.0199 55.0655 1.8782 1.0815 55.0911 1.8262 1.0749 55.0965 1.8567 1.05 55.0566 1.8436 1.0406 55.0455 1.8408 1.0253 55.0455 1.7926 0.8192 55.0273 1.8984 0.8845 55.0667 1.9855 0.8728 55.0558 1.9651 0.8881 55.0648 1.962 0.9484 55.1156 1.8825 0.9457 55.1144 1.8844 0.9433 55.1185 1.8736 0.9435 55.1202 1.8704 0.9328 55.1073 1.9178 0.924 55.1026 1.9342 0.8951 55.0683 1.9316 0.9209 55.0993 1.9389 0.8934 55.0668 1.9601 0.8946 55.0702 1.9214 0.896 55.0715 1.912 0.8259 55.0972 1.9838 0.8739 55.0791 2.0032 0.8685 55.1101 2.0101 0.8596 55.0439 1.9416 0.8683 55.051 1.9383 0.7983 55.0644 1.7585 0.7952 55.0735 1.7263 0.8059 55.0619 1.7285 0.7927 55.0871 1.8081 0.7516 55.1291 1.84 0.7602 55.1288 1.8158 0.9318 55.1072 1.7761 0.9417 55.1023 1.7926 0.9117 55.1093 1.7737 0.8629 55.0673 1.7832 0.8603 55.0705 1.7796 0.8758 55.0753 2 0.9312 55.0623 2.0172 1.0034 55.0355 2.0219 1.01 55.0483 2.0217 0.9846 55.0644 2.041 0.9289 55.0715 2.0248 0.9489 55.065 1.9997 0.9717 55.0646 2.0036 0.9765 55.0508 2.0186 1.0244 55.035 1.914 1.044 55.034 1.9176 1.0444 55.0238 1.9432 1.0204 55.052 1.8897 1.0124 55.058 1.9004 1.0018 55.08 1.8822 1.0062 55.0681 1.9028 0.9743 55.0706 1.9591 0.9928 55.0548 1.9812 0.9746 55.0784 1.9801 0.9865 55.0527 1.9953 0.9949 55.0342 2.0024 0.993 55.0467 1.9425 0.9818 55.0596 1.9348 1.0014 55.0696 1.9067 0.9982 55.0684 1.9104 1.0011 55.0653 1.9138 0.9485 55.1156 1.878 1.002 55.0719 1.9019 0.9375 55.0968 1.7971 0.9317 55.0974 1.7909 0.9445 55.0998 1.795 1.0037 55.07 1.8477 0.9516 55.1107 1.8538 0.9726 55.0766 1.9888 0.848 55.2693 1.997 0.8498 55.2257 1.9998 0.92 55.2246 2.0247 0.9318 55.1146 2.0361 0.9964 55.1028 2.049 0.9959 55.1527 2.0539 0.9918 55.2192 2.0463 1.0271 55.2166 2.0405 1.0158 55.262 2.0368 1.0229 55.0906 2.0297 1.0275 55.1414 2.0391 0.7688 55.2334 1.718 0.8148 55.1861 1.6768 0.7763 55.1744 1.7043 1.0883 55.1355 1.833 1.0845 55.1419 1.893 0.7949 55.038 1.8988 0.7892 55.0659 1.8327 0.8009 55.0776 1.8054 0.7869 55.1265 1.7005 0.8129 55.0765 1.6983 0.9262 55.102 1.9384 0.9657 55.0775 1.9906 0.9353 55.059 2.008 1.0192 55.0257 1.9837 1.0114 55.0296 1.9767 1.0159 55.025 1.944 1.0056 55.0668 1.8312 0.9047 55.0785 1.8563 0.8919 55.0677 1.8563 0.9026 55.0757 1.8484 0.8888 55.0648 1.809 0.9249 55.1147 1.7668 0.8373 55.0364 1.8518 0.849 55.0412 1.8567 0.848 55.0396 1.9023 1.0249 55.0745 1.7457 1.0061 55.1002 1.7218 1.0464 55.0775 1.7427 0.944 55.1171 1.8651 0.9023 55.0771 1.8702 0.9517 55.1087 1.8481 0.8211 55.1352 1.6773 0.7996 55.0708 1.7811 0.8085 55.0457 1.9402 0.7786 55.053 1.9062 1.0822 55.22 1.8252 1.0701 55.2692 1.8367 1.0791 55.2673 1.8684 1.0719 55.0883 1.9554 1.0697 55.0969 1.9125 0.7426 55.1281 1.8891 0.7311 55.1861 1.8922 0.7287 55.1862 1.8586 0.8932 55.0673 1.9699 1.0074 55.0584 1.912 0.989 55.0644 1.922 0.9997 55.0581 1.9274 1.0126 55.044 1.9195 0.9418 55.1122 1.8928 1.0491 55.0566 1.7719 1.044 55.0447 1.8055 1.042 55.0446 1.8964 1.04 55.0551 1.8752 1.0302 55.0218 1.9407 0.9834 55.0576 2.0383 0.9291 55.079 2.0291 0.8701 55.0595 1.792 0.9698 55.0934 1.7572 0.9459 55.1012 1.7886 0.7655 55.0757 1.9147 0.8022 55.0554 1.9441 1.0457 55.0646 1.8776 1.0484 55.0897 1.7393 0.8374 55.0667 1.9746 0.8823 55.0622 1.916 0.8429 55.0413 1.9427 1.0056 55.0625 1.8199 1.0072 55.0522 1.786 0.9642 55.1242 1.7066 0.999 55.1588 1.7194 1.0825 55.1384 1.7847 1.07 55.2256 1.7894 1.0061 55.0589 1.7711 0.9969 55.0785 1.753 0.9478 55.1215 1.7502 0.9249 55.117 1.7624 0.9611 55.1236 1.711 0.9646 55.1166 1.7198 0.9674 55.1046 1.7382 0.9161 55.1137 1.7668 0.8361 55.0559 1.7066 0.9139 55.1118 1.7682 0.8201 55.0502 1.7575 0.7623 55.1264 1.7894 0.8816 55.0617 1.8023 0.7903 55.0765 1.7577 0.7915 55.0817 1.7828 0.8558 55.0544 1.7377 0.7264 55.2389 1.8972 0.7357 55.186 1.9255 1.0264 55.0269 1.9945 1.0315 55.0337 1.9968 1.0438 55.0806 2.0032 1.0544 55.1309 2.0161 1.0512 55.2139 2.0249 1.0457 55.258 2.029 1.0683 55.1019 1.8872 0.7384 55.243 1.9313 0.7671 55.1251 1.7587 1.0664 55.1545 1.7577 1.0228 55.1581 1.7284 0.9373 55.1067 1.9035 0.9226 55.1022 1.9372 0.843 55.0574 1.9706 0.8863 55.0642 1.9275 0.9641 55.1314 1.7056 0.7873 55.0855 1.9496 0.7761 55.125 1.7249 1.0253 55.0575 1.7675 0.7465 55.166 1.8193 0.7455 55.1303 1.8613 1.08 55.1253 1.9695 1.0866 55.213 1.8621 0.8805 55.0864 1.6879 1.0589 55.1147 1.7416 1.0501 55.1195 1.735 0.9503 55.097 1.7925 0.8375 55.0315 1.9007 0.8755 55.0758 1.7335 0.8868 55.0839 1.6982 0.9785 55.0508 2.0291 1.0506 55.0511 1.8083 0.7799 55.0568 1.8718 0.7783 55.055 1.8806 0.81 55.244 1.6982 0.9857 55.2651 2.0349 0.9251 55.1599 2.0301 0.9205 55.2718 2.0136 1.0508 55.0319 1.9461 0.778 55.0808 1.8344 0.8578 55.0549 1.9688 0.9837 55.0998 1.729 1.0114 55.2311 1.7515 0.8914 55.0887 1.7163 0.8419 55.0839 1.6851 0.8082 55.2575 1.7046 0.8465 55.2562 1.7017 0.8427 55.269 1.7078 0.7444 55.2479 1.7727 0.732 55.2391 1.823 0.733 55.2534 1.8246 0.7432 55.2336 1.7708 0.7668 55.2556 1.9572 0.7386 55.2575 1.9295 0.7667 55.2698 1.9547 0.9218 55.2859 2.0118 0.9875 55.2794 2.033 1.084 55.2686 1.9264 1.076 55.2752 1.9869 1.08 55.2615 1.9854 1.0799 55.2823 1.9282 1.035 55.2688 1.7842 1.0559 55.2845 1.8091 1.0601 55.271 1.8052 1.0318 55.2824 1.789 0.8807 55.2644 1.7159 0.8788 55.2776 1.7225 1.0422 55.2292 1.7681 1.0475 55.157 1.7423 1.0473 55.0541 1.8995 0.7646 55.0757 1.8909 0.7684 55.078 1.8678 0.8462 55.0705 1.6899 0.8223 55.0649 1.7002 0.8754 55.0988 1.6847 1.0032 55.0755 1.7514 0.8068 55.2141 1.9815 0.8595 55.1608 2.0093 0.8178 55.1506 1.985 0.9178 55.1214 1.6935 0.8623 55.1417 1.6743 0.9024 55.152 1.6839 0.9979 55.0331 2.0117 0.7397 55.1898 1.8189 0.7497 55.1863 1.7636 0.7219 55.2346 1.8639 0.7651 55.2023 1.9602 0.807 55.2627 1.979 1.0851 55.2012 1.9768 1.0877 55.2145 1.9161 0.9563 55.2112 1.7159 0.8885 55.2014 1.6868 0.9637 55.1573 1.7019 0.8274 55.0499 1.7335 1.007 55.2647 1.7676 0.9421 55.2665 1.7445 0.8547 55.1952 1.6775 0.7776 55.1404 1.9578 0.7593 55.1788 1.7336 0.7561 55.2332 1.7413 1.005 55.2783 1.7732 0.9397 55.2799 1.7505 1.0653 55.2828 1.8395 1.0426 55.2721 2.0286 0.8476 55.2837 1.995 0.7278 55.2533 1.8977 0.7577 55.2475 1.7438 0.7689 55.2474 1.7227 0.723 55.2489 1.8651 0.8069 55.2769 1.9768 1.017 55.2762 2.0343 1.0749 55.2811 1.8701 0.7439 55.1278 1.9177'/>
          </IndexedFaceSet>
        </Shape>
        <Shape DEF='lmolar3c'>
          <Appearance>
            <PhysicalMaterial baseColor='1 0.9843 0.9843' metallic='0' roughness='0.72'/>
          </Appearance>
          <IndexedFaceSet DEF='lmolar3c_Geo' coordIndex='0 1 2 -1 3 4 5 -1 6 7 8 -1 9 10 11 -1 12 13 11 -1 14 15 16 -1 17 18 16 -1 19 20 21 -1 22 23 24 -1 25 26 27 -1 27 23 28 -1 29 26 25 -1 30 31 32 -1 33 34 35 -1 36 37 38 -1 39 40 41 -1 42 43 44 -1 45 46 47 -1 15 48 49 -1 50 49 51 -1 52 53 54 -1 55 56 53 -1 57 58 59 -1 60 58 61 -1 32 62 63 -1 64 65 66 -1 52 67 55 -1 68 30 69 -1 70 71 72 -1 73 74 75 -1 76 77 78 -1 62 79 80 -1 81 82 83 -1 84 85 86 -1 43 87 44 -1 88 89 90 -1 91 92 93 -1 94 95 96 -1 97 98 99 -1 100 60 101 -1 102 22 103 -1 104 99 105 -1 106 107 108 -1 109 110 111 -1 96 112 113 -1 114 115 116 -1 114 117 118 -1 111 110 118 -1 42 119 120 -1 120 121 42 -1 122 55 123 -1 124 103 125 -1 126 127 128 -1 129 130 131 -1 131 12 10 -1 132 73 133 -1 67 65 134 -1 135 51 136 -1 137 47 46 -1 138 139 140 -1 141 142 143 -1 144 145 146 -1 147 88 148 -1 85 84 7 -1 49 48 51 -1 149 150 80 -1 101 151 28 -1 152 24 153 -1 154 41 117 -1 35 36 155 -1 156 40 39 -1 157 156 34 -1 120 119 156 -1 158 35 34 -1 36 158 37 -1 159 118 41 -1 160 41 161 -1 23 22 102 -1 162 163 122 -1 163 164 165 -1 166 15 167 -1 31 30 82 -1 138 168 169 -1 170 124 125 -1 171 172 173 -1 174 137 175 -1 66 52 176 -1 73 177 133 -1 178 179 180 -1 181 182 183 -1 10 9 184 -1 185 186 187 -1 152 188 189 -1 190 22 24 -1 191 192 193 -1 120 85 194 -1 95 154 112 -1 82 30 83 -1 195 109 88 -1 148 111 159 -1 110 196 115 -1 117 114 197 -1 191 198 199 -1 116 92 193 -1 115 93 92 -1 200 201 202 -1 203 77 204 -1 102 103 124 -1 205 91 93 -1 206 207 208 -1 207 209 87 -1 210 211 212 -1 86 213 214 -1 85 120 213 -1 8 84 144 -1 215 208 216 -1 217 218 219 -1 131 127 220 -1 129 221 222 -1 81 146 79 -1 162 80 150 -1 31 223 62 -1 62 223 79 -1 128 127 131 -1 30 224 83 -1 176 52 225 -1 224 226 83 -1 65 52 66 -1 69 32 63 -1 227 228 229 -1 230 57 229 -1 135 231 54 -1 165 50 56 -1 232 48 15 -1 233 168 234 -1 41 40 119 -1 44 87 209 -1 119 44 235 -1 61 230 155 -1 26 236 27 -1 25 27 28 -1 124 237 100 -1 238 14 16 -1 239 18 240 -1 11 13 201 -1 10 12 11 -1 241 182 70 -1 241 70 72 -1 124 170 237 -1 201 242 11 -1 200 243 244 -1 240 19 239 -1 245 246 16 -1 142 141 247 -1 185 22 190 -1 151 25 28 -1 160 161 248 -1 155 36 61 -1 157 34 33 -1 44 209 235 -1 235 41 119 -1 43 207 87 -1 233 249 168 -1 250 47 21 -1 232 15 14 -1 165 49 50 -1 53 56 54 -1 50 54 56 -1 231 225 54 -1 57 245 229 -1 227 166 228 -1 69 63 123 -1 65 67 52 -1 52 54 225 -1 30 68 224 -1 128 131 251 -1 150 163 162 -1 81 79 223 -1 129 184 221 -1 219 179 217 -1 215 252 253 -1 8 144 254 -1 85 213 86 -1 86 214 145 -1 210 212 255 -1 42 44 119 -1 215 89 208 -1 207 43 208 -1 3 256 178 -1 113 94 96 -1 101 102 124 -1 22 185 103 -1 77 221 204 -1 115 92 116 -1 192 116 193 -1 191 257 198 -1 115 114 110 -1 159 235 148 -1 195 88 106 -1 258 116 192 -1 7 6 244 -1 95 112 96 -1 63 122 123 -1 190 24 189 -1 191 259 192 -1 189 24 152 -1 97 260 261 -1 187 103 185 -1 10 184 129 -1 4 181 183 -1 180 3 178 -1 73 262 177 -1 176 175 66 -1 137 263 175 -1 173 46 171 -1 169 264 138 -1 57 265 245 -1 265 246 245 -1 166 227 15 -1 165 56 163 -1 23 102 28 -1 196 109 205 -1 160 26 41 -1 41 235 159 -1 40 156 119 -1 34 266 158 -1 156 157 120 -1 156 266 34 -1 39 266 156 -1 35 158 36 -1 154 117 112 -1 41 118 117 -1 26 29 41 -1 153 94 152 -1 28 102 101 -1 80 267 149 -1 122 163 56 -1 85 7 194 -1 147 148 206 -1 81 144 146 -1 138 268 139 -1 46 173 137 -1 136 231 135 -1 67 134 269 -1 132 133 270 -1 10 129 131 -1 202 218 255 -1 180 4 3 -1 181 126 128 -1 25 151 38 -1 120 194 121 -1 118 159 111 -1 150 164 163 -1 243 7 244 -1 114 118 110 -1 114 116 197 -1 109 196 110 -1 108 195 106 -1 104 105 271 -1 101 124 100 -1 154 95 153 -1 97 99 104 -1 153 95 94 -1 272 259 273 -1 89 147 208 -1 88 147 89 -1 208 147 206 -1 42 121 216 -1 274 81 83 -1 80 162 62 -1 62 32 31 -1 203 274 83 -1 77 226 78 -1 73 132 74 -1 70 275 71 -1 55 53 52 -1 64 66 276 -1 245 227 229 -1 265 57 59 -1 50 135 54 -1 55 122 56 -1 51 135 50 -1 49 167 15 -1 47 250 45 -1 39 41 29 -1 35 228 33 -1 32 69 30 -1 25 38 29 -1 27 236 23 -1 236 26 160 -1 16 246 17 -1 9 11 242 -1 6 277 244 -1 7 84 8 -1 278 177 279 -1 278 280 177 -1 2 281 0 -1 2 282 281 -1 283 284 285 -1 283 286 284 -1 287 288 289 -1 290 288 287 -1 291 292 172 -1 291 293 292 -1 294 233 234 -1 294 295 233 -1 296 297 298 -1 299 297 296 -1 300 19 240 -1 20 19 300 -1 301 19 21 -1 301 239 19 -1 136 225 231 -1 225 136 302 -1 228 149 33 -1 166 149 228 -1 0 303 304 -1 281 303 0 -1 176 302 305 -1 176 225 302 -1 251 70 128 -1 70 251 275 -1 223 82 81 -1 223 31 82 -1 79 267 80 -1 146 267 79 -1 130 222 270 -1 130 129 222 -1 306 200 202 -1 306 243 200 -1 219 180 179 -1 180 219 126 -1 253 306 212 -1 252 306 253 -1 217 255 218 -1 217 210 255 -1 89 253 90 -1 89 215 253 -1 272 152 258 -1 188 152 272 -1 105 199 307 -1 273 199 105 -1 272 105 99 -1 272 273 105 -1 308 9 277 -1 308 184 9 -1 191 309 257 -1 191 193 309 -1 310 107 311 -1 310 108 107 -1 309 109 195 -1 309 205 109 -1 205 309 91 -1 274 144 81 -1 144 274 254 -1 312 313 314 -1 313 312 271 -1 97 315 98 -1 97 261 315 -1 316 261 260 -1 186 261 316 -1 317 103 187 -1 317 125 103 -1 198 108 310 -1 108 198 257 -1 254 203 204 -1 254 274 203 -1 217 178 311 -1 217 179 178 -1 221 76 222 -1 221 77 76 -1 226 318 78 -1 224 318 226 -1 281 319 303 -1 281 320 319 -1 175 305 174 -1 305 175 176 -1 292 321 322 -1 292 323 321 -1 21 305 301 -1 21 174 305 -1 142 17 324 -1 142 247 17 -1 140 168 138 -1 140 234 168 -1 59 60 100 -1 60 59 58 -1 154 161 41 -1 154 248 161 -1 158 39 37 -1 158 266 39 -1 60 151 101 -1 60 61 151 -1 249 250 143 -1 249 45 250 -1 174 47 137 -1 21 47 174 -1 322 276 263 -1 322 321 276 -1 136 325 302 -1 232 325 136 -1 326 304 327 -1 326 0 304 -1 68 318 224 -1 328 318 68 -1 320 75 319 -1 75 320 329 -1 132 222 76 -1 132 270 222 -1 219 202 220 -1 202 219 218 -1 126 220 127 -1 220 126 219 -1 330 3 5 -1 331 3 330 -1 316 298 332 -1 316 296 298 -1 296 260 290 -1 316 260 296 -1 307 271 105 -1 307 313 271 -1 164 49 165 -1 49 164 167 -1 90 106 88 -1 90 211 106 -1 257 195 108 -1 257 309 195 -1 188 315 189 -1 188 98 315 -1 333 313 307 -1 313 333 331 -1 333 199 198 -1 199 333 307 -1 248 153 24 -1 248 154 153 -1 260 104 334 -1 260 97 104 -1 94 197 116 -1 94 113 197 -1 208 42 216 -1 208 43 42 -1 128 182 181 -1 182 128 70 -1 204 8 254 -1 308 8 204 -1 76 74 132 -1 76 78 74 -1 283 4 183 -1 283 5 4 -1 335 303 336 -1 303 335 304 -1 267 33 149 -1 267 214 33 -1 265 337 324 -1 265 59 337 -1 136 48 232 -1 136 51 48 -1 239 325 238 -1 301 325 239 -1 21 300 250 -1 21 20 300 -1 169 142 338 -1 143 142 169 -1 229 155 230 -1 228 155 229 -1 35 155 228 -1 24 160 248 -1 23 160 24 -1 23 236 160 -1 247 18 17 -1 247 240 18 -1 243 252 7 -1 243 306 252 -1 299 290 287 -1 299 296 290 -1 140 294 234 -1 140 339 294 -1 172 340 291 -1 340 172 171 -1 326 1 0 -1 341 1 326 -1 284 342 285 -1 284 343 342 -1 281 344 320 -1 281 282 344 -1 177 345 279 -1 345 177 262 -1 280 346 275 -1 280 278 346 -1 320 347 329 -1 344 347 320 -1 286 183 348 -1 286 283 183 -1 349 289 288 -1 350 289 349 -1 293 323 292 -1 323 293 351 -1 295 352 233 -1 295 353 352 -1 298 354 139 -1 298 297 354 -1 9 244 277 -1 9 242 244 -1 29 37 39 -1 37 29 38 -1 352 46 45 -1 171 46 352 -1 61 57 230 -1 57 61 58 -1 321 64 276 -1 327 64 321 -1 269 328 68 -1 328 269 134 -1 301 302 325 -1 301 305 302 -1 73 329 262 -1 73 75 329 -1 226 203 83 -1 77 203 226 -1 63 162 122 -1 63 62 162 -1 355 270 133 -1 355 130 270 -1 220 12 131 -1 220 13 12 -1 180 181 4 -1 180 126 181 -1 196 93 115 -1 93 196 205 -1 188 99 98 -1 188 272 99 -1 113 117 197 -1 113 112 117 -1 330 342 314 -1 342 330 285 -1 271 334 104 -1 334 271 312 -1 107 211 210 -1 211 107 106 -1 258 94 116 -1 152 94 258 -1 235 206 148 -1 235 207 206 -1 235 209 207 -1 314 349 312 -1 314 342 349 -1 315 186 185 -1 186 315 261 -1 187 268 317 -1 332 268 187 -1 333 310 256 -1 198 310 333 -1 210 311 107 -1 210 217 311 -1 251 130 355 -1 251 131 130 -1 308 6 8 -1 308 277 6 -1 356 78 318 -1 78 356 74 -1 336 319 356 -1 303 319 336 -1 134 64 335 -1 65 64 134 -1 15 245 16 -1 227 245 15 -1 172 322 173 -1 322 172 292 -1 264 268 138 -1 264 317 268 -1 170 337 237 -1 170 338 337 -1 121 7 252 -1 121 194 7 -1 167 149 166 -1 164 149 167 -1 149 164 150 -1 143 300 141 -1 143 250 300 -1 45 233 352 -1 249 233 45 -1 264 338 170 -1 264 169 338 -1 264 125 317 -1 170 125 264 -1 173 263 137 -1 263 173 322 -1 263 66 175 -1 263 276 66 -1 327 335 64 -1 327 304 335 -1 328 356 318 -1 336 356 328 -1 74 319 75 -1 74 356 319 -1 275 355 280 -1 275 251 355 -1 256 331 333 -1 256 3 331 -1 332 139 268 -1 298 139 332 -1 332 186 316 -1 187 186 332 -1 290 334 288 -1 290 260 334 -1 199 259 191 -1 199 273 259 -1 285 5 283 -1 5 285 330 -1 146 214 267 -1 214 146 145 -1 109 148 88 -1 109 111 148 -1 193 91 309 -1 193 92 91 -1 258 259 272 -1 258 192 259 -1 255 306 202 -1 255 212 306 -1 288 312 349 -1 288 334 312 -1 190 315 185 -1 190 189 315 -1 314 331 330 -1 314 313 331 -1 311 256 310 -1 256 311 178 -1 90 212 211 -1 90 253 212 -1 144 86 145 -1 84 86 144 -1 201 220 202 -1 220 201 13 -1 204 184 308 -1 184 204 221 -1 133 280 355 -1 280 133 177 -1 123 67 269 -1 55 67 123 -1 246 324 17 -1 265 324 246 -1 134 336 328 -1 336 134 335 -1 323 327 321 -1 326 327 323 -1 69 269 68 -1 69 123 269 -1 324 338 142 -1 324 337 338 -1 14 325 232 -1 325 14 238 -1 168 143 169 -1 249 143 168 -1 38 61 36 -1 38 151 61 -1 214 157 33 -1 213 157 214 -1 120 157 213 -1 59 237 337 -1 237 59 100 -1 240 141 300 -1 247 141 240 -1 18 238 16 -1 239 238 18 -1 201 244 242 -1 201 200 244 -1 252 216 121 -1 252 215 216 -1 357 275 346 -1 275 357 71 -1 354 140 139 -1 354 339 140 -1 171 353 340 -1 353 171 352 -1 351 326 323 -1 351 341 326 -1 342 350 349 -1 343 350 342 -1 182 348 183 -1 241 348 182 -1 347 262 329 -1 347 345 262 -1' creaseAngle='1.571'>
            <Coordinate DEF='lmolar3c_Coord' point='0.9768 55.3495 1.4993 0.9752 55.3634 1.5036 0.9771 55.3635 1.5037 1.1234 55.2269 1.6884 1.1419 55.2933 1.6653 1.1238 55.2902 1.6816 1.0839 55.1252 1.5663 1.0782 55.1308 1.5731 1.0791 55.1111 1.5426 1.0943 55.148 1.565 1.115 55.2016 1.5661 1.1136 55.2025 1.5782 1.1169 55.2202 1.5808 1.1178 55.1962 1.5916 0.8754 55.1058 1.508 0.8926 55.1062 1.5136 0.8746 55.1033 1.5147 0.8495 55.1113 1.5169 0.8523 55.1189 1.508 0.8356 55.1385 1.4943 0.8284 55.153 1.4932 0.8364 55.1465 1.4751 0.9185 55.1166 1.6753 0.9322 55.1073 1.6646 0.9582 55.1247 1.6823 0.911 55.0984 1.6321 0.9418 55.1228 1.6295 0.9201 55.1013 1.6403 0.9063 55.09 1.6469 0.9423 55.1249 1.6201 1.0426 55.1399 1.4667 1.0394 55.1439 1.4796 1.0218 55.1561 1.4719 0.9873 55.1602 1.5273 0.9725 55.1431 1.5647 0.9408 55.1103 1.5556 0.9293 55.0994 1.5652 0.9374 55.1072 1.573 0.9199 55.1028 1.6153 0.9641 55.1384 1.581 0.9999 55.1764 1.5756 0.9811 55.151 1.6115 1.0358 55.1559 1.5885 1.0309 55.1546 1.6054 1.0022 55.1723 1.5848 0.7984 55.2537 1.4961 0.8073 55.2637 1.4813 0.8166 55.1923 1.4772 0.8946 55.1186 1.494 0.9176 55.1525 1.4904 0.9179 55.1564 1.4709 0.8955 55.1297 1.4773 0.9311 55.1598 1.4512 0.9376 55.1558 1.4569 0.931 55.1526 1.4573 0.9615 55.1565 1.4542 0.9486 55.1888 1.4966 0.8788 55.0806 1.5334 0.8766 55.0745 1.5553 0.862 55.0782 1.5491 0.8731 55.0736 1.5701 0.8884 55.0724 1.5622 1.0197 55.1718 1.4872 1.0012 55.1664 1.4636 0.9519 55.2383 1.4572 0.9615 55.1865 1.4507 0.9306 55.1785 1.4469 0.9608 55.1681 1.4515 1.0257 55.1641 1.462 1.0171 55.1565 1.4628 1.1346 55.3482 1.6336 1.1304 55.3577 1.6143 1.1309 55.3556 1.6284 1.1014 55.3265 1.533 1.0879 55.2541 1.4926 1.0814 55.3263 1.514 1.102 55.1957 1.5068 1.0901 55.1503 1.5001 1.0894 55.192 1.485 1.0227 55.1566 1.4911 0.9686 55.1873 1.5099 1.0548 55.1202 1.4941 1.0473 55.1325 1.4766 1.064 55.1309 1.4765 1.0706 55.1187 1.5489 1.0537 55.1383 1.5632 1.0446 55.1314 1.5509 0.998 55.1668 1.5931 1.0714 55.0826 1.652 1.0703 55.0989 1.6257 1.0758 55.0908 1.6286 1.0578 55.1072 1.7023 1.0518 55.1156 1.7124 1.0493 55.1156 1.6978 0.9852 55.1273 1.6951 0.9729 55.1287 1.6825 0.9837 55.1292 1.6865 0.9812 55.219 1.7119 0.9832 55.1633 1.7072 1.0108 55.1579 1.7172 0.8562 55.0769 1.5781 0.8653 55.0833 1.6196 0.8869 55.0999 1.6533 0.8693 55.1148 1.6555 1.011 55.2213 1.718 1.0474 55.1513 1.7268 1.0861 55.0786 1.6568 1.1029 55.0911 1.6652 1.0907 55.0932 1.6919 1.0599 55.0963 1.6769 1.0225 55.1281 1.6768 1.0296 55.1102 1.6605 0.9755 55.1429 1.6443 0.9917 55.1292 1.6811 1.0116 55.133 1.6806 1.0377 55.1244 1.6976 1.0298 55.1242 1.706 0.9778 55.1456 1.6369 0.9796 55.1477 1.6312 1.0064 55.1779 1.5765 1.0066 55.1788 1.571 1.0583 55.1332 1.5904 0.9567 55.1932 1.4985 0.99 55.1688 1.4551 0.8511 55.0877 1.6166 0.8393 55.1042 1.6209 1.1392 55.2242 1.6365 1.1313 55.2388 1.611 1.1436 55.2992 1.6204 1.1147 55.2013 1.5542 1.1193 55.2589 1.5629 1.1255 55.2533 1.5847 1.1032 55.2595 1.5147 1.1157 55.3257 1.5558 0.9923 55.1938 1.4557 0.9134 55.1473 1.4675 0.8784 55.1252 1.4673 0.8247 55.2066 1.4556 0.7804 55.2392 1.5778 0.795 55.2974 1.6222 0.7859 55.3007 1.5832 0.8231 55.1448 1.5129 0.8299 55.1201 1.5241 0.804 55.1744 1.5239 1.062 55.1085 1.5181 1.0328 55.127 1.5244 1.0267 55.1448 1.5044 1.0583 55.0994 1.6303 1.0367 55.0984 1.6405 0.9718 55.1758 1.5182 0.9562 55.1931 1.5107 0.8817 55.0839 1.6196 0.9862 55.126 1.7007 0.9635 55.1284 1.6833 0.9716 55.1351 1.6653 0.9284 55.102 1.5581 0.9997 55.1801 1.5719 1.0008 55.1776 1.5694 0.9398 55.1091 1.5661 0.9811 55.1477 1.6239 0.952 55.1249 1.6399 0.9783 55.1472 1.6222 0.9657 55.1942 1.5057 0.9533 55.1937 1.5048 0.9449 55.1864 1.5079 0.9455 55.1889 1.5021 0.9286 55.1308 1.5161 0.9174 55.1486 1.5099 0.7818 55.249 1.5479 0.7953 55.1699 1.5461 0.8283 55.0988 1.5886 0.8109 55.322 1.4935 0.82 55.3272 1.4868 0.8186 55.2735 1.4682 0.8447 55.1522 1.4537 0.8694 55.1581 1.442 0.8826 55.1405 1.4439 1.1092 55.3668 1.5627 1.1225 55.1694 1.6819 1.1287 55.1716 1.6563 1.1358 55.2253 1.6602 1.1467 55.29 1.6436 1.1348 55.3477 1.6364 1.1346 55.3431 1.6601 1.0969 55.1482 1.5494 0.9057 55.1422 1.6811 0.9094 55.2113 1.689 0.8524 55.1999 1.6642 0.9848 55.1358 1.7039 0.9587 55.1353 1.6896 0.9396 55.1287 1.6851 1.0643 55.1172 1.7238 1.0338 55.1186 1.717 1.0538 55.1146 1.7178 1.0592 55.1403 1.5792 1.0758 55.0885 1.6859 1.0452 55.1129 1.688 1.001 55.1294 1.6803 1.0826 55.1131 1.7155 1.0669 55.1287 1.724 1.0879 55.129 1.577 1.0954 55.1432 1.5813 1.1029 55.1311 1.6004 1.0802 55.1305 1.4987 1.0902 55.1308 1.5229 1.0552 55.1049 1.6892 1.0449 55.1094 1.625 1.0232 55.1419 1.6088 1.0514 55.1266 1.6162 0.994 55.1616 1.601 1.1079 55.1011 1.6411 1.0877 55.0863 1.6328 1.0902 55.0982 1.6109 1.0058 55.171 1.5527 0.9937 55.1599 1.5276 1.0733 55.1108 1.6055 1.0575 55.1261 1.6016 1.1212 55.1185 1.6504 1.119 55.1352 1.6301 1.1308 55.1749 1.6351 1.1237 55.1883 1.6078 1.0964 55.1499 1.5249 1.1084 55.2012 1.5312 1.0368 55.146 1.4876 1.0606 55.1518 1.471 0.8895 55.1348 1.4483 1.0748 55.1536 1.4786 0.8935 55.0958 1.5191 0.9379 55.1183 1.5233 0.8938 55.0851 1.5294 0.8911 55.0773 1.542 0.8972 55.1368 1.4553 0.8779 55.1129 1.4886 0.7957 55.3064 1.5192 0.7896 55.2978 1.5516 0.9865 55.1518 1.6158 0.9344 55.1154 1.6409 0.8448 55.0843 1.5821 0.8735 55.1046 1.5066 0.8517 55.1189 1.4975 0.8365 55.1353 1.5054 1.1298 55.3621 1.6343 1.0914 55.1485 1.5735 1.0857 55.1243 1.577 1.0851 55.1295 1.5717 0.8808 55.094 1.5197 0.8692 55.0959 1.5216 0.8331 55.1277 1.5147 0.9682 55.1335 1.6608 0.791 55.2523 1.5197 0.8127 55.1789 1.5018 1.1368 55.3096 1.6032 1.0796 55.1164 1.5902 1.0811 55.1033 1.6074 1.0727 55.1061 1.5173 1.1051 55.1163 1.6204 1.1123 55.1657 1.6956 1.075 55.106 1.7108 1.0173 55.127 1.7146 1.0426 55.1316 1.7266 0.9774 55.2769 1.7047 0.9686 55.2179 1.7071 1.0972 55.3612 1.5468 0.8623 55.2266 1.4432 0.798 55.1711 1.5855 0.8638 55.0885 1.5286 0.9679 55.1402 1.5733 0.9801 55.1747 1.518 0.796 55.2356 1.6193 0.9908 55.1764 1.4537 1.1128 55.264 1.5405 1.0546 55.2237 1.7229 1.0124 55.1371 1.7165 1.0439 55.1372 1.7271 1.0666 55.116 1.492 1.1306 55.3508 1.6065 0.9128 55.2337 1.4449 1.0863 55.1284 1.5657 1.1173 55.3727 1.589 1.1056 55.3811 1.5659 1.1197 55.3595 1.5825 1.0113 55.3509 1.5031 1.0111 55.3651 1.5069 1.1239 55.3354 1.6743 1.1047 55.3428 1.6859 1.1096 55.3289 1.6861 1.1173 55.3485 1.6759 0.9814 55.3256 1.6922 1.0232 55.3155 1.7037 1.0242 55.3296 1.7011 0.981 55.3116 1.6951 0.8198 55.3411 1.4924 0.8606 55.334 1.4695 0.8596 55.3484 1.4742 0.7922 55.3123 1.5531 0.797 55.3203 1.5247 0.9034 55.3062 1.6807 0.833 55.3134 1.6506 0.8327 55.299 1.6525 0.9021 55.3202 1.6776 0.8239 55.1566 1.5031 0.8548 55.1239 1.4794 0.8682 55.1238 1.4591 1.0094 55.3064 1.4859 0.9758 55.3023 1.4787 0.8608 55.1305 1.4552 1.0876 55.1133 1.5913 1.0733 55.1567 1.7239 1.0906 55.1286 1.5473 1.063 55.1036 1.7062 1.1014 55.1021 1.6951 1.1181 55.1066 1.6727 1.0526 55.2754 1.7167 1.078 55.225 1.7184 1.082 55.2813 1.7065 0.9624 55.1673 1.6998 0.91 55.2685 1.6898 0.8149 55.1817 1.6237 1.0514 55.1844 1.4682 1.0429 55.3105 1.4931 1.0472 55.3521 1.5093 0.9096 55.288 1.4639 0.8601 55.2817 1.4555 0.906 55.3425 1.479 0.8462 55.103 1.5252 0.8728 55.1122 1.4845 0.9414 55.3484 1.4891 0.9427 55.2951 1.4713 1.022 55.1891 1.4613 1.0829 55.355 1.5274 1.1083 55.2863 1.6923 1.0986 55.2256 1.7089 0.8354 55.2501 1.6563 1.0958 55.1611 1.711 1.0171 55.2765 1.7106 0.9903 55.2493 1.4668 1.0188 55.2499 1.4702 0.8428 55.0893 1.5497 0.8263 55.1041 1.5518 0.7879 55.3152 1.5839 0.8097 55.3352 1.5009 0.9404 55.3625 1.4941 1.0831 55.3241 1.7011 1.0794 55.3382 1.6998 1.0456 55.3663 1.512 1.092 55.3748 1.5465 1.1252 55.3662 1.6066 1.0794 55.3692 1.529 1.1282 55.3569 1.6633 1.0537 55.3186 1.7125 1.0538 55.3328 1.7098 0.9052 55.3566 1.484 0.8042 55.316 1.5041 0.8037 55.3289 1.5118 0.7966 55.3119 1.6219 1.1263 55.3176 1.5795 1.0476 55.2506 1.4738 1.1258 55.3651 1.6076'/>
          </IndexedFaceSet>
        </Shape>
        <Shape DEF='rcaninec'>
          <Appearance>
            <PhysicalMaterial baseColor='1 0.9843 0.9843' metallic='0' roughness='0.72'/>
          </Appearance>
          <IndexedFaceSet DEF='rcaninec_Geo' coordIndex='0 1 2 -1 3 4 5 -1 6 1 7 -1 8 9 10 -1 11 12 13 -1 14 15 16 -1 17 18 19 -1 17 20 18 -1 21 22 23 -1 24 25 26 -1 27 28 29 -1 30 31 32 -1 33 34 35 -1 36 37 38 -1 39 40 38 -1 41 42 43 -1 14 44 45 -1 46 47 48 -1 13 49 11 -1 50 51 52 -1 47 53 41 -1 21 54 55 -1 56 57 15 -1 58 59 60 -1 56 61 62 -1 63 64 65 -1 66 67 68 -1 69 43 42 -1 70 62 63 -1 71 72 73 -1 74 75 22 -1 76 77 78 -1 79 80 81 -1 82 83 84 -1 85 86 87 -1 3 80 88 -1 89 90 91 -1 67 66 92 -1 48 43 69 -1 93 87 86 -1 94 91 95 -1 96 97 98 -1 99 100 101 -1 102 103 104 -1 105 106 99 -1 107 24 94 -1 108 68 109 -1 110 19 111 -1 112 26 25 -1 113 114 115 -1 116 117 118 -1 119 120 121 -1 122 30 28 -1 110 123 124 -1 125 37 33 -1 126 123 127 -1 128 129 130 -1 124 126 131 -1 115 132 133 -1 134 135 31 -1 116 136 137 -1 138 139 140 -1 109 141 115 -1 142 128 143 -1 99 106 143 -1 101 144 145 -1 0 2 146 -1 147 77 76 -1 148 11 96 -1 50 149 16 -1 150 151 79 -1 56 15 152 -1 153 154 155 -1 41 53 42 -1 156 157 75 -1 158 159 69 -1 73 108 71 -1 13 12 149 -1 97 96 160 -1 150 51 155 -1 79 151 80 -1 161 162 0 -1 163 164 148 -1 165 98 97 -1 89 112 113 -1 94 95 166 -1 74 22 167 -1 64 152 83 -1 67 109 68 -1 66 168 169 -1 67 92 109 -1 56 170 57 -1 59 169 171 -1 172 93 60 -1 47 93 53 -1 47 46 55 -1 87 153 51 -1 86 60 93 -1 167 173 159 -1 174 175 142 -1 167 140 139 -1 36 25 130 -1 34 129 176 -1 33 35 177 -1 135 178 179 -1 180 27 119 -1 120 32 179 -1 57 86 85 -1 181 44 149 -1 182 76 183 -1 111 19 184 -1 185 186 156 -1 0 187 1 -1 188 184 19 -1 185 156 75 -1 19 18 188 -1 0 162 187 -1 185 189 186 -1 149 44 16 -1 14 16 44 -1 190 157 191 -1 192 146 2 -1 120 179 193 -1 27 29 119 -1 194 133 27 -1 125 33 177 -1 195 35 34 -1 71 196 158 -1 74 167 139 -1 72 71 69 -1 167 197 173 -1 93 54 153 -1 47 41 43 -1 93 198 53 -1 169 199 171 -1 169 70 66 -1 65 82 141 -1 64 61 152 -1 158 69 71 -1 94 166 107 -1 148 183 11 -1 200 201 202 -1 203 12 76 -1 24 89 94 -1 204 163 148 -1 151 205 80 -1 150 52 51 -1 160 79 97 -1 21 197 22 -1 157 154 23 -1 53 206 42 -1 153 155 51 -1 152 61 56 -1 68 73 168 -1 202 147 200 -1 202 77 147 -1 79 160 150 -1 50 13 149 -1 96 98 148 -1 76 182 147 -1 161 146 165 -1 146 161 0 -1 99 143 107 -1 94 89 91 -1 207 131 174 -1 143 106 142 -1 40 39 114 -1 140 208 138 -1 209 179 178 -1 193 210 211 -1 121 120 193 -1 132 28 133 -1 31 30 122 -1 124 123 126 -1 212 110 111 -1 127 177 126 -1 213 111 214 -1 132 122 28 -1 215 216 217 -1 121 218 119 -1 179 209 210 -1 116 137 117 -1 113 115 141 -1 25 36 112 -1 130 25 24 -1 19 110 17 -1 219 220 221 -1 108 73 68 -1 107 143 24 -1 99 101 105 -1 76 11 183 -1 201 107 166 -1 206 53 198 -1 23 154 21 -1 22 75 23 -1 48 69 173 -1 72 69 42 -1 66 63 92 -1 3 81 80 -1 84 222 82 -1 157 156 223 -1 97 79 81 -1 201 224 100 -1 78 225 203 -1 76 78 203 -1 224 201 200 -1 159 173 69 -1 66 70 63 -1 64 83 82 -1 82 65 64 -1 66 68 168 -1 65 92 63 -1 56 62 170 -1 60 86 58 -1 93 172 198 -1 43 48 47 -1 93 153 87 -1 50 87 51 -1 226 14 45 -1 227 71 108 -1 71 227 196 -1 34 176 195 -1 176 142 175 -1 180 194 27 -1 210 193 179 -1 27 133 28 -1 197 167 22 -1 228 229 207 -1 23 75 157 -1 11 76 12 -1 8 10 230 -1 6 2 1 -1 3 88 4 -1 192 2 6 -1 221 231 219 -1 231 220 232 -1 221 220 231 -1 18 233 234 -1 233 18 235 -1 236 237 238 -1 239 237 236 -1 240 241 242 -1 243 241 240 -1 186 223 156 -1 186 244 223 -1 57 16 15 -1 57 85 16 -1 190 205 151 -1 190 191 205 -1 29 30 32 -1 29 28 30 -1 176 128 142 -1 176 129 128 -1 136 196 227 -1 196 136 116 -1 167 245 140 -1 167 159 245 -1 47 54 93 -1 47 55 54 -1 182 246 147 -1 164 246 182 -1 247 201 166 -1 202 201 247 -1 26 89 24 -1 89 26 112 -1 204 98 165 -1 98 204 148 -1 153 21 154 -1 153 54 21 -1 191 242 205 -1 191 240 242 -1 248 91 90 -1 249 91 248 -1 230 75 74 -1 230 185 75 -1 190 154 157 -1 190 155 154 -1 42 171 199 -1 42 206 171 -1 199 168 73 -1 168 199 169 -1 150 49 52 -1 150 160 49 -1 225 247 250 -1 225 78 247 -1 165 251 204 -1 251 165 146 -1 103 146 192 -1 146 103 251 -1 252 102 253 -1 102 252 145 -1 217 236 215 -1 236 217 254 -1 253 207 252 -1 253 228 207 -1 131 229 124 -1 229 131 207 -1 143 130 24 -1 143 128 130 -1 138 8 139 -1 138 238 8 -1 138 255 215 -1 138 208 255 -1 218 117 137 -1 121 117 218 -1 256 135 134 -1 256 178 135 -1 178 256 255 -1 257 134 258 -1 134 257 256 -1 132 259 122 -1 132 260 259 -1 261 262 263 -1 262 261 264 -1 261 265 213 -1 266 265 261 -1 267 125 177 -1 268 125 267 -1 212 123 110 -1 127 123 212 -1 177 269 267 -1 177 127 269 -1 261 214 264 -1 261 213 214 -1 268 259 260 -1 268 267 259 -1 270 122 259 -1 122 270 258 -1 263 256 257 -1 256 263 216 -1 258 31 122 -1 31 258 134 -1 117 193 211 -1 193 117 121 -1 117 245 118 -1 117 211 245 -1 238 215 236 -1 138 215 238 -1 113 40 114 -1 40 113 112 -1 124 17 110 -1 17 124 229 -1 228 271 20 -1 271 228 253 -1 65 109 92 -1 109 65 141 -1 145 105 101 -1 145 252 105 -1 192 104 103 -1 104 192 6 -1 272 204 251 -1 272 163 204 -1 99 201 100 -1 99 107 201 -1 273 250 249 -1 273 225 250 -1 84 152 226 -1 84 83 152 -1 84 90 222 -1 84 248 90 -1 206 172 171 -1 172 206 198 -1 223 191 157 -1 191 223 240 -1 78 202 247 -1 78 77 202 -1 224 147 246 -1 224 200 147 -1 70 59 58 -1 169 59 70 -1 218 136 274 -1 218 137 136 -1 158 116 118 -1 158 196 116 -1 195 175 126 -1 195 176 175 -1 36 40 112 -1 36 38 40 -1 55 197 21 -1 55 46 197 -1 229 20 17 -1 228 20 229 -1 234 188 18 -1 275 188 234 -1 240 244 243 -1 244 240 223 -1 239 254 276 -1 239 236 254 -1 7 235 6 -1 7 233 235 -1 184 277 278 -1 279 277 184 -1 8 237 9 -1 237 8 238 -1 4 242 241 -1 4 88 242 -1 219 276 254 -1 219 231 276 -1 211 209 208 -1 211 210 209 -1 278 264 214 -1 264 278 220 -1 119 32 120 -1 119 29 32 -1 33 36 34 -1 36 33 37 -1 118 159 158 -1 159 118 245 -1 15 226 152 -1 14 226 15 -1 52 13 50 -1 13 52 49 -1 16 87 50 -1 87 16 85 -1 86 170 58 -1 57 170 86 -1 63 61 64 -1 61 63 62 -1 100 246 280 -1 100 224 246 -1 205 88 80 -1 205 242 88 -1 249 45 273 -1 249 248 45 -1 39 260 114 -1 39 268 260 -1 72 199 73 -1 72 42 199 -1 249 95 91 -1 249 250 95 -1 250 166 95 -1 250 247 166 -1 101 280 144 -1 101 100 280 -1 102 251 103 -1 272 251 102 -1 104 253 102 -1 104 271 253 -1 254 262 219 -1 254 217 262 -1 174 252 207 -1 252 174 105 -1 115 194 109 -1 115 133 194 -1 194 108 109 -1 108 180 274 -1 194 180 108 -1 216 255 256 -1 255 216 215 -1 260 115 114 -1 115 260 132 -1 263 266 261 -1 257 266 263 -1 269 266 270 -1 269 265 266 -1 38 268 39 -1 37 268 38 -1 37 125 268 -1 213 212 111 -1 213 265 212 -1 35 126 177 -1 35 195 126 -1 131 175 174 -1 131 126 175 -1 265 127 212 -1 269 127 265 -1 270 267 269 -1 259 267 270 -1 270 257 258 -1 270 266 257 -1 217 263 262 -1 217 216 263 -1 274 119 218 -1 274 180 119 -1 140 211 208 -1 245 211 140 -1 105 142 106 -1 105 174 142 -1 20 235 18 -1 271 235 20 -1 264 219 262 -1 219 264 220 -1 82 113 141 -1 82 222 113 -1 6 271 104 -1 271 6 235 -1 145 272 102 -1 145 144 272 -1 161 97 81 -1 165 97 161 -1 163 144 280 -1 144 163 272 -1 225 181 203 -1 273 181 225 -1 248 226 45 -1 84 226 248 -1 222 89 113 -1 90 89 222 -1 44 273 45 -1 181 273 44 -1 49 96 11 -1 96 49 160 -1 151 155 190 -1 151 150 155 -1 81 162 161 -1 81 3 162 -1 164 280 246 -1 163 280 164 -1 164 183 148 -1 164 182 183 -1 62 58 170 -1 62 70 58 -1 59 172 60 -1 59 171 172 -1 197 48 173 -1 197 46 48 -1 274 227 108 -1 274 136 227 -1 74 8 230 -1 74 139 8 -1 36 129 34 -1 36 130 129 -1 31 179 32 -1 31 135 179 -1 184 214 111 -1 214 184 278 -1 203 149 12 -1 203 181 149 -1 209 255 208 -1 255 209 178 -1 275 184 188 -1 275 279 184 -1 10 185 230 -1 10 189 185 -1 278 232 220 -1 277 232 278 -1 5 162 3 -1 5 187 162 -1' creaseAngle='1.571'>
            <Coordinate DEF='rcaninec_Coord' point='-0.4219 55.1851 2.9829 -0.4295 55.195 2.9927 -0.4279 55.1775 2.9924 -0.4054 55.2176 2.9144 -0.4242 55.2456 2.8983 -0.4059 55.2338 2.9196 -0.4617 55.1575 3.0717 -0.4654 55.1714 3.0715 -0.6284 55.2052 2.9097 -0.6258 55.2191 2.9133 -0.601 55.2273 2.8912 -0.444 55.0731 2.9576 -0.4587 55.066 2.9597 -0.4602 55.0812 2.9291 -0.4988 55.0505 2.9283 -0.5054 55.0501 2.9252 -0.4907 55.0682 2.9192 -0.536 55.1502 3.1509 -0.5164 55.1887 3.134 -0.5631 55.208 3.147 -0.5129 55.151 3.138 -0.5577 55.1218 2.8653 -0.5851 55.1474 2.8628 -0.5355 55.157 2.8555 -0.5426 54.9076 3.0739 -0.5661 54.9369 3.0865 -0.5609 54.9031 3.0557 -0.6437 54.9301 2.9745 -0.6559 54.969 2.9976 -0.6549 54.9701 2.988 -0.6617 55.0147 2.9988 -0.6625 55.031 2.994 -0.6615 55.0172 2.9894 -0.5824 54.9764 3.1157 -0.5718 54.9865 3.1232 -0.5811 54.9978 3.1237 -0.5739 54.9478 3.0894 -0.58 54.9537 3.0953 -0.5796 54.938 3.0824 -0.5866 54.9267 3.0718 -0.5682 54.9069 3.0562 -0.5962 55.0705 2.8828 -0.6059 55.0437 2.8762 -0.6193 55.07 2.8796 -0.4938 55.0498 2.936 -0.5085 55.0027 2.9609 -0.6028 55.0997 2.8753 -0.5877 55.0896 2.882 -0.6185 55.0807 2.8782 -0.4555 55.0893 2.9221 -0.483 55.0854 2.9105 -0.4957 55.0994 2.8873 -0.4769 55.0932 2.902 -0.5788 55.0801 2.8772 -0.5304 55.0957 2.8765 -0.5786 55.0982 2.873 -0.5202 55.0484 2.9172 -0.5108 55.0646 2.909 -0.5417 55.0463 2.9066 -0.5481 55.0451 2.9022 -0.5324 55.0732 2.895 -0.5481 55.0059 2.9331 -0.5549 55.0102 2.9293 -0.5746 54.9803 2.9444 -0.5658 54.9738 2.9486 -0.5885 54.9125 2.9681 -0.5837 54.9863 2.9383 -0.6014 54.935 2.9421 -0.6038 54.9435 2.9341 -0.6331 55.0616 2.8777 -0.563 55.0153 2.9209 -0.6443 54.9903 2.8807 -0.626 55.0203 2.8768 -0.6124 54.9734 2.9062 -0.6152 55.1774 2.8857 -0.5708 55.1815 2.8595 -0.4585 55.0534 2.9855 -0.4781 54.998 3.0066 -0.4846 54.9999 2.9976 -0.4248 55.1609 2.8907 -0.4236 55.2048 2.893 -0.4071 55.1873 2.9153 -0.5802 54.908 2.9737 -0.5548 54.9676 2.9491 -0.5383 54.9564 2.9584 -0.5072 55.0724 2.9033 -0.5178 55.0749 2.8987 -0.5006 55.0905 2.893 -0.4254 55.2312 2.8958 -0.5577 54.8953 3.038 -0.5509 54.9042 3.0054 -0.5318 54.9114 3.024 -0.5985 54.93 2.9479 -0.5234 55.0895 2.8823 -0.5267 54.9026 3.0632 -0.5192 54.9194 3.0342 -0.4275 55.1047 2.9294 -0.4113 55.1423 2.9179 -0.4179 55.1113 2.9479 -0.4778 54.9267 3.0901 -0.4557 54.9723 3.066 -0.4601 54.9826 3.0923 -0.453 55.0697 3.0852 -0.4489 55.122 3.0565 -0.4591 55.1268 3.0791 -0.4789 54.996 3.1205 -0.496 54.9571 3.1121 -0.5024 54.9078 3.0784 -0.6453 54.9389 2.9086 -0.6207 54.9109 2.9561 -0.5695 55.146 3.1511 -0.6173 55.1974 3.138 -0.564 54.9024 3.0527 -0.5908 54.8841 3.0145 -0.6074 54.9086 3.0415 -0.6278 54.9097 3.0053 -0.6731 54.995 2.8943 -0.6795 55.0447 2.913 -0.6711 55.0379 2.8925 -0.658 54.9731 2.976 -0.6646 55.0215 2.9743 -0.6732 55.0434 2.9536 -0.6596 55.0045 3.0416 -0.5733 55.0747 3.1426 -0.5471 55.0836 3.1515 -0.5923 54.9679 3.1046 -0.5639 55.032 3.1414 -0.6089 55.063 3.1315 -0.5508 54.9637 3.1067 -0.5614 54.9753 3.1147 -0.5629 54.9557 3.0963 -0.5332 55.0511 3.1471 -0.6458 54.9465 3.0279 -0.6406 54.9245 2.9822 -0.6673 55.0619 3.0048 -0.6664 55.0817 2.9729 -0.6716 54.97 2.9055 -0.6777 54.9979 2.915 -0.6466 55.1879 2.9303 -0.6318 55.183 2.9053 -0.6479 55.1352 2.8986 -0.6103 54.8934 2.9822 -0.5237 54.9865 3.1272 -0.5186 54.9299 3.1004 -0.444 55.0294 3.0642 -0.4542 55.0291 3.0941 -0.4223 55.1366 2.99 -0.4685 55.001 3.0126 -0.4297 55.0743 2.9778 -0.47 55.0659 2.9435 -0.4574 55.1277 2.8768 -0.4447 55.1827 2.8704 -0.5363 55.0001 2.9367 -0.5191 55.0977 2.8772 -0.5017 55.146 2.8644 -0.4792 55.1361 2.8684 -0.5359 55.2279 2.8588 -0.505 55.2085 2.8533 -0.6594 55.0303 2.8746 -0.6521 55.0754 2.8701 -0.4406 55.1145 2.9007 -0.4069 55.1633 2.9513 -0.4037 55.2201 2.9464 -0.4293 55.0492 3.0225 -0.4418 55.0439 3.0015 -0.4107 55.12 2.9681 -0.4959 54.9301 3.0553 -0.637 55.1258 2.8729 -0.5906 54.9818 2.9287 -0.5716 55.0146 2.9157 -0.5309 55.0465 2.9127 -0.5522 55.0507 2.8924 -0.5383 55.0731 2.8881 -0.6267 55.0761 2.8791 -0.509 55.0158 3.1369 -0.5401 55.0007 3.1318 -0.5601 54.991 3.1286 -0.6003 55.0249 3.1238 -0.6663 55.1055 2.9605 -0.6656 55.0902 2.9589 -0.6475 54.9339 2.9667 -0.4802 55.0483 2.9584 -0.4515 55.0443 2.9941 -0.4422 55.063 2.9762 -0.6121 55.2602 3.1352 -0.5687 55.2204 2.8673 -0.5361 55.2412 2.8597 -0.4048 55.235 2.95 -0.5632 55.2265 3.1442 -0.5682 55.2351 2.8716 -0.4733 55.1974 2.8549 -0.4733 55.2244 2.862 -0.4406 55.1568 3.0265 -0.6674 55.0748 2.957 -0.6382 54.9251 2.9699 -0.5677 55.01 3.1336 -0.6647 54.9938 2.8828 -0.6122 55.1069 2.8746 -0.5453 55.0782 2.8828 -0.5808 55.0113 2.9005 -0.4823 54.9589 3.0365 -0.4908 54.9338 3.0597 -0.4887 54.9572 3.0338 -0.4697 55.0458 2.9723 -0.4206 55.0798 3.0017 -0.4458 55.2194 2.8777 -0.5637 55.0664 2.8786 -0.5046 55.0632 3.1467 -0.6543 55.1422 2.9266 -0.6635 55.1061 2.949 -0.6671 55.0891 2.9484 -0.6706 55.0847 2.9122 -0.6143 55.1293 3.1369 -0.6443 55.1782 3.1164 -0.6425 55.2303 3.1182 -0.6628 55.1961 2.9679 -0.6706 55.1644 3.0239 -0.6683 55.2221 3.0253 -0.6729 55.0001 2.9505 -0.6638 55.2563 3.0602 -0.6562 55.2612 3.0928 -0.6622 55.258 3.0689 -0.5681 54.9034 2.9853 -0.5008 55.2374 2.8545 -0.4732 54.9619 3.0414 -0.4884 55.0011 2.9927 -0.5184 54.9992 2.9433 -0.6605 54.9605 2.8937 -0.5008 55.0914 3.1444 -0.5149 55.0899 3.1523 -0.6027 55.2121 2.8893 -0.6624 55.271 3.0605 -0.6539 55.275 3.0915 -0.487 55.1765 3.1044 -0.5193 55.2062 3.1313 -0.4871 55.1628 3.1101 -0.6621 55.2176 2.975 -0.6417 55.2209 2.9361 -0.6441 55.2069 2.9332 -0.6587 55.2312 2.9726 -0.4724 55.2401 2.8628 -0.4444 55.2514 2.8797 -0.4448 55.237 2.8783 -0.4718 55.2546 2.864 -0.5021 55.2521 2.856 -0.6635 55.0807 2.8899 -0.456 55.0053 3.0212 -0.4964 54.9552 3.025 -0.5268 54.9556 2.9794 -0.5184 54.954 2.9957 -0.508 54.9525 3.0122 -0.4296 55.1023 3.0207 -0.4723 55.0422 3.1237 -0.4751 55.0879 3.1196 -0.6675 55.2418 3.0301 -0.6671 55.1383 2.9644 -0.6702 55.1166 3.0145 -0.6681 55.1106 3.0585 -0.6674 55.0446 3.0498 -0.6459 55.0028 3.0711 -0.6308 54.9462 3.0602 -0.6617 55.1725 3.093 -0.6647 55.2328 3.061 -0.6682 55.1624 3.0642 -0.6585 55.2415 3.094 -0.6402 55.119 3.1151 -0.6578 55.1133 3.0918 -0.6241 55.0081 3.0981 -0.6091 54.9574 3.0879 -0.6333 55.0644 3.1088 -0.6545 55.0478 3.0809 -0.483 55.1428 3.1116 -0.4367 55.0605 3.0488 -0.4978 55.0033 2.9779 -0.6617 54.9505 2.9335 -0.5639 55.242 3.1412 -0.6652 55.2569 3.03 -0.6365 55.2753 3.1134 -0.6385 55.2616 3.1154 -0.6107 55.274 3.1334 -0.4397 55.0189 3.0433'/>
          </IndexedFaceSet>
        </Shape>
        <Shape DEF='rmolar1c'>
          <Appearance>
            <PhysicalMaterial baseColor='1 0.9843 0.9843' metallic='0' roughness='0.72'/>
          </Appearance>
          <IndexedFaceSet DEF='rmolar1c_Geo' coordIndex='0 1 2 -1 3 4 5 -1 4 3 6 -1 7 8 2 -1 9 10 11 -1 12 13 14 -1 12 14 15 -1 16 17 18 -1 19 20 21 -1 19 22 23 -1 23 24 25 -1 26 23 27 -1 28 29 30 -1 31 32 33 -1 34 35 36 -1 37 38 39 -1 40 37 41 -1 42 43 44 -1 45 46 47 -1 48 49 42 -1 50 51 7 -1 52 45 47 -1 53 54 55 -1 56 57 44 -1 58 59 60 -1 50 57 60 -1 61 62 63 -1 64 62 65 -1 51 8 7 -1 10 66 3 -1 2 8 67 -1 68 69 47 -1 70 65 71 -1 52 72 45 -1 73 74 75 -1 76 77 78 -1 26 79 80 -1 81 80 82 -1 82 79 83 -1 66 40 41 -1 29 84 85 -1 86 87 88 -1 89 90 91 -1 92 93 94 -1 95 96 97 -1 98 99 53 -1 100 101 102 -1 103 104 105 -1 106 107 108 -1 109 104 110 -1 111 112 113 -1 85 114 115 -1 116 117 118 -1 119 120 118 -1 121 122 115 -1 123 124 125 -1 126 127 128 -1 128 129 126 -1 130 131 132 -1 125 133 134 -1 135 127 126 -1 121 123 125 -1 116 112 111 -1 136 113 137 -1 138 139 109 -1 36 140 99 -1 141 142 53 -1 143 55 144 -1 145 146 92 -1 91 147 148 -1 149 150 38 -1 29 82 84 -1 150 151 30 -1 35 34 76 -1 77 152 153 -1 74 154 155 -1 52 156 157 -1 70 71 47 -1 8 68 46 -1 7 158 159 -1 157 156 160 -1 42 6 13 -1 69 68 51 -1 161 44 57 -1 48 42 44 -1 50 161 57 -1 99 61 53 -1 52 47 71 -1 49 162 163 -1 45 8 46 -1 42 136 43 -1 164 39 38 -1 37 40 165 -1 34 36 98 -1 75 155 35 -1 166 167 93 -1 25 168 20 -1 77 21 20 -1 26 27 135 -1 28 169 32 -1 170 171 87 -1 172 164 173 -1 174 136 137 -1 147 91 17 -1 136 12 113 -1 14 111 15 -1 45 175 176 -1 176 0 67 -1 163 162 177 -1 32 31 26 -1 5 177 11 -1 9 11 178 -1 179 180 181 -1 170 180 182 -1 179 182 180 -1 183 40 184 -1 5 4 177 -1 177 178 11 -1 0 2 67 -1 45 185 175 -1 15 111 113 -1 186 102 187 -1 91 188 17 -1 13 12 136 -1 172 39 164 -1 87 180 170 -1 81 28 32 -1 189 23 89 -1 135 79 26 -1 31 33 24 -1 78 77 20 -1 190 166 93 -1 191 34 98 -1 150 30 29 -1 165 176 175 -1 38 85 164 -1 50 159 48 -1 45 67 8 -1 158 162 49 -1 50 60 51 -1 57 58 60 -1 51 60 69 -1 160 140 157 -1 40 183 165 -1 47 69 70 -1 65 156 71 -1 157 72 52 -1 155 75 74 -1 153 21 77 -1 34 192 76 -1 73 168 193 -1 193 24 33 -1 151 28 30 -1 84 114 85 -1 148 86 91 -1 92 94 145 -1 141 94 142 -1 99 98 36 -1 194 195 196 -1 197 112 116 -1 109 198 138 -1 15 113 12 -1 111 173 116 -1 197 116 199 -1 125 119 121 -1 200 135 126 -1 119 125 134 -1 130 132 201 -1 124 200 126 -1 115 123 121 -1 118 121 119 -1 199 116 118 -1 198 197 202 -1 198 137 197 -1 85 115 122 -1 137 113 197 -1 110 174 109 -1 106 108 203 -1 103 105 204 -1 102 205 100 -1 95 97 143 -1 93 142 94 -1 89 91 86 -1 86 148 87 -1 85 150 29 -1 82 80 79 -1 82 29 81 -1 26 31 24 -1 193 25 24 -1 75 78 73 -1 73 193 151 -1 71 156 52 -1 70 64 65 -1 47 46 68 -1 10 3 5 -1 51 68 8 -1 64 206 62 -1 61 160 62 -1 70 59 64 -1 136 42 13 -1 50 48 161 -1 55 141 53 -1 158 7 178 -1 50 7 159 -1 176 67 45 -1 161 48 44 -1 85 38 150 -1 37 39 41 -1 35 155 36 -1 25 193 168 -1 32 169 33 -1 28 81 29 -1 26 24 23 -1 25 19 23 -1 33 169 193 -1 37 149 38 -1 112 197 113 -1 19 25 20 -1 91 207 188 -1 16 147 17 -1 14 173 111 -1 10 5 11 -1 2 178 7 -1 208 181 180 -1 208 209 181 -1 210 211 212 -1 211 210 213 -1 214 215 95 -1 214 216 215 -1 182 217 130 -1 182 179 217 -1 218 219 220 -1 218 221 219 -1 222 203 223 -1 203 222 224 -1 40 10 184 -1 10 40 66 -1 107 204 105 -1 204 107 225 -1 226 22 153 -1 90 22 226 -1 172 14 13 -1 172 173 14 -1 171 201 227 -1 171 170 201 -1 212 228 146 -1 211 228 212 -1 152 167 166 -1 152 192 167 -1 191 53 142 -1 191 98 53 -1 120 229 230 -1 229 120 231 -1 58 232 59 -1 232 58 233 -1 42 163 6 -1 163 42 49 -1 149 151 150 -1 149 234 151 -1 169 151 193 -1 169 28 151 -1 88 235 189 -1 236 235 88 -1 147 208 148 -1 16 208 147 -1 226 190 207 -1 226 166 190 -1 237 146 145 -1 237 212 146 -1 238 55 54 -1 144 55 238 -1 239 232 240 -1 232 239 206 -1 195 186 187 -1 186 195 194 -1 241 242 194 -1 242 241 243 -1 243 103 242 -1 243 244 103 -1 245 139 138 -1 139 245 108 -1 43 174 110 -1 43 136 174 -1 125 126 129 -1 125 124 126 -1 138 246 245 -1 246 138 247 -1 197 230 202 -1 197 199 230 -1 129 133 125 -1 133 129 248 -1 249 133 250 -1 134 133 249 -1 170 130 201 -1 130 170 182 -1 250 218 249 -1 218 250 251 -1 171 128 236 -1 128 171 227 -1 124 115 200 -1 123 115 124 -1 202 229 247 -1 202 230 229 -1 122 118 117 -1 122 121 118 -1 247 198 202 -1 198 247 138 -1 114 200 115 -1 114 83 200 -1 117 85 122 -1 117 164 85 -1 108 223 203 -1 108 245 223 -1 106 225 107 -1 106 252 225 -1 252 205 225 -1 252 100 205 -1 244 56 44 -1 56 244 243 -1 240 233 241 -1 240 232 233 -1 102 214 187 -1 101 214 102 -1 187 95 143 -1 95 187 214 -1 96 145 97 -1 96 237 145 -1 253 207 190 -1 207 253 188 -1 167 142 93 -1 191 142 167 -1 171 88 87 -1 236 88 171 -1 127 236 128 -1 127 235 236 -1 81 26 80 -1 81 32 26 -1 20 73 78 -1 73 20 168 -1 72 185 45 -1 72 154 185 -1 62 156 65 -1 62 160 156 -1 158 177 162 -1 158 178 177 -1 231 254 229 -1 254 231 255 -1 253 146 228 -1 253 92 146 -1 227 132 248 -1 227 201 132 -1 90 207 91 -1 90 226 207 -1 225 256 204 -1 256 225 205 -1 4 163 177 -1 163 4 257 -1 258 223 259 -1 223 258 222 -1 251 221 218 -1 251 260 221 -1 252 261 100 -1 252 262 261 -1 215 96 95 -1 96 215 263 -1 213 18 211 -1 18 213 264 -1 16 209 208 -1 16 265 209 -1 266 212 237 -1 212 266 210 -1 267 214 101 -1 214 267 216 -1 130 268 131 -1 130 217 268 -1 269 220 219 -1 270 220 269 -1 224 106 203 -1 106 224 271 -1 9 184 10 -1 9 1 184 -1 108 105 139 -1 105 108 107 -1 153 19 21 -1 22 19 153 -1 192 77 76 -1 152 77 192 -1 48 158 49 -1 48 159 158 -1 141 143 97 -1 141 55 143 -1 154 157 155 -1 154 72 157 -1 233 57 56 -1 58 57 233 -1 64 232 206 -1 232 64 59 -1 13 66 172 -1 6 66 13 -1 6 3 66 -1 157 36 155 -1 157 140 36 -1 234 73 151 -1 234 74 73 -1 84 83 114 -1 84 82 83 -1 189 86 88 -1 189 89 86 -1 89 22 90 -1 23 22 89 -1 166 153 152 -1 153 166 226 -1 211 17 228 -1 211 18 17 -1 61 54 53 -1 54 61 63 -1 239 54 63 -1 238 54 239 -1 240 238 239 -1 240 196 238 -1 233 243 241 -1 233 56 243 -1 204 242 103 -1 204 256 242 -1 104 244 110 -1 244 104 103 -1 109 137 198 -1 109 174 137 -1 27 127 135 -1 235 127 27 -1 259 245 246 -1 259 223 245 -1 230 118 120 -1 199 118 230 -1 270 246 254 -1 259 246 270 -1 128 248 129 -1 128 227 248 -1 255 270 254 -1 270 255 220 -1 251 132 131 -1 251 250 132 -1 248 250 133 -1 248 132 250 -1 134 255 231 -1 134 249 255 -1 231 119 134 -1 120 119 231 -1 247 254 246 -1 247 229 254 -1 83 135 200 -1 83 79 135 -1 117 173 164 -1 116 173 117 -1 139 104 109 -1 105 104 139 -1 194 256 186 -1 194 242 256 -1 44 110 244 -1 43 110 44 -1 196 241 194 -1 196 240 241 -1 196 144 238 -1 144 196 195 -1 239 62 206 -1 63 62 239 -1 195 143 144 -1 143 195 187 -1 94 97 145 -1 97 94 141 -1 253 17 188 -1 253 228 17 -1 191 192 34 -1 191 167 192 -1 148 180 87 -1 180 148 208 -1 189 27 23 -1 189 235 27 -1 66 39 172 -1 41 39 66 -1 154 234 185 -1 154 74 234 -1 165 149 37 -1 175 149 165 -1 59 69 60 -1 59 70 69 -1 140 61 99 -1 140 160 61 -1 0 165 183 -1 165 0 176 -1 249 220 255 -1 249 218 220 -1 78 35 76 -1 78 75 35 -1 92 190 93 -1 253 190 92 -1 205 186 256 -1 186 205 102 -1 175 234 149 -1 185 234 175 -1 163 4 6 -1 163 257 4 -1 178 1 9 -1 178 2 1 -1 183 1 0 -1 183 184 1 -1 252 271 262 -1 252 106 271 -1 258 270 269 -1 259 270 258 -1 131 260 251 -1 131 268 260 -1 261 101 100 -1 101 261 267 -1 263 237 96 -1 237 263 266 -1 264 16 18 -1 16 264 265 -1' creaseAngle='1.571'>
            <Coordinate DEF='rmolar1c_Coord' point='-0.8138 55.086 2.23 -0.8106 55.0798 2.2369 -0.8272 55.0939 2.2462 -0.7588 54.9993 2.2378 -0.7674 55.0362 2.2569 -0.7676 55.0373 2.2498 -0.7561 55.01 2.2855 -0.8302 55.0801 2.2756 -0.8378 55.0951 2.2408 -0.8041 55.072 2.255 -0.7834 55.0301 2.2351 -0.8012 55.0728 2.2604 -0.7155 55.0039 2.2769 -0.7404 54.9993 2.2854 -0.7057 54.9906 2.2258 -0.7056 55.005 2.2527 -0.9475 55.314 2.1058 -0.9707 55.3022 2.117 -0.9652 55.3169 2.1223 -0.9383 55.0598 2.0454 -0.9583 55.0228 2.097 -0.9641 55.0366 2.0621 -0.9444 55.0797 2.0398 -0.8996 55.0792 2.0196 -0.8987 55.0778 2.0233 -0.9345 55.0597 2.0551 -0.8421 55.0578 1.9995 -0.8373 55.0677 1.9893 -0.8406 55.081 2.1107 -0.7816 55.0445 2.0663 -0.8003 55.0642 2.1038 -0.8544 55.0607 2.0452 -0.8482 55.0605 2.0479 -0.8764 55.0893 2.0806 -1.0013 55.0364 2.1626 -0.9804 55.0015 2.1506 -0.9846 55.0442 2.1971 -0.7884 55.0163 2.1456 -0.7696 55.0112 2.128 -0.7556 54.9878 2.1628 -0.7744 55.0059 2.1718 -0.7698 54.9986 2.1698 -0.7785 55.0417 2.3299 -0.7737 55.0524 2.3425 -0.8028 55.0569 2.3585 -0.8664 55.0995 2.2165 -0.8658 55.0981 2.2238 -0.9063 55.0603 2.2479 -0.806 55.0617 2.329 -0.789 55.0549 2.3163 -0.8343 55.061 2.3299 -0.8442 55.0746 2.3072 -0.9177 55.0693 2.2245 -0.9995 55.1481 2.2337 -1.0048 55.1327 2.302 -0.9998 55.193 2.3023 -0.8597 55.0624 2.3862 -0.8651 55.0448 2.3803 -0.8938 55.0276 2.381 -0.921 55.0118 2.3739 -0.875 55.0506 2.339 -0.993 55.0876 2.2491 -0.9837 55.0388 2.2854 -0.9961 55.0774 2.2963 -0.9488 55.0004 2.3285 -0.9636 55.0069 2.2801 -0.7602 54.9939 2.214 -0.833 55.0928 2.2348 -0.8562 55.0738 2.2636 -0.8818 55.0335 2.281 -0.9153 55.0057 2.3024 -0.9477 55.0216 2.2607 -0.9133 55.0581 2.2019 -0.9128 55.0367 2.1143 -0.9052 55.0302 2.1382 -0.9651 55.0037 2.1437 -0.9901 54.9988 2.1171 -0.9878 55.0117 2.0824 -0.9712 55.0009 2.1192 -0.7954 55.0335 1.9915 -0.8124 55.0309 2.0176 -0.8307 55.0463 2.0641 -0.7863 55.0145 2.0263 -0.743 55.0063 2.0222 -0.7718 55.008 2.0747 -0.7467 55.015 2.117 -0.8988 55.178 2.0597 -0.8478 55.2247 2.0636 -0.8556 55.1693 2.0341 -0.9059 55.1151 2.0301 -0.954 55.1219 2.0508 -0.962 55.1961 2.0776 -1.0139 55.2172 2.1613 -1.0202 55.1581 2.1503 -1.0115 55.2169 2.1971 -0.9784 55.3007 2.3141 -0.9846 55.3056 2.2432 -0.9982 55.277 2.2449 -1.0009 55.0928 2.2072 -0.9926 55.0917 2.2294 -0.8894 55.2818 2.3662 -0.9224 55.2899 2.3653 -0.9182 55.2626 2.3695 -0.8242 55.16 2.3701 -0.7773 55.1545 2.3436 -0.7931 55.2086 2.3312 -0.8072 55.2804 2.3361 -0.8015 55.2448 2.3293 -0.7325 55.2388 2.3024 -0.7154 55.1348 2.3212 -0.7709 55.0973 2.3535 -0.6957 54.9875 2.229 -0.6757 55.0061 2.2396 -0.6947 55.0189 2.2705 -0.7356 55.0054 2.0653 -0.7061 55.0146 2.064 -0.6766 55.0004 2.1923 -0.6994 55.004 2.1496 -0.6581 55.0473 2.145 -0.6573 55.1174 2.111 -0.6431 55.115 2.1449 -0.6816 55.063 2.1147 -0.7066 55.0374 2.1161 -0.68 55.0605 2.0664 -0.6931 55.0606 2.03 -0.6734 55.1172 2.0587 -0.7252 55.0652 1.989 -0.7763 55.0861 1.9776 -0.7511 55.1433 1.9921 -0.713 55.1339 2.007 -0.7579 55.27 2.0474 -0.7222 55.2657 2.0498 -0.7183 55.2372 2.0408 -0.6733 55.1852 2.0716 -0.6533 55.1792 2.1136 -0.7943 55.0387 1.9789 -0.7259 55.0363 2.3105 -0.6884 55.0625 2.291 -0.662 55.1913 2.2725 -0.7224 55.2032 2.303 -0.9707 55.0522 2.2154 -1.009 55.2092 2.2403 -1.0116 55.1489 2.1843 -0.9927 55.2579 2.3066 -0.9937 55.1899 2.3251 -0.9964 55.2885 2.2057 -0.9909 55.2988 2.1707 -0.9526 55.2979 2.1028 -0.8968 55.2623 2.0964 -0.8146 55.0327 2.1367 -0.7959 55.0644 2.1089 -0.8439 55.0802 2.1186 -1.0041 55.0528 2.077 -0.9764 55.0651 2.0537 -0.9098 55.0472 2.1782 -0.9546 55.0186 2.1875 -0.9617 55.0277 2.2311 -0.9539 55.0318 2.2072 -0.822 55.0794 2.2793 -0.8209 55.0762 2.2919 -0.9741 55.0492 2.2396 -0.8185 55.0589 2.3442 -0.7946 55.0611 2.2903 -0.7709 55.0294 2.284 -0.7365 54.9834 2.1573 -0.8021 55.0504 2.1939 -1.0205 55.1087 2.0951 -1.0193 55.1005 2.1367 -0.9291 55.0567 2.0869 -0.8702 55.0879 2.0843 -0.7906 55.2568 2.0441 -0.7868 55.2073 2.0196 -0.7339 54.9778 2.2087 -0.7033 54.9828 2.1969 -0.7157 55.0729 2.3153 -0.8215 55.0593 2.1858 -0.823 55.0845 2.223 -0.7951 55.0708 2.2637 -0.8221 55.0843 2.2727 -0.7933 55.2855 2.057 -0.8448 55.2821 2.0673 -0.8425 55.2938 2.0702 -0.7947 55.2745 2.0518 -0.7928 55.0503 2.2007 -0.791 55.0461 2.2093 -0.86 55.0768 2.1698 -0.9157 55.2379 2.373 -0.9603 55.2555 2.3591 -0.9894 55.2078 2.0945 -0.8759 55.1067 2.0141 -1.0157 55.1672 2.1113 -1.013 55.0932 2.1731 -1.009 55.0454 2.1201 -0.8827 55.0903 2.0852 -0.916 55.1827 2.3915 -0.9553 55.2008 2.3726 -0.9494 55.1537 2.3808 -0.6502 55.0569 2.246 -0.6684 55.1344 2.2862 -0.6414 55.0498 2.1893 -0.7322 55.0144 2.0035 -0.7469 55.244 2.0361 -0.6383 55.1204 2.2387 -0.7426 55.2737 2.3056 -0.8412 55.216 2.3485 -0.8881 55.2596 2.3621 -0.9621 55.0352 2.335 -0.9923 55.1823 2.0892 -0.8974 55.2981 2.1009 -0.895 55.3099 2.1031 -0.9751 55.3296 2.1719 -0.9756 55.3187 2.1432 -0.98 55.3186 2.1715 -0.9711 55.3297 2.1454 -0.9577 55.2986 2.3522 -0.9738 55.3118 2.3138 -0.955 55.31 2.3496 -0.7572 55.281 2.0528 -0.6658 55.2593 2.1234 -0.6641 55.2708 2.1524 -0.6606 55.2593 2.1517 -0.6686 55.2711 2.125 -0.6801 55.2736 2.267 -0.6783 55.2619 2.2699 -0.7423 55.2852 2.3028 -0.8469 55.2524 2.346 -0.99 55.1158 2.0686 -0.7394 55.1971 2.0178 -0.982 55.3045 2.1378 -0.6327 55.1726 2.1805 -0.6333 55.1069 2.1852 -0.643 55.1759 2.147 -0.929 55.0442 2.3807 -0.899 55.0584 2.3899 -0.8579 55.0592 2.1371 -0.8157 55.0953 1.9835 -0.8004 55.1509 1.9966 -0.987 55.313 2.1992 -0.992 55.1389 2.3329 -0.9765 55.0842 2.3402 -0.9406 55.1048 2.3846 -0.9093 55.1197 2.3992 -0.8786 55.1738 2.3854 -0.8613 55.1181 2.3947 -0.8076 55.1117 2.3705 -0.6719 55.2418 2.2655 -0.6424 55.2377 2.2234 -0.6328 55.1894 2.2324 -0.7065 55.1899 2.0257 -0.6604 55.2218 2.1195 -0.6837 55.2334 2.0832 -0.6834 55.2612 2.0938 -0.8499 55.2816 2.3528 -1.0068 55.2167 2.1235 -0.64 55.2212 2.186 -0.6499 55.2215 2.1527 -0.8872 55.2257 2.3665 -0.77 55.0324 2.2715 -0.6521 55.27 2.2222 -0.6485 55.2586 2.2229 -0.6847 55.2728 2.0973 -0.8884 55.2936 2.3647 -0.8497 55.2935 2.3511 -0.9799 55.3166 2.2425 -0.9614 55.3281 2.1252 -0.9445 55.3255 2.1087 -0.9825 55.3241 2.2016 -0.9201 55.3015 2.3628 -0.7234 55.2769 2.0546 -0.6596 55.2705 2.1801 -0.656 55.2591 2.1786 -0.8068 55.2922 2.3339'/>
          </IndexedFaceSet>
        </Shape>
        <Shape DEF='rmolar2c'>
          <Appearance>
            <PhysicalMaterial baseColor='1 0.9843 0.9843' metallic='0' roughness='0.72'/>
          </Appearance>
          <IndexedFaceSet DEF='rmolar2c_Geo' coordIndex='0 1 2 -1 0 3 4 -1 5 6 7 -1 8 9 10 -1 11 12 13 -1 14 15 16 -1 17 18 19 -1 20 21 22 -1 23 24 25 -1 26 27 28 -1 25 21 29 -1 30 31 32 -1 30 33 34 -1 31 35 32 -1 11 36 12 -1 37 38 39 -1 28 40 41 -1 42 43 2 -1 44 45 46 -1 47 48 49 -1 50 51 52 -1 53 54 50 -1 54 55 56 -1 57 58 59 -1 55 60 61 -1 62 63 64 -1 65 66 67 -1 68 69 70 -1 71 72 73 -1 25 74 75 -1 12 36 29 -1 47 76 77 -1 76 78 79 -1 80 81 82 -1 83 84 85 -1 86 87 88 -1 89 90 91 -1 83 92 93 -1 94 95 96 -1 90 97 91 -1 97 98 99 -1 100 101 52 -1 101 100 102 -1 103 74 9 -1 96 55 104 -1 105 106 107 -1 71 108 109 -1 110 111 112 -1 113 114 115 -1 113 116 117 -1 42 2 1 -1 118 119 120 -1 121 122 123 -1 124 125 69 -1 96 126 97 -1 95 127 96 -1 128 77 86 -1 129 89 130 -1 105 107 131 -1 132 133 134 -1 8 135 136 -1 25 30 34 -1 137 138 139 -1 140 41 141 -1 53 134 142 -1 61 143 144 -1 145 146 103 -1 85 84 147 -1 128 148 149 -1 91 126 127 -1 150 151 152 -1 153 154 155 -1 156 122 121 -1 121 157 158 -1 159 160 161 -1 162 163 164 -1 113 165 166 -1 167 168 169 -1 58 57 148 -1 101 102 170 -1 90 171 172 -1 90 98 97 -1 94 173 95 -1 129 147 90 -1 174 100 51 -1 44 175 45 -1 85 81 80 -1 176 177 85 -1 129 81 147 -1 79 178 87 -1 36 179 10 -1 75 180 181 -1 182 183 160 -1 176 3 184 -1 140 185 151 -1 78 49 63 -1 61 60 143 -1 144 67 66 -1 96 56 55 -1 174 51 50 -1 47 149 65 -1 105 131 186 -1 187 186 131 -1 188 28 41 -1 185 140 175 -1 11 179 36 -1 28 189 26 -1 23 34 190 -1 26 190 27 -1 103 191 50 -1 33 32 190 -1 192 193 194 -1 12 29 13 -1 73 195 196 -1 197 8 10 -1 198 158 157 -1 199 196 195 -1 200 201 202 -1 0 4 1 -1 88 203 204 -1 205 117 116 -1 206 207 166 -1 34 33 190 -1 206 166 208 -1 209 205 116 -1 204 210 88 -1 201 211 202 -1 212 13 213 -1 199 214 196 -1 71 73 196 -1 11 212 215 -1 29 21 13 -1 216 18 17 -1 193 217 194 -1 32 27 190 -1 103 136 191 -1 26 23 190 -1 31 181 35 -1 181 180 218 -1 175 219 185 -1 188 41 220 -1 221 187 131 -1 221 45 187 -1 222 223 161 -1 65 48 47 -1 99 174 50 -1 104 58 96 -1 148 57 66 -1 78 47 49 -1 61 144 59 -1 28 188 224 -1 176 184 46 -1 182 160 159 -1 179 225 10 -1 148 94 96 -1 87 76 79 -1 128 94 148 -1 129 82 81 -1 85 226 176 -1 80 226 85 -1 175 227 45 -1 174 172 100 -1 127 126 96 -1 89 129 90 -1 172 98 90 -1 90 147 171 -1 148 96 58 -1 50 191 53 -1 108 71 196 -1 169 211 167 -1 113 166 116 -1 164 228 162 -1 161 229 159 -1 161 223 229 -1 121 230 156 -1 124 14 16 -1 231 50 232 -1 127 95 173 -1 149 77 128 -1 85 147 81 -1 233 145 103 -1 54 53 142 -1 134 53 191 -1 191 132 134 -1 137 139 197 -1 20 13 21 -1 23 25 34 -1 8 136 9 -1 153 155 19 -1 134 133 142 -1 129 130 82 -1 234 128 86 -1 235 91 127 -1 97 56 96 -1 101 93 92 -1 69 14 124 -1 123 157 121 -1 229 223 119 -1 1 236 42 -1 114 113 117 -1 115 237 113 -1 112 238 110 -1 173 235 127 -1 105 233 106 -1 103 9 136 -1 92 232 52 -1 52 101 92 -1 52 51 100 -1 99 56 97 -1 170 93 101 -1 126 91 97 -1 84 83 93 -1 88 239 86 -1 177 83 85 -1 82 240 80 -1 76 47 78 -1 80 240 241 -1 47 77 149 -1 75 30 25 -1 74 180 75 -1 71 109 72 -1 69 199 70 -1 65 67 242 -1 62 78 63 -1 61 104 55 -1 99 54 56 -1 99 50 54 -1 52 232 50 -1 149 148 66 -1 66 65 149 -1 198 119 223 -1 45 221 46 -1 43 184 2 -1 177 221 131 -1 188 220 243 -1 185 219 244 -1 11 121 179 -1 153 217 193 -1 231 106 50 -1 30 32 33 -1 25 24 192 -1 189 245 24 -1 193 245 153 -1 17 19 155 -1 11 13 212 -1 198 225 158 -1 119 198 157 -1 121 11 230 -1 5 246 6 -1 215 230 11 -1 3 247 4 -1 248 249 7 -1 250 249 248 -1 251 202 252 -1 202 251 253 -1 254 238 255 -1 238 254 256 -1 208 257 206 -1 208 258 257 -1 163 259 260 -1 163 162 259 -1 261 262 263 -1 262 261 264 -1 116 207 209 -1 207 116 166 -1 244 151 185 -1 244 152 151 -1 118 182 159 -1 182 118 265 -1 199 156 70 -1 199 195 156 -1 266 212 213 -1 215 212 266 -1 108 246 267 -1 108 214 246 -1 214 108 196 -1 157 120 119 -1 120 157 123 -1 268 269 270 -1 268 16 269 -1 28 32 40 -1 28 27 32 -1 163 271 164 -1 272 271 163 -1 177 107 83 -1 131 107 177 -1 146 186 187 -1 146 145 186 -1 142 55 54 -1 142 60 55 -1 273 274 112 -1 273 275 274 -1 153 276 154 -1 153 277 276 -1 151 41 140 -1 151 220 41 -1 277 269 276 -1 277 278 269 -1 64 160 183 -1 64 63 160 -1 226 241 247 -1 241 226 80 -1 203 87 178 -1 87 203 88 -1 82 210 240 -1 210 82 130 -1 83 232 92 -1 83 231 232 -1 125 279 6 -1 125 124 279 -1 167 280 168 -1 167 265 280 -1 183 281 282 -1 281 183 182 -1 282 64 183 -1 282 275 64 -1 111 283 165 -1 110 283 111 -1 207 284 285 -1 206 284 207 -1 1 285 286 -1 285 1 287 -1 278 270 269 -1 278 288 270 -1 289 228 164 -1 236 228 289 -1 290 37 39 -1 291 37 290 -1 178 115 114 -1 115 178 79 -1 266 292 68 -1 266 216 292 -1 293 150 152 -1 293 294 150 -1 295 247 241 -1 295 4 247 -1 61 58 104 -1 61 59 58 -1 158 179 121 -1 179 158 225 -1 21 217 22 -1 21 194 217 -1 193 24 245 -1 193 192 24 -1 213 216 266 -1 18 216 213 -1 239 89 296 -1 89 239 130 -1 241 205 295 -1 205 241 204 -1 79 62 115 -1 62 79 78 -1 263 288 290 -1 263 262 288 -1 294 271 297 -1 293 271 294 -1 236 244 42 -1 244 236 289 -1 279 16 268 -1 124 16 279 -1 4 287 1 -1 4 295 287 -1 237 165 113 -1 111 165 237 -1 275 298 274 -1 282 298 275 -1 252 267 299 -1 252 169 267 -1 248 6 279 -1 6 248 7 -1 146 218 180 -1 187 218 146 -1 174 98 172 -1 98 174 99 -1 171 100 172 -1 171 102 100 -1 87 77 76 -1 87 86 77 -1 240 204 241 -1 240 210 204 -1 222 137 223 -1 222 242 137 -1 123 73 72 -1 73 123 122 -1 150 220 151 -1 150 243 220 -1 48 242 222 -1 48 65 242 -1 255 112 274 -1 238 112 255 -1 133 60 142 -1 133 143 60 -1 139 143 133 -1 139 138 143 -1 105 145 233 -1 186 145 105 -1 106 83 107 -1 231 83 106 -1 243 37 188 -1 37 243 38 -1 218 35 181 -1 218 300 35 -1 23 189 24 -1 23 26 189 -1 19 217 153 -1 19 22 217 -1 29 10 9 -1 10 29 36 -1 17 154 301 -1 17 155 154 -1 302 270 303 -1 302 268 270 -1 292 15 14 -1 292 301 15 -1 108 168 109 -1 108 169 168 -1 267 169 108 -1 215 68 70 -1 215 266 68 -1 70 230 215 -1 70 156 230 -1 281 265 167 -1 281 182 265 -1 304 39 297 -1 305 39 304 -1 306 305 304 -1 305 306 307 -1 162 308 259 -1 308 162 309 -1 310 208 283 -1 208 310 258 -1 255 311 254 -1 255 312 311 -1 299 251 252 -1 299 313 251 -1 302 250 248 -1 314 250 302 -1 315 7 249 -1 5 7 315 -1 253 200 202 -1 200 253 316 -1 110 256 317 -1 110 238 256 -1 206 318 284 -1 206 257 318 -1 260 272 163 -1 272 260 319 -1 263 307 261 -1 307 263 305 -1 152 289 293 -1 244 289 152 -1 294 243 150 -1 38 243 294 -1 247 176 226 -1 3 176 247 -1 119 159 229 -1 159 119 118 -1 214 6 246 -1 214 125 6 -1 123 280 120 -1 280 123 72 -1 225 197 10 -1 198 197 225 -1 15 269 16 -1 15 276 269 -1 20 19 18 -1 20 22 19 -1 41 300 141 -1 300 41 40 -1 153 189 28 -1 153 245 189 -1 25 194 21 -1 25 192 194 -1 13 18 213 -1 18 13 20 -1 164 293 289 -1 271 293 164 -1 140 227 175 -1 140 141 227 -1 43 46 184 -1 43 44 46 -1 66 59 144 -1 66 57 59 -1 132 136 135 -1 136 132 191 -1 275 62 64 -1 273 62 275 -1 68 14 69 -1 14 68 292 -1 125 199 69 -1 125 214 199 -1 25 9 74 -1 25 29 9 -1 130 88 210 -1 88 130 239 -1 84 170 147 -1 84 93 170 -1 91 296 89 -1 296 91 235 -1 296 86 239 -1 234 86 296 -1 282 201 298 -1 201 282 281 -1 111 273 112 -1 111 237 273 -1 285 209 207 -1 285 287 209 -1 284 286 285 -1 284 309 286 -1 303 288 262 -1 270 288 303 -1 1 228 236 -1 1 286 228 -1 290 305 263 -1 290 39 305 -1 178 117 203 -1 178 114 117 -1 291 188 37 -1 291 224 188 -1 3 2 184 -1 3 0 2 -1 50 233 103 -1 50 106 233 -1 139 8 197 -1 139 135 8 -1 180 103 146 -1 74 103 180 -1 227 187 45 -1 187 227 218 -1 242 138 137 -1 138 242 67 -1 42 219 43 -1 42 244 219 -1 277 291 278 -1 291 277 224 -1 63 161 160 -1 63 49 161 -1 278 290 288 -1 278 291 290 -1 272 297 271 -1 272 304 297 -1 286 162 228 -1 286 309 162 -1 268 248 279 -1 268 302 248 -1 209 295 205 -1 209 287 295 -1 165 208 166 -1 165 283 208 -1 237 62 273 -1 62 237 115 -1 312 274 298 -1 312 255 274 -1 200 298 201 -1 200 312 298 -1 211 252 202 -1 169 252 211 -1 267 5 299 -1 5 267 246 -1 235 234 296 -1 234 235 173 -1 170 171 147 -1 171 170 102 -1 176 221 177 -1 176 46 221 -1 234 94 128 -1 234 173 94 -1 137 198 223 -1 198 137 197 -1 120 265 118 -1 280 265 120 -1 175 43 219 -1 44 43 175 -1 153 224 277 -1 153 28 224 -1 49 222 161 -1 48 222 49 -1 133 135 139 -1 135 133 132 -1 67 143 138 -1 67 144 143 -1 218 141 300 -1 141 218 227 -1 75 31 30 -1 31 75 181 -1 35 40 32 -1 35 300 40 -1 154 15 301 -1 15 154 276 -1 216 301 292 -1 216 17 301 -1 195 122 156 -1 73 122 195 -1 280 109 168 -1 280 72 109 -1 167 201 281 -1 201 167 211 -1 38 297 39 -1 38 294 297 -1 203 205 204 -1 205 203 117 -1 320 262 264 -1 320 303 262 -1 319 304 272 -1 304 319 306 -1 318 309 284 -1 309 318 308 -1 283 317 310 -1 283 110 317 -1 316 312 200 -1 312 316 311 -1 299 315 313 -1 299 5 315 -1 303 314 302 -1 303 320 314 -1' creaseAngle='1.571'>
            <Coordinate DEF='rmolar2c_Coord' point='-1.0683 55.1019 1.8872 -1.0845 55.1419 1.893 -1.0749 55.0965 1.8567 -1.0457 55.0646 1.8776 -1.0697 55.0969 1.9125 -0.7432 55.2336 1.7708 -0.7593 55.1788 1.7336 -0.7561 55.2332 1.7413 -0.8816 55.0617 1.8023 -0.9317 55.0974 1.7909 -0.8701 55.0595 1.792 -0.8446 55.0586 1.7815 -0.8603 55.0705 1.7796 -0.8679 55.0731 1.7565 -0.8129 55.0765 1.6983 -0.8419 55.0839 1.6851 -0.8211 55.1352 1.6773 -0.8546 55.0634 1.6974 -0.8609 55.059 1.7193 -0.8868 55.0839 1.6982 -0.8755 55.0758 1.7335 -0.9139 55.1118 1.7682 -0.8914 55.0887 1.7163 -0.9249 55.117 1.7624 -0.9217 55.1163 1.7639 -0.9181 55.1158 1.7721 -0.9611 55.1236 1.711 -0.9646 55.1166 1.7198 -0.9642 55.1242 1.7066 -0.9117 55.1093 1.7737 -0.9255 55.1133 1.7715 -0.9718 55.0962 1.7486 -0.9674 55.1046 1.7382 -0.9521 55.1167 1.7541 -0.9249 55.1147 1.7668 -0.9969 55.0785 1.753 -0.8629 55.0673 1.7832 -0.999 55.1588 1.7194 -1.0228 55.1581 1.7284 -1.0114 55.2311 1.7515 -0.9837 55.0998 1.729 -1.0061 55.1002 1.7218 -1.0815 55.0911 1.8262 -1.0506 55.0511 1.8083 -1.044 55.0447 1.8055 -1.0253 55.0455 1.7926 -1.0406 55.0455 1.8408 -0.8758 55.0753 2 -0.8578 55.0549 1.9688 -0.843 55.0574 1.9706 -0.9478 55.1194 1.8707 -0.9457 55.1144 1.8844 -0.9484 55.1156 1.8825 -0.9435 55.1202 1.8704 -0.9433 55.1185 1.8736 -0.924 55.1026 1.9342 -0.9328 55.1073 1.9178 -0.8934 55.0668 1.9601 -0.9209 55.0993 1.9389 -0.8951 55.0683 1.9316 -0.896 55.0715 1.912 -0.8946 55.0702 1.9214 -0.8685 55.1101 2.0101 -0.8374 55.0667 1.9746 -0.8259 55.0972 1.9838 -0.8728 55.0558 1.9651 -0.8881 55.0648 1.962 -0.8683 55.051 1.9383 -0.8059 55.0619 1.7285 -0.7952 55.0735 1.7263 -0.7983 55.0644 1.7585 -0.7602 55.1288 1.8158 -0.778 55.0808 1.8344 -0.7927 55.0871 1.8081 -0.9417 55.1023 1.7926 -0.9318 55.1072 1.7761 -0.9289 55.0715 2.0248 -0.9312 55.0623 2.0172 -0.8739 55.0791 2.0032 -0.9291 55.079 2.0291 -1.044 55.034 1.9176 -1.0244 55.035 1.914 -1.0302 55.0218 1.9407 -1.0018 55.08 1.8822 -1.0124 55.058 1.9004 -1.0204 55.052 1.8897 -0.9785 55.0508 2.0291 -0.9834 55.0576 2.0383 -1.0034 55.0355 2.0219 -1.0114 55.0296 1.9767 -0.993 55.0467 1.9425 -0.9928 55.0548 1.9812 -1.002 55.0719 1.9019 -1.0062 55.0681 1.9028 -0.9489 55.065 1.9997 -0.9657 55.0775 1.9906 -0.9262 55.102 1.9384 -0.9743 55.0706 1.9591 -0.9818 55.0596 1.9348 -0.9373 55.1067 1.9035 -0.9982 55.0684 1.9104 -1.0014 55.0696 1.9067 -1.0011 55.0653 1.9138 -0.9445 55.0998 1.795 -0.9226 55.1022 1.9372 -1.0056 55.0668 1.8312 -0.9515 55.1125 1.859 -1.0037 55.07 1.8477 -0.7465 55.166 1.8193 -0.7516 55.1291 1.84 -0.9205 55.2718 2.0136 -0.92 55.2246 2.0247 -0.8498 55.2257 1.9998 -0.9959 55.1527 2.0539 -0.9964 55.1028 2.049 -0.9318 55.1146 2.0361 -1.0275 55.1414 2.0391 -1.0229 55.0906 2.0297 -0.7783 55.055 1.8806 -0.7941 55.0387 1.8718 -0.7799 55.0568 1.8718 -0.8091 55.0681 1.8027 -0.8009 55.0776 1.8054 -0.7892 55.0659 1.8327 -0.7869 55.1265 1.7005 -0.7761 55.125 1.7249 -0.9746 55.0784 1.9801 -0.9726 55.0766 1.9888 -0.9353 55.059 2.008 -1.0159 55.025 1.944 -1.0192 55.0257 1.9837 -1.0152 55.0596 1.8337 -0.9026 55.0757 1.8484 -0.8919 55.0677 1.8563 -0.9047 55.0785 1.8563 -0.8888 55.0648 1.809 -0.9375 55.0968 1.7971 -0.8375 55.0315 1.9007 -0.848 55.0396 1.9023 -0.849 55.0412 1.8567 -1.0464 55.0775 1.7427 -1.0249 55.0745 1.7457 -0.9023 55.0771 1.8702 -0.8823 55.0622 1.916 -0.8863 55.0642 1.9275 -0.9517 55.1087 1.8481 -0.9503 55.097 1.7925 -1.0126 55.044 1.9195 -0.8932 55.0673 1.9699 -0.8845 55.0667 1.9855 -1.0501 55.1195 1.735 -1.0484 55.0897 1.7393 -1.0589 55.1147 1.7416 -0.9216 55.1138 1.6959 -0.8805 55.0864 1.6879 -0.8842 55.0821 1.6912 -0.7996 55.0708 1.7811 -0.8013 55.0547 1.8314 -0.8159 55.0504 1.8242 -0.7786 55.053 1.9062 -0.8022 55.0554 1.9441 -0.8085 55.0457 1.9402 -1.0791 55.2673 1.8684 -1.0701 55.2692 1.8367 -1.0822 55.22 1.8252 -0.9918 55.2192 2.0463 -1.0271 55.2166 2.0405 -0.7426 55.1281 1.8891 -0.7455 55.1303 1.8613 -0.7287 55.1862 1.8586 -1.0074 55.0584 1.912 -0.9997 55.0581 1.9274 -0.989 55.0644 1.922 -0.9717 55.0646 2.0036 -0.9418 55.1122 1.8928 -1.0491 55.0566 1.7719 -1.04 55.0551 1.8752 -1.0199 55.0655 1.8782 -0.9846 55.0644 2.041 -0.8391 55.0575 1.7911 -0.9459 55.1012 1.7886 -0.9698 55.0934 1.7572 -0.7655 55.0757 1.9147 -0.7873 55.0855 1.9496 -1.05 55.0566 1.8436 -1.0523 55.0811 1.7474 -1.0056 55.0625 1.8199 -1.0072 55.0522 1.786 -0.9719 55.1319 1.7095 -0.953 55.1205 1.71 -0.9478 55.1215 1.7502 -0.944 55.1171 1.8651 -0.9182 55.1161 1.7654 -0.9211 55.1141 1.7062 -0.9161 55.1137 1.7668 -0.7915 55.0817 1.7828 -0.7623 55.1264 1.7894 -0.8373 55.0364 1.8518 -0.8242 55.0354 1.8475 -0.7903 55.0765 1.7577 -0.7384 55.243 1.9313 -0.7357 55.186 1.9255 -0.7264 55.2389 1.8972 -1.01 55.0483 2.0217 -1.0315 55.0337 1.9968 -1.0438 55.0806 2.0032 -1.0457 55.258 2.029 -1.0512 55.2139 2.0249 -1.0158 55.262 2.0368 -1.0544 55.1309 2.0161 -1.0264 55.0269 1.9945 -0.7311 55.1861 1.8922 -0.8506 55.0541 1.7567 -0.8558 55.0544 1.7377 -0.7671 55.1251 1.7587 -0.8201 55.0502 1.7575 -0.8361 55.0559 1.7066 -0.9126 55.107 1.7113 -1.0061 55.0589 1.7711 -1.0551 55.0635 1.7767 -1.0109 55.1102 1.7215 -1.0212 55.0511 1.8358 -0.8429 55.0413 1.9427 -0.8192 55.0273 1.8984 -0.9641 55.1314 1.7056 -0.8316 55.0464 1.8193 -1.042 55.0446 1.8964 -1.0253 55.0575 1.7675 -1.0866 55.213 1.8621 -0.7949 55.038 1.8988 -0.8147 55.059 1.7796 -0.9513 55.1169 1.8714 -0.9485 55.1156 1.878 -0.9516 55.1107 1.8538 -0.9765 55.0508 2.0186 -0.9865 55.0527 1.9953 -1.0883 55.1355 1.833 -0.9251 55.1599 2.0301 -0.848 55.2693 1.997 -0.9979 55.0331 2.0117 -1.0444 55.0238 1.9432 -1.0508 55.0319 1.9461 -0.8596 55.0439 1.9416 -1.0133 55.126 1.718 -1.0743 55.1016 1.7708 -0.9274 55.1144 1.7069 -0.7497 55.1863 1.7636 -1.0473 55.0541 1.8995 -0.7688 55.2334 1.718 -0.7577 55.2475 1.7438 -0.7689 55.2474 1.7227 -0.723 55.2489 1.8651 -0.7219 55.2346 1.8639 -0.7278 55.2533 1.8977 -0.8069 55.2769 1.9768 -0.807 55.2627 1.979 -0.8476 55.2837 1.995 -1.0426 55.2721 2.0286 -1.017 55.2762 2.0343 -1.0749 55.2811 1.8701 -1.0653 55.2828 1.8395 -0.9397 55.2799 1.7505 -0.8807 55.2644 1.7159 -0.9421 55.2665 1.7445 -0.8788 55.2776 1.7225 -0.7646 55.0757 1.8909 -0.8274 55.0499 1.7335 -0.7397 55.1898 1.8189 -0.8148 55.1861 1.6768 -0.8623 55.1417 1.6743 -0.8547 55.1952 1.6775 -1.07 55.2256 1.7894 -1.0601 55.271 1.8052 -0.8595 55.1608 2.0093 -0.8068 55.2141 1.9815 -0.8178 55.1506 1.985 -0.8754 55.0988 1.6847 -0.9178 55.1214 1.6935 -0.9024 55.152 1.6839 -0.7763 55.1744 1.7043 -0.7684 55.078 1.8678 -0.7439 55.1278 1.9177 -0.7776 55.1404 1.9578 -0.9857 55.2651 2.0349 -1.08 55.2615 1.9854 -1.0851 55.2012 1.9768 -1.0877 55.2145 1.9161 -1.08 55.1253 1.9695 -0.8885 55.2014 1.6868 -1.0825 55.1384 1.7847 -0.9563 55.2112 1.7159 -0.9637 55.1573 1.7019 -0.8223 55.0649 1.7002 -1.0664 55.1545 1.7577 -1.0475 55.157 1.7423 -1.0719 55.0883 1.9554 -0.9949 55.0342 2.0024 -1.0422 55.2292 1.7681 -0.7651 55.2023 1.9602 -0.732 55.2391 1.823 -1.0032 55.0755 1.7514 -0.8462 55.0705 1.6899 -0.81 55.244 1.6982 -0.8465 55.2562 1.7017 -1.035 55.2688 1.7842 -1.007 55.2647 1.7676 -1.0318 55.2824 1.789 -1.005 55.2783 1.7732 -1.0799 55.2823 1.9282 -1.084 55.2686 1.9264 -0.9875 55.2794 2.033 -0.7667 55.2698 1.9547 -0.7668 55.2556 1.9572 -0.733 55.2534 1.8246 -0.8082 55.2575 1.7046 -0.7444 55.2479 1.7727 -0.7386 55.2575 1.9295 -0.9218 55.2859 2.0118 -1.076 55.2752 1.9869 -1.0559 55.2845 1.8091 -0.8427 55.269 1.7078'/>
          </IndexedFaceSet>
        </Shape>
        <Shape DEF='rmolar3c'>
          <Appearance>
            <PhysicalMaterial baseColor='1 0.9843 0.9843' metallic='0' roughness='0.72'/>
          </Appearance>
          <IndexedFaceSet DEF='rmolar3c_Geo' coordIndex='0 1 2 -1 3 4 5 -1 6 7 8 -1 9 10 11 -1 12 13 14 -1 15 16 17 -1 18 16 19 -1 20 21 22 -1 23 24 25 -1 26 27 28 -1 29 30 31 -1 32 29 33 -1 34 35 36 -1 35 37 38 -1 39 40 41 -1 42 40 43 -1 44 45 46 -1 47 48 49 -1 50 36 35 -1 51 52 53 -1 54 55 56 -1 57 54 58 -1 59 60 61 -1 62 45 63 -1 64 65 66 -1 67 68 69 -1 70 71 72 -1 73 74 75 -1 76 77 78 -1 79 80 81 -1 82 83 84 -1 84 85 82 -1 86 80 87 -1 88 89 43 -1 90 91 92 -1 93 94 95 -1 96 97 98 -1 99 100 101 -1 102 103 101 -1 94 104 105 -1 106 107 108 -1 107 66 108 -1 97 96 109 -1 110 111 112 -1 110 113 114 -1 115 38 37 -1 116 117 118 -1 56 119 120 -1 121 61 60 -1 122 49 50 -1 123 124 32 -1 125 126 127 -1 128 129 108 -1 130 131 132 -1 112 133 69 -1 32 30 29 -1 134 135 136 -1 137 138 89 -1 86 139 140 -1 141 142 87 -1 141 87 143 -1 144 145 146 -1 21 147 148 -1 149 147 150 -1 147 114 113 -1 149 145 148 -1 151 145 152 -1 153 20 102 -1 105 104 98 -1 137 154 155 -1 156 157 158 -1 31 159 160 -1 116 118 161 -1 162 163 164 -1 165 166 25 -1 47 167 168 -1 48 169 170 -1 61 121 171 -1 172 173 55 -1 174 175 176 -1 177 5 178 -1 179 180 4 -1 181 11 182 -1 183 140 139 -1 139 155 90 -1 184 185 186 -1 112 68 113 -1 131 187 188 -1 64 52 65 -1 104 94 93 -1 109 96 132 -1 100 98 97 -1 99 101 103 -1 189 190 186 -1 191 192 81 -1 184 77 192 -1 77 76 100 -1 193 194 195 -1 117 91 155 -1 118 154 89 -1 79 81 196 -1 177 197 5 -1 72 187 131 -1 198 74 199 -1 114 70 110 -1 200 201 176 -1 129 202 67 -1 67 203 68 -1 204 198 199 -1 205 206 175 -1 207 208 194 -1 209 121 210 -1 62 128 66 -1 211 136 63 -1 45 212 213 -1 62 212 45 -1 56 55 173 -1 214 53 52 -1 215 34 170 -1 64 216 214 -1 48 50 49 -1 46 51 115 -1 217 218 159 -1 217 41 219 -1 34 220 123 -1 221 33 156 -1 26 222 31 -1 223 224 225 -1 21 20 153 -1 188 71 70 -1 152 144 219 -1 226 17 16 -1 137 226 18 -1 90 155 91 -1 227 125 228 -1 229 14 230 -1 231 232 233 -1 6 234 235 -1 10 9 236 -1 237 161 118 -1 238 239 240 -1 238 58 239 -1 10 241 182 -1 9 242 236 -1 233 12 231 -1 229 222 28 -1 88 237 118 -1 15 17 243 -1 137 18 138 -1 142 141 15 -1 42 152 219 -1 244 149 150 -1 217 219 144 -1 153 70 114 -1 153 188 70 -1 114 21 153 -1 71 187 72 -1 225 245 223 -1 246 24 126 -1 31 30 26 -1 33 29 156 -1 34 221 35 -1 221 34 33 -1 34 215 220 -1 217 230 41 -1 218 160 159 -1 115 44 46 -1 48 36 50 -1 34 36 170 -1 52 64 214 -1 173 119 56 -1 63 158 211 -1 212 62 66 -1 210 172 209 -1 194 181 207 -1 175 178 205 -1 247 248 199 -1 203 113 68 -1 202 203 67 -1 176 249 200 -1 71 188 187 -1 198 72 131 -1 76 78 105 -1 118 117 154 -1 193 195 250 -1 251 242 235 -1 100 192 77 -1 192 185 184 -1 81 140 191 -1 186 252 189 -1 97 101 100 -1 132 153 109 -1 93 75 104 -1 185 192 191 -1 6 8 133 -1 115 37 44 -1 253 139 90 -1 185 254 186 -1 139 253 183 -1 255 256 84 -1 182 207 181 -1 179 239 180 -1 5 257 178 -1 176 258 174 -1 172 55 209 -1 171 259 61 -1 170 36 48 -1 260 47 168 -1 261 165 25 -1 164 262 162 -1 65 52 213 -1 263 31 160 -1 156 158 221 -1 37 158 63 -1 155 243 137 -1 102 109 153 -1 114 147 21 -1 149 146 145 -1 113 150 147 -1 149 148 147 -1 148 22 21 -1 144 152 145 -1 143 103 141 -1 20 19 16 -1 140 81 86 -1 89 154 137 -1 134 136 211 -1 221 158 37 -1 112 69 68 -1 132 75 130 -1 128 108 66 -1 127 228 125 -1 125 264 126 -1 123 220 124 -1 122 265 49 -1 60 210 121 -1 241 173 172 -1 249 206 251 -1 5 4 257 -1 56 120 180 -1 266 138 18 -1 110 112 113 -1 97 109 102 -1 158 157 211 -1 6 133 234 -1 101 97 102 -1 99 192 100 -1 196 143 79 -1 96 98 104 -1 95 258 93 -1 92 253 90 -1 117 155 154 -1 88 118 89 -1 81 80 86 -1 267 254 268 -1 198 130 74 -1 74 130 75 -1 131 130 198 -1 204 111 110 -1 64 66 107 -1 63 136 62 -1 213 46 45 -1 64 107 250 -1 269 59 61 -1 238 57 58 -1 54 56 58 -1 35 38 50 -1 47 49 270 -1 217 159 230 -1 39 41 271 -1 34 123 33 -1 35 221 37 -1 33 123 32 -1 31 263 29 -1 28 222 26 -1 23 126 24 -1 70 72 110 -1 22 19 20 -1 138 266 151 -1 203 202 244 -1 19 266 18 -1 226 16 18 -1 139 243 155 -1 246 272 232 -1 229 12 14 -1 229 31 222 -1 10 236 241 -1 10 182 11 -1 171 273 274 -1 171 275 273 -1 276 0 2 -1 276 277 0 -1 278 279 280 -1 278 281 279 -1 282 283 284 -1 283 282 285 -1 286 287 165 -1 286 288 287 -1 225 289 245 -1 225 290 289 -1 291 292 293 -1 292 291 294 -1 6 242 9 -1 6 235 242 -1 28 12 229 -1 12 28 231 -1 125 233 264 -1 233 125 227 -1 237 39 295 -1 88 39 237 -1 243 226 137 -1 243 17 226 -1 150 203 244 -1 150 113 203 -1 218 149 244 -1 218 146 149 -1 152 138 151 -1 42 138 152 -1 127 223 296 -1 223 127 224 -1 215 124 220 -1 297 124 215 -1 134 218 244 -1 218 134 160 -1 298 2 299 -1 2 298 276 -1 297 170 300 -1 297 215 170 -1 301 195 302 -1 301 216 195 -1 65 212 66 -1 65 213 212 -1 135 62 136 -1 62 135 128 -1 208 172 210 -1 208 207 172 -1 235 303 251 -1 235 234 303 -1 257 205 178 -1 120 205 257 -1 303 247 200 -1 247 303 248 -1 249 175 206 -1 249 176 175 -1 247 74 73 -1 247 199 74 -1 304 305 306 -1 304 307 305 -1 308 268 82 -1 308 267 268 -1 308 85 309 -1 308 82 85 -1 303 249 251 -1 303 200 249 -1 254 191 268 -1 254 185 191 -1 78 184 310 -1 78 77 184 -1 132 104 75 -1 132 96 104 -1 307 311 305 -1 309 311 307 -1 92 84 83 -1 92 255 84 -1 255 312 256 -1 312 255 313 -1 117 164 314 -1 117 116 164 -1 95 189 315 -1 190 189 95 -1 250 106 193 -1 250 107 106 -1 177 175 174 -1 177 178 175 -1 207 241 172 -1 207 182 241 -1 209 54 275 -1 209 55 54 -1 316 59 269 -1 316 317 59 -1 317 318 319 -1 318 317 320 -1 321 322 270 -1 321 299 322 -1 48 260 169 -1 48 47 260 -1 260 261 323 -1 168 261 260 -1 300 246 324 -1 300 325 246 -1 116 262 164 -1 262 116 161 -1 326 262 161 -1 326 296 262 -1 225 23 327 -1 23 225 224 -1 43 39 88 -1 40 39 43 -1 22 145 151 -1 22 148 145 -1 134 263 160 -1 134 157 263 -1 211 157 134 -1 133 111 248 -1 133 112 111 -1 230 271 41 -1 230 14 271 -1 162 296 223 -1 262 296 162 -1 323 169 260 -1 169 323 325 -1 230 31 229 -1 31 230 159 -1 270 265 321 -1 265 270 49 -1 316 320 317 -1 320 316 298 -1 301 317 319 -1 59 317 301 -1 8 328 329 -1 8 7 328 -1 251 205 330 -1 206 205 251 -1 315 331 197 -1 331 315 189 -1 163 314 164 -1 314 163 332 -1 293 312 332 -1 293 292 312 -1 256 292 285 -1 292 256 312 -1 309 333 308 -1 309 307 333 -1 29 157 156 -1 263 157 29 -1 93 73 75 -1 93 201 73 -1 201 258 176 -1 93 258 201 -1 334 309 85 -1 311 309 334 -1 335 306 305 -1 280 306 335 -1 103 196 99 -1 103 143 196 -1 82 183 83 -1 82 268 183 -1 76 98 100 -1 105 98 76 -1 239 56 180 -1 58 56 239 -1 241 119 173 -1 241 330 119 -1 241 236 330 -1 59 302 60 -1 59 301 302 -1 4 279 179 -1 4 3 279 -1 298 321 320 -1 299 321 298 -1 244 135 134 -1 244 202 135 -1 295 271 336 -1 295 39 271 -1 30 124 26 -1 30 32 124 -1 27 231 28 -1 231 27 324 -1 264 246 126 -1 264 272 246 -1 228 296 326 -1 296 228 127 -1 151 19 22 -1 266 19 151 -1 144 218 217 -1 218 144 146 -1 139 15 243 -1 139 142 15 -1 6 11 7 -1 6 9 11 -1 285 294 283 -1 285 292 294 -1 289 337 245 -1 289 338 337 -1 339 165 287 -1 166 165 339 -1 1 340 2 -1 340 1 341 -1 335 278 280 -1 335 342 278 -1 343 276 344 -1 343 277 276 -1 345 171 274 -1 259 171 345 -1 346 275 54 -1 346 273 275 -1 347 344 348 -1 344 347 343 -1 179 281 349 -1 179 279 281 -1 284 350 282 -1 350 284 351 -1 352 288 286 -1 353 288 352 -1 327 290 225 -1 327 354 290 -1 355 293 356 -1 355 291 293 -1 248 234 133 -1 248 303 234 -1 12 227 13 -1 12 233 227 -1 25 327 23 -1 327 25 166 -1 41 42 219 -1 40 42 41 -1 270 167 47 -1 167 270 322 -1 318 122 53 -1 265 122 318 -1 297 324 27 -1 297 300 324 -1 348 61 259 -1 348 269 61 -1 250 216 64 -1 216 250 195 -1 63 44 37 -1 63 45 44 -1 329 193 106 -1 193 329 328 -1 180 257 4 -1 180 120 257 -1 69 106 108 -1 106 69 329 -1 110 198 204 -1 110 72 198 -1 99 81 192 -1 99 196 81 -1 85 256 334 -1 85 84 256 -1 86 142 139 -1 86 87 142 -1 252 331 189 -1 333 331 252 -1 307 331 333 -1 304 331 307 -1 92 183 253 -1 92 83 183 -1 94 190 95 -1 94 310 190 -1 87 79 143 -1 79 87 80 -1 131 153 132 -1 188 153 131 -1 350 305 311 -1 350 335 305 -1 313 92 91 -1 255 92 313 -1 314 91 117 -1 313 91 314 -1 5 306 3 -1 306 5 304 -1 330 120 119 -1 205 120 330 -1 208 60 302 -1 208 210 60 -1 269 344 316 -1 348 344 269 -1 319 53 214 -1 53 319 318 -1 299 340 322 -1 299 2 340 -1 27 124 297 -1 124 27 26 -1 168 165 261 -1 286 165 168 -1 24 325 323 -1 325 24 246 -1 295 161 237 -1 295 326 161 -1 126 224 127 -1 126 23 224 -1 138 43 89 -1 138 42 43 -1 16 141 20 -1 141 16 15 -1 141 102 20 -1 103 102 141 -1 223 337 162 -1 223 245 337 -1 13 228 336 -1 13 227 228 -1 356 162 337 -1 356 163 162 -1 323 25 24 -1 323 261 25 -1 167 286 168 -1 167 352 286 -1 300 169 325 -1 170 169 300 -1 316 276 298 -1 316 344 276 -1 319 216 301 -1 216 319 214 -1 302 194 208 -1 302 195 194 -1 304 197 331 -1 304 5 197 -1 356 332 163 -1 332 356 293 -1 313 332 312 -1 332 313 314 -1 334 285 282 -1 334 256 285 -1 254 252 186 -1 254 267 252 -1 3 280 279 -1 306 280 3 -1 202 128 135 -1 129 128 202 -1 105 310 94 -1 105 78 310 -1 258 315 174 -1 258 95 315 -1 310 186 190 -1 310 184 186 -1 11 328 7 -1 11 181 328 -1 311 282 350 -1 311 334 282 -1 252 308 333 -1 308 252 267 -1 140 268 191 -1 268 140 183 -1 197 174 315 -1 177 174 197 -1 200 73 201 -1 200 247 73 -1 67 108 129 -1 108 67 69 -1 330 242 251 -1 236 242 330 -1 181 193 328 -1 194 193 181 -1 275 121 209 -1 171 121 275 -1 50 115 122 -1 115 50 38 -1 336 14 13 -1 14 336 271 -1 320 265 318 -1 321 265 320 -1 322 352 167 -1 352 322 340 -1 122 51 53 -1 122 115 51 -1 326 336 228 -1 326 295 336 -1 232 324 246 -1 232 231 324 -1 51 213 52 -1 51 46 213 -1 232 264 233 -1 264 232 272 -1 69 8 329 -1 69 133 8 -1 204 248 111 -1 204 199 248 -1 54 357 346 -1 57 357 54 -1 337 355 356 -1 337 338 355 -1 354 166 339 -1 327 166 354 -1 340 353 352 -1 340 341 353 -1 351 335 350 -1 335 351 342 -1 349 239 179 -1 239 349 240 -1 259 347 348 -1 259 345 347 -1' creaseAngle='1.571'>
            <Coordinate DEF='rmolar3c_Coord' point='-0.9771 55.3635 1.5037 -0.9752 55.3634 1.5036 -0.9768 55.3495 1.4993 -1.1238 55.2902 1.6816 -1.1419 55.2933 1.6653 -1.1234 55.2269 1.6884 -1.0851 55.1295 1.5717 -1.0863 55.1284 1.5657 -1.0839 55.1252 1.5663 -1.0914 55.1485 1.5735 -1.1136 55.2025 1.5782 -1.0943 55.148 1.565 -0.8523 55.1189 1.508 -0.8495 55.1113 1.5169 -0.8692 55.0959 1.5216 -0.952 55.1249 1.6399 -0.9418 55.1228 1.6295 -0.9344 55.1154 1.6409 -0.911 55.0984 1.6321 -0.9423 55.1249 1.6201 -0.9811 55.151 1.6115 -0.9999 55.1764 1.5756 -0.9641 55.1384 1.581 -0.7984 55.2537 1.4961 -0.8166 55.1923 1.4772 -0.8073 55.2637 1.4813 -0.8779 55.1129 1.4886 -0.8728 55.1122 1.4845 -0.8735 55.1046 1.5066 -0.9176 55.1525 1.4904 -0.8946 55.1186 1.494 -0.8926 55.1062 1.5136 -0.8955 55.1297 1.4773 -0.9179 55.1564 1.4709 -0.931 55.1526 1.4573 -0.9376 55.1558 1.4569 -0.9311 55.1598 1.4512 -0.9567 55.1932 1.4985 -0.9615 55.1565 1.4542 -0.862 55.0782 1.5491 -0.8766 55.0745 1.5553 -0.8788 55.0806 1.5334 -0.8884 55.0724 1.5622 -0.8731 55.0736 1.5701 -1.0012 55.1664 1.4636 -1.0197 55.1718 1.4872 -1.0218 55.1561 1.4719 -0.9128 55.2337 1.4449 -0.9306 55.1785 1.4469 -0.9615 55.1865 1.4507 -0.9608 55.1681 1.4515 -1.0171 55.1565 1.4628 -1.0426 55.1399 1.4667 -1.0257 55.1641 1.462 -1.1306 55.3508 1.6065 -1.1368 55.3096 1.6032 -1.1436 55.2992 1.6204 -1.1304 55.3577 1.6143 -1.1346 55.3482 1.6336 -1.0879 55.2541 1.4926 -1.1032 55.2595 1.5147 -1.1014 55.3265 1.533 -1.0227 55.1566 1.4911 -0.9657 55.1942 1.5057 -1.064 55.1309 1.4765 -1.0473 55.1325 1.4766 -1.0548 55.1202 1.4941 -1.0446 55.1314 1.5509 -1.0537 55.1383 1.5632 -1.0706 55.1187 1.5489 -1.0022 55.1723 1.5848 -0.998 55.1668 1.5931 -1.0309 55.1546 1.6054 -1.0758 55.0908 1.6286 -1.0703 55.0989 1.6257 -1.0714 55.0826 1.652 -1.0493 55.1156 1.6978 -1.0518 55.1156 1.7124 -1.0578 55.1072 1.7023 -0.9837 55.1292 1.6865 -0.9729 55.1287 1.6825 -0.9852 55.1273 1.6951 -1.0108 55.1579 1.7172 -0.9832 55.1633 1.7072 -0.9812 55.219 1.7119 -1.011 55.2213 1.718 -0.9635 55.1284 1.6833 -0.9716 55.1351 1.6653 -0.8562 55.0769 1.5781 -0.8653 55.0833 1.6196 -0.9396 55.1287 1.6851 -0.9057 55.1422 1.6811 -0.9624 55.1673 1.6998 -1.0861 55.0786 1.6568 -1.0758 55.0885 1.6859 -1.0907 55.0932 1.6919 -1.0296 55.1102 1.6605 -1.0225 55.1281 1.6768 -1.0452 55.1129 1.688 -1.001 55.1294 1.6803 -1.0377 55.1244 1.6976 -1.0116 55.133 1.6806 -0.9796 55.1477 1.6312 -0.9778 55.1456 1.6369 -1.0599 55.0963 1.6769 -1.0552 55.1049 1.6892 -1.0727 55.1061 1.5173 -1.0666 55.116 1.492 -1.062 55.1085 1.5181 -0.9811 55.1477 1.6239 -1.0358 55.1559 1.5885 -1.0583 55.1332 1.5904 -1.0592 55.1403 1.5792 -1.0066 55.1788 1.571 -1.0064 55.1779 1.5765 -0.99 55.1688 1.4551 -0.8393 55.1042 1.6209 -0.8693 55.1148 1.6555 -0.8511 55.0877 1.6166 -1.1313 55.2388 1.611 -1.1392 55.2242 1.6365 -1.1157 55.3257 1.5558 -0.9908 55.1764 1.4537 -0.9134 55.1473 1.4675 -0.8784 55.1252 1.4673 -0.8231 55.1448 1.5129 -0.8127 55.1789 1.5018 -0.804 55.1744 1.5239 -1.0267 55.1448 1.5044 -1.0328 55.127 1.5244 -1.0583 55.0994 1.6303 -1.0449 55.1094 1.625 -1.0367 55.0984 1.6405 -1.0782 55.1308 1.5731 -0.9718 55.1758 1.5182 -0.9801 55.1747 1.518 -0.9686 55.1873 1.5099 -0.9063 55.09 1.6469 -0.8817 55.0839 1.6196 -0.9582 55.1247 1.6823 -0.9862 55.126 1.7007 -0.9783 55.1472 1.6222 -0.9682 55.1335 1.6608 -0.9755 55.1429 1.6443 -0.9284 55.102 1.5581 -0.9398 55.1091 1.5661 -0.9408 55.1103 1.5556 -0.9997 55.1801 1.5719 -0.9679 55.1402 1.5733 -0.9725 55.1431 1.5647 -1.0008 55.1776 1.5694 -0.9374 55.1072 1.573 -0.9293 55.0994 1.5652 -0.9865 55.1518 1.6158 -0.8869 55.0999 1.6533 -0.9185 55.1166 1.6753 -0.9455 55.1889 1.5021 -0.9449 55.1864 1.5079 -0.9533 55.1937 1.5048 -0.8935 55.0958 1.5191 -0.9286 55.1308 1.5161 -0.8283 55.0988 1.5886 -0.7804 55.2392 1.5778 -0.796 55.2356 1.6193 -0.8149 55.1817 1.6237 -0.82 55.3272 1.4868 -0.8109 55.322 1.4935 -0.9096 55.288 1.4639 -0.8601 55.2817 1.4555 -0.8694 55.1581 1.442 -0.8826 55.1405 1.4439 -1.1092 55.3668 1.5627 -1.1193 55.2589 1.5629 -1.1255 55.2533 1.5847 -1.1181 55.1066 1.6727 -1.1212 55.1185 1.6504 -1.1079 55.1011 1.6411 -1.1225 55.1694 1.6819 -1.1287 55.1716 1.6563 -1.1346 55.3431 1.6601 -1.1467 55.29 1.6436 -1.0969 55.1482 1.5494 -1.115 55.2016 1.5661 -0.9848 55.1358 1.7039 -1.0538 55.1146 1.7178 -1.0338 55.1186 1.717 -1.0643 55.1172 1.7238 -1.0232 55.1419 1.6088 -0.994 55.1616 1.601 -1.0826 55.1131 1.7155 -1.075 55.106 1.7108 -1.0173 55.127 1.7146 -1.0298 55.1242 1.706 -1.0902 55.1308 1.5229 -1.0964 55.1499 1.5249 -1.0901 55.1503 1.5001 -0.9917 55.1292 1.6811 -1.1123 55.1657 1.6956 -1.0514 55.1266 1.6162 -1.0733 55.1108 1.6055 -1.0902 55.0982 1.6109 -1.0877 55.0863 1.6328 -0.9937 55.1599 1.5276 -1.0058 55.171 1.5527 -1.0575 55.1261 1.6016 -1.1308 55.1749 1.6351 -1.119 55.1352 1.6301 -1.1147 55.2013 1.5542 -1.1084 55.2012 1.5312 -1.1263 55.3176 1.5795 -1.1128 55.264 1.5405 -0.9562 55.1931 1.5107 -1.0368 55.146 1.4876 -1.0394 55.1439 1.4796 -1.0606 55.1518 1.471 -0.8895 55.1348 1.4483 -1.0748 55.1536 1.4786 -0.8938 55.0851 1.5294 -0.9379 55.1183 1.5233 -0.8911 55.0773 1.542 -0.8972 55.1368 1.4553 -0.9486 55.1888 1.4966 -0.8754 55.1058 1.508 -0.7818 55.249 1.5479 -0.791 55.2523 1.5197 -0.7957 55.3064 1.5192 -0.9201 55.1013 1.6403 -0.8331 55.1277 1.5147 -0.8299 55.1201 1.5241 -0.8746 55.1033 1.5147 -0.8808 55.094 1.5197 -0.8517 55.1189 1.4975 -0.8356 55.1385 1.4943 -0.8365 55.1353 1.5054 -1.0857 55.1243 1.577 -1.0879 55.129 1.577 -1.1178 55.1962 1.5916 -0.8448 55.0843 1.5821 -1.1309 55.3556 1.6284 -1.1348 55.3477 1.6364 -1.1298 55.3621 1.6343 -1.1169 55.2202 1.5808 -1.0954 55.1432 1.5813 -0.9322 55.1073 1.6646 -0.9873 55.1602 1.5273 -0.7896 55.2978 1.5516 -0.8364 55.1465 1.4751 -1.0811 55.1033 1.6074 -1.0796 55.1164 1.5902 -1.1051 55.1163 1.6204 -1.0802 55.1305 1.4987 -1.1029 55.1311 1.6004 -1.0669 55.1287 1.724 -0.9587 55.1353 1.6896 -1.0426 55.1316 1.7266 -0.9686 55.2179 1.7071 -0.9774 55.2769 1.7047 -1.1358 55.2253 1.6602 -1.1029 55.0911 1.6652 -1.0972 55.3612 1.5468 -0.8623 55.2266 1.4432 -0.8186 55.2735 1.4682 -0.798 55.1711 1.5855 -0.9174 55.1486 1.5099 -0.8239 55.1566 1.5031 -0.9923 55.1938 1.4557 -0.9199 55.1028 1.6153 -1.0439 55.1372 1.7271 -1.0124 55.1371 1.7165 -1.0814 55.3263 1.514 -0.9519 55.2383 1.4572 -0.8638 55.0885 1.5286 -0.8284 55.153 1.4932 -1.1173 55.3727 1.589 -1.1056 55.3811 1.5659 -1.1197 55.3595 1.5825 -1.0113 55.3509 1.5031 -1.0111 55.3651 1.5069 -1.1047 55.3428 1.6859 -1.1239 55.3354 1.6743 -1.1096 55.3289 1.6861 -1.1173 55.3485 1.6759 -1.0232 55.3155 1.7037 -0.9814 55.3256 1.6922 -1.0242 55.3296 1.7011 -0.981 55.3116 1.6951 -0.8606 55.334 1.4695 -0.8198 55.3411 1.4924 -0.8596 55.3484 1.4742 -0.7922 55.3123 1.5531 -0.797 55.3203 1.5247 -0.833 55.3134 1.6506 -0.9034 55.3062 1.6807 -0.8327 55.299 1.6525 -0.9021 55.3202 1.6776 -0.8428 55.0893 1.5497 -0.7953 55.1699 1.5461 -0.8682 55.1238 1.4591 -1.0094 55.3064 1.4859 -0.9758 55.3023 1.4787 -0.8608 55.1305 1.4552 -1.0894 55.192 1.485 -1.102 55.1957 1.5068 -1.0876 55.1133 1.5913 -1.0986 55.2256 1.7089 -1.082 55.2813 1.7065 -1.1083 55.2863 1.6923 -1.078 55.225 1.7184 -1.0474 55.1513 1.7268 -1.0546 55.2237 1.7229 -1.063 55.1036 1.7062 -1.0526 55.2754 1.7167 -0.91 55.2685 1.6898 -0.9094 55.2113 1.689 -0.8524 55.1999 1.6642 -1.1014 55.1021 1.6951 -1.0429 55.3105 1.4931 -1.0476 55.2506 1.4738 -1.022 55.1891 1.4613 -1.0514 55.1844 1.4682 -1.0188 55.2499 1.4702 -0.9903 55.2493 1.4668 -0.9427 55.2951 1.4713 -0.8247 55.2066 1.4556 -0.8548 55.1239 1.4794 -0.8447 55.1522 1.4537 -0.8263 55.1041 1.5518 -0.8042 55.316 1.5041 -1.0906 55.1286 1.5473 -1.0791 55.1111 1.5426 -1.1237 55.1883 1.6078 -1.0958 55.1611 1.711 -0.8354 55.2501 1.6563 -1.0733 55.1567 1.7239 -1.0171 55.2765 1.7106 -1.0831 55.3241 1.7011 -0.8462 55.103 1.5252 -0.7859 55.3007 1.5832 -0.7879 55.3152 1.5839 -0.8097 55.3352 1.5009 -0.9414 55.3484 1.4891 -0.9404 55.3625 1.4941 -1.0794 55.3382 1.6998 -1.0456 55.3663 1.512 -1.0472 55.3521 1.5093 -1.092 55.3748 1.5465 -1.1252 55.3662 1.6066 -1.0794 55.3692 1.529 -1.0829 55.355 1.5274 -1.1282 55.3569 1.6633 -1.0537 55.3186 1.7125 -1.0538 55.3328 1.7098 -0.906 55.3425 1.479 -0.9052 55.3566 1.484 -0.8037 55.3289 1.5118 -0.7966 55.3119 1.6219 -0.795 55.2974 1.6222 -1.1258 55.3651 1.6076'/>
          </IndexedFaceSet>
        </Shape>
        <Shape DEF='rpreol1c'>
          <Appearance>
            <PhysicalMaterial baseColor='1 0.9843 0.9843' metallic='0' roughness='0.72'/>
          </Appearance>
          <IndexedFaceSet DEF='rpreol1c_Geo' coordIndex='0 1 2 -1 3 4 5 -1 6 7 8 -1 9 10 4 -1 11 12 13 -1 14 11 15 -1 16 17 18 -1 19 20 13 -1 21 22 23 -1 24 25 26 -1 27 21 23 -1 28 29 30 -1 31 22 26 -1 32 33 34 -1 35 36 37 -1 38 39 40 -1 5 41 42 -1 43 44 45 -1 46 47 48 -1 49 50 51 -1 9 52 10 -1 53 54 55 -1 56 40 39 -1 57 58 49 -1 59 60 61 -1 54 62 55 -1 63 64 65 -1 66 67 68 -1 11 5 4 -1 69 19 13 -1 70 71 72 -1 73 74 33 -1 75 21 76 -1 50 77 48 -1 78 79 80 -1 81 82 83 -1 84 85 86 -1 76 27 30 -1 22 31 87 -1 19 18 17 -1 87 88 89 -1 90 91 92 -1 93 94 25 -1 93 45 94 -1 95 96 97 -1 98 0 99 -1 100 101 102 -1 103 65 104 -1 105 36 35 -1 106 107 108 -1 109 110 111 -1 61 60 47 -1 31 25 112 -1 113 114 115 -1 91 40 56 -1 116 117 118 -1 119 120 121 -1 122 123 124 -1 125 126 127 -1 14 15 128 -1 89 129 130 -1 94 44 112 -1 131 132 133 -1 134 88 43 -1 41 14 128 -1 18 19 69 -1 10 11 4 -1 135 136 137 -1 105 138 139 -1 41 43 45 -1 137 140 135 -1 10 12 11 -1 15 20 134 -1 41 128 43 -1 128 134 43 -1 131 133 141 -1 112 25 94 -1 142 74 73 -1 119 72 143 -1 101 125 127 -1 144 121 120 -1 145 146 147 -1 70 119 121 -1 38 118 39 -1 118 115 116 -1 91 90 40 -1 114 148 115 -1 41 45 42 -1 46 149 150 -1 61 47 29 -1 109 111 151 -1 106 108 152 -1 143 73 153 -1 35 138 105 -1 103 63 65 -1 98 99 154 -1 70 124 37 -1 95 97 155 -1 156 3 42 -1 157 93 25 -1 90 92 158 -1 41 5 14 -1 87 23 22 -1 76 30 159 -1 33 74 160 -1 84 86 161 -1 83 162 81 -1 79 163 80 -1 77 149 48 -1 34 33 160 -1 21 27 76 -1 73 33 153 -1 134 17 89 -1 119 70 72 -1 89 88 134 -1 70 121 124 -1 164 165 166 -1 167 168 169 -1 168 137 169 -1 66 68 170 -1 123 122 171 -1 70 147 71 -1 147 70 37 -1 139 138 172 -1 63 173 64 -1 138 35 123 -1 143 125 73 -1 61 174 59 -1 49 51 57 -1 39 175 56 -1 53 55 176 -1 53 177 54 -1 52 178 10 -1 50 48 51 -1 46 48 149 -1 31 26 25 -1 44 94 45 -1 42 3 5 -1 179 72 71 -1 101 127 102 -1 142 73 100 -1 179 146 104 -1 180 176 55 -1 44 43 88 -1 28 30 129 -1 130 27 23 -1 44 88 112 -1 26 181 24 -1 134 128 15 -1 16 182 17 -1 14 5 11 -1 9 4 183 -1 6 8 184 -1 65 142 104 -1 0 98 1 -1 85 185 141 -1 85 186 185 -1 187 188 189 -1 188 187 190 -1 191 192 193 -1 191 194 192 -1 195 196 197 -1 195 198 196 -1 99 199 200 -1 99 0 199 -1 201 163 79 -1 163 201 202 -1 84 186 85 -1 84 203 186 -1 204 139 205 -1 204 105 139 -1 155 206 95 -1 207 206 155 -1 208 66 170 -1 208 193 66 -1 209 210 211 -1 210 209 212 -1 69 12 213 -1 13 12 69 -1 214 133 132 -1 214 215 133 -1 47 76 159 -1 46 76 47 -1 153 54 143 -1 153 62 54 -1 55 32 174 -1 55 62 32 -1 104 127 179 -1 104 102 127 -1 216 99 217 -1 216 154 99 -1 218 219 220 -1 218 103 219 -1 35 124 123 -1 35 37 124 -1 56 180 91 -1 180 56 176 -1 53 117 177 -1 117 53 175 -1 107 148 114 -1 107 221 148 -1 52 222 178 -1 223 222 52 -1 61 28 224 -1 61 29 28 -1 109 81 225 -1 109 151 81 -1 110 226 80 -1 110 109 226 -1 165 156 166 -1 165 3 156 -1 106 227 207 -1 106 152 227 -1 143 120 119 -1 143 228 120 -1 221 171 148 -1 229 171 221 -1 219 145 204 -1 219 146 145 -1 230 231 232 -1 230 233 231 -1 234 235 236 -1 235 234 216 -1 237 103 218 -1 237 63 103 -1 98 238 239 -1 98 154 238 -1 96 233 97 -1 96 231 233 -1 240 138 229 -1 240 172 138 -1 241 96 95 -1 241 242 96 -1 243 227 210 -1 243 244 227 -1 191 136 135 -1 136 191 245 -1 165 8 183 -1 8 165 164 -1 184 164 246 -1 184 8 164 -1 247 167 246 -1 248 167 247 -1 189 249 250 -1 189 251 249 -1 156 45 93 -1 156 42 45 -1 214 252 253 -1 252 214 254 -1 91 255 92 -1 255 91 180 -1 30 130 129 -1 30 27 130 -1 24 157 25 -1 256 157 24 -1 157 257 93 -1 257 157 258 -1 85 133 86 -1 141 133 85 -1 83 259 77 -1 260 259 83 -1 173 237 261 -1 63 237 173 -1 111 262 151 -1 161 262 111 -1 263 264 265 -1 263 261 264 -1 78 236 235 -1 266 236 78 -1 265 266 226 -1 264 266 265 -1 82 151 262 -1 82 81 151 -1 162 77 50 -1 83 77 162 -1 215 86 133 -1 215 267 86 -1 260 256 259 -1 268 256 260 -1 150 77 259 -1 77 150 149 -1 33 62 153 -1 33 32 62 -1 257 253 252 -1 257 258 253 -1 257 247 166 -1 252 247 257 -1 168 248 251 -1 168 167 248 -1 90 222 269 -1 90 158 222 -1 246 169 184 -1 246 167 169 -1 9 209 52 -1 9 7 209 -1 7 212 209 -1 212 7 6 -1 244 68 206 -1 170 68 244 -1 241 197 242 -1 195 197 241 -1 97 172 240 -1 97 233 172 -1 220 204 205 -1 220 219 204 -1 236 270 234 -1 236 271 270 -1 139 233 230 -1 139 172 233 -1 57 173 58 -1 173 57 64 -1 269 223 108 -1 223 269 222 -1 143 126 125 -1 143 72 126 -1 174 224 55 -1 61 224 174 -1 49 263 272 -1 49 58 263 -1 244 207 227 -1 206 207 244 -1 183 3 165 -1 183 4 3 -1 225 226 109 -1 225 265 226 -1 162 225 81 -1 272 225 162 -1 224 182 255 -1 224 28 182 -1 47 51 48 -1 47 60 51 -1 106 221 107 -1 106 273 221 -1 177 116 228 -1 116 177 117 -1 146 71 147 -1 146 179 71 -1 103 146 219 -1 103 104 146 -1 234 154 216 -1 234 238 154 -1 100 104 142 -1 104 100 102 -1 34 274 59 -1 274 34 160 -1 228 54 177 -1 228 143 54 -1 159 29 47 -1 29 159 30 -1 181 76 46 -1 76 181 75 -1 268 157 256 -1 258 157 268 -1 16 69 213 -1 16 18 69 -1 6 169 275 -1 6 184 169 -1 211 52 209 -1 211 223 52 -1 193 245 191 -1 193 208 245 -1 68 95 206 -1 68 241 95 -1 204 36 105 -1 204 145 36 -1 1 239 232 -1 98 239 1 -1 203 276 277 -1 84 276 203 -1 278 201 79 -1 278 279 201 -1 280 0 2 -1 0 280 199 -1 198 67 281 -1 195 67 198 -1 135 194 191 -1 135 282 194 -1 189 283 187 -1 189 250 283 -1 141 284 131 -1 141 185 284 -1 188 285 140 -1 188 190 285 -1 286 193 192 -1 66 193 286 -1 287 197 196 -1 288 197 287 -1 217 200 289 -1 217 99 200 -1 290 163 202 -1 291 163 290 -1 230 205 139 -1 292 205 230 -1 207 273 106 -1 207 155 273 -1 243 170 244 -1 243 208 170 -1 243 212 293 -1 243 210 212 -1 183 7 9 -1 7 183 8 -1 253 215 214 -1 253 294 215 -1 26 75 181 -1 26 21 75 -1 21 26 22 -1 130 87 89 -1 130 23 87 -1 259 24 150 -1 259 256 24 -1 87 112 88 -1 31 112 87 -1 174 34 59 -1 174 32 34 -1 127 72 179 -1 72 127 126 -1 295 218 220 -1 270 218 295 -1 122 116 115 -1 116 122 144 -1 158 178 222 -1 158 213 178 -1 92 213 158 -1 92 16 213 -1 291 80 163 -1 291 110 80 -1 166 93 257 -1 166 156 93 -1 175 176 56 -1 175 53 176 -1 269 113 90 -1 114 113 269 -1 60 57 51 -1 60 59 57 -1 255 55 224 -1 255 180 55 -1 123 229 138 -1 229 123 171 -1 296 232 231 -1 1 232 296 -1 216 278 235 -1 278 216 217 -1 218 271 237 -1 271 218 270 -1 220 292 295 -1 205 292 220 -1 197 296 242 -1 197 288 296 -1 273 229 221 -1 273 240 229 -1 152 210 227 -1 211 210 152 -1 293 136 245 -1 275 136 293 -1 140 168 188 -1 168 140 137 -1 213 10 178 -1 213 12 10 -1 246 166 247 -1 246 164 166 -1 248 249 251 -1 249 248 254 -1 132 254 214 -1 254 132 249 -1 144 228 116 -1 228 144 120 -1 73 101 100 -1 125 101 73 -1 59 64 57 -1 59 274 64 -1 297 268 260 -1 268 297 294 -1 262 297 82 -1 262 267 297 -1 261 271 264 -1 271 261 237 -1 276 161 111 -1 84 161 276 -1 236 264 271 -1 264 236 266 -1 235 79 78 -1 79 235 278 -1 80 266 78 -1 80 226 266 -1 82 260 83 -1 260 82 297 -1 58 261 263 -1 58 173 261 -1 86 262 161 -1 86 267 262 -1 267 294 297 -1 294 267 215 -1 274 65 64 -1 274 142 65 -1 249 131 250 -1 249 132 131 -1 248 252 254 -1 248 247 252 -1 251 188 168 -1 189 188 251 -1 122 148 171 -1 122 115 148 -1 293 6 275 -1 293 212 6 -1 211 108 223 -1 211 152 108 -1 155 240 273 -1 155 97 240 -1 231 242 296 -1 242 231 96 -1 295 239 238 -1 292 239 295 -1 288 1 296 -1 2 1 288 -1 28 17 182 -1 129 17 28 -1 129 89 17 -1 114 108 107 -1 114 269 108 -1 272 265 225 -1 272 263 265 -1 276 110 291 -1 110 276 111 -1 272 50 49 -1 272 162 50 -1 255 16 92 -1 255 182 16 -1 117 39 118 -1 117 175 39 -1 38 115 118 -1 113 115 38 -1 90 38 40 -1 113 38 90 -1 124 144 122 -1 144 124 121 -1 234 295 238 -1 234 270 295 -1 274 74 142 -1 274 160 74 -1 150 181 46 -1 150 24 181 -1 294 258 268 -1 253 258 294 -1 17 20 19 -1 17 134 20 -1 11 20 15 -1 13 20 11 -1 137 275 169 -1 136 275 137 -1 243 245 208 -1 243 293 245 -1 68 195 241 -1 68 67 195 -1 145 37 36 -1 145 147 37 -1 232 292 230 -1 239 292 232 -1 291 277 276 -1 291 290 277 -1 289 278 217 -1 278 289 279 -1 288 280 2 -1 288 287 280 -1 66 281 67 -1 66 286 281 -1 140 282 135 -1 140 285 282 -1 284 250 131 -1 250 284 283 -1' creaseAngle='1.571'>
            <Coordinate DEF='rpreol1c_Coord' point='-0.7325 55.249 2.6522 -0.7749 55.2242 2.6761 -0.7692 55.2443 2.6868 -0.694 54.9998 2.8769 -0.7071 54.9715 2.8672 -0.6914 54.9878 2.8694 -0.7649 55.0734 2.8603 -0.7537 55.0282 2.8543 -0.7325 55.0357 2.8735 -0.7307 54.9732 2.851 -0.7215 54.9581 2.8396 -0.6982 54.9646 2.8491 -0.7129 54.9555 2.824 -0.6903 54.9686 2.7984 -0.6672 54.9975 2.8453 -0.6648 54.9948 2.8227 -0.6945 54.9589 2.7581 -0.6476 55.0103 2.7514 -0.6842 54.9721 2.7732 -0.6795 54.9819 2.7825 -0.6748 54.9838 2.7922 -0.6082 54.9843 2.7562 -0.5993 55.0031 2.7834 -0.6373 55.0102 2.7502 -0.5726 54.991 2.7743 -0.5874 55.0076 2.7972 -0.593 55.0046 2.7889 -0.6078 54.9826 2.7431 -0.6544 55.0009 2.7304 -0.6069 54.9594 2.7209 -0.6134 54.9699 2.7324 -0.5925 55.0119 2.7916 -0.6392 54.9751 2.6642 -0.6413 54.9828 2.6569 -0.6249 54.9661 2.6581 -0.801 55.0208 2.6461 -0.7773 55.0257 2.6349 -0.7714 55.0261 2.6413 -0.7641 54.9553 2.7153 -0.7546 54.9653 2.7112 -0.7583 54.9552 2.7189 -0.6551 55.0053 2.8483 -0.6541 55.0093 2.8542 -0.643 55.0054 2.8409 -0.6199 55.0058 2.8216 -0.6412 55.0058 2.8451 -0.573 54.9515 2.739 -0.5828 54.944 2.7154 -0.5639 54.9537 2.709 -0.5559 54.9637 2.6807 -0.5499 54.9685 2.7035 -0.5733 54.9505 2.6841 -0.7547 54.955 2.8205 -0.687 55.0278 2.6846 -0.6867 55.0369 2.6726 -0.6751 55.0114 2.6945 -0.7222 54.9831 2.696 -0.5876 54.9551 2.6547 -0.5723 54.9721 2.6501 -0.6039 54.9478 2.6657 -0.5924 54.9422 2.6907 -0.6185 54.9508 2.6985 -0.6827 55.0357 2.6711 -0.6297 55.015 2.5905 -0.6032 54.967 2.6292 -0.6411 54.9999 2.6018 -0.7991 55.2566 2.8301 -0.8097 55.2561 2.8157 -0.8206 55.2128 2.8025 -0.6976 54.9638 2.7877 -0.7496 55.0321 2.6462 -0.7387 55.0305 2.6399 -0.6908 55.0458 2.6631 -0.6838 55.0422 2.6618 -0.6458 54.9826 2.6477 -0.5964 54.9762 2.7537 -0.5922 54.9649 2.743 -0.5439 54.9733 2.7263 -0.5433 55.2129 2.6248 -0.548 55.2642 2.6339 -0.5262 55.2097 2.6439 -0.504 55.0865 2.6941 -0.5045 55.0908 2.7226 -0.5208 55.0175 2.7186 -0.5164 55.2538 2.7284 -0.5239 55.2454 2.767 -0.519 55.2068 2.7717 -0.6377 55.0113 2.7537 -0.6413 55.0106 2.7565 -0.6432 55.0113 2.7483 -0.7684 54.936 2.7429 -0.7189 54.9643 2.7101 -0.7107 54.9482 2.7319 -0.608 55.0237 2.84 -0.6184 55.0083 2.8268 -0.8331 55.1385 2.7711 -0.8372 55.1435 2.7395 -0.8411 55.0825 2.7274 -0.7329 55.2292 2.6444 -0.6926 55.2585 2.6309 -0.6713 55.0258 2.612 -0.6765 55.0376 2.6099 -0.6785 55.0348 2.6007 -0.6792 55.0368 2.5934 -0.679 55.0342 2.5976 -0.7836 55.0362 2.6334 -0.8157 55.0039 2.7675 -0.8019 54.9658 2.749 -0.7932 54.9535 2.7691 -0.5039 55.1442 2.6639 -0.5114 55.2105 2.6723 -0.5016 55.2157 2.7002 -0.5993 55.0103 2.7993 -0.7784 54.9433 2.7238 -0.7928 54.95 2.7349 -0.7866 54.962 2.7085 -0.731 55.0015 2.6773 -0.7256 54.9931 2.687 -0.7611 54.9637 2.7079 -0.6958 55.0453 2.6656 -0.6941 55.0421 2.6688 -0.7445 55.0224 2.6531 -0.7958 54.9762 2.6893 -0.8063 55.0001 2.6668 -0.7669 55.0139 2.6574 -0.6858 55.0464 2.6606 -0.6883 55.0461 2.6618 -0.6844 55.0348 2.6137 -0.6541 55.0084 2.8342 -0.647 55.0077 2.7422 -0.6393 55.0098 2.7467 -0.5581 55.2429 2.8017 -0.561 55.2136 2.803 -0.54 55.2102 2.7873 -0.6443 55.0107 2.7574 -0.761 55.2577 2.875 -0.7731 55.2036 2.8781 -0.7485 55.2019 2.8874 -0.8116 55.0296 2.6497 -0.7932 55.0671 2.6379 -0.7382 55.2584 2.8791 -0.5412 55.2425 2.7842 -0.6524 54.9897 2.6184 -0.6894 55.0427 2.6675 -0.7378 55.012 2.6651 -0.7537 55.0306 2.6237 -0.7163 55.0284 2.6098 -0.7517 55.0301 2.6327 -0.8015 54.9666 2.7127 -0.5584 54.9624 2.7326 -0.5589 54.9712 2.7542 -0.4983 55.1483 2.6915 -0.8057 55.0049 2.7859 -0.6843 55.0407 2.6663 -0.6928 55.2307 2.6282 -0.8323 55.0775 2.7538 -0.6501 55.0282 2.8635 -0.5645 55.0209 2.8049 -0.7582 54.9313 2.7634 -0.5982 54.9627 2.7325 -0.6232 54.9656 2.6475 -0.5043 55.2195 2.7264 -0.5251 55.0159 2.6935 -0.5341 55.2654 2.6579 -0.7079 55.0439 2.8852 -0.697 55.0122 2.8833 -0.6473 55.0532 2.8689 -0.7122 55.1444 2.8911 -0.7219 55.2002 2.8885 -0.7445 55.1464 2.8853 -0.812 55.2136 2.8234 -0.8102 54.9832 2.6904 -0.8238 55.0516 2.664 -0.5915 54.983 2.6226 -0.6332 54.963 2.6771 -0.7237 54.9912 2.6929 -0.6849 55.022 2.6863 -0.6883 55.0298 2.6797 -0.746 54.944 2.8083 -0.7074 55.0295 2.6251 -0.6788 55.0083 2.6978 -0.5842 54.9813 2.767 -0.659 54.9998 2.7327 -0.7121 54.9847 2.8729 -0.7391 55.08 2.8776 -0.5412 55.257 2.7847 -0.5243 55.2599 2.7673 -0.6627 55.2713 2.8602 -0.7145 55.2589 2.8827 -0.6629 55.2568 2.8586 -0.7137 55.2732 2.8832 -0.7764 55.2573 2.86 -0.7896 55.2712 2.8456 -0.7918 55.2569 2.8449 -0.7742 55.2717 2.8604 -0.8151 55.2561 2.7923 -0.8216 55.2703 2.7715 -0.8228 55.2555 2.7703 -0.8144 55.2705 2.7931 -0.7321 55.2634 2.6552 -0.6923 55.2745 2.6322 -0.5484 55.2787 2.6358 -0.5348 55.2798 2.6602 -0.5171 55.2681 2.7289 -0.7555 55.0428 2.6172 -0.7532 55.0845 2.6146 -0.8273 55.134 2.7929 -0.8236 55.0726 2.7802 -0.8034 55.2143 2.8444 -0.7748 55.017 2.8292 -0.8038 55.0675 2.8193 -0.7958 55.0058 2.8042 -0.7843 55.0704 2.8398 -0.7348 54.9399 2.7946 -0.5548 55.1641 2.8061 -0.5311 55.1622 2.7891 -0.6463 55.2303 2.6098 -0.645 55.2628 2.6152 -0.6743 55.0748 2.5871 -0.7181 55.0388 2.6031 -0.715 55.0796 2.5969 -0.8106 54.9808 2.7229 -0.7705 54.9351 2.7749 -0.778 54.9456 2.7865 -0.6637 54.9981 2.7139 -0.5065 55.083 2.6668 -0.5167 55.1423 2.6382 -0.8146 55.0698 2.8003 -0.6924 55.039 2.672 -0.8194 54.9959 2.6969 -0.7863 55.106 2.6454 -0.827 55.1455 2.6949 -0.7819 55.1635 2.6599 -0.8313 55.0913 2.68 -0.6553 55.1664 2.5959 -0.5936 55.2231 2.6062 -0.5923 55.1428 2.5936 -0.616 55.0454 2.5878 -0.6956 55.174 2.6097 -0.739 55.1708 2.6308 -0.834 55.0292 2.7076 -0.8261 55.2117 2.778 -0.8316 55.2105 2.7535 -0.8063 55.1407 2.8398 -0.8185 55.1373 2.8173 -0.7883 55.2089 2.8612 -0.7099 55.0875 2.8874 -0.6529 55.1052 2.8671 -0.6556 55.1597 2.8655 -0.6112 55.2149 2.8345 -0.6068 55.2543 2.8333 -0.6633 55.217 2.8561 -0.6033 55.1134 2.8395 -0.5523 55.1069 2.8068 -0.6046 55.1707 2.8353 -0.6684 54.9967 2.7154 -0.5547 55.0059 2.7871 -0.6006 55.0638 2.8431 -0.5589 55.0512 2.8117 -0.5449 54.9909 2.7694 -0.5261 55.0327 2.7726 -0.5643 55.028 2.6174 -0.4986 55.1521 2.7207 -0.5456 55.0205 2.6417 -0.5392 55.0882 2.6128 -0.5213 55.0851 2.6392 -0.5362 55.1402 2.6159 -0.5171 55.1611 2.775 -0.542 55.0419 2.7928 -0.7829 54.9407 2.755 -0.6664 55.1064 2.5878 -0.6017 55.0881 2.5867 -0.5293 55.0144 2.6685 -0.8248 55.0166 2.7375 -0.6174 54.9587 2.6435 -0.7748 55.1482 2.8713 -0.5154 55.2624 2.7058 -0.5165 55.2765 2.7069 -0.5953 55.2641 2.6182 -0.5953 55.2785 2.621 -0.7686 55.2585 2.6895 -0.8087 55.2707 2.8162 -0.759 55.2721 2.8753 -0.606 55.2688 2.8338 -0.5575 55.2574 2.8024 -0.7367 55.2726 2.879 -0.798 55.271 2.8304 -0.8053 55.2634 2.728 -0.8064 55.2494 2.7247 -0.6444 55.2788 2.617 -0.5232 55.2792 2.6843 -0.5229 55.2649 2.6828 -0.7484 55.1174 2.6201 -0.7906 55.1445 2.8555 -0.5334 55.1068 2.7899 -0.704 55.1136 2.5978 -0.8159 55.2188 2.7102 -0.5146 55.1066 2.7729'/>
          </IndexedFaceSet>
        </Shape>
        <Shape DEF='rpreol2c'>
          <Appearance>
            <PhysicalMaterial baseColor='1 0.9843 0.9843' metallic='0' roughness='0.72'/>
          </Appearance>
          <IndexedFaceSet DEF='rpreol2c_Geo' coordIndex='0 1 2 -1 3 4 5 -1 6 7 8 -1 9 10 11 -1 12 13 14 -1 9 15 16 -1 17 18 19 -1 20 21 22 -1 23 24 25 -1 26 27 28 -1 29 30 31 -1 32 31 33 -1 34 35 36 -1 37 38 39 -1 40 41 42 -1 36 35 43 -1 44 45 46 -1 47 48 49 -1 50 51 52 -1 53 54 55 -1 56 57 58 -1 59 60 61 -1 62 63 64 -1 65 64 66 -1 67 68 69 -1 58 70 53 -1 71 69 72 -1 22 62 73 -1 21 20 25 -1 74 75 76 -1 77 78 79 -1 77 80 78 -1 81 82 83 -1 84 85 2 -1 86 87 88 -1 89 90 91 -1 15 92 16 -1 50 8 93 -1 94 64 95 -1 10 9 96 -1 37 34 97 -1 59 98 60 -1 42 58 40 -1 99 36 43 -1 100 101 46 -1 96 55 54 -1 102 100 49 -1 97 34 103 -1 70 58 57 -1 42 104 56 -1 42 38 104 -1 43 67 105 -1 74 99 75 -1 94 66 64 -1 99 106 32 -1 107 108 109 -1 110 111 112 -1 113 71 114 -1 16 92 115 -1 91 116 117 -1 118 119 120 -1 121 122 14 -1 75 123 76 -1 124 13 12 -1 125 26 23 -1 126 127 27 -1 128 55 129 -1 69 71 120 -1 94 95 130 -1 131 132 97 -1 64 63 133 -1 134 109 57 -1 135 54 53 -1 51 136 52 -1 102 137 138 -1 44 46 101 -1 7 139 140 -1 132 131 57 -1 141 38 142 -1 37 39 35 -1 33 59 103 -1 77 25 143 -1 144 145 146 -1 147 148 17 -1 96 16 115 -1 149 106 74 -1 20 150 151 -1 152 112 153 -1 154 155 156 -1 147 157 15 -1 158 157 159 -1 10 107 11 -1 13 149 76 -1 149 29 106 -1 17 19 147 -1 18 144 146 -1 77 23 25 -1 29 160 30 -1 32 161 99 -1 132 56 37 -1 67 39 38 -1 57 56 132 -1 140 93 7 -1 101 72 44 -1 102 48 137 -1 58 128 47 -1 51 162 136 -1 58 53 128 -1 131 134 57 -1 133 95 64 -1 133 134 95 -1 97 163 131 -1 95 163 130 -1 120 105 69 -1 42 142 38 -1 108 107 135 -1 114 72 101 -1 164 155 151 -1 13 76 14 -1 154 143 20 -1 125 165 26 -1 14 166 121 -1 120 167 118 -1 91 90 116 -1 168 116 169 -1 168 170 116 -1 114 139 113 -1 110 6 111 -1 98 59 33 -1 73 65 171 -1 74 106 99 -1 105 172 43 -1 58 42 56 -1 130 97 61 -1 59 97 103 -1 69 44 72 -1 100 102 101 -1 99 161 36 -1 97 130 163 -1 37 97 132 -1 154 29 149 -1 62 65 73 -1 96 54 10 -1 30 160 33 -1 101 102 162 -1 50 173 8 -1 113 139 174 -1 115 92 175 -1 15 158 92 -1 91 176 89 -1 86 177 87 -1 2 82 84 -1 25 20 143 -1 124 143 154 -1 24 21 25 -1 22 144 62 -1 72 114 71 -1 129 178 128 -1 69 105 67 -1 65 62 64 -1 59 61 97 -1 133 11 134 -1 53 55 128 -1 50 52 179 -1 48 102 49 -1 142 42 41 -1 37 56 104 -1 45 40 58 -1 141 142 41 -1 37 104 38 -1 34 37 35 -1 30 33 31 -1 26 180 27 -1 22 150 20 -1 144 181 145 -1 18 146 19 -1 16 96 9 -1 149 74 76 -1 9 11 148 -1 158 15 157 -1 7 93 8 -1 68 44 69 -1 33 160 156 -1 5 182 3 -1 2 85 0 -1 183 184 185 -1 184 183 186 -1 187 89 176 -1 89 187 188 -1 153 189 190 -1 191 189 153 -1 192 193 194 -1 192 195 193 -1 196 5 4 -1 196 197 5 -1 198 199 83 -1 199 198 200 -1 20 155 154 -1 20 151 155 -1 201 85 84 -1 201 190 85 -1 202 203 204 -1 203 202 205 -1 118 206 207 -1 118 167 206 -1 29 32 106 -1 29 31 32 -1 60 171 65 -1 60 164 171 -1 164 60 98 -1 141 67 38 -1 68 67 141 -1 58 49 45 -1 58 47 49 -1 162 208 136 -1 162 102 208 -1 130 66 94 -1 130 61 66 -1 71 167 120 -1 167 71 113 -1 162 140 101 -1 51 140 162 -1 164 150 171 -1 151 150 164 -1 145 127 146 -1 127 145 27 -1 79 209 125 -1 210 209 79 -1 12 80 124 -1 211 80 12 -1 212 121 203 -1 122 121 212 -1 123 118 166 -1 118 123 119 -1 167 174 206 -1 113 174 167 -1 213 214 215 -1 216 214 213 -1 3 217 218 -1 217 3 182 -1 219 220 126 -1 219 215 220 -1 158 214 221 -1 214 158 159 -1 220 157 222 -1 220 159 157 -1 116 223 169 -1 116 90 223 -1 110 7 6 -1 224 7 110 -1 225 169 223 -1 169 225 179 -1 18 133 63 -1 17 133 18 -1 154 160 29 -1 154 156 160 -1 99 172 75 -1 99 43 172 -1 223 226 225 -1 223 227 226 -1 173 184 8 -1 173 185 184 -1 89 223 90 -1 223 89 227 -1 221 92 158 -1 221 170 92 -1 88 91 86 -1 88 176 91 -1 219 213 215 -1 217 213 219 -1 219 218 217 -1 219 180 218 -1 159 215 214 -1 215 159 220 -1 152 110 112 -1 110 152 228 -1 84 202 201 -1 84 205 202 -1 199 79 78 -1 79 199 210 -1 79 23 77 -1 79 125 23 -1 149 124 154 -1 124 149 13 -1 22 171 150 -1 22 73 171 -1 172 120 119 -1 120 172 105 -1 52 175 168 -1 52 136 175 -1 108 53 70 -1 108 135 53 -1 61 65 66 -1 60 65 61 -1 138 208 102 -1 138 178 208 -1 47 137 48 -1 47 128 137 -1 45 100 46 -1 100 45 49 -1 41 45 44 -1 45 41 40 -1 155 33 156 -1 98 155 164 -1 155 98 33 -1 145 28 27 -1 145 181 28 -1 24 26 28 -1 23 26 24 -1 107 134 11 -1 107 109 134 -1 147 9 148 -1 15 9 147 -1 8 111 6 -1 111 8 184 -1 201 228 152 -1 201 202 228 -1 152 190 201 -1 152 153 190 -1 198 82 2 -1 83 82 198 -1 3 192 4 -1 3 229 192 -1 230 2 1 -1 198 2 230 -1 192 196 4 -1 192 194 196 -1 200 230 231 -1 200 198 230 -1 197 87 5 -1 87 197 232 -1 233 89 188 -1 233 227 89 -1 183 226 234 -1 185 226 183 -1 184 235 111 -1 184 186 235 -1 236 176 88 -1 176 236 187 -1 190 0 85 -1 189 0 190 -1 237 195 238 -1 195 237 193 -1 234 227 233 -1 234 226 227 -1 209 238 195 -1 209 210 238 -1 200 210 199 -1 200 238 210 -1 212 205 81 -1 212 203 205 -1 207 239 204 -1 207 206 239 -1 181 22 21 -1 144 22 181 -1 165 3 218 -1 3 165 229 -1 34 161 103 -1 34 36 161 -1 141 44 68 -1 141 41 44 -1 173 179 225 -1 173 50 179 -1 54 107 10 -1 54 135 107 -1 63 144 18 -1 144 63 62 -1 77 124 80 -1 143 124 77 -1 80 240 78 -1 240 80 211 -1 211 212 240 -1 211 122 212 -1 84 81 205 -1 81 84 82 -1 166 207 121 -1 207 166 118 -1 206 224 239 -1 174 224 206 -1 216 177 86 -1 216 213 177 -1 177 5 87 -1 5 177 182 -1 127 220 222 -1 127 126 220 -1 216 221 214 -1 216 117 221 -1 147 222 157 -1 19 222 147 -1 139 224 174 -1 139 7 224 -1 51 93 140 -1 51 50 93 -1 179 168 169 -1 168 179 52 -1 11 17 148 -1 11 133 17 -1 115 55 96 -1 129 55 115 -1 129 208 178 -1 129 115 208 -1 35 67 43 -1 35 39 67 -1 136 115 175 -1 115 136 208 -1 170 117 116 -1 117 170 221 -1 86 117 216 -1 86 91 117 -1 217 177 213 -1 182 177 217 -1 219 27 180 -1 126 27 219 -1 222 146 127 -1 222 19 146 -1 228 224 110 -1 228 239 224 -1 121 204 203 -1 204 121 207 -1 14 123 166 -1 76 123 14 -1 122 12 14 -1 12 122 211 -1 83 78 240 -1 83 199 78 -1 125 229 165 -1 209 229 125 -1 28 21 24 -1 28 181 21 -1 75 119 123 -1 119 75 172 -1 170 175 92 -1 170 168 175 -1 108 57 109 -1 108 70 57 -1 131 95 134 -1 131 163 95 -1 138 128 178 -1 138 137 128 -1 225 185 173 -1 185 225 226 -1 139 101 140 -1 139 114 101 -1 103 32 33 -1 32 103 161 -1 218 26 165 -1 218 180 26 -1 228 204 239 -1 228 202 204 -1 240 81 83 -1 240 212 81 -1 195 229 209 -1 229 195 192 -1 241 153 112 -1 191 153 241 -1 231 238 200 -1 238 231 237 -1 88 232 236 -1 232 88 87 -1 111 241 112 -1 235 241 111 -1' creaseAngle='1.571'>
            <Coordinate DEF='rpreol2c_Coord' point='-0.5976 55.2736 2.4672 -0.6087 55.2752 2.5075 -0.6069 55.2607 2.508 -0.8516 55.2273 2.5985 -0.8529 55.2491 2.5994 -0.881 55.2658 2.5714 -0.6997 55.2056 2.3617 -0.6966 55.1498 2.3527 -0.7182 55.2139 2.371 -0.8856 55.0049 2.4428 -0.8653 55.0073 2.4491 -0.8602 54.9853 2.4734 -0.6515 55.0506 2.5512 -0.6611 55.0256 2.5537 -0.6146 55.0301 2.5177 -0.8959 55.0087 2.4448 -0.8508 55.0599 2.3976 -0.8777 54.9655 2.5119 -0.856 54.9758 2.5639 -0.8842 54.9704 2.5129 -0.7521 55.055 2.6079 -0.7883 55.0329 2.6195 -0.7888 55.0275 2.6169 -0.7811 55.1082 2.6217 -0.7858 55.0592 2.6217 -0.757 55.0665 2.6154 -0.8141 55.1059 2.6184 -0.8458 55.0403 2.5987 -0.8177 55.0449 2.6153 -0.6993 55.01 2.5604 -0.7036 55.0217 2.5601 -0.7022 55.0153 2.5511 -0.7068 55.0237 2.5362 -0.7242 55.0563 2.5585 -0.7339 55.0424 2.4896 -0.7124 55.0156 2.4668 -0.7144 55.0149 2.4807 -0.7344 55.0394 2.4638 -0.7116 55.04 2.4366 -0.7142 55.0249 2.4461 -0.7339 55.0651 2.4302 -0.717 55.0437 2.4132 -0.7291 55.0658 2.4374 -0.6871 54.9901 2.4674 -0.715 55.0329 2.3917 -0.737 55.0619 2.4196 -0.7275 55.0482 2.3806 -0.7612 55.0854 2.4374 -0.7563 55.0789 2.387 -0.7472 55.066 2.3856 -0.7403 55.1662 2.3621 -0.7449 55.1212 2.356 -0.779 55.1295 2.366 -0.7742 55.0842 2.441 -0.8412 55.0515 2.4135 -0.8354 55.0615 2.4088 -0.7588 55.0835 2.4521 -0.7645 55.0808 2.452 -0.7618 55.0872 2.4465 -0.7342 55.0728 2.5373 -0.7383 55.0696 2.5408 -0.7535 55.0705 2.5067 -0.7991 55.0163 2.5884 -0.8344 54.9848 2.5541 -0.8181 55.0164 2.5414 -0.7841 55.0333 2.5801 -0.8007 55.0336 2.5497 -0.6928 55.0092 2.4262 -0.7034 55.0204 2.4074 -0.6963 55.0149 2.3903 -0.7675 55.0853 2.4477 -0.6763 55.0277 2.3843 -0.7027 55.0335 2.3731 -0.7859 55.0311 2.5941 -0.6762 54.9828 2.5312 -0.6698 54.976 2.5011 -0.6415 54.9909 2.5151 -0.7278 55.1048 2.6028 -0.6762 55.168 2.5661 -0.7323 55.1822 2.5886 -0.6765 55.1022 2.573 -0.6021 55.2007 2.5099 -0.6037 55.2187 2.5092 -0.632 55.2129 2.5375 -0.5819 55.2202 2.4705 -0.5935 55.2594 2.4674 -0.9042 55.2371 2.4947 -0.8953 55.2763 2.5396 -0.9012 55.2863 2.5106 -0.8449 55.2967 2.4459 -0.847 55.255 2.4236 -0.89 55.2379 2.4485 -0.8683 55.086 2.3968 -0.7179 55.1571 2.3579 -0.8111 55.036 2.535 -0.812 55.0275 2.5201 -0.8462 55.0555 2.4005 -0.7509 55.0702 2.4972 -0.736 55.071 2.5445 -0.6869 54.9858 2.5117 -0.7443 55.062 2.3748 -0.7208 55.0596 2.3643 -0.757 55.0727 2.3722 -0.7289 55.0502 2.5311 -0.7317 55.0584 2.4457 -0.6901 54.9958 2.4141 -0.6885 54.9943 2.5345 -0.8433 55.0294 2.4524 -0.83 55.0412 2.4532 -0.8259 55.0282 2.4633 -0.6531 55.1951 2.3713 -0.6966 55.261 2.3792 -0.655 55.2543 2.3803 -0.666 55.0545 2.3727 -0.6909 55.0533 2.3655 -0.8092 55.0839 2.3781 -0.8573 55.204 2.4095 -0.9004 55.1783 2.4445 -0.6194 55.0321 2.4219 -0.6458 54.9888 2.45 -0.669 55.0053 2.4038 -0.5852 55.0834 2.4717 -0.6019 55.0843 2.5123 -0.6356 54.9872 2.4814 -0.6891 55.0546 2.5753 -0.78 55.1795 2.6095 -0.878 55.0374 2.5709 -0.8725 55.0123 2.5708 -0.7683 55.087 2.4374 -0.8044 55.0859 2.3872 -0.757 55.0712 2.4993 -0.7555 55.0682 2.4729 -0.7479 55.0699 2.4727 -0.8553 54.9701 2.5011 -0.8204 55.0097 2.4799 -0.8335 55.0443 2.4388 -0.7845 55.088 2.3697 -0.7668 55.0761 2.3866 -0.7665 55.0742 2.3777 -0.6952 55.0995 2.3537 -0.7203 55.1092 2.3519 -0.7072 55.0317 2.4163 -0.7147 55.0466 2.4253 -0.729 55.0647 2.6015 -0.817 55.0094 2.6077 -0.8234 55.0155 2.6071 -0.8611 54.9824 2.5668 -0.8934 54.9861 2.4793 -0.8841 54.9812 2.4793 -0.6823 54.9995 2.5571 -0.7539 55.0538 2.6064 -0.7512 55.0559 2.6043 -0.6239 55.2442 2.3946 -0.6249 55.2573 2.3984 -0.7228 55.0387 2.5932 -0.7308 55.044 2.5952 -0.723 55.0412 2.5883 -0.9069 55.0177 2.4726 -0.9019 55.048 2.4379 -0.9094 55.0437 2.4716 -0.7043 55.0165 2.5683 -0.7102 55.0203 2.5197 -0.755 55.0817 2.3659 -0.7565 55.0701 2.4938 -0.7501 55.0569 2.6001 -0.8134 55.1711 2.613 -0.6045 55.03 2.476 -0.6485 55.0417 2.3893 -0.8131 55.1377 2.3761 -0.8016 55.1946 2.3923 -0.8585 55.142 2.3946 -0.7616 55.0485 2.5996 -0.6752 54.9787 2.4547 -0.7368 55.2222 2.3804 -0.6538 55.0851 2.3694 -0.8139 55.0945 2.3742 -0.8869 55.2869 2.4645 -0.9061 55.2194 2.5436 -0.7816 55.0752 2.3802 -0.7707 55.18 2.3786 -0.844 55.103 2.6071 -0.8181 55.0169 2.6106 -0.8814 55.2187 2.5814 -0.7358 55.2782 2.4034 -0.7174 55.2628 2.3887 -0.7399 55.2665 2.3995 -0.7167 55.2766 2.3945 -0.8855 55.3018 2.4694 -0.8444 55.3105 2.4518 -0.6063 55.272 2.4287 -0.6023 55.258 2.4253 -0.627 55.2706 2.4038 -0.8163 55.2461 2.6068 -0.7809 55.2533 2.5982 -0.817 55.2605 2.605 -0.7816 55.2399 2.6014 -0.8487 55.2638 2.5994 -0.8764 55.2799 2.572 -0.6384 55.2499 2.5382 -0.6758 55.2209 2.5627 -0.6794 55.2406 2.5605 -0.5958 55.2315 2.419 -0.5947 55.1897 2.4127 -0.5769 55.1495 2.469 -0.5964 55.1478 2.4088 -0.5791 55.1911 2.4699 -0.6291 55.0854 2.3872 -0.6051 55.0865 2.4139 -0.784 55.0752 2.377 -0.7779 55.2267 2.6015 -0.7322 55.2302 2.5848 -0.6437 55.0901 2.5494 -0.5991 55.1437 2.5098 -0.9112 55.1659 2.5379 -0.9127 55.1069 2.4794 -0.9127 55.0953 2.5265 -0.9141 55.1658 2.4917 -0.8828 55.1658 2.5799 -0.8463 55.1612 2.6058 -0.8845 55.1013 2.5768 -0.9067 55.0433 2.5205 -0.9004 55.1255 2.4347 -0.896 54.994 2.5175 -0.7976 55.2563 2.4148 -0.6526 55.1428 2.3657 -0.7672 55.2393 2.3975 -0.7718 55.2789 2.416 -0.8012 55.2923 2.4317 -0.6259 55.1884 2.3871 -0.8152 55.2279 2.6068 -0.6413 55.2612 2.5369 -0.6825 55.254 2.5574 -0.8906 55.2899 2.5432 -0.7994 55.3062 2.437 -0.7682 55.2917 2.4204 -0.696 55.275 2.3849 -0.8984 55.3007 2.5146 -0.7356 55.2508 2.5812 -0.7335 55.2394 2.584 -0.6263 55.1451 2.382 -0.6387 55.1509 2.5466 -0.6554 55.2688 2.3855'/>
          </IndexedFaceSet>
        </Shape>
        <Shape DEF='llatincc'>
          <Appearance>
            <PhysicalMaterial baseColor='1 0.9843 0.9843' metallic='0' roughness='0.72'/>
          </Appearance>
          <IndexedFaceSet DEF='llatincc_Geo' coordIndex='0 1 2 -1 3 4 5 -1 6 7 8 -1 9 10 11 -1 12 13 14 -1 15 16 17 -1 18 19 20 -1 21 22 23 -1 24 25 26 -1 27 28 29 -1 30 31 32 -1 9 33 34 -1 35 36 37 -1 38 39 40 -1 41 42 43 -1 44 45 46 -1 12 47 48 -1 49 50 51 -1 52 53 54 -1 31 55 56 -1 57 58 59 -1 60 61 62 -1 63 64 65 -1 55 66 56 -1 55 67 37 -1 68 69 70 -1 71 72 73 -1 72 74 75 -1 76 8 7 -1 77 48 70 -1 78 79 80 -1 78 70 48 -1 78 81 82 -1 83 8 76 -1 19 84 85 -1 86 60 87 -1 88 89 90 -1 91 92 93 -1 94 75 95 -1 96 73 97 -1 98 49 99 -1 100 101 83 -1 101 102 103 -1 31 67 55 -1 104 105 106 -1 25 96 107 -1 108 109 110 -1 111 106 105 -1 27 112 113 -1 114 65 115 -1 23 116 90 -1 117 54 118 -1 84 119 59 -1 120 121 122 -1 123 124 11 -1 125 100 126 -1 125 127 100 -1 128 129 130 -1 131 132 133 -1 46 134 99 -1 91 69 68 -1 78 135 79 -1 136 12 77 -1 137 138 139 -1 140 98 141 -1 78 68 70 -1 83 76 142 -1 49 140 143 -1 60 144 145 -1 77 69 46 -1 40 39 43 -1 9 34 122 -1 146 32 147 -1 148 149 150 -1 25 24 151 -1 21 23 152 -1 18 136 153 -1 15 41 129 -1 84 154 85 -1 84 58 154 -1 145 144 147 -1 120 155 40 -1 8 83 156 -1 157 158 5 -1 159 7 6 -1 160 161 162 -1 163 164 7 -1 156 103 165 -1 166 167 168 -1 163 169 164 -1 160 162 170 -1 159 163 7 -1 40 121 120 -1 122 121 42 -1 14 171 47 -1 49 98 140 -1 172 105 104 -1 25 151 173 -1 24 26 108 -1 147 144 146 -1 122 10 9 -1 174 175 36 -1 176 77 46 -1 49 143 117 -1 177 57 59 -1 60 145 61 -1 178 66 155 -1 66 178 56 -1 179 180 181 -1 98 71 73 -1 73 72 97 -1 137 139 166 -1 10 17 11 -1 51 182 49 -1 182 99 49 -1 126 100 83 -1 92 91 68 -1 46 99 182 -1 142 126 83 -1 120 122 34 -1 59 58 84 -1 118 50 117 -1 107 75 94 -1 107 97 75 -1 101 156 83 -1 55 37 36 -1 27 113 35 -1 183 184 185 -1 110 186 108 -1 25 173 96 -1 174 35 187 -1 103 156 101 -1 100 188 101 -1 96 97 107 -1 94 95 139 -1 189 190 93 -1 191 192 193 -1 93 190 91 -1 88 90 53 -1 194 86 87 -1 195 130 126 -1 19 85 196 -1 78 48 81 -1 45 153 176 -1 7 164 76 -1 72 75 97 -1 71 190 72 -1 69 77 70 -1 135 78 82 -1 67 197 37 -1 50 49 117 -1 64 198 65 -1 33 120 34 -1 62 87 60 -1 32 31 56 -1 53 199 54 -1 12 48 77 -1 46 182 44 -1 45 176 46 -1 125 126 130 -1 35 174 36 -1 32 146 30 -1 29 112 27 -1 148 200 149 -1 172 111 105 -1 119 45 44 -1 201 202 203 -1 12 14 47 -1 9 11 145 -1 0 2 204 -1 191 205 206 -1 157 207 208 -1 209 205 210 -1 209 206 205 -1 211 164 169 -1 211 212 164 -1 167 213 214 -1 167 215 213 -1 216 217 218 -1 216 3 217 -1 219 6 165 -1 219 159 6 -1 184 218 217 -1 184 220 218 -1 221 57 118 -1 221 58 57 -1 58 221 154 -1 17 122 15 -1 10 122 17 -1 222 202 201 -1 202 222 128 -1 13 136 18 -1 136 13 12 -1 172 223 111 -1 224 223 172 -1 152 225 21 -1 152 226 225 -1 186 227 151 -1 186 228 227 -1 229 230 231 -1 229 232 230 -1 195 128 130 -1 202 128 195 -1 175 187 114 -1 175 174 187 -1 233 127 38 -1 233 234 127 -1 135 142 76 -1 135 82 142 -1 133 123 181 -1 235 123 133 -1 189 72 190 -1 189 74 72 -1 137 168 2 -1 137 166 168 -1 170 79 160 -1 170 193 79 -1 43 125 130 -1 43 39 125 -1 235 19 196 -1 235 20 19 -1 16 181 123 -1 16 179 181 -1 85 62 196 -1 154 62 85 -1 199 118 54 -1 199 221 118 -1 193 80 79 -1 192 80 193 -1 75 236 95 -1 75 74 236 -1 234 115 188 -1 114 115 234 -1 113 187 35 -1 187 113 63 -1 27 37 197 -1 37 27 35 -1 139 237 94 -1 237 139 138 -1 138 238 237 -1 238 138 239 -1 240 238 239 -1 241 238 240 -1 140 242 150 -1 242 140 141 -1 243 185 231 -1 243 183 185 -1 89 226 152 -1 226 89 244 -1 241 243 106 -1 241 240 243 -1 200 245 88 -1 200 228 245 -1 238 246 109 -1 246 238 241 -1 186 245 228 -1 186 110 245 -1 137 239 138 -1 239 137 247 -1 26 94 237 -1 26 107 94 -1 25 107 26 -1 29 248 104 -1 248 29 28 -1 158 232 229 -1 232 158 249 -1 64 113 249 -1 64 63 113 -1 233 114 234 -1 233 175 114 -1 134 98 99 -1 98 134 71 -1 134 190 71 -1 134 91 190 -1 95 215 167 -1 95 236 215 -1 205 193 170 -1 191 193 205 -1 52 88 53 -1 52 200 88 -1 200 52 149 -1 146 60 86 -1 146 144 60 -1 135 160 79 -1 135 212 160 -1 229 5 158 -1 5 229 250 -1 44 59 119 -1 44 177 59 -1 251 74 189 -1 251 236 74 -1 235 132 20 -1 132 235 133 -1 65 102 115 -1 102 65 198 -1 63 114 187 -1 63 65 114 -1 154 87 62 -1 221 87 154 -1 30 86 116 -1 30 146 86 -1 52 117 143 -1 52 54 117 -1 48 171 81 -1 48 47 171 -1 129 43 130 -1 43 129 41 -1 38 252 233 -1 38 40 252 -1 31 253 67 -1 31 30 253 -1 112 230 232 -1 112 29 230 -1 150 227 148 -1 242 227 150 -1 225 22 21 -1 22 225 254 -1 104 224 172 -1 248 224 104 -1 119 19 18 -1 119 84 19 -1 13 131 14 -1 13 132 131 -1 180 222 201 -1 180 179 222 -1 42 15 122 -1 42 41 15 -1 255 207 256 -1 255 208 207 -1 208 257 103 -1 255 257 208 -1 220 258 259 -1 220 184 258 -1 210 170 162 -1 205 170 210 -1 260 2 168 -1 2 260 204 -1 261 3 216 -1 261 4 3 -1 168 214 260 -1 168 167 214 -1 217 185 184 -1 217 250 185 -1 5 207 157 -1 5 4 207 -1 165 8 156 -1 165 6 8 -1 147 9 145 -1 147 33 9 -1 57 50 118 -1 177 50 57 -1 177 51 50 -1 129 222 15 -1 129 128 222 -1 14 180 201 -1 14 131 180 -1 20 13 18 -1 20 132 13 -1 225 248 254 -1 225 224 248 -1 151 242 173 -1 151 227 242 -1 231 250 229 -1 250 231 185 -1 197 28 27 -1 197 262 28 -1 42 40 43 -1 42 121 40 -1 142 195 126 -1 142 263 195 -1 263 202 195 -1 263 203 202 -1 90 199 53 -1 90 194 199 -1 36 66 55 -1 36 252 66 -1 127 188 100 -1 234 188 127 -1 76 212 135 -1 212 76 164 -1 191 251 192 -1 191 206 251 -1 264 243 240 -1 183 243 264 -1 263 82 81 -1 82 263 142 -1 124 235 196 -1 123 235 124 -1 17 123 11 -1 17 16 123 -1 61 196 62 -1 61 124 196 -1 221 194 87 -1 199 194 221 -1 90 152 23 -1 90 89 152 -1 192 92 80 -1 93 92 192 -1 139 167 166 -1 139 95 167 -1 189 192 251 -1 189 93 192 -1 102 188 115 -1 102 101 188 -1 249 157 64 -1 249 158 157 -1 231 106 243 -1 230 106 231 -1 254 253 22 -1 254 262 253 -1 141 173 242 -1 173 141 96 -1 109 237 238 -1 109 26 237 -1 109 108 26 -1 240 247 264 -1 240 239 247 -1 244 110 265 -1 244 245 110 -1 265 111 223 -1 111 265 246 -1 223 244 265 -1 223 226 244 -1 106 246 241 -1 111 246 106 -1 88 244 89 -1 88 245 244 -1 265 109 246 -1 265 110 109 -1 264 1 258 -1 264 247 1 -1 247 2 1 -1 137 2 247 -1 254 28 262 -1 254 248 28 -1 104 230 29 -1 106 230 104 -1 113 232 249 -1 112 232 113 -1 208 64 157 -1 198 64 208 -1 252 155 66 -1 155 252 40 -1 30 22 253 -1 116 22 30 -1 22 116 23 -1 147 56 178 -1 32 56 147 -1 145 124 61 -1 145 11 124 -1 39 127 125 -1 39 38 127 -1 181 131 133 -1 180 131 181 -1 91 46 69 -1 91 134 46 -1 80 68 78 -1 68 80 92 -1 143 149 52 -1 143 150 149 -1 140 150 143 -1 184 264 258 -1 184 183 264 -1 206 236 251 -1 206 215 236 -1 141 73 96 -1 98 73 141 -1 176 136 77 -1 176 153 136 -1 103 198 208 -1 103 102 198 -1 194 116 86 -1 90 116 194 -1 203 81 171 -1 203 263 81 -1 175 252 36 -1 175 233 252 -1 253 197 67 -1 197 253 262 -1 148 228 200 -1 227 228 148 -1 186 24 108 -1 24 186 151 -1 226 224 225 -1 226 223 224 -1 18 45 119 -1 45 18 153 -1 201 171 14 -1 171 201 203 -1 179 15 222 -1 16 15 179 -1 182 177 44 -1 177 182 51 -1 178 33 147 -1 178 120 33 -1 120 178 155 -1 3 250 217 -1 3 5 250 -1 165 257 219 -1 165 103 257 -1 206 213 215 -1 206 209 213 -1 4 256 207 -1 261 256 4 -1 258 0 259 -1 0 258 1 -1 161 212 211 -1 161 160 212 -1' creaseAngle='1.571'>
            <Coordinate DEF='llatincc_Coord' point='0.4039 55.271 3.2072 0.4048 55.2584 3.2139 0.422 55.2328 3.1937 0.3252 55.2107 3.2434 0.3166 55.2003 3.2425 0.3253 55.1996 3.2472 0.2429 55.1613 3.092 0.2432 55.1672 3.0725 0.2398 55.1461 3.0788 0.3168 54.9101 3.2243 0.3071 54.9556 3.2055 0.3176 54.9541 3.2015 0.37 55.0338 3.1158 0.3681 55.0334 3.1205 0.3403 55.0738 3.1135 0.3065 54.9938 3.192 0.3104 54.9932 3.1892 0.3093 54.9836 3.1944 0.3898 54.9953 3.1233 0.3919 54.9877 3.1284 0.3862 54.9952 3.1267 0.3753 54.8993 3.2453 0.3673 54.9014 3.25 0.374 54.895 3.2431 0.4555 55.0559 3.1991 0.4594 55.0558 3.1899 0.4539 55.0652 3.1991 0.3242 55.0042 3.2805 0.3439 55.0023 3.2836 0.3466 55.0575 3.2873 0.3376 54.8954 3.254 0.3215 54.8982 3.2569 0.3197 54.8894 3.2462 0.3143 54.907 3.2272 0.3132 54.9108 3.2246 0.3044 55.0061 3.2774 0.2873 54.9553 3.2542 0.3026 54.9599 3.2721 0.2701 54.978 3.2085 0.2765 54.9806 3.2009 0.2807 54.952 3.2178 0.3031 54.9904 3.1946 0.2993 54.9656 3.2052 0.2964 54.9837 3.1997 0.4235 54.9539 3.1288 0.4133 54.9663 3.1255 0.4225 54.9822 3.0936 0.3428 55.0715 3.1088 0.3509 55.0641 3.0936 0.4732 54.929 3.1281 0.4668 54.9213 3.1292 0.4623 54.9287 3.1266 0.4537 54.9024 3.1715 0.4333 54.8965 3.1992 0.4512 54.8964 3.1636 0.2964 54.9088 3.2561 0.2955 54.8963 3.2493 0.4399 54.9125 3.15 0.4356 54.9137 3.1518 0.4387 54.9148 3.1488 0.3623 54.893 3.2185 0.3603 54.9034 3.2119 0.3897 54.9036 3.1917 0.2806 55.0593 3.2526 0.2838 55.1069 3.2495 0.2723 55.0583 3.2412 0.2916 54.9127 3.2489 0.3191 54.9098 3.2645 0.3713 55.0548 3.0707 0.3977 55.0175 3.0783 0.3582 55.0573 3.0798 0.4667 54.9972 3.1151 0.4643 55.0491 3.1169 0.4743 55 3.129 0.4496 55.084 3.1117 0.4595 55.0955 3.1307 0.2674 55.1372 3.0461 0.3804 55.0257 3.1089 0.3373 55.0926 3.0521 0.3218 55.1331 3.0268 0.3621 55.0949 3.0485 0.3261 55.0855 3.0917 0.308 55.0979 3.0631 0.2448 55.1057 3.1122 0.416 54.9543 3.1351 0.4005 54.9561 3.1498 0.3666 54.8837 3.2249 0.3961 54.8942 3.1989 0.4371 54.9088 3.2064 0.4075 54.9076 3.2298 0.4076 54.8931 3.2223 0.432 55.0249 3.079 0.3988 55.0592 3.0673 0.4313 55.0655 3.0867 0.4631 55.1008 3.1652 0.4433 55.1444 3.137 0.4759 55.0088 3.1588 0.4713 55.0546 3.1338 0.4762 54.9558 3.1344 0.4685 54.9503 3.1159 0.2485 55.0532 3.1721 0.2517 55.0933 3.18 0.2624 55.0951 3.2066 0.2632 55.1324 3.1913 0.3697 55.0585 3.277 0.3765 55.0683 3.2725 0.3723 55.108 3.2757 0.4698 55.0558 3.1618 0.4508 55.0567 3.2081 0.4394 55.0588 3.2276 0.441 55.0067 3.2257 0.3863 55.0595 3.2693 0.3274 55.0583 3.2802 0.3081 55.0592 3.2731 0.2727 55.0115 3.2467 0.2674 55.0545 3.2271 0.3708 54.8883 3.2376 0.4725 54.9139 3.1327 0.4443 54.904 3.1544 0.4197 54.9539 3.1315 0.3091 54.9115 3.2249 0.2988 54.9553 3.2092 0.3028 54.9563 3.2072 0.3309 54.9901 3.174 0.3419 54.9527 3.1893 0.2712 55.0161 3.1801 0.2663 55.0579 3.1458 0.2568 55.0107 3.1969 0.3011 55.0331 3.165 0.3018 55.0021 3.1868 0.2878 55.0273 3.1713 0.3391 55.0697 3.1173 0.3652 55.032 3.124 0.3513 55.0321 3.1356 0.4492 54.9924 3.0928 0.2892 55.1377 3.0337 0.3867 55.0055 3.1185 0.4295 55.2014 3.1964 0.4387 55.1611 3.1974 0.4494 55.1569 3.1706 0.4772 54.9256 3.1484 0.4777 54.9621 3.1514 0.2853 55.0958 3.0826 0.4774 54.918 3.1419 0.3326 54.898 3.2324 0.33 54.9076 3.2236 0.3354 54.8887 3.24 0.3173 54.896 3.2349 0.4548 54.9157 3.1795 0.4548 54.9113 3.1771 0.4607 54.9182 3.172 0.4542 55.0062 3.1906 0.3834 54.9015 3.2411 0.3934 54.9939 3.12 0.414 54.9067 3.1725 0.2892 54.9148 3.2267 0.2552 55.1283 3.1569 0.2864 55.1511 3.24 0.3178 55.1518 3.2628 0.2458 55.1694 3.1115 0.3077 55.1695 3.0259 0.3067 55.1839 3.0248 0.3477 55.1769 3.0431 0.2424 55.1819 3.0722 0.2617 55.1676 3.0408 0.2531 55.1416 3.1497 0.4337 55.1957 3.1755 0.4334 55.1765 3.1469 0.4296 55.209 3.178 0.259 55.1823 3.0372 0.3532 55.1613 3.0434 0.3379 55.0758 3.1098 0.3781 55.0589 3.2733 0.4598 55.0066 3.1825 0.282 54.993 3.257 0.2773 54.9898 3.2506 0.4006 54.991 3.1134 0.4413 54.9163 3.1464 0.293 54.9013 3.2377 0.3097 55.0312 3.163 0.3144 55.0672 3.1301 0.3215 55.0325 3.1545 0.4446 54.9537 3.1138 0.3709 55.199 3.2553 0.358 55.2553 3.2436 0.3604 55.1984 3.2594 0.4507 55.0057 3.2001 0.2802 55.01 3.2572 0.2576 55.0539 3.2065 0.4382 55.0723 3.0951 0.4507 55.0352 3.0976 0.3894 55.1478 3.0687 0.4016 55.1067 3.0685 0.3617 55.1395 3.0448 0.4032 54.8865 3.2078 0.2884 55.0645 3.1376 0.373 54.9543 3.1691 0.3248 54.9571 3.2753 0.2747 55.1005 3.2316 0.4258 54.8885 3.1884 0.4498 54.9136 3.1878 0.3106 55.071 3.1294 0.3058 55.0696 3.1312 0.3085 55.0732 3.1256 0.4179 55.2474 3.1886 0.3861 55.1565 3.0675 0.4113 55.1525 3.091 0.2879 55.1653 3.2367 0.2742 55.1415 3.2194 0.4072 55.1666 3.0917 0.3816 55.1718 3.069 0.2819 55.1841 3.0239 0.2842 55.1691 3.0269 0.421 55.1713 3.1169 0.4276 55.1919 3.1471 0.4264 55.1565 3.116 0.3245 55.2275 3.2362 0.3419 55.2361 3.244 0.3417 55.2521 3.2386 0.2502 55.1613 3.1344 0.3554 55.2683 3.2395 0.4196 54.8967 3.1797 0.3056 55.0327 3.1648 0.385 55.0018 3.2636 0.3768 55.0016 3.2677 0.3782 54.9554 3.2581 0.3861 54.9558 3.2536 0.4554 54.9597 3.1843 0.4513 54.9593 3.1936 0.3355 55.1552 3.2668 0.348 55.1082 3.2835 0.3531 55.1585 3.2709 0.3277 55.11 3.2756 0.2715 54.988 3.2359 0.2654 55.0113 3.2304 0.3616 54.9942 3.1498 0.4363 55.1295 3.1145 0.4471 55.1118 3.1995 0.4325 55.1166 3.2276 0.427 55.1639 3.2228 0.4026 55.1591 3.2523 0.4052 55.1152 3.2591 0.4613 54.9599 3.1766 0.3754 55.16 3.2653 0.4142 54.9604 3.2392 0.4408 54.9605 3.2143 0.413 55.0616 3.2567 0.4201 55.1998 3.2171 0.3685 55.0013 3.2716 0.3124 55.1124 3.2691 0.3427 55.1993 3.2541 0.4203 55.1183 3.0909 0.2815 54.954 3.2434 0.3387 54.9089 3.2652 0.3699 54.955 3.262 0.2738 55.1543 3.2129 0.2902 55.1842 3.2304 0.2647 55.1465 3.1888 0.3898 55.2673 3.2295 0.3876 55.2804 3.2254 0.4251 55.2261 3.1773 0.3011 55.1981 3.2328 0.3417 54.9549 3.2778 0.2981 55.0839 3.1064 0.3979 55.2006 3.2448 0.4158 55.0085 3.2508'/>
          </IndexedFaceSet>
        </Shape>
        <Shape DEF='lpreo1lc'>
          <Appearance>
            <PhysicalMaterial baseColor='1 0.9843 0.9843' metallic='0' roughness='0.72'/>
          </Appearance>
          <IndexedFaceSet DEF='lpreo1lc_Geo' coordIndex='0 1 2 -1 3 4 5 -1 6 7 8 -1 9 10 11 -1 9 12 13 -1 14 15 16 -1 17 18 19 -1 20 21 22 -1 23 24 25 -1 18 26 19 -1 27 28 29 -1 30 31 4 -1 3 32 33 -1 34 35 36 -1 37 38 39 -1 40 41 42 -1 43 44 26 -1 45 46 47 -1 27 48 49 -1 50 51 52 -1 53 54 38 -1 55 56 57 -1 27 58 48 -1 59 60 61 -1 62 63 64 -1 8 42 10 -1 65 66 67 -1 68 69 70 -1 71 72 73 -1 74 21 75 -1 47 76 77 -1 78 79 80 -1 81 82 83 -1 84 85 86 -1 87 88 89 -1 30 72 71 -1 90 23 74 -1 20 91 92 -1 11 42 41 -1 93 94 95 -1 14 44 96 -1 40 97 98 -1 99 100 101 -1 102 103 104 -1 3 61 105 -1 36 35 106 -1 107 108 50 -1 109 110 111 -1 57 24 112 -1 17 14 92 -1 113 51 114 -1 37 95 115 -1 38 116 39 -1 117 70 69 -1 118 119 120 -1 121 122 123 -1 124 32 3 -1 125 126 70 -1 30 55 31 -1 12 9 11 -1 22 127 128 -1 17 19 44 -1 129 130 131 -1 26 18 13 -1 12 11 41 -1 132 133 134 -1 132 67 133 -1 67 66 133 -1 8 10 135 -1 136 137 138 -1 139 140 106 -1 43 26 41 -1 138 141 136 -1 10 142 135 -1 13 143 9 -1 26 12 41 -1 26 13 12 -1 129 131 144 -1 44 14 17 -1 55 145 56 -1 55 146 145 -1 73 72 4 -1 30 146 55 -1 124 3 105 -1 121 123 103 -1 147 117 148 -1 117 147 70 -1 113 149 150 -1 113 116 149 -1 115 53 37 -1 113 151 51 -1 40 43 41 -1 152 46 45 -1 112 153 57 -1 132 94 93 -1 132 134 94 -1 154 109 111 -1 50 52 107 -1 155 73 125 -1 106 140 36 -1 3 5 61 -1 99 101 2 -1 34 118 69 -1 44 43 156 -1 44 156 96 -1 94 115 95 -1 128 18 91 -1 157 133 66 -1 92 158 20 -1 23 159 74 -1 87 160 88 -1 84 86 161 -1 81 162 82 -1 78 163 79 -1 47 46 76 -1 30 71 146 -1 74 159 21 -1 155 71 73 -1 128 157 13 -1 126 68 70 -1 13 18 128 -1 118 117 69 -1 164 165 166 -1 62 64 167 -1 168 120 119 -1 68 169 69 -1 34 69 169 -1 170 140 139 -1 61 5 59 -1 119 36 140 -1 73 123 125 -1 55 57 153 -1 38 37 53 -1 50 171 51 -1 28 27 49 -1 48 172 49 -1 173 47 174 -1 47 77 174 -1 47 112 45 -1 14 175 92 -1 44 19 26 -1 42 97 40 -1 68 126 33 -1 102 121 103 -1 104 73 4 -1 72 30 4 -1 146 71 145 -1 175 158 92 -1 25 127 23 -1 21 159 22 -1 175 14 16 -1 20 158 21 -1 65 143 66 -1 10 42 11 -1 10 65 142 -1 8 135 6 -1 42 8 97 -1 0 2 101 -1 176 177 144 -1 178 177 176 -1 179 141 138 -1 179 180 141 -1 181 167 64 -1 181 182 167 -1 183 184 0 -1 183 185 184 -1 186 187 188 -1 189 187 186 -1 190 191 192 -1 190 193 191 -1 194 195 196 -1 195 194 197 -1 34 198 35 -1 34 169 198 -1 199 63 200 -1 199 64 63 -1 201 202 203 -1 201 204 202 -1 205 136 206 -1 136 205 137 -1 143 10 9 -1 10 143 65 -1 142 67 132 -1 67 142 65 -1 143 157 66 -1 143 13 157 -1 207 87 89 -1 87 207 208 -1 16 152 45 -1 16 15 152 -1 145 27 56 -1 145 58 27 -1 100 209 188 -1 100 99 209 -1 124 210 211 -1 124 105 210 -1 118 36 119 -1 118 34 36 -1 29 53 115 -1 28 53 29 -1 149 49 172 -1 54 49 149 -1 151 52 51 -1 151 212 52 -1 213 214 215 -1 214 213 216 -1 25 57 217 -1 25 24 57 -1 77 218 174 -1 77 83 218 -1 110 192 191 -1 109 192 110 -1 219 218 220 -1 219 221 218 -1 135 214 6 -1 135 215 214 -1 222 107 223 -1 222 108 107 -1 147 125 70 -1 147 224 125 -1 168 212 151 -1 212 168 225 -1 198 124 226 -1 198 32 124 -1 227 196 195 -1 227 228 196 -1 229 230 231 -1 209 230 229 -1 105 232 210 -1 105 61 232 -1 233 2 197 -1 233 99 2 -1 228 234 235 -1 228 227 234 -1 140 236 225 -1 140 170 236 -1 234 200 237 -1 234 238 200 -1 222 202 239 -1 222 240 202 -1 137 241 138 -1 201 241 137 -1 242 165 7 -1 166 165 242 -1 166 243 244 -1 166 242 243 -1 245 246 244 -1 246 245 247 -1 248 249 176 -1 248 250 249 -1 43 98 156 -1 43 40 98 -1 251 252 208 -1 253 252 251 -1 254 115 94 -1 29 115 254 -1 22 23 127 -1 22 159 23 -1 96 15 14 -1 15 96 255 -1 256 96 156 -1 207 96 256 -1 130 86 85 -1 86 130 129 -1 257 81 76 -1 81 257 88 -1 232 60 258 -1 60 232 61 -1 259 109 154 -1 109 259 84 -1 260 221 219 -1 260 258 221 -1 231 80 229 -1 80 231 261 -1 261 219 262 -1 219 261 260 -1 154 162 259 -1 154 82 162 -1 76 83 77 -1 83 76 81 -1 85 263 130 -1 85 264 263 -1 59 55 265 -1 59 31 55 -1 103 73 104 -1 73 103 123 -1 224 148 150 -1 147 148 224 -1 253 131 252 -1 248 131 253 -1 248 247 250 -1 253 247 248 -1 164 244 246 -1 164 166 244 -1 135 132 215 -1 135 142 132 -1 266 141 267 -1 136 141 266 -1 137 204 201 -1 204 137 205 -1 239 108 222 -1 108 239 268 -1 225 269 212 -1 225 236 269 -1 270 200 238 -1 200 270 199 -1 170 235 236 -1 170 228 235 -1 226 211 271 -1 226 124 211 -1 272 231 230 -1 272 273 231 -1 228 139 196 -1 228 170 139 -1 60 265 274 -1 59 265 60 -1 216 171 50 -1 213 171 216 -1 122 125 123 -1 122 126 125 -1 217 56 27 -1 56 217 57 -1 221 174 218 -1 221 274 174 -1 223 240 222 -1 240 223 275 -1 97 7 165 -1 97 8 7 -1 262 220 111 -1 262 219 220 -1 220 83 82 -1 83 220 218 -1 276 217 254 -1 276 25 217 -1 173 112 47 -1 173 153 112 -1 212 107 52 -1 212 269 107 -1 150 172 224 -1 149 172 150 -1 210 277 211 -1 277 210 272 -1 126 121 33 -1 122 121 126 -1 48 224 172 -1 48 125 224 -1 24 90 112 -1 23 90 24 -1 74 16 45 -1 75 16 74 -1 96 89 255 -1 89 96 207 -1 206 278 205 -1 206 243 278 -1 214 268 279 -1 214 216 268 -1 201 280 241 -1 201 203 280 -1 237 63 275 -1 237 200 63 -1 35 226 106 -1 35 198 226 -1 197 1 195 -1 1 197 2 -1 192 281 190 -1 281 192 161 -1 282 186 79 -1 282 189 186 -1 101 183 0 -1 283 183 101 -1 64 284 181 -1 284 64 199 -1 285 138 241 -1 285 179 138 -1 178 249 286 -1 178 176 249 -1 177 129 144 -1 177 287 129 -1 180 267 141 -1 180 288 267 -1 280 182 289 -1 182 280 167 -1 270 185 290 -1 185 270 184 -1 291 188 187 -1 291 100 188 -1 163 193 292 -1 193 163 191 -1 271 196 139 -1 196 271 194 -1 269 223 107 -1 269 293 223 -1 62 202 240 -1 62 203 202 -1 294 202 204 -1 294 239 202 -1 295 7 6 -1 242 7 295 -1 263 208 252 -1 263 87 208 -1 75 175 16 -1 21 175 75 -1 158 175 21 -1 91 22 128 -1 91 20 22 -1 15 257 152 -1 15 255 257 -1 17 91 18 -1 91 17 92 -1 3 104 4 -1 102 104 3 -1 99 230 209 -1 99 233 230 -1 32 68 33 -1 198 68 32 -1 169 68 198 -1 150 120 113 -1 148 120 150 -1 215 93 213 -1 215 132 93 -1 78 191 163 -1 78 110 191 -1 156 164 256 -1 156 98 164 -1 28 54 53 -1 28 49 54 -1 114 171 95 -1 171 114 51 -1 265 153 173 -1 265 55 153 -1 27 254 217 -1 27 29 254 -1 225 119 140 -1 168 119 225 -1 195 296 227 -1 296 195 1 -1 186 209 229 -1 188 209 186 -1 273 210 232 -1 272 210 273 -1 194 211 277 -1 211 194 271 -1 296 270 238 -1 296 184 270 -1 237 235 234 -1 293 235 237 -1 63 240 275 -1 240 63 62 -1 294 295 279 -1 278 295 294 -1 279 6 214 -1 279 295 6 -1 206 244 243 -1 206 245 244 -1 213 95 171 -1 213 93 95 -1 247 266 250 -1 247 245 266 -1 246 256 164 -1 256 246 251 -1 208 256 251 -1 208 207 256 -1 58 71 155 -1 58 145 71 -1 76 152 257 -1 46 152 76 -1 255 88 257 -1 88 255 89 -1 160 259 162 -1 160 264 259 -1 273 258 260 -1 232 258 273 -1 84 192 109 -1 192 84 161 -1 260 231 273 -1 261 231 260 -1 79 229 80 -1 186 229 79 -1 261 78 80 -1 261 262 78 -1 88 162 81 -1 160 162 88 -1 258 274 221 -1 258 60 274 -1 259 85 84 -1 259 264 85 -1 87 264 160 -1 263 264 87 -1 5 31 59 -1 5 4 31 -1 144 248 176 -1 144 131 248 -1 251 247 253 -1 251 246 247 -1 267 250 266 -1 250 267 249 -1 151 120 168 -1 151 113 120 -1 206 266 245 -1 206 136 266 -1 278 204 205 -1 278 294 204 -1 50 268 216 -1 50 108 268 -1 236 293 269 -1 236 235 293 -1 238 227 296 -1 234 227 238 -1 197 277 233 -1 277 197 194 -1 1 184 296 -1 184 1 0 -1 157 25 276 -1 157 127 25 -1 157 128 127 -1 274 173 174 -1 274 265 173 -1 98 165 164 -1 98 97 165 -1 262 110 78 -1 262 111 110 -1 82 111 220 -1 82 154 111 -1 134 254 94 -1 134 276 254 -1 38 149 116 -1 38 54 149 -1 113 39 116 -1 39 113 114 -1 39 95 37 -1 95 39 114 -1 148 118 120 -1 117 118 148 -1 277 230 233 -1 277 272 230 -1 121 3 33 -1 121 102 3 -1 48 155 125 -1 48 58 155 -1 74 112 90 -1 112 74 45 -1 130 252 131 -1 130 263 252 -1 276 133 157 -1 133 276 134 -1 242 278 243 -1 242 295 278 -1 239 279 268 -1 294 279 239 -1 167 203 62 -1 167 280 203 -1 275 293 237 -1 293 275 223 -1 139 226 271 -1 139 106 226 -1 297 161 86 -1 297 281 161 -1 163 282 79 -1 292 282 163 -1 283 100 291 -1 283 101 100 -1 290 199 270 -1 290 284 199 -1 289 241 280 -1 289 285 241 -1 267 286 249 -1 288 286 267 -1 287 86 129 -1 287 297 86 -1' creaseAngle='1.571'>
            <Coordinate DEF='lpreo1lc_Coord' point='0.7692 55.2443 2.6936 0.7749 55.2242 2.6821 0.7329 55.2292 2.6505 0.679 55.0342 2.599 0.6524 54.9897 2.6193 0.6411 54.9999 2.6028 0.7307 54.9732 2.8526 0.7121 54.9847 2.8749 0.7071 54.9715 2.8689 0.6648 54.9948 2.8249 0.6982 54.9646 2.8507 0.6672 54.9975 2.8476 0.6541 55.0084 2.8368 0.6443 55.0107 2.7596 0.5874 55.0076 2.7999 0.5726 54.991 2.7765 0.5842 54.9813 2.7689 0.5993 55.0103 2.802 0.6413 55.0106 2.7587 0.6199 55.0058 2.8242 0.6373 55.0102 2.7524 0.6082 54.9843 2.758 0.6393 55.0098 2.7488 0.6134 54.9699 2.7338 0.6069 54.9594 2.7221 0.6544 55.0009 2.7322 0.643 55.0054 2.8436 0.6751 55.0114 2.6961 0.6849 55.022 2.688 0.6788 55.0083 2.6994 0.6232 54.9656 2.6483 0.6174 54.9587 2.6443 0.7163 55.0284 2.6109 0.7074 55.0295 2.6264 0.7714 55.0261 2.6424 0.7773 55.0257 2.6359 0.801 55.0208 2.647 0.7583 54.9552 2.7194 0.7546 54.9653 2.7119 0.7641 54.9553 2.7158 0.6541 55.0093 2.8569 0.6551 55.0053 2.8509 0.6914 54.9878 2.8716 0.6412 55.0058 2.8478 0.6184 55.0083 2.8295 0.573 54.9515 2.7402 0.5584 54.9624 2.7341 0.5639 54.9537 2.7102 0.6867 55.0369 2.6745 0.687 55.0278 2.6864 0.7932 54.9535 2.7698 0.7928 54.95 2.7354 0.8019 54.9658 2.7497 0.7222 54.9831 2.697 0.7237 54.9912 2.694 0.6039 54.9478 2.6664 0.6332 54.963 2.678 0.6185 54.9508 2.6994 0.6827 55.0357 2.673 0.6032 54.967 2.6301 0.5915 54.983 2.6236 0.6297 55.015 2.5917 0.812 55.2136 2.8303 0.8206 55.2128 2.8091 0.8097 55.2561 2.8238 0.6903 54.9686 2.7998 0.6795 54.9819 2.7841 0.6976 54.9638 2.7889 0.7387 55.0305 2.6412 0.7496 55.0321 2.6475 0.6958 55.0453 2.6676 0.6413 54.9828 2.6579 0.6458 54.9826 2.6487 0.6838 55.0422 2.6638 0.5922 54.9649 2.7445 0.5964 54.9762 2.7554 0.5439 54.9733 2.728 0.5499 54.9685 2.7049 0.5262 55.2097 2.6497 0.548 55.2642 2.6408 0.5433 55.2129 2.6306 0.5208 55.0175 2.7212 0.504 55.0865 2.6979 0.5251 55.0159 2.6959 0.5043 55.2195 2.733 0.519 55.2068 2.7785 0.5239 55.2454 2.7745 0.5334 55.1068 2.7948 0.5261 55.0327 2.7758 0.542 55.0419 2.7963 0.5982 54.9627 2.7338 0.6377 55.0113 2.7559 0.5925 55.0119 2.7943 0.7582 54.9313 2.7639 0.7107 54.9482 2.7326 0.7684 54.936 2.7433 0.5645 55.0209 2.8081 0.694 54.9998 2.8793 0.6501 55.0282 2.8668 0.6928 55.2307 2.6343 0.6926 55.2585 2.6377 0.7325 55.249 2.6589 0.6785 55.0348 2.6021 0.6765 55.0376 2.6114 0.6713 55.0258 2.6133 0.6792 55.0368 2.5948 0.7836 55.0362 2.6345 0.8157 55.0039 2.7687 0.8057 55.0049 2.7872 0.5016 55.2157 2.7065 0.5114 55.2105 2.6783 0.5039 55.1442 2.6686 0.5828 54.944 2.7163 0.7866 54.962 2.709 0.7784 54.9433 2.7242 0.7189 54.9643 2.7109 0.7611 54.9637 2.7085 0.7445 55.0224 2.6543 0.7669 55.0139 2.6585 0.8063 55.0001 2.6675 0.7958 54.9762 2.6898 0.6844 55.0348 2.6152 0.6883 55.0461 2.6639 0.6858 55.0464 2.6626 0.7181 55.0388 2.6044 0.6894 55.0427 2.6695 0.6908 55.0458 2.6651 0.647 55.0077 2.7442 0.6432 55.0113 2.7505 0.5412 55.2425 2.7919 0.54 55.2102 2.7944 0.561 55.2136 2.8103 0.7348 54.9399 2.7954 0.6842 54.9721 2.7746 0.6945 54.9589 2.7592 0.7215 54.9581 2.8408 0.7485 55.2019 2.895 0.7731 55.2036 2.8855 0.761 55.2577 2.8839 0.7932 55.0671 2.6395 0.8116 55.0296 2.6507 0.7382 55.2584 2.8882 0.7129 54.9555 2.8252 0.6748 54.9838 2.7939 0.5581 55.2429 2.8096 0.6392 54.9751 2.6652 0.6249 54.9661 2.659 0.6941 55.0421 2.6708 0.7378 55.012 2.6663 0.7256 54.9931 2.6881 0.731 55.0015 2.6784 0.8015 54.9666 2.7132 0.5589 54.9712 2.7559 0.5924 54.9422 2.6915 0.4983 55.1483 2.6965 0.6843 55.0407 2.6683 0.608 55.0237 2.8432 0.6476 55.0103 2.7536 0.5993 55.0031 2.7858 0.6078 54.9826 2.7448 0.5146 55.1066 2.7777 0.5164 55.2538 2.7357 0.5045 55.0908 2.7266 0.5341 55.2654 2.665 0.6473 55.0532 2.8729 0.697 55.0122 2.886 0.7079 55.0439 2.8886 0.7991 55.2566 2.8384 0.8102 54.9832 2.691 0.7517 55.0301 2.6339 0.8238 55.0516 2.6653 0.7829 54.9407 2.7554 0.6883 55.0298 2.6815 0.5733 54.9505 2.6851 0.5559 54.9637 2.6819 0.593 55.0046 2.7915 0.6068 55.2543 2.8419 0.5575 55.2574 2.8106 0.606 55.2688 2.8427 0.759 55.2721 2.8847 0.7367 55.2726 2.8885 0.8087 55.2707 2.8247 0.798 55.271 2.8391 0.7686 55.2585 2.6966 0.8064 55.2494 2.7317 0.8053 55.2634 2.7354 0.5953 55.2641 2.6251 0.6444 55.2788 2.6243 0.645 55.2628 2.6221 0.5953 55.2785 2.6282 0.5165 55.2765 2.7145 0.5229 55.2649 2.69 0.5154 55.2624 2.7131 0.5232 55.2792 2.6918 0.7484 55.1174 2.6229 0.7819 55.1635 2.664 0.7863 55.106 2.6479 0.739 55.1708 2.6351 0.7537 55.0306 2.6248 0.8151 55.2561 2.8001 0.8261 55.2117 2.7843 0.7883 55.2089 2.8685 0.8063 55.1407 2.8447 0.8034 55.2143 2.8516 0.7906 55.1445 2.8609 0.7748 55.1482 2.8771 0.7445 55.1464 2.8914 0.5589 55.0512 2.8155 0.5523 55.1069 2.8119 0.6463 55.2303 2.6158 0.6743 55.0748 2.5892 0.715 55.0796 2.5989 0.8106 54.9808 2.7236 0.7705 54.9351 2.7754 0.7547 54.955 2.8215 0.746 54.944 2.8091 0.778 54.9456 2.7871 0.6637 54.9981 2.7155 0.5293 55.0144 2.6706 0.5213 55.0851 2.6426 0.5065 55.083 2.6703 0.5456 55.0205 2.6437 0.8146 55.0698 2.803 0.8236 55.0726 2.7827 0.6924 55.039 2.6739 0.8194 54.9959 2.6976 0.7555 55.0428 2.6185 0.827 55.1455 2.6985 0.8313 55.0913 2.6821 0.5936 55.2231 2.6121 0.6553 55.1664 2.6003 0.5923 55.1428 2.5976 0.616 55.0454 2.5895 0.6956 55.174 2.6142 0.8372 55.1435 2.7433 0.8411 55.0825 2.7296 0.834 55.0292 2.7088 0.8331 55.1385 2.7751 0.8316 55.2105 2.7594 0.8038 55.0675 2.8222 0.8185 55.1373 2.8219 0.7764 55.2573 2.8687 0.7325 55.0357 2.8765 0.7391 55.08 2.8818 0.7099 55.0875 2.892 0.7122 55.1444 2.8973 0.6529 55.1052 2.8724 0.6556 55.1597 2.8721 0.6112 55.2149 2.8422 0.6629 55.2568 2.8675 0.6633 55.217 2.864 0.6033 55.1134 2.8449 0.5548 55.1641 2.8123 0.6046 55.1707 2.842 0.6684 54.9967 2.717 0.5547 55.0059 2.7899 0.6006 55.0638 2.8474 0.5449 54.9909 2.7717 0.5643 55.028 2.6192 0.4986 55.1521 2.7259 0.5392 55.0882 2.616 0.5362 55.1402 2.6202 0.5167 55.1423 2.6427 0.5311 55.1622 2.7951 0.5171 55.1611 2.7809 0.5876 54.9551 2.6556 0.7219 55.2002 2.8961 0.7145 55.2589 2.8919 0.7958 55.0058 2.8057 0.8248 55.0166 2.7387 0.8228 55.2555 2.7778 0.7532 55.0845 2.6166 0.6664 55.1064 2.5906 0.6017 55.0881 2.5894 0.5723 54.9721 2.6512 0.8273 55.134 2.797 0.659 54.9998 2.7344 0.704 55.1136 2.6006 0.7649 55.0734 2.8639 0.7748 55.017 2.8312 0.7918 55.2569 2.8535 0.5171 55.2681 2.7365 0.5484 55.2787 2.643 0.7321 55.2634 2.6623 0.8144 55.2705 2.8014 0.7742 55.2717 2.8696 0.6627 55.2713 2.8696 0.5412 55.257 2.7927 0.7137 55.2732 2.8928 0.7896 55.2712 2.8546 0.8216 55.2703 2.7795 0.6923 55.2745 2.6394 0.5348 55.2798 2.6676 0.8323 55.0775 2.7561 0.7843 55.0704 2.843 0.7537 55.0282 2.8568 0.8159 55.2188 2.716 0.5243 55.2599 2.7751'/>
          </IndexedFaceSet>
        </Shape>
        <Shape DEF='lpreol2c'>
          <Appearance>
            <PhysicalMaterial baseColor='1 0.9843 0.9843' metallic='0' roughness='0.72'/>
          </Appearance>
          <IndexedFaceSet DEF='lpreol2c_Geo' coordIndex='0 1 2 -1 3 4 5 -1 6 7 8 -1 9 10 11 -1 12 13 14 -1 15 16 17 -1 18 19 20 -1 21 22 23 -1 24 16 20 -1 25 26 27 -1 25 28 26 -1 29 30 31 -1 32 33 34 -1 35 36 37 -1 38 39 40 -1 8 38 41 -1 42 43 44 -1 45 46 47 -1 48 49 50 -1 47 51 11 -1 52 53 42 -1 54 50 10 -1 55 56 57 -1 58 59 60 -1 61 62 63 -1 48 64 65 -1 66 67 68 -1 9 11 51 -1 69 70 71 -1 72 73 74 -1 75 76 29 -1 32 30 33 -1 77 78 79 -1 78 31 32 -1 2 1 80 -1 81 82 83 -1 84 85 86 -1 15 87 88 -1 24 17 16 -1 14 89 90 -1 91 92 93 -1 20 19 62 -1 26 94 95 -1 96 97 75 -1 7 6 77 -1 98 52 99 -1 100 66 43 -1 101 102 66 -1 99 52 42 -1 62 61 103 -1 55 104 105 -1 106 44 66 -1 64 48 107 -1 65 108 109 -1 108 110 109 -1 51 52 98 -1 99 111 22 -1 92 112 93 -1 41 111 99 -1 113 114 115 -1 116 12 117 -1 118 119 73 -1 120 121 24 -1 122 86 85 -1 21 123 124 -1 125 126 79 -1 34 127 128 -1 129 130 131 -1 71 61 69 -1 132 72 9 -1 102 91 93 -1 91 133 95 -1 115 62 19 -1 64 133 134 -1 69 63 48 -1 135 70 105 -1 136 137 60 -1 138 139 105 -1 56 139 69 -1 139 56 105 -1 74 140 54 -1 141 14 142 -1 65 64 134 -1 110 143 51 -1 43 65 100 -1 99 144 41 -1 39 7 40 -1 32 34 145 -1 28 146 26 -1 120 24 103 -1 22 40 23 -1 19 18 133 -1 147 148 31 -1 149 116 150 -1 6 151 77 -1 16 15 152 -1 87 15 17 -1 21 23 126 -1 22 111 40 -1 146 76 26 -1 78 32 145 -1 106 153 8 -1 53 143 43 -1 46 110 47 -1 65 134 100 -1 142 119 141 -1 54 10 74 -1 56 69 57 -1 57 69 48 -1 60 59 136 -1 70 138 105 -1 63 62 154 -1 64 113 133 -1 115 154 62 -1 102 101 91 -1 9 155 132 -1 110 46 109 -1 154 115 114 -1 140 74 73 -1 147 151 156 -1 157 21 126 -1 31 78 77 -1 34 37 127 -1 85 158 122 -1 118 73 72 -1 116 159 12 -1 8 153 160 -1 161 97 96 -1 22 124 99 -1 98 155 51 -1 65 109 48 -1 67 66 102 -1 106 66 153 -1 74 10 9 -1 42 144 99 -1 49 48 109 -1 68 160 153 -1 66 44 43 -1 98 99 124 -1 40 7 77 -1 77 23 40 -1 26 95 27 -1 20 62 103 -1 8 7 39 -1 137 105 140 -1 14 13 89 -1 162 119 118 -1 163 121 120 -1 24 121 17 -1 87 164 88 -1 86 165 84 -1 83 166 81 -1 2 80 167 -1 168 167 169 -1 21 124 22 -1 32 31 30 -1 96 75 29 -1 74 9 72 -1 63 107 48 -1 9 51 155 -1 94 75 97 -1 66 68 153 -1 133 18 95 -1 69 61 63 -1 58 60 90 -1 55 105 56 -1 45 109 46 -1 108 65 43 -1 47 110 51 -1 109 45 49 -1 42 53 43 -1 38 8 39 -1 35 129 36 -1 31 148 29 -1 146 170 76 -1 24 20 103 -1 157 126 125 -1 20 171 18 -1 14 141 12 -1 5 172 3 -1 2 173 0 -1 174 159 116 -1 159 174 175 -1 176 83 177 -1 166 83 176 -1 178 179 180 -1 181 179 178 -1 149 174 116 -1 174 149 182 -1 183 184 185 -1 186 184 183 -1 169 187 168 -1 169 188 187 -1 189 190 191 -1 189 192 190 -1 161 68 97 -1 156 68 161 -1 160 68 156 -1 55 48 50 -1 55 57 48 -1 135 137 136 -1 135 105 137 -1 97 92 94 -1 97 112 92 -1 91 134 133 -1 91 101 134 -1 64 114 113 -1 64 107 114 -1 163 193 121 -1 163 194 193 -1 195 124 123 -1 98 124 195 -1 30 35 33 -1 30 170 35 -1 183 128 127 -1 128 183 185 -1 196 168 187 -1 196 197 168 -1 125 198 157 -1 199 198 125 -1 123 157 200 -1 157 123 21 -1 189 201 202 -1 203 201 189 -1 204 190 117 -1 204 191 190 -1 28 88 130 -1 28 25 88 -1 129 205 36 -1 205 129 131 -1 81 206 207 -1 206 81 3 -1 158 82 208 -1 158 85 82 -1 158 193 122 -1 209 193 158 -1 210 122 211 -1 210 86 122 -1 141 117 12 -1 117 141 204 -1 211 212 210 -1 58 212 211 -1 51 53 52 -1 51 143 53 -1 104 140 105 -1 54 140 104 -1 213 210 212 -1 213 214 210 -1 215 89 13 -1 215 216 89 -1 210 165 86 -1 214 165 210 -1 121 209 17 -1 121 193 209 -1 85 83 82 -1 85 84 83 -1 207 205 217 -1 205 207 206 -1 218 205 206 -1 218 36 205 -1 217 87 219 -1 164 87 217 -1 204 220 191 -1 220 204 162 -1 203 200 201 -1 221 200 203 -1 169 80 222 -1 167 80 169 -1 223 197 196 -1 224 197 223 -1 34 223 145 -1 34 128 223 -1 79 23 77 -1 126 23 79 -1 161 29 148 -1 161 96 29 -1 132 98 195 -1 155 98 132 -1 163 59 194 -1 163 136 59 -1 63 114 107 -1 63 154 114 -1 97 67 112 -1 67 97 68 -1 10 47 11 -1 10 45 47 -1 144 44 106 -1 144 42 44 -1 172 127 218 -1 183 127 172 -1 29 170 30 -1 170 29 76 -1 20 152 171 -1 152 20 16 -1 159 13 12 -1 215 13 159 -1 190 225 150 -1 190 192 225 -1 226 150 225 -1 226 149 150 -1 167 227 2 -1 227 167 168 -1 186 172 5 -1 186 183 172 -1 2 228 173 -1 228 2 227 -1 229 186 5 -1 229 230 186 -1 228 180 179 -1 228 227 180 -1 166 231 4 -1 176 231 166 -1 165 232 233 -1 165 214 232 -1 213 234 235 -1 234 213 216 -1 175 215 159 -1 175 236 215 -1 84 177 83 -1 237 177 84 -1 0 226 1 -1 226 0 238 -1 184 181 178 -1 239 181 184 -1 214 235 232 -1 214 213 235 -1 178 185 184 -1 178 224 185 -1 224 180 197 -1 224 178 180 -1 222 188 169 -1 222 202 188 -1 191 203 189 -1 191 220 203 -1 133 115 19 -1 133 113 115 -1 171 25 27 -1 171 152 25 -1 37 33 35 -1 33 37 34 -1 35 146 129 -1 35 170 146 -1 8 151 6 -1 151 160 156 -1 8 160 151 -1 50 45 10 -1 49 45 50 -1 104 50 54 -1 55 50 104 -1 58 89 212 -1 58 90 89 -1 95 92 91 -1 92 95 94 -1 134 66 100 -1 101 66 134 -1 76 94 26 -1 75 94 76 -1 79 145 240 -1 145 79 78 -1 187 240 196 -1 199 240 187 -1 188 199 187 -1 188 198 199 -1 200 198 201 -1 198 200 157 -1 192 80 225 -1 192 222 80 -1 117 150 116 -1 190 150 117 -1 241 195 221 -1 132 195 241 -1 81 208 82 -1 81 207 208 -1 4 81 166 -1 3 81 4 -1 164 130 88 -1 164 131 130 -1 209 208 219 -1 209 158 208 -1 88 152 15 -1 152 88 25 -1 193 211 122 -1 211 193 194 -1 204 119 162 -1 204 141 119 -1 14 60 142 -1 14 90 60 -1 194 58 211 -1 59 58 194 -1 27 18 171 -1 27 95 18 -1 61 120 103 -1 120 61 71 -1 135 71 70 -1 135 120 71 -1 120 136 163 -1 135 136 120 -1 219 17 209 -1 87 17 219 -1 164 205 131 -1 164 217 205 -1 206 172 218 -1 3 172 206 -1 219 207 217 -1 207 219 208 -1 162 241 220 -1 241 162 118 -1 221 123 200 -1 195 123 221 -1 201 188 202 -1 188 201 198 -1 240 125 79 -1 125 240 199 -1 196 145 223 -1 196 240 145 -1 185 223 128 -1 223 185 224 -1 130 146 28 -1 129 146 130 -1 148 156 161 -1 156 148 147 -1 142 137 140 -1 137 142 60 -1 241 72 132 -1 118 72 241 -1 112 102 93 -1 112 67 102 -1 69 138 70 -1 69 139 138 -1 216 212 89 -1 213 212 216 -1 140 119 142 -1 140 73 119 -1 43 110 108 -1 143 110 43 -1 41 106 8 -1 144 106 41 -1 37 218 127 -1 37 36 218 -1 41 40 111 -1 41 38 40 -1 220 221 203 -1 220 241 221 -1 202 192 189 -1 222 192 202 -1 1 225 80 -1 1 226 225 -1 151 31 77 -1 151 147 31 -1 197 227 168 -1 180 227 197 -1 4 229 5 -1 4 231 229 -1 239 186 230 -1 239 184 186 -1 238 149 226 -1 149 238 182 -1 165 237 84 -1 233 237 165 -1 215 234 216 -1 236 234 215 -1' creaseAngle='1.571'>
            <Coordinate DEF='lpreol2c_Coord' point='0.5976 55.2736 2.4726 0.5935 55.2594 2.4725 0.6069 55.2607 2.5137 0.8814 55.2187 2.585 0.881 55.2658 2.5761 0.8529 55.2491 2.6043 0.723 55.0412 2.5895 0.7043 55.0165 2.5691 0.7242 55.0563 2.5597 0.6963 55.0149 2.3904 0.715 55.0329 2.3918 0.7034 55.0204 2.4075 0.6997 55.2056 2.3638 0.7182 55.2139 2.3733 0.7179 55.1571 2.3591 0.9069 55.0177 2.4726 0.8959 55.0087 2.4448 0.9019 55.048 2.438 0.8602 54.9853 2.4734 0.8653 55.0073 2.4491 0.8856 55.0049 2.4428 0.6415 54.9909 2.5155 0.6762 54.9828 2.5315 0.6823 54.9995 2.5578 0.8508 55.0599 2.3977 0.8842 54.9704 2.5129 0.856 54.9758 2.564 0.8777 54.9655 2.5119 0.8611 54.9824 2.5669 0.7888 55.0275 2.6177 0.7883 55.0329 2.6205 0.7521 55.055 2.6094 0.757 55.0665 2.617 0.7858 55.0592 2.6231 0.7811 55.1082 2.6241 0.8177 55.0449 2.6163 0.844 55.103 2.6088 0.8141 55.1059 2.6205 0.7022 55.0153 2.5518 0.7036 55.0217 2.561 0.6993 55.01 2.5612 0.7068 55.0237 2.5369 0.7144 55.0149 2.481 0.7344 55.0394 2.4643 0.7339 55.0424 2.4902 0.717 55.0437 2.4135 0.7147 55.0466 2.4257 0.7072 55.0317 2.4165 0.7618 55.0872 2.4473 0.7339 55.0651 2.4307 0.737 55.0619 2.42 0.6928 55.0092 2.4264 0.6871 54.9901 2.4676 0.7124 55.0156 2.4671 0.7275 55.0482 2.3808 0.7472 55.066 2.3859 0.7563 55.0789 2.3873 0.7612 55.0854 2.4381 0.7707 55.18 2.3801 0.779 55.1295 2.3667 0.7449 55.1212 2.3566 0.8354 55.0615 2.409 0.8412 55.0515 2.4136 0.7742 55.0842 2.4416 0.7645 55.0808 2.4527 0.7588 55.0835 2.4529 0.7509 55.0702 2.4981 0.7535 55.0705 2.5077 0.7383 55.0696 2.5421 0.7683 55.087 2.4381 0.7816 55.0752 2.3805 0.8044 55.0859 2.3875 0.6763 55.0277 2.3845 0.6909 55.0533 2.3657 0.7027 55.0335 2.3732 0.7991 55.0163 2.589 0.817 55.0094 2.6082 0.7228 55.0387 2.5944 0.729 55.0647 2.6032 0.6891 55.0546 2.5768 0.5819 55.2202 2.4749 0.9061 55.2194 2.5465 0.9042 55.2371 2.4974 0.9012 55.2863 2.5147 0.8869 55.2869 2.4682 0.89 55.2379 2.4509 0.847 55.255 2.4265 0.9094 55.0437 2.4717 0.896 54.994 2.5175 0.7368 55.2222 2.3829 0.7403 55.1662 2.3634 0.812 55.0275 2.5204 0.8181 55.0164 2.5417 0.8111 55.036 2.5355 0.8344 54.9848 2.5542 0.8553 54.9701 2.5011 0.7859 55.0311 2.5949 0.7841 55.0333 2.5809 0.6752 54.9787 2.4548 0.6869 54.9858 2.512 0.7479 55.0699 2.4734 0.7565 55.0701 2.4946 0.757 55.0712 2.5003 0.8462 55.0555 2.4006 0.7443 55.062 2.375 0.757 55.0727 2.3725 0.7289 55.0502 2.5321 0.7675 55.0853 2.4484 0.7317 55.0584 2.4463 0.7291 55.0658 2.438 0.7116 55.04 2.437 0.6885 54.9943 2.535 0.8007 55.0336 2.5503 0.8259 55.0282 2.4634 0.83 55.0412 2.4534 0.8433 55.0294 2.4525 0.655 55.2543 2.3841 0.6531 55.1951 2.3737 0.666 55.0545 2.373 0.6952 55.0995 2.3542 0.8092 55.0839 2.3783 0.8683 55.086 2.397 0.8573 55.204 2.4111 0.6356 54.9872 2.4817 0.6698 54.976 2.5013 0.6515 55.0506 2.5526 0.6611 55.0256 2.5547 0.8134 55.1711 2.6165 0.78 55.1795 2.6135 0.8458 55.0403 2.5994 0.8725 55.0123 2.571 0.878 55.0374 2.5713 0.669 55.0053 2.404 0.8204 55.0097 2.48 0.7555 55.0682 2.4736 0.784 55.0752 2.3772 0.7845 55.088 2.37 0.755 55.0817 2.3662 0.7665 55.0742 2.378 0.7668 55.0761 2.3869 0.7208 55.0596 2.3646 0.6966 55.1498 2.3538 0.7203 55.1092 2.3524 0.7142 55.0249 2.4464 0.7102 55.0203 2.5203 0.7278 55.1048 2.6053 0.8234 55.0155 2.6077 0.7512 55.0559 2.6057 0.7539 55.0538 2.6078 0.6249 55.2573 2.4026 0.6239 55.2442 2.3984 0.7308 55.044 2.5965 0.8934 54.9861 2.4793 0.7342 55.0728 2.5386 0.8335 55.0443 2.439 0.6901 54.9958 2.4142 0.7501 55.0569 2.6015 0.6146 55.0301 2.5187 0.9004 55.1783 2.4457 0.6966 55.261 2.3829 0.736 55.071 2.5459 0.7616 55.0485 2.6008 0.6538 55.0851 2.37 0.8139 55.0945 2.3745 0.9067 55.0433 2.5207 0.8449 55.2967 2.45 0.8953 55.2763 2.5439 0.6037 55.2187 2.514 0.632 55.2129 2.5424 0.6021 55.2007 2.5143 0.8181 55.0169 2.6112 0.8841 54.9812 2.4793 0.8516 55.2273 2.6028 0.6087 55.2752 2.5134 0.6554 55.2688 2.3896 0.696 55.275 2.389 0.8906 55.2899 2.548 0.8984 55.3007 2.5192 0.7335 55.2394 2.5896 0.6825 55.254 2.5633 0.6794 55.2406 2.5662 0.7356 55.2508 2.5871 0.627 55.2706 2.4084 0.8152 55.2279 2.6117 0.7816 55.2399 2.6069 0.7779 55.2267 2.6067 0.8163 55.2461 2.6122 0.6387 55.1509 2.5502 0.5991 55.1437 2.513 0.5964 55.1478 2.411 0.6259 55.1884 2.3896 0.6263 55.1451 2.3837 0.5947 55.1897 2.4158 0.8585 55.142 2.3952 0.8131 55.1377 2.3768 0.6458 54.9888 2.4502 0.6762 55.168 2.5701 0.6758 55.2209 2.5679 0.6019 55.0843 2.5142 0.6437 55.0901 2.5516 0.6045 55.03 2.4768 0.5852 55.0834 2.4733 0.5769 55.1495 2.4719 0.6051 55.0865 2.415 0.6526 55.1428 2.367 0.8845 55.1013 2.5779 0.8828 55.1658 2.5823 0.9112 55.1659 2.5396 0.9141 55.1658 2.4931 0.9004 55.1255 2.4352 0.7976 55.2563 2.4179 0.8016 55.1946 2.394 0.7672 55.2393 2.4004 0.7718 55.2789 2.4199 0.8012 55.2923 2.436 0.7174 55.2628 2.3924 0.7399 55.2665 2.4032 0.9127 55.0953 2.5272 0.8463 55.1612 2.6086 0.9127 55.1069 2.48 0.6291 55.0854 2.3881 0.6194 55.0321 2.4223 0.5791 55.1911 2.4737 0.7323 55.1822 2.5928 0.7322 55.2302 2.5902 0.5958 55.2315 2.423 0.6023 55.258 2.4299 0.6384 55.2499 2.544 0.6413 55.2612 2.5429 0.8487 55.2638 2.6048 0.817 55.2605 2.6107 0.8764 55.2799 2.5772 0.7994 55.3062 2.4417 0.8444 55.3105 2.4564 0.7358 55.2782 2.4075 0.7682 55.2917 2.4248 0.7167 55.2766 2.3986 0.8855 55.3018 2.4736 0.6063 55.272 2.4336 0.7809 55.2533 2.604 0.6765 55.1022 2.5755 0.6485 55.0417 2.3896'/>
          </IndexedFaceSet>
        </Shape>
        <Shape DEF='rcenincc'>
          <Appearance>
            <PhysicalMaterial baseColor='1 0.9843 0.9843' metallic='0' roughness='0.72'/>
          </Appearance>
          <IndexedFaceSet DEF='rcenincc_Geo' coordIndex='0 1 2 -1 3 4 5 -1 3 6 7 -1 8 9 10 -1 11 12 13 -1 14 15 16 -1 17 18 19 -1 20 21 22 -1 23 24 25 -1 26 27 28 -1 29 30 31 -1 32 33 34 -1 28 35 26 -1 36 37 38 -1 39 40 41 -1 42 43 44 -1 45 46 47 -1 48 49 50 -1 36 51 52 -1 53 54 55 -1 56 57 58 -1 59 60 31 -1 61 62 63 -1 64 65 66 -1 67 56 58 -1 68 69 70 -1 71 72 73 -1 9 8 74 -1 75 76 77 -1 78 79 1 -1 80 62 81 -1 82 8 83 -1 79 84 1 -1 72 79 85 -1 86 81 87 -1 88 89 71 -1 34 90 91 -1 92 93 87 -1 94 75 95 -1 96 97 89 -1 9 98 46 -1 99 68 100 -1 68 70 100 -1 101 99 100 -1 102 103 104 -1 105 106 62 -1 107 20 54 -1 47 46 108 -1 109 11 110 -1 71 73 111 -1 92 112 93 -1 113 114 115 -1 116 117 60 -1 14 28 118 -1 29 31 60 -1 113 23 25 -1 119 120 121 -1 122 121 113 -1 18 111 19 -1 15 123 16 -1 12 41 13 -1 124 125 126 -1 127 61 63 -1 128 7 6 -1 129 130 2 -1 131 0 2 -1 131 2 130 -1 9 132 10 -1 128 133 7 -1 63 134 127 -1 124 44 125 -1 135 44 124 -1 136 52 137 -1 138 139 140 -1 122 113 25 -1 119 121 122 -1 24 104 25 -1 118 141 142 -1 15 118 143 -1 15 14 118 -1 116 60 59 -1 23 113 115 -1 112 144 93 -1 111 145 71 -1 146 6 3 -1 147 5 148 -1 43 149 125 -1 149 150 125 -1 109 53 11 -1 151 45 47 -1 151 152 45 -1 53 107 54 -1 102 55 103 -1 6 146 128 -1 105 62 61 -1 116 102 104 -1 101 95 77 -1 100 153 101 -1 72 71 89 -1 95 101 154 -1 89 88 96 -1 62 87 81 -1 91 155 34 -1 71 145 88 -1 87 85 86 -1 84 156 1 -1 82 74 8 -1 157 129 156 -1 158 159 160 -1 72 84 79 -1 144 161 93 -1 80 63 62 -1 75 77 95 -1 9 74 98 -1 162 26 35 -1 162 38 26 -1 152 132 45 -1 72 163 73 -1 69 164 70 -1 67 58 32 -1 64 66 165 -1 166 59 31 -1 167 36 52 -1 48 168 49 -1 169 108 46 -1 43 125 44 -1 102 39 41 -1 36 38 162 -1 34 67 32 -1 114 32 58 -1 29 170 30 -1 141 153 142 -1 20 22 54 -1 163 138 140 -1 171 136 137 -1 171 172 49 -1 171 137 172 -1 173 135 124 -1 174 8 10 -1 3 7 175 -1 61 176 105 -1 61 127 176 -1 8 177 83 -1 174 177 8 -1 175 4 3 -1 178 4 175 -1 4 179 5 -1 180 179 4 -1 181 126 182 -1 183 126 181 -1 41 184 13 -1 40 184 41 -1 185 49 172 -1 49 185 50 -1 186 14 16 -1 14 186 187 -1 73 19 111 -1 73 188 19 -1 55 122 103 -1 55 119 122 -1 189 20 143 -1 189 21 20 -1 154 118 28 -1 141 118 154 -1 115 24 23 -1 24 115 117 -1 155 112 190 -1 112 155 144 -1 191 146 147 -1 146 191 192 -1 193 181 194 -1 193 183 181 -1 195 5 179 -1 5 195 148 -1 53 196 107 -1 53 109 196 -1 42 108 169 -1 42 195 108 -1 136 169 46 -1 136 171 169 -1 187 162 35 -1 162 187 197 -1 30 198 199 -1 30 170 198 -1 33 200 201 -1 33 202 200 -1 101 66 99 -1 101 77 66 -1 202 120 200 -1 202 121 120 -1 84 203 156 -1 84 97 203 -1 98 167 46 -1 98 204 167 -1 26 205 27 -1 26 38 205 -1 205 158 94 -1 206 158 205 -1 76 88 165 -1 88 76 96 -1 112 207 190 -1 112 208 207 -1 90 17 91 -1 209 17 90 -1 17 209 18 -1 210 91 17 -1 161 91 210 -1 87 138 85 -1 93 138 87 -1 93 139 138 -1 85 78 86 -1 85 79 78 -1 211 82 159 -1 74 82 211 -1 157 83 129 -1 157 82 83 -1 0 78 1 -1 78 0 212 -1 206 159 158 -1 206 211 159 -1 139 161 210 -1 93 161 139 -1 145 209 64 -1 145 18 209 -1 111 18 145 -1 208 92 106 -1 92 208 112 -1 27 94 95 -1 94 27 205 -1 206 38 37 -1 205 38 206 -1 36 204 37 -1 167 204 36 -1 89 84 72 -1 97 84 89 -1 121 114 113 -1 202 114 121 -1 66 68 99 -1 66 65 68 -1 201 34 33 -1 34 201 90 -1 105 199 198 -1 105 213 199 -1 214 199 192 -1 199 214 30 -1 29 207 170 -1 207 29 56 -1 41 55 102 -1 41 12 55 -1 51 162 197 -1 36 162 51 -1 196 123 107 -1 196 215 123 -1 47 195 179 -1 108 195 47 -1 149 196 109 -1 196 149 48 -1 42 148 195 -1 42 135 148 -1 135 42 44 -1 183 191 173 -1 193 191 183 -1 166 39 59 -1 166 194 39 -1 3 147 146 -1 3 5 147 -1 187 28 14 -1 35 28 187 -1 101 141 154 -1 153 141 101 -1 142 143 118 -1 189 143 142 -1 70 22 21 -1 70 164 22 -1 188 17 19 -1 188 210 17 -1 215 16 123 -1 16 215 186 -1 197 172 51 -1 172 197 185 -1 13 110 11 -1 184 110 13 -1 182 125 150 -1 126 125 182 -1 177 129 83 -1 177 130 129 -1 134 80 216 -1 63 80 134 -1 217 180 218 -1 151 180 217 -1 129 1 156 -1 2 1 129 -1 219 128 213 -1 219 133 128 -1 212 220 221 -1 212 222 220 -1 178 180 4 -1 178 218 180 -1 150 184 182 -1 150 110 184 -1 52 172 137 -1 52 51 172 -1 185 187 186 -1 185 197 187 -1 140 210 188 -1 140 139 210 -1 164 119 22 -1 164 120 119 -1 100 21 189 -1 100 70 21 -1 58 115 114 -1 58 57 115 -1 33 114 202 -1 33 32 114 -1 192 193 214 -1 192 191 193 -1 40 194 181 -1 39 194 40 -1 169 43 42 -1 168 43 169 -1 169 49 168 -1 169 171 49 -1 167 136 46 -1 136 167 52 -1 170 208 198 -1 170 207 208 -1 30 166 31 -1 214 166 30 -1 64 223 65 -1 209 223 64 -1 69 201 200 -1 223 201 69 -1 200 164 69 -1 200 120 164 -1 203 158 160 -1 203 224 158 -1 45 9 46 -1 45 132 9 -1 74 204 98 -1 211 204 74 -1 75 96 76 -1 96 75 224 -1 165 77 76 -1 77 165 66 -1 56 190 207 -1 56 67 190 -1 91 144 155 -1 91 161 144 -1 221 78 212 -1 221 86 78 -1 138 72 85 -1 138 163 72 -1 157 159 82 -1 160 159 157 -1 81 221 80 -1 81 86 221 -1 88 64 165 -1 64 88 145 -1 190 34 155 -1 190 67 34 -1 106 87 62 -1 87 106 92 -1 224 94 158 -1 75 94 224 -1 224 97 96 -1 203 97 224 -1 37 211 206 -1 37 204 211 -1 160 156 203 -1 157 156 160 -1 68 223 69 -1 65 223 68 -1 223 90 201 -1 90 223 209 -1 107 143 20 -1 123 143 107 -1 123 15 143 -1 60 56 29 -1 57 56 60 -1 213 192 199 -1 213 146 192 -1 213 128 146 -1 198 106 105 -1 198 208 106 -1 55 11 53 -1 55 12 11 -1 215 48 50 -1 196 48 215 -1 179 151 47 -1 179 180 151 -1 48 43 168 -1 48 149 43 -1 150 109 110 -1 149 109 150 -1 147 173 191 -1 147 135 173 -1 147 148 135 -1 194 214 193 -1 214 194 166 -1 102 59 39 -1 59 102 116 -1 24 116 104 -1 116 24 117 -1 95 28 27 -1 95 154 28 -1 57 117 115 -1 57 60 117 -1 189 153 100 -1 189 142 153 -1 55 22 119 -1 54 22 55 -1 25 103 122 -1 103 25 104 -1 188 163 140 -1 163 188 73 -1 186 50 185 -1 50 186 215 -1 182 40 181 -1 182 184 40 -1 126 173 124 -1 173 126 183 -1 176 213 105 -1 219 213 176 -1 222 0 131 -1 212 0 222 -1 220 80 221 -1 80 220 216 -1 225 151 217 -1 152 151 225 -1 10 152 225 -1 152 10 132 -1' creaseAngle='1.571'>
            <Coordinate DEF='rcenincc_Coord' point='-0.1689 55.2191 3.0808 -0.173 55.1463 3.0822 -0.1991 55.1764 3.1349 -0.045 55.2144 3.3532 -0.0764 55.2494 3.3541 -0.0742 55.2122 3.3676 -0.0297 55.1869 3.3476 -0.0298 55.1993 3.34 -0.2363 55.17 3.2559 -0.2184 55.215 3.2879 -0.2151 55.2319 3.2837 -0.0956 54.8656 3.3509 -0.0826 54.8569 3.3454 -0.0812 54.8657 3.3536 -0.2384 54.8804 3.3099 -0.2215 54.8684 3.3114 -0.2221 54.8758 3.318 -0.1185 54.9854 3.2359 -0.1317 54.9746 3.2416 -0.1297 54.9855 3.2353 -0.185 54.8564 3.3173 -0.1838 54.848 3.305 -0.1283 54.8436 3.3208 -0.0097 54.8586 3.3212 -0.0089 54.8608 3.3298 -0.0144 54.8509 3.3291 -0.2709 54.9614 3.3009 -0.2716 54.9537 3.2857 -0.2684 54.89 3.2929 0.0013 54.9598 3.2959 0.0046 55.0281 3.3175 0.0017 54.9688 3.3261 -0.013 54.9028 3.2714 -0.0475 54.8999 3.2736 -0.0562 54.9438 3.2579 -0.2603 54.9509 3.3203 -0.235 55.0735 3.3354 -0.2623 55.0616 3.2994 -0.267 55.0213 3.3102 -0.0359 54.9203 3.3685 -0.068 54.9333 3.3643 -0.0651 54.8671 3.3549 -0.1231 55.1093 3.376 -0.1291 55.049 3.3788 -0.0948 55.1078 3.3779 -0.1844 55.2319 3.3306 -0.1928 55.1835 3.3376 -0.1509 55.2305 3.3484 -0.1772 55.0005 3.3556 -0.1973 55.0639 3.3454 -0.2044 55.0044 3.3489 -0.2167 55.0673 3.3377 -0.2069 55.118 3.336 -0.1328 54.8667 3.3413 -0.129 54.8541 3.3318 -0.0834 54.8523 3.3402 -0.0054 54.9443 3.2544 -0.0025 54.9006 3.2823 -0.0053 54.901 3.2721 -0.0104 54.907 3.3531 0.0003 54.905 3.3281 -0.0275 55.1542 3.1612 -0.054 55.1407 3.1019 -0.0512 55.199 3.1003 -0.1707 54.9464 3.2494 -0.1731 54.9027 3.2586 -0.2098 54.9049 3.2415 -0.0208 54.9482 3.2445 -0.1768 54.8604 3.2779 -0.1308 54.853 3.2907 -0.1809 54.8531 3.2899 -0.1553 55.0171 3.1779 -0.1401 55.0674 3.1267 -0.1351 55.0216 3.1895 -0.2393 55.1591 3.2559 -0.2678 54.9746 3.2191 -0.2425 54.954 3.2086 -0.2498 54.9106 3.2314 -0.134 55.1639 3.0561 -0.1374 55.1164 3.0771 -0.062 55.2005 3.0775 -0.0754 55.1544 3.0755 -0.2296 55.1441 3.2025 -0.2288 55.1511 3.2007 -0.1794 55.0783 3.1218 -0.1069 55.1151 3.0755 -0.0985 55.1614 3.0555 -0.0791 55.1069 3.0895 -0.2011 54.9858 3.2016 -0.1899 55.0179 3.1702 -0.0905 54.9466 3.2582 -0.0841 54.9852 3.2382 -0.0544 55.0504 3.1378 -0.0862 55.0664 3.1314 -0.2736 54.9837 3.2342 -0.2722 54.9334 3.2457 -0.2294 54.994 3.1898 -0.2156 55.039 3.16 -0.2334 55.1767 3.3007 -0.2145 54.8636 3.2654 -0.2163 54.8592 3.276 -0.2628 54.8758 3.2548 -0.0373 54.8702 3.3554 -0.0426 54.8553 3.3425 -0.0123 54.8601 3.3384 -0.0173 55.0959 3.2153 -0.0263 55.0694 3.1622 -0.1834 54.8662 3.3299 -0.1552 55.1806 3.3562 -0.1341 54.9415 3.3646 -0.0899 54.9321 3.3621 -0.1407 54.9844 3.2332 -0.0355 55.0231 3.1836 -0.0114 54.8475 3.3133 -0.0132 54.85 3.2979 -0.0065 54.8682 3.3155 -0.0101 54.8736 3.3446 -0.0056 54.8729 3.3292 -0.2669 54.879 3.2891 -0.0828 54.8406 3.3285 -0.0812 54.8446 3.3114 -0.0453 54.8416 3.3134 -0.0464 54.8428 3.3309 -0.2078 54.8718 3.3231 -0.0839 55.1047 3.3795 -0.0936 55.043 3.3725 -0.0827 55.043 3.3721 -0.0255 55.1617 3.1758 -0.0173 55.1419 3.3349 -0.2075 55.1658 3.1511 -0.2044 55.1813 3.1526 -0.1683 55.2343 3.0825 -0.2092 55.2302 3.2944 -0.0152 55.1385 3.3178 -0.0499 55.2138 3.1019 -0.0848 55.1175 3.3786 -0.1963 55.1303 3.3398 -0.1972 55.1174 3.3404 -0.1091 55.0821 3.1154 -0.102 55.0711 3.1271 -0.1099 55.0734 3.1249 -0.2675 54.8802 3.2745 -0.2657 54.8715 3.2794 -0.2209 54.864 3.3065 -0.0675 55.0223 3.1883 -0.1655 54.9821 3.2286 -0.0198 55.1425 3.3573 -0.0562 55.1589 3.3736 -0.0827 55.1677 3.3752 -0.1343 54.996 3.3717 -0.0923 54.9878 3.3705 -0.1506 55.2767 3.3338 -0.181 55.2675 3.3149 -0.2642 54.8734 3.2652 -0.2688 54.8865 3.271 -0.0596 54.9871 3.2281 -0.2045 55.0986 3.1327 -0.2193 55.1276 3.1737 -0.2606 55.036 3.218 -0.2482 55.0845 3.215 -0.2423 55.0795 3.1969 -0.0825 55.022 3.1905 -0.2463 55.0138 3.3333 -0.1199 55.0714 3.1255 -0.126 54.8481 3.3057 -0.2095 54.9395 3.2245 -0.0059 54.9741 3.3606 -0.2262 55.1192 3.3273 -0.1736 55.054 3.3585 -0.1693 55.109 3.3596 -0.002 55.0104 3.2744 -0.1879 55.1146 3.3468 -0.2075 55.0656 3.3405 -0.0729 55.1016 3.3791 -0.231 55.1843 3.2506 -0.0448 55.2299 3.3481 -0.0175 55.1103 3.2236 -0.2237 55.1679 3.1981 -0.0741 55.2627 3.3484 -0.1195 55.2376 3.3598 -0.1211 55.2753 3.3501 -0.0705 54.989 3.3717 -0.0814 54.9884 3.3702 -0.0718 55.043 3.373 -0.0789 54.9327 3.3629 -0.2151 55.0058 3.3455 -0.2211 54.9468 3.3393 -0.2314 54.948 3.334 -0.1243 55.0222 3.1927 -0.2197 54.8555 3.293 -0.0254 54.9846 3.2211 -0.0462 55.0941 3.3781 -0.0129 55.0925 3.3569 -0.0368 55.0417 3.3767 -0.0361 54.9751 3.3756 -0.12 55.1756 3.3712 -0.1809 54.9436 3.3492 -0.2241 55.0069 3.3422 -0.0036 55.0558 3.2479 0.001 55.084 3.3051 -0.085 54.8491 3.2967 -0.0868 54.9032 3.274 -0.0469 54.8457 3.2968 -0.2364 55.0512 3.1694 -0.2509 55.1201 3.293 -0.2709 55.0087 3.2733 -0.264 55.0525 3.2673 -0.0092 54.9934 3.235 -0.0153 55.0292 3.2014 -0.1332 54.9458 3.2586 -0.113 55.021 3.1946 -0.2556 55.0985 3.2615 -0.132 55.2067 3.0533 -0.0031 55.103 3.3016 -0.005 55.0335 3.3564 -0.2103 54.9457 3.3421 -0.0618 55.2153 3.0769 -0.1493 55.2899 3.3287 -0.1182 55.2885 3.3454 -0.0065 55.1132 3.2975 -0.096 55.2154 3.0531 -0.0967 55.2008 3.0531 -0.1304 55.2212 3.0533 -0.1336 54.9036 3.2676 -0.2518 55.0114 3.1965 -0.1808 55.2805 3.3082'/>
          </IndexedFaceSet>
        </Shape>
        <Shape DEF='rlatincc'>
          <Appearance>
            <PhysicalMaterial baseColor='1 0.9843 0.9843' metallic='0' roughness='0.72'/>
          </Appearance>
          <IndexedFaceSet DEF='rlatincc_Geo' coordIndex='0 1 2 -1 3 4 5 -1 6 7 8 -1 9 10 11 -1 12 13 7 -1 14 15 16 -1 17 18 19 -1 20 21 22 -1 23 24 25 -1 26 27 2 -1 28 29 30 -1 31 32 33 -1 34 35 36 -1 37 3 6 -1 38 39 40 -1 41 42 25 -1 43 44 45 -1 26 46 27 -1 47 48 49 -1 50 51 33 -1 41 52 53 -1 28 54 53 -1 55 56 57 -1 58 59 60 -1 61 62 63 -1 64 65 66 -1 55 67 37 -1 68 69 70 -1 70 71 72 -1 72 55 70 -1 73 74 75 -1 66 65 76 -1 75 77 13 -1 78 45 79 -1 14 80 15 -1 39 81 82 -1 59 83 84 -1 85 86 87 -1 83 59 88 -1 89 90 91 -1 92 93 94 -1 95 76 96 -1 96 97 98 -1 99 30 29 -1 94 100 18 -1 101 102 103 -1 102 104 103 -1 105 106 107 -1 108 22 109 -1 110 47 111 -1 60 112 113 -1 91 90 114 -1 81 115 14 -1 116 117 118 -1 119 77 120 -1 26 121 122 -1 123 95 50 -1 76 123 124 -1 57 56 84 -1 56 125 84 -1 76 95 123 -1 69 126 127 -1 89 128 129 -1 130 131 132 -1 55 57 70 -1 124 66 76 -1 133 132 134 -1 45 44 0 -1 117 40 133 -1 118 133 134 -1 135 37 136 -1 122 35 34 -1 26 2 1 -1 25 24 137 -1 138 139 140 -1 100 141 19 -1 142 14 16 -1 143 8 7 -1 144 36 11 -1 75 120 77 -1 75 145 120 -1 31 146 46 -1 147 148 149 -1 150 151 152 -1 153 154 155 -1 156 157 158 -1 159 160 126 -1 154 153 64 -1 158 157 161 -1 149 97 147 -1 64 162 154 -1 160 163 126 -1 158 164 156 -1 155 148 153 -1 46 122 31 -1 165 137 0 -1 35 122 121 -1 3 166 4 -1 132 131 134 -1 167 105 168 -1 100 19 18 -1 104 17 19 -1 137 165 25 -1 1 121 26 -1 169 170 29 -1 122 34 32 -1 32 31 122 -1 135 56 37 -1 118 117 133 -1 171 172 173 -1 0 137 45 -1 146 52 174 -1 41 174 52 -1 175 176 177 -1 93 60 131 -1 114 58 93 -1 161 89 129 -1 178 9 1 -1 126 179 127 -1 37 6 8 -1 69 127 70 -1 180 112 135 -1 180 113 112 -1 181 182 183 -1 184 144 185 -1 123 50 186 -1 9 178 187 -1 26 122 46 -1 120 171 119 -1 118 188 116 -1 91 114 92 -1 60 113 131 -1 76 147 96 -1 169 28 53 -1 30 108 109 -1 189 190 191 -1 92 94 18 -1 192 105 167 -1 53 54 42 -1 96 147 97 -1 96 193 95 -1 113 134 131 -1 92 114 93 -1 89 194 90 -1 84 125 59 -1 81 195 82 -1 78 79 196 -1 123 184 197 -1 72 67 55 -1 136 143 198 -1 64 153 65 -1 61 199 62 -1 60 93 58 -1 55 37 56 -1 71 70 127 -1 28 200 54 -1 118 134 188 -1 50 201 51 -1 47 49 202 -1 43 45 78 -1 171 120 172 -1 41 53 42 -1 117 38 40 -1 203 188 134 -1 37 67 3 -1 204 180 135 -1 184 123 186 -1 28 169 29 -1 23 25 42 -1 21 109 22 -1 139 205 140 -1 105 107 168 -1 204 198 119 -1 206 207 208 -1 6 5 7 -1 5 6 3 -1 0 178 1 -1 65 153 148 -1 209 210 211 -1 62 212 87 -1 213 152 151 -1 212 214 215 -1 212 62 214 -1 64 216 162 -1 64 179 216 -1 217 157 156 -1 217 199 157 -1 218 219 220 -1 218 211 219 -1 148 221 149 -1 148 155 221 -1 222 223 224 -1 223 222 225 -1 226 149 221 -1 226 97 149 -1 227 211 218 -1 227 209 211 -1 27 174 165 -1 46 174 27 -1 146 174 46 -1 173 180 204 -1 203 180 173 -1 11 177 228 -1 177 11 10 -1 166 208 4 -1 206 208 166 -1 229 168 107 -1 168 229 230 -1 231 142 16 -1 231 232 142 -1 233 103 141 -1 233 234 103 -1 235 236 237 -1 235 238 236 -1 135 198 204 -1 135 136 198 -1 72 206 166 -1 72 239 206 -1 115 196 79 -1 196 115 81 -1 48 97 213 -1 48 98 97 -1 124 127 66 -1 124 71 127 -1 240 181 175 -1 181 240 73 -1 58 88 59 -1 58 241 88 -1 158 129 224 -1 158 161 129 -1 69 159 126 -1 69 85 159 -1 186 34 184 -1 186 32 34 -1 175 10 240 -1 175 177 10 -1 43 75 74 -1 75 43 145 -1 116 38 117 -1 116 242 38 -1 146 243 52 -1 31 243 146 -1 49 213 151 -1 213 49 48 -1 238 108 244 -1 108 238 22 -1 235 167 20 -1 167 235 192 -1 21 245 246 -1 21 247 245 -1 224 248 222 -1 248 224 129 -1 249 250 251 -1 250 249 252 -1 253 132 138 -1 130 132 253 -1 189 254 237 -1 189 191 254 -1 232 195 142 -1 255 195 232 -1 254 252 192 -1 254 250 252 -1 256 205 82 -1 256 234 205 -1 106 249 102 -1 252 249 106 -1 256 103 234 -1 256 101 103 -1 251 129 128 -1 248 129 251 -1 91 17 257 -1 92 17 91 -1 17 92 18 -1 247 20 167 -1 21 20 247 -1 238 150 236 -1 244 150 238 -1 108 49 244 -1 108 202 49 -1 111 51 201 -1 111 170 51 -1 59 112 60 -1 59 125 112 -1 199 194 157 -1 199 61 194 -1 85 212 159 -1 212 85 87 -1 82 40 39 -1 205 40 82 -1 139 40 205 -1 45 24 79 -1 45 137 24 -1 240 9 187 -1 240 10 9 -1 73 187 74 -1 187 73 240 -1 71 239 72 -1 124 239 71 -1 203 113 180 -1 134 113 203 -1 209 236 150 -1 227 236 209 -1 171 204 119 -1 171 173 204 -1 241 63 88 -1 241 61 63 -1 182 73 12 -1 181 73 182 -1 98 47 110 -1 48 47 98 -1 111 202 99 -1 111 47 202 -1 78 145 43 -1 145 78 242 -1 79 23 115 -1 79 24 23 -1 207 239 197 -1 207 206 239 -1 197 124 123 -1 197 239 124 -1 243 33 51 -1 243 31 33 -1 80 42 54 -1 80 23 42 -1 235 22 238 -1 235 20 22 -1 233 138 140 -1 138 233 253 -1 15 231 16 -1 245 231 15 -1 230 167 168 -1 167 230 247 -1 13 119 7 -1 13 77 119 -1 183 5 4 -1 183 182 5 -1 228 176 208 -1 228 177 176 -1 11 35 121 -1 11 36 35 -1 2 165 0 -1 165 2 27 -1 152 258 259 -1 152 213 258 -1 211 260 219 -1 211 210 260 -1 224 164 158 -1 223 164 224 -1 159 215 160 -1 215 159 212 -1 261 262 263 -1 261 190 262 -1 226 213 97 -1 213 226 258 -1 189 218 190 -1 189 227 218 -1 152 209 150 -1 152 210 209 -1 65 147 76 -1 147 65 148 -1 188 172 116 -1 188 173 172 -1 188 203 173 -1 228 144 11 -1 228 185 144 -1 176 4 208 -1 176 183 4 -1 5 12 7 -1 5 182 12 -1 247 231 245 -1 247 230 231 -1 253 141 100 -1 253 233 141 -1 227 237 236 -1 189 237 227 -1 21 200 109 -1 21 246 200 -1 34 144 184 -1 36 144 34 -1 166 67 72 -1 166 3 67 -1 38 81 39 -1 38 196 81 -1 52 169 53 -1 52 243 169 -1 193 50 95 -1 50 193 201 -1 179 66 127 -1 64 66 179 -1 63 87 86 -1 63 62 87 -1 254 264 250 -1 264 254 191 -1 74 44 43 -1 74 187 44 -1 196 242 78 -1 242 196 38 -1 142 81 14 -1 142 195 81 -1 84 86 68 -1 86 84 83 -1 157 89 161 -1 157 194 89 -1 86 88 63 -1 86 83 88 -1 193 98 110 -1 193 96 98 -1 151 244 49 -1 151 150 244 -1 192 237 254 -1 237 192 235 -1 80 245 15 -1 80 246 245 -1 100 130 253 -1 94 130 100 -1 257 102 249 -1 17 102 257 -1 17 104 102 -1 248 250 264 -1 248 251 250 -1 101 255 265 -1 101 256 255 -1 107 265 229 -1 106 265 107 -1 255 229 265 -1 255 232 229 -1 105 252 106 -1 105 192 252 -1 255 82 195 -1 255 256 82 -1 102 265 106 -1 102 101 265 -1 222 264 261 -1 222 248 264 -1 249 128 257 -1 251 128 249 -1 257 89 91 -1 128 89 257 -1 28 109 200 -1 30 109 28 -1 99 108 30 -1 202 108 99 -1 110 201 193 -1 201 110 111 -1 61 90 194 -1 61 241 90 -1 68 85 69 -1 85 68 86 -1 14 23 80 -1 14 115 23 -1 41 165 174 -1 165 41 25 -1 187 0 44 -1 187 178 0 -1 50 32 186 -1 50 33 32 -1 13 73 75 -1 13 12 73 -1 183 175 181 -1 175 183 176 -1 135 125 56 -1 135 112 125 -1 57 68 70 -1 84 68 57 -1 139 133 40 -1 138 133 139 -1 133 138 132 -1 264 190 261 -1 264 191 190 -1 241 114 90 -1 114 241 58 -1 93 130 94 -1 130 93 131 -1 8 136 37 -1 8 143 136 -1 99 170 111 -1 99 29 170 -1 185 197 184 -1 197 185 207 -1 243 170 169 -1 243 51 170 -1 200 80 54 -1 246 80 200 -1 234 140 205 -1 140 234 233 -1 19 103 104 -1 141 103 19 -1 230 232 231 -1 230 229 232 -1 198 7 119 -1 143 7 198 -1 207 228 208 -1 185 228 207 -1 121 9 11 -1 9 121 1 -1 172 242 116 -1 120 242 172 -1 145 242 120 -1 220 190 218 -1 220 262 190 -1 217 62 199 -1 217 214 62 -1 259 210 152 -1 210 259 260 -1 225 261 263 -1 222 261 225 -1 179 163 216 -1 179 126 163 -1' creaseAngle='1.571'>
            <Coordinate DEF='rlatincc_Coord' point='-0.33 54.9076 3.2215 -0.3071 54.9556 3.2029 -0.3168 54.9101 3.2223 -0.3428 55.0715 3.1045 -0.3403 55.0738 3.1091 -0.3681 55.0334 3.1165 -0.37 55.0338 3.1118 -0.3898 54.9953 3.1197 -0.3867 55.0055 3.1148 -0.3093 54.9836 3.1914 -0.3104 54.9932 3.186 -0.3065 54.9938 3.1889 -0.3862 54.9952 3.1231 -0.3919 54.9877 3.125 -0.374 54.895 3.2411 -0.3673 54.9014 3.2478 -0.3753 54.8993 3.2432 -0.4539 55.0652 3.1939 -0.4594 55.0558 3.1848 -0.4555 55.0559 3.194 -0.3466 55.0575 3.283 -0.3439 55.0023 3.2801 -0.3274 55.0583 3.276 -0.3376 54.8954 3.252 -0.3354 54.8887 3.2381 -0.3197 54.8894 3.2444 -0.3132 54.9108 3.2225 -0.3143 54.907 3.2252 -0.3026 54.9599 3.2695 -0.282 54.993 3.2541 -0.3044 55.0061 3.2742 -0.2807 54.952 3.2154 -0.2765 54.9806 3.1982 -0.2701 54.978 3.2058 -0.2964 54.9837 3.1969 -0.2993 54.9656 3.2025 -0.3031 54.9904 3.1916 -0.3804 55.0257 3.1049 -0.4258 54.8885 3.1865 -0.4333 54.8965 3.1971 -0.4537 54.9024 3.1694 -0.2955 54.8963 3.2475 -0.3215 54.8982 3.255 -0.3897 54.9036 3.1895 -0.3603 54.9034 3.2098 -0.3623 54.893 3.2165 -0.3091 54.9115 3.2229 -0.2723 55.0583 3.2376 -0.2747 55.1005 3.2275 -0.2838 55.1069 3.2452 -0.2568 55.0107 3.194 -0.2715 54.988 3.2331 -0.2916 54.9127 3.2469 -0.2964 54.9088 3.2542 -0.3191 54.9098 3.2624 -0.3582 55.0573 3.0755 -0.3977 55.0175 3.0744 -0.3713 55.0548 3.0665 -0.4643 55.0491 3.112 -0.4507 55.0352 3.093 -0.4667 54.9972 3.1112 -0.4363 55.1295 3.1084 -0.4113 55.1525 3.0847 -0.4203 55.1183 3.0852 -0.2617 55.1676 3.0363 -0.2398 55.1461 3.0748 -0.2674 55.1372 3.0418 -0.3509 55.0641 3.0892 -0.3621 55.0949 3.0437 -0.3218 55.1331 3.022 -0.3373 55.0926 3.0476 -0.308 55.0979 3.0588 -0.3261 55.0855 3.0873 -0.3616 54.9942 3.1464 -0.373 54.9543 3.1662 -0.4005 54.9561 3.1468 -0.2448 55.1057 3.1085 -0.416 54.9543 3.1321 -0.3961 54.8942 3.1968 -0.3666 54.8837 3.2231 -0.3387 54.9089 3.2631 -0.4076 54.8931 3.2203 -0.4371 54.9088 3.2041 -0.4313 55.0655 3.0818 -0.3988 55.0592 3.0627 -0.3617 55.1395 3.0394 -0.4016 55.1067 3.0631 -0.3894 55.1478 3.0627 -0.4382 55.0723 3.09 -0.4494 55.1569 3.1637 -0.4595 55.0955 3.125 -0.4631 55.1008 3.1593 -0.4698 55.0558 3.1567 -0.4743 55 3.125 -0.4759 55.0088 3.1546 -0.2485 55.0532 3.1689 -0.2517 55.0933 3.1763 -0.2632 55.1324 3.187 -0.2624 55.0951 3.2028 -0.2802 55.01 3.2541 -0.4598 55.0066 3.1784 -0.441 55.0067 3.2216 -0.4394 55.0588 3.2225 -0.4507 55.0057 3.196 -0.4508 55.0567 3.203 -0.3765 55.0683 3.2677 -0.413 55.0616 3.2517 -0.3863 55.0595 3.2646 -0.3081 55.0592 3.2691 -0.3242 55.0042 3.2771 -0.2674 55.0545 3.2236 -0.2727 55.0115 3.2436 -0.4492 54.9924 3.0892 -0.4685 54.9503 3.1129 -0.4713 55.0546 3.1287 -0.3708 54.8883 3.2356 -0.4443 54.904 3.1522 -0.4512 54.8964 3.1616 -0.4725 54.9139 3.1304 -0.4197 54.9539 3.1285 -0.4356 54.9137 3.1495 -0.3028 54.9563 3.2046 -0.2988 54.9553 3.2066 -0.2663 55.0579 3.1423 -0.2853 55.0958 3.0786 -0.432 55.0249 3.0748 -0.3077 55.1695 3.0208 -0.2892 55.1377 3.0292 -0.4387 55.1611 3.1905 -0.4295 55.2014 3.1889 -0.4777 54.9621 3.1481 -0.4762 54.9558 3.1313 -0.4772 54.9256 3.1458 -0.4774 54.918 3.1395 -0.4732 54.929 3.1255 -0.4225 54.9822 3.0901 -0.4006 54.991 3.1099 -0.3326 54.898 3.2304 -0.4607 54.9182 3.1695 -0.4548 54.9113 3.1748 -0.4548 54.9157 3.1771 -0.4542 55.0062 3.1865 -0.3834 54.9015 3.2389 -0.3934 54.9939 3.1164 -0.3018 55.0021 3.1837 -0.414 54.9067 3.1703 -0.2892 54.9148 3.2247 -0.2552 55.1283 3.1528 -0.2429 55.1613 3.0878 -0.2531 55.1416 3.1455 -0.3178 55.1518 3.2574 -0.2864 55.1511 3.2351 -0.2879 55.1653 3.2317 -0.2432 55.1672 3.0683 -0.2424 55.1819 3.0679 -0.2458 55.1694 3.1071 -0.4276 55.1919 3.1399 -0.4334 55.1765 3.1399 -0.4296 55.209 3.1703 -0.3532 55.1613 3.0378 -0.3477 55.1769 3.0373 -0.4337 55.1957 3.1681 -0.259 55.1823 3.0326 -0.3067 55.1839 3.0195 -0.4251 55.2261 3.1694 -0.3173 54.896 3.233 -0.3379 55.0758 3.1054 -0.3697 55.0585 3.2724 -0.3781 55.0589 3.2686 -0.2873 54.9553 3.2517 -0.2773 54.9898 3.2477 -0.4387 54.9148 3.1465 -0.4399 54.9125 3.1477 -0.4413 54.9163 3.144 -0.293 54.9013 3.2359 -0.3215 55.0325 3.1508 -0.3144 55.0672 3.126 -0.3097 55.0312 3.1595 -0.3176 54.9541 3.1988 -0.2842 55.1691 3.0221 -0.4446 54.9537 3.1108 -0.3513 55.0321 3.1317 -0.3652 55.032 3.12 -0.3391 55.0697 3.113 -0.2878 55.0273 3.1679 -0.3011 55.0331 3.1615 -0.2712 55.0161 3.177 -0.3419 54.9527 3.1866 -0.4668 54.9213 3.1268 -0.3604 55.1984 3.2527 -0.358 55.2553 3.2362 -0.3709 55.199 3.2485 -0.3723 55.108 3.2704 -0.2576 55.0539 3.2032 -0.4433 55.1444 3.1305 -0.4075 54.9076 3.2275 -0.4032 54.8865 3.2059 -0.2884 55.0645 3.1338 -0.4133 54.9663 3.1223 -0.4264 55.1565 3.1094 -0.3248 54.9571 3.2726 -0.2654 55.0113 3.2274 -0.2806 55.0593 3.2489 -0.4623 54.9287 3.124 -0.4235 54.9539 3.1258 -0.4498 54.9136 3.1854 -0.3085 55.0732 3.1215 -0.3058 55.0696 3.1271 -0.3106 55.071 3.1253 -0.3253 55.1996 3.2411 -0.3166 55.2003 3.2365 -0.3252 55.2107 3.2371 -0.3861 55.1565 3.0615 -0.2742 55.1415 3.2148 -0.4072 55.1666 3.0852 -0.3816 55.1718 3.0628 -0.2819 55.1841 3.019 -0.421 55.1713 3.1102 -0.3419 55.2361 3.2371 -0.3245 55.2275 3.2297 -0.3417 55.2521 3.2315 -0.2502 55.1613 3.1301 -0.4048 55.2584 3.2057 -0.4179 55.2474 3.1804 -0.422 55.2328 3.1858 -0.4039 55.271 3.1988 -0.2647 55.1465 3.1843 -0.3427 55.1993 3.2477 -0.3056 55.0327 3.1612 -0.385 55.0018 3.2598 -0.3768 55.0016 3.264 -0.3782 54.9554 3.2551 -0.3861 54.9558 3.2505 -0.4554 54.9597 3.1811 -0.4513 54.9593 3.1903 -0.348 55.1082 3.2784 -0.3355 55.1552 3.2612 -0.3531 55.1585 3.265 -0.3277 55.11 3.2707 -0.2981 55.0839 3.1023 -0.3309 54.9901 3.1708 -0.4496 55.084 3.1063 -0.4196 54.8967 3.1776 -0.2815 54.954 3.241 -0.3124 55.1124 3.2643 -0.3699 54.955 3.259 -0.3417 54.9549 3.275 -0.3685 55.0013 3.2679 -0.4201 55.1998 3.2097 -0.4325 55.1166 3.2215 -0.4026 55.1591 3.2458 -0.427 55.1639 3.2159 -0.4052 55.1152 3.2533 -0.4613 54.9599 3.1733 -0.3754 55.16 3.2591 -0.4142 54.9604 3.2359 -0.4408 54.9605 3.211 -0.4471 55.1118 3.1935 -0.2738 55.1543 3.2081 -0.2902 55.1842 3.2251 -0.3011 55.1981 3.2271 -0.3898 55.2673 3.2214 -0.3554 55.2683 3.2319 -0.3876 55.2804 3.2171 -0.3979 55.2006 3.2377 -0.4158 55.0085 3.2467'/>
          </IndexedFaceSet>
        </Shape>
      </Group>
    </Transform>
  </Scene>
</X3D>