<?xml version="1.0" encoding="UTF-8"?>
<!DOCTYPE X3D PUBLIC "ISO//Web3D//DTD X3D 3.3//EN" "https://www.web3d.org/specifications/x3d-3.3.dtd">
<X3D profile='Interchange' version='3.3' xmlns:xsd='http://www.w3.org/2001/XMLSchema-instance' xsd:noNamespaceSchemaLocation='https://www.web3d.org/specifications/x3d-3.3.xsd'>
  <head>
    <meta content='BonesRightFoot.x3d' name='title'/>
    <meta content='Damon Hernandez, Joe Williams' name='creator'/>
    <meta content='Human bone model for Right Foot' name='description'/>
    <meta content='Joe Williams, Don Brutzman' name='translator'/>
    <meta content='5 December 2013' name='created'/>
    <meta content='2 March 2026' name='modified'/>
    <meta content='This model has no HAnim nodes, rather it is purely geometry' name='warning'/>
    <meta content='document unit conversions applied: approximation of inches to meters, which ordinarily is a scale factor of 0.0254' name='TODO'/>
    <meta content='X3D-Edit 4.0, https://www.web3d.org/x3d/tools/X3D-Edit' name='generator'/>
    <meta content='https://www.web3d.org/x3d/content/examples/HumanoidAnimation/Medical/BonesRightFoot.x3d' name='identifier'/>
    <meta content='../license.html' name='license'/>
  </head>
  <Scene>
    <WorldInfo title='BonesRightFoot.x3d'/>
    <NavigationInfo type='"EXAMINE" "LOOKAT" "ANY"'/>
    <Transform DEF='RightFootSkeletonParts' scale='0.029 0.029 0.029'>
      <Viewpoint DEF='feet' description='RightFoot' fieldOfView='0.785' position='-3 3 15'/>
      <Group DEF='RightFoot'>
        <!-- rtalus rcalc rcuboid rlcun rmcun rnaviclr [missingsomething] rfmet rmet2 rmet3 rmet4 rmet5 rfprox rfpprox2 rfpprox3 rfpprox4 rfpprox5 rfmphal rfmphal2 rfmphal3 rfmphal4 rfdphal rfdphal2 rfdphal3 rfdphal4 rfdphal5 -->
        <Shape DEF='rtalus'>
          <Appearance>
            <Material ambientIntensity='0.098' diffuseColor='1 0.9765 0.8667' emissiveColor='1 0 0' shininess='0.05' specularColor='0.349 0.349 0.349'/>
          </Appearance>
          <IndexedFaceSet DEF='rtalus_Geo' coordIndex='0 1 2 -1 3 4 5 -1 5 6 7 -1 8 9 10 -1 11 12 13 -1 12 14 15 -1 16 17 18 -1 19 20 21 -1 22 21 23 -1 23 18 22 -1 9 24 4 -1 8 24 9 -1 8 25 24 -1 26 27 28 -1 29 30 31 -1 29 32 30 -1 33 34 28 -1 35 30 2 -1 35 36 30 -1 37 38 39 -1 40 41 42 -1 43 44 45 -1 43 46 44 -1 47 48 49 -1 47 50 48 -1 51 52 53 -1 54 55 56 -1 54 57 55 -1 58 59 60 -1 61 62 63 -1 64 65 66 -1 67 68 69 -1 69 70 67 -1 71 64 66 -1 66 72 71 -1 73 74 75 -1 76 77 78 -1 79 80 81 -1 82 76 78 -1 82 83 76 -1 81 84 85 -1 81 86 84 -1 87 88 89 -1 90 54 91 -1 92 93 94 -1 93 95 94 -1 87 96 97 -1 97 98 87 -1 92 99 100 -1 92 94 99 -1 101 102 103 -1 104 105 106 -1 107 108 109 -1 110 111 112 -1 110 113 111 -1 111 114 115 -1 111 113 114 -1 116 117 118 -1 116 119 117 -1 120 121 122 -1 123 124 125 -1 124 126 125 -1 127 128 120 -1 120 129 127 -1 130 131 132 -1 133 134 135 -1 135 136 133 -1 137 138 139 -1 139 140 137 -1 141 114 113 -1 142 143 144 -1 145 146 147 -1 147 148 145 -1 146 149 150 -1 151 152 153 -1 154 60 155 -1 154 58 60 -1 156 157 158 -1 156 159 157 -1 160 161 162 -1 162 163 160 -1 55 159 150 -1 164 165 166 -1 165 167 166 -1 168 169 103 -1 168 170 169 -1 171 172 173 -1 174 175 26 -1 176 88 177 -1 178 157 57 -1 95 91 179 -1 180 130 181 -1 180 131 130 -1 41 182 42 -1 182 183 42 -1 184 185 183 -1 185 186 183 -1 187 188 189 -1 190 99 191 -1 190 192 99 -1 193 194 60 -1 195 58 160 -1 179 190 191 -1 196 197 198 -1 197 56 198 -1 199 145 148 -1 200 201 143 -1 193 143 194 -1 143 142 194 -1 159 202 150 -1 203 204 205 -1 203 206 204 -1 153 207 167 -1 207 208 167 -1 209 210 211 -1 209 212 210 -1 213 214 215 -1 213 216 214 -1 217 218 219 -1 218 220 219 -1 221 222 223 -1 223 224 221 -1 225 226 227 -1 225 228 226 -1 229 203 226 -1 226 228 229 -1 230 231 232 -1 232 233 230 -1 234 183 182 -1 235 43 45 -1 235 236 43 -1 109 108 237 -1 144 212 142 -1 212 209 142 -1 238 239 240 -1 241 242 243 -1 244 245 110 -1 244 246 245 -1 247 248 102 -1 249 247 237 -1 246 244 250 -1 250 101 246 -1 110 251 113 -1 110 245 251 -1 252 253 254 -1 141 255 256 -1 256 114 141 -1 104 106 257 -1 111 115 258 -1 161 154 253 -1 154 258 253 -1 104 257 190 -1 257 192 190 -1 151 153 167 -1 167 165 151 -1 165 259 151 -1 151 259 260 -1 260 240 151 -1 261 238 262 -1 238 263 262 -1 264 265 266 -1 264 267 265 -1 268 172 171 -1 268 269 172 -1 171 270 271 -1 63 272 61 -1 264 266 273 -1 266 61 273 -1 274 275 276 -1 277 278 279 -1 280 281 282 -1 283 284 280 -1 280 282 13 -1 125 126 285 -1 285 286 125 -1 287 124 288 -1 11 282 289 -1 11 13 282 -1 290 291 292 -1 292 293 290 -1 291 294 292 -1 295 296 297 -1 295 139 296 -1 298 299 286 -1 299 125 286 -1 300 301 134 -1 301 135 134 -1 302 303 304 -1 302 305 303 -1 306 307 308 -1 308 309 306 -1 310 36 35 -1 311 312 36 -1 36 310 311 -1 313 314 315 -1 315 316 313 -1 317 318 319 -1 319 316 317 -1 129 320 317 -1 317 321 129 -1 322 323 324 -1 325 119 326 -1 325 327 119 -1 328 329 330 -1 82 331 73 -1 82 332 331 -1 74 333 329 -1 74 334 333 -1 335 336 337 -1 338 176 339 -1 176 177 339 -1 78 340 341 -1 341 332 78 -1 342 343 344 -1 344 65 342 -1 345 346 53 -1 53 47 345 -1 347 348 349 -1 350 351 352 -1 351 353 352 -1 347 349 354 -1 354 355 347 -1 354 356 355 -1 356 357 355 -1 358 359 350 -1 350 352 358 -1 360 361 362 -1 363 364 358 -1 358 357 363 -1 85 365 366 -1 367 368 369 -1 367 97 368 -1 90 181 54 -1 90 180 181 -1 26 370 371 -1 26 372 370 -1 373 372 28 -1 373 374 372 -1 38 33 28 -1 375 376 0 -1 376 377 0 -1 26 371 378 -1 378 174 26 -1 378 379 380 -1 378 371 379 -1 381 341 340 -1 381 382 341 -1 380 381 340 -1 340 383 380 -1 384 379 385 -1 386 51 387 -1 386 52 51 -1 70 388 389 -1 389 67 70 -1 39 390 37 -1 391 392 393 -1 186 42 183 -1 394 395 49 -1 197 91 54 -1 48 394 49 -1 396 390 397 -1 396 8 390 -1 387 51 398 -1 51 399 398 -1 2 30 32 -1 29 31 312 -1 384 382 381 -1 384 312 382 -1 400 401 402 -1 400 403 401 -1 7 404 3 -1 377 376 370 -1 28 34 373 -1 374 405 372 -1 28 372 26 -1 98 177 87 -1 177 88 87 -1 86 406 84 -1 96 407 408 -1 407 409 408 -1 410 409 192 -1 410 411 409 -1 363 412 413 -1 413 414 363 -1 79 356 80 -1 349 415 354 -1 394 48 416 -1 344 417 66 -1 66 65 344 -1 418 52 386 -1 418 419 52 -1 333 420 421 -1 333 422 420 -1 331 423 334 -1 423 424 334 -1 425 426 427 -1 425 428 426 -1 329 421 429 -1 329 333 421 -1 329 328 74 -1 328 75 74 -1 429 330 329 -1 429 430 330 -1 188 431 314 -1 188 432 431 -1 433 17 16 -1 434 311 435 -1 436 437 438 -1 439 437 325 -1 325 127 439 -1 324 440 441 -1 324 323 440 -1 439 129 321 -1 439 127 129 -1 314 431 442 -1 442 315 314 -1 300 132 443 -1 300 134 132 -1 444 445 446 -1 446 447 444 -1 301 448 135 -1 448 137 135 -1 449 298 300 -1 298 301 300 -1 298 286 448 -1 448 301 298 -1 286 450 448 -1 291 451 294 -1 291 452 451 -1 289 453 454 -1 289 282 453 -1 455 280 15 -1 274 453 275 -1 274 293 453 -1 63 456 272 -1 456 290 272 -1 457 22 18 -1 18 17 457 -1 272 274 61 -1 171 173 458 -1 458 459 270 -1 457 460 461 -1 461 22 457 -1 263 462 262 -1 462 463 262 -1 260 263 238 -1 238 240 260 -1 464 462 465 -1 464 463 462 -1 164 259 165 -1 164 466 259 -1 258 254 253 -1 258 115 254 -1 162 161 253 -1 255 141 235 -1 235 45 255 -1 113 251 141 -1 251 235 141 -1 467 112 155 -1 155 468 467 -1 247 102 109 -1 109 237 247 -1 247 249 469 -1 469 248 247 -1 243 470 471 -1 243 242 470 -1 472 240 239 -1 468 473 467 -1 236 235 474 -1 226 203 205 -1 205 475 226 -1 476 477 229 -1 229 228 476 -1 227 226 478 -1 226 475 478 -1 222 228 225 -1 222 476 228 -1 223 225 216 -1 223 222 225 -1 210 219 479 -1 219 224 479 -1 211 480 481 -1 207 482 208 -1 482 483 208 -1 459 458 205 -1 205 204 459 -1 484 149 485 -1 484 55 149 -1 218 147 146 -1 146 486 218 -1 487 485 145 -1 195 487 488 -1 195 489 487 -1 252 196 162 -1 60 59 193 -1 179 191 95 -1 191 94 95 -1 189 180 187 -1 460 490 25 -1 460 457 490 -1 111 155 112 -1 491 492 257 -1 192 257 410 -1 493 494 233 -1 441 128 324 -1 441 120 128 -1 495 496 123 -1 119 327 117 -1 176 89 88 -1 26 175 497 -1 497 27 26 -1 250 473 109 -1 481 209 211 -1 198 56 484 -1 56 55 484 -1 107 468 142 -1 468 194 142 -1 160 58 161 -1 58 154 161 -1 159 57 157 -1 159 55 57 -1 498 451 452 -1 452 206 498 -1 237 499 249 -1 237 481 499 -1 162 196 198 -1 153 152 500 -1 500 207 153 -1 501 207 500 -1 501 482 207 -1 63 204 456 -1 63 459 204 -1 265 271 266 -1 500 152 170 -1 149 55 150 -1 252 162 253 -1 138 296 139 -1 138 502 296 -1 136 135 137 -1 137 140 136 -1 132 134 130 -1 134 133 130 -1 125 495 123 -1 125 299 495 -1 14 12 279 -1 12 277 279 -1 127 325 128 -1 503 504 505 -1 428 117 337 -1 428 118 117 -1 322 326 506 -1 254 115 106 -1 115 114 106 -1 250 109 102 -1 102 101 250 -1 468 107 473 -1 107 109 473 -1 105 196 252 -1 105 179 196 -1 90 91 507 -1 94 191 99 -1 365 410 413 -1 365 411 410 -1 508 416 362 -1 362 493 508 -1 418 386 77 -1 386 343 77 -1 410 509 413 -1 509 414 413 -1 354 80 356 -1 354 415 80 -1 80 415 510 -1 332 82 78 -1 511 512 513 -1 327 436 117 -1 436 514 117 -1 171 458 270 -1 61 266 62 -1 54 56 197 -1 163 162 198 -1 70 512 388 -1 69 515 516 -1 516 513 69 -1 47 49 395 -1 395 345 47 -1 510 81 80 -1 256 491 257 -1 404 33 37 -1 33 38 37 -1 1 517 308 -1 308 307 1 -1 28 184 38 -1 31 36 312 -1 370 376 371 -1 376 379 371 -1 31 30 36 -1 8 460 25 -1 8 396 460 -1 518 465 267 -1 14 519 520 -1 19 22 461 -1 19 21 22 -1 19 461 464 -1 16 455 520 -1 13 12 280 -1 12 15 280 -1 7 3 5 -1 392 24 393 -1 24 25 393 -1 384 385 29 -1 29 312 384 -1 32 375 0 -1 32 0 2 -1 35 306 310 -1 35 307 306 -1 375 29 385 -1 29 375 32 -1 5 24 392 -1 5 4 24 -1 16 23 283 -1 16 18 23 -1 23 20 521 -1 21 20 23 -1 464 460 396 -1 460 464 461 -1 236 522 182 -1 236 474 522 -1 385 376 375 -1 376 385 379 -1 10 404 37 -1 10 3 404 -1 391 403 6 -1 304 403 391 -1 308 401 303 -1 308 517 401 -1 491 255 523 -1 491 256 255 -1 345 516 515 -1 345 395 516 -1 513 70 69 -1 70 513 512 -1 524 399 346 -1 525 399 524 -1 526 514 436 -1 526 527 514 -1 83 73 528 -1 83 82 73 -1 529 330 530 -1 529 328 330 -1 531 416 508 -1 394 416 531 -1 414 532 533 -1 509 532 414 -1 365 84 411 -1 84 365 85 -1 86 510 530 -1 81 510 86 -1 418 76 534 -1 77 76 418 -1 386 344 343 -1 386 387 344 -1 395 531 516 -1 395 394 531 -1 494 533 532 -1 533 494 361 -1 535 348 528 -1 535 349 348 -1 97 536 98 -1 536 97 367 -1 467 250 244 -1 250 467 473 -1 537 336 538 -1 537 426 336 -1 337 426 428 -1 337 336 426 -1 440 539 540 -1 440 323 539 -1 541 503 542 -1 543 503 541 -1 14 544 519 -1 279 544 14 -1 287 12 11 -1 12 287 277 -1 545 495 299 -1 545 546 495 -1 547 548 549 -1 550 548 547 -1 542 505 551 -1 542 503 505 -1 485 146 145 -1 146 485 149 -1 452 204 206 -1 456 204 452 -1 62 459 63 -1 62 270 459 -1 266 270 62 -1 271 270 266 -1 297 498 552 -1 451 498 297 -1 158 553 156 -1 295 553 158 -1 554 249 499 -1 249 554 469 -1 60 468 155 -1 468 60 194 -1 209 107 142 -1 209 108 107 -1 482 469 554 -1 501 469 482 -1 294 502 292 -1 502 294 296 -1 472 471 169 -1 472 239 471 -1 286 555 450 -1 555 286 285 -1 556 557 558 -1 559 557 556 -1 504 560 505 -1 504 561 560 -1 278 559 556 -1 278 288 559 -1 562 549 563 -1 562 547 549 -1 496 546 564 -1 496 495 546 -1 326 128 325 -1 322 128 326 -1 322 324 128 -1 327 437 436 -1 325 437 327 -1 493 232 508 -1 232 493 233 -1 492 523 565 -1 492 491 523 -1 10 390 8 -1 37 390 10 -1 262 234 261 -1 234 262 566 -1 366 413 412 -1 366 365 413 -1 489 160 163 -1 160 489 195 -1 487 484 485 -1 487 489 484 -1 488 200 59 -1 488 199 200 -1 147 217 567 -1 147 218 217 -1 146 202 486 -1 146 150 202 -1 568 156 553 -1 569 156 568 -1 552 229 477 -1 552 498 229 -1 205 173 475 -1 173 205 458 -1 166 570 269 -1 166 571 570 -1 554 483 482 -1 554 572 483 -1 481 573 499 -1 573 481 480 -1 574 480 479 -1 480 574 573 -1 215 572 213 -1 572 215 483 -1 212 219 210 -1 212 217 219 -1 479 223 574 -1 479 224 223 -1 227 216 225 -1 216 227 214 -1 486 220 218 -1 486 575 220 -1 576 222 221 -1 576 476 222 -1 575 202 569 -1 486 202 575 -1 476 568 477 -1 576 568 476 -1 41 236 182 -1 236 41 43 -1 241 235 251 -1 241 474 235 -1 230 494 577 -1 233 494 230 -1 102 168 103 -1 102 248 168 -1 44 565 523 -1 577 565 44 -1 268 466 164 -1 268 265 466 -1 267 462 578 -1 465 462 267 -1 500 168 501 -1 500 170 168 -1 246 103 470 -1 103 246 101 -1 263 578 462 -1 263 260 578 -1 566 183 234 -1 566 39 183 -1 20 518 579 -1 518 20 19 -1 580 275 281 -1 276 275 580 -1 581 284 521 -1 580 284 581 -1 579 521 20 -1 579 581 521 -1 290 274 272 -1 290 293 274 -1 451 296 294 -1 297 296 451 -1 448 138 137 -1 448 450 138 -1 450 502 138 -1 450 555 502 -1 299 449 545 -1 449 299 298 -1 140 157 136 -1 158 157 140 -1 520 541 582 -1 519 541 520 -1 583 433 16 -1 583 584 433 -1 25 585 393 -1 25 490 585 -1 586 583 582 -1 586 587 583 -1 585 588 589 -1 584 588 585 -1 302 391 393 -1 302 304 391 -1 590 587 586 -1 590 591 587 -1 592 589 588 -1 592 593 589 -1 594 590 595 -1 590 594 591 -1 596 592 597 -1 592 596 593 -1 308 305 309 -1 305 308 303 -1 598 594 595 -1 598 447 594 -1 597 599 596 -1 597 446 599 -1 600 447 598 -1 600 444 447 -1 446 601 599 -1 446 445 601 -1 444 602 603 -1 600 602 444 -1 445 435 601 -1 445 604 435 -1 443 131 319 -1 443 132 131 -1 431 438 442 -1 431 605 438 -1 315 439 321 -1 442 439 315 -1 449 443 606 -1 443 449 300 -1 318 550 606 -1 318 548 550 -1 121 561 563 -1 121 560 561 -1 288 564 559 -1 288 496 564 -1 504 543 558 -1 543 504 503 -1 505 441 440 -1 505 560 441 -1 436 605 526 -1 605 436 438 -1 423 382 434 -1 423 341 382 -1 434 424 423 -1 434 435 424 -1 422 603 420 -1 422 604 603 -1 457 433 490 -1 457 17 433 -1 607 608 609 -1 610 608 607 -1 432 187 611 -1 432 188 187 -1 313 188 314 -1 313 189 188 -1 432 605 431 -1 432 609 605 -1 430 530 330 -1 530 430 612 -1 537 369 613 -1 537 367 369 -1 538 335 614 -1 538 336 335 -1 427 430 429 -1 427 613 430 -1 425 429 421 -1 429 425 427 -1 608 527 526 -1 608 338 527 -1 331 341 423 -1 332 341 331 -1 424 333 334 -1 424 422 333 -1 615 421 420 -1 421 615 425 -1 425 118 428 -1 118 425 615 -1 383 78 77 -1 340 78 383 -1 72 417 525 -1 417 72 66 -1 513 531 511 -1 531 513 516 -1 416 616 362 -1 616 416 48 -1 48 617 616 -1 48 50 617 -1 50 419 617 -1 50 52 419 -1 612 86 530 -1 406 86 612 -1 358 360 359 -1 358 364 360 -1 533 363 414 -1 533 364 363 -1 412 79 366 -1 412 356 79 -1 192 407 99 -1 192 409 407 -1 408 411 84 -1 409 411 408 -1 84 368 408 -1 368 84 406 -1 339 98 536 -1 339 177 98 -1 176 100 89 -1 176 610 100 -1 93 607 611 -1 607 93 92 -1 389 71 67 -1 71 389 497 -1 64 497 175 -1 71 497 64 -1 405 370 372 -1 377 370 405 -1 373 7 400 -1 34 7 373 -1 618 374 402 -1 374 618 405 -1 6 400 7 -1 6 403 400 -1 517 402 401 -1 402 517 618 -1 1 618 517 -1 1 0 618 -1 312 434 382 -1 312 311 434 -1 463 396 397 -1 396 463 464 -1 279 556 544 -1 279 278 556 -1 565 509 492 -1 509 565 532 -1 197 179 91 -1 197 196 179 -1 257 509 410 -1 492 509 257 -1 619 186 388 -1 42 186 619 -1 39 397 390 -1 39 566 397 -1 39 184 183 -1 39 38 184 -1 185 388 186 -1 389 388 185 -1 388 511 619 -1 511 388 512 -1 379 381 380 -1 381 379 384 -1 378 383 342 -1 378 380 383 -1 174 342 65 -1 174 378 342 -1 0 405 618 -1 405 0 377 -1 402 373 400 -1 373 402 374 -1 34 404 7 -1 33 404 34 -1 65 175 174 -1 64 175 65 -1 185 497 389 -1 185 27 497 -1 54 178 57 -1 178 54 181 -1 507 611 187 -1 611 507 93 -1 92 610 607 -1 610 92 100 -1 369 406 612 -1 369 368 406 -1 408 97 96 -1 408 368 97 -1 81 366 79 -1 366 81 85 -1 363 356 412 -1 356 363 357 -1 361 364 533 -1 361 360 364 -1 359 362 616 -1 359 360 362 -1 350 616 617 -1 350 359 616 -1 358 355 357 -1 355 358 352 -1 347 352 353 -1 352 347 355 -1 617 351 350 -1 617 419 351 -1 47 52 50 -1 47 53 52 -1 351 620 353 -1 620 351 534 -1 348 353 620 -1 347 353 348 -1 524 69 68 -1 524 515 69 -1 68 525 524 -1 68 72 525 -1 342 77 343 -1 342 383 77 -1 419 534 351 -1 419 418 534 -1 514 337 117 -1 514 335 337 -1 527 335 514 -1 614 335 527 -1 610 338 608 -1 610 176 338 -1 339 527 338 -1 614 527 339 -1 74 331 334 -1 73 331 74 -1 426 613 427 -1 426 537 613 -1 536 614 339 -1 536 538 614 -1 613 612 430 -1 612 613 369 -1 609 526 605 -1 609 608 526 -1 131 189 313 -1 131 180 189 -1 609 611 607 -1 609 432 611 -1 615 603 602 -1 420 603 615 -1 604 424 435 -1 424 604 422 -1 118 602 116 -1 118 615 602 -1 560 120 441 -1 120 560 121 -1 558 544 556 -1 558 543 544 -1 557 563 561 -1 563 557 562 -1 545 606 550 -1 606 545 449 -1 317 548 318 -1 317 320 548 -1 606 319 318 -1 319 606 443 -1 317 315 321 -1 315 317 316 -1 442 437 439 -1 438 437 442 -1 313 319 131 -1 319 313 316 -1 311 601 435 -1 601 311 310 -1 445 603 604 -1 444 603 445 -1 506 602 600 -1 506 116 602 -1 599 310 306 -1 599 601 310 -1 539 600 598 -1 539 506 600 -1 306 596 599 -1 596 306 309 -1 594 446 597 -1 594 447 446 -1 598 540 539 -1 540 598 595 -1 309 593 596 -1 593 309 305 -1 591 597 592 -1 591 594 597 -1 551 595 590 -1 551 540 595 -1 305 589 593 -1 589 305 302 -1 588 591 592 -1 587 591 588 -1 551 586 542 -1 551 590 586 -1 589 393 585 -1 589 302 393 -1 587 584 583 -1 587 588 584 -1 582 542 586 -1 541 542 582 -1 490 584 585 -1 433 584 490 -1 582 16 520 -1 582 583 16 -1 136 178 133 -1 136 157 178 -1 124 496 288 -1 496 124 123 -1 140 295 158 -1 295 140 139 -1 555 292 502 -1 555 454 292 -1 292 453 293 -1 453 292 454 -1 277 288 278 -1 288 277 287 -1 452 290 456 -1 290 452 291 -1 126 289 285 -1 289 126 11 -1 284 281 280 -1 281 284 580 -1 281 453 282 -1 275 453 281 -1 274 273 61 -1 273 274 276 -1 264 581 579 -1 581 264 273 -1 273 580 581 -1 273 276 580 -1 171 265 268 -1 271 265 171 -1 579 267 264 -1 579 518 267 -1 466 260 259 -1 578 260 466 -1 522 238 261 -1 522 243 238 -1 169 470 103 -1 470 169 471 -1 578 265 267 -1 578 466 265 -1 472 151 240 -1 152 151 472 -1 164 269 268 -1 164 166 269 -1 105 190 179 -1 190 105 104 -1 111 154 155 -1 154 111 258 -1 257 114 256 -1 257 106 114 -1 501 248 469 -1 168 248 501 -1 470 245 246 -1 242 245 470 -1 251 242 241 -1 242 251 245 -1 532 577 494 -1 532 565 577 -1 577 46 230 -1 44 46 577 -1 182 261 234 -1 522 261 182 -1 232 619 511 -1 232 231 619 -1 230 40 231 -1 40 230 46 -1 576 569 568 -1 575 569 576 -1 220 576 221 -1 220 575 576 -1 227 570 214 -1 227 478 570 -1 221 219 220 -1 219 221 224 -1 570 215 214 -1 215 570 571 -1 216 574 223 -1 574 216 213 -1 208 215 571 -1 483 215 208 -1 213 573 574 -1 573 213 572 -1 211 479 480 -1 211 210 479 -1 572 499 573 -1 554 499 572 -1 167 571 166 -1 167 208 571 -1 269 478 172 -1 269 570 478 -1 498 203 229 -1 498 206 203 -1 553 477 568 -1 553 552 477 -1 159 569 202 -1 159 156 569 -1 212 567 217 -1 212 144 567 -1 59 143 193 -1 59 200 143 -1 201 199 148 -1 201 200 199 -1 199 487 145 -1 487 199 488 -1 489 198 484 -1 163 198 489 -1 59 195 488 -1 58 195 59 -1 566 463 397 -1 566 262 463 -1 27 184 28 -1 27 185 184 -1 231 42 619 -1 231 40 42 -1 181 133 178 -1 181 130 133 -1 90 187 180 -1 507 187 90 -1 508 511 531 -1 511 508 232 -1 547 564 546 -1 564 547 562 -1 122 563 549 -1 563 122 121 -1 561 558 557 -1 558 561 504 -1 559 562 557 -1 564 562 559 -1 285 454 555 -1 454 285 289 -1 475 172 478 -1 475 173 172 -1 243 239 238 -1 239 243 471 -1 152 169 170 -1 152 472 169 -1 481 108 209 -1 481 237 108 -1 295 552 553 -1 297 552 295 -1 201 144 143 -1 567 144 201 -1 567 148 147 -1 567 201 148 -1 122 129 120 -1 122 320 129 -1 116 326 119 -1 116 506 326 -1 549 320 122 -1 548 320 549 -1 550 546 545 -1 550 547 546 -1 124 11 126 -1 124 287 11 -1 519 543 541 -1 544 543 519 -1 551 440 540 -1 505 440 551 -1 539 322 506 -1 539 323 322 -1 252 106 105 -1 252 254 106 -1 244 112 467 -1 112 244 110 -1 407 87 89 -1 407 96 87 -1 538 367 537 -1 538 536 367 -1 99 89 100 -1 89 99 407 -1 93 91 95 -1 93 507 91 -1 83 534 76 -1 83 620 534 -1 415 535 529 -1 415 349 535 -1 515 346 345 -1 515 524 346 -1 620 528 348 -1 620 83 528 -1 387 417 344 -1 387 398 417 -1 362 494 493 -1 362 361 494 -1 398 525 417 -1 398 399 525 -1 75 528 73 -1 75 535 528 -1 328 535 75 -1 529 535 328 -1 415 530 510 -1 530 415 529 -1 72 67 71 -1 67 72 68 -1 399 53 346 -1 399 51 53 -1 45 523 255 -1 523 45 44 -1 40 43 41 -1 40 46 43 -1 304 401 403 -1 303 401 304 -1 6 392 391 -1 5 392 6 -1 474 243 522 -1 474 241 243 -1 465 19 464 -1 465 518 19 -1 521 283 23 -1 521 284 283 -1 283 455 16 -1 283 280 455 -1 520 15 14 -1 15 520 455 -1 10 4 3 -1 10 9 4 -1 2 307 35 -1 2 1 307 -1' creaseAngle='1.571'>
            <Coordinate DEF='rtalus_Coord' point='-3.1346 2.6473 -2.7256 -3.0736 2.7542 -2.7695 -3.0221 2.6926 -2.8698 -3.0623 2.5999 -1.9856 -3.0311 2.6639 -1.966 -3.047 2.6966 -2.0097 -3.056 2.7194 -2.057 -3.1364 2.6457 -2.1557 -2.8877 2.6246 -1.9314 -3.0074 2.6491 -1.9505 -3.0325 2.5971 -1.9662 -1.752 2.3291 -1.7738 -1.7986 2.4347 -1.7807 -1.8347 2.425 -1.7574 -1.8314 2.5412 -1.8295 -1.9299 2.5134 -1.8069 -2.2347 2.5791 -1.8617 -2.4058 2.5843 -1.8691 -2.3988 2.5718 -1.8527 -2.6104 2.4829 -1.7586 -2.5529 2.4874 -1.766 -2.5618 2.5006 -1.7775 -2.5744 2.5194 -1.7937 -2.3851 2.5302 -1.8371 -3.0058 2.6777 -1.9598 -2.8667 2.6486 -1.928 -3.2051 2.315 -2.5219 -3.1685 2.2746 -2.4082 -3.1786 2.3499 -2.3972 -3.0276 2.5812 -2.9363 -3.0052 2.6258 -2.9394 -2.9895 2.6028 -2.9584 -3.044 2.5993 -2.9105 -3.1128 2.4399 -2.178 -3.1658 2.5049 -2.2674 -2.9671 2.6878 -2.896 -2.9469 2.6214 -2.9528 -3.0562 2.5222 -2.0109 -3.0956 2.4194 -2.1644 -2.8945 2.3712 -2.0678 -2.745 2.0281 -2.2182 -2.7363 2.0562 -2.1951 -2.9152 2.0803 -2.1873 -2.6298 2.0141 -2.2391 -2.4837 1.9848 -2.3184 -2.4706 2.0029 -2.291 -2.6404 1.99 -2.2631 -3.2853 1.8457 -2.554 -2.9988 1.7912 -2.4969 -3.2158 1.7859 -2.465 -3.1264 1.9315 -2.6277 -3.3615 1.9622 -2.6831 -3.2407 2.0541 -2.7675 -3.3336 1.9192 -2.6354 -1.7683 1.9756 -2.4483 -1.7512 1.844 -2.3263 -1.7812 1.9335 -2.4368 -1.746 1.884 -2.3232 -2.1482 1.8074 -2.4182 -2.1091 1.7006 -2.2622 -2.2812 1.758 -2.301 -2.3421 2.3606 -1.313 -2.3755 2.3629 -1.2731 -2.2988 2.3451 -1.1877 -3.3967 2.087 -2.6405 -3.35 2.1047 -2.7224 -3.4199 2.0556 -2.6678 -3.3777 1.9786 -2.477 -3.3994 1.943 -2.5111 -3.3354 1.8795 -2.4189 -3.296 1.9103 -2.3857 -3.3952 2.0355 -2.5589 -3.4133 1.9949 -2.5846 -2.8552 2.2523 -3.2399 -2.6567 2.2169 -3.2858 -2.6662 2.1661 -3.2952 -3.0466 2.2493 -3.037 -3.1639 2.223 -2.9285 -3.0509 2.2714 -3.0325 -2.2532 1.9474 -3.1088 -2.3273 1.9489 -3.1728 -2.2206 1.8815 -3.1591 -2.9382 2.2718 -3.1612 -2.9426 2.2519 -3.164 -2.0853 1.8509 -3.103 -2.1093 1.8638 -3.085 -2.2085 1.8983 -3.1866 -1.8349 1.8643 -3.0548 -1.8104 1.8826 -3.0503 -1.7894 1.8739 -2.9858 -1.7248 2.0627 -2.5424 -1.7426 2.0248 -2.5654 -1.7142 1.9972 -2.7337 -1.718 2.038 -2.6443 -1.7399 1.9745 -2.7196 -1.744 2.002 -2.6256 -1.8689 1.8477 -3.039 -1.9339 1.8919 -3.129 -1.8749 1.9081 -3.1146 -1.7767 1.9159 -2.836 -1.7402 1.9293 -2.8517 -2.4339 1.7718 -1.8248 -2.429 1.7475 -1.799 -2.5093 1.8742 -1.7403 -1.9375 2.0102 -2.5992 -1.9077 1.9961 -2.5552 -2.0484 2.0122 -2.5099 -2.265 1.5496 -2.0284 -2.2925 1.5289 -1.951 -2.3308 1.6537 -1.9147 -2.3446 1.8862 -2.1874 -2.2827 1.9346 -2.2761 -2.3316 1.8612 -2.2085 -2.3015 1.9586 -2.2641 -2.2082 2.0166 -2.3971 -2.1874 1.9971 -2.3937 -1.9502 2.4975 -3.0164 -1.9536 2.3802 -3.1041 -1.988 2.3886 -3.1147 -1.9249 2.4825 -3.0076 -1.8445 2.659 -2.4874 -1.8266 2.6344 -2.3777 -1.8163 2.597 -2.3718 -1.686 2.2388 -1.9173 -1.7202 2.3023 -1.8348 -1.6892 2.2012 -1.9065 -1.722 2.2698 -1.8119 -1.8498 2.6391 -2.6259 -1.8607 2.6788 -2.633 -1.8467 2.6185 -2.4952 -1.7747 2.091 -2.3519 -1.8034 2.2129 -2.4574 -1.7929 2.127 -2.3284 -1.7698 2.0086 -2.2623 -1.7742 2.0487 -2.2392 -1.7815 1.9275 -2.0613 -1.7688 1.8797 -2.0811 -1.7711 1.9017 -1.8698 -1.7482 1.9597 -1.7767 -1.7312 1.9162 -1.755 -1.7464 1.8589 -1.8628 -2.312 2.0135 -2.336 -2.2329 1.5369 -2.0485 -2.1676 1.5761 -2.0587 -2.1619 1.5635 -2.0418 -1.8459 1.6147 -2.1595 -1.8187 1.6163 -2.1498 -1.9403 1.5582 -2.0818 -1.9512 1.5721 -2.102 -1.7731 1.6909 -2.2197 -1.7557 1.6758 -2.1707 -2.6333 2.0926 -1.5112 -2.6154 2.0145 -1.5274 -2.6183 2.0131 -1.4979 -2.175 1.8275 -2.4206 -2.3027 1.7812 -2.2991 -1.7034 1.758 -1.8971 -1.7352 1.8022 -2.1208 -1.7114 1.7877 -1.9004 -1.7345 1.7671 -2.1265 -2.0236 1.8566 -2.4605 -2.037 1.8849 -2.4765 -1.8781 1.9418 -2.4748 -1.8765 1.9122 -2.4514 -2.609 2.1716 -1.3815 -2.6135 2.1318 -1.4488 -2.5639 2.1045 -1.3214 -2.609 2.0283 -1.4244 -2.5255 1.8091 -1.6217 -2.5385 1.978 -1.7165 -2.5859 1.9141 -1.5742 -2.4674 2.3176 -1.2635 -2.4565 2.2257 -1.2071 -2.413 2.266 -1.1945 -3.2346 2.2201 -2.6385 -3.2693 2.1999 -2.5616 -1.7472 1.9371 -3.0476 -1.823 1.9154 -3.0979 -1.7432 1.9365 -2.3057 -1.8005 1.9707 -2.5999 -1.7235 2.1191 -2.5102 -1.7497 2.039 -2.3903 -2.7176 2.1616 -2.1034 -2.8882 2.2444 -2.1156 -3.1033 2.2806 -2.2539 -3.1115 2.2141 -2.2874 -3.0018 2.1235 -2.2094 -1.705 2.1102 -2.6441 -1.729 2.1831 -2.6501 -1.727 2.1739 -2.603 -1.8567 2.0014 -2.6696 -1.7791 1.9749 -2.7151 -1.9262 1.9602 -2.8209 -2.2278 1.6647 -2.1907 -2.2791 1.6596 -2.1743 -2.0081 1.8274 -2.4209 -1.7869 1.9398 -2.4952 -1.7741 1.9597 -2.4753 -1.8211 1.9325 -2.4469 -1.9546 1.6148 -2.1482 -2.0707 1.6037 -2.1114 -2.0678 1.5683 -2.0751 -1.7443 1.6636 -2.0781 -2.0713 2.0544 -1.1667 -2.1789 2.2497 -1.142 -2.2435 2.2195 -1.1223 -2.0422 2.1023 -1.202 -2.5935 1.8976 -1.5004 -2.537 1.9216 -1.392 -2.2625 1.501 -1.9483 -2.1485 1.4923 -1.8533 -2.2325 1.5144 -1.8778 -2.1362 1.5085 -1.9292 -2.2792 1.6514 -1.4154 -2.2829 1.8347 -1.244 -2.3638 1.8037 -1.3155 -2.1532 1.6947 -1.3485 -2.0332 1.5042 -1.9435 -1.9188 1.5099 -2.0018 -2.0295 1.4745 -1.847 -1.8941 1.5001 -1.8579 -1.9112 1.5038 -1.691 -1.9385 1.609 -1.478 -2.0871 1.5596 -1.4863 -2.0405 1.4935 -1.6745 -2.0475 1.7239 -1.3158 -2.1431 1.964 -1.1634 -2.1987 1.9048 -1.196 -1.9529 1.7767 -1.3102 -1.851 1.8717 -1.3038 -2.6701 1.9079 -2.3338 -2.7959 1.9161 -2.3049 -2.8603 1.8115 -2.3626 -2.6923 1.828 -2.4297 -2.7837 2.2363 -2.0362 -2.459 2.0476 -2.1886 -2.5873 2.0937 -2.1479 -2.3782 1.5932 -1.835 -2.6255 2.1864 -1.7961 -2.5768 2.0965 -1.7127 -2.6024 2.1567 -1.6514 -2.5283 2.0716 -2.0067 -2.5261 2.0509 -1.9806 -2.6 2.1346 -1.8911 -2.3086 1.7977 -2.0483 -2.4149 1.9646 -2.0953 -2.4204 1.8711 -1.9646 -2.4204 1.6626 -1.7579 -2.4739 1.7186 -1.674 -2.4374 1.6058 -1.7049 -2.3349 1.693 -1.9339 -2.4092 2.0027 -2.1443 -1.9308 1.9742 -2.5108 -2.0006 1.941 -2.4916 -2.0502 1.9924 -2.4829 -2.3224 2.0115 -2.406 -2.2187 2.0348 -2.4722 -2.0429 2.0265 -2.652 -2.1518 1.9171 -2.4058 -2.6294 2.1893 -1.5006 -2.6379 2.2446 -1.6096 -2.679 2.2282 -1.9567 -2.7208 2.3527 -1.9152 -2.6459 2.2977 -1.7705 -2.4802 2.3663 -1.5333 -2.565 2.3095 -1.4062 -2.4821 2.3516 -1.3805 -2.5754 2.3711 -1.5481 -2.5555 2.2522 -1.318 -2.5131 2.1519 -1.2531 -2.3911 2.3532 -1.2543 -2.4778 2.3393 -1.3256 -2.2596 2.3339 -1.2715 -2.3246 2.3313 -1.5238 -2.2137 2.3555 -1.3291 -2.1147 2.3283 -1.5192 -2.2076 2.3396 -1.5203 -1.7778 2.4362 -1.8111 -1.7949 2.5142 -1.8714 -1.8067 2.5387 -1.8508 -1.9696 2.4979 -1.8039 -2.01 2.3902 -1.6767 -1.9075 2.4054 -1.7104 -2.2171 2.5446 -1.8489 -2.1928 2.4806 -1.7878 -1.7511 2.1855 -1.7638 -1.7378 2.1086 -1.8923 -1.7395 2.3422 -1.8079 -1.7525 2.4217 -1.9374 -1.8093 2.2985 -1.7047 -2.129 2.2331 -1.2636 -2.0048 2.1239 -1.3147 -1.9625 2.2037 -1.3764 -2.0881 2.3017 -1.3502 -1.9027 2.0628 -1.3722 -1.6859 1.8581 -1.75 -1.7623 2.0145 -1.6022 -1.7106 1.9328 -1.5521 -1.7229 2.1443 -2.0529 -1.6769 2.1978 -2.0332 -1.7645 2.1183 -2.1994 -1.7872 2.0065 -2.039 -2.9399 2.8357 -2.2287 -3.0563 2.8566 -2.4702 -3.0568 2.809 -2.2445 -2.9428 2.8668 -2.4739 -2.9247 2.8024 -2.7466 -3.0391 2.7703 -2.7672 -3.0579 2.8335 -2.6316 -2.9357 2.837 -2.6135 -2.8474 2.6344 -2.9679 -2.8266 2.4956 -3.0567 -2.9592 2.5112 -2.9892 -1.8043 2.2773 -2.541 -1.8142 2.3037 -2.6199 -1.8445 2.3982 -2.601 -1.8614 2.3664 -2.4856 -1.8675 2.5111 -2.418 -1.8498 2.4254 -2.313 -1.8656 2.3106 -2.3823 -1.8245 2.5647 -2.3904 -1.8637 2.5349 -2.542 -1.9153 2.6622 -2.7909 -1.919 2.7429 -2.6654 -1.8926 2.7263 -2.6569 -1.8691 2.5625 -2.8168 -1.9145 2.6157 -2.8491 -1.9184 2.4509 -3.0094 -2.4748 2.089 -3.2759 -2.4431 2.2159 -3.2261 -2.4059 2.08 -3.2553 -2.8453 2.3071 -3.184 -2.9596 2.2886 -3.1142 -2.4602 2.3068 -3.1922 -2.646 2.2905 -3.2083 -1.9086 2.2219 -3.1749 -1.9663 2.216 -3.1971 -1.9677 2.2656 -3.1761 -1.7671 2.0328 -3.103 -1.8275 2.0191 -3.1605 -3.0485 2.3008 -3.0199 -2.9675 2.325 -3.0723 -3.2573 2.1903 -2.8318 -3.3081 2.1307 -2.8336 -3.4073 2.0589 -2.7447 -3.3645 1.8215 -2.5058 -3.4007 1.8606 -2.5773 -2.7308 2.1625 -3.2123 -2.8409 2.2049 -3.2465 -2.6778 2.1198 -3.2896 -2.7973 2.0707 -2.8188 -2.9572 2.1936 -2.9852 -2.6527 2.0895 -2.9569 -2.8103 2.1739 -3.1275 -2.5098 2.0616 -3.1713 -2.5721 2.0836 -3.0468 -2.318 2.0057 -3.0243 -2.4006 2.0093 -2.9198 -2.5016 2.0099 -2.8075 -2.6581 1.9481 -2.6716 -2.5504 1.8756 -2.6025 -2.5288 1.8188 -2.5562 -2.6829 1.7826 -2.5065 -2.2909 1.965 -2.7983 -2.4104 1.9375 -2.7062 -2.0405 1.9071 -2.9625 -2.1221 1.914 -3.0148 -1.9892 2.0057 -3.2067 -2.0443 1.8885 -3.166 -2.065 1.9997 -3.2066 -3.1743 2.4161 -2.6423 -3.1761 2.391 -2.6532 -3.1866 2.3769 -2.5075 -3.1817 2.5393 -2.3757 -3.1683 2.5346 -2.4837 -3.0722 2.5785 -2.8848 -3.1301 2.5002 -2.7853 -3.1519 2.5128 -2.6653 -3.1668 2.2744 -2.747 -3.1113 2.4755 -2.8092 -3.0834 2.3257 -2.8473 -3.0188 2.4004 -2.9721 -2.9672 2.4283 -3.0162 -3.1425 2.2601 -2.9286 -3.0419 2.5051 -2.9412 -3.0586 2.5549 -2.9079 -3.2965 2.1064 -2.8388 -3.3966 2.0365 -2.7535 -3.1517 2.0062 -2.3216 -3.2434 2.0899 -2.3864 -2.9349 2.5267 -1.9859 -3.0299 2.7401 -2.0551 -3.0214 2.7139 -2.0057 -2.9279 2.7325 -2.0005 -3.1662 1.7435 -2.402 -3.2796 1.7539 -2.4471 -2.7176 2.5476 -1.8697 -2.8164 2.497 -1.9234 -3.4143 2.0063 -2.7174 -3.412 1.9206 -2.6432 -3.1433 2.7035 -2.3232 -3.0817 2.8382 -2.4692 -3.1419 2.7003 -2.4655 -3.0834 2.7894 -2.2504 -3.0793 2.5428 -2.0218 -3.1589 2.5219 -2.5736 -2.1121 1.8779 -3.1601 -1.8266 1.8616 -2.959 -2.0197 1.8352 -3.0747 -1.9377 1.8725 -2.9546 -2.0151 1.9527 -2.811 -1.9963 1.8914 -2.9673 -2.1886 1.9688 -2.9056 -2.0451 1.9476 -2.8351 -2.2248 1.9107 -2.6786 -2.4985 2.0465 -3.2693 -2.9278 1.7231 -2.437 -3.4294 2.0256 -2.6996 -3.1519 2.1938 -2.9276 -3.0958 2.141 -2.8807 -2.3197 2.3891 -3.1434 -2.3022 2.3089 -3.1815 -2.4536 2.3695 -3.1445 -2.8395 2.3446 -3.1392 -2.6375 2.3566 -3.1629 -2.1244 2.3026 -3.2023 -2.0019 2.2113 -3.2042 -2.1154 2.2164 -3.2205 -2.0041 2.2697 -3.1827 -2.2679 2.2094 -3.1966 -2.219 2.0898 -3.1972 -1.7923 2.2993 -2.717 -1.7309 2.1795 -2.7235 -2.4082 2.6038 -1.8876 -2.8226 2.4546 -3.0708 -2.647 2.4707 -3.0935 -1.8793 2.3371 -2.9943 -1.8483 2.4529 -2.8302 -1.8359 2.3727 -2.832 -1.8602 2.5219 -2.6391 -1.9231 2.8121 -2.4981 -1.8559 2.7349 -2.4783 -1.8398 2.3937 -2.691 -1.8349 2.2114 -2.2776 -2.3377 2.6323 -2.9186 -2.4557 2.6341 -2.9332 -2.4481 2.772 -2.6956 -2.3445 2.7731 -2.7153 -1.7645 1.9929 -1.8954 -1.737 2.1957 -2.1418 -1.7471 2.0101 -1.7993 -1.8374 1.9818 -1.3351 -2.0367 2.1213 -1.2237 -2.0122 2.3195 -1.5327 -1.905 2.2427 -1.5362 -1.9824 2.5428 -1.8258 -2.1699 2.2646 -1.1619 -2.6081 2.5698 -1.8373 -2.3509 2.323 -1.1771 -2.3174 2.3402 -1.1802 -2.6851 2.563 -1.8554 -2.627 2.503 -1.7836 -2.6381 2.3807 -1.7436 -2.7282 2.4494 -1.8434 -2.6508 2.4832 -1.787 -2.6032 2.4166 -1.7024 -2.6106 2.2633 -1.4584 -2.2971 1.7745 -2.0678 -2.3053 1.6683 -2.1391 -2.4761 1.6618 -1.6094 -2.5236 1.9715 -1.84 -2.5511 2.0362 -1.7741 -2.5727 2.0654 -1.6845 -2.3149 1.6831 -1.9749 -2.5758 2.114 -2.0704 -2.3111 2.1442 -1.1447 -1.8194 1.6757 -1.5132 -1.7071 1.8051 -1.5238 -2.3639 2.0879 -1.1605 -2.1577 1.4894 -1.6845 -2.2724 1.5227 -1.7301 -2.3548 1.5677 -1.8341 -2.5345 1.7711 -1.5225 -2.4343 1.7616 -1.4238 -1.7972 1.8501 -2.3762 -1.791 1.7011 -2.2403 -1.8101 1.5746 -2.0332 -1.8588 1.7285 -2.285 -1.9645 1.7251 -2.2864 -1.8699 1.8416 -2.3871 -2.6581 2.6311 -1.9082 -2.2204 2.0283 -2.5069 -2.2171 1.9885 -2.5603 -2.694 1.7765 -2.4666 -2.5279 1.8158 -2.5189 -1.6714 2.2316 -2.0217 -1.7108 2.3275 -1.9912 -3.2771 2.1562 -2.4777 -1.8339 1.9588 -1.3262 -2.4155 1.5862 -1.6911 -2.5973 1.8988 -1.5263 -2.5472 1.7763 -1.549 -1.7697 2.0563 -1.6338 -1.8978 2.7791 -2.1698 -1.8735 2.7411 -2.179 -1.9179 2.8048 -2.39 -1.9468 2.6321 -2.865 -1.7198 2.059 -2.5794 -2.9229 1.7262 -2.4069 -2.2029 1.9216 -2.6432 -2.3195 1.9629 -3.2008 -3.0861 1.8412 -2.3144 -3.2238 1.8865 -2.3612 -3.2372 1.8644 -2.3777 -1.8821 2.2552 -3.1379 -3.3797 1.8379 -2.4811 -3.2881 1.7676 -2.4137 -3.0826 2.816 -2.6326 -2.5712 2.4259 -1.6852 -1.8688 2.624 -1.887 -1.9985 2.5923 -1.8631 -2.3568 2.4777 -1.7813 -2.6421 2.1694 -2.003 -2.3403 1.9968 -2.4306 -3.4202 1.8774 -2.5545 -3.436 1.9377 -2.6223 -1.8025 2.2099 -2.991 -1.8144 2.1307 -3.1288 -2.8568 2.2296 -3.2456 -2.4823 2.0655 -3.2785 -2.3647 2.0195 -3.2371 -3.1683 1.7545 -2.3598 -2.3603 1.871 -2.5678 -2.3751 1.8661 -2.6031 -3.0359 2.23 -3.0354 -2.6719 2.1439 -3.2989 -1.9366 2.0181 -3.1998 -1.9978 2.0955 -3.226 -1.9452 2.0908 -3.2137 -1.9524 2.7555 -2.673 -1.958 2.8308 -2.5024 -1.9097 2.7153 -2.0073 -1.9301 2.7968 -2.1634 -1.8793 2.6998 -2.0192 -1.8412 2.6145 -1.9043 -1.6825 2.2579 -2.1095 -1.676 2.2856 -2.0875 -1.7349 2.3999 -2.1637 -1.7838 2.488 -2.2785 -1.7738 2.5161 -2.2571 -1.7465 2.3763 -2.1852 -1.9517 2.8235 -2.392 -1.7033 1.9035 -1.5413 -1.6769 1.8301 -1.7435 -2.4586 1.6507 -1.5842 -1.7639 2.0974 -1.6752 -1.8154 2.5616 -1.9271 -1.7926 2.5564 -2.0713 -1.8495 2.6503 -2.0343 -1.7651 2.4655 -1.9787 -1.8467 2.7114 -2.3708 -1.8176 2.6495 -2.2031 -1.7615 2.4725 -2.1256 -1.7918 2.5699 -2.2396 -1.7229 2.3778 -2.0357 -2.3735 1.9344 -2.4829 -2.8078 2.362 -1.9915 -2.0638 1.5538 -2.0538 -1.6895 1.7094 -1.7122 -1.7101 1.6765 -1.8869 -2.4203 2.0357 -1.2023 -2.4838 1.9921 -1.2797 -2.3725 1.6345 -1.5063 -2.3203 1.5544 -1.6 -2.2148 1.5477 -1.5196 -1.7888 1.5594 -1.8863 -1.786 1.5893 -1.7038 -2.5108 1.9162 -2.3992 -2.6246 2.315 -1.5939 -2.5116 2.4215 -1.6715 -2.2008 2.4017 -1.6764 -2.3448 2.4015 -1.6654 -2.0599 2.7174 -1.9971 -2.2965 2.7014 -2.0221 -2.4373 2.6973 -2.0181 -2.6898 2.711 -2.0021 -2.1089 2.8145 -2.2096 -2.3393 2.7874 -2.2091 -2.4632 2.7802 -2.2058 -2.7271 2.8221 -2.2234 -2.1284 2.8458 -2.4227 -2.3413 2.8194 -2.4334 -2.4796 2.8333 -2.4526 -2.7029 2.8626 -2.4653 -2.3419 2.8107 -2.5525 -2.1222 2.8394 -2.5464 -2.6909 2.8436 -2.6003 -2.4657 2.8176 -2.5633 -2.1287 2.7924 -2.7016 -2.6704 2.7918 -2.7383 -2.1209 2.6498 -2.9273 -2.6665 2.6398 -2.9564 -2.1153 2.4978 -3.0649 -2.3389 2.4738 -3.0775 -2.462 2.4614 -3.0848 -1.7948 2.2867 -2.8517 -1.8181 2.3058 -2.2191 -1.7005 2.0441 -2.8338 -1.746 2.1016 -2.9761 -1.7412 2.1596 -2.8592 -1.7152 1.9907 -2.9276 -1.7071 2.0916 -2.7184 -2.1812 1.9846 -3.1926 -2.0837 2.1172 -3.2272 -1.8604 2.0989 -3.1724 -2.1182 2.4025 -3.155 -2.8035 1.879 -2.5817 -2.9489 2.0089 -2.7205 -3.1347 2.6845 -2.6191 -3.0004 1.9457 -2.2593 -2.939 2.2344 -3.1596'/>
          </IndexedFaceSet>
        </Shape>
        <Shape DEF='rcalc'>
          <Appearance>
            <Material ambientIntensity='0.098' diffuseColor='1 0.9765 0.8667' emissiveColor='1 0 0' shininess='0.05' specularColor='0.349 0.349 0.349'/>
          </Appearance>
          <IndexedFaceSet DEF='rcalc_Geo' coordIndex='0 1 2 -1 3 4 5 -1 3 6 4 -1 7 8 9 -1 10 11 12 -1 13 14 15 -1 14 16 15 -1 17 18 19 -1 20 21 22 -1 22 23 20 -1 24 25 26 -1 27 28 29 -1 30 31 32 -1 30 33 31 -1 30 34 33 -1 35 36 37 -1 37 38 35 -1 39 40 41 -1 39 42 40 -1 43 44 45 -1 46 47 48 -1 49 50 51 -1 51 52 49 -1 53 54 55 -1 53 56 54 -1 57 45 58 -1 59 60 61 -1 62 63 64 -1 65 66 67 -1 65 68 66 -1 69 70 71 -1 72 73 74 -1 75 76 77 -1 78 79 80 -1 80 81 78 -1 82 83 84 -1 82 85 83 -1 86 69 87 -1 86 88 69 -1 89 90 91 -1 91 92 89 -1 75 93 94 -1 94 76 75 -1 95 96 97 -1 98 99 100 -1 101 102 103 -1 104 105 106 -1 105 107 106 -1 108 109 110 -1 110 111 108 -1 112 113 114 -1 113 115 114 -1 116 117 118 -1 17 119 120 -1 120 121 17 -1 122 123 124 -1 125 15 16 -1 16 126 125 -1 127 128 129 -1 130 26 25 -1 131 132 133 -1 134 135 136 -1 134 137 135 -1 1 14 138 -1 1 139 14 -1 140 141 142 -1 141 143 142 -1 131 144 132 -1 144 145 132 -1 126 16 146 -1 16 147 146 -1 148 21 149 -1 21 150 149 -1 151 152 153 -1 154 155 156 -1 155 157 156 -1 158 159 160 -1 159 161 160 -1 116 38 162 -1 163 164 165 -1 61 60 166 -1 167 168 169 -1 167 170 168 -1 171 172 173 -1 99 174 100 -1 99 175 174 -1 176 177 178 -1 177 179 178 -1 180 181 182 -1 46 35 118 -1 46 33 35 -1 183 57 184 -1 183 185 57 -1 186 187 188 -1 189 190 191 -1 192 189 193 -1 194 84 195 -1 194 196 84 -1 197 198 187 -1 199 87 69 -1 199 200 87 -1 46 45 47 -1 46 58 45 -1 201 202 203 -1 204 102 205 -1 204 103 102 -1 206 207 208 -1 209 210 211 -1 212 213 214 -1 212 215 213 -1 24 216 23 -1 24 217 216 -1 110 218 107 -1 110 219 218 -1 220 221 222 -1 223 224 225 -1 223 226 224 -1 227 41 228 -1 227 39 41 -1 229 230 231 -1 229 232 230 -1 233 169 234 -1 233 235 169 -1 236 237 226 -1 236 238 237 -1 239 240 241 -1 242 243 244 -1 242 245 243 -1 246 247 248 -1 246 95 247 -1 249 250 251 -1 249 252 250 -1 253 246 250 -1 253 254 246 -1 255 256 257 -1 255 258 256 -1 259 260 261 -1 262 260 263 -1 95 246 254 -1 97 9 74 -1 97 7 9 -1 264 265 266 -1 266 267 264 -1 268 269 270 -1 268 271 269 -1 272 273 274 -1 274 275 272 -1 276 39 227 -1 276 277 39 -1 278 279 280 -1 278 281 279 -1 282 191 283 -1 282 189 191 -1 280 276 284 -1 284 285 280 -1 286 285 287 -1 287 288 286 -1 194 9 8 -1 8 196 194 -1 289 290 291 -1 291 292 289 -1 221 293 294 -1 221 295 293 -1 296 297 298 -1 297 299 298 -1 300 301 302 -1 300 86 301 -1 303 304 305 -1 303 306 304 -1 289 292 307 -1 195 308 309 -1 188 310 186 -1 188 292 310 -1 311 312 313 -1 313 314 311 -1 315 316 187 -1 317 100 318 -1 319 320 321 -1 319 206 320 -1 322 323 324 -1 325 174 178 -1 326 178 179 -1 159 158 327 -1 123 328 2 -1 328 329 2 -1 122 330 331 -1 330 332 333 -1 330 334 332 -1 124 2 335 -1 2 336 335 -1 337 338 339 -1 337 340 338 -1 341 342 343 -1 344 345 346 -1 345 347 346 -1 348 0 2 -1 2 329 348 -1 121 13 17 -1 349 350 351 -1 156 352 353 -1 354 355 356 -1 357 217 358 -1 358 359 357 -1 203 202 216 -1 202 360 216 -1 361 202 362 -1 202 201 362 -1 111 105 363 -1 105 364 363 -1 365 366 364 -1 366 367 364 -1 368 369 366 -1 368 370 369 -1 365 371 372 -1 365 104 371 -1 373 374 375 -1 373 180 374 -1 376 377 378 -1 379 52 376 -1 376 380 379 -1 381 382 383 -1 382 384 383 -1 385 263 386 -1 385 387 263 -1 49 52 379 -1 388 389 101 -1 388 390 389 -1 391 392 393 -1 391 394 392 -1 395 43 396 -1 397 398 399 -1 399 400 397 -1 401 402 362 -1 203 403 201 -1 403 404 201 -1 405 400 406 -1 405 397 400 -1 407 408 409 -1 410 411 412 -1 410 413 411 -1 28 414 415 -1 28 416 414 -1 417 418 419 -1 420 236 421 -1 420 422 236 -1 414 128 415 -1 27 423 28 -1 184 57 58 -1 133 424 425 -1 133 426 424 -1 45 44 47 -1 44 66 47 -1 424 426 427 -1 427 163 424 -1 428 429 430 -1 431 432 433 -1 431 434 432 -1 430 63 428 -1 430 434 63 -1 435 62 64 -1 435 165 62 -1 436 437 438 -1 439 172 440 -1 172 171 440 -1 441 442 443 -1 444 445 446 -1 445 447 446 -1 448 182 449 -1 448 450 182 -1 437 451 452 -1 453 454 455 -1 455 456 453 -1 456 457 458 -1 459 460 449 -1 459 461 460 -1 462 463 450 -1 450 448 462 -1 464 445 444 -1 444 106 464 -1 465 466 467 -1 442 172 439 -1 442 441 172 -1 173 468 171 -1 469 425 470 -1 469 398 425 -1 471 472 435 -1 472 165 435 -1 205 473 474 -1 205 113 473 -1 112 473 113 -1 112 475 473 -1 205 474 204 -1 476 63 434 -1 476 64 63 -1 165 472 424 -1 424 163 165 -1 477 478 479 -1 425 397 133 -1 425 398 397 -1 37 480 481 -1 37 482 480 -1 483 418 417 -1 483 484 418 -1 412 409 410 -1 485 486 408 -1 136 357 359 -1 136 487 357 -1 137 134 488 -1 134 489 488 -1 405 406 490 -1 406 135 490 -1 406 403 487 -1 406 400 403 -1 401 362 201 -1 201 404 401 -1 402 401 491 -1 401 492 491 -1 402 491 108 -1 185 493 494 -1 185 183 493 -1 391 395 396 -1 396 394 391 -1 494 495 61 -1 59 61 495 -1 495 496 59 -1 53 390 388 -1 388 497 53 -1 51 498 499 -1 51 50 498 -1 386 500 501 -1 386 263 500 -1 450 502 182 -1 450 503 502 -1 366 372 368 -1 366 365 372 -1 363 402 111 -1 402 108 111 -1 363 361 362 -1 362 402 363 -1 366 369 504 -1 504 367 366 -1 216 20 23 -1 216 360 20 -1 217 26 358 -1 217 24 26 -1 505 354 506 -1 354 356 506 -1 126 355 125 -1 126 356 355 -1 369 507 504 -1 20 360 507 -1 507 508 20 -1 350 349 509 -1 148 510 19 -1 19 511 148 -1 13 138 14 -1 13 121 138 -1 138 121 336 -1 336 2 138 -1 512 345 513 -1 512 514 345 -1 157 341 343 -1 155 370 515 -1 515 98 155 -1 340 516 238 -1 340 337 516 -1 517 419 328 -1 419 329 328 -1 333 331 330 -1 333 518 331 -1 124 123 2 -1 519 518 520 -1 519 521 518 -1 520 522 523 -1 520 524 522 -1 525 325 526 -1 525 318 325 -1 527 528 529 -1 529 530 527 -1 319 207 206 -1 319 531 207 -1 324 323 532 -1 176 175 375 -1 375 533 176 -1 534 535 536 -1 534 537 535 -1 534 309 307 -1 307 316 534 -1 73 312 538 -1 538 90 73 -1 539 9 194 -1 539 540 9 -1 309 289 307 -1 309 308 289 -1 541 542 543 -1 543 544 541 -1 298 545 546 -1 298 299 545 -1 220 295 221 -1 220 545 295 -1 547 310 292 -1 292 291 547 -1 196 271 268 -1 268 82 196 -1 270 548 274 -1 270 549 548 -1 287 285 550 -1 285 284 550 -1 85 82 268 -1 268 273 85 -1 551 493 552 -1 553 58 281 -1 553 184 58 -1 277 116 162 -1 162 39 277 -1 269 554 549 -1 549 270 269 -1 555 283 191 -1 555 556 283 -1 557 558 283 -1 283 556 557 -1 282 264 552 -1 282 559 264 -1 258 560 256 -1 258 561 560 -1 562 563 564 -1 564 565 562 -1 260 566 261 -1 260 262 566 -1 566 258 255 -1 92 567 249 -1 92 568 567 -1 567 240 259 -1 567 244 240 -1 167 527 170 -1 528 527 167 -1 569 215 212 -1 231 230 228 -1 230 227 228 -1 225 570 223 -1 225 571 570 -1 222 81 220 -1 222 78 81 -1 183 192 193 -1 193 493 183 -1 234 572 233 -1 565 564 96 -1 573 574 575 -1 575 88 573 -1 247 576 248 -1 577 319 321 -1 305 304 578 -1 253 562 565 -1 565 254 253 -1 37 579 482 -1 37 36 579 -1 580 581 87 -1 87 200 580 -1 94 582 583 -1 94 93 582 -1 307 292 188 -1 552 193 189 -1 189 282 552 -1 46 31 33 -1 46 48 31 -1 461 454 467 -1 175 178 174 -1 175 176 178 -1 179 584 326 -1 528 169 235 -1 528 167 169 -1 463 378 450 -1 340 585 338 -1 340 586 585 -1 424 472 425 -1 353 508 154 -1 154 156 353 -1 160 587 120 -1 120 588 160 -1 153 152 159 -1 159 327 153 -1 409 589 410 -1 140 142 590 -1 591 127 592 -1 591 128 127 -1 338 517 328 -1 328 593 338 -1 356 594 506 -1 356 595 594 -1 125 18 15 -1 125 130 18 -1 596 579 143 -1 143 141 596 -1 29 480 482 -1 482 27 29 -1 126 146 595 -1 595 356 126 -1 597 590 598 -1 135 137 490 -1 415 29 28 -1 599 127 129 -1 1 138 2 -1 348 418 11 -1 373 98 515 -1 515 370 373 -1 373 99 98 -1 112 114 600 -1 600 601 112 -1 110 107 111 -1 107 105 111 -1 602 381 443 -1 381 603 443 -1 438 437 452 -1 460 448 449 -1 155 154 369 -1 369 370 155 -1 69 88 575 -1 575 70 69 -1 245 543 542 -1 542 604 245 -1 604 542 70 -1 70 575 604 -1 78 75 79 -1 78 93 75 -1 605 296 298 -1 605 214 296 -1 82 84 196 -1 211 91 209 -1 163 428 164 -1 163 477 428 -1 60 59 394 -1 59 392 394 -1 60 394 396 -1 396 166 60 -1 606 388 101 -1 43 45 396 -1 57 185 166 -1 376 51 377 -1 376 52 51 -1 434 430 432 -1 164 62 165 -1 41 40 607 -1 607 608 41 -1 35 34 36 -1 35 33 34 -1 422 586 340 -1 590 597 140 -1 193 552 493 -1 20 150 21 -1 20 508 150 -1 609 610 351 -1 609 611 610 -1 17 15 18 -1 17 13 15 -1 14 147 16 -1 14 139 147 -1 124 330 122 -1 559 265 264 -1 5 4 597 -1 595 413 594 -1 595 411 413 -1 146 12 612 -1 147 12 146 -1 0 139 1 -1 0 10 139 -1 613 557 614 -1 613 558 557 -1 615 616 617 -1 615 618 616 -1 8 619 620 -1 8 7 619 -1 610 119 510 -1 611 119 610 -1 350 609 351 -1 514 609 350 -1 150 353 509 -1 508 353 150 -1 481 39 162 -1 39 481 42 -1 608 621 420 -1 608 607 621 -1 430 393 432 -1 430 429 393 -1 43 622 44 -1 43 395 622 -1 163 478 477 -1 163 427 478 -1 497 606 431 -1 497 388 606 -1 57 396 45 -1 166 396 57 -1 63 164 428 -1 164 63 62 -1 605 546 623 -1 605 298 546 -1 624 291 290 -1 624 625 291 -1 547 76 94 -1 626 76 547 -1 627 301 581 -1 213 301 627 -1 74 95 97 -1 247 95 74 -1 628 245 242 -1 245 628 543 -1 576 74 73 -1 247 74 576 -1 372 444 446 -1 372 371 444 -1 448 466 462 -1 448 460 466 -1 383 603 381 -1 383 465 603 -1 602 442 389 -1 602 443 442 -1 629 113 205 -1 629 115 113 -1 370 630 373 -1 630 370 368 -1 440 205 102 -1 629 205 440 -1 631 632 11 -1 632 631 407 -1 358 505 359 -1 354 505 358 -1 598 5 597 -1 598 488 5 -1 506 3 489 -1 506 594 3 -1 585 517 338 -1 633 517 585 -1 415 591 634 -1 591 415 128 -1 482 596 27 -1 596 482 579 -1 26 125 355 -1 26 130 125 -1 592 599 635 -1 127 599 592 -1 29 634 480 -1 29 415 634 -1 413 589 6 -1 413 410 589 -1 611 120 119 -1 120 611 588 -1 514 636 609 -1 514 512 636 -1 346 637 638 -1 637 346 342 -1 639 344 640 -1 639 641 344 -1 161 152 642 -1 159 152 161 -1 349 610 149 -1 349 351 610 -1 637 341 317 -1 637 342 341 -1 608 228 41 -1 643 228 608 -1 585 621 635 -1 586 621 585 -1 378 384 376 -1 378 463 384 -1 326 325 178 -1 326 526 325 -1 456 644 453 -1 456 458 644 -1 645 468 173 -1 645 646 468 -1 318 637 317 -1 318 525 637 -1 182 447 449 -1 181 447 182 -1 455 461 459 -1 461 455 454 -1 95 565 96 -1 254 565 95 -1 647 578 304 -1 199 578 647 -1 198 315 187 -1 198 648 315 -1 335 587 649 -1 336 587 335 -1 650 502 503 -1 577 502 650 -1 251 576 89 -1 251 248 576 -1 574 170 651 -1 168 170 574 -1 271 8 620 -1 196 8 271 -1 252 567 652 -1 567 252 249 -1 313 73 72 -1 73 313 312 -1 210 538 653 -1 538 210 209 -1 654 234 655 -1 234 654 572 -1 357 403 203 -1 487 403 357 -1 241 651 170 -1 651 241 243 -1 605 212 214 -1 656 212 605 -1 421 570 643 -1 223 570 421 -1 657 225 656 -1 657 571 225 -1 80 657 623 -1 658 657 80 -1 229 570 571 -1 570 229 231 -1 79 658 80 -1 79 659 658 -1 302 654 300 -1 302 660 654 -1 660 572 654 -1 661 572 660 -1 662 663 516 -1 662 233 663 -1 569 661 660 -1 664 661 569 -1 237 516 663 -1 238 516 237 -1 212 664 569 -1 224 664 212 -1 575 651 604 -1 574 651 575 -1 604 243 245 -1 604 651 243 -1 259 239 260 -1 259 240 239 -1 244 568 242 -1 567 568 244 -1 652 566 255 -1 652 261 566 -1 560 562 256 -1 560 563 562 -1 266 258 566 -1 266 561 258 -1 617 563 615 -1 563 617 564 -1 613 560 561 -1 613 614 560 -1 552 665 551 -1 552 264 665 -1 283 559 282 -1 283 558 559 -1 557 554 618 -1 554 557 556 -1 269 620 616 -1 271 620 269 -1 556 549 554 -1 549 556 555 -1 58 279 281 -1 279 58 117 -1 183 553 192 -1 553 183 184 -1 222 294 582 -1 294 222 221 -1 547 583 310 -1 547 94 583 -1 75 659 79 -1 75 666 659 -1 667 77 668 -1 77 667 669 -1 670 668 671 -1 668 670 667 -1 624 671 625 -1 624 272 671 -1 273 270 274 -1 273 268 270 -1 672 192 553 -1 673 192 672 -1 286 672 278 -1 674 672 286 -1 675 190 673 -1 676 190 675 -1 230 550 284 -1 550 230 232 -1 675 677 678 -1 675 674 677 -1 555 548 549 -1 555 676 548 -1 669 550 666 -1 669 287 550 -1 677 667 670 -1 677 288 667 -1 548 275 274 -1 548 678 275 -1 83 195 84 -1 83 308 195 -1 679 295 680 -1 293 295 679 -1 681 310 583 -1 681 186 310 -1 295 299 680 -1 545 299 295 -1 682 581 580 -1 682 627 581 -1 655 574 573 -1 574 655 168 -1 541 70 542 -1 70 541 71 -1 543 683 544 -1 683 543 628 -1 540 74 9 -1 540 72 74 -1 72 684 313 -1 684 72 540 -1 539 534 536 -1 534 539 309 -1 683 653 685 -1 683 210 653 -1 684 535 686 -1 536 535 684 -1 534 315 537 -1 316 315 534 -1 687 199 647 -1 200 199 687 -1 688 580 689 -1 688 682 580 -1 680 297 690 -1 680 299 297 -1 647 691 687 -1 691 647 692 -1 693 689 694 -1 693 688 689 -1 679 690 695 -1 679 680 690 -1 306 696 692 -1 696 306 697 -1 694 698 699 -1 694 691 698 -1 693 648 695 -1 648 693 700 -1 685 311 697 -1 311 685 653 -1 314 698 696 -1 686 698 314 -1 537 699 535 -1 537 700 699 -1 533 320 701 -1 320 533 321 -1 650 702 531 -1 650 703 702 -1 207 528 208 -1 528 207 529 -1 531 529 207 -1 531 702 529 -1 702 530 529 -1 530 702 323 -1 322 530 323 -1 704 530 322 -1 318 174 325 -1 318 100 174 -1 332 705 706 -1 707 705 332 -1 708 638 709 -1 708 640 638 -1 707 639 705 -1 710 639 707 -1 701 711 712 -1 320 711 701 -1 709 713 708 -1 713 709 714 -1 713 524 706 -1 713 522 524 -1 523 519 520 -1 715 519 523 -1 716 712 711 -1 716 717 712 -1 649 334 335 -1 718 334 649 -1 334 707 332 -1 707 334 718 -1 524 518 333 -1 520 518 524 -1 519 719 521 -1 717 719 519 -1 662 716 720 -1 662 721 716 -1 719 337 339 -1 721 337 719 -1 593 331 722 -1 593 122 331 -1 338 722 339 -1 593 722 338 -1 375 99 373 -1 99 375 175 -1 352 157 343 -1 352 156 157 -1 343 350 352 -1 350 343 347 -1 513 327 512 -1 327 513 153 -1 512 158 636 -1 512 327 158 -1 336 120 587 -1 336 121 120 -1 348 10 0 -1 11 10 348 -1 507 154 508 -1 369 154 507 -1 504 360 202 -1 504 507 360 -1 511 21 148 -1 22 21 511 -1 361 364 367 -1 361 363 364 -1 446 181 630 -1 447 181 446 -1 503 703 650 -1 723 703 503 -1 324 724 499 -1 532 724 324 -1 723 450 378 -1 723 503 450 -1 55 382 725 -1 55 380 382 -1 704 500 726 -1 501 500 704 -1 704 498 501 -1 498 704 322 -1 50 385 386 -1 49 385 50 -1 322 499 498 -1 499 322 324 -1 725 389 390 -1 725 602 389 -1 497 56 53 -1 497 727 56 -1 496 54 56 -1 496 728 54 -1 495 728 496 -1 495 729 728 -1 493 495 494 -1 493 551 495 -1 61 185 494 -1 61 166 185 -1 399 401 404 -1 492 401 399 -1 492 730 491 -1 492 469 730 -1 137 598 490 -1 137 488 598 -1 487 135 406 -1 487 136 135 -1 632 411 612 -1 632 412 411 -1 11 484 631 -1 11 418 484 -1 485 407 631 -1 485 408 407 -1 486 28 423 -1 486 416 28 -1 731 423 732 -1 731 486 423 -1 589 731 733 -1 589 409 731 -1 734 4 733 -1 4 734 597 -1 735 484 483 -1 735 736 484 -1 483 129 735 -1 483 599 129 -1 592 40 591 -1 592 607 40 -1 732 27 596 -1 27 732 423 -1 734 596 141 -1 734 732 596 -1 141 597 734 -1 140 597 141 -1 397 131 133 -1 397 405 131 -1 143 36 34 -1 143 579 36 -1 145 30 32 -1 145 142 30 -1 737 68 65 -1 32 68 737 -1 478 622 479 -1 478 67 622 -1 103 606 101 -1 103 476 606 -1 64 103 204 -1 103 64 476 -1 730 112 601 -1 475 112 730 -1 115 451 114 -1 115 646 451 -1 425 471 470 -1 425 472 471 -1 204 435 64 -1 474 435 204 -1 473 470 471 -1 475 470 473 -1 600 438 109 -1 438 600 436 -1 646 452 451 -1 646 645 452 -1 465 738 603 -1 467 738 465 -1 464 107 218 -1 107 464 106 -1 467 453 738 -1 453 467 454 -1 644 172 441 -1 173 172 644 -1 645 457 452 -1 645 458 457 -1 455 218 456 -1 218 455 464 -1 219 452 457 -1 438 452 219 -1 457 218 219 -1 457 456 218 -1 464 459 445 -1 464 455 459 -1 441 453 644 -1 441 738 453 -1 109 219 110 -1 438 219 109 -1 449 445 459 -1 449 447 445 -1 443 738 441 -1 603 738 443 -1 451 600 114 -1 437 600 451 -1 600 437 436 -1 469 475 730 -1 469 470 475 -1 471 474 473 -1 471 435 474 -1 434 606 476 -1 606 434 431 -1 392 432 393 -1 433 432 392 -1 426 65 427 -1 426 737 65 -1 44 67 66 -1 67 44 622 -1 32 48 68 -1 48 32 31 -1 133 737 426 -1 737 133 132 -1 32 132 145 -1 737 132 32 -1 142 34 30 -1 142 143 34 -1 131 490 144 -1 131 405 490 -1 598 144 490 -1 590 144 598 -1 58 118 117 -1 46 118 58 -1 279 116 277 -1 117 116 279 -1 480 42 481 -1 480 634 42 -1 42 591 40 -1 591 42 634 -1 607 635 621 -1 592 635 607 -1 340 236 422 -1 340 238 236 -1 599 417 633 -1 417 599 483 -1 735 128 414 -1 129 128 735 -1 736 414 416 -1 414 736 735 -1 733 6 589 -1 6 733 4 -1 733 732 734 -1 733 731 732 -1 409 486 731 -1 409 408 486 -1 416 485 736 -1 486 485 416 -1 736 631 484 -1 631 736 485 -1 612 11 632 -1 11 612 12 -1 469 399 398 -1 492 399 469 -1 400 404 403 -1 399 404 400 -1 551 729 495 -1 551 665 729 -1 56 59 496 -1 56 727 59 -1 725 53 55 -1 725 390 53 -1 728 379 54 -1 728 49 379 -1 49 729 385 -1 728 729 49 -1 50 501 498 -1 50 386 501 -1 385 665 387 -1 729 665 385 -1 380 54 379 -1 54 380 55 -1 381 725 382 -1 725 381 602 -1 382 376 384 -1 382 380 376 -1 377 499 724 -1 51 499 377 -1 462 384 463 -1 384 462 383 -1 724 378 377 -1 723 378 724 -1 723 532 703 -1 723 724 532 -1 182 374 180 -1 182 502 374 -1 374 577 321 -1 502 577 374 -1 364 104 365 -1 105 104 364 -1 367 202 361 -1 367 504 202 -1 419 348 329 -1 348 419 418 -1 641 153 513 -1 151 153 641 -1 344 513 345 -1 641 513 344 -1 347 514 350 -1 347 345 514 -1 342 347 343 -1 347 342 346 -1 633 419 517 -1 633 417 419 -1 330 335 334 -1 124 335 330 -1 722 518 521 -1 722 331 518 -1 516 721 662 -1 516 337 721 -1 339 521 719 -1 339 722 521 -1 721 717 716 -1 721 719 717 -1 333 706 524 -1 333 332 706 -1 718 710 707 -1 718 642 710 -1 649 642 718 -1 161 642 649 -1 720 711 208 -1 720 716 711 -1 717 715 712 -1 717 519 715 -1 706 708 713 -1 706 705 708 -1 179 715 523 -1 715 179 177 -1 177 712 715 -1 701 712 177 -1 705 640 708 -1 639 640 705 -1 525 638 637 -1 709 638 525 -1 714 525 526 -1 709 525 714 -1 714 522 713 -1 714 584 522 -1 704 527 530 -1 726 527 704 -1 702 532 323 -1 702 703 532 -1 320 208 711 -1 208 320 206 -1 650 319 577 -1 531 319 650 -1 176 701 177 -1 176 533 701 -1 584 523 522 -1 584 179 523 -1 648 537 315 -1 648 700 537 -1 686 699 698 -1 535 699 686 -1 697 314 696 -1 314 697 311 -1 198 695 648 -1 198 679 695 -1 699 693 694 -1 700 693 699 -1 691 696 698 -1 691 692 696 -1 303 697 306 -1 697 303 685 -1 688 695 690 -1 695 688 693 -1 687 694 689 -1 694 687 691 -1 304 692 647 -1 692 304 306 -1 682 690 297 -1 690 682 688 -1 200 689 580 -1 689 200 687 -1 199 71 578 -1 199 69 71 -1 686 313 684 -1 686 314 313 -1 311 538 312 -1 311 653 538 -1 685 544 683 -1 685 303 544 -1 540 536 684 -1 536 540 539 -1 628 210 683 -1 210 628 211 -1 303 541 544 -1 303 305 541 -1 541 578 71 -1 305 578 541 -1 86 573 88 -1 573 86 300 -1 213 302 301 -1 213 215 302 -1 627 297 296 -1 627 682 297 -1 197 294 293 -1 294 197 681 -1 198 293 679 -1 293 198 197 -1 290 308 83 -1 289 308 290 -1 670 678 677 -1 275 678 670 -1 288 669 667 -1 288 287 669 -1 232 666 550 -1 666 232 659 -1 678 676 675 -1 548 676 678 -1 674 288 677 -1 674 286 288 -1 191 676 555 -1 191 190 676 -1 673 674 675 -1 673 672 674 -1 278 285 286 -1 278 280 285 -1 284 227 230 -1 284 276 227 -1 673 189 192 -1 190 189 673 -1 278 553 281 -1 672 553 278 -1 280 277 276 -1 280 279 277 -1 273 624 85 -1 273 272 624 -1 275 671 272 -1 671 275 670 -1 668 625 671 -1 626 625 668 -1 77 626 668 -1 626 77 76 -1 666 77 669 -1 77 666 75 -1 582 78 222 -1 582 93 78 -1 294 583 582 -1 681 583 294 -1 616 554 269 -1 616 618 554 -1 267 665 264 -1 665 267 387 -1 561 265 613 -1 266 265 561 -1 560 615 563 -1 560 614 615 -1 619 564 617 -1 564 619 96 -1 566 267 266 -1 262 267 566 -1 387 262 263 -1 267 262 387 -1 259 652 567 -1 259 261 652 -1 253 256 562 -1 257 256 253 -1 257 250 252 -1 257 253 250 -1 260 500 263 -1 260 239 500 -1 252 255 257 -1 252 652 255 -1 240 243 241 -1 244 243 240 -1 500 241 726 -1 239 241 500 -1 224 237 664 -1 226 237 224 -1 664 663 661 -1 237 663 664 -1 215 660 302 -1 569 660 215 -1 661 233 572 -1 663 233 661 -1 233 720 235 -1 662 720 233 -1 169 655 234 -1 169 168 655 -1 208 235 720 -1 528 235 208 -1 229 659 232 -1 658 659 229 -1 643 231 228 -1 570 231 643 -1 658 571 657 -1 229 571 658 -1 656 623 657 -1 623 656 605 -1 223 236 226 -1 421 236 223 -1 656 224 212 -1 225 224 656 -1 170 726 241 -1 170 527 726 -1 489 505 506 -1 489 134 505 -1 217 203 216 -1 217 357 203 -1 130 22 511 -1 130 25 22 -1 655 300 654 -1 655 573 300 -1 538 91 90 -1 538 209 91 -1 250 248 251 -1 246 248 250 -1 7 96 619 -1 7 97 96 -1 249 89 92 -1 249 251 89 -1 160 649 587 -1 160 161 649 -1 220 546 545 -1 220 81 546 -1 466 461 467 -1 466 460 461 -1 491 601 108 -1 491 730 601 -1 539 195 309 -1 195 539 194 -1 197 186 681 -1 186 197 187 -1 188 316 307 -1 188 187 316 -1 171 629 440 -1 171 468 629 -1 630 180 373 -1 630 181 180 -1 321 375 374 -1 321 533 375 -1 317 98 100 -1 155 98 317 -1 526 584 714 -1 584 526 326 -1 646 629 468 -1 646 115 629 -1 458 173 644 -1 458 645 173 -1 479 428 477 -1 479 429 428 -1 420 643 608 -1 421 643 420 -1 118 38 116 -1 118 35 38 -1 160 636 158 -1 588 636 160 -1 609 588 611 -1 609 636 588 -1 642 151 710 -1 642 152 151 -1 710 641 639 -1 710 151 641 -1 640 346 638 -1 640 344 346 -1 341 155 317 -1 155 341 157 -1 509 149 150 -1 149 509 349 -1 149 510 148 -1 149 610 510 -1 144 142 145 -1 144 590 142 -1 635 633 585 -1 599 633 635 -1 328 122 593 -1 328 123 122 -1 359 134 136 -1 505 134 359 -1 3 488 489 -1 488 3 5 -1 355 358 26 -1 355 354 358 -1 511 18 130 -1 19 18 511 -1 412 407 409 -1 407 412 632 -1 108 600 109 -1 600 108 601 -1 101 440 102 -1 101 439 440 -1 101 442 439 -1 101 389 442 -1 462 465 383 -1 462 466 465 -1 446 368 372 -1 368 446 630 -1 371 106 444 -1 371 104 106 -1 91 568 92 -1 91 211 568 -1 73 89 576 -1 73 90 89 -1 242 211 628 -1 242 568 211 -1 86 581 301 -1 86 87 581 -1 296 213 627 -1 214 213 296 -1 625 547 291 -1 625 626 547 -1 85 290 83 -1 85 624 290 -1 623 81 80 -1 546 81 623 -1 59 433 392 -1 727 433 59 -1 47 68 48 -1 68 47 66 -1 67 427 65 -1 67 478 427 -1 433 497 431 -1 727 497 433 -1 429 391 393 -1 479 391 429 -1 395 479 622 -1 395 391 479 -1 586 420 621 -1 586 422 420 -1 162 37 481 -1 162 38 37 -1 25 23 22 -1 24 23 25 -1 509 352 350 -1 353 352 509 -1 510 17 19 -1 119 17 510 -1 620 617 616 -1 617 620 619 -1 618 614 557 -1 614 618 615 -1 265 558 613 -1 265 559 558 -1 10 147 139 -1 12 147 10 -1 595 612 411 -1 146 612 595 -1 413 3 594 -1 413 6 3 -1' creaseAngle='1.571'>
            <Coordinate DEF='rcalc_Coord' point='-2.091 1.8971 -2.7946 -2.074 1.8883 -2.7885 -1.9844 1.8832 -2.8494 -2.8727 1.7227 -2.5175 -3.0285 1.8001 -2.5659 -3.0379 1.7855 -2.5544 -2.8679 1.7404 -2.5268 -3.2819 0.5142 -3.9755 -3.299 0.5491 -3.9918 -3.2013 0.545 -4.046 -2.2472 1.8868 -2.7203 -2.3417 1.9188 -2.7684 -2.3421 1.8797 -2.6923 -2.129 1.8621 -2.6268 -2.2273 1.8636 -2.6955 -2.2334 1.8198 -2.6134 -2.3218 1.8506 -2.6731 -2.1224 1.8663 -2.6071 -2.2258 1.8167 -2.5916 -2.2096 1.8222 -2.5563 -2.3799 1.745 -2.3071 -2.3342 1.7828 -2.3772 -2.3594 1.7503 -2.4442 -2.4215 1.7236 -2.3848 -2.4605 1.6981 -2.483 -2.395 1.7317 -2.5298 -2.4868 1.7054 -2.5418 -3.0724 2.1696 -3.0347 -2.9202 2.1836 -3.1689 -2.957 2.1901 -3.1884 -3.3608 1.7862 -2.7279 -3.3676 1.77 -2.7401 -3.3821 1.6844 -2.614 -3.3445 1.8657 -2.8429 -3.3416 1.8798 -2.8275 -3.2459 2.043 -3.0175 -3.2464 2.0578 -3.0021 -3.1194 2.1462 -3.0908 -3.1122 2.1325 -3.1277 -2.8937 2.11 -3.3315 -2.6937 2.0687 -3.4313 -2.7044 2.0558 -3.4462 -2.8833 2.1247 -3.3207 -3.4947 1.4776 -2.6945 -3.491 1.5071 -2.6881 -3.4491 1.593 -2.8412 -3.3317 1.8522 -2.9635 -3.4104 1.6722 -2.7964 -3.3921 1.7116 -2.7736 -3.1083 0.8629 -2.3215 -2.9952 0.8022 -2.3013 -2.9678 0.8334 -2.1621 -3.0663 0.8711 -2.1557 -3.2929 1.0975 -2.0445 -3.1974 0.9766 -2.1583 -3.2055 0.9767 -2.0312 -3.3045 1.0919 -2.1637 -3.4404 1.5466 -2.8758 -3.3187 1.8393 -3.0764 -3.3979 1.1824 -2.3438 -3.4197 1.2796 -2.5505 -3.3941 1.1991 -2.5939 -3.4016 1.3794 -2.1465 -3.4019 1.3586 -2.1398 -3.3756 1.4242 -1.9415 -3.4651 1.53 -2.4969 -3.442 1.5794 -2.6658 -3.4726 1.4984 -2.51 -3.4232 1.6148 -2.6484 -2.1947 0.4669 -3.7776 -2.2858 0.4551 -3.4863 -2.2268 0.3653 -3.6242 -3.0226 0.3771 -3.9619 -2.977 0.2817 -3.7511 -3.1246 0.4117 -3.9155 -2.8496 1.8824 -4.0934 -2.9567 1.7909 -4.1179 -2.9754 1.8018 -4.0744 -2.6999 1.8857 -4.0964 -2.7043 1.8928 -4.0818 -2.5519 1.8428 -4.0549 -2.5518 1.8349 -4.0687 -3.2999 0.7391 -4.0052 -3.2505 0.8913 -4.1355 -3.2586 0.7572 -4.0711 -3.2758 0.9147 -4.0829 -2.1547 0.674 -3.9391 -2.1541 0.6542 -3.9682 -2.2003 0.4968 -3.7562 -2.9306 0.288 -3.611 -2.9192 0.2714 -3.625 -2.8665 0.2586 -3.5348 -2.8769 0.2767 -3.5276 -2.8409 1.8712 -4.1098 -2.9417 1.7887 -4.1353 -3.1769 0.4335 -3.8734 -3.2637 0.406 -3.7756 -3.1902 0.4398 -3.8896 -2.2048 1.5463 -2.0969 -2.2068 1.5263 -2.1057 -2.1105 1.5065 -2.0944 -3.2816 1.2364 -1.7566 -3.3315 1.3592 -1.7419 -3.3385 1.3515 -1.7726 -2.5732 1.6384 -1.752 -2.6874 1.7131 -1.725 -2.5836 1.6113 -1.7351 -2.6923 1.7023 -1.714 -2.9602 1.9274 -1.6845 -2.9554 1.9061 -1.657 -2.8165 1.7976 -1.695 -2.8132 1.8054 -1.7068 -3.2722 1.8629 -1.7411 -3.3283 1.6888 -1.7338 -3.251 1.8441 -1.7029 -3.3164 1.6834 -1.7205 -3.0869 2.112 -3.2029 -3.2155 2.0242 -3.1731 -3.2316 2.0227 -3.0854 -2.1174 1.8828 -2.5545 -2.0031 1.9012 -2.6248 -2.0092 1.8936 -2.6724 -1.9613 1.8314 -2.9098 -1.9623 1.8568 -2.9063 -1.8849 1.8651 -2.8747 -2.338 1.7765 -2.6003 -2.4162 1.8376 -2.6507 -2.5557 2.0378 -3.367 -2.6886 2.1206 -3.366 -2.5548 2.0446 -3.3411 -2.3293 1.7653 -2.5765 -3.3784 1.7278 -2.407 -3.3992 1.7134 -2.418 -3.3948 1.7149 -2.3278 -2.9053 1.6714 -2.4807 -3.0759 1.6739 -2.4861 -2.9087 1.6616 -2.4616 -3.0673 1.69 -2.5046 -2.0655 1.8781 -2.7857 -2.2403 1.8748 -2.706 -3.3112 1.871 -2.6431 -3.2889 1.9534 -2.7198 -3.3454 1.8558 -2.6585 -3.3247 1.9364 -2.758 -3.3266 1.8129 -2.571 -3.356 1.7993 -2.5834 -2.4298 1.8575 -2.6532 -2.3365 1.8655 -2.6785 -2.2709 1.8007 -2.4471 -2.2553 1.8385 -2.3927 -2.3065 1.8064 -2.3059 -1.7127 1.908 -2.4617 -1.7428 1.9443 -2.513 -1.7837 1.9175 -2.4706 -2.2798 1.6692 -2.1014 -2.1926 1.6233 -2.0621 -2.2693 1.6852 -2.1019 -2.1865 1.6447 -2.0584 -1.8686 1.9673 -2.5372 -1.8019 1.9758 -2.537 -1.8889 1.9496 -2.5792 -1.7817 1.974 -2.5777 -3.0363 2.1268 -3.2102 -3.4659 1.4494 -2.379 -3.4517 1.384 -2.2863 -3.4134 1.473 -2.1725 -3.43 1.3564 -2.724 -2.5524 0.7928 -2.9532 -2.4345 0.755 -3.2545 -2.459 0.858 -3.1063 -2.578 0.6821 -3.0763 -3.2697 1.4231 -1.7101 -3.2534 1.3162 -1.7054 -3.186 1.5017 -1.7146 -2.1094 1.4106 -2.1611 -2.1995 1.434 -2.1547 -2.1588 1.3538 -2.2401 -2.1375 1.3934 -2.331 -2.0854 1.3552 -2.2398 -2.0645 1.4089 -2.335 -2.434 1.4615 -1.9973 -2.4527 1.4943 -1.9246 -2.5059 1.3748 -1.955 -3.4519 1.2727 -3.0003 -3.4075 1.5059 -3.0526 -3.4467 1.3369 -2.824 -2.9662 1.4746 -4.2274 -2.9051 1.3428 -4.2834 -3.0274 1.345 -4.2612 -3.4207 1.0141 -3.2025 -3.3735 0.9935 -3.3465 -3.4381 0.873 -3.3438 -3.3942 1.228 -3.2077 -3.4293 1.0247 -3.1231 -3.2086 0.6612 -4.0878 -3.2032 0.7917 -4.1491 -3.3068 0.6346 -4.0013 -2.7983 1.4998 -4.2379 -2.7228 1.3372 -4.2936 -2.1892 0.4218 -3.8431 -2.1708 0.6142 -4.011 -2.8049 1.6915 -2.1936 -2.6093 1.6645 -2.1537 -2.6653 1.6356 -2.3056 -3.3522 1.5107 -1.7977 -3.3589 1.5913 -1.7318 -2.3497 1.1685 -2.4475 -2.409 1.1036 -2.4982 -2.3522 1.2012 -2.6904 -2.8397 0.2243 -3.5382 -2.7858 0.1966 -3.5501 -2.8144 0.2567 -3.4735 -2.3141 1.5109 -3.8332 -2.2067 1.1883 -3.9956 -2.256 1.4506 -3.9948 -2.2419 1.2697 -3.8351 -2.5515 1.7003 -2.3384 -2.5846 1.7058 -2.4337 -2.7428 1.6599 -1.7061 -2.8863 1.7745 -1.6731 -2.5775 1.7586 -4.1189 -2.5954 1.7352 -4.1577 -2.6667 1.8349 -4.1418 -2.4327 1.7431 -3.5149 -2.3467 1.5608 -3.6345 -2.4104 1.6657 -3.686 -2.3274 1.6413 -3.4471 -2.8288 2.0294 -3.4518 -2.6838 1.9922 -3.5112 -2.6281 1.8674 -3.7519 -2.7897 1.9731 -3.5932 -2.6638 1.9264 -3.587 -2.7725 1.9405 -3.7497 -2.3584 1.2379 -3.1617 -2.3887 1.0081 -3.2536 -2.4022 1.08 -2.9657 -2.3163 1.7215 -3.3041 -2.2966 1.5003 -3.3569 -2.2636 1.6435 -3.2116 -2.831 0.5996 -3.0106 -2.8129 0.5509 -3.1084 -2.6845 0.601 -3.0603 -2.7152 0.2769 -3.3574 -2.6432 0.4913 -3.1813 -2.7712 0.4415 -3.2218 -2.5629 0.3097 -3.2967 -3.0946 0.4377 -3.7427 -3.1197 0.4085 -3.8957 -3.0373 0.3619 -3.7402 -2.9303 0.3972 -3.4921 -3.0459 0.4643 -3.6219 -2.9897 0.379 -3.6218 -3.0213 0.4995 -3.4883 -3.1431 0.4622 -3.5875 -3.1592 0.4256 -3.7141 -3.1181 0.559 -3.3316 -3.2121 0.4807 -3.4516 -3.1334 0.5073 -3.4557 -3.1682 0.5383 -3.314 -2.9403 0.5427 -3.1799 -2.9755 0.6418 -3.0218 -3.012 0.5906 -3.199 -3.0378 0.6681 -3.0168 -2.9737 0.7242 -2.8519 -3.3086 0.7568 -3.0365 -3.3532 0.6539 -3.1635 -3.2195 0.622 -3.1688 -3.1689 0.6779 -3.0126 -3.3408 0.7316 -3.93 -3.4875 0.5906 -3.7724 -3.3778 0.7532 -3.7921 -3.3977 0.6073 -3.9107 -3.255 1.1093 -4.0106 -3.2899 0.9264 -3.9695 -3.315 0.9446 -3.8253 -3.2549 1.1182 -3.8489 -3.0019 2.032 -3.4241 -3.0542 2.0889 -3.2987 -3.2639 1.7597 -3.3967 -3.1946 2.0004 -3.2742 -3.1436 1.9279 -3.4144 -3.3009 1.8071 -3.2242 -3.4184 0.7792 -3.1751 -3.4645 0.6715 -3.3173 -2.9851 1.9847 -3.5673 -3.0826 1.8863 -3.5618 -3.1941 1.7079 -3.5509 -3.0601 1.8553 -3.746 -3.1383 1.6856 -3.7119 -3.1707 1.0937 -4.2607 -3.2227 1.0923 -4.1828 -3.1402 1.3412 -4.1784 -3.0833 1.3433 -4.2404 -2.6748 1.5525 -4.2292 -2.7387 1.6861 -4.1688 -2.5449 1.6238 -4.1799 -2.2519 1.4464 -4.0189 -2.3004 1.3702 -4.1511 -2.3425 1.6173 -4.0278 -2.3961 1.5223 -4.1446 -2.2165 0.7639 -3.7538 -2.1872 0.884 -3.993 -2.203 0.945 -3.8529 -2.4768 0.1594 -3.6029 -2.2623 0.2476 -3.7316 -2.3287 0.2354 -3.5988 -2.3851 0.1941 -3.8114 -3.1019 1.1027 -4.3123 -3.1929 0.9022 -4.2055 -3.0956 0.9039 -4.3165 -3.005 1.5461 -4.2118 -2.7436 0.2001 -3.812 -2.8773 0.2402 -3.7803 -2.9076 0.3346 -3.998 -2.7348 0.2969 -4 -2.8466 1.1284 -4.3435 -2.9723 1.1146 -4.3388 -2.0937 1.5985 -2.0504 -2.0284 1.5082 -2.119 -2.3531 1.1952 -2.2691 -2.2798 1.2848 -2.3661 -2.2745 1.2581 -2.2398 -2.7247 0.7832 -2.3474 -2.6292 0.8278 -2.3481 -2.6843 0.8087 -2.2392 -1.995 1.4046 -2.2081 -1.9925 1.3981 -2.2976 -1.8512 1.9432 -2.506 -2.0419 1.8369 -2.9538 -2.0666 1.8557 -2.9359 -1.8375 1.8201 -2.8714 -1.9673 1.7711 -2.895 -1.7079 1.8041 -2.731 -1.7991 1.7345 -2.8064 -1.7612 1.8815 -2.7716 -1.8393 1.9388 -2.7702 -1.9464 1.9302 -2.7181 -2.2201 1.6037 -3.0629 -2.1703 1.808 -3.0661 -2.1487 1.6932 -2.9968 -2.2438 1.6762 -3.1443 -2.0909 1.6183 -2.046 -1.9754 1.6459 -2.1015 -2.0806 1.6783 -2.1307 -1.7847 1.7465 -2.294 -1.8908 1.7753 -2.346 -1.8786 1.6765 -2.1843 -1.9815 1.7224 -2.2262 -2.1869 1.9248 -2.8293 -2.2467 1.8491 -2.3784 -2.086 1.7631 -2.2761 -2.1808 1.89 -2.4308 -2.1889 1.7176 -2.1675 -2.3273 1.7636 -2.206 -2.5933 1.7086 -2.5352 -2.4993 1.7172 -2.5615 -2.5541 1.7797 -2.591 -2.7074 1.649 -2.4006 -2.5945 1.6986 -2.512 -2.7415 1.6671 -2.4791 -2.4928 1.6977 -2.2138 -2.7306 1.7265 -2.0136 -2.927 1.7347 -2.0256 -2.7702 1.7584 -1.8452 -2.6363 1.7026 -1.8321 -2.5361 1.6262 -1.8146 -2.4523 1.6118 -1.9239 -2.5752 1.667 -1.97 -2.4251 1.5787 -1.9087 -2.3558 1.6206 -2.0794 -2.3147 1.568 -2.0864 -2.5253 1.6055 -1.7707 -2.4895 1.5964 -1.8023 -2.3095 1.5458 -2.0872 -2.387 1.4063 -2.0915 -2.2739 1.4429 -2.1347 -3.0202 0.8884 -2.0639 -2.9202 0.9021 -2.0662 -2.8411 1.0275 -1.9769 -3.0999 0.8814 -2.1521 -3.11 0.882 -2.0504 -3.1466 0.9448 -1.772 -3.1153 0.9142 -1.8651 -3.0078 0.9322 -1.7966 -3.0009 0.918 -1.8803 -3.1095 0.8106 -2.5926 -2.9948 0.7463 -2.5806 -3.1299 0.7457 -2.8681 -3.3146 1.2188 -1.9045 -3.2739 1.0689 -1.7452 -3.2788 1.1021 -1.8731 -3.5109 1.3609 -2.4833 -3.4126 1.1978 -2.343 -3.4922 1.2709 -2.3464 -3.4306 1.2951 -2.5428 -3.5125 1.4256 -2.5724 -3.4374 1.3696 -2.7085 -3.2857 1.679 -2.3411 -3.2615 1.7277 -2.2641 -3.1377 1.6795 -2.22 -3.145 1.6261 -2.3243 -2.9731 1.731 -2.0405 -2.9756 1.8185 -1.8567 -2.9768 1.5811 -2.3115 -2.9705 1.6346 -2.2072 -3.2828 1.6861 -2.4261 -3.1323 1.613 -2.4229 -2.5649 1.9515 -2.7849 -2.6654 2.0038 -2.8597 -2.7347 1.9114 -2.7314 -2.7087 1.8268 -2.6352 -2.5684 1.8145 -2.6126 -2.6107 1.8554 -2.6671 -2.6979 1.7294 -2.5521 -2.7002 2.1378 -3.2606 -2.8549 2.1709 -3.2796 -2.7586 2.1266 -3.1256 -2.2691 1.9188 -3.063 -2.284 1.9442 -2.8851 -2.1896 1.8769 -2.9999 -2.4271 1.8566 -3.3696 -2.4298 1.8031 -3.4381 -2.3004 1.7792 -3.2419 -2.9753 2.1402 -2.9897 -3.4308 1.5948 -2.2809 -3.3626 1.7246 -2.2392 -3.4221 1.5902 -2.3637 -3.4637 1.4854 -2.4191 -3.4622 1.3292 -2.2996 -3.4954 1.2946 -2.3367 -3.4425 1.2787 -2.2415 -3.3769 1.2167 -2.0781 -3.4361 1.2495 -2.2442 -3.3931 1.2041 -2.2117 -3.4123 1.2735 -2.1089 -3.411 1.5347 -1.9798 -3.1001 1.8901 -1.6665 -3.0972 1.8689 -1.6616 -3.0111 1.8628 -1.6451 -3.2699 1.2396 -1.7422 -3.3198 1.3611 -1.728 -3.1801 1.1778 -1.715 -3.2639 1.0706 -1.7325 -3.2269 1.0195 -1.7378 -2.5293 1.572 -1.7591 -2.5383 1.538 -1.781 -2.4823 1.56 -1.7971 -2.4988 1.5191 -1.8076 -2.7269 1.2004 -1.8476 -2.5789 1.4023 -1.8377 -2.699 1.1759 -1.9296 -3.1936 1.8009 -1.6793 -3.1067 1.739 -1.6762 -2.9495 1.3277 -1.7467 -2.8213 1.2726 -1.7893 -2.7096 1.4651 -1.7632 -2.8469 1.5335 -1.7438 -2.958 1.6317 -1.7134 -2.9853 1.587 -1.7139 -2.6368 1.4265 -1.7934 -2.7346 1.2069 -1.8328 -2.7801 1.2412 -1.8116 -2.859 1.0275 -1.8352 -2.8491 1.0298 -1.9157 -2.6203 1.5808 -1.7338 -3.0071 0.9483 -1.7806 -2.8699 1.0422 -1.8108 -2.9286 1.0953 -1.7697 -3.2621 1.5384 -1.7059 -3.2249 1.8123 -2.0685 -3.317 1.7767 -2.0534 -3.4165 1.6451 -1.9921 -3.4396 1.5997 -2.19 -3.379 1.6891 -1.8401 -3.3704 1.573 -1.8085 -3.2985 1.8375 -1.8781 -3.3738 1.3273 -1.9306 -3.4663 1.4325 -2.394 -3.4656 1.4654 -2.4294 -3.5136 1.3812 -2.4659 -2.983 2.1745 -3.2089 -3.0235 2.1397 -3.1995 -3.1026 2.1678 -3.0584 -2.3894 1.997 -3.1429 -2.4213 1.9989 -3.0035 -2.6409 2.0359 -2.9194 -2.806 2.0818 -2.9512 -2.9499 1.6057 -2.3936 -3.0526 1.7499 -2.5402 -2.8833 1.6843 -2.5129 -3.2523 1.7391 -2.541 -3.0644 1.8674 -1.8713 -3.1025 1.7688 -2.0537 -3.4338 1.0704 -2.9714 -3.4047 1.1661 -2.7513 -3.3156 1.0306 -2.644 -3.2979 1.0721 -2.3525 -3.3652 1.1978 -2.071 -2.8403 0.7615 -2.3257 -2.7893 0.8037 -2.2115 -2.8293 0.6643 -2.8328 -2.8779 0.7291 -2.5726 -2.4422 1.3251 -2.0488 -2.5998 1.1215 -2.0088 -2.5211 1.6276 -2.0816 -2.7389 1.6762 -2.4986 -2.6921 1.6923 -2.5419 -2.4177 1.6726 -2.1393 -2.3401 1.7544 -2.2188 -2.2959 1.8163 -2.2923 -2.1992 1.8503 -2.5025 -2.2963 1.7824 -2.5029 -1.9277 1.8854 -2.4554 -1.8363 1.8515 -2.4113 -1.9929 1.8358 -2.3966 -2.2152 1.5489 -2.0999 -2.2588 1.5323 -3.1286 -2.1687 1.8313 -3.0504 -1.9706 1.7033 -2.8306 -2.1188 1.5447 -2.679 -2.0211 1.5716 -2.6734 -2.0715 1.6503 -2.8586 -1.8728 1.4709 -2.4717 -2.0383 1.4927 -2.5178 -1.8395 1.5753 -2.6322 -1.9292 1.5293 -2.1706 -1.9344 1.426 -2.2596 -2.5996 0.7507 -2.8923 -2.4586 1.0006 -2.7593 -2.503 0.9634 -2.5499 -2.6385 0.8221 -2.5876 -2.4311 1.0764 -2.2828 -2.6419 0.8588 -2.1826 -2.2142 1.3291 -2.2263 -3.0001 0.8954 -4.3512 -2.783 0.6583 -4.2996 -2.9821 0.6702 -4.2542 -2.7957 0.9045 -4.3721 -2.8741 0.2132 -3.6562 -3.0701 0.6839 -4.2166 -3.0509 0.532 -4.1249 -2.3597 0.2751 -3.4776 -2.4302 0.358 -3.3444 -2.5545 0.2884 -3.3191 -2.5278 0.2055 -3.4659 -2.4777 1.6527 -4.1274 -2.4197 1.7484 -4.0521 -3.0378 1.6126 -4.1627 -3.3308 0.9542 -3.661 -3.4134 0.7783 -3.6369 -2.9304 1.9349 -3.7485 -3.3557 0.9416 -2.9206 -3.3976 0.8587 -3.07 -3.3548 1.4898 -3.2165 -3.5017 0.5814 -3.5938 -3.4288 0.8022 -3.4685 -3.485 0.6252 -3.4331 -3.4859 0.5581 -3.4026 -3.4541 0.5961 -3.3085 -3.3838 0.6813 -3.1648 -3.3412 0.4638 -3.4218 -3.2812 0.5388 -3.308 -3.2428 0.4211 -3.5437 -3.3403 0.397 -3.5411 -3.3102 0.3826 -3.6769 -3.245 0.4106 -3.6924 -3.0884 0.6093 -3.1817 -2.8921 0.4236 -3.3575 -2.8237 0.2765 -3.4577 -2.2637 1.3162 -3.7398 -2.5595 1.8528 -3.5719 -2.5202 1.7898 -3.7308 -2.3455 1.0928 -3.3381 -2.2802 0.6571 -3.5529 -2.3826 0.6447 -3.3793 -2.2977 0.4885 -3.47 -2.9912 0.2951 -3.7434 -2.3557 1.2314 -2.1612 -2.2373 0.3036 -3.6803 -3.236 2.104 -2.9304 -2.1948 0.8167 -4.0914 -2.1856 0.8725 -4.0265 -2.8117 1.8287 -4.1535 -2.9029 1.7376 -4.1751 -1.9616 1.4122 -2.3169 -2.2681 1.845 -3.1773 -2.2943 1.7949 -3.2262 -1.9189 1.947 -2.6363 -2.0018 1.924 -2.5549 -2.7978 1.812 -2.6189 -3.3118 1.861 -2.6345 -2.6892 2.1057 -3.4 -2.5635 2.0178 -3.3925 -2.0401 1.8051 -2.9573 -2.6903 1.7108 -2.5431 -2.5568 1.8001 -2.6032 -3.2063 2.1047 -2.8917 -3.2047 1.8585 -2.6298 -3.2206 1.8073 -2.6146 -2.3905 1.9547 -3.2635 -3.1125 1.9225 -1.6775 -3.1162 1.9409 -1.7168 -3.2349 1.0135 -1.7493 -3.1389 0.9547 -1.7603 -2.4371 0.385 -3.3266 -2.3399 1.6242 -4.0134 -3.3232 1.2383 -1.9095 -2.5731 1.9843 -3.4235 -2.5771 1.9708 -3.4395 -2.1022 1.9083 -2.4785 -2.1884 1.8796 -2.4455 -2.1117 1.9011 -2.4955 -2.4395 1.872 -2.6643 -3.4192 0.5618 -3.304 -3.4455 0.5043 -3.3956 -3.4642 0.4377 -3.545 -3.4942 0.4891 -3.7295 -3.452 0.4336 -3.7194 -3.5044 0.4903 -3.5605 -3.3719 0.469 -3.8783 -3.412 0.5179 -3.8917 -2.4256 1.872 -3.3549 -3.5135 1.4485 -2.5575 -2.4193 1.7559 -4.0383 -3.2317 1.1018 -4.158 -3.1501 1.346 -4.1567 -3.0501 1.6165 -4.1433 -2.2051 1.1823 -4.0205 -2.7047 0.2568 -3.3747 -3.3472 1.5922 -1.7191 -2.4229 1.5609 -1.9076 -2.4843 1.9728 -2.8504 -2.4869 1.9099 -2.7251 -2.2625 1.875 -3.1555 -2.869 2.1567 -3.2998 -2.4002 1.9302 -3.2875 -2.0005 1.934 -2.5157 -1.9703 1.6276 -2.1084 -1.8718 1.6593 -2.1919 -1.7241 1.8062 -2.3992 -1.7655 1.7187 -2.3088 -1.7442 1.8317 -2.3851 -1.7242 1.9416 -2.5477 -2.5689 1.9147 -3.5012 -3.0881 1.4143 -1.7228 -3.1373 1.6485 -1.6907 -3.2285 1.6706 -1.6926 -2.2024 0.3693 -3.9261 -2.6771 1.1403 -4.3465 -1.777 1.9707 -2.6389 -2.4597 1.0732 -2.1316 -2.5132 0.5622 -3.2513 -3.022 0.544 -3.3499 -2.7493 0.1641 -3.6618 -2.292 0.9226 -3.546 -2.3457 0.8084 -3.4193 -2.3709 1.629 -3.8683 -2.4716 1.7807 -3.9006 -2.5838 1.859 -3.9232 -2.7444 1.9217 -3.9431 -2.2511 1.0624 -3.6474 -2.3038 1.2311 -3.465 -2.2993 1.4118 -3.0277 -2.3084 1.3749 -3.2674 -2.3085 1.3966 -3.5536 -3.2536 0.8401 -2.8788 -2.8865 1.9163 -3.9347 -3.1063 1.6646 -3.8987 -3.0835 1.6283 -4.0442 -3.0194 1.8319 -3.9275 -3.1832 1.3834 -3.8834 -3.179 1.3551 -4.0377 -3.3101 1.4558 -3.3548 -3.3461 1.1988 -3.3441 -3.2501 1.4237 -3.5446 -3.3014 1.1577 -3.51 -3.3541 0.9758 -3.5043 -3.2116 1.4046 -3.6931 -3.2812 1.1292 -3.6675 -2.5787 1.3829 -4.2814 -2.4516 1.4392 -4.2351 -2.8553 1.6358 -4.1874 -2.2389 1.1239 -4.1344 -2.6873 0.1689 -3.5201 -2.9516 0.5135 -4.1594 -2.6265 0.1406 -3.6541 -2.7551 0.4901 -4.1886 -2.1892 0.565 -4.0654 -2.3159 1.0444 -4.2606 -2.2266 0.7362 -4.1581 -2.3909 1.2709 -4.2628 -2.3588 0.5109 -4.1512 -2.3457 0.3129 -4.0036 -2.4504 0.989 -4.3489 -2.3957 0.67 -4.2606 -2.5107 1.2064 -4.3328 -2.538 0.2926 -4.0156 -2.5535 0.1832 -3.8268 -2.569 0.4887 -4.1797 -2.5931 0.6818 -4.307 -2.6185 0.9272 -4.3746 -2.2067 1.3585 -2.3358 -2.5396 0.9364 -2.3216 -2.5621 0.945 -2.1418 -2.7429 0.7411 -2.5927 -1.6871 1.7335 -2.497 -1.7342 1.6452 -2.5743 -1.6622 1.8579 -2.5893 -1.7377 1.6159 -2.3693 -1.8477 1.5552 -2.2535 -1.6898 1.8931 -2.4804 -2.2818 1.332 -2.6284 -2.1904 1.4342 -2.5426 -1.7723 1.526 -2.4291 -1.8713 1.4618 -2.3125 -2.1189 1.4813 -2.5327 -2.2641 1.4014 -2.7688 -2.1859 1.5053 -2.7288 -1.7109 1.9338 -2.6282 -2.1706 1.5988 -2.9035 -2.3252 1.2801 -2.8327 -2.2392 1.5217 -2.9658 -2.0489 1.7384 -2.9356 -2.6942 0.9783 -2.0505 -2.7384 0.8736 -2.1199 -3.2198 1.0148 -1.8606 -2.6885 0.6822 -2.8738 -3.3794 1.1871 -2.2037 -3.1907 0.947 -2.3409 -3.2187 0.902 -2.6033 -3.1968 1.8906 -1.8987 -2.893 1.9596 -2.7736 -3.091 2.0466 -2.8246 -2.9703 1.8539 -2.6473 -3.1712 1.9259 -2.703 -2.5608 2.0774 -3.2187 -2.5898 2.066 -3.078 -3.425 1.6147 -2.4627 -3.0621 1.1131 -1.741'/>
          </IndexedFaceSet>
        </Shape>
        <Shape DEF='rcuboid'>
          <Appearance>
            <Material ambientIntensity='0.098' diffuseColor='1 0.9765 0.8667' emissiveColor='1 0 0' shininess='0.05' specularColor='0.349 0.349 0.349'/>
          </Appearance>
          <IndexedFaceSet DEF='rcuboid_Geo' coordIndex='0 1 2 -1 2 1 3 -1 4 5 6 -1 7 8 9 -1 7 10 8 -1 11 1 0 -1 12 13 14 -1 15 16 17 -1 18 19 20 -1 21 22 23 -1 21 24 22 -1 25 26 27 -1 28 29 30 -1 29 31 30 -1 32 33 34 -1 35 36 37 -1 38 39 40 -1 41 10 42 -1 43 44 45 -1 46 47 48 -1 49 50 51 -1 52 53 54 -1 52 55 53 -1 56 57 58 -1 59 60 61 -1 62 63 64 -1 64 65 62 -1 66 67 68 -1 69 70 71 -1 72 23 22 -1 72 73 23 -1 74 75 39 -1 76 77 78 -1 77 36 78 -1 79 80 81 -1 79 82 80 -1 83 84 85 -1 83 82 84 -1 86 87 88 -1 86 89 87 -1 90 91 92 -1 91 93 92 -1 0 94 95 -1 0 96 94 -1 97 98 99 -1 98 100 99 -1 101 102 103 -1 101 104 102 -1 105 106 107 -1 108 109 110 -1 45 44 111 -1 69 71 112 -1 113 94 114 -1 115 116 117 -1 118 71 70 -1 115 119 120 -1 120 116 115 -1 121 122 123 -1 124 125 126 -1 124 44 125 -1 127 128 129 -1 129 130 127 -1 131 132 133 -1 123 134 135 -1 136 137 138 -1 138 139 136 -1 140 138 137 -1 141 142 143 -1 141 144 142 -1 145 146 147 -1 145 148 146 -1 149 46 48 -1 149 33 46 -1 47 46 32 -1 32 150 47 -1 1 151 152 -1 153 154 155 -1 154 121 118 -1 156 157 158 -1 156 159 157 -1 160 161 20 -1 162 163 164 -1 164 165 162 -1 16 166 17 -1 16 162 166 -1 162 167 163 -1 162 16 167 -1 30 168 169 -1 30 170 168 -1 37 171 35 -1 10 172 8 -1 10 173 172 -1 174 175 176 -1 5 172 177 -1 5 8 172 -1 169 178 179 -1 169 168 178 -1 57 180 58 -1 57 181 180 -1 182 183 184 -1 182 185 183 -1 186 187 188 -1 186 189 187 -1 190 189 145 -1 189 186 145 -1 191 192 193 -1 85 0 2 -1 85 84 0 -1 194 195 196 -1 195 197 196 -1 194 198 199 -1 198 200 199 -1 201 202 203 -1 201 204 202 -1 205 206 207 -1 208 15 17 -1 209 210 211 -1 212 148 213 -1 212 146 148 -1 141 214 147 -1 141 215 214 -1 216 217 113 -1 113 218 216 -1 190 219 189 -1 190 220 219 -1 221 115 81 -1 217 11 95 -1 217 222 11 -1 82 79 223 -1 223 84 82 -1 224 225 3 -1 3 226 224 -1 227 228 229 -1 227 230 228 -1 231 232 233 -1 234 235 177 -1 177 236 234 -1 78 237 238 -1 78 239 237 -1 77 37 36 -1 41 240 241 -1 41 42 240 -1 9 242 243 -1 130 123 122 -1 122 244 130 -1 134 129 125 -1 125 245 134 -1 57 56 32 -1 46 33 32 -1 182 246 185 -1 64 247 65 -1 248 249 250 -1 250 251 248 -1 250 183 185 -1 170 185 246 -1 175 252 253 -1 253 169 175 -1 254 255 178 -1 256 257 258 -1 154 259 155 -1 259 159 155 -1 260 112 71 -1 71 261 260 -1 262 263 264 -1 262 108 263 -1 265 266 267 -1 261 138 260 -1 268 269 270 -1 269 271 270 -1 254 272 131 -1 254 246 272 -1 273 227 229 -1 274 30 31 -1 250 274 251 -1 250 185 274 -1 251 275 248 -1 276 29 68 -1 276 25 29 -1 277 278 247 -1 277 279 278 -1 280 247 64 -1 280 277 247 -1 63 281 64 -1 282 283 284 -1 285 286 287 -1 286 288 287 -1 50 282 284 -1 150 289 111 -1 245 44 43 -1 245 125 44 -1 290 127 291 -1 258 257 49 -1 49 292 258 -1 293 153 294 -1 293 122 153 -1 243 42 7 -1 243 295 42 -1 239 78 36 -1 238 237 108 -1 108 262 238 -1 177 172 296 -1 296 236 177 -1 297 298 299 -1 144 300 92 -1 92 142 144 -1 196 301 302 -1 195 303 197 -1 304 305 306 -1 305 307 306 -1 308 309 310 -1 2 3 225 -1 79 117 311 -1 311 223 79 -1 116 312 313 -1 145 147 314 -1 315 316 317 -1 317 318 315 -1 14 319 12 -1 320 321 206 -1 205 207 322 -1 323 324 325 -1 19 326 160 -1 327 90 328 -1 15 167 16 -1 329 103 102 -1 329 330 103 -1 331 332 333 -1 333 334 331 -1 335 200 104 -1 303 336 281 -1 303 195 336 -1 337 279 338 -1 337 278 279 -1 280 339 277 -1 340 341 342 -1 120 265 343 -1 120 119 265 -1 175 179 176 -1 175 169 179 -1 132 256 234 -1 256 344 234 -1 252 66 28 -1 28 253 252 -1 252 175 174 -1 324 323 98 -1 323 345 98 -1 346 347 321 -1 347 206 321 -1 348 160 349 -1 12 319 350 -1 159 106 157 -1 122 293 244 -1 235 351 6 -1 306 352 353 -1 353 354 306 -1 220 190 355 -1 356 249 248 -1 356 33 149 -1 149 249 356 -1 220 357 219 -1 246 168 170 -1 147 144 141 -1 147 146 144 -1 330 329 346 -1 329 347 346 -1 358 43 45 -1 136 358 45 -1 136 139 358 -1 359 11 222 -1 359 360 11 -1 196 197 305 -1 305 301 196 -1 130 291 127 -1 130 244 291 -1 131 272 257 -1 119 115 361 -1 147 214 314 -1 362 363 221 -1 362 364 363 -1 140 137 266 -1 137 365 266 -1 198 366 333 -1 198 367 366 -1 368 369 370 -1 368 371 369 -1 372 97 373 -1 97 99 373 -1 0 95 11 -1 142 92 93 -1 93 53 142 -1 374 317 316 -1 316 375 374 -1 143 218 141 -1 96 84 223 -1 96 0 84 -1 79 81 115 -1 115 117 79 -1 376 377 264 -1 377 262 264 -1 378 76 238 -1 76 78 238 -1 379 353 352 -1 380 357 220 -1 381 180 181 -1 382 51 383 -1 285 287 384 -1 385 62 386 -1 62 65 386 -1 386 65 247 -1 247 278 386 -1 44 124 287 -1 272 282 257 -1 184 286 182 -1 257 282 50 -1 50 49 257 -1 171 37 387 -1 37 40 387 -1 7 9 243 -1 288 48 47 -1 276 21 25 -1 388 389 390 -1 391 342 341 -1 367 302 366 -1 302 392 366 -1 393 323 394 -1 160 20 19 -1 302 367 196 -1 10 7 42 -1 225 85 2 -1 152 3 1 -1 40 37 38 -1 325 394 323 -1 394 325 395 -1 396 323 393 -1 396 345 323 -1 397 366 392 -1 366 397 398 -1 191 399 390 -1 399 191 193 -1 388 341 389 -1 388 391 341 -1 390 400 388 -1 400 390 399 -1 276 24 21 -1 276 401 24 -1 27 275 251 -1 27 26 275 -1 283 182 286 -1 283 246 182 -1 383 50 384 -1 50 383 51 -1 283 272 246 -1 282 272 283 -1 365 267 266 -1 365 402 267 -1 298 227 299 -1 230 227 298 -1 403 298 404 -1 405 298 403 -1 406 407 408 -1 407 406 241 -1 240 409 410 -1 409 240 411 -1 412 385 386 -1 413 385 412 -1 284 384 50 -1 284 285 384 -1 292 382 414 -1 49 382 292 -1 49 51 382 -1 270 290 291 -1 270 271 290 -1 415 337 338 -1 337 415 416 -1 417 418 419 -1 417 420 418 -1 72 421 420 -1 421 72 192 -1 105 422 110 -1 422 105 107 -1 423 352 424 -1 423 379 352 -1 39 425 426 -1 75 425 39 -1 377 238 262 -1 377 378 238 -1 264 83 376 -1 83 264 427 -1 225 377 376 -1 377 225 224 -1 76 428 308 -1 76 378 428 -1 390 429 191 -1 389 429 390 -1 87 430 431 -1 89 430 87 -1 311 96 223 -1 432 96 311 -1 433 52 434 -1 52 433 435 -1 216 143 55 -1 143 216 218 -1 208 374 15 -1 374 208 317 -1 375 436 327 -1 375 316 436 -1 437 214 438 -1 314 214 437 -1 199 335 439 -1 199 200 335 -1 440 441 442 -1 443 441 440 -1 444 445 446 -1 447 445 444 -1 389 340 429 -1 340 389 341 -1 211 86 448 -1 89 86 211 -1 357 430 210 -1 449 430 357 -1 450 380 451 -1 450 452 380 -1 114 453 454 -1 432 453 114 -1 347 331 455 -1 347 329 331 -1 456 398 396 -1 456 334 398 -1 371 434 369 -1 371 433 434 -1 302 370 392 -1 302 368 370 -1 332 198 333 -1 200 198 332 -1 457 364 458 -1 364 457 459 -1 422 460 263 -1 460 422 458 -1 365 136 289 -1 137 136 365 -1 461 266 361 -1 461 140 266 -1 460 80 427 -1 460 362 80 -1 115 363 361 -1 115 221 363 -1 462 463 312 -1 462 464 463 -1 344 268 351 -1 344 269 268 -1 351 270 465 -1 351 268 270 -1 466 305 304 -1 466 301 305 -1 359 467 360 -1 468 467 359 -1 358 245 43 -1 358 469 245 -1 112 461 470 -1 112 260 461 -1 471 472 201 -1 471 473 472 -1 204 474 475 -1 204 476 474 -1 188 164 186 -1 188 165 164 -1 142 55 143 -1 142 53 55 -1 218 215 141 -1 215 218 113 -1 219 210 209 -1 219 357 210 -1 150 56 402 -1 150 32 56 -1 420 477 418 -1 420 421 477 -1 355 380 220 -1 451 380 355 -1 343 180 381 -1 343 265 180 -1 209 448 187 -1 209 211 448 -1 381 478 343 -1 478 381 479 -1 309 379 423 -1 309 480 379 -1 74 38 310 -1 38 74 39 -1 481 244 293 -1 244 481 465 -1 482 108 237 -1 482 109 108 -1 239 35 483 -1 36 35 239 -1 319 484 350 -1 319 485 484 -1 12 486 13 -1 12 202 486 -1 13 346 321 -1 13 486 346 -1 393 456 396 -1 393 322 456 -1 97 160 326 -1 372 160 97 -1 487 213 488 -1 213 487 212 -1 456 207 455 -1 456 322 207 -1 372 349 160 -1 489 349 372 -1 487 300 212 -1 487 328 300 -1 174 66 252 -1 174 413 66 -1 41 406 490 -1 241 406 41 -1 234 351 235 -1 351 234 344 -1 63 491 273 -1 63 62 491 -1 174 385 413 -1 174 492 385 -1 303 493 426 -1 303 228 493 -1 478 464 462 -1 478 450 464 -1 452 494 449 -1 452 479 494 -1 277 495 279 -1 277 339 495 -1 338 496 415 -1 338 497 496 -1 497 447 496 -1 445 447 497 -1 445 495 443 -1 445 497 495 -1 280 281 336 -1 281 280 64 -1 446 498 444 -1 499 498 446 -1 500 442 101 -1 500 440 442 -1 441 280 439 -1 280 441 339 -1 329 332 331 -1 329 102 332 -1 499 472 498 -1 499 476 472 -1 101 474 500 -1 101 103 474 -1 162 471 166 -1 165 471 162 -1 486 330 346 -1 330 486 475 -1 374 167 15 -1 374 488 167 -1 375 328 487 -1 327 328 375 -1 349 436 348 -1 91 436 349 -1 348 161 160 -1 348 315 161 -1 324 19 325 -1 19 324 326 -1 322 394 205 -1 322 393 394 -1 321 14 13 -1 320 14 321 -1 206 501 320 -1 205 501 206 -1 14 485 319 -1 502 485 14 -1 503 317 208 -1 503 318 317 -1 501 18 502 -1 395 18 501 -1 484 315 318 -1 161 315 484 -1 192 88 421 -1 192 191 88 -1 213 164 163 -1 148 164 213 -1 453 312 463 -1 453 313 312 -1 95 113 217 -1 95 94 113 -1 373 489 372 -1 489 373 54 -1 360 354 151 -1 360 467 354 -1 373 369 434 -1 373 99 369 -1 371 466 468 -1 368 466 371 -1 480 308 428 -1 308 480 309 -1 426 197 303 -1 426 425 197 -1 424 306 307 -1 352 306 424 -1 301 368 302 -1 301 466 368 -1 425 305 197 -1 305 425 307 -1 196 198 194 -1 196 367 198 -1 366 334 333 -1 398 334 366 -1 40 504 387 -1 504 40 493 -1 405 230 298 -1 405 504 230 -1 505 506 507 -1 505 404 506 -1 403 490 406 -1 508 490 403 -1 509 505 232 -1 509 508 505 -1 172 509 296 -1 172 173 509 -1 236 231 133 -1 236 296 231 -1 510 511 242 -1 294 511 510 -1 159 511 155 -1 159 156 511 -1 59 109 482 -1 61 109 59 -1 295 60 411 -1 295 158 60 -1 410 483 35 -1 409 483 410 -1 293 510 481 -1 510 293 294 -1 292 269 258 -1 271 269 292 -1 128 290 414 -1 290 128 127 -1 123 512 121 -1 123 135 512 -1 139 469 358 -1 513 469 139 -1 150 44 47 -1 150 111 44 -1 126 383 124 -1 126 382 383 -1 284 286 285 -1 284 283 286 -1 439 336 199 -1 439 280 336 -1 337 386 278 -1 337 412 386 -1 276 67 416 -1 276 68 67 -1 418 514 515 -1 477 514 418 -1 275 417 248 -1 275 73 417 -1 22 192 72 -1 192 22 193 -1 73 26 23 -1 275 26 73 -1 274 27 251 -1 274 31 27 -1 297 491 492 -1 491 297 299 -1 179 507 176 -1 179 233 507 -1 481 4 6 -1 481 510 4 -1 261 139 138 -1 261 513 139 -1 402 289 150 -1 402 365 289 -1 266 119 361 -1 265 119 266 -1 459 112 470 -1 69 112 459 -1 70 154 118 -1 259 154 70 -1 263 427 264 -1 427 263 460 -1 181 479 381 -1 479 181 494 -1 462 343 478 -1 462 120 343 -1 195 199 336 -1 194 199 195 -1 107 159 259 -1 107 106 159 -1 457 259 70 -1 107 259 457 -1 71 121 512 -1 121 71 118 -1 361 470 461 -1 361 363 470 -1 261 512 513 -1 71 512 261 -1 121 153 122 -1 121 154 153 -1 236 132 234 -1 236 133 132 -1 178 233 179 -1 255 233 178 -1 506 492 174 -1 506 297 492 -1 274 170 30 -1 185 170 274 -1 183 249 149 -1 183 250 249 -1 416 401 276 -1 416 415 401 -1 388 496 447 -1 388 400 496 -1 356 34 33 -1 356 419 34 -1 149 184 183 -1 48 184 149 -1 57 34 515 -1 57 32 34 -1 513 135 469 -1 513 512 135 -1 134 130 129 -1 134 123 130 -1 414 126 128 -1 126 414 382 -1 4 242 9 -1 4 510 242 -1 407 35 171 -1 407 410 35 -1 42 411 240 -1 295 411 42 -1 409 482 483 -1 409 59 482 -1 158 61 60 -1 61 158 157 -1 294 155 511 -1 155 294 153 -1 156 242 511 -1 243 242 156 -1 254 133 255 -1 131 133 254 -1 232 296 509 -1 231 296 232 -1 173 508 509 -1 173 490 508 -1 507 232 505 -1 233 232 507 -1 508 404 505 -1 508 403 404 -1 408 504 405 -1 408 387 504 -1 504 228 230 -1 504 493 228 -1 100 392 370 -1 392 100 397 -1 75 307 425 -1 75 424 307 -1 226 428 224 -1 428 226 480 -1 306 467 304 -1 467 306 354 -1 99 370 369 -1 99 100 370 -1 433 468 359 -1 433 371 468 -1 11 151 1 -1 360 151 11 -1 359 435 433 -1 222 435 359 -1 222 216 435 -1 222 217 216 -1 221 80 362 -1 221 81 80 -1 215 438 214 -1 438 215 454 -1 514 494 181 -1 514 431 494 -1 355 145 314 -1 355 190 145 -1 146 300 144 -1 300 146 212 -1 477 431 514 -1 431 477 87 -1 187 340 342 -1 187 448 340 -1 485 18 20 -1 18 485 502 -1 395 205 394 -1 395 501 205 -1 318 350 484 -1 318 503 350 -1 502 320 501 -1 502 14 320 -1 12 503 516 -1 12 350 503 -1 316 348 436 -1 316 315 348 -1 487 374 375 -1 374 487 488 -1 475 202 204 -1 475 486 202 -1 166 201 203 -1 471 201 166 -1 500 476 499 -1 500 474 476 -1 473 498 472 -1 342 498 473 -1 101 335 104 -1 442 335 101 -1 443 339 441 -1 443 495 339 -1 342 444 498 -1 444 342 391 -1 440 499 446 -1 440 500 499 -1 400 415 496 -1 415 400 401 -1 497 279 495 -1 279 497 338 -1 209 189 219 -1 187 189 209 -1 342 188 187 -1 342 473 188 -1 176 506 174 -1 507 506 176 -1 515 181 57 -1 515 514 181 -1 450 437 464 -1 450 451 437 -1 30 253 28 -1 30 169 253 -1 229 303 281 -1 303 229 228 -1 246 178 168 -1 246 254 178 -1 273 281 63 -1 229 281 273 -1 62 492 491 -1 62 385 492 -1 6 177 235 -1 5 177 6 -1 173 41 490 -1 41 173 10 -1 408 171 387 -1 171 408 407 -1 40 426 493 -1 40 39 426 -1 91 489 93 -1 489 91 349 -1 488 163 167 -1 163 488 213 -1 328 92 300 -1 328 90 92 -1 98 326 324 -1 97 326 98 -1 455 206 347 -1 206 455 207 -1 516 202 12 -1 516 203 202 -1 203 17 166 -1 203 517 17 -1 517 203 516 -1 485 161 484 -1 485 20 161 -1 243 158 295 -1 158 243 156 -1 483 237 239 -1 482 237 483 -1 6 465 481 -1 465 6 351 -1 353 480 226 -1 480 353 379 -1 423 310 309 -1 74 310 423 -1 152 226 3 -1 152 353 226 -1 267 180 265 -1 267 58 180 -1 478 452 450 -1 478 479 452 -1 421 87 477 -1 421 88 87 -1 419 248 417 -1 419 356 248 -1 165 473 471 -1 165 188 473 -1 93 54 53 -1 93 489 54 -1 145 164 148 -1 186 164 145 -1 103 475 474 -1 475 103 330 -1 201 476 204 -1 201 472 476 -1 260 140 461 -1 260 138 140 -1 134 469 135 -1 134 245 469 -1 304 468 466 -1 467 468 304 -1 125 128 126 -1 129 128 125 -1 465 291 244 -1 465 270 291 -1 344 258 269 -1 256 258 344 -1 132 257 256 -1 257 132 131 -1 117 313 311 -1 116 313 117 -1 120 312 116 -1 120 462 312 -1 464 438 463 -1 437 438 464 -1 113 454 215 -1 114 454 113 -1 459 70 69 -1 70 459 457 -1 255 231 233 -1 255 133 231 -1 45 289 136 -1 45 111 289 -1 458 362 460 -1 362 458 364 -1 110 263 108 -1 263 110 422 -1 364 470 363 -1 364 459 470 -1 107 458 422 -1 458 107 457 -1 157 105 61 -1 105 157 106 -1 102 200 332 -1 104 200 102 -1 397 98 345 -1 98 397 100 -1 455 334 456 -1 455 331 334 -1 114 96 432 -1 96 114 94 -1 454 463 438 -1 453 463 454 -1 449 380 452 -1 449 357 380 -1 89 210 430 -1 89 211 210 -1 448 429 340 -1 86 429 448 -1 391 447 444 -1 388 447 391 -1 446 443 440 -1 445 443 446 -1 442 439 335 -1 441 439 442 -1 314 451 355 -1 314 437 451 -1 90 436 91 -1 90 327 436 -1 55 435 216 -1 55 52 435 -1 313 432 311 -1 453 432 313 -1 431 449 494 -1 430 449 431 -1 191 86 88 -1 429 86 191 -1 77 308 310 -1 77 76 308 -1 378 224 428 -1 378 377 224 -1 376 85 225 -1 376 83 85 -1 427 82 83 -1 82 427 80 -1 151 353 152 -1 353 151 354 -1 74 424 75 -1 74 423 424 -1 61 110 109 -1 110 61 105 -1 515 419 418 -1 34 419 515 -1 420 73 72 -1 420 417 73 -1 412 416 67 -1 412 337 416 -1 414 271 292 -1 271 414 290 -1 66 29 28 -1 66 68 29 -1 413 67 66 -1 413 412 67 -1 411 59 409 -1 59 411 60 -1 241 410 407 -1 410 241 240 -1 405 406 408 -1 405 403 406 -1 404 297 506 -1 298 297 404 -1 299 273 491 -1 227 273 299 -1 58 402 56 -1 402 58 267 -1 434 54 373 -1 434 52 54 -1 384 124 383 -1 384 287 124 -1 48 286 184 -1 288 286 48 -1 287 47 44 -1 288 47 287 -1 310 37 77 -1 310 38 37 -1 401 399 24 -1 401 400 399 -1 27 29 25 -1 29 27 31 -1 25 23 26 -1 25 21 23 -1 193 24 399 -1 24 193 22 -1 398 345 396 -1 398 397 345 -1 18 325 19 -1 395 325 18 -1 517 208 17 -1 208 516 503 -1 517 516 208 -1 5 9 8 -1 9 5 4 -1' creaseAngle='1.571'>
            <Coordinate DEF='rcuboid_Coord' point='-2.8324 1.1821 -1.0028 -2.8767 1.1199 -1.0457 -2.8343 1.1148 -1.0658 -2.8988 1.0401 -1.1347 -2.548 1.3178 -1.7807 -2.5615 1.362 -1.8079 -2.4517 1.4033 -1.7854 -2.7363 1.2671 -1.7051 -2.6827 1.3208 -1.7602 -2.663 1.2777 -1.7372 -2.7429 1.2989 -1.7492 -2.9275 1.1519 -1.0125 -3.4877 1.5257 -0.9786 -3.5386 1.4669 -1.0789 -3.4861 1.3884 -1.0645 -3.2247 1.6515 -0.7392 -3.2203 1.7025 -0.7499 -3.3196 1.7109 -0.7923 -3.3444 1.1845 -1.0487 -3.2977 1.1215 -1.0341 -3.2928 1.183 -0.9409 -3.0226 1.9124 -1.3836 -2.9797 1.9204 -1.232 -2.9303 1.9253 -1.3233 -3.0533 1.8936 -1.2795 -3.0152 1.9072 -1.4197 -2.9063 1.9281 -1.3807 -2.8964 1.9287 -1.4011 -2.9614 1.9278 -1.6207 -2.9855 1.893 -1.5358 -2.862 1.9163 -1.6196 -2.8678 1.9032 -1.5364 -2.6317 1.6738 -1.2855 -2.6023 1.8426 -1.3643 -2.7116 1.8066 -1.2549 -3.0129 1.0873 -1.6338 -3.059 1.0255 -1.6103 -3.1877 1.0385 -1.7082 -3.2048 1.034 -1.706 -3.2256 1.0386 -1.6969 -3.2096 1.0481 -1.7131 -2.8507 1.2555 -1.7374 -2.8108 1.2373 -1.6795 -2.5651 1.5681 -1.3722 -2.5304 1.6489 -1.4557 -2.5805 1.5718 -1.3483 -2.5755 1.7641 -1.4241 -2.5775 1.744 -1.4328 -2.5804 1.7735 -1.4344 -2.4624 1.5842 -1.5581 -2.4795 1.5981 -1.5516 -2.467 1.5892 -1.5383 -3.0165 1.1399 -0.904 -2.9819 1.1745 -0.8558 -3.0266 1.1351 -0.8871 -2.9668 1.177 -0.8759 -2.6996 1.5851 -1.2082 -2.7122 1.6537 -1.1952 -2.7149 1.5017 -1.1776 -2.8035 1.1496 -1.5013 -2.7778 1.1706 -1.5193 -2.7188 1.1562 -1.384 -3.2572 1.6746 -1.6882 -3.3412 1.5243 -1.6868 -3.3729 1.5034 -1.6463 -3.2826 1.6559 -1.636 -3.1312 1.8809 -1.6341 -3.1377 1.8425 -1.5671 -3.1237 1.8546 -1.5604 -2.587 1.2746 -1.2445 -2.5688 1.2254 -1.2541 -2.5037 1.3127 -1.254 -2.9404 1.9347 -1.2068 -2.8651 1.9343 -1.2809 -3.2001 0.9814 -1.6286 -3.2393 1.0249 -1.6083 -3.0379 0.9525 -1.5217 -3.1004 0.9767 -1.618 -3.0038 0.9926 -1.5307 -2.7567 1.2219 -1.0987 -2.7198 1.1933 -1.1447 -2.73 1.2325 -1.1476 -2.7516 1.1841 -1.102 -2.7522 1.1307 -1.1226 -2.7998 1.1803 -1.0412 -2.8042 1.1197 -1.085 -3.0539 1.8743 -1.0151 -3.0068 1.8822 -1.0373 -3.0256 1.892 -1.0508 -3.0392 1.8633 -1.0049 -2.9778 1.2108 -0.7845 -3.0054 1.1569 -0.8257 -2.9568 1.2081 -0.804 -2.9903 1.1564 -0.8445 -2.858 1.2255 -0.9469 -2.8712 1.1855 -0.9679 -2.8253 1.2152 -0.9912 -3.2322 1.0621 -1.0231 -3.3095 1.0142 -1.1494 -3.2112 1.0731 -1.0367 -3.2942 1.0393 -1.157 -3.4704 1.5098 -1.2682 -3.5262 1.3501 -1.3383 -3.5078 1.4696 -1.2203 -3.5057 1.3888 -1.407 -2.6866 1.1387 -1.3479 -2.6532 1.1641 -1.3656 -2.6207 1.1619 -1.257 -2.7632 1.0878 -1.3195 -2.7694 1.121 -1.3701 -2.735 1.1069 -1.329 -2.6006 1.6155 -1.3276 -2.5963 1.2924 -1.2485 -2.891 1.2359 -0.9025 -2.8578 1.2497 -0.9414 -2.7503 1.2985 -1.1629 -2.7867 1.3315 -1.0965 -2.7732 1.2798 -1.0917 -2.4895 1.2472 -1.291 -2.7533 1.3591 -1.1647 -2.7976 1.405 -1.1057 -2.4606 1.2577 -1.3201 -2.423 1.2508 -1.5125 -2.4083 1.2767 -1.4525 -2.5136 1.6422 -1.4668 -2.4703 1.5195 -1.4432 -2.4595 1.5362 -1.4564 -2.3735 1.3231 -1.5148 -2.402 1.4173 -1.4582 -2.415 1.4066 -1.4443 -2.3807 1.3062 -1.5039 -2.5164 1.6515 -1.6333 -2.4803 1.6034 -1.692 -2.5787 1.63 -1.6749 -2.4267 1.3727 -1.4164 -2.4363 1.3505 -1.3808 -2.5954 1.558 -1.3262 -2.6622 1.4873 -1.2433 -2.6293 1.458 -1.2515 -2.5589 1.5166 -1.313 -2.6834 1.4521 -1.2318 -2.9376 1.3047 -0.849 -2.946 1.2217 -0.8255 -2.9278 1.2275 -0.8491 -2.9523 1.2998 -0.8004 -3.0715 1.5426 -0.831 -3.0146 1.4442 -0.7846 -3.0139 1.4473 -0.8347 -3.0811 1.533 -0.7846 -2.6022 1.8568 -1.3847 -2.6344 1.6633 -1.2997 -2.9606 1.0841 -1.0989 -2.9345 1.0614 -1.1132 -2.4594 1.2142 -1.5095 -2.4919 1.2158 -1.3277 -2.5296 1.185 -1.4454 -2.6985 1.2164 -1.5651 -2.6806 1.1902 -1.4152 -2.7376 1.2036 -1.5476 -2.6239 1.1872 -1.3925 -3.1937 1.0817 -0.9233 -3.2757 1.193 -0.9141 -3.2095 1.7181 -0.764 -3.1482 1.6549 -0.7394 -3.1331 1.6375 -0.7888 -3.1968 1.7183 -0.8055 -3.3185 1.7304 -0.8071 -3.1663 1.6569 -0.7288 -2.7643 1.8722 -1.6286 -2.8848 1.9062 -1.6501 -2.7601 1.8767 -1.6037 -3.0821 1.0714 -1.717 -2.6816 1.3466 -1.7659 -2.7508 1.3202 -1.7566 -3.186 1.79 -1.6822 -3.0836 1.8655 -1.6721 -3.0545 1.8399 -1.6723 -2.5653 1.385 -1.8073 -2.7526 1.8481 -1.6539 -2.8788 1.8737 -1.6738 -2.7372 1.4852 -1.1497 -2.8365 1.6462 -1.0861 -2.5884 1.7778 -1.5209 -2.6072 1.8618 -1.4396 -2.5842 1.7772 -1.5009 -2.7447 1.8756 -1.5488 -3.1148 1.6444 -0.835 -3.1491 1.7652 -0.8775 -3.1818 1.7297 -0.8413 -3.0759 1.6409 -0.8696 -3.0384 1.5784 -0.8906 -3.0653 1.895 -1.0792 -3.0168 1.9114 -1.1351 -3.0297 1.905 -1.1462 -3.4161 1.2382 -1.576 -3.3853 1.2454 -1.623 -3.3726 1.1677 -1.5293 -3.3403 1.1476 -1.5624 -3.4513 1.1984 -1.4585 -3.452 1.362 -1.5671 -3.4953 1.3028 -1.4602 -3.368 1.6592 -0.9305 -3.4868 1.5426 -0.9904 -3.4015 1.6543 -0.8879 -3.4535 1.5627 -1.0284 -3.5122 1.1711 -1.2647 -3.5642 1.2965 -1.249 -3.561 1.1863 -1.2995 -3.2916 1.6129 -0.7848 -3.1239 1.7654 -0.8835 -3.0507 1.7607 -0.9393 -3.0854 1.8137 -0.9413 -3.0041 1.4489 -0.7318 -3.0888 1.5204 -0.7331 -2.9832 1.4368 -0.9035 -2.9106 1.307 -0.8947 -2.9413 1.1863 -0.903 -2.911 1.1892 -0.9318 -2.9168 1.2307 -0.8681 -3.056 1.6403 -0.8733 -3.0282 1.5811 -0.8957 -2.709 1.2408 -1.1863 -2.9575 1.1497 -0.9804 -2.8004 1.2148 -1.0277 -2.9077 0.9953 -1.2352 -2.83 1.0413 -1.1478 -2.9712 1.0069 -1.2194 -3.2999 1.462 -1.7052 -3.3295 1.2363 -1.6945 -3.3647 1.401 -1.6686 -3.2209 1.3206 -1.71 -2.704 1.6011 -1.6961 -2.8063 1.5631 -1.7072 -2.846 1.7468 -1.6913 -2.4283 1.4768 -1.762 -2.4474 1.4246 -1.7857 -2.5682 1.4906 -1.7364 -2.8895 1.0647 -1.4422 -2.9146 1.0108 -1.4311 -2.9821 1.043 -1.528 -2.869 1.2026 -1.6589 -2.9131 1.1996 -1.7327 -2.6434 1.2347 -1.7143 -2.7215 1.2397 -1.6468 -2.4087 1.2835 -1.608 -2.4748 1.4663 -1.3888 -2.6115 1.7679 -1.5895 -3.3058 1.6353 -1.5856 -2.7177 1.9563 -1.3156 -2.6946 1.949 -1.3298 -2.7004 1.9525 -1.3916 -2.7759 1.95 -1.3823 -3.126 1.8785 -1.6464 -2.9489 1.9211 -1.6379 -2.6107 1.7621 -1.6019 -2.7021 1.7535 -1.6577 -2.4519 1.5949 -1.691 -2.4919 1.6442 -1.6257 -2.4367 1.5898 -1.6716 -2.5673 1.1916 -1.2798 -2.6277 1.371 -1.2583 -2.548 1.3889 -1.2442 -2.8046 1.0485 -1.2894 -2.6828 1.1167 -1.2396 -2.7255 1.091 -1.2065 -2.7468 1.4653 -1.1543 -2.7123 1.4455 -1.1922 -2.7197 1.4843 -1.1876 -2.4142 1.4265 -1.7591 -2.4034 1.4597 -1.7412 -2.4069 1.3577 -1.7076 -2.4064 1.4109 -1.6632 -2.5098 1.6503 -1.6252 -3.3316 1.516 -1.6984 -2.8232 1.907 -1.5366 -2.7965 1.9489 -1.3417 -3.1358 1.8548 -1.4843 -3.3518 1.6284 -1.4819 -3.2668 1.7032 -1.5576 -3.3012 1.6835 -1.4421 -3.4288 1.5011 -1.5735 -3.3778 1.4101 -1.6561 -2.5105 1.6485 -1.6079 -2.5925 1.7415 -1.5734 -2.5575 1.6654 -1.557 -2.5385 1.661 -1.5009 -2.573 1.7428 -1.5131 -2.5294 1.6557 -1.4791 -2.5689 1.7416 -1.4499 -2.6109 1.606 -1.3123 -2.39 1.367 -1.5892 -2.3943 1.2981 -1.6125 -2.4297 1.5067 -1.5979 -2.4373 1.2535 -1.6307 -2.4951 1.2233 -1.6475 -2.7728 1.2204 -1.6146 -2.6789 1.4639 -1.7402 -3.1669 1.5988 -1.7103 -3.0869 1.4155 -1.717 -3.1963 1.5699 -1.7092 -2.9491 1.3016 -0.7548 -3.2878 1.1054 -1.3881 -3.3514 1.0812 -1.347 -3.3424 1.2286 -1.6826 -3.1625 1.0896 -1.2891 -3.255 1.0933 -1.4128 -3.128 1.0556 -1.3145 -3.225 1.046 -1.4421 -3.0856 0.9395 -1.5017 -3.1344 0.947 -1.4863 -3.1728 0.9717 -1.6379 -2.805 1.2668 -1.0174 -2.8453 1.3828 -1.0353 -2.8161 1.3183 -1.0222 -3.0004 1.4673 -0.9022 -3.1742 1.2842 -0.8119 -3.1148 1.3244 -0.781 -3.1978 1.4528 -0.7788 -3.2542 1.4169 -0.8205 -3.4589 1.4375 -0.9654 -3.5214 1.3501 -1.1642 -3.5666 1.4143 -1.1625 -3.5216 1.0903 -1.3352 -3.4465 1.0222 -1.2662 -3.3343 1.0197 -1.1426 -3.3833 1.0859 -1.17 -3.2583 1.0719 -1.0118 -2.9912 1.2694 -0.7582 -2.9679 1.2981 -0.7396 -3.5422 1.3283 -1.3003 -3.5319 1.4544 -1.1958 -3.5397 1.2229 -1.3588 -3.5207 1.2499 -1.3927 -3.476 1.1436 -1.4021 -3.4934 1.1173 -1.3794 -3.4931 1.4118 -1.4371 -3.4213 1.3863 -1.6131 -3.2241 1.7679 -1.5294 -3.25 1.7379 -1.4023 -3.3688 1.6174 -1.4557 -3.1722 1.8308 -0.9793 -3.1966 1.8149 -1.0126 -3.2566 1.7743 -0.9138 -2.8158 1.532 -1.0989 -2.4168 1.4694 -1.7542 -3.4349 1.0093 -1.2906 -3.5651 1.4385 -1.1794 -3.5672 1.3086 -1.2668 -3.1108 1.1992 -0.8145 -3.0474 1.1277 -0.8543 -3.4451 1.4559 -0.9402 -2.4324 1.4243 -1.7763 -3.0997 1.0136 -1.3239 -3.005 1.0319 -1.1942 -3.0326 1.0596 -1.1738 -3.0289 1.57 -0.9022 -2.6997 1.9461 -1.306 -2.9959 1.6452 -0.9294 -2.5647 1.5395 -1.3477 -3.0345 1.1274 -1.0477 -2.9982 1.1166 -1.0781 -2.7308 1.3264 -1.2008 -2.6881 1.2026 -1.1875 -2.6947 1.2483 -1.2063 -2.6702 1.2134 -1.1997 -2.679 1.5204 -1.2301 -3.4467 1.0844 -1.3766 -3.4067 1.1437 -1.4199 -3.2315 1.0819 -1.1931 -3.1903 1.0841 -1.0504 -3.2722 1.0524 -1.1698 -3.1472 1.0954 -1.0787 -3.1665 1.0701 -0.9413 -3.1442 1.0912 -0.9568 -3.1396 1.4868 -0.737 -3.0536 1.3629 -0.7501 -2.7681 1.0652 -1.1734 -2.846 1.0091 -1.2593 -2.9537 0.975 -1.4099 -3.0822 0.9876 -1.3296 -2.9841 1.5704 -0.9367 -2.8132 1.5504 -1.0919 -2.4627 1.5661 -1.5038 -2.4888 1.6172 -1.4955 -2.5135 1.6392 -1.4993 -3.2259 1.7391 -1.68 -3.2349 1.712 -1.6159 -3.1006 1.0845 -1.7274 -3.1862 1.8238 -1.1782 -3.139 1.854 -1.1142 -3.126 1.8595 -1.1287 -3.2207 1.7987 -1.0459 -3.3935 1.0541 -1.3135 -3.4967 1.0445 -1.3208 -3.4699 1.0767 -1.2657 -3.4095 1.1353 -1.1673 -3.4897 1.0386 -1.349 -3.4145 1.0361 -1.2994 -3.4666 1.065 -1.3595 -3.0905 1.8747 -1.1991 -3.1639 1.8379 -1.263 -3.1518 1.8405 -1.3457 -2.7042 1.5681 -1.2178 -2.9657 1.3192 -1.7363 -3.0038 1.4544 -1.7177 -3.0482 1.2878 -1.7284 -2.9262 1.2154 -1.7432 -2.9753 1.1437 -1.7279 -2.9897 1.1565 -1.739 -2.8677 1.1483 -1.5784 -2.9297 1.1528 -1.6483 -2.8227 1.1824 -1.5939 -3.1977 1.7735 -1.5922 -3.1951 1.7975 -1.6621 -2.4159 1.462 -1.528 -3.2053 1.7997 -1.372 -3.1637 1.8305 -1.4978 -2.8048 1.9318 -1.2478 -2.8651 1.9239 -1.1619 -2.7817 1.9222 -1.2373 -2.8859 1.9337 -1.1743 -2.971 1.9133 -1.0991 -2.6518 1.1393 -1.2483 -3.1639 0.9609 -1.4744 -3.1944 1.0036 -1.4583 -3.2951 1.0866 -1.5792 -3.2857 1.1228 -1.6874 -2.7159 1.1462 -1.1632 -3.0016 0.9597 -1.3764 -3.0916 1.8839 -1.0503 -2.9837 1.7561 -0.9938 -2.9461 1.7668 -1.0292 -2.8247 1.2635 -0.9803 -3.0755 1.1153 -1.0041 -3.1191 1.1021 -0.9739 -2.993 1.1461 -0.9373 -3.0517 1.235 -0.7864 -2.9599 1.4662 -0.9451 -2.9428 1.427 -0.9445 -3.4568 1.4794 -1.5254 -3.391 1.6091 -1.2758 -3.3993 1.5972 -1.4085 -3.4346 1.5534 -1.3384 -3.3486 1.6525 -1.3526 -3.2863 1.7343 -1.1426 -3.2977 1.7073 -1.2966 -3.3476 1.6647 -1.2133 -3.2452 1.7652 -1.2545 -3.105 1.8214 -0.948 -2.9464 1.6511 -0.9826 -2.9354 1.5647 -0.9871 -2.9885 1.5574 -0.9415 -2.9316 1.5768 -0.9814 -2.8374 1.3136 -0.98 -2.8739 1.3103 -0.9374 -3.5677 1.1979 -1.3294 -3.5189 1.0913 -1.3671 -2.6313 1.1914 -1.2276 -2.6554 1.1766 -1.2157 -2.6467 1.2276 -1.2158 -2.6795 1.1618 -1.2038 -2.6967 1.3457 -1.2357 -2.8622 1.4393 -1.0396 -2.9025 1.4173 -0.9855 -2.9196 1.4652 -0.9881 -2.425 1.3462 -1.7165 -3.2016 1.0997 -1.259 -3.0652 1.0923 -1.1497 -3.1043 1.1096 -1.1177 -2.4857 1.4478 -1.3513 -2.67 1.2642 -1.229 -3.3055 1.7276 -0.8455 -3.3453 1.6728 -0.9726 -3.2818 1.739 -0.8851 -3.4783 1.5174 -1.1434 -3.5066 1.4975 -1.1149 -3.4249 1.5796 -1.0671 -2.9522 1.9042 -1.085 -2.8832 1.5664 -1.0362 -2.8811 1.5805 -1.0298 -3.0572 0.973 -1.342 -2.4474 1.3213 -1.7369 -2.8564 1.1035 -1.4649 -2.9303 1.0946 -1.5405 -3.3543 1.3144 -0.914 -3.3685 1.2986 -0.9397 -3.537 1.482 -1.0884 -3.017 1.4379 -0.719 -3.1009 1.5112 -0.7245 -3.0312 1.1216 -0.872 -2.8626 1.2742 -1.7475 -3.2459 1.6659 -1.7003 -3.2138 1.7336 -1.692 -3.2769 1.1344 -1.6997 -2.8988 1.6504 -1.0274 -3.3249 1.6681 -1.3973 -3.224 1.7836 -1.3169 -3.2739 1.7226 -1.3495 -3.3218 1.6956 -1.0309 -3.398 1.6222 -1.13 -3.434 1.5659 -1.1991 -3.4517 1.2132 -1.1629 -3.4012 1.2631 -1.0586 -3.35 1.5576 -0.8453 -3.1761 1.2112 -1.7193 -2.9202 1.4932 -1.7183 -3.09 1.6433 -1.7106 -2.9882 1.7013 -1.7109 -2.8828 1.3506 -1.7442 -2.769 1.4007 -1.7422 -2.5309 1.2618 -1.7464 -2.5985 1.2028 -1.6096 -2.4618 1.3306 -1.2948 -2.4941 1.4263 -1.2934 -2.8883 1.7831 -1.0836 -2.7939 1.8013 -1.1741 -3.4013 1.64 -0.8736 -3.3611 1.676 -0.833'/>
          </IndexedFaceSet>
        </Shape>
        <Shape DEF='rfmphal'>
          <Appearance>
            <Material ambientIntensity='0.098' diffuseColor='1 0.9765 0.8667' emissiveColor='0 1 0' shininess='0.05' specularColor='0.349 0.349 0.349'/>
          </Appearance>
          <IndexedFaceSet DEF='rfmphal_Geo' coordIndex='0 1 2 -1 3 4 5 -1 6 7 8 -1 9 10 11 -1 9 12 10 -1 13 14 15 -1 14 16 15 -1 17 18 19 -1 17 20 18 -1 21 22 23 -1 24 25 26 -1 25 27 26 -1 28 29 30 -1 28 31 29 -1 32 33 34 -1 33 35 34 -1 36 23 37 -1 36 38 23 -1 39 40 9 -1 36 41 42 -1 36 37 41 -1 13 15 43 -1 44 45 39 -1 44 46 45 -1 47 48 49 -1 50 51 52 -1 50 53 51 -1 54 55 56 -1 54 57 55 -1 49 3 58 -1 59 10 60 -1 10 12 60 -1 61 62 63 -1 64 8 65 -1 64 11 8 -1 66 67 68 -1 69 70 71 -1 71 72 69 -1 73 74 75 -1 76 77 78 -1 79 80 32 -1 32 34 79 -1 32 80 81 -1 80 82 81 -1 63 62 83 -1 62 4 83 -1 84 85 86 -1 85 87 86 -1 88 89 90 -1 88 91 89 -1 92 93 94 -1 94 95 92 -1 43 19 13 -1 96 97 98 -1 99 100 101 -1 44 39 9 -1 7 65 8 -1 102 22 103 -1 102 23 22 -1 92 104 93 -1 105 106 107 -1 108 68 67 -1 5 58 3 -1 109 89 91 -1 3 49 48 -1 26 110 24 -1 26 111 110 -1 112 77 113 -1 75 114 115 -1 116 117 118 -1 119 120 24 -1 24 110 119 -1 69 121 122 -1 123 124 62 -1 62 61 123 -1 125 126 127 -1 126 128 127 -1 129 130 131 -1 129 132 130 -1 10 53 133 -1 10 59 53 -1 38 134 135 -1 38 136 134 -1 9 11 44 -1 11 64 44 -1 1 61 63 -1 0 109 91 -1 137 21 135 -1 135 60 137 -1 7 16 65 -1 16 138 65 -1 95 43 92 -1 98 139 96 -1 101 140 99 -1 72 121 69 -1 8 133 6 -1 141 38 36 -1 37 23 142 -1 81 143 32 -1 143 33 32 -1 144 27 70 -1 27 25 70 -1 69 122 145 -1 146 147 148 -1 104 7 6 -1 6 93 104 -1 133 11 10 -1 133 8 11 -1 40 12 9 -1 75 74 149 -1 149 108 75 -1 75 108 114 -1 108 67 114 -1 150 72 151 -1 150 121 72 -1 107 150 105 -1 149 152 127 -1 152 149 74 -1 125 78 84 -1 125 153 78 -1 154 112 145 -1 154 155 112 -1 107 121 150 -1 121 107 122 -1 151 71 90 -1 151 72 71 -1 123 156 120 -1 123 88 156 -1 119 5 124 -1 118 5 119 -1 84 77 85 -1 84 78 77 -1 118 58 5 -1 118 117 58 -1 29 157 30 -1 29 158 157 -1 29 52 158 -1 52 29 159 -1 6 94 93 -1 6 50 94 -1 7 15 16 -1 104 15 7 -1 160 54 56 -1 97 54 160 -1 96 45 161 -1 139 45 96 -1 40 100 137 -1 100 40 101 -1 39 101 40 -1 140 101 39 -1 71 25 156 -1 70 25 71 -1 162 144 76 -1 162 27 144 -1 152 162 153 -1 163 162 152 -1 164 143 81 -1 164 165 143 -1 166 167 168 -1 166 169 167 -1 170 146 148 -1 170 171 146 -1 142 102 172 -1 142 23 102 -1 141 136 38 -1 2 136 141 -1 173 158 174 -1 157 158 173 -1 105 151 175 -1 105 150 151 -1 138 132 176 -1 132 138 130 -1 46 161 45 -1 161 46 177 -1 104 43 15 -1 92 43 104 -1 178 43 95 -1 178 179 43 -1 34 47 79 -1 28 47 34 -1 98 140 139 -1 140 98 99 -1 180 181 182 -1 183 181 180 -1 184 102 103 -1 184 171 102 -1 138 64 65 -1 138 176 64 -1 99 22 100 -1 99 103 22 -1 59 135 134 -1 59 60 135 -1 43 17 19 -1 43 179 17 -1 185 131 186 -1 129 131 185 -1 84 126 125 -1 126 84 86 -1 168 187 166 -1 168 188 187 -1 132 57 177 -1 132 129 57 -1 136 51 134 -1 136 174 51 -1 167 186 165 -1 167 185 186 -1 189 126 188 -1 126 189 128 -1 89 151 90 -1 89 175 151 -1 141 42 109 -1 42 141 36 -1 116 119 110 -1 118 119 116 -1 116 114 117 -1 116 115 114 -1 145 113 69 -1 112 113 145 -1 113 76 144 -1 76 113 77 -1 115 110 111 -1 115 116 110 -1 73 26 163 -1 73 111 26 -1 28 48 47 -1 30 48 28 -1 189 81 82 -1 189 164 81 -1 166 190 148 -1 190 166 187 -1 181 148 190 -1 148 181 170 -1 37 191 41 -1 191 37 142 -1 172 191 142 -1 183 191 172 -1 109 2 141 -1 109 0 2 -1 66 58 67 -1 66 49 58 -1 192 108 149 -1 108 192 68 -1 106 154 107 -1 154 106 180 -1 124 4 62 -1 4 124 5 -1 147 55 169 -1 147 56 55 -1 174 52 51 -1 158 52 174 -1 137 12 40 -1 60 12 137 -1 14 131 130 -1 131 14 18 -1 35 17 179 -1 35 33 17 -1 177 54 161 -1 54 177 57 -1 53 6 133 -1 50 6 53 -1 135 23 38 -1 23 135 21 -1 160 171 184 -1 146 171 160 -1 165 20 143 -1 165 186 20 -1 178 29 31 -1 29 178 159 -1 61 88 123 -1 61 91 88 -1 182 85 155 -1 85 182 87 -1 128 149 127 -1 128 192 149 -1 157 63 83 -1 157 173 63 -1 41 106 105 -1 191 106 41 -1 106 183 180 -1 106 191 183 -1 190 182 181 -1 190 87 182 -1 87 187 86 -1 190 187 87 -1 128 82 192 -1 128 189 82 -1 192 80 68 -1 192 82 80 -1 80 66 68 -1 79 66 80 -1 75 111 73 -1 115 111 75 -1 69 144 70 -1 113 144 69 -1 74 163 152 -1 74 73 163 -1 175 109 42 -1 175 89 109 -1 164 188 168 -1 188 164 189 -1 1 173 2 -1 1 63 173 -1 185 169 55 -1 185 167 169 -1 86 188 126 -1 188 86 187 -1 129 55 57 -1 129 185 55 -1 186 18 20 -1 131 18 186 -1 159 95 94 -1 95 159 178 -1 134 53 59 -1 53 134 51 -1 97 184 98 -1 97 160 184 -1 44 176 46 -1 64 176 44 -1 98 103 99 -1 98 184 103 -1 170 183 172 -1 170 181 183 -1 155 180 182 -1 180 155 154 -1 66 47 49 -1 66 79 47 -1 179 31 35 -1 31 179 178 -1 176 177 46 -1 177 176 132 -1 14 138 16 -1 130 138 14 -1 42 105 175 -1 42 41 105 -1 174 2 173 -1 174 136 2 -1 171 172 102 -1 172 171 170 -1 148 169 166 -1 148 147 169 -1 165 168 167 -1 168 165 164 -1 35 28 34 -1 35 31 28 -1 24 156 25 -1 120 156 24 -1 163 27 162 -1 26 27 163 -1 76 153 162 -1 78 153 76 -1 22 137 100 -1 22 21 137 -1 45 140 39 -1 140 45 139 -1 161 97 96 -1 161 54 97 -1 56 146 160 -1 147 146 56 -1 17 143 20 -1 17 33 143 -1 14 19 18 -1 19 14 13 -1 52 94 50 -1 52 159 94 -1 48 4 3 -1 83 4 48 -1 83 30 157 -1 30 83 48 -1 91 1 0 -1 61 1 91 -1 117 67 58 -1 117 114 67 -1 123 119 124 -1 123 120 119 -1 156 90 71 -1 156 88 90 -1 154 122 107 -1 122 154 145 -1 112 85 77 -1 112 155 85 -1 127 153 125 -1 127 152 153 -1' creaseAngle='1.571'>
            <Coordinate DEF='rfmphal_Coord' point='-3.2293 0.0712 3.1154 -3.2191 0.0722 3.1189 -3.2579 0.0765 3.1992 -3.0882 0.0762 3.0219 -3.1017 0.0594 3.0154 -3.0748 0.0681 2.9436 -3.2073 0.072 3.4562 -3.2215 0.0966 3.4828 -3.2599 0.068 3.4584 -3.3864 0.0519 3.4188 -3.32 0.0631 3.4287 -3.3249 0.0595 3.4412 -3.379 0.0511 3.4045 -3.2221 0.1737 3.4539 -3.2444 0.1844 3.4589 -3.2226 0.1449 3.4794 -3.2435 0.1418 3.4887 -3.2077 0.1805 3.3473 -3.2411 0.1985 3.4094 -3.2204 0.1847 3.4108 -3.2262 0.1971 3.346 -3.3867 0.0677 3.3005 -3.3964 0.0761 3.2993 -3.3779 0.0799 3.2504 -3.1642 0.1282 2.9325 -3.203 0.1272 2.9279 -3.1818 0.2116 2.9442 -3.2207 0.2055 2.9441 -3.1755 0.1181 3.2192 -3.1888 0.0904 3.2943 -3.1796 0.0875 3.2201 -3.1887 0.1106 3.2917 -3.1788 0.1975 3.2161 -3.1975 0.184 3.2845 -3.1755 0.1594 3.2156 -3.1886 0.1519 3.2863 -3.3234 0.0648 3.1803 -3.3532 0.0774 3.1688 -3.3432 0.0713 3.2615 -3.4475 0.0753 3.418 -3.4273 0.0454 3.3863 -3.3293 0.077 3.0869 -3.2998 0.0583 3.0991 -3.1978 0.1393 3.4074 -3.403 0.0888 3.4384 -3.4598 0.1309 3.4304 -3.4158 0.1422 3.438 -3.1487 0.1253 3.1487 -3.152 0.0834 3.1483 -3.0754 0.1268 3.0409 -3.2028 0.0697 3.4026 -3.2441 0.0691 3.3423 -3.2025 0.0786 3.3485 -3.2493 0.0649 3.395 -3.4202 0.2013 3.378 -3.3681 0.2097 3.3289 -3.3968 0.1991 3.3237 -3.388 0.2033 3.3827 -3.0521 0.1274 2.9946 -3.3098 0.0695 3.3851 -3.3616 0.0529 3.3624 -3.1794 0.0763 2.9991 -3.1411 0.0395 3.0075 -3.1969 0.0665 3.1288 -3.3422 0.1037 3.4513 -3.2789 0.1006 3.4744 -3.1013 0.1914 3.0643 -3.0657 0.2194 2.9944 -3.0989 0.2566 3.0671 -3.2757 0.1317 2.9252 -3.2377 0.1272 2.9258 -3.2346 0.0775 2.8951 -3.2752 0.0741 2.8968 -3.148 0.284 2.9479 -3.1507 0.322 2.9454 -3.0894 0.2846 2.9608 -3.3006 0.2824 2.946 -3.3343 0.277 2.9434 -3.31 0.3171 2.9385 -3.1493 0.1675 3.1475 -3.1434 0.2267 3.1526 -3.1967 0.2294 3.2126 -3.1771 0.2575 3.1465 -3.1646 0.0689 3.1433 -3.3197 0.3252 2.9485 -3.348 0.2747 2.956 -3.3076 0.2997 3.0303 -3.3459 0.2621 3.0232 -3.1925 0.0647 2.8971 -3.2452 0.0376 2.9861 -3.2327 0.0623 2.9016 -3.197 0.0765 2.9954 -3.1913 0.1058 3.434 -3.1927 0.0881 3.446 -3.1898 0.0825 3.4054 -3.1929 0.1052 3.4062 -3.4532 0.1681 3.4006 -3.4333 0.186 3.3711 -3.4338 0.1339 3.3679 -3.4242 0.0905 3.3538 -3.4175 0.0598 3.3438 -3.4368 0.0594 3.3752 -3.381 0.1147 3.2548 -3.4043 0.1026 3.3043 -3.2058 0.1094 3.4767 -3.3129 0.0554 2.9743 -3.3326 0.1093 2.9701 -3.3342 0.1027 2.939 -3.0771 0.2807 2.9792 -3.2607 0.0588 3.1078 -3.128 0.134 2.9434 -3.1431 0.2178 2.9454 -3.3426 0.1883 2.9485 -3.3016 0.1892 2.9466 -3.071 0.2189 2.9741 -3.0873 0.2178 2.9656 -3.0825 0.1357 2.9575 -3.0575 0.1302 2.9737 -3.0761 0.0844 2.9319 -3.1095 0.0716 2.9144 -3.1609 0.0761 2.8957 -3.2992 0.0905 2.9086 -3.3177 0.1161 2.9239 -3.1623 0.0653 2.9014 -3.1104 0.0558 2.9219 -3.2635 0.3513 2.9484 -3.2595 0.326 3.042 -3.2175 0.3524 2.9526 -3.2128 0.3167 3.0458 -3.3434 0.208 3.3914 -3.2923 0.1895 3.4454 -3.2853 0.203 3.402 -3.3522 0.1906 3.4259 -3.255 0.0665 3.4438 -3.2992 0.0734 3.3338 -3.3536 0.0621 3.3119 -3.2888 0.0773 3.282 -3.4019 0.0485 3.3452 -3.2949 0.1496 3.4706 -3.4667 0.1316 3.4152 -3.456 0.0859 3.4056 -3.3025 0.0624 3.1848 -3.3607 0.0929 3.1709 -3.2146 0.2017 3.2829 -3.2605 0.1966 2.9489 -3.3303 0.149 2.9353 -3.3873 0.1891 3.268 -3.3778 0.2025 3.2714 -3.3675 0.2168 3.1889 -3.1495 0.3324 2.9597 -3.3068 0.0723 2.9196 -3.2755 0.0617 2.9071 -3.2144 0.3415 2.9391 -3.2601 0.34 2.936 -3.3505 0.1477 2.9542 -3.3573 0.186 2.9646 -3.1942 0.0752 2.8911 -3.1943 0.0726 3.2168 -3.2028 0.0784 3.2939 -3.1919 0.0883 3.3498 -3.4106 0.1808 3.3192 -3.4452 0.1757 3.4154 -3.2419 0.2825 2.9424 -3.1968 0.2836 2.9435 -3.244 0.2438 3.2097 -3.2571 0.2161 3.2803 -3.3305 0.2387 3.1976 -3.311 0.2277 3.2773 -3.2942 0.2543 3.2048 -3.348 0.2161 3.2752 -3.3727 0.1625 3.1754 -3.3888 0.1516 3.2589 -3.3662 0.1277 3.1732 -3.2205 0.07 3.2092 -3.2389 0.0734 3.2895 -3.2815 0.036 2.982 -3.3558 0.1508 3.4453 -3.4065 0.1846 3.4205 -3.1918 0.1079 3.3489 -3.1943 0.1456 3.3468 -3.346 0.1489 2.9811 -3.359 0.1739 3.0927 -3.357 0.1905 2.992 -3.3479 0.1408 3.0915 -3.4127 0.1427 3.3134 -3.3271 0.2179 3.3344 -3.2712 0.2095 3.3411 -3.3105 0.2613 3.1201 -3.2755 0.2809 3.1323 -3.2286 0.2714 3.1388 -3.3457 0.2417 3.1079 -3.3442 0.1081 3.0911 -3.1523 0.2962 3.0551'/>
          </IndexedFaceSet>
        </Shape>
        <Shape DEF='rfmphal2'>
          <Appearance>
            <Material ambientIntensity='0.098' diffuseColor='1 0.9765 0.8667' emissiveColor='0 1 0' shininess='0.05' specularColor='0.349 0.349 0.349'/>
          </Appearance>
          <IndexedFaceSet DEF='rfmphal2_Geo' coordIndex='0 1 2 -1 3 4 5 -1 3 6 4 -1 7 8 9 -1 7 10 8 -1 11 12 13 -1 14 8 15 -1 8 16 15 -1 17 18 19 -1 19 20 17 -1 21 22 23 -1 24 25 26 -1 27 28 29 -1 17 30 28 -1 30 31 28 -1 30 17 20 -1 23 32 33 -1 33 32 34 -1 34 35 33 -1 36 37 38 -1 38 33 36 -1 39 40 41 -1 41 42 39 -1 43 42 44 -1 42 41 44 -1 45 22 21 -1 21 46 45 -1 47 42 48 -1 49 50 51 -1 26 30 52 -1 17 28 18 -1 4 53 54 -1 5 55 56 -1 26 57 30 -1 27 58 28 -1 58 18 28 -1 59 49 60 -1 51 11 15 -1 15 61 51 -1 62 9 63 -1 62 64 9 -1 65 66 67 -1 67 61 65 -1 68 10 7 -1 69 70 71 -1 44 0 2 -1 72 42 43 -1 35 73 36 -1 74 42 47 -1 74 75 45 -1 75 22 45 -1 76 32 75 -1 47 77 74 -1 78 79 73 -1 73 35 78 -1 36 33 35 -1 80 7 81 -1 80 68 7 -1 16 66 65 -1 82 63 83 -1 82 62 63 -1 62 84 64 -1 62 85 84 -1 51 60 49 -1 29 60 67 -1 29 59 60 -1 31 30 57 -1 86 87 88 -1 88 89 86 -1 19 90 20 -1 19 6 90 -1 52 30 20 -1 71 91 25 -1 70 0 12 -1 66 16 92 -1 32 76 34 -1 39 45 46 -1 43 44 79 -1 44 2 79 -1 48 78 93 -1 48 72 78 -1 42 72 48 -1 50 49 70 -1 49 71 70 -1 71 59 91 -1 71 49 59 -1 12 50 70 -1 31 57 91 -1 23 22 32 -1 22 75 32 -1 86 6 3 -1 86 90 6 -1 89 94 90 -1 90 86 89 -1 89 95 94 -1 10 16 8 -1 28 31 29 -1 0 96 12 -1 56 84 97 -1 84 56 98 -1 81 9 64 -1 81 7 9 -1 99 100 101 -1 99 80 100 -1 54 5 4 -1 55 5 54 -1 10 92 16 -1 68 92 10 -1 58 54 53 -1 58 101 54 -1 87 84 85 -1 97 84 87 -1 102 103 104 -1 88 103 102 -1 105 106 107 -1 108 106 105 -1 25 57 26 -1 91 57 25 -1 73 2 109 -1 79 2 73 -1 110 21 107 -1 46 21 110 -1 34 77 93 -1 34 76 77 -1 70 1 0 -1 69 1 70 -1 12 111 112 -1 12 96 111 -1 106 113 114 -1 113 106 104 -1 115 116 95 -1 115 117 116 -1 29 91 59 -1 29 31 91 -1 4 19 53 -1 4 6 19 -1 60 61 67 -1 51 61 60 -1 14 9 8 -1 63 9 14 -1 82 85 62 -1 82 103 85 -1 27 101 58 -1 27 99 101 -1 66 99 27 -1 92 99 66 -1 52 95 116 -1 94 95 52 -1 117 38 37 -1 115 38 117 -1 11 50 12 -1 11 51 50 -1 111 110 114 -1 110 111 40 -1 104 82 113 -1 104 103 82 -1 89 102 95 -1 102 89 88 -1 78 43 79 -1 78 72 43 -1 74 76 75 -1 77 76 74 -1 112 13 12 -1 112 83 13 -1 74 39 42 -1 74 45 39 -1 115 105 38 -1 105 115 108 -1 107 114 110 -1 107 106 114 -1 113 83 112 -1 113 82 83 -1 96 40 111 -1 40 96 41 -1 41 0 44 -1 41 96 0 -1 71 24 69 -1 71 25 24 -1 109 1 118 -1 2 1 109 -1 37 118 117 -1 37 109 118 -1 26 116 24 -1 52 116 26 -1 27 67 66 -1 67 27 29 -1 98 80 81 -1 100 80 98 -1 63 13 83 -1 63 14 13 -1 16 61 15 -1 65 61 16 -1 97 86 3 -1 97 87 86 -1 52 90 94 -1 52 20 90 -1 24 117 118 -1 116 117 24 -1 95 108 115 -1 102 108 95 -1 114 112 111 -1 112 114 113 -1 69 118 1 -1 24 118 69 -1 93 47 48 -1 93 77 47 -1 23 38 105 -1 23 33 38 -1 40 46 110 -1 46 40 39 -1 36 109 37 -1 73 109 36 -1 34 78 35 -1 78 34 93 -1 107 23 105 -1 107 21 23 -1 108 104 106 -1 102 104 108 -1 85 88 87 -1 85 103 88 -1 56 100 98 -1 55 100 56 -1 53 18 58 -1 19 18 53 -1 101 55 54 -1 100 55 101 -1 80 92 68 -1 99 92 80 -1 14 11 13 -1 14 15 11 -1 64 98 81 -1 98 64 84 -1 3 56 97 -1 3 5 56 -1' creaseAngle='1.571'>
            <Coordinate DEF='rfmphal2_Coord' point='-3.6427 0.1912 2.7566 -3.6967 0.145 2.741 -3.6571 0.1299 2.6725 -3.9092 0.139 2.9884 -3.8989 0.1204 2.9978 -3.8948 0.1368 3.0061 -3.9096 0.1245 2.9806 -3.7499 0.2342 3.0646 -3.6985 0.1918 3.0401 -3.7533 0.2531 3.049 -3.7093 0.1837 3.0576 -3.7113 0.221 2.8762 -3.694 0.2438 2.829 -3.719 0.2347 2.879 -3.7141 0.222 2.9552 -3.7065 0.2087 2.9496 -3.6942 0.1704 3.0479 -3.8582 0.0925 2.9178 -3.8565 0.0812 2.9529 -3.903 0.0792 2.9518 -3.8977 0.1097 2.9066 -3.8233 0.2664 2.6268 -3.808 0.2527 2.6392 -3.8606 0.2193 2.6387 -3.8178 0.1126 2.8036 -3.816 0.1238 2.8531 -3.8286 0.1205 2.8526 -3.7891 0.0936 3.0268 -3.813 0.0934 2.961 -3.7923 0.0976 2.9645 -3.8578 0.1014 2.9021 -3.8093 0.1062 2.9482 -3.8395 0.1605 2.6359 -3.859 0.149 2.6387 -3.7353 0.1472 2.6262 -3.7398 0.129 2.6235 -3.8119 0.1004 2.6286 -3.8231 0.0905 2.6425 -3.869 0.1453 2.6438 -3.6978 0.312 2.6836 -3.7 0.3221 2.6943 -3.6559 0.2644 2.7198 -3.662 0.261 2.7054 -3.6271 0.1968 2.6971 -3.6229 0.1958 2.7116 -3.7752 0.2784 2.6434 -3.7854 0.3083 2.6363 -3.7001 0.202 2.6741 -3.6671 0.2003 2.6694 -3.7437 0.1512 2.8609 -3.6993 0.1805 2.8369 -3.7108 0.1764 2.8672 -3.8882 0.115 2.8475 -3.885 0.0719 2.9941 -3.8678 0.1219 3.0246 -3.8696 0.1392 3.0251 -3.883 0.1755 3.0187 -3.8217 0.1212 2.9134 -3.8346 0.0757 3.0053 -3.7803 0.1235 2.9078 -3.7368 0.1296 2.8972 -3.6983 0.1584 2.9295 -3.824 0.2452 2.9666 -3.7568 0.2598 2.9707 -3.822 0.2277 3.037 -3.6912 0.1413 2.9947 -3.7243 0.1114 3.0233 -3.7303 0.1152 2.949 -3.7319 0.1786 3.0684 -3.7361 0.1497 2.8123 -3.6857 0.1836 2.8145 -3.7576 0.1522 2.8501 -3.6498 0.1986 2.6748 -3.7341 0.0994 2.6285 -3.7419 0.2187 2.6673 -3.7701 0.2026 2.6556 -3.7417 0.1721 2.6481 -3.7156 0.1864 2.6588 -3.6737 0.1601 2.6414 -3.6563 0.1347 2.6576 -3.795 0.1608 3.0639 -3.8137 0.2138 3.0509 -3.8386 0.2746 2.8774 -3.7694 0.2748 2.8875 -3.8556 0.2123 3.0215 -3.8664 0.2312 2.96 -3.9184 0.1597 2.9316 -3.9043 0.1975 2.9517 -3.9138 0.2201 2.8601 -3.9131 0.1715 2.8526 -3.9161 0.1438 2.9222 -3.8079 0.1239 2.9123 -3.7307 0.1621 3.0665 -3.6832 0.1692 2.6411 -3.909 0.1546 2.8506 -3.9152 0.1606 2.7787 -3.67 0.2569 2.7665 -3.8956 0.1875 3.0067 -3.8487 0.1979 3.0326 -3.7919 0.1452 3.0621 -3.8293 0.148 3.0457 -3.827 0.1325 3.0449 -3.9197 0.2291 2.7806 -3.8804 0.2563 2.8709 -3.8902 0.2698 2.7975 -3.8756 0.223 2.6454 -3.8695 0.2764 2.7084 -3.84 0.278 2.6332 -3.8992 0.2253 2.7062 -3.7411 0.0913 2.6416 -3.7929 0.3147 2.6412 -3.7239 0.308 2.7582 -3.7581 0.2923 2.8326 -3.8422 0.2915 2.8158 -3.818 0.3061 2.7149 -3.8947 0.1517 2.7064 -3.8855 0.1061 2.792 -3.8591 0.0977 2.7137 -3.7806 0.1021 2.7169'/>
          </IndexedFaceSet>
        </Shape>
        <Shape DEF='rfmphal3'>
          <Appearance>
            <Material ambientIntensity='0.098' diffuseColor='1 0.9765 0.8667' emissiveColor='0 1 0' shininess='0.05' specularColor='0.349 0.349 0.349'/>
          </Appearance>
          <IndexedFaceSet DEF='rfmphal3_Geo' coordIndex='0 1 2 -1 3 4 5 -1 6 7 8 -1 9 10 11 -1 12 13 14 -1 15 16 17 -1 18 19 20 -1 18 21 19 -1 22 23 24 -1 25 26 27 -1 25 28 26 -1 29 30 31 -1 29 32 30 -1 26 33 34 -1 26 28 33 -1 35 30 36 -1 37 38 39 -1 37 40 38 -1 31 41 42 -1 42 43 31 -1 44 45 46 -1 47 48 49 -1 50 51 52 -1 51 8 52 -1 53 40 54 -1 54 55 53 -1 11 56 9 -1 57 58 59 -1 59 60 57 -1 59 61 25 -1 25 60 59 -1 62 63 64 -1 62 65 63 -1 66 56 11 -1 66 67 56 -1 0 2 68 -1 16 69 17 -1 4 70 5 -1 70 71 5 -1 53 72 73 -1 53 74 72 -1 14 75 12 -1 76 61 59 -1 76 77 61 -1 78 26 34 -1 79 80 23 -1 81 35 36 -1 32 22 24 -1 82 83 84 -1 85 86 58 -1 85 87 86 -1 42 41 75 -1 75 14 42 -1 88 89 12 -1 31 43 90 -1 90 29 31 -1 91 3 5 -1 17 69 47 -1 47 49 17 -1 92 68 2 -1 93 94 20 -1 93 95 94 -1 96 97 29 -1 29 90 96 -1 6 9 56 -1 98 99 100 -1 100 101 98 -1 49 48 102 -1 102 103 49 -1 46 45 104 -1 43 39 38 -1 43 42 39 -1 84 33 82 -1 33 28 82 -1 105 106 23 -1 106 79 23 -1 27 26 78 -1 78 107 27 -1 77 88 83 -1 101 108 98 -1 92 109 68 -1 109 110 68 -1 89 13 12 -1 6 8 9 -1 104 111 46 -1 10 112 11 -1 108 113 98 -1 5 114 91 -1 2 115 92 -1 103 44 46 -1 103 102 44 -1 116 104 64 -1 116 111 104 -1 63 21 18 -1 66 21 63 -1 6 113 7 -1 117 113 6 -1 99 118 119 -1 99 98 118 -1 15 120 16 -1 15 1 120 -1 115 70 4 -1 2 70 115 -1 3 121 122 -1 3 91 121 -1 95 123 94 -1 95 114 123 -1 104 62 64 -1 104 45 62 -1 99 48 100 -1 99 102 48 -1 47 124 125 -1 47 69 124 -1 126 92 127 -1 126 109 92 -1 128 129 93 -1 128 130 129 -1 118 67 65 -1 118 117 67 -1 108 131 132 -1 131 108 101 -1 133 134 135 -1 133 136 134 -1 110 0 68 -1 110 137 0 -1 88 76 89 -1 88 77 76 -1 138 87 139 -1 138 86 87 -1 140 137 141 -1 136 137 140 -1 97 142 105 -1 96 142 97 -1 10 72 74 -1 10 143 72 -1 21 144 19 -1 21 112 144 -1 82 77 83 -1 77 82 61 -1 79 107 78 -1 107 79 106 -1 35 75 41 -1 35 81 75 -1 88 145 83 -1 12 145 88 -1 146 23 80 -1 146 24 23 -1 146 84 147 -1 146 33 84 -1 126 54 148 -1 126 130 54 -1 108 7 113 -1 149 7 108 -1 107 150 27 -1 107 151 150 -1 87 152 140 -1 87 85 152 -1 153 154 155 -1 153 156 154 -1 157 52 149 -1 157 158 52 -1 73 96 90 -1 96 73 72 -1 14 39 42 -1 14 159 39 -1 138 13 89 -1 138 160 13 -1 51 161 162 -1 161 51 151 -1 152 132 134 -1 152 157 132 -1 127 115 122 -1 127 92 115 -1 128 54 130 -1 54 128 55 -1 119 65 62 -1 118 65 119 -1 101 125 131 -1 125 101 100 -1 120 135 124 -1 120 133 135 -1 110 141 137 -1 141 110 154 -1 71 49 103 -1 71 17 49 -1 46 114 5 -1 46 123 114 -1 111 123 46 -1 153 39 159 -1 153 37 39 -1 53 38 40 -1 53 73 38 -1 160 139 156 -1 160 138 139 -1 158 50 52 -1 158 57 50 -1 8 162 9 -1 8 51 162 -1 161 105 142 -1 105 161 106 -1 36 32 24 -1 32 36 30 -1 145 36 147 -1 145 81 36 -1 83 147 84 -1 83 145 147 -1 80 78 34 -1 79 78 80 -1 143 9 162 -1 143 10 9 -1 106 151 107 -1 151 106 161 -1 60 27 150 -1 60 25 27 -1 159 156 153 -1 159 160 156 -1 46 71 103 -1 46 5 71 -1 15 71 70 -1 15 17 71 -1 155 110 109 -1 155 154 110 -1 140 134 136 -1 134 140 152 -1 132 149 108 -1 132 157 149 -1 117 56 67 -1 6 56 117 -1 144 128 19 -1 55 128 144 -1 121 93 129 -1 121 95 93 -1 148 109 126 -1 148 155 109 -1 124 131 125 -1 124 135 131 -1 58 158 85 -1 58 57 158 -1 150 57 60 -1 150 50 57 -1 58 76 59 -1 58 86 76 -1 160 14 13 -1 160 159 14 -1 90 38 73 -1 43 38 90 -1 142 162 161 -1 142 143 162 -1 74 55 144 -1 74 53 55 -1 37 155 148 -1 37 153 155 -1 156 141 154 -1 156 139 141 -1 85 157 152 -1 85 158 157 -1 151 50 150 -1 151 51 50 -1 149 8 7 -1 52 8 149 -1 148 40 37 -1 148 54 40 -1 129 122 121 -1 127 122 129 -1 24 147 36 -1 24 146 147 -1 34 146 80 -1 34 33 146 -1 12 81 145 -1 75 81 12 -1 30 41 31 -1 30 35 41 -1 97 32 29 -1 97 22 32 -1 82 25 61 -1 82 28 25 -1 116 20 94 -1 20 116 18 -1 74 112 10 -1 144 112 74 -1 72 142 96 -1 72 143 142 -1 105 22 97 -1 105 23 22 -1 133 1 0 -1 133 120 1 -1 140 139 87 -1 140 141 139 -1 86 89 76 -1 89 86 138 -1 136 0 137 -1 0 136 133 -1 135 132 131 -1 135 134 132 -1 65 66 63 -1 65 67 66 -1 93 19 128 -1 20 19 93 -1 130 127 129 -1 130 126 127 -1 48 125 100 -1 48 47 125 -1 45 119 62 -1 119 45 44 -1 94 111 116 -1 94 123 111 -1 91 95 121 -1 91 114 95 -1 4 122 115 -1 4 3 122 -1 15 2 1 -1 15 70 2 -1 124 16 120 -1 124 69 16 -1 119 102 99 -1 44 102 119 -1 98 117 118 -1 98 113 117 -1 112 66 11 -1 112 21 66 -1 64 18 116 -1 63 18 64 -1' creaseAngle='1.571'>
            <Coordinate DEF='rfmphal3_Coord' point='-4.1641 0.1442 2.0413 -4.17 0.1367 2.0175 -4.0798 0.1912 2.0101 -3.9815 0.2929 2.0441 -4.0134 0.2534 2.0217 -4.0725 0.3068 2.0248 -4.1878 0.3404 2.1383 -4.2243 0.3079 2.1256 -4.2279 0.2883 2.1759 -4.1784 0.3365 2.1949 -4.1163 0.3449 2.2077 -4.1428 0.3639 2.1486 -4.1607 0.1724 2.3246 -4.1682 0.1989 2.3007 -4.0782 0.2206 2.3173 -4.1724 0.1469 2.0047 -4.1924 0.1451 2.0058 -4.2055 0.1857 2.0049 -4.0905 0.4022 2.0698 -4.0654 0.3664 2.1219 -4.0549 0.3836 2.0788 -4.0986 0.3779 2.1112 -4.0886 0.3136 2.3712 -4.1327 0.3133 2.3688 -4.1165 0.2807 2.3762 -4.3163 0.2018 2.2951 -4.3255 0.231 2.3127 -4.3221 0.2319 2.2945 -4.3156 0.2023 2.3085 -4.04 0.3017 2.358 -4.0256 0.2712 2.3679 -4.021 0.2758 2.3572 -4.0528 0.2965 2.3719 -4.2972 0.2084 2.3279 -4.3125 0.2428 2.3217 -4.0331 0.2431 2.3651 -4.0817 0.2406 2.3709 -4.0436 0.2512 2.2151 -4.0484 0.2744 2.2831 -4.0595 0.2512 2.2837 -4.0375 0.2771 2.2213 -4.0269 0.242 2.3546 -4.0459 0.247 2.3258 -4.0381 0.2724 2.326 -4.2049 0.3899 1.9967 -4.1657 0.4153 2.0022 -4.131 0.3779 2.0178 -4.2753 0.2149 1.9986 -4.2892 0.2626 2.0019 -4.2587 0.2415 2.0028 -4.2629 0.2468 2.2242 -4.2475 0.275 2.2272 -4.2541 0.2552 2.1686 -4.0572 0.313 2.2231 -4.0117 0.28 2.1687 -4.046 0.3228 2.1639 -4.1609 0.3567 2.1443 -4.2532 0.2178 2.2259 -4.2407 0.1897 2.2314 -4.2639 0.1814 2.2731 -4.2936 0.2078 2.2693 -4.2916 0.1676 2.3 -4.1675 0.4214 2.0158 -4.1244 0.4058 2.06 -4.1218 0.4317 2.0345 -4.1613 0.4045 2.0469 -4.1302 0.3811 2.1104 -4.1563 0.3786 2.107 -4.0905 0.1947 2.0377 -4.2366 0.1581 2.0101 -4.085 0.2006 1.9977 -4.136 0.2521 2.0124 -4.0916 0.3284 2.2757 -4.063 0.3103 2.2778 -4.0831 0.3383 2.2189 -4.0565 0.2066 2.3477 -4.2375 0.1714 2.2759 -4.2453 0.1556 2.3079 -4.313 0.2547 2.3159 -4.2458 0.295 2.3335 -4.2413 0.2788 2.344 -4.06 0.2092 2.3582 -4.2901 0.1695 2.3131 -4.2392 0.1559 2.3217 -4.2686 0.1761 2.3271 -4.2282 0.1883 2.1727 -4.2185 0.1861 2.2356 -4.2005 0.1793 2.1704 -4.2263 0.1559 2.3116 -4.2108 0.1719 2.2819 -4.0527 0.3043 2.328 -3.9811 0.314 2.0481 -4.0183 0.2349 2.0567 -4.0175 0.3575 2.0835 -4.0428 0.4064 2.054 -4.007 0.3705 2.0599 -4.0821 0.3258 2.3285 -4.0839 0.3238 2.3567 -4.2378 0.3517 2.0305 -4.246 0.3641 2.0007 -4.2986 0.2614 2.0123 -4.2891 0.2647 2.0365 -4.2402 0.3606 1.986 -4.2016 0.3189 2.0088 -4.1211 0.4238 2.0185 -4.1341 0.3257 2.3472 -4.2384 0.3054 2.3124 -4.2996 0.2617 2.296 -4.2773 0.2647 2.072 -4.033 0.2256 2.0922 -4.1034 0.1938 2.0817 -4.0793 0.4182 2.032 -4.105 0.363 2.151 -4.2259 0.3281 2.0863 -4.0118 0.367 2.0464 -4.0082 0.2413 2.0331 -4.0788 0.4243 2.0484 -4.1924 0.3542 2.1012 -4.1995 0.3799 2.035 -4.208 0.3947 2.0078 -4.1883 0.1353 2.018 -3.9719 0.3151 2.0648 -3.9707 0.2836 2.0587 -4.0454 0.3999 2.0369 -4.2425 0.1523 2.0226 -4.2846 0.2123 2.0096 -3.9943 0.2601 2.1224 -3.9786 0.2735 2.0856 -4.0318 0.3379 2.1229 -3.9778 0.2996 2.0918 -3.9929 0.2839 2.1296 -4.2696 0.2136 2.0366 -4.2565 0.2136 2.075 -4.1844 0.1422 2.0416 -4.2277 0.1655 2.0766 -4.2337 0.1584 2.0445 -4.1845 0.1508 2.0761 -4.1634 0.1531 2.077 -4.1947 0.1892 2.2438 -4.173 0.1832 2.1754 -4.1875 0.1626 2.1203 -4.1628 0.1675 2.1284 -4.1286 0.3265 2.3176 -4.124 0.3325 2.2699 -4.0732 0.352 2.1608 -4.1663 0.1741 2.335 -4.2236 0.241 2.3552 -4.1928 0.2022 2.3483 -4.0156 0.255 2.1639 -4.2635 0.2611 2.1129 -4.2966 0.2366 2.2665 -4.2764 0.262 2.2704 -4.2272 0.1755 2.1182 -4.0733 0.2319 2.2043 -4.1175 0.2031 2.1363 -4.0538 0.2287 2.1483 -4.1324 0.213 2.1907 -4.2513 0.2155 2.1154 -4.2464 0.2184 2.1719 -4.0894 0.2301 2.2785 -4.1602 0.213 2.2609 -4.2225 0.3065 2.2883 -4.201 0.3201 2.2487'/>
          </IndexedFaceSet>
        </Shape>
        <Shape DEF='rfmphal4'>
          <Appearance>
            <Material ambientIntensity='0.098' diffuseColor='1 0.9765 0.8667' emissiveColor='0 1 0' shininess='0.05' specularColor='0.349 0.349 0.349'/>
          </Appearance>
          <IndexedFaceSet DEF='rfmphal4_Geo' coordIndex='0 1 2 -1 3 4 5 -1 6 7 8 -1 9 10 11 -1 12 13 14 -1 15 16 17 -1 18 19 20 -1 21 22 1 -1 21 23 22 -1 8 7 24 -1 25 26 27 -1 28 29 30 -1 30 31 28 -1 32 33 34 -1 32 35 33 -1 36 14 13 -1 37 38 39 -1 38 40 39 -1 41 42 43 -1 41 44 42 -1 16 45 17 -1 46 47 48 -1 46 49 47 -1 50 51 18 -1 50 52 51 -1 53 54 43 -1 43 42 53 -1 55 56 57 -1 57 58 55 -1 53 59 60 -1 53 61 59 -1 62 63 64 -1 63 65 64 -1 22 2 1 -1 66 67 68 -1 69 66 70 -1 66 71 70 -1 72 5 4 -1 13 71 40 -1 13 5 71 -1 73 58 57 -1 73 74 58 -1 20 19 25 -1 52 50 75 -1 50 76 75 -1 77 60 59 -1 59 78 77 -1 11 49 46 -1 11 16 49 -1 26 34 33 -1 79 80 81 -1 82 83 84 -1 85 86 87 -1 31 88 28 -1 89 19 51 -1 90 91 92 -1 92 93 90 -1 94 95 90 -1 95 91 90 -1 96 13 12 -1 67 66 97 -1 2 22 98 -1 99 100 101 -1 99 102 100 -1 103 10 104 -1 103 45 10 -1 105 106 107 -1 107 108 105 -1 50 18 20 -1 20 109 50 -1 52 110 51 -1 52 111 110 -1 45 16 10 -1 112 8 113 -1 112 6 8 -1 37 39 68 -1 36 13 114 -1 115 74 73 -1 115 110 74 -1 116 83 82 -1 116 73 57 -1 57 81 116 -1 26 117 27 -1 26 33 117 -1 86 80 79 -1 118 100 102 -1 118 119 100 -1 120 65 121 -1 120 122 65 -1 38 37 123 -1 37 124 123 -1 97 66 69 -1 18 51 19 -1 123 125 126 -1 123 7 125 -1 11 10 16 -1 38 114 13 -1 13 40 38 -1 112 15 17 -1 127 5 72 -1 128 2 98 -1 68 39 66 -1 106 121 129 -1 121 106 105 -1 9 104 10 -1 9 120 104 -1 7 130 125 -1 7 6 130 -1 126 38 123 -1 38 126 114 -1 101 97 99 -1 67 97 101 -1 69 2 128 -1 69 70 2 -1 127 131 0 -1 127 72 131 -1 4 62 132 -1 4 3 62 -1 96 129 63 -1 96 12 129 -1 107 114 126 -1 107 36 114 -1 124 68 133 -1 37 68 124 -1 134 135 136 -1 134 137 135 -1 65 138 64 -1 122 138 65 -1 108 104 105 -1 108 103 104 -1 119 139 100 -1 119 140 139 -1 141 102 98 -1 141 118 102 -1 20 77 109 -1 142 77 20 -1 143 144 145 -1 143 78 144 -1 102 128 98 -1 99 128 102 -1 146 79 56 -1 146 86 79 -1 95 48 55 -1 46 48 95 -1 9 94 147 -1 9 11 94 -1 129 65 63 -1 129 121 65 -1 117 35 148 -1 33 35 117 -1 56 81 57 -1 79 81 56 -1 116 115 73 -1 116 82 115 -1 19 84 149 -1 84 19 89 -1 86 150 87 -1 150 86 146 -1 88 151 85 -1 32 151 88 -1 152 80 151 -1 80 152 83 -1 136 131 132 -1 131 136 135 -1 153 93 154 -1 155 93 153 -1 92 110 111 -1 110 92 74 -1 24 123 124 -1 7 123 24 -1 113 15 112 -1 15 113 156 -1 59 157 158 -1 59 61 157 -1 145 76 143 -1 76 145 159 -1 154 160 153 -1 154 75 160 -1 94 161 147 -1 94 90 161 -1 58 92 91 -1 92 58 74 -1 60 142 162 -1 60 77 142 -1 100 133 101 -1 100 139 133 -1 153 21 137 -1 153 160 21 -1 132 64 136 -1 62 64 132 -1 122 161 138 -1 122 147 161 -1 130 45 103 -1 45 130 17 -1 113 140 157 -1 140 113 8 -1 144 119 118 -1 144 158 119 -1 160 23 21 -1 160 159 23 -1 89 110 115 -1 89 51 110 -1 30 54 148 -1 54 30 43 -1 41 150 47 -1 29 150 41 -1 85 28 88 -1 28 85 87 -1 26 152 34 -1 26 149 152 -1 149 83 152 -1 84 83 149 -1 83 81 80 -1 83 116 81 -1 146 47 150 -1 48 47 146 -1 15 49 16 -1 44 49 15 -1 61 42 156 -1 61 53 42 -1 162 27 117 -1 27 162 142 -1 50 143 76 -1 50 109 143 -1 75 111 52 -1 75 154 111 -1 96 5 13 -1 96 3 5 -1 70 5 127 -1 70 71 5 -1 39 71 66 -1 71 39 40 -1 159 141 23 -1 141 159 145 -1 124 139 24 -1 139 124 133 -1 126 108 107 -1 108 126 125 -1 161 134 138 -1 134 161 155 -1 135 0 131 -1 135 1 0 -1 117 54 162 -1 117 148 54 -1 119 157 140 -1 157 119 158 -1 44 47 49 -1 44 41 47 -1 53 162 54 -1 53 60 162 -1 91 55 58 -1 91 95 55 -1 157 156 113 -1 157 61 156 -1 161 93 155 -1 90 93 161 -1 75 159 160 -1 75 76 159 -1 78 158 144 -1 78 59 158 -1 29 43 30 -1 29 41 43 -1 156 44 15 -1 44 156 42 -1 154 92 111 -1 93 92 154 -1 137 155 153 -1 134 155 137 -1 34 151 32 -1 151 34 152 -1 31 32 88 -1 35 32 31 -1 151 86 85 -1 151 80 86 -1 25 149 26 -1 149 25 19 -1 82 89 115 -1 82 84 89 -1 87 29 28 -1 87 150 29 -1 31 148 35 -1 31 30 148 -1 120 147 122 -1 120 9 147 -1 46 94 11 -1 46 95 94 -1 56 48 146 -1 48 56 55 -1 118 145 144 -1 141 145 118 -1 109 78 143 -1 77 78 109 -1 25 142 20 -1 27 142 25 -1 23 98 22 -1 23 141 98 -1 139 8 24 -1 140 8 139 -1 125 103 108 -1 130 103 125 -1 138 136 64 -1 138 134 136 -1 137 1 135 -1 137 21 1 -1 133 67 101 -1 68 67 133 -1 106 36 107 -1 14 36 106 -1 3 63 62 -1 3 96 63 -1 72 132 131 -1 72 4 132 -1 0 70 127 -1 70 0 2 -1 69 99 97 -1 128 99 69 -1 17 6 112 -1 6 17 130 -1 105 120 121 -1 120 105 104 -1 129 14 106 -1 129 12 14 -1' creaseAngle='1.571'>
            <Coordinate DEF='rfmphal4_Coord' point='-4.4047 0.3142 1.5596 -4.4147 0.307 1.5804 -4.4668 0.2657 1.545 -4.4048 0.4321 1.5786 -4.3765 0.3834 1.5771 -4.4695 0.3733 1.5604 -4.62 0.3847 1.6045 -4.6273 0.4036 1.5681 -4.629 0.3346 1.5811 -4.5079 0.4156 1.6705 -4.5454 0.4149 1.6683 -4.5133 0.3973 1.7066 -4.4835 0.4706 1.5852 -4.5342 0.4332 1.5605 -4.5278 0.4727 1.5743 -4.6156 0.3471 1.6768 -4.5707 0.3886 1.6952 -4.5851 0.393 1.6562 -4.5419 0.2666 1.7389 -4.536 0.2434 1.7501 -4.5731 0.2415 1.7212 -4.4294 0.2961 1.6117 -4.4786 0.2678 1.5673 -4.4913 0.2653 1.6016 -4.6316 0.3393 1.5428 -4.5849 0.2265 1.7382 -4.5965 0.2254 1.7473 -4.5958 0.2259 1.736 -4.6662 0.3095 1.7555 -4.6555 0.3177 1.7379 -4.672 0.2898 1.7355 -4.6705 0.2883 1.7501 -4.6506 0.2678 1.7643 -4.6416 0.2339 1.7495 -4.6246 0.2402 1.7622 -4.6649 0.2625 1.7468 -4.5685 0.4629 1.5591 -4.6232 0.339 1.5098 -4.6236 0.4087 1.5368 -4.6032 0.318 1.5099 -4.5726 0.3635 1.5309 -4.6365 0.3209 1.7148 -4.6375 0.304 1.6871 -4.6513 0.2972 1.7105 -4.6227 0.336 1.695 -4.562 0.4081 1.6639 -4.5116 0.3871 1.7346 -4.5927 0.3623 1.7324 -4.5127 0.382 1.7588 -4.5804 0.3746 1.7155 -4.5372 0.2785 1.722 -4.4763 0.2883 1.7542 -4.4795 0.292 1.7376 -4.6261 0.2779 1.6874 -4.6462 0.271 1.7118 -4.4752 0.382 1.7683 -4.4785 0.3783 1.7936 -4.4462 0.3596 1.7937 -4.4534 0.3636 1.7669 -4.5987 0.2534 1.6697 -4.6036 0.2521 1.6941 -4.6184 0.2803 1.6703 -4.3999 0.4348 1.5908 -4.4409 0.4636 1.5958 -4.4112 0.4214 1.6114 -4.4525 0.4424 1.6137 -4.5655 0.2699 1.5232 -4.5942 0.2362 1.5168 -4.6179 0.2899 1.5032 -4.5269 0.2308 1.5338 -4.4724 0.2745 1.5351 -4.5272 0.3195 1.5416 -4.3781 0.3635 1.5723 -4.4341 0.3369 1.7919 -4.4446 0.3354 1.7639 -4.4683 0.2968 1.6988 -4.5176 0.2786 1.6862 -4.5824 0.2487 1.6974 -4.5734 0.2465 1.6671 -4.484 0.3681 1.8062 -4.5088 0.3374 1.8096 -4.4577 0.3536 1.806 -4.446 0.3087 1.7888 -4.4845 0.3028 1.8031 -4.4671 0.278 1.7813 -4.6069 0.333 1.7812 -4.5189 0.3667 1.8042 -4.6114 0.3479 1.7725 -4.6652 0.2985 1.7603 -4.4632 0.2765 1.7718 -4.4581 0.3692 1.7187 -4.4606 0.3683 1.7404 -4.4507 0.336 1.7437 -4.4407 0.3374 1.7156 -4.4816 0.3916 1.7161 -4.484 0.384 1.7394 -4.4437 0.4583 1.5809 -4.5492 0.2256 1.5312 -4.5196 0.2285 1.5678 -4.5442 0.2169 1.5434 -4.5971 0.2284 1.5592 -4.5971 0.2282 1.5262 -4.543 0.2229 1.5652 -4.5588 0.4302 1.6285 -4.5338 0.4335 1.6343 -4.5308 0.456 1.6065 -4.5291 0.4789 1.5899 -4.571 0.4679 1.571 -4.5661 0.4529 1.5929 -4.5644 0.2513 1.704 -4.4523 0.3125 1.7627 -4.4565 0.3115 1.743 -4.614 0.3632 1.6415 -4.6286 0.326 1.6311 -4.5995 0.4396 1.5447 -4.4403 0.3085 1.7792 -4.439 0.3319 1.8014 -4.6421 0.2328 1.7377 -4.5499 0.2275 1.596 -4.5948 0.2364 1.5894 -4.5009 0.4325 1.6375 -4.4937 0.4557 1.6121 -4.4649 0.4237 1.6454 -4.6284 0.4121 1.5491 -4.6313 0.337 1.5186 -4.5983 0.4296 1.5797 -4.6041 0.4429 1.5585 -4.4096 0.3259 1.5501 -4.5234 0.2215 1.5456 -4.4828 0.4757 1.5985 -4.5922 0.4106 1.6185 -4.3687 0.3541 1.5847 -4.368 0.3838 1.592 -4.6266 0.2865 1.513 -4.3977 0.3485 1.6456 -4.382 0.3449 1.6067 -4.3802 0.3665 1.6129 -4.399 0.3295 1.6388 -4.4293 0.3994 1.6451 -4.6239 0.2856 1.542 -4.618 0.2831 1.5841 -4.5263 0.2328 1.5992 -4.5902 0.2405 1.7172 -4.5493 0.2512 1.6721 -4.5627 0.2391 1.635 -4.5361 0.2448 1.6427 -4.5183 0.3792 1.7854 -4.4751 0.4065 1.6788 -4.6651 0.2628 1.7348 -4.5416 0.2442 1.7596 -4.6058 0.359 1.7539 -4.5912 0.2992 1.7896 -4.5657 0.2659 1.7818 -4.4227 0.3213 1.6751 -4.4449 0.3144 1.7091 -4.42 0.341 1.6799 -4.6298 0.3137 1.6689 -4.6179 0.282 1.6314 -4.595 0.2446 1.6341 -4.5062 0.2705 1.6506 -4.4506 0.2951 1.662 -4.4471 0.3808 1.6803 -4.619 0.2482 1.714'/>
          </IndexedFaceSet>
        </Shape>
        <Shape DEF='rlcun'>
          <Appearance>
            <Material ambientIntensity='0.098' diffuseColor='1 0.9765 0.8667' emissiveColor='1 1 1' shininess='0.05' specularColor='0.349 0.349 0.349'/>
          </Appearance>
          <IndexedFaceSet DEF='rlcun_Geo' coordIndex='0 1 2 -1 3 4 5 -1 1 6 2 -1 7 8 9 -1 10 11 12 -1 13 14 15 -1 14 16 15 -1 17 18 10 -1 19 20 21 -1 21 22 19 -1 2 23 0 -1 24 25 26 -1 27 28 29 -1 28 30 29 -1 30 31 29 -1 32 33 34 -1 32 35 33 -1 36 37 38 -1 38 39 36 -1 40 41 42 -1 43 44 45 -1 44 46 45 -1 40 47 41 -1 47 48 41 -1 49 50 51 -1 52 53 51 -1 51 50 52 -1 54 55 56 -1 57 54 58 -1 57 59 54 -1 60 61 62 -1 62 46 60 -1 54 56 58 -1 63 64 65 -1 66 67 68 -1 68 69 66 -1 70 71 72 -1 73 74 75 -1 73 76 74 -1 77 78 79 -1 77 80 78 -1 81 82 83 -1 84 85 86 -1 87 88 89 -1 87 90 88 -1 91 41 48 -1 92 34 93 -1 34 94 93 -1 95 96 66 -1 49 97 50 -1 20 12 98 -1 99 100 101 -1 102 37 103 -1 38 104 105 -1 14 106 107 -1 29 108 109 -1 38 110 111 -1 38 105 110 -1 112 111 28 -1 112 39 111 -1 113 114 115 -1 116 68 117 -1 116 118 68 -1 119 67 120 -1 119 117 67 -1 66 69 95 -1 18 121 122 -1 121 123 122 -1 49 124 125 -1 84 126 127 -1 84 86 126 -1 128 129 130 -1 131 35 132 -1 133 102 134 -1 135 104 136 -1 135 105 104 -1 137 138 136 -1 136 139 137 -1 140 141 142 -1 9 137 7 -1 143 7 144 -1 7 142 144 -1 144 145 146 -1 146 143 144 -1 62 147 148 -1 149 83 82 -1 149 52 83 -1 52 150 83 -1 151 152 57 -1 147 62 153 -1 51 59 49 -1 55 154 155 -1 152 151 156 -1 151 157 156 -1 158 56 55 -1 159 160 91 -1 161 92 93 -1 93 162 161 -1 163 164 165 -1 165 166 163 -1 33 167 168 -1 169 163 166 -1 164 163 94 -1 94 34 164 -1 160 170 91 -1 160 171 170 -1 172 144 142 -1 142 173 172 -1 58 56 158 -1 59 51 54 -1 120 49 59 -1 151 57 58 -1 83 123 81 -1 153 174 147 -1 175 3 5 -1 175 176 3 -1 177 1 0 -1 178 8 7 -1 137 142 7 -1 137 139 142 -1 139 136 179 -1 136 104 179 -1 135 136 138 -1 138 180 135 -1 103 134 102 -1 181 182 141 -1 181 183 182 -1 140 181 141 -1 140 32 181 -1 43 126 184 -1 43 127 126 -1 185 186 85 -1 187 100 21 -1 188 125 124 -1 124 49 67 -1 68 67 117 -1 36 189 37 -1 190 30 28 -1 191 13 192 -1 13 15 192 -1 22 193 194 -1 22 191 193 -1 77 79 195 -1 195 196 77 -1 31 197 198 -1 31 199 197 -1 38 111 39 -1 35 131 200 -1 201 202 203 -1 201 204 202 -1 205 27 29 -1 51 53 206 -1 61 207 208 -1 118 209 68 -1 107 106 210 -1 210 211 107 -1 212 213 16 -1 16 107 212 -1 188 214 125 -1 214 215 125 -1 216 197 217 -1 93 218 162 -1 219 44 43 -1 43 184 219 -1 206 54 51 -1 65 75 63 -1 75 74 63 -1 191 21 100 -1 191 22 21 -1 79 220 195 -1 79 78 220 -1 209 64 63 -1 72 221 214 -1 188 72 214 -1 188 70 72 -1 152 119 120 -1 152 156 119 -1 152 120 59 -1 59 57 152 -1 154 54 206 -1 154 55 54 -1 61 208 153 -1 153 62 61 -1 42 222 90 -1 90 40 42 -1 219 223 60 -1 60 44 219 -1 224 42 41 -1 224 157 42 -1 49 120 67 -1 225 45 148 -1 148 145 225 -1 182 185 85 -1 85 173 182 -1 46 44 60 -1 226 36 39 -1 39 115 226 -1 164 227 165 -1 164 168 227 -1 226 115 228 -1 115 114 228 -1 132 140 179 -1 179 133 132 -1 27 202 28 -1 202 112 28 -1 204 229 112 -1 112 202 204 -1 230 80 77 -1 201 203 231 -1 231 232 201 -1 109 205 29 -1 7 233 178 -1 7 143 233 -1 6 1 234 -1 234 235 6 -1 194 19 22 -1 14 13 99 -1 18 11 10 -1 107 16 14 -1 192 193 191 -1 193 236 237 -1 236 193 192 -1 238 239 240 -1 239 238 241 -1 242 243 213 -1 243 242 244 -1 175 245 9 -1 175 246 245 -1 178 176 8 -1 178 23 176 -1 247 0 233 -1 0 247 177 -1 248 249 250 -1 248 121 249 -1 169 251 171 -1 252 251 169 -1 253 254 255 -1 253 256 254 -1 257 258 259 -1 257 260 258 -1 216 261 262 -1 216 263 261 -1 264 265 217 -1 264 266 265 -1 267 268 269 -1 268 267 270 -1 271 187 98 -1 187 271 272 -1 273 19 194 -1 273 274 19 -1 275 235 234 -1 235 275 276 -1 231 205 109 -1 231 203 205 -1 201 25 24 -1 201 232 25 -1 229 277 278 -1 277 229 204 -1 277 26 278 -1 277 24 26 -1 104 133 179 -1 133 104 102 -1 114 227 228 -1 114 165 227 -1 33 164 34 -1 33 168 164 -1 85 172 173 -1 84 172 85 -1 162 128 161 -1 128 162 129 -1 45 127 43 -1 127 45 225 -1 128 183 161 -1 183 128 279 -1 145 147 82 -1 148 147 145 -1 158 151 58 -1 158 222 151 -1 88 222 158 -1 90 222 88 -1 219 280 223 -1 281 280 219 -1 208 206 153 -1 208 154 206 -1 156 224 119 -1 156 157 224 -1 68 63 69 -1 209 63 68 -1 70 124 96 -1 70 188 124 -1 72 282 221 -1 72 71 282 -1 283 284 285 -1 286 284 283 -1 11 287 12 -1 288 287 11 -1 100 13 191 -1 100 99 13 -1 289 106 290 -1 289 210 106 -1 108 195 220 -1 195 108 198 -1 260 65 64 -1 65 260 257 -1 198 29 31 -1 198 108 29 -1 291 292 279 -1 293 292 291 -1 293 186 292 -1 184 281 219 -1 294 281 184 -1 295 293 291 -1 295 296 293 -1 130 297 298 -1 129 297 130 -1 73 265 282 -1 263 265 73 -1 125 97 49 -1 125 215 97 -1 282 266 221 -1 265 266 282 -1 269 287 286 -1 271 287 269 -1 192 243 236 -1 192 15 243 -1 107 299 212 -1 211 299 107 -1 28 110 190 -1 28 111 110 -1 264 300 270 -1 264 199 300 -1 301 214 285 -1 301 215 214 -1 254 113 278 -1 254 252 113 -1 64 253 260 -1 64 118 253 -1 64 209 118 -1 92 32 34 -1 181 32 92 -1 206 174 153 -1 206 53 174 -1 215 150 97 -1 150 215 301 -1 284 122 302 -1 122 284 288 -1 232 80 25 -1 232 78 80 -1 203 27 205 -1 203 202 27 -1 31 300 199 -1 300 31 289 -1 196 198 197 -1 195 198 196 -1 196 259 77 -1 196 262 259 -1 261 73 75 -1 73 261 263 -1 300 290 303 -1 300 289 290 -1 17 275 249 -1 274 275 17 -1 238 273 237 -1 238 276 273 -1 244 236 243 -1 244 241 236 -1 212 242 213 -1 180 242 212 -1 110 135 299 -1 110 105 135 -1 115 112 229 -1 39 112 115 -1 255 278 26 -1 254 278 255 -1 116 251 256 -1 251 116 304 -1 302 285 284 -1 285 302 301 -1 99 303 290 -1 303 99 101 -1 272 100 187 -1 272 101 100 -1 294 126 296 -1 294 184 126 -1 296 89 294 -1 296 295 89 -1 279 130 291 -1 279 128 130 -1 92 183 181 -1 161 183 92 -1 138 9 245 -1 137 9 138 -1 37 305 103 -1 37 189 305 -1 35 167 33 -1 35 200 167 -1 139 140 142 -1 139 179 140 -1 176 2 3 -1 23 2 176 -1 5 246 175 -1 5 239 246 -1 240 276 238 -1 276 240 235 -1 247 81 248 -1 247 146 81 -1 234 249 275 -1 249 234 250 -1 91 224 41 -1 91 170 224 -1 222 157 151 -1 222 42 157 -1 207 60 223 -1 207 61 60 -1 145 172 225 -1 172 145 144 -1 304 171 251 -1 171 304 170 -1 252 166 113 -1 169 166 252 -1 305 228 227 -1 305 189 228 -1 165 113 166 -1 113 165 114 -1 168 305 227 -1 305 168 167 -1 94 160 159 -1 160 94 163 -1 45 62 148 -1 45 46 62 -1 223 155 207 -1 280 155 223 -1 91 218 159 -1 91 48 218 -1 170 119 224 -1 170 304 119 -1 207 154 208 -1 207 155 154 -1 146 82 81 -1 146 145 82 -1 123 248 81 -1 123 121 248 -1 1 250 234 -1 1 177 250 -1 4 235 240 -1 235 4 6 -1 241 246 239 -1 241 244 246 -1 233 146 247 -1 233 143 146 -1 141 173 142 -1 182 173 141 -1 132 134 131 -1 132 133 134 -1 103 131 134 -1 131 103 200 -1 305 200 103 -1 167 200 305 -1 180 245 242 -1 245 180 138 -1 87 295 298 -1 87 89 295 -1 292 185 279 -1 292 186 185 -1 298 47 87 -1 298 297 47 -1 301 83 150 -1 301 302 83 -1 288 18 122 -1 11 18 288 -1 74 69 63 -1 95 69 74 -1 304 117 119 -1 117 304 116 -1 118 256 253 -1 256 118 116 -1 204 24 277 -1 24 204 201 -1 189 226 228 -1 189 36 226 -1 231 78 232 -1 231 220 78 -1 220 109 108 -1 220 231 109 -1 211 30 190 -1 211 210 30 -1 212 135 180 -1 135 212 299 -1 10 274 17 -1 19 274 10 -1 197 262 196 -1 262 197 216 -1 269 283 267 -1 286 283 269 -1 261 65 257 -1 75 65 261 -1 302 123 83 -1 123 302 122 -1 101 268 303 -1 272 268 101 -1 97 52 50 -1 52 97 150 -1 258 26 230 -1 255 26 258 -1 115 278 113 -1 278 115 229 -1 267 221 266 -1 283 221 267 -1 299 190 110 -1 190 299 211 -1 194 237 273 -1 194 193 237 -1 271 12 287 -1 98 12 271 -1 270 303 268 -1 303 270 300 -1 199 217 197 -1 217 199 264 -1 76 95 74 -1 76 96 95 -1 291 298 295 -1 130 298 291 -1 296 86 293 -1 296 126 86 -1 159 93 94 -1 93 159 218 -1 40 87 47 -1 40 90 87 -1 294 88 281 -1 89 88 294 -1 293 85 186 -1 86 85 293 -1 259 230 77 -1 259 258 230 -1 30 289 31 -1 30 210 289 -1 290 14 99 -1 14 290 106 -1 10 20 19 -1 10 12 20 -1 286 288 284 -1 286 287 288 -1 283 214 221 -1 283 285 214 -1 76 282 71 -1 282 76 73 -1 76 70 96 -1 76 71 70 -1 67 96 124 -1 66 96 67 -1 281 158 280 -1 88 158 281 -1 55 280 158 -1 55 155 280 -1 147 149 82 -1 147 174 149 -1 52 174 53 -1 149 174 52 -1 218 129 162 -1 297 129 218 -1 297 48 47 -1 297 218 48 -1 183 185 182 -1 185 183 279 -1 84 225 172 -1 127 225 84 -1 140 35 32 -1 140 132 35 -1 38 102 104 -1 38 37 102 -1 25 230 26 -1 80 230 25 -1 274 276 275 -1 276 274 273 -1 21 98 187 -1 21 20 98 -1 272 269 268 -1 272 271 269 -1 266 270 267 -1 270 266 264 -1 263 217 265 -1 217 263 216 -1 262 257 259 -1 262 261 257 -1 255 260 253 -1 258 260 255 -1 256 252 254 -1 256 251 252 -1 163 171 160 -1 169 171 163 -1 249 18 17 -1 249 121 18 -1 248 177 247 -1 248 250 177 -1 23 233 0 -1 233 23 178 -1 176 9 8 -1 176 175 9 -1 242 246 244 -1 245 246 242 -1 213 15 16 -1 15 213 243 -1 3 6 4 -1 2 6 3 -1 5 240 239 -1 5 4 240 -1 237 241 238 -1 241 237 236 -1' creaseAngle='1.571'>
            <Coordinate DEF='rlcun_Coord' point='-2.5826 1.3169 -1.0549 -2.5925 1.2699 -0.9965 -2.6132 1.2661 -1.0487 -2.6513 1.2569 -1.0615 -2.6561 1.2237 -1.0166 -2.6973 1.2411 -1.0407 -2.6196 1.2371 -1.0071 -2.6526 1.4281 -1.1126 -2.664 1.3347 -1.0839 -2.7392 1.2968 -1.0559 -2.6822 1.2423 -0.5771 -2.6796 1.2632 -0.5647 -2.6967 1.2472 -0.5603 -2.8963 1.2207 -0.6129 -2.9163 1.2391 -0.6077 -2.8648 1.2085 -0.6811 -2.8739 1.2273 -0.6855 -2.6584 1.2574 -0.6495 -2.6662 1.2794 -0.6475 -2.694 1.1928 -0.6112 -2.7095 1.2021 -0.5909 -2.7692 1.1801 -0.5996 -2.762 1.1735 -0.6198 -2.6179 1.3149 -1.0683 -3.183 1.8714 -0.5683 -3.1941 1.8599 -0.5476 -3.1577 1.8713 -0.5401 -3.099 1.5955 -0.6519 -3.0773 1.6058 -0.673 -3.0419 1.485 -0.5628 -3.0199 1.4601 -0.5679 -3.0201 1.48 -0.5456 -2.8105 1.8347 -1.1629 -2.8903 1.9586 -1.1423 -2.8714 1.9792 -1.136 -2.8363 1.8204 -1.1611 -3.1555 1.7087 -0.8014 -3.0482 1.6327 -0.8522 -3.0308 1.6154 -0.8319 -3.1341 1.7264 -0.769 -2.6107 2.0997 -0.8777 -2.6179 2.1066 -0.8641 -2.5952 2.1089 -0.8547 -2.5179 1.6292 -1.0789 -2.4843 1.6276 -1.0398 -2.5205 1.61 -1.0752 -2.4889 1.6098 -1.0343 -2.6605 2.0951 -0.9441 -2.6736 2.1077 -0.9359 -2.6679 1.7904 -0.6163 -2.6454 1.7569 -0.7806 -2.6394 1.7779 -0.8003 -2.6272 1.669 -0.8102 -2.6147 1.681 -0.8276 -2.552 1.832 -0.8375 -2.535 1.8179 -0.8478 -2.5408 1.8396 -0.8432 -2.588 1.8652 -0.7233 -2.545 1.8532 -0.8344 -2.624 1.8597 -0.7293 -2.4757 1.6181 -1.0269 -2.497 1.5737 -0.956 -2.5108 1.5605 -0.9729 -2.8457 1.9357 -0.2537 -2.8712 1.942 -0.2592 -2.8739 1.9274 -0.2549 -2.6968 1.8876 -0.4385 -2.709 1.8877 -0.4627 -2.771 1.9619 -0.359 -2.7558 1.9471 -0.3384 -2.7045 1.685 -0.4126 -2.7356 1.6701 -0.3712 -2.7064 1.5968 -0.3915 -2.7913 1.7275 -0.3532 -2.8215 1.8603 -0.2989 -2.8425 1.8501 -0.2961 -2.7639 1.7388 -0.351 -3.2211 1.7832 -0.444 -3.2985 1.7716 -0.5262 -3.2781 1.7451 -0.5038 -3.2323 1.8079 -0.4729 -2.6158 1.3969 -0.8678 -2.586 1.522 -0.8847 -2.6519 1.4978 -0.7413 -2.5665 1.6231 -1.1428 -2.6457 1.6568 -1.1796 -2.6041 1.679 -1.1348 -2.6221 2.012 -0.9669 -2.5282 1.8999 -0.9576 -2.5815 1.8886 -1.0037 -2.5751 2.0173 -0.9133 -2.7042 2.1319 -0.862 -2.8376 1.975 -1.144 -2.8107 2.0624 -1.0833 -2.8535 2.0716 -1.0441 -2.7304 1.8759 -0.3864 -2.6992 1.7804 -0.4291 -2.6492 1.684 -0.6462 -2.7226 1.2297 -0.5735 -2.9 1.2332 -0.5926 -2.8414 1.202 -0.605 -2.8611 1.2424 -0.5807 -2.9291 1.5506 -0.9413 -2.978 1.6782 -0.9299 -2.9148 1.5366 -0.9216 -2.9538 1.5359 -0.8361 -2.9665 1.3104 -0.5922 -2.9113 1.3066 -0.6675 -3.1313 1.5293 -0.549 -3.1415 1.5328 -0.6132 -2.9827 1.5217 -0.7427 -3.055 1.6279 -0.755 -3.1425 1.7109 -0.688 -3.0668 1.9264 -0.7042 -3.1698 1.8498 -0.8278 -3.2037 1.8119 -0.7828 -2.8066 1.9977 -0.4405 -2.7694 1.9755 -0.4461 -2.83 1.9761 -0.3632 -2.7072 2.0013 -0.562 -2.6571 1.9048 -0.5882 -2.6332 1.302 -0.7654 -2.6664 1.3393 -0.6097 -2.6415 1.3652 -0.759 -2.7092 1.7676 -0.4448 -2.7013 1.6882 -0.4604 -2.553 1.6976 -1.0825 -2.5264 1.6278 -1.089 -2.8039 1.982 -1.1672 -2.775 2.0405 -1.0989 -2.7531 1.9954 -1.1098 -2.8695 1.7152 -1.0866 -2.7904 1.6298 -1.1494 -2.8531 1.5634 -1.0409 -2.9186 1.6019 -0.9728 -2.9029 1.4458 -0.8424 -2.843 1.4608 -0.9314 -2.7543 1.3708 -1.0393 -2.7876 1.3318 -0.9514 -2.7759 1.4935 -1.02 -2.765 1.6333 -1.1478 -2.7501 1.7192 -1.1768 -2.6587 1.5651 -1.1398 -2.6041 1.4295 -1.0982 -2.5962 1.5452 -1.0958 -2.5706 1.5463 -1.032 -2.5959 1.4279 -0.9923 -2.5712 1.5418 -0.8936 -2.5539 1.5653 -1.0286 -2.6087 1.5729 -0.8402 -2.6505 1.5909 -0.6937 -2.594 1.9781 -0.7763 -2.6312 1.9228 -0.5976 -2.5403 1.5736 -0.8466 -2.5394 1.7036 -0.8204 -2.5099 1.7339 -0.8737 -2.6819 2.0104 -0.5776 -2.6396 2.0689 -0.7224 -2.5204 1.8954 -0.9377 -2.7756 2.1163 -0.9409 -2.7908 2.1094 -0.8751 -2.8226 1.9855 -1.1687 -2.7955 2.0533 -1.0963 -2.9089 2.0555 -0.9265 -3.0011 1.9532 -1.0046 -3.1166 1.902 -0.8982 -2.9877 1.9846 -0.8186 -2.9789 1.8676 -1.0252 -3.0099 1.9317 -1.022 -2.9356 2.0067 -0.7916 -2.7415 2.0896 -0.7136 -2.8366 2.0479 -0.7409 -2.5701 1.6044 -1.1426 -2.6566 1.6421 -1.1825 -2.5933 1.5864 -0.853 -2.7318 1.2771 -1.0557 -2.6575 1.3098 -1.0843 -2.5776 1.3191 -0.9886 -2.6215 1.3389 -1.0692 -2.8301 1.549 -1.0304 -2.8174 1.3133 -0.8621 -2.7921 1.8536 -1.1679 -2.754 1.7647 -1.2081 -2.7839 1.8711 -1.1873 -2.5262 1.7008 -1.0595 -2.7398 1.7725 -1.2067 -2.7226 1.7715 -1.1919 -2.7827 1.2134 -0.5847 -2.7167 1.6772 -0.4303 -3.121 1.7423 -0.8502 -3.0058 1.4978 -0.6478 -2.8344 1.184 -0.6269 -2.8403 1.1834 -0.6729 -2.8079 1.1671 -0.6627 -2.7479 1.1704 -0.6382 -3.2137 1.6396 -0.5179 -3.128 1.6993 -0.4627 -3.0379 1.5896 -0.4901 -3.1259 1.534 -0.5306 -2.9782 1.507 -0.5117 -2.9029 1.7681 -1.0528 -3.2985 1.7969 -0.6091 -3.1564 1.6971 -0.664 -3.2112 1.6506 -0.643 -3.2524 1.8215 -0.6555 -3.1338 1.5479 -0.6354 -2.5586 1.706 -0.8101 -2.4955 1.6297 -0.9125 -2.5237 1.589 -0.8491 -2.8524 1.9526 -0.2789 -2.995 1.3925 -0.5786 -2.9665 1.4092 -0.6579 -2.8621 1.3032 -0.7589 -2.8403 1.2176 -0.7682 -2.7019 1.5573 -0.4126 -2.6903 1.5955 -0.4862 -2.9742 1.6282 -0.4497 -2.9671 1.6129 -0.4562 -2.7364 2.0886 -1.0106 -2.4749 1.698 -1.0193 -3.2197 1.6368 -0.5359 -2.7183 1.5635 -0.3992 -2.5674 2.0148 -0.8907 -2.4666 1.6922 -0.9986 -2.6632 2.0695 -0.7292 -2.5286 1.61 -1.0857 -3.1978 1.8014 -0.8104 -3.1305 1.8893 -0.9173 -3.1827 1.8379 -0.8477 -3.2297 1.8151 -0.6804 -3.2121 1.8057 -0.4427 -3.2253 1.6374 -0.615 -3.3073 1.7863 -0.5811 -2.5941 1.3414 -1.055 -2.6077 1.2393 -0.9036 -2.644 1.2095 -0.921 -2.8034 1.1771 -0.7558 -2.77 1.1638 -0.74 -2.7306 1.1769 -0.8342 -2.7295 1.2088 -0.956 -2.6896 1.1992 -0.9373 -2.7643 1.1881 -0.8513 -2.7996 1.2329 -0.8664 -2.8312 1.1997 -0.7668 -2.7914 1.2142 -0.8641 -2.7711 1.2556 -0.9654 -2.7627 1.237 -0.9655 -2.5892 1.339 -0.9889 -2.6012 1.3151 -0.8735 -2.6236 1.2807 -0.7681 -2.59 1.2953 -0.8737 -2.8951 1.9955 -0.583 -2.9816 1.9611 -0.6436 -2.9667 1.9389 -0.4265 -3.034 1.9288 -0.5475 -3.063 1.9053 -0.4833 -2.9387 1.9623 -0.4864 -3.0173 1.88 -0.3121 -3.116 1.8508 -0.3802 -3.1202 1.8319 -0.3781 -3.0182 1.8954 -0.3176 -2.964 1.7831 -0.3603 -3.0466 1.7414 -0.4115 -2.9098 1.6665 -0.4093 -2.9185 1.5259 -0.484 -2.8957 1.636 -0.4221 -2.8582 1.5446 -0.4563 -2.8196 1.4474 -0.4888 -2.8413 1.3345 -0.5433 -2.782 1.3474 -0.5264 -2.879 1.4302 -0.5089 -2.7563 1.2834 -0.547 -2.809 1.2628 -0.5639 -2.718 1.1727 -0.7126 -2.6744 1.1958 -0.6863 -2.6426 1.2161 -0.7988 -2.6834 1.1889 -0.8164 -3.1641 1.886 -0.6023 -3.1278 1.895 -0.6086 -2.7692 1.8748 -1.1858 -2.4865 1.7811 -0.9693 -2.4942 1.7865 -0.9893 -2.762 1.6617 -0.3716 -2.7039 1.4708 -0.4473 -2.6768 1.3876 -0.503 -2.6901 1.4784 -0.4547 -2.6905 1.3819 -0.4938 -2.6935 1.3149 -0.527 -2.6782 1.3173 -0.5377 -2.9886 1.394 -0.5601 -2.9588 1.3115 -0.5756 -2.7107 1.875 -1.1261 -2.7278 1.7813 -1.1921 -2.6593 1.7781 -1.1324 -2.5427 1.7854 -1.0294 -2.641 1.8771 -1.0621 -2.601 1.784 -1.0782 -2.7244 2.0758 -1.0205 -2.6957 2.0032 -1.0498 -2.9341 1.4285 -0.7491 -2.9364 1.4149 -0.5337 -2.6821 1.5112 -0.5309 -2.6741 1.4269 -0.5756 -2.9001 1.3216 -0.5602 -2.774 2.0252 -0.5413 -3.0676 1.79 -0.9197'/>
          </IndexedFaceSet>
        </Shape>
        <Shape DEF='rmcun'>
          <Appearance>
            <Material ambientIntensity='0.098' diffuseColor='1 0.9765 0.8667' emissiveColor='1 0 0' shininess='0.05' specularColor='0.349 0.349 0.349'/>
          </Appearance>
          <IndexedFaceSet DEF='rmcun_Geo' coordIndex='0 1 2 -1 3 4 5 -1 5 6 3 -1 7 8 9 -1 7 10 8 -1 3 11 12 -1 3 13 11 -1 0 14 1 -1 15 16 17 -1 16 18 17 -1 19 20 21 -1 19 22 20 -1 23 24 25 -1 26 27 28 -1 29 30 31 -1 32 33 34 -1 35 36 37 -1 38 39 40 -1 40 41 38 -1 42 43 44 -1 45 46 47 -1 48 49 50 -1 5 4 51 -1 4 52 51 -1 53 54 55 -1 53 56 54 -1 57 58 59 -1 60 61 57 -1 61 58 57 -1 32 62 63 -1 64 65 66 -1 33 67 68 -1 33 69 67 -1 70 71 72 -1 73 74 75 -1 75 76 73 -1 77 78 79 -1 79 80 77 -1 80 81 77 -1 82 83 84 -1 85 86 87 -1 88 89 90 -1 88 91 89 -1 85 92 93 -1 93 86 85 -1 94 47 83 -1 94 95 47 -1 96 97 98 -1 31 99 29 -1 100 101 102 -1 100 103 101 -1 41 104 38 -1 105 51 106 -1 35 104 107 -1 100 108 109 -1 109 110 100 -1 111 112 113 -1 111 52 112 -1 114 115 116 -1 115 117 116 -1 118 119 120 -1 121 119 122 -1 123 119 124 -1 125 119 126 -1 127 128 129 -1 127 91 128 -1 127 130 89 -1 89 91 127 -1 131 132 25 -1 133 76 134 -1 135 136 137 -1 135 138 136 -1 32 139 33 -1 140 26 141 -1 141 142 140 -1 21 143 144 -1 21 145 143 -1 146 131 147 -1 143 24 148 -1 143 145 24 -1 149 150 151 -1 149 152 150 -1 129 153 127 -1 129 154 153 -1 155 156 157 -1 155 158 156 -1 159 160 56 -1 159 161 160 -1 68 34 33 -1 162 163 164 -1 165 47 166 -1 167 168 169 -1 167 170 168 -1 171 131 172 -1 171 132 131 -1 173 174 135 -1 173 135 152 -1 135 137 152 -1 175 75 74 -1 78 20 79 -1 146 176 177 -1 178 179 180 -1 181 182 179 -1 183 171 172 -1 172 184 183 -1 185 160 161 -1 161 186 185 -1 176 154 129 -1 187 82 188 -1 82 189 188 -1 190 191 192 -1 190 193 191 -1 194 23 25 -1 28 27 195 -1 27 196 195 -1 197 198 28 -1 198 199 28 -1 200 118 201 -1 202 203 204 -1 202 205 203 -1 206 207 64 -1 49 208 209 -1 30 50 31 -1 210 148 43 -1 210 143 148 -1 7 211 12 -1 7 212 211 -1 173 149 213 -1 173 152 149 -1 213 149 214 -1 215 13 216 -1 215 11 13 -1 4 12 211 -1 4 3 12 -1 217 108 100 -1 100 102 217 -1 218 219 220 -1 113 221 111 -1 113 222 221 -1 223 219 218 -1 218 224 223 -1 225 13 226 -1 225 216 13 -1 9 227 212 -1 212 7 9 -1 227 9 228 -1 42 44 229 -1 229 31 230 -1 43 148 231 -1 231 44 43 -1 48 50 30 -1 232 64 233 -1 234 235 236 -1 237 238 239 -1 238 240 239 -1 241 118 200 -1 242 119 118 -1 199 141 26 -1 193 243 191 -1 244 245 189 -1 246 18 130 -1 246 247 18 -1 177 176 86 -1 176 87 86 -1 180 179 182 -1 248 179 178 -1 80 70 81 -1 80 71 70 -1 76 249 73 -1 250 251 252 -1 250 150 251 -1 253 254 162 -1 255 165 256 -1 165 166 256 -1 63 139 32 -1 155 256 62 -1 257 258 259 -1 257 260 258 -1 46 254 47 -1 261 262 263 -1 261 264 262 -1 188 265 187 -1 266 45 95 -1 267 79 268 -1 267 269 79 -1 19 21 144 -1 177 172 146 -1 172 131 146 -1 144 210 270 -1 144 143 210 -1 92 271 93 -1 271 272 93 -1 34 158 32 -1 168 61 169 -1 61 55 169 -1 126 119 242 -1 124 119 125 -1 122 119 123 -1 120 119 121 -1 273 274 275 -1 276 207 48 -1 208 97 96 -1 208 277 97 -1 2 1 278 -1 50 230 31 -1 279 91 88 -1 279 128 91 -1 280 265 281 -1 95 45 47 -1 179 154 176 -1 179 248 154 -1 73 247 74 -1 74 246 175 -1 74 247 246 -1 282 283 284 -1 166 47 254 -1 166 253 63 -1 166 254 253 -1 139 69 33 -1 139 285 69 -1 49 207 286 -1 49 48 207 -1 68 67 287 -1 287 206 68 -1 155 258 256 -1 237 288 203 -1 288 234 203 -1 58 168 289 -1 58 61 168 -1 234 288 235 -1 239 290 291 -1 239 292 290 -1 209 109 50 -1 209 293 109 -1 228 294 227 -1 228 295 294 -1 50 49 209 -1 26 28 199 -1 228 296 297 -1 298 39 38 -1 35 38 104 -1 34 68 66 -1 299 99 31 -1 25 300 131 -1 301 22 19 -1 301 302 22 -1 73 249 303 -1 303 282 73 -1 129 87 176 -1 276 29 233 -1 304 199 305 -1 2 306 0 -1 192 307 190 -1 307 192 308 -1 198 305 199 -1 305 198 309 -1 304 141 199 -1 310 141 304 -1 311 312 142 -1 313 312 311 -1 232 29 314 -1 233 29 232 -1 30 276 48 -1 30 29 276 -1 151 315 316 -1 151 317 315 -1 284 73 282 -1 284 247 73 -1 280 318 319 -1 281 318 280 -1 320 321 245 -1 320 322 321 -1 323 299 324 -1 99 299 323 -1 325 140 326 -1 327 140 325 -1 66 206 64 -1 66 68 206 -1 1 298 328 -1 1 39 298 -1 37 235 329 -1 37 36 235 -1 50 108 230 -1 50 109 108 -1 294 212 227 -1 294 330 212 -1 4 112 52 -1 211 112 4 -1 40 1 14 -1 40 39 1 -1 274 331 332 -1 333 331 274 -1 108 334 230 -1 108 217 334 -1 167 335 336 -1 169 335 167 -1 239 337 292 -1 240 337 239 -1 329 290 328 -1 291 290 329 -1 203 238 237 -1 203 205 238 -1 168 338 289 -1 168 170 338 -1 57 45 60 -1 46 45 57 -1 67 339 287 -1 67 340 339 -1 312 323 326 -1 323 312 314 -1 63 285 139 -1 285 63 253 -1 286 206 287 -1 286 207 206 -1 246 341 175 -1 246 153 341 -1 78 181 342 -1 78 77 181 -1 153 248 341 -1 154 248 153 -1 134 75 72 -1 75 134 76 -1 85 279 92 -1 128 279 85 -1 183 272 343 -1 184 272 183 -1 344 193 197 -1 193 344 243 -1 345 257 346 -1 257 345 260 -1 255 84 165 -1 255 244 84 -1 82 347 348 -1 82 187 347 -1 349 280 15 -1 265 280 349 -1 278 328 290 -1 278 1 328 -1 6 306 226 -1 0 306 6 -1 234 204 203 -1 236 204 234 -1 208 286 277 -1 49 286 208 -1 275 332 107 -1 275 274 332 -1 273 293 274 -1 350 293 273 -1 218 330 294 -1 220 330 218 -1 200 351 352 -1 201 351 200 -1 353 101 103 -1 354 101 353 -1 223 355 219 -1 355 223 356 -1 222 357 221 -1 357 222 358 -1 359 360 361 -1 359 362 360 -1 175 363 75 -1 363 175 341 -1 364 342 147 -1 78 342 364 -1 180 81 70 -1 180 182 81 -1 303 252 251 -1 303 249 252 -1 365 335 54 -1 335 365 174 -1 261 58 289 -1 261 59 58 -1 366 163 263 -1 366 164 163 -1 367 158 34 -1 367 156 158 -1 177 184 172 -1 86 184 177 -1 123 356 354 -1 356 123 124 -1 297 270 210 -1 270 297 296 -1 324 44 231 -1 324 299 44 -1 22 79 20 -1 268 79 22 -1 267 368 269 -1 369 368 267 -1 136 185 283 -1 185 136 138 -1 288 239 291 -1 288 237 239 -1 60 266 53 -1 45 266 60 -1 370 347 349 -1 347 370 186 -1 265 321 281 -1 321 265 188 -1 371 361 372 -1 361 371 359 -1 272 373 343 -1 272 271 373 -1 67 366 340 -1 366 67 69 -1 163 57 59 -1 163 162 57 -1 374 264 202 -1 374 262 264 -1 255 258 260 -1 255 256 258 -1 309 259 305 -1 309 257 259 -1 304 259 157 -1 305 259 304 -1 34 65 367 -1 65 34 66 -1 63 256 166 -1 62 256 63 -1 162 46 57 -1 46 162 254 -1 54 160 365 -1 160 54 56 -1 283 303 136 -1 303 283 282 -1 368 252 133 -1 368 250 252 -1 72 363 70 -1 75 363 72 -1 348 186 161 -1 186 348 347 -1 370 284 283 -1 284 370 17 -1 359 279 88 -1 371 279 359 -1 189 84 244 -1 82 84 189 -1 345 375 320 -1 345 346 375 -1 308 372 361 -1 308 192 372 -1 191 343 373 -1 243 343 191 -1 344 171 183 -1 344 195 171 -1 326 142 312 -1 140 142 326 -1 116 121 114 -1 116 120 121 -1 122 354 353 -1 123 354 122 -1 355 126 358 -1 355 125 126 -1 242 241 357 -1 242 118 241 -1 167 238 170 -1 238 167 240 -1 288 329 235 -1 288 291 329 -1 236 331 98 -1 236 235 331 -1 208 333 209 -1 96 333 208 -1 99 314 29 -1 314 99 323 -1 325 231 23 -1 231 325 324 -1 229 334 42 -1 229 230 334 -1 297 43 42 -1 210 43 297 -1 19 270 301 -1 19 144 270 -1 301 296 8 -1 301 270 296 -1 302 268 22 -1 302 215 268 -1 216 369 267 -1 369 216 225 -1 317 150 250 -1 151 150 317 -1 292 213 214 -1 292 337 213 -1 350 115 110 -1 350 117 115 -1 35 298 38 -1 35 37 298 -1 105 376 352 -1 105 106 376 -1 351 275 352 -1 351 273 275 -1 275 104 352 -1 275 107 104 -1 352 41 105 -1 352 104 41 -1 111 376 106 -1 111 221 376 -1 222 220 219 -1 220 222 113 -1 110 103 100 -1 110 115 103 -1 351 350 273 -1 351 117 350 -1 226 315 225 -1 306 315 226 -1 290 214 278 -1 290 292 214 -1 173 337 336 -1 337 173 213 -1 316 149 151 -1 316 214 149 -1 225 317 369 -1 225 315 317 -1 215 267 268 -1 215 216 267 -1 10 215 302 -1 10 11 215 -1 8 302 301 -1 10 302 8 -1 42 228 297 -1 334 228 42 -1 299 229 44 -1 299 31 229 -1 340 263 262 -1 340 366 263 -1 202 97 374 -1 202 204 97 -1 202 338 205 -1 264 338 202 -1 118 116 201 -1 120 116 118 -1 358 242 357 -1 358 126 242 -1 356 125 355 -1 124 125 356 -1 121 353 114 -1 121 122 353 -1 195 197 28 -1 195 344 197 -1 327 23 194 -1 327 325 23 -1 171 196 132 -1 195 196 171 -1 308 346 307 -1 308 375 346 -1 373 192 191 -1 372 192 373 -1 322 375 360 -1 322 320 375 -1 188 245 321 -1 245 188 189 -1 319 362 90 -1 362 319 318 -1 371 92 279 -1 271 92 371 -1 349 17 370 -1 349 15 17 -1 283 186 370 -1 283 185 186 -1 348 159 94 -1 348 161 159 -1 176 147 342 -1 147 176 146 -1 363 248 178 -1 341 248 363 -1 368 134 269 -1 134 368 133 -1 185 365 160 -1 138 365 185 -1 21 78 364 -1 78 21 20 -1 300 24 145 -1 25 24 300 -1 174 336 335 -1 174 173 336 -1 53 61 60 -1 55 61 53 -1 289 264 261 -1 338 264 289 -1 367 313 311 -1 367 65 313 -1 258 157 259 -1 258 155 157 -1 62 158 155 -1 62 32 158 -1 157 310 304 -1 157 156 310 -1 287 277 286 -1 339 277 287 -1 162 285 253 -1 164 285 162 -1 271 372 373 -1 271 371 372 -1 318 360 362 -1 360 318 322 -1 128 87 129 -1 85 87 128 -1 16 130 18 -1 89 130 16 -1 277 374 97 -1 374 277 339 -1 150 137 251 -1 137 150 152 -1 369 250 368 -1 317 250 369 -1 24 231 148 -1 24 23 231 -1 145 364 300 -1 364 145 21 -1 217 224 295 -1 224 217 102 -1 27 194 196 -1 194 27 327 -1 156 311 310 -1 311 156 367 -1 69 164 366 -1 69 285 164 -1 263 59 261 -1 263 163 59 -1 138 174 365 -1 174 138 135 -1 251 136 303 -1 137 136 251 -1 133 249 76 -1 252 249 133 -1 178 70 363 -1 178 180 70 -1 182 77 81 -1 182 181 77 -1 300 147 131 -1 364 147 300 -1 194 132 196 -1 25 132 194 -1 130 153 246 -1 153 130 127 -1 88 362 359 -1 88 90 362 -1 361 375 308 -1 361 360 375 -1 221 241 376 -1 241 221 357 -1 219 358 222 -1 358 219 355 -1 354 223 101 -1 356 223 354 -1 115 353 103 -1 353 115 114 -1 201 117 351 -1 116 117 201 -1 241 352 376 -1 200 352 241 -1 113 330 220 -1 113 112 330 -1 295 218 294 -1 218 295 224 -1 293 110 109 -1 110 293 350 -1 40 105 41 -1 40 51 105 -1 52 106 51 -1 106 52 111 -1 316 278 214 -1 2 278 316 -1 333 98 331 -1 98 333 96 -1 101 224 102 -1 101 223 224 -1 204 98 97 -1 98 204 236 -1 3 226 13 -1 3 6 226 -1 348 83 82 -1 348 94 83 -1 257 307 346 -1 257 309 307 -1 347 265 349 -1 347 187 265 -1 165 83 47 -1 165 84 83 -1 244 260 345 -1 260 244 255 -1 197 190 198 -1 190 197 193 -1 343 344 183 -1 243 344 343 -1 93 184 86 -1 93 272 184 -1 319 89 16 -1 90 89 319 -1 71 79 269 -1 71 80 79 -1 342 179 176 -1 342 181 179 -1 72 269 134 -1 72 71 269 -1 65 232 313 -1 232 65 64 -1 339 262 374 -1 339 340 262 -1 170 205 338 -1 238 205 170 -1 159 53 266 -1 159 56 53 -1 240 336 337 -1 167 336 240 -1 54 169 55 -1 54 335 169 -1 266 94 159 -1 266 95 94 -1 334 295 228 -1 217 295 334 -1 36 331 235 -1 36 332 331 -1 14 51 40 -1 5 51 14 -1 330 211 212 -1 330 112 211 -1 333 293 209 -1 333 274 293 -1 37 328 298 -1 37 329 328 -1 107 36 35 -1 107 332 36 -1 276 64 207 -1 233 64 276 -1 327 26 140 -1 27 26 327 -1 324 326 323 -1 324 325 326 -1 345 245 244 -1 345 320 245 -1 281 322 318 -1 321 322 281 -1 15 319 16 -1 280 319 15 -1 284 18 247 -1 17 18 284 -1 306 316 315 -1 316 306 2 -1 313 314 312 -1 232 314 313 -1 310 142 141 -1 311 142 310 -1 309 190 307 -1 309 198 190 -1 7 11 10 -1 12 11 7 -1 9 296 228 -1 9 8 296 -1 5 0 6 -1 5 14 0 -1' creaseAngle='1.571'>
            <Coordinate DEF='rmcun_Coord' point='-1.7209 1.8435 -0.6438 -1.7476 1.9192 -0.6609 -1.7536 1.9091 -0.5853 -1.6273 1.6462 -0.746 -1.6146 1.6681 -0.7696 -1.6831 1.7913 -0.692 -1.6873 1.7734 -0.6671 -1.6409 1.4009 -0.8771 -1.6862 1.2828 -0.9288 -1.7059 1.3111 -0.9437 -1.6271 1.3721 -0.8598 -1.592 1.4629 -0.8104 -1.6086 1.4913 -0.8326 -1.619 1.6272 -0.7174 -1.7145 1.8554 -0.6773 -1.8119 1.6011 0.2178 -1.7261 1.5638 0.2045 -1.8036 1.6324 0.1596 -1.733 1.5869 0.1423 -1.7052 1.1449 -0.7183 -1.6524 1.1416 -0.5621 -1.7337 1.0887 -0.591 -1.6248 1.2165 -0.6764 -2.0901 1.0942 -0.6754 -1.9843 1.0608 -0.6654 -1.9936 1.0173 -0.5403 -2.2691 1.1277 -0.3797 -2.2468 1.0797 -0.4116 -2.2809 1.0734 -0.2853 -2.117 1.4356 -0.7212 -2.0982 1.4675 -0.7869 -2.0808 1.3557 -0.8989 -2.1464 1.6068 -0.1741 -2.132 1.6551 -0.2583 -2.1475 1.5812 -0.287 -1.8671 1.915 -0.6911 -1.9267 1.9108 -0.6922 -1.8692 1.9457 -0.6918 -1.8203 1.9147 -0.6872 -1.7616 1.9095 -0.6785 -1.7296 1.8512 -0.6934 -1.7838 1.8466 -0.6955 -1.9062 1.2272 -0.9953 -1.9144 1.155 -0.9064 -2.0478 1.2306 -0.8919 -2.1957 1.7897 0.1625 -2.2238 1.7708 0.152 -2.2177 1.7447 0.2346 -2.083 1.5408 -0.7276 -2.108 1.5708 -0.7207 -2.0954 1.5079 -0.8561 -1.6974 1.7868 -0.7073 -1.6281 1.6754 -0.7787 -2.1409 1.9011 0.0341 -2.0625 1.9547 -0.0852 -2.0917 1.9539 -0.1026 -2.1152 1.9068 0.053 -2.2075 1.812 0.0183 -2.1481 1.9139 -0.1372 -2.1673 1.8651 -0.1542 -2.1802 1.8321 0.0279 -2.1108 1.9176 -0.115 -2.1679 1.572 -0.0474 -2.187 1.653 -0.0184 -2.1039 1.5261 -0.5253 -2.129 1.498 -0.4495 -2.1172 1.5742 -0.4097 -2.1161 1.665 -0.3718 -2.1056 1.6474 -0.3701 -2.1501 1.6721 -0.2807 -1.5916 1.323 -0.3392 -1.5932 1.4252 -0.4129 -1.604 1.4726 -0.329 -1.6696 1.6618 0.0612 -1.6439 1.644 0.0593 -1.6193 1.5582 -0.158 -1.6392 1.57 -0.182 -1.6467 1.1087 -0.4592 -1.6658 1.1126 -0.4724 -1.5809 1.2611 -0.5265 -1.5705 1.2565 -0.5052 -1.5955 1.2124 -0.432 -2.0829 1.7044 0.2552 -2.1863 1.7331 0.2597 -2.1912 1.6671 0.216 -1.766 1.1074 -0.0791 -1.8129 1.0373 -0.1358 -1.7558 1.1131 -0.0925 -1.6905 1.3626 0.0956 -1.6473 1.438 0.1185 -1.6854 1.4186 0.1258 -1.6634 1.3697 0.0782 -1.7953 1.1076 -0.0657 -1.8268 1.043 -0.107 -2.1845 1.7667 0.2544 -2.2005 1.7765 0.2231 -1.9984 1.8227 -0.6312 -2.0263 1.8224 -0.5458 -1.9906 1.848 -0.6251 -2.1203 1.3372 -0.8022 -1.9855 1.4129 -0.9236 -1.867 1.4144 -0.9364 -1.8706 1.3703 -0.9731 -1.9623 1.4397 -0.8943 -1.8384 1.8417 -0.6964 -1.7358 1.7844 -0.7049 -1.7154 1.7611 -0.7128 -1.8894 1.8533 -0.7014 -1.9978 1.394 -0.946 -2.0755 1.5168 -0.8539 -2.0471 1.5234 -0.8458 -1.6594 1.6648 -0.7755 -1.6203 1.53 -0.8622 -1.6527 1.5383 -0.8554 -1.9655 1.5369 -0.8054 -2.0019 1.5327 -0.8288 -1.9435 1.6059 -0.7741 -1.9847 1.6256 -0.781 -1.8552 1.6082 -0.7473 -1.855 1.5502 -0.7894 -1.9066 1.5821 -0.7682 -1.9179 1.5458 -0.7866 -1.8951 1.5125 -0.8148 -1.8628 1.5056 -0.8304 -1.8459 1.505 -0.8261 -1.8285 1.5162 -0.8181 -1.8054 1.5472 -0.8023 -1.6437 1.4056 0.0361 -1.7055 1.2435 0.0082 -1.6729 1.282 -0.0202 -1.6421 1.4716 0.057 -1.8894 1.0436 -0.3682 -1.9992 0.9818 -0.4215 -1.6559 1.5973 -0.2817 -1.6229 1.4966 -0.3333 -1.9105 1.935 -0.1318 -1.8433 1.87 -0.0619 -1.8395 1.8843 -0.144 -1.9291 1.907 -0.0607 -2.1366 1.659 -0.1591 -2.2321 1.1793 -0.4966 -2.2596 1.2358 -0.3352 -2.2095 1.2884 -0.43 -1.8059 1.1009 -0.7552 -1.7255 1.1266 -0.7291 -1.835 1.0738 -0.6149 -1.7914 1.0549 -0.2717 -1.7784 1.052 -0.3829 -1.9469 1.1079 -0.7859 -1.8163 1.9364 -0.3344 -1.7688 1.8232 -0.2546 -1.7606 1.8498 -0.371 -1.8352 1.9005 -0.2253 -1.6164 1.424 -0.013 -1.6392 1.262 -0.0692 -2.1755 1.471 -0.0894 -2.1932 1.4024 -0.2538 -2.1748 1.3543 -0.1452 -2.1683 1.5369 -0.1975 -2.1552 1.8391 0.1708 -2.0311 1.8675 0.0961 -2.0701 1.7954 0.1832 -2.219 1.7352 -0.0173 -2.1777 1.766 -0.1672 -2.1791 1.7287 -0.173 -2.2108 1.6741 0.1985 -2.2153 1.701 0.1481 -2.0194 2.0073 -0.2259 -2.0788 1.9536 -0.1786 -2.0561 1.9821 -0.1659 -2.0378 1.9691 -0.2391 -2.0301 0.9277 -0.3277 -1.8929 0.9632 -0.2684 -1.8915 1.9648 -0.2022 -1.9261 1.9415 -0.1325 -1.5903 1.5177 -0.0186 -1.7089 1.092 -0.1775 -1.7986 1.0248 -0.2202 -1.6158 1.2539 -0.1843 -1.6785 1.0931 -0.1842 -1.6149 1.2121 -0.2682 -1.6657 1.0854 -0.3682 -1.6228 1.152 -0.339 -2.016 0.9306 -0.2499 -1.8918 0.9864 -0.1857 -1.9478 1.8321 0.1115 -1.9914 1.7505 0.1718 -2.016 1.6754 0.2412 -1.9745 1.6084 0.2109 -2.039 1.5884 0.1871 -2.2217 1.1852 -0.1409 -2.0857 1.064 -0.139 -2.0197 1.2022 -0.0569 -2.2536 1.0596 -0.2324 -2.1138 1.0357 -0.5591 -2.1582 0.9315 -0.3421 -2.1373 0.9829 -0.4426 -2.2711 1.0631 -0.2501 -2.2414 1.1909 -0.1613 -2.2424 1.1873 -0.2147 -1.8441 1.6957 -0.7167 -1.8888 1.6863 -0.7297 -2.0427 1.9295 -0.3862 -1.9845 2.0022 -0.4846 -1.9987 1.9244 -0.5135 -2.0157 1.9984 -0.3554 -2.0856 1.6003 -0.4933 -2.0783 1.5704 -0.6002 -2.0669 1.6834 -0.6803 -2.0781 1.6488 -0.7802 -1.8014 1.1316 -0.897 -1.6041 1.5225 -0.8503 -1.6298 1.4185 -0.9044 -1.8445 1.9803 -0.3147 -1.8053 1.9594 -0.4715 -1.5782 1.405 -0.7312 -1.6201 1.5795 -0.6517 -1.8727 1.3375 -1.0012 -1.7338 1.4021 -0.9391 -1.7608 1.4589 -0.8975 -1.6982 1.4453 -0.909 -1.7041 1.6495 -0.7703 -1.6991 1.5455 -0.8477 -1.8131 1.4303 -0.9119 -1.8025 1.3862 -0.9562 -1.6571 1.7287 -0.5746 -1.6721 1.7647 -0.6405 -1.7005 1.3283 -0.9695 -1.7827 1.2986 -1.0028 -2.0314 1.3074 -0.9503 -2.0147 1.3753 -0.9513 -2.0744 1.1587 -0.7885 -2.1202 1.4599 -0.5689 -2.1096 1.4864 -0.6196 -1.9624 1.9633 -0.5917 -1.9413 1.9256 -0.6795 -1.9739 1.9277 -0.6026 -1.951 1.9989 -0.4739 -1.9828 1.9957 -0.3418 -1.9228 2.0149 -0.4664 -1.9685 2.0213 -0.3366 -1.8008 1.6765 -0.7267 -1.8116 1.5887 -0.7783 -2.1535 0.9491 -0.2515 -2.1728 1.5418 0.1055 -2.0189 1.5451 0.1649 -1.6183 1.5042 0.0038 -1.6767 1.645 0.1022 -1.6091 1.2664 -0.0981 -1.6895 1.7215 -0.1166 -1.7233 1.7453 -0.3072 -1.7658 1.8119 -0.1746 -1.7078 1.7321 -0.2147 -2.2236 1.6722 -0.0352 -2.2347 1.7246 0.135 -2.1897 1.5403 0.0872 -2.1736 1.5482 0.0277 -2.1331 1.3341 -0.0285 -2.1333 1.4502 -0.0314 -2.1461 1.3309 -0.0985 -2.1512 1.4337 0.0155 -2.1266 1.888 -0.217 -2.0942 1.8074 -0.3234 -2.1307 1.7852 -0.2428 -2.0856 1.9127 -0.2798 -1.9296 1.6284 0.2299 -2.1795 1.8284 0.1606 -1.6164 1.5108 -0.5371 -1.5663 1.3389 -0.6272 -1.611 1.4463 -0.4265 -1.7236 1.1711 -0.8669 -1.8298 1.1059 -0.0644 -1.895 0.997 -0.1602 -1.9478 1.7817 -0.7226 -1.9602 1.8077 -0.7189 -1.9254 1.7992 -0.7137 -2.0972 1.5065 -0.6579 -2.0677 1.7014 -0.5744 -1.7772 1.9438 -0.5727 -1.7338 1.2438 0.0255 -1.8442 1.5739 0.217 -1.8777 1.5653 0.2063 -1.7627 1.7134 0.0933 -1.8531 1.7709 0.1157 -1.7633 1.7009 0.1122 -2.1832 1.6799 -0.1886 -2.1108 1.5953 -0.6127 -2.1136 1.6329 -0.493 -1.9314 1.9714 -0.5767 -2.1112 1.9506 -0.1854 -1.8634 1.9904 -0.5693 -1.8953 1.99 -0.5761 -1.8957 2.0106 -0.4579 -2.0586 1.6499 -0.791 -1.7099 1.353 -0.9714 -1.7889 1.3332 -0.9958 -1.7427 1.2363 -0.96 -1.795 1.1983 -0.9798 -1.8256 1.9459 -0.6883 -2.1028 1.2844 -0.8477 -1.858 1.0504 -0.5102 -1.6885 1.2036 -0.8411 -1.6169 1.2971 -0.7873 -1.7601 1.8033 -0.0888 -2.2087 1.2728 -0.18 -2.1947 1.2603 -0.1579 -1.7082 1.8406 -0.6084 -2.1665 1.2571 -0.0777 -1.9911 1.2925 0.0094 -2.1877 1.2634 -0.0966 -2.2264 1.3211 -0.2939 -2.1839 1.3708 -0.3887 -2.1751 1.3459 -0.5272 -2.1519 1.4238 -0.4862 -2.1374 1.3878 -0.6176 -1.7009 1.8211 -0.5246 -1.7528 1.8911 -0.499 -1.7173 1.7725 -0.4051 -1.8262 1.5157 0.1882 -1.7601 1.5359 0.2068 -1.9839 1.4777 0.1362 -1.9432 1.5515 0.1841 -1.9049 1.4939 0.1609 -2.1512 1.2903 -0.7208 -2.1368 1.2296 -0.7458 -2.1752 1.168 -0.6299 -2.1934 1.2262 -0.6063 -2.2143 1.1214 -0.5169 -1.8306 1.9637 -0.6741 -1.8672 1.9644 -0.678 -1.6468 1.4316 -0.9149 -1.9609 1.8659 -0.6934 -1.9405 1.8651 -0.705 -1.9775 1.811 -0.7067 -1.8756 1.3136 -1.0101 -2.0263 1.9775 -0.1469 -1.9887 2.0033 -0.2082 -1.9324 2.0164 -0.3293 -2.0707 1.9673 -0.2515 -2.0861 1.7166 -0.4622 -2.1036 1.7294 -0.3458 -1.5857 1.4323 -0.0384 -1.6915 1.0875 -0.3736 -2.0234 0.9427 -0.2277 -2.159 0.9377 -0.2757 -2.1276 1.4315 0.0375 -2.1105 1.3277 -0.0112 -2.0106 1.7107 0.2408 -2.0874 1.7426 0.2555 -1.8998 1.6549 0.2296 -2.0298 1.6403 -0.7863 -1.9178 1.7365 -0.7264 -1.8339 1.7657 -0.6999 -1.9294 1.4764 -0.853 -1.866 1.4586 -0.888 -1.7949 1.4893 -0.8598 -1.8299 1.4694 -0.8708 -1.7482 1.6267 -0.7712 -1.7486 1.5507 -0.8231 -1.7677 1.3355 0.0858 -1.8629 1.3796 0.0909 -1.8788 1.3145 0.0483 -1.756 1.3954 0.1173 -1.5988 1.4189 -0.1643 -1.7548 1.0626 -0.4929 -1.9606 1.9194 -0.0628 -2.136 1.7279 -0.257 -2.1584 1.4497 -0.351 -1.6689 1.6239 -0.362 -1.6653 1.6657 -0.4569 -1.8915 1.6894 0.1662 -1.7915 1.2294 0.0248 -1.9072 1.2125 -0.0171 -1.9577 1.0911 -0.1021 -2.0608 1.8151 -0.4369 -1.9713 1.3587 0.0606 -1.7461 1.7287 -0.7185'/>
          </IndexedFaceSet>
        </Shape>
        <Shape DEF='rfmet'>
          <Appearance>
            <Material ambientIntensity='0.098' diffuseColor='1 0.9765 0.8667' emissiveColor='0 1 0' shininess='0.05' specularColor='0.349 0.349 0.349'/>
          </Appearance>
          <IndexedFaceSet DEF='rfmet_Geo' coordIndex='0 1 2 -1 3 4 5 -1 3 6 4 -1 7 8 9 -1 10 11 12 -1 13 14 15 -1 16 17 18 -1 19 20 21 -1 22 23 24 -1 25 26 27 -1 10 28 29 -1 30 31 32 -1 32 31 33 -1 28 30 29 -1 34 35 36 -1 37 38 31 -1 31 30 37 -1 39 40 41 -1 42 43 44 -1 44 45 42 -1 46 47 48 -1 49 50 51 -1 51 52 49 -1 53 54 55 -1 55 56 53 -1 57 58 26 -1 58 27 26 -1 59 60 61 -1 62 63 18 -1 64 65 66 -1 64 67 65 -1 21 68 69 -1 70 71 72 -1 71 73 72 -1 69 74 21 -1 75 76 77 -1 75 78 76 -1 79 80 81 -1 36 82 83 -1 84 85 86 -1 84 87 85 -1 81 88 79 -1 89 83 90 -1 73 45 40 -1 91 92 93 -1 94 95 58 -1 96 87 81 -1 97 98 99 -1 100 101 9 -1 101 102 9 -1 103 104 105 -1 104 106 105 -1 107 108 109 -1 76 110 111 -1 76 112 110 -1 113 114 115 -1 113 116 114 -1 117 118 119 -1 117 120 118 -1 7 121 122 -1 7 123 121 -1 124 125 126 -1 117 100 127 -1 117 128 100 -1 129 130 131 -1 132 133 134 -1 132 135 133 -1 136 137 138 -1 131 139 140 -1 141 142 143 -1 141 144 142 -1 145 146 147 -1 147 148 145 -1 149 144 141 -1 149 150 144 -1 151 152 153 -1 154 155 156 -1 155 157 156 -1 129 158 159 -1 129 160 158 -1 161 162 163 -1 163 164 161 -1 159 130 129 -1 158 165 166 -1 166 133 158 -1 167 143 168 -1 169 170 171 -1 171 172 169 -1 173 174 175 -1 175 108 173 -1 80 6 176 -1 69 177 178 -1 7 9 179 -1 102 180 181 -1 180 182 181 -1 15 60 13 -1 183 184 185 -1 185 33 183 -1 186 28 10 -1 187 29 188 -1 30 188 29 -1 189 190 191 -1 27 192 193 -1 194 26 25 -1 194 190 26 -1 195 196 197 -1 37 191 198 -1 199 196 195 -1 199 200 196 -1 201 202 203 -1 201 204 202 -1 56 49 205 -1 198 194 206 -1 206 207 198 -1 46 48 207 -1 207 206 46 -1 208 209 210 -1 210 211 208 -1 34 36 85 -1 62 212 213 -1 35 213 82 -1 16 18 63 -1 16 214 17 -1 16 215 214 -1 216 43 217 -1 217 215 216 -1 95 94 39 -1 50 216 51 -1 216 218 51 -1 54 95 41 -1 219 220 221 -1 219 222 220 -1 72 40 19 -1 72 73 40 -1 69 223 224 -1 69 178 223 -1 4 92 91 -1 4 225 92 -1 226 176 227 -1 227 228 226 -1 229 87 230 -1 87 96 230 -1 231 88 232 -1 64 233 234 -1 235 224 223 -1 235 236 224 -1 39 94 237 -1 238 184 239 -1 238 185 184 -1 10 185 238 -1 240 61 60 -1 184 241 239 -1 184 242 241 -1 15 14 243 -1 237 94 244 -1 244 243 237 -1 155 245 152 -1 245 246 152 -1 139 131 247 -1 248 246 249 -1 250 251 252 -1 250 137 251 -1 253 0 109 -1 253 1 0 -1 254 255 256 -1 255 257 256 -1 247 258 259 -1 260 261 262 -1 261 263 262 -1 264 265 266 -1 265 267 266 -1 268 269 270 -1 271 272 167 -1 271 273 272 -1 274 275 276 -1 276 164 274 -1 160 162 158 -1 132 277 278 -1 278 279 132 -1 130 159 135 -1 135 280 130 -1 281 282 77 -1 281 149 282 -1 283 148 147 -1 147 284 283 -1 108 107 285 -1 174 286 104 -1 287 175 288 -1 289 290 291 -1 290 292 291 -1 274 98 275 -1 274 99 98 -1 77 293 75 -1 77 282 293 -1 294 295 78 -1 294 296 295 -1 157 151 297 -1 151 298 297 -1 275 122 121 -1 275 98 122 -1 99 170 97 -1 99 171 170 -1 291 287 288 -1 291 292 287 -1 175 174 104 -1 104 288 175 -1 286 106 104 -1 169 172 299 -1 299 300 169 -1 301 120 302 -1 301 173 120 -1 303 128 304 -1 303 305 128 -1 306 307 115 -1 307 308 115 -1 309 116 113 -1 111 145 281 -1 310 150 311 -1 310 312 150 -1 284 147 313 -1 314 299 172 -1 271 167 168 -1 168 134 271 -1 160 163 162 -1 160 156 163 -1 297 156 157 -1 297 163 156 -1 269 315 270 -1 141 316 149 -1 136 261 260 -1 136 317 261 -1 317 258 254 -1 254 261 317 -1 318 319 320 -1 319 321 320 -1 322 323 253 -1 323 1 253 -1 324 248 249 -1 139 247 259 -1 140 129 131 -1 325 220 13 -1 243 186 12 -1 243 244 186 -1 183 326 184 -1 326 242 184 -1 241 61 239 -1 241 327 61 -1 238 61 240 -1 238 239 61 -1 60 182 180 -1 60 59 182 -1 238 240 11 -1 12 186 10 -1 33 185 10 -1 232 88 84 -1 328 69 329 -1 69 68 329 -1 236 74 224 -1 236 70 74 -1 224 74 69 -1 72 19 21 -1 54 41 44 -1 51 63 330 -1 51 218 63 -1 95 39 41 -1 43 42 217 -1 215 16 218 -1 218 216 215 -1 218 16 63 -1 213 63 62 -1 213 212 82 -1 85 208 211 -1 211 34 85 -1 208 85 87 -1 87 229 208 -1 212 62 66 -1 66 331 212 -1 206 332 46 -1 206 333 332 -1 49 52 205 -1 202 334 203 -1 335 336 38 -1 25 27 193 -1 189 26 190 -1 335 197 336 -1 30 32 188 -1 32 187 188 -1 205 332 333 -1 333 337 205 -1 325 13 60 -1 328 296 177 -1 296 294 177 -1 248 338 153 -1 338 314 153 -1 248 318 338 -1 318 339 338 -1 314 171 153 -1 314 172 171 -1 313 340 284 -1 278 142 341 -1 278 277 142 -1 342 343 344 -1 344 345 342 -1 344 346 345 -1 344 347 346 -1 347 348 346 -1 348 349 346 -1 162 161 158 -1 297 274 164 -1 164 163 297 -1 99 298 171 -1 154 156 160 -1 160 129 154 -1 155 151 157 -1 155 152 151 -1 350 310 283 -1 350 315 310 -1 0 107 109 -1 147 146 308 -1 308 313 147 -1 145 148 311 -1 311 281 145 -1 285 307 108 -1 351 352 353 -1 354 355 356 -1 355 357 356 -1 133 135 158 -1 135 159 158 -1 165 358 166 -1 359 341 360 -1 360 268 359 -1 24 361 22 -1 354 362 125 -1 125 124 354 -1 361 24 8 -1 8 7 361 -1 141 272 316 -1 363 364 267 -1 364 266 267 -1 271 133 166 -1 271 134 133 -1 365 226 366 -1 226 367 366 -1 105 106 22 -1 106 23 22 -1 361 122 98 -1 98 97 361 -1 115 114 306 -1 128 305 100 -1 305 101 100 -1 80 96 81 -1 80 365 96 -1 328 177 69 -1 89 86 83 -1 36 35 82 -1 214 215 368 -1 74 70 21 -1 70 72 21 -1 12 15 243 -1 240 60 15 -1 192 27 58 -1 58 95 192 -1 192 54 53 -1 192 95 54 -1 46 332 369 -1 28 189 30 -1 189 191 30 -1 43 55 54 -1 54 44 43 -1 30 191 37 -1 35 370 213 -1 37 198 371 -1 32 33 10 -1 29 187 10 -1 33 31 38 -1 10 187 32 -1 60 180 325 -1 372 173 108 -1 234 67 64 -1 93 373 91 -1 220 222 13 -1 238 11 10 -1 7 122 361 -1 324 374 319 -1 321 375 323 -1 376 375 321 -1 173 118 120 -1 173 372 118 -1 335 37 371 -1 38 37 335 -1 210 202 211 -1 202 210 334 -1 377 200 378 -1 200 377 196 -1 38 183 33 -1 38 336 183 -1 369 370 46 -1 369 330 370 -1 26 28 57 -1 26 189 28 -1 370 47 46 -1 370 35 47 -1 379 368 235 -1 379 214 368 -1 373 223 178 -1 223 373 380 -1 381 177 294 -1 91 177 381 -1 231 212 331 -1 231 90 212 -1 325 102 101 -1 325 180 102 -1 226 382 367 -1 226 228 382 -1 356 265 264 -1 265 356 357 -1 273 166 358 -1 273 271 166 -1 3 267 227 -1 3 363 267 -1 272 364 316 -1 364 272 266 -1 127 24 302 -1 127 8 24 -1 257 341 359 -1 257 278 341 -1 280 131 130 -1 131 280 247 -1 132 168 277 -1 132 134 168 -1 383 358 165 -1 383 362 358 -1 362 356 358 -1 362 354 356 -1 355 382 357 -1 355 384 382 -1 260 137 136 -1 251 137 260 -1 385 386 387 -1 385 262 386 -1 313 307 285 -1 313 308 307 -1 310 269 312 -1 315 269 310 -1 284 388 353 -1 388 284 340 -1 283 353 350 -1 284 353 283 -1 274 298 99 -1 274 297 298 -1 112 309 113 -1 309 112 295 -1 310 148 283 -1 311 148 310 -1 292 322 253 -1 322 292 290 -1 389 318 320 -1 318 389 339 -1 106 301 23 -1 301 106 286 -1 175 109 108 -1 175 287 109 -1 124 390 391 -1 126 390 124 -1 392 393 394 -1 393 392 395 -1 230 396 397 -1 396 230 366 -1 337 56 205 -1 337 53 56 -1 198 398 371 -1 398 198 207 -1 203 200 199 -1 203 334 200 -1 369 205 52 -1 205 369 332 -1 193 333 25 -1 333 193 337 -1 399 235 368 -1 399 236 235 -1 64 17 233 -1 64 18 17 -1 90 232 89 -1 232 90 231 -1 400 401 402 -1 401 400 403 -1 404 208 229 -1 209 208 404 -1 403 378 401 -1 378 403 377 -1 50 43 216 -1 43 50 55 -1 45 41 40 -1 41 45 44 -1 19 405 20 -1 19 237 405 -1 219 21 20 -1 21 219 68 -1 303 329 221 -1 406 329 303 -1 236 71 70 -1 399 71 236 -1 380 93 234 -1 380 373 93 -1 96 366 230 -1 365 366 96 -1 396 392 407 -1 392 396 408 -1 409 182 410 -1 182 409 181 -1 411 61 327 -1 411 59 61 -1 326 403 242 -1 326 377 403 -1 393 410 394 -1 410 393 409 -1 411 412 413 -1 327 412 411 -1 407 394 413 -1 407 392 394 -1 414 413 412 -1 414 407 413 -1 13 405 14 -1 13 222 405 -1 101 220 325 -1 101 305 220 -1 415 129 140 -1 415 154 129 -1 139 416 140 -1 139 259 416 -1 138 245 415 -1 138 417 245 -1 324 417 250 -1 417 324 249 -1 388 351 353 -1 418 351 388 -1 385 419 420 -1 385 387 419 -1 375 418 2 -1 375 419 418 -1 420 374 252 -1 374 420 376 -1 320 323 322 -1 320 321 323 -1 324 318 248 -1 324 319 318 -1 270 421 422 -1 421 270 423 -1 261 256 263 -1 261 254 256 -1 259 317 416 -1 259 258 317 -1 421 352 386 -1 421 423 352 -1 416 136 138 -1 416 317 136 -1 391 384 355 -1 391 395 384 -1 124 355 354 -1 124 391 355 -1 316 282 149 -1 316 364 282 -1 150 360 144 -1 312 360 150 -1 341 144 360 -1 144 341 142 -1 276 362 383 -1 276 125 362 -1 161 165 158 -1 383 165 161 -1 340 285 107 -1 340 313 285 -1 77 111 281 -1 76 111 77 -1 111 146 145 -1 110 146 111 -1 309 119 116 -1 119 309 304 -1 306 118 372 -1 118 306 114 -1 304 117 119 -1 304 128 117 -1 289 348 347 -1 348 289 291 -1 104 349 288 -1 346 349 104 -1 424 103 300 -1 424 345 103 -1 425 426 299 -1 342 426 425 -1 347 427 289 -1 344 427 347 -1 338 299 314 -1 338 425 299 -1 105 300 103 -1 300 105 169 -1 427 339 389 -1 428 339 427 -1 100 8 127 -1 100 9 8 -1 170 361 97 -1 170 22 361 -1 153 298 151 -1 153 171 298 -1 179 123 7 -1 123 179 429 -1 363 5 293 -1 363 3 5 -1 5 91 381 -1 5 4 91 -1 296 329 406 -1 296 328 329 -1 293 381 75 -1 5 381 293 -1 295 406 309 -1 295 296 406 -1 364 293 282 -1 364 363 293 -1 429 181 409 -1 429 179 181 -1 302 23 301 -1 302 24 23 -1 339 425 338 -1 339 428 425 -1 389 289 427 -1 389 290 289 -1 344 428 427 -1 344 343 428 -1 428 342 425 -1 343 342 428 -1 426 300 299 -1 426 424 300 -1 345 104 103 -1 345 346 104 -1 288 348 291 -1 348 288 349 -1 304 406 303 -1 304 309 406 -1 76 295 112 -1 76 78 295 -1 280 132 279 -1 132 280 135 -1 161 276 383 -1 161 164 276 -1 276 121 125 -1 276 275 121 -1 141 167 272 -1 141 143 167 -1 268 422 359 -1 422 268 270 -1 273 266 272 -1 273 264 266 -1 429 126 123 -1 126 429 390 -1 393 429 409 -1 390 429 393 -1 227 265 228 -1 265 227 267 -1 262 421 386 -1 262 263 421 -1 353 423 350 -1 352 423 353 -1 421 256 422 -1 263 256 421 -1 270 350 423 -1 270 315 350 -1 258 255 254 -1 258 247 255 -1 256 359 422 -1 256 257 359 -1 250 374 324 -1 250 252 374 -1 376 419 375 -1 376 420 419 -1 2 388 0 -1 2 418 388 -1 420 251 385 -1 252 251 420 -1 351 419 387 -1 419 351 418 -1 137 417 138 -1 137 250 417 -1 417 246 245 -1 249 246 417 -1 416 415 140 -1 416 138 415 -1 154 245 155 -1 154 415 245 -1 153 246 248 -1 152 246 153 -1 237 14 405 -1 14 237 243 -1 402 412 400 -1 402 414 412 -1 404 414 402 -1 414 404 397 -1 241 412 327 -1 241 400 412 -1 411 394 410 -1 411 413 394 -1 400 242 403 -1 241 242 400 -1 410 59 411 -1 59 410 182 -1 379 234 233 -1 379 380 234 -1 79 66 65 -1 331 66 79 -1 397 407 414 -1 397 396 407 -1 408 395 392 -1 395 408 384 -1 80 226 365 -1 226 80 176 -1 80 65 225 -1 79 65 80 -1 234 92 67 -1 93 92 234 -1 68 221 329 -1 221 68 219 -1 19 39 237 -1 40 39 19 -1 20 222 219 -1 20 405 222 -1 305 221 220 -1 221 305 303 -1 217 368 215 -1 217 399 368 -1 330 213 370 -1 213 330 63 -1 401 210 209 -1 378 210 401 -1 209 402 401 -1 209 404 402 -1 89 84 86 -1 84 89 232 -1 214 233 17 -1 233 214 379 -1 207 201 398 -1 207 48 201 -1 25 206 194 -1 206 25 333 -1 192 337 193 -1 337 192 53 -1 201 47 204 -1 48 47 201 -1 203 398 201 -1 199 398 203 -1 398 195 371 -1 195 398 199 -1 195 335 371 -1 335 195 197 -1 198 190 194 -1 198 191 190 -1 28 244 57 -1 28 186 244 -1 94 57 244 -1 57 94 58 -1 179 102 181 -1 9 102 179 -1 227 6 3 -1 6 227 176 -1 230 404 229 -1 397 404 230 -1 366 408 396 -1 408 366 367 -1 395 390 393 -1 390 395 391 -1 286 173 301 -1 174 173 286 -1 290 320 322 -1 320 290 389 -1 292 109 287 -1 253 109 292 -1 22 169 105 -1 169 22 170 -1 146 115 308 -1 115 146 110 -1 342 424 426 -1 345 424 342 -1 388 107 0 -1 107 388 340 -1 312 268 360 -1 312 269 268 -1 281 150 149 -1 281 311 150 -1 387 352 351 -1 387 386 352 -1 251 262 385 -1 251 260 262 -1 367 384 408 -1 384 367 382 -1 277 143 142 -1 277 168 143 -1 247 279 255 -1 247 280 279 -1 255 278 257 -1 255 279 278 -1 121 126 125 -1 123 126 121 -1 117 302 120 -1 302 117 127 -1 118 116 119 -1 116 118 114 -1 110 113 115 -1 112 113 110 -1 358 264 273 -1 264 358 356 -1 228 357 382 -1 228 265 357 -1 307 372 108 -1 306 372 307 -1 240 12 11 -1 240 15 12 -1 399 42 71 -1 399 217 42 -1 84 81 87 -1 88 81 84 -1 90 82 212 -1 83 82 90 -1 88 331 79 -1 331 88 231 -1 36 86 85 -1 83 86 36 -1 178 91 373 -1 177 91 178 -1 75 294 78 -1 75 381 294 -1 235 380 379 -1 235 223 380 -1 45 71 42 -1 45 73 71 -1 66 18 64 -1 66 62 18 -1 67 225 65 -1 225 67 92 -1 35 204 47 -1 35 34 204 -1 49 55 50 -1 56 55 49 -1 330 52 51 -1 52 330 369 -1 336 326 183 -1 326 336 197 -1 197 377 326 -1 196 377 197 -1 378 334 210 -1 334 378 200 -1 211 204 34 -1 204 211 202 -1 225 6 80 -1 6 225 4 -1 323 2 1 -1 375 2 323 -1 321 374 376 -1 374 321 319 -1' creaseAngle='1.571'>
            <Coordinate DEF='rfmet_Coord' point='-2.144 0.2177 1.5218 -2.1305 0.1816 1.6523 -2.1844 0.1883 1.6441 -2.4295 0.9285 0.9651 -2.3966 0.9458 0.6949 -2.4214 0.8553 0.943 -2.3798 1.0439 0.7427 -1.9924 0.7616 1.3636 -1.9784 0.6849 1.3443 -2.0013 0.7596 1.1563 -1.6225 1.1519 0.1275 -1.6505 1.1251 0.2188 -1.7139 1.0554 0.1432 -1.8482 0.9989 0.48 -1.8207 1.0289 0.2782 -1.7678 1.0521 0.3352 -2.4915 1.1117 -0.1264 -2.4974 1.0948 -0.0436 -2.5025 1.1464 -0.0157 -2.0936 0.9374 0.041 -2.1061 0.9327 0.196 -2.2239 0.9186 0.2042 -1.9263 0.6475 1.5834 -1.9421 0.5997 1.5129 -1.9521 0.6347 1.4611 -1.9639 1.0958 -0.0977 -1.8549 1.0648 -0.0966 -1.9716 0.9931 -0.1492 -1.7285 1.1319 -0.0072 -1.7144 1.1659 0.0361 -1.7492 1.2349 0.0744 -1.6553 1.3241 0.137 -1.6784 1.2509 0.1234 -1.6415 1.325 0.1524 -2.3496 1.4789 0.0566 -2.3277 1.3524 -0.016 -2.3504 1.3881 0.0161 -1.7544 1.2711 0.1028 -1.661 1.3551 0.1409 -1.9991 0.9197 -0.1261 -2.0764 0.9015 -0.1054 -2.0955 0.8952 -0.1801 -2.3047 0.8765 -0.1648 -2.3522 0.9132 -0.2251 -2.2009 0.8823 -0.1994 -2.2141 0.876 -0.146 -2.2603 1.2585 -0.0687 -2.3011 1.3507 -0.0158 -2.2508 1.335 0.0107 -2.4082 1.0045 -0.2165 -2.4265 0.9908 -0.2239 -2.4393 1.0596 -0.174 -2.4137 1.0592 -0.1696 -2.176 0.9384 -0.2322 -2.1777 0.9156 -0.2379 -2.3474 0.9316 -0.2316 -2.3388 0.9492 -0.2243 -1.8475 1.0436 -0.1019 -1.9419 0.9824 -0.1404 -1.8134 1.1091 0.612 -1.8009 1.0276 0.5384 -1.7447 1.1748 0.4657 -2.4984 1.1927 0.006 -2.4564 1.1633 -0.1156 -2.4796 1.1134 0.1173 -2.3941 1.1292 0.3043 -2.482 1.1606 0.1279 -2.4024 1.0798 0.2892 -2.2221 0.9033 0.3601 -2.3066 0.8976 0.3721 -2.2675 0.8778 0.0324 -2.2849 0.874 -0.1026 -2.2007 0.8906 0.0372 -2.2161 0.8769 -0.1086 -2.2683 0.9014 0.2001 -2.4092 0.6705 1.1449 -2.4096 0.5779 1.2697 -2.4482 0.6085 1.2568 -2.3813 0.6382 1.1441 -2.3956 1.2012 0.3288 -2.3554 1.1688 0.5167 -2.3914 1.2709 0.3672 -2.3559 1.3625 0.0046 -2.3902 1.3722 0.0294 -2.471 1.383 0.2467 -2.4072 1.4839 0.142 -2.4364 1.4545 0.1391 -2.4469 1.4057 0.2857 -2.4237 1.2605 0.3081 -2.4764 1.3741 0.0633 -2.4872 1.2703 0.0413 -2.3701 0.8924 0.6541 -2.3769 1.01 0.4401 -2.3894 0.9593 0.4145 -1.8923 0.9643 -0.1091 -2.0246 0.9378 -0.1952 -2.3676 1.3452 0.4226 -2.0012 0.7071 1.7036 -2.0208 0.7275 1.6911 -2.0261 0.7525 1.8331 -2.0211 0.6942 1.1471 -2.0039 0.7733 0.9754 -1.97 0.828 0.9946 -1.9542 0.5081 1.7377 -1.9902 0.4672 1.6793 -1.916 0.6265 1.5987 -1.9367 0.5796 1.5323 -2.1468 0.2325 1.51 -2.0988 0.3261 1.5022 -2.0458 0.2282 1.6016 -2.3376 0.4417 1.4213 -2.4584 0.4783 1.4024 -2.3221 0.5285 1.2899 -2.2337 0.501 1.3009 -2.1818 0.4119 1.4148 -2.2499 0.4087 1.4285 -2.2027 0.4892 1.3035 -2.0765 0.552 1.2951 -2.114 0.4357 1.411 -2.1272 0.5204 1.2946 -2.0695 0.4772 1.4139 -2.0898 0.8473 1.4917 -1.9912 0.732 1.4879 -2.0779 0.8941 1.382 -2.2605 0.9946 1.3913 -2.2595 0.9453 1.5025 -2.2234 0.979 1.3916 -1.9978 0.6132 1.3195 -2.083 0.6188 1.1932 -2.4282 0.9347 1.8147 -2.55 0.8918 1.8182 -2.5455 0.8889 1.8388 -2.5998 0.7226 1.7356 -2.5838 0.8074 1.7125 -2.6069 0.7465 1.7004 -2.5793 0.7923 1.7512 -2.3723 0.6594 2.0951 -2.3409 0.6478 2.1052 -2.331 0.7853 2.0492 -2.5561 0.831 1.9071 -2.4598 0.8998 1.9105 -2.6179 0.7105 1.4472 -2.6344 0.6756 1.5832 -2.6276 0.7122 1.5773 -2.6185 0.675 1.4661 -2.471 0.4521 1.4644 -2.3514 0.4033 1.5116 -2.3613 0.381 1.5205 -2.497 0.433 1.4786 -2.5975 0.6207 1.3783 -2.6074 0.5936 1.4025 -2.0388 0.7933 1.9334 -2.045 0.7901 1.9552 -1.9871 0.6671 1.9737 -2.3001 0.9279 1.8509 -2.1259 0.8697 1.9108 -2.2951 0.9295 1.8271 -2.1189 0.8671 1.8901 -2.5166 0.875 1.71 -2.5244 0.8685 1.7384 -2.4107 0.94 1.7969 -2.3899 0.9341 1.7243 -2.3952 0.9281 1.7569 -2.285 0.9253 1.7804 -2.2777 0.9192 1.7459 -2.4993 0.8838 1.6409 -2.55 0.8498 1.6298 -2.5978 0.7539 1.5818 -2.6201 0.7097 1.6405 -1.943 0.6301 1.7501 -1.952 0.6531 1.7442 -2.0102 0.6848 1.9167 -2.0025 0.6596 1.9103 -2.0516 0.4363 1.4687 -2.0389 0.4288 1.4922 -2.0777 0.328 1.5188 -2.3726 1.0887 0.7645 -2.3432 0.865 0.6384 -2.3492 0.9008 0.4127 -1.9936 0.8267 1.2031 -1.9058 0.9355 0.7636 -1.9639 0.9056 1.0114 -1.8963 0.9935 0.8239 -1.6357 1.4188 0.1884 -1.6174 1.3637 0.2456 -1.6089 1.26 0.2084 -1.6992 1.0654 0.0193 -1.6594 1.1762 0.0775 -1.6937 1.1961 0.0567 -1.7405 1.1466 -0.0067 -1.7879 1.1814 0.0139 -1.7624 1.2374 0.0765 -2.0327 0.9543 -0.1988 -2.0062 0.9966 -0.1517 -1.915 1.2071 -0.0177 -1.8475 1.5368 0.2156 -1.8491 1.6009 0.2482 -1.7297 1.5394 0.2168 -1.8843 1.2921 0.074 -2.0027 1.5661 0.2117 -2.0082 1.6706 0.2374 -2.2308 1.4489 0.1092 -2.3098 1.5996 0.172 -2.1951 1.5822 0.178 -2.3282 1.4889 0.0616 -2.3352 1.0406 -0.151 -2.1041 1.2138 -0.0329 -2.0633 1.3117 0.0385 -2.365 1.6106 0.2694 -2.2335 1.6478 0.325 -2.2062 1.6624 0.2428 -2.3376 1.6077 0.1897 -2.4852 1.2369 0.0224 -2.3945 1.2681 -0.0465 -2.4573 0.9935 -0.0661 -2.4697 0.9979 -0.1344 -2.4626 0.991 -0.2019 -2.347 0.8908 -0.1585 -2.4963 1.0829 -0.1696 -2.1231 0.9063 0.3527 -2.0105 0.8629 0.6703 -2.1456 0.8514 0.6111 -1.9729 0.9523 0.4112 -2.3739 0.916 0.2096 -2.3258 0.9013 0.2216 -2.3683 1.0568 0.4676 -2.3735 1.1649 0.7965 -2.4225 1.0014 0.9893 -2.4061 1.0659 1.0115 -2.3719 1.5073 0.4013 -2.346 1.4521 0.501 -2.4953 1.2538 0.1537 -2.4996 1.3247 0.2015 -2.4797 1.0615 0.0898 -2.4301 1.0077 0.2445 -2.4008 0.9309 0.062 -2.3301 0.8897 0.0457 -1.9586 0.9874 0.0468 -1.638 1.187 0.3051 -1.6712 1.2758 0.3694 -1.7251 1.0944 0.3912 -1.7661 1.4216 0.4607 -1.7342 1.4918 0.345 -1.8115 1.0461 0.0886 -1.789 1.0376 -0.0589 -2.1516 0.8103 2.0006 -2.082 0.7318 2.0175 -2.5946 0.7744 1.9014 -1.9962 0.5753 2.0394 -2.1014 0.6808 2.0638 -2.2553 0.6211 2.1187 -2.3859 0.4707 2.0735 -2.2731 0.4639 2.0769 -2.0513 0.1776 1.6807 -2.5742 0.5478 2.0244 -2.6308 0.6495 1.9 -2.6073 0.4413 1.8909 -2.6355 0.5776 1.8186 -2.5538 0.7285 1.9902 -2.5462 0.7907 1.9464 -2.4169 0.4806 2.0645 -2.4848 0.5032 2.0617 -2.4628 0.2823 1.9571 -2.5105 0.3554 1.9306 -2.4597 0.9214 1.3512 -2.4301 0.9705 1.2117 -2.4893 0.8637 1.3257 -2.4468 0.9149 1.1847 -2.679 0.5561 1.5682 -2.6382 0.5105 1.4638 -2.6256 0.4251 1.5516 -2.5867 0.8045 1.6048 -2.5487 0.8225 1.4335 -2.5099 0.8757 1.4591 -2.124 0.815 1.7992 -2.1067 0.8107 1.6564 -2.2755 0.9048 1.6419 -2.616 0.6824 1.6713 -2.6346 0.5945 1.808 -2.6318 0.6596 1.8827 -2.5979 0.7756 1.8827 -2.5255 0.5065 1.3917 -2.4959 0.6928 1.2706 -2.4999 0.3842 1.5121 -2.4022 0.2971 1.5078 -2.1607 0.322 1.4866 -1.9725 0.5069 1.4901 -2.0292 0.2453 1.6098 -2.018 0.3458 1.6601 -2.0123 0.2866 1.8254 -2.0277 0.2058 1.8664 -2.004 0.2875 1.7521 -2.0349 0.1934 1.6854 -2.4372 0.7552 1.1558 -2.3645 0.7514 0.9187 -2.3122 0.6022 1.1504 -2.3215 0.711 0.9319 -2.1222 0.8255 1.8318 -2.0308 0.7617 1.8597 -1.9775 0.5536 1.8868 -1.9616 0.5431 1.7973 -1.979 0.5225 1.4671 -1.9857 0.5537 1.4175 -2.1491 0.7101 0.957 -2.1345 0.5895 1.1886 -2.0718 0.7353 0.964 -2.1762 0.3986 1.4305 -2.1653 0.3422 1.4778 -2.2563 0.373 1.4971 -2.2231 0.58 1.1651 -2.5721 0.4705 1.4274 -2.5543 0.5024 1.4125 -2.6363 0.5291 1.4455 -2.2559 0.3434 1.5121 -1.9805 0.6473 1.9574 -2.5839 0.4587 1.4465 -2.5864 0.7261 1.398 -2.4577 0.6952 2.0544 -2.0553 0.4351 2.0399 -2.1433 0.4237 2.0612 -2.0728 0.2557 1.9707 -2.1574 0.2473 1.9777 -2.042 0.189 1.8673 -2.1416 0.167 1.8408 -2.1321 0.5962 2.0993 -1.9234 0.9023 0.7343 -1.7135 1.5478 0.2388 -1.8156 1.349 0.5742 -2.3015 0.8453 0.64 -2.243 0.8381 0.6266 -2.3731 1.1553 -0.1246 -2.4887 1.2004 0.1393 -2.3132 1.1248 -0.1253 -2.1445 1.0934 -0.1082 -2.1946 1.6492 0.2195 -1.7175 1.4226 0.1665 -1.6553 1.4253 0.1709 -2.1788 1.0078 -0.1641 -1.9857 0.5574 2.027 -2.039 0.4344 2.0233 -2.2933 0.257 1.5551 -2.6809 0.5804 1.6534 -2.0039 0.4676 1.8512 -2.0113 0.4505 1.8515 -2.0173 0.4222 1.8404 -1.9947 0.4701 1.7974 -2.0059 0.4566 1.7819 -2.0118 0.4049 1.8197 -2.0095 0.4041 1.7996 -2.0143 0.4197 1.7763 -2.5177 0.3736 1.526 -2.4166 0.2259 1.6463 -2.4462 0.2424 1.6396 -2.4179 0.2844 1.5184 -2.3481 0.9878 1.3989 -2.3322 1.0371 1.2606 -2.4141 0.9639 1.3791 -2.3843 1.0102 1.2364 -2.455 0.9139 1.4877 -2.6818 0.5627 1.656 -2.6816 0.5765 1.5591 -1.981 0.6957 1.4959 -2.3616 0.9619 1.5087 -2.4534 0.8437 1.1703 -2.5064 0.7829 1.2901 -2.3614 1.2638 0.5824 -2.3371 1.3544 0.6486 -2.3428 1.2368 0.8288 -2.4333 0.9603 -0.0733 -2.3506 1.1475 -0.1261 -2.2919 1.2603 -0.0704 -1.8491 1.4022 0.1557 -2.1035 0.4092 1.4456 -2.3799 0.9328 0.3982 -2.1956 0.4311 2.0693 -2.196 0.1708 1.8351 -2.2116 0.2469 1.9767 -1.8415 1.6089 0.2706 -2.0094 1.6837 0.2592 -2.4286 0.9608 0.0702 -2.4041 0.9446 0.2127 -2.3927 0.783 0.9259 -2.3609 1.1145 1.0315 -2.3959 0.9305 1.6379 -2.3016 1.1335 1.0578 -2.4357 0.2672 1.9627 -2.4612 0.2285 1.7933 -2.433 0.2115 1.7985 -2.2999 0.241 1.5723 -2.0557 0.2669 1.9607 -2.1878 1.0127 1.2808 -2.2618 1.0439 1.2802 -2.1925 1.2591 0.8855 -2.1383 1.1038 1.0715 -2.0843 1.2241 0.8991 -2.2351 1.1346 1.0741 -2.2409 1.3936 0.6898 -2.2215 1.4863 0.5677 -2.0277 1.419 0.138 -2.3381 0.8854 -0.097 -1.8911 1.5111 0.5036 -2.0503 1.6593 0.353 -2.0895 1.5614 0.5091 -1.8639 1.5904 0.3631 -2.2298 1.5434 0.4778 -1.9633 0.9862 0.2283 -2.232 0.6961 0.9498 -2.1482 1.4045 0.711 -2.2622 1.2579 0.8659 -2.012 1.0332 1.052 -1.9652 1.1319 0.8753 -1.877 1.2601 0.7009 -1.942 1.4429 0.6123 -2.0098 1.3469 0.7307 -2.1168 1.4952 0.6021 -2.3184 0.8768 1.9551 -2.4307 0.7937 2.0053 -2.2021 0.73 2.0819 -2.3168 0.2146 1.6514 -2.3247 0.2033 1.8148 -2.3057 0.2571 1.9617 -2.5285 0.3303 1.735 -2.6382 0.4224 1.7089 -2.5205 0.3369 1.6022 -1.9967 0.4817 1.8134 -1.9854 0.4959 1.9236 -2.0013 0.4855 1.8392 -2.03 0.3447 1.8911 -2.0098 0.4401 1.923 -2.0665 0.9409 1.2723'/>
          </IndexedFaceSet>
        </Shape>
        <Shape DEF='rmet2'>
          <Appearance>
            <Material ambientIntensity='0.098' diffuseColor='1 0.9765 0.8667' emissiveColor='1 0 0' shininess='0.05' specularColor='0.349 0.349 0.349'/>
          </Appearance>
          <IndexedFaceSet DEF='rmet2_Geo' coordIndex='0 1 2 -1 0 3 1 -1 4 5 6 -1 5 7 6 -1 8 9 10 -1 10 11 8 -1 12 13 6 -1 12 14 13 -1 5 15 7 -1 5 16 15 -1 17 18 13 -1 19 20 21 -1 22 23 24 -1 22 25 23 -1 16 26 15 -1 16 27 26 -1 28 29 30 -1 28 31 29 -1 19 32 33 -1 19 21 32 -1 34 35 36 -1 37 38 39 -1 40 41 42 -1 40 43 41 -1 44 35 45 -1 46 47 37 -1 37 48 46 -1 49 50 51 -1 51 52 49 -1 53 54 55 -1 56 57 58 -1 56 59 57 -1 60 61 11 -1 62 63 64 -1 64 10 62 -1 65 66 67 -1 66 68 67 -1 69 70 71 -1 71 72 69 -1 73 74 75 -1 76 77 78 -1 79 80 81 -1 82 83 80 -1 84 85 86 -1 85 84 87 -1 87 88 85 -1 89 90 91 -1 92 93 94 -1 92 95 93 -1 96 97 98 -1 99 100 67 -1 101 97 96 -1 101 102 97 -1 103 104 105 -1 105 106 103 -1 107 108 109 -1 108 110 109 -1 105 111 112 -1 105 113 111 -1 109 110 114 -1 113 105 104 -1 115 116 117 -1 118 70 69 -1 119 120 121 -1 121 122 119 -1 45 123 42 -1 124 125 126 -1 124 127 125 -1 31 28 128 -1 129 130 128 -1 130 31 128 -1 131 132 133 -1 119 134 135 -1 136 137 138 -1 136 139 137 -1 140 141 142 -1 143 135 144 -1 143 145 135 -1 146 147 148 -1 146 149 147 -1 139 150 151 -1 139 152 150 -1 153 154 26 -1 26 155 153 -1 40 123 156 -1 40 42 123 -1 157 133 132 -1 157 158 133 -1 35 159 36 -1 35 44 159 -1 160 161 162 -1 123 141 163 -1 116 164 117 -1 116 165 164 -1 166 167 168 -1 166 169 167 -1 170 171 172 -1 171 173 172 -1 174 175 176 -1 177 68 66 -1 177 178 68 -1 179 180 181 -1 109 182 107 -1 183 184 185 -1 183 186 184 -1 187 188 189 -1 190 61 191 -1 191 192 190 -1 192 193 194 -1 194 195 192 -1 182 196 197 -1 198 199 200 -1 199 201 200 -1 202 203 204 -1 203 205 204 -1 206 190 207 -1 206 208 190 -1 80 209 210 -1 80 83 209 -1 211 212 213 -1 213 214 211 -1 215 82 80 -1 80 79 215 -1 216 217 218 -1 217 219 218 -1 152 139 220 -1 139 136 220 -1 221 222 223 -1 67 224 65 -1 225 226 227 -1 225 174 226 -1 228 229 189 -1 229 187 189 -1 188 86 189 -1 86 230 189 -1 231 223 232 -1 223 233 232 -1 72 234 69 -1 72 235 234 -1 236 237 238 -1 239 240 241 -1 239 242 63 -1 243 236 62 -1 244 8 61 -1 8 11 61 -1 179 245 183 -1 86 231 246 -1 246 84 86 -1 247 248 246 -1 249 250 251 -1 93 252 253 -1 196 175 238 -1 238 237 196 -1 196 182 175 -1 254 101 91 -1 254 255 101 -1 256 176 175 -1 224 67 100 -1 112 114 106 -1 108 104 103 -1 257 258 102 -1 259 260 182 -1 259 109 261 -1 261 262 259 -1 263 97 102 -1 102 262 263 -1 264 265 111 -1 111 113 264 -1 266 264 113 -1 113 267 266 -1 98 212 89 -1 200 94 268 -1 268 212 200 -1 218 219 269 -1 80 210 81 -1 211 214 270 -1 271 272 273 -1 81 269 273 -1 115 117 166 -1 166 274 115 -1 275 276 277 -1 276 278 277 -1 279 280 222 -1 279 281 280 -1 279 282 283 -1 284 281 283 -1 281 279 283 -1 37 47 285 -1 286 287 20 -1 287 288 20 -1 41 159 44 -1 41 289 159 -1 123 45 290 -1 29 291 51 -1 51 30 29 -1 125 129 292 -1 54 168 167 -1 57 293 294 -1 294 58 57 -1 295 27 296 -1 296 297 295 -1 298 275 299 -1 275 277 299 -1 14 298 17 -1 298 299 17 -1 34 300 301 -1 300 302 301 -1 153 303 154 -1 303 304 154 -1 120 305 306 -1 305 307 306 -1 134 119 122 -1 122 308 134 -1 309 136 138 -1 310 148 122 -1 122 121 310 -1 38 285 143 -1 38 37 285 -1 300 34 36 -1 311 312 160 -1 299 277 158 -1 277 313 158 -1 297 314 315 -1 297 296 314 -1 293 57 28 -1 133 158 313 -1 313 316 133 -1 51 50 30 -1 317 48 318 -1 317 319 48 -1 306 307 320 -1 320 321 306 -1 289 43 32 -1 289 41 43 -1 25 322 23 -1 25 323 322 -1 287 324 288 -1 287 284 324 -1 283 312 311 -1 325 187 229 -1 325 326 187 -1 327 325 328 -1 327 329 325 -1 330 81 273 -1 269 331 332 -1 332 273 269 -1 333 271 273 -1 272 330 273 -1 198 211 270 -1 270 334 335 -1 270 214 334 -1 210 218 269 -1 219 331 269 -1 268 89 212 -1 204 336 202 -1 336 337 202 -1 102 258 262 -1 259 182 109 -1 257 338 258 -1 338 339 258 -1 110 108 103 -1 105 112 106 -1 340 341 342 -1 67 343 99 -1 344 78 77 -1 77 345 344 -1 196 346 197 -1 196 237 346 -1 347 174 225 -1 347 175 174 -1 348 93 95 -1 348 252 93 -1 92 201 349 -1 72 76 235 -1 246 248 84 -1 248 87 84 -1 350 351 181 -1 181 352 353 -1 181 354 352 -1 190 208 355 -1 355 61 190 -1 243 237 236 -1 239 241 242 -1 236 238 356 -1 62 10 243 -1 10 9 243 -1 71 76 72 -1 71 77 76 -1 227 357 358 -1 227 226 357 -1 68 178 359 -1 269 81 210 -1 331 349 201 -1 201 199 331 -1 95 360 361 -1 95 92 360 -1 362 192 195 -1 195 79 362 -1 176 68 359 -1 176 67 68 -1 363 82 215 -1 215 364 363 -1 191 193 192 -1 217 92 349 -1 217 360 92 -1 241 186 183 -1 365 366 367 -1 366 88 367 -1 368 78 344 -1 369 78 368 -1 174 176 226 -1 176 359 226 -1 232 75 74 -1 232 235 75 -1 276 279 370 -1 276 282 279 -1 371 22 24 -1 307 372 320 -1 372 373 320 -1 318 291 317 -1 291 29 317 -1 309 374 375 -1 20 19 376 -1 19 377 376 -1 19 22 377 -1 22 371 377 -1 161 160 12 -1 160 378 12 -1 311 324 284 -1 284 283 311 -1 379 294 293 -1 379 18 294 -1 380 306 381 -1 306 321 381 -1 148 382 146 -1 148 310 382 -1 27 295 155 -1 155 26 27 -1 318 48 39 -1 48 37 39 -1 136 309 383 -1 220 134 308 -1 308 152 220 -1 384 328 385 -1 384 327 328 -1 133 316 53 -1 58 132 131 -1 129 128 386 -1 386 292 129 -1 164 124 169 -1 124 126 169 -1 120 119 305 -1 131 133 55 -1 133 53 55 -1 358 387 227 -1 358 388 387 -1 389 347 225 -1 225 390 389 -1 391 377 371 -1 391 165 377 -1 377 116 376 -1 377 165 116 -1 286 20 376 -1 108 107 392 -1 111 261 112 -1 261 109 114 -1 114 112 261 -1 266 337 264 -1 337 336 264 -1 355 244 61 -1 91 101 96 -1 262 258 259 -1 256 393 343 -1 85 88 366 -1 215 79 195 -1 366 394 85 -1 75 78 369 -1 75 76 78 -1 251 361 360 -1 75 235 76 -1 63 62 239 -1 62 236 239 -1 395 386 57 -1 57 59 395 -1 55 54 167 -1 396 59 0 -1 396 395 59 -1 397 373 372 -1 398 291 318 -1 318 39 398 -1 322 323 321 -1 323 399 321 -1 38 375 39 -1 289 32 288 -1 32 21 288 -1 23 172 24 -1 314 379 293 -1 314 296 379 -1 159 311 36 -1 159 324 311 -1 25 19 33 -1 25 22 19 -1 173 371 172 -1 371 24 172 -1 28 314 293 -1 28 30 314 -1 288 21 20 -1 7 15 400 -1 15 401 400 -1 13 14 17 -1 13 4 6 -1 400 402 403 -1 402 404 403 -1 249 360 405 -1 251 360 249 -1 193 352 194 -1 352 193 353 -1 61 406 191 -1 406 61 60 -1 407 363 408 -1 407 409 363 -1 410 405 411 -1 249 405 410 -1 379 13 18 -1 13 379 4 -1 161 404 162 -1 404 161 403 -1 402 401 412 -1 400 401 402 -1 29 130 317 -1 130 29 31 -1 124 413 414 -1 124 391 413 -1 288 159 289 -1 324 159 288 -1 412 154 304 -1 401 154 412 -1 379 27 16 -1 296 27 379 -1 173 391 371 -1 173 413 391 -1 300 162 302 -1 300 160 162 -1 303 382 415 -1 153 382 303 -1 146 295 149 -1 295 146 155 -1 315 416 297 -1 315 417 416 -1 301 415 142 -1 301 303 415 -1 418 399 323 -1 399 418 156 -1 171 320 373 -1 171 170 320 -1 419 47 46 -1 47 419 397 -1 45 34 290 -1 35 34 45 -1 395 420 421 -1 420 395 396 -1 422 423 424 -1 425 423 422 -1 2 426 427 -1 1 426 2 -1 56 0 59 -1 0 56 3 -1 386 421 292 -1 386 395 421 -1 131 427 426 -1 55 427 131 -1 421 428 292 -1 421 424 428 -1 73 361 251 -1 73 429 361 -1 364 195 194 -1 364 215 195 -1 365 352 354 -1 352 365 430 -1 431 408 367 -1 431 407 408 -1 176 343 67 -1 256 343 176 -1 260 393 256 -1 393 260 339 -1 253 89 268 -1 90 89 253 -1 266 432 337 -1 433 432 266 -1 434 264 336 -1 434 265 264 -1 341 338 342 -1 341 435 338 -1 97 436 98 -1 97 263 436 -1 254 345 340 -1 345 254 437 -1 438 286 115 -1 438 439 286 -1 419 173 171 -1 419 413 173 -1 224 71 65 -1 224 77 71 -1 115 376 116 -1 115 286 376 -1 356 389 240 -1 389 356 347 -1 225 387 390 -1 227 387 225 -1 358 385 388 -1 440 385 358 -1 53 441 54 -1 384 441 53 -1 316 384 53 -1 316 327 384 -1 312 378 160 -1 378 312 442 -1 220 383 144 -1 220 136 383 -1 443 121 380 -1 121 443 310 -1 418 25 33 -1 418 323 25 -1 418 32 43 -1 32 418 33 -1 39 374 398 -1 39 375 374 -1 305 372 307 -1 305 145 372 -1 14 378 298 -1 14 12 378 -1 282 275 442 -1 275 282 276 -1 281 444 280 -1 281 445 444 -1 233 235 232 -1 233 234 235 -1 446 447 448 -1 274 447 446 -1 359 357 226 -1 178 357 359 -1 369 348 429 -1 348 369 368 -1 368 252 348 -1 252 368 344 -1 351 179 181 -1 351 245 179 -1 449 87 248 -1 431 87 449 -1 251 247 73 -1 250 247 251 -1 229 450 451 -1 228 450 229 -1 217 405 360 -1 216 405 217 -1 209 409 411 -1 83 409 209 -1 392 182 197 -1 392 107 182 -1 335 331 199 -1 331 335 332 -1 334 204 205 -1 334 452 204 -1 453 203 202 -1 203 453 454 -1 211 200 212 -1 200 211 198 -1 444 69 234 -1 69 444 118 -1 450 390 387 -1 184 390 450 -1 243 346 237 -1 243 9 346 -1 389 184 186 -1 389 390 184 -1 183 242 241 -1 245 242 183 -1 60 350 406 -1 60 64 350 -1 181 406 350 -1 181 353 406 -1 183 230 455 -1 230 183 185 -1 411 216 209 -1 405 216 411 -1 431 410 407 -1 431 449 410 -1 231 74 246 -1 74 231 232 -1 217 331 219 -1 217 349 331 -1 433 8 244 -1 456 8 433 -1 437 344 345 -1 437 252 344 -1 99 393 435 -1 99 343 393 -1 435 339 338 -1 435 393 339 -1 267 433 266 -1 433 267 456 -1 333 203 454 -1 205 203 333 -1 213 434 452 -1 213 436 434 -1 362 272 207 -1 272 362 330 -1 271 454 206 -1 454 271 333 -1 199 270 335 -1 199 198 270 -1 205 273 332 -1 273 205 333 -1 177 446 178 -1 177 438 446 -1 448 441 440 -1 447 441 448 -1 328 388 385 -1 328 451 388 -1 313 327 316 -1 313 329 327 -1 278 325 329 -1 278 326 325 -1 221 326 370 -1 326 221 187 -1 126 292 428 -1 292 126 125 -1 46 413 419 -1 414 413 46 -1 164 391 124 -1 164 165 391 -1 381 399 163 -1 321 399 381 -1 381 443 380 -1 443 381 140 -1 386 28 57 -1 28 386 128 -1 50 314 30 -1 50 315 314 -1 17 158 157 -1 17 299 158 -1 398 457 52 -1 457 398 374 -1 49 151 417 -1 458 151 49 -1 150 149 416 -1 150 147 149 -1 120 380 121 -1 306 380 120 -1 152 147 150 -1 152 308 147 -1 457 137 458 -1 138 137 457 -1 383 375 38 -1 375 383 309 -1 135 305 119 -1 135 145 305 -1 374 138 457 -1 309 138 374 -1 458 139 151 -1 137 139 458 -1 145 285 372 -1 145 143 285 -1 310 415 382 -1 443 415 310 -1 417 150 416 -1 150 417 151 -1 458 52 457 -1 458 49 52 -1 302 303 301 -1 304 303 302 -1 157 18 17 -1 157 294 18 -1 422 396 425 -1 422 420 396 -1 169 428 167 -1 428 169 126 -1 163 140 381 -1 163 141 140 -1 170 23 322 -1 170 172 23 -1 372 47 397 -1 47 372 285 -1 319 46 48 -1 319 414 46 -1 287 439 445 -1 286 439 287 -1 445 118 444 -1 445 439 118 -1 370 222 221 -1 222 370 279 -1 278 370 326 -1 278 276 370 -1 277 329 313 -1 277 278 329 -1 54 447 168 -1 54 441 447 -1 357 440 358 -1 448 440 357 -1 274 438 115 -1 274 446 438 -1 272 206 207 -1 271 206 272 -1 330 79 81 -1 330 362 79 -1 98 213 212 -1 98 436 213 -1 453 337 432 -1 453 202 337 -1 197 456 267 -1 456 197 346 -1 392 267 113 -1 267 392 197 -1 265 261 111 -1 265 262 261 -1 265 263 262 -1 182 256 175 -1 182 260 256 -1 341 224 100 -1 341 340 224 -1 340 255 254 -1 340 342 255 -1 90 252 437 -1 90 253 252 -1 432 208 453 -1 432 355 208 -1 73 246 74 -1 73 247 246 -1 449 249 410 -1 250 249 449 -1 85 180 455 -1 85 394 180 -1 86 455 230 -1 86 85 455 -1 455 179 183 -1 455 180 179 -1 63 245 351 -1 63 242 245 -1 240 186 241 -1 186 240 389 -1 11 64 60 -1 10 64 11 -1 347 238 175 -1 356 238 347 -1 231 188 223 -1 231 86 188 -1 189 185 228 -1 189 230 185 -1 187 223 188 -1 223 187 221 -1 451 387 388 -1 450 387 451 -1 233 222 280 -1 233 223 222 -1 135 220 144 -1 135 134 220 -1 216 210 209 -1 216 218 210 -1 192 207 190 -1 192 362 207 -1 206 453 208 -1 454 453 206 -1 334 213 452 -1 334 214 213 -1 452 336 204 -1 452 434 336 -1 332 334 205 -1 332 335 334 -1 200 92 94 -1 200 201 92 -1 456 9 8 -1 456 346 9 -1 430 367 408 -1 430 365 367 -1 451 325 229 -1 451 328 325 -1 228 184 450 -1 185 184 228 -1 95 429 348 -1 361 429 95 -1 248 250 449 -1 248 247 250 -1 394 181 180 -1 181 394 354 -1 178 448 357 -1 446 448 178 -1 168 274 166 -1 168 447 274 -1 280 234 233 -1 280 444 234 -1 284 445 281 -1 284 287 445 -1 298 442 275 -1 298 378 442 -1 169 117 164 -1 117 169 166 -1 163 156 123 -1 163 399 156 -1 132 294 157 -1 294 132 58 -1 308 148 147 -1 308 122 148 -1 142 123 290 -1 142 141 123 -1 140 415 443 -1 415 140 142 -1 144 38 143 -1 144 383 38 -1 442 283 282 -1 442 312 283 -1 130 125 127 -1 130 129 125 -1 384 440 441 -1 385 440 384 -1 118 66 70 -1 177 66 118 -1 77 340 345 -1 77 224 340 -1 439 177 118 -1 177 439 438 -1 91 437 254 -1 437 91 90 -1 113 108 392 -1 108 113 104 -1 106 110 103 -1 114 110 106 -1 255 102 101 -1 255 257 102 -1 100 435 341 -1 100 99 435 -1 257 342 338 -1 342 257 255 -1 265 436 263 -1 265 434 436 -1 244 432 433 -1 432 244 355 -1 89 96 98 -1 91 96 89 -1 268 93 253 -1 268 94 93 -1 339 259 258 -1 339 260 259 -1 409 82 363 -1 409 83 82 -1 367 87 431 -1 88 87 367 -1 354 366 365 -1 394 366 354 -1 75 429 73 -1 75 369 429 -1 70 65 71 -1 70 66 65 -1 240 236 356 -1 236 240 239 -1 423 55 167 -1 423 427 55 -1 58 426 56 -1 131 426 58 -1 424 167 428 -1 424 423 167 -1 1 56 426 -1 3 56 1 -1 423 2 427 -1 2 423 425 -1 420 424 421 -1 422 424 420 -1 291 52 51 -1 291 398 52 -1 373 419 171 -1 373 397 419 -1 170 321 320 -1 322 321 170 -1 43 156 418 -1 156 43 40 -1 45 41 44 -1 42 41 45 -1 417 50 49 -1 50 417 315 -1 297 149 295 -1 297 416 149 -1 153 146 382 -1 153 155 146 -1 290 301 142 -1 290 34 301 -1 160 36 311 -1 300 36 160 -1 124 319 127 -1 414 319 124 -1 412 302 162 -1 412 304 302 -1 401 26 154 -1 401 15 26 -1 317 127 319 -1 127 317 130 -1 162 402 412 -1 402 162 404 -1 12 403 161 -1 403 12 6 -1 16 4 379 -1 4 16 5 -1 351 64 63 -1 351 350 64 -1 407 411 409 -1 410 411 407 -1 364 408 363 -1 408 364 430 -1 430 194 352 -1 430 364 194 -1 353 191 406 -1 353 193 191 -1 7 403 6 -1 7 400 403 -1 425 0 2 -1 396 0 425 -1' creaseAngle='1.571'>
            <Coordinate DEF='rmet2_Coord' point='-3.1052 0.7373 1.6884 -3.0989 0.7653 1.6568 -3.0956 0.7663 1.6429 -3.0998 0.7561 1.6775 -2.8199 0.7859 1.7998 -2.815 0.7784 1.8055 -2.7951 0.782 1.7605 -2.8101 0.7682 1.807 -2.7794 1.8761 -0.2414 -2.8096 1.8461 -0.1563 -2.7627 1.9055 -0.1543 -2.7225 1.9259 -0.2131 -2.7946 0.7972 1.6651 -2.8179 0.7987 1.7779 -2.8188 0.8441 1.68 -2.8398 0.7498 1.8592 -2.8784 0.7822 1.8551 -2.867 0.894 1.7059 -2.8894 0.8455 1.7855 -2.8722 0.5673 1.4783 -2.8567 0.6592 1.419 -2.8264 0.6499 1.4157 -2.8784 0.4856 1.5489 -2.8653 0.4141 1.6201 -2.8907 0.4403 1.5837 -2.8577 0.4861 1.5512 -2.8425 0.7453 1.883 -2.8864 0.7875 1.8763 -3.1279 0.6968 1.818 -3.1412 0.6007 1.8647 -3.1402 0.7058 1.8369 -3.1252 0.6077 1.8463 -2.8064 0.6361 1.4161 -2.851 0.5621 1.4811 -2.7164 0.6787 1.5516 -2.7146 0.7158 1.3983 -2.7498 0.7543 1.412 -3.0906 0.4334 1.7128 -3.1132 0.4584 1.9182 -3.1704 0.5184 1.8782 -2.7604 0.6256 1.4011 -2.7448 0.6812 1.3764 -2.7362 0.6747 1.3846 -2.7715 0.6289 1.3967 -2.7168 0.7134 1.3963 -2.7102 0.7048 1.4026 -3.0274 0.4236 1.5274 -3.0247 0.4141 1.5376 -3.0891 0.4416 1.7032 -3.1452 0.7377 1.8913 -3.1428 0.7391 1.8788 -3.1651 0.6831 1.872 -3.1692 0.6716 1.8868 -3.015 0.8934 1.4781 -3.0163 0.8779 1.4682 -3.0595 0.8378 1.5499 -3.0813 0.7903 1.7036 -3.1109 0.7157 1.7826 -3.0662 0.8117 1.7022 -3.1118 0.7136 1.7466 -2.7049 1.9348 -0.1943 -2.6743 1.9505 -0.2656 -2.8036 1.8691 -0.0965 -2.7762 1.8948 -0.0643 -2.741 1.9161 -0.1311 -2.6633 1.2958 0.203 -2.7363 1.2782 0.4385 -2.7462 1.3697 0.2163 -2.7867 1.3078 0.4407 -2.6812 1.2711 0.4615 -2.7092 1.2738 0.4421 -2.6392 1.2931 0.2089 -2.5913 1.317 0.222 -2.3612 1.6028 0.1142 -2.4359 1.5235 0.1983 -2.4467 1.4919 0.1781 -2.5842 1.3235 0.2137 -2.6327 1.29 0.1828 -2.5615 1.3261 0.1763 -2.3477 1.9978 -0.1451 -2.2142 2.008 -0.0956 -2.3244 1.881 -0.1524 -2.2278 2.014 -0.0907 -2.2112 2.0045 -0.084 -2.4713 1.6941 0.2766 -2.5063 1.7177 0.2653 -2.5485 1.6296 0.3896 -2.3925 1.7763 0.2104 -2.4337 1.7976 0.1896 -2.4486 1.2318 -0.3629 -2.4541 1.2185 -0.3411 -2.4654 1.2209 -0.3531 -2.3083 1.5234 -0.1155 -2.3342 1.3601 -0.1844 -2.3237 1.376 -0.2022 -2.3152 1.5089 -0.0947 -2.4906 1.2713 -0.3903 -2.5022 1.2912 -0.397 -2.471 1.2875 -0.4029 -2.7427 1.3638 0.1399 -2.7349 1.3452 0.1565 -2.5107 1.2521 -0.3573 -2.5286 1.2755 -0.3507 -2.6717 1.5849 -0.1981 -2.6846 1.5895 -0.2519 -2.6733 1.5804 -0.2674 -2.6615 1.5737 -0.206 -2.7394 1.6047 -0.1427 -2.7306 1.6053 -0.155 -2.6905 1.5315 -0.1621 -2.6938 1.5509 -0.1674 -2.6293 1.5206 -0.2922 -2.6302 1.5245 -0.2792 -2.6841 1.596 -0.2757 -2.6838 1.5412 -0.1785 -2.8566 0.8364 1.2519 -2.9209 0.649 1.3983 -2.9586 0.6663 1.414 -2.7484 1.1126 0.7903 -2.9346 0.5438 2.0481 -2.9047 0.4464 1.95 -2.8689 0.5076 1.9628 -2.9257 0.6146 2.07 -2.7167 0.5702 1.5171 -3.0162 0.4807 1.5038 -3.0588 0.5443 1.6795 -3.0321 0.5674 1.5448 -3.0683 0.4981 1.6775 -3.1029 0.6303 1.8129 -3.0779 0.5837 1.7574 -3.0948 0.5661 1.8104 -3.0661 0.8469 1.6232 -3.0528 0.8499 1.6353 -3.0219 0.8783 1.566 -2.9768 0.5402 2.0538 -2.992 0.4697 2.0047 -3.0845 0.5621 2.0323 -3.1065 0.627 2.0269 -3.1302 0.5825 1.9996 -3.0626 0.6534 2.0535 -2.7447 0.5358 1.6667 -2.7305 0.5424 1.6111 -2.744 0.6012 1.6733 -3.052 0.4172 1.9235 -3.054 0.461 1.986 -2.993 0.406 1.9373 -2.8581 0.7603 1.9584 -2.9172 0.7568 2.0207 -2.8842 0.6994 2.0231 -2.8967 0.8173 1.9393 -2.9712 0.7801 2.0083 -3.0444 0.7643 1.9875 -3.0058 0.6503 2.0662 -2.8195 0.6639 1.911 -2.8272 0.6795 1.8557 -2.8549 0.7624 1.945 -2.8008 0.534 1.479 -2.9961 0.8724 1.673 -2.9793 0.9199 1.5772 -2.7576 0.7313 1.387 -2.7778 0.7628 1.5585 -2.7794 0.7484 1.6691 -2.7879 0.691 1.7038 -2.7388 0.512 1.5737 -2.9868 0.5674 1.4593 -2.9383 0.5615 1.4602 -2.9749 0.7456 1.4444 -3.0282 0.7465 1.5296 -3.0014 0.8088 1.4685 -3.0124 0.6583 1.4903 -2.8787 0.3809 1.6511 -2.9371 0.4078 1.5488 -2.8777 0.4029 1.633 -2.9389 0.4421 1.5284 -2.7978 1.5581 0.2431 -2.8293 1.5903 0.078 -2.7803 1.4943 0.2303 -2.7706 1.1155 0.7855 -2.8185 1.176 0.7853 -2.6072 1.8236 0.1133 -2.5524 1.8118 0.1398 -2.51 1.8769 0.0366 -2.7674 1.5659 -0.0456 -2.7047 1.7702 0.1904 -2.7805 1.6675 0.3003 -2.7264 1.6901 0.3374 -2.768 1.7351 0.194 -2.7351 1.3625 0.8876 -2.6093 1.5287 0.5624 -2.6829 1.5853 0.5331 -2.5933 1.995 -0.3032 -2.5484 1.9714 -0.1513 -2.4772 1.9938 -0.1999 -2.4676 1.9578 -0.1112 -2.4145 1.9506 -0.0934 -2.3621 2.0117 -0.1465 -2.8287 1.6151 -0.0498 -2.7741 1.6643 -0.1649 -2.3022 1.4585 -0.287 -2.2901 1.5452 -0.235 -2.2966 1.4456 -0.2756 -2.2884 1.5403 -0.2171 -2.5926 1.6833 -0.4241 -2.5847 1.6967 -0.4189 -2.5327 1.6698 -0.378 -2.5272 1.683 -0.3717 -2.6438 1.9095 -0.3893 -2.5812 1.9867 -0.3087 -2.66 1.9191 -0.3903 -2.1702 1.944 -0.0704 -2.1726 1.9354 -0.0852 -2.3776 1.3727 -0.402 -2.3795 1.3553 -0.4011 -2.4722 1.4485 -0.4227 -2.4519 1.4549 -0.4126 -2.3417 2.0134 -0.1378 -2.1824 1.8352 -0.071 -2.2364 1.7164 -0.1457 -2.1854 1.8389 -0.0867 -2.2408 1.7266 -0.1587 -3.0368 0.5462 2.051 -2.6486 1.2972 0.8799 -2.6267 1.2197 0.8771 -2.5692 1.4487 0.5503 -2.6574 1.2933 0.1802 -2.8159 1.6054 0.2454 -2.8496 1.4287 0.4633 -2.8535 1.4824 0.4731 -2.7645 1.5831 0.5231 -2.8269 1.3901 0.8858 -2.6435 1.6761 0.3588 -2.482 1.5601 0.386 -2.4932 1.4587 0.3296 -2.5729 1.3549 0.529 -2.627 1.313 0.4952 -2.5421 1.3879 0.2758 -2.8387 1.7993 -0.0142 -2.8375 1.7288 -0.0648 -2.8532 1.6987 0.0361 -2.8259 1.8219 0.0302 -2.8217 1.7467 0.114 -2.8037 1.7988 0.0966 -2.7653 1.8581 0.0232 -2.8298 1.8195 -0.0995 -2.7333 1.9125 -0.3119 -2.6895 1.8505 0.0819 -2.4246 1.6383 0.2969 -2.3446 1.6984 0.1925 -2.3488 1.7281 0.2074 -2.2421 1.7773 0.0491 -2.2648 1.7586 0.088 -2.2818 1.6767 0.0139 -2.4282 1.2676 -0.0709 -2.3772 1.2609 -0.28 -2.5612 1.2147 -0.1609 -2.5951 1.2558 -0.1785 -2.7271 1.4726 0.0564 -2.6087 1.2931 -0.1896 -2.5941 1.3953 -0.2098 -2.6119 1.4255 -0.1919 -2.675 1.4698 -0.0669 -2.6277 1.512 -0.2871 -2.5797 1.3929 -0.3247 -2.5575 1.4037 -0.4086 -2.6162 1.6065 -0.3568 -2.6056 1.518 -0.3971 -2.6647 1.6587 -0.3766 -2.7183 1.6608 -0.2885 -2.3673 1.2762 -0.2983 -2.2618 1.7912 -0.1607 -2.3889 1.4692 -0.3657 -2.5559 1.8512 -0.3279 -2.5229 1.884 -0.276 -2.4388 1.7511 -0.2324 -2.916 0.8935 1.2544 -2.8058 0.9602 1.4665 -2.786 1.0265 1.3454 -2.8655 0.9903 1.479 -2.8427 1.0649 1.3678 -2.7094 1.0667 1.1519 -2.6444 1.175 0.8549 -2.7051 1.0292 1.1151 -2.7598 0.964 1.3313 -2.7341 0.9015 1.3172 -2.7573 0.8709 1.2908 -3.0348 0.3781 1.7441 -2.8343 0.8322 1.2567 -2.8017 0.8486 1.2712 -2.7821 0.7183 1.3588 -2.7676 0.7003 1.3672 -2.7121 0.6665 1.5483 -3.1711 0.5839 1.8888 -3.0577 0.604 1.6861 -3.025 0.7617 1.8171 -3.0115 0.8341 1.7504 -2.8919 0.8179 1.9269 -2.911 0.8197 1.8527 -2.9513 0.8413 1.9135 -2.8133 0.9209 1.5459 -2.8646 0.9556 1.5633 -2.7722 0.7433 1.5637 -2.7483 0.6138 1.6769 -2.781 0.6643 1.7014 -2.7804 0.6115 1.8017 -2.8022 0.6593 1.7927 -2.9521 0.4117 1.9403 -2.8506 0.3978 1.7916 -2.9122 0.3685 1.7716 -2.955 0.6369 2.0765 -3.1358 0.5342 1.985 -2.8479 0.577 1.9659 -2.7559 0.777 1.4016 -2.756 0.8307 1.428 -2.9499 0.987 1.4727 -3.0164 0.7702 1.8377 -3.0476 0.8048 1.8932 -2.9852 0.9371 1.4722 -3.1144 0.5408 1.8419 -3.173 0.5263 1.8677 -3.0783 0.4607 1.6807 -2.8808 0.375 1.6623 -2.8278 0.4129 1.6174 -2.8363 0.4147 1.6107 -2.8253 0.4695 1.5454 -2.7707 0.7436 1.3747 -2.8829 1.2067 1.1755 -2.8064 1.1988 1.1895 -2.9534 1.0224 1.3412 -2.934 1.1752 1.1513 -2.9252 1.0605 1.353 -2.4582 1.9081 -0.2091 -2.3064 1.6339 -0.2041 -2.4226 1.6367 -0.2768 -2.5542 1.7781 -0.3563 -2.5102 1.5742 -0.4126 -2.4056 1.5529 -0.3213 -2.5993 1.6185 -0.3703 -2.6468 1.6628 -0.3938 -2.6774 1.321 -0.0664 -2.6619 1.4206 -0.059 -2.6424 1.2475 0.0158 -2.704 1.3031 0.0725 -2.6602 1.2758 -0.0566 -2.7253 1.4195 0.1138 -2.4867 1.2844 0.071 -2.5857 1.2367 0.0345 -2.8024 1.7636 -0.1647 -2.8122 1.6612 0.1669 -2.3807 1.4113 0.0303 -2.2997 1.625 -0.1906 -2.6375 1.9238 -0.0557 -2.666 1.9033 -0.0031 -2.4456 1.906 -0.0222 -2.4887 1.9178 -0.0381 -2.4769 1.8607 0.0505 -2.717 1.9177 -0.3317 -2.843 1.7028 0.0901 -2.8646 1.2434 0.8169 -2.8994 1.294 0.8406 -2.8214 1.3697 0.4552 -2.2575 1.6845 -0.0491 -2.2863 1.6544 -0.0036 -2.4677 1.9866 -0.2044 -2.294 1.971 -0.021 -2.3867 1.9513 -0.0807 -2.4476 1.8615 0.06 -2.461 1.7855 0.1703 -2.3719 1.8674 0.1153 -2.4593 1.379 0.1239 -2.4448 1.4594 0.15 -2.7274 1.13 1.1754 -2.9247 0.4732 1.5192 -2.975 0.3624 1.7582 -2.9456 0.4007 1.5547 -3.1724 0.5638 1.9261 -3.1647 0.5115 1.9132 -2.8972 0.6474 1.3994 -2.9118 0.5617 1.4649 -2.7831 0.8525 1.5372 -2.8987 0.8137 1.8311 -2.8107 0.4575 1.803 -2.7612 0.4684 1.6352 -2.82 0.6532 1.9202 -3.0969 0.4896 1.984 -2.9763 0.9912 1.3356 -2.9468 1.1456 1.1348 -3.0837 0.6405 1.7754 -2.8514 1.5009 0.4808 -2.9006 1.3115 0.8485 -2.797 1.6924 0.1869 -2.8085 1.6358 0.2676 -2.9542 0.4714 1.5063 -2.7421 1.615 -0.152 -2.7093 1.4223 0.0548 -2.4894 1.7876 0.1573 -3.0834 0.6618 1.7543 -3.101 0.7251 1.6864 -2.9643 0.4056 1.5421 -3.1758 0.5829 1.9005 -2.8134 0.4698 1.5465 -2.8036 0.7563 1.8034 -2.8279 0.6984 1.8389 -2.7982 0.752 1.7902 -2.7915 0.7704 1.7615 -2.7934 0.7531 1.7695 -2.2195 1.7961 0.0102 -2.593 1.9474 -0.1032 -2.2857 1.905 0.0623 -2.3329 1.9192 0.0472 -2.2495 1.9537 -0.0052 -2.2463 1.8547 0.0695 -2.2195 1.8915 0.0211 -2.8076 0.6833 1.7898 -2.958 0.4432 1.5198 -3.0225 0.449 1.5143 -2.7785 0.5978 1.8032 -2.954 0.8404 1.9257 -3.0502 0.805 1.9049 -2.8125 0.5353 1.4769 -2.9597 0.4133 1.5328 -3.0943 0.7167 1.6706 -3.0597 0.6293 1.6752 -3.09 0.7254 1.6505 -3.0387 0.749 1.5506 -3.0421 0.665 1.5929 -3.089 0.746 1.6401 -3.0782 0.8278 1.6186 -3.0659 0.832 1.5618 -3.0334 0.6448 1.5749 -2.362 1.5708 0.0862 -2.417 1.9067 -0.0111 -2.3218 1.8563 0.1298 -2.6872 1.7932 -0.3711 -2.7033 1.7877 -0.352 -2.5886 1.5263 -0.4114 -2.7201 1.3392 0.0615 -2.5417 1.4119 -0.4215 -2.508 1.2067 -0.1363 -2.824 0.9879 1.0389 -2.8021 0.9835 1.0449 -2.9449 1.1295 1.1246 -2.9768 0.9756 1.3253 -2.773 0.8917 1.4474 -2.7879 0.5299 1.805 -2.7019 1.1405 0.8192 -2.7592 1.0038 1.076 -2.8617 1.0214 1.0457 -2.9486 0.939 1.2919 -2.906 1.0791 1.0878 -2.2732 1.8179 0.1179 -2.82 1.5532 0.5022 -2.8784 1.3555 0.8673 -2.5252 1.5722 -0.4192 -2.6387 1.7897 -0.4129 -2.6216 1.7934 -0.4092 -2.5949 1.7465 0.2435 -2.756 1.7786 -0.2637 -3.1696 0.6162 1.9411 -3.1346 0.7007 1.9622'/>
          </IndexedFaceSet>
        </Shape>
        <Shape DEF='rmet3'>
          <Appearance>
            <Material ambientIntensity='0.098' diffuseColor='1 0.9765 0.8667' emissiveColor='1 0 0' shininess='0.05' specularColor='0.349 0.349 0.349'/>
          </Appearance>
          <IndexedFaceSet DEF='rmet3_Geo' coordIndex='0 1 2 -1 3 4 5 -1 6 7 8 -1 9 10 11 -1 12 13 14 -1 15 16 17 -1 18 19 20 -1 21 22 23 -1 24 25 26 -1 24 27 25 -1 28 29 30 -1 31 32 33 -1 31 34 32 -1 35 36 37 -1 36 38 37 -1 39 40 41 -1 42 43 44 -1 45 46 47 -1 45 43 46 -1 48 40 49 -1 48 41 40 -1 47 46 50 -1 50 51 47 -1 52 53 54 -1 55 56 57 -1 58 59 60 -1 61 62 63 -1 64 65 66 -1 65 67 66 -1 68 69 70 -1 70 71 68 -1 71 63 68 -1 72 73 74 -1 73 75 74 -1 76 77 78 -1 78 79 76 -1 28 80 81 -1 28 82 80 -1 83 84 85 -1 85 86 83 -1 5 4 87 -1 4 88 87 -1 89 90 91 -1 89 92 90 -1 93 94 95 -1 96 97 98 -1 98 99 96 -1 22 100 23 -1 22 101 100 -1 102 103 104 -1 104 105 102 -1 106 107 108 -1 106 109 107 -1 110 111 112 -1 110 113 111 -1 114 115 116 -1 117 118 119 -1 94 120 121 -1 122 123 124 -1 125 126 127 -1 128 129 130 -1 128 131 129 -1 132 133 134 -1 134 135 132 -1 133 132 136 -1 137 138 139 -1 140 9 141 -1 141 142 140 -1 143 144 145 -1 143 146 144 -1 146 147 144 -1 148 149 150 -1 151 152 153 -1 152 16 153 -1 52 154 155 -1 156 157 158 -1 6 159 160 -1 159 161 160 -1 162 8 7 -1 7 163 162 -1 164 112 111 -1 154 54 157 -1 154 52 54 -1 165 136 166 -1 30 82 28 -1 167 29 28 -1 167 168 29 -1 169 170 171 -1 172 173 174 -1 175 46 43 -1 176 39 41 -1 176 177 39 -1 171 68 178 -1 178 173 171 -1 179 180 181 -1 182 118 183 -1 184 185 186 -1 185 187 186 -1 110 188 189 -1 110 112 188 -1 190 137 191 -1 192 125 127 -1 193 194 195 -1 194 121 195 -1 116 115 15 -1 196 197 198 -1 199 155 103 -1 155 104 103 -1 189 188 200 -1 201 202 203 -1 201 204 202 -1 205 199 206 -1 206 186 205 -1 207 208 117 -1 209 210 211 -1 210 212 211 -1 213 214 215 -1 214 216 215 -1 217 218 219 -1 105 111 113 -1 104 155 154 -1 154 220 104 -1 221 184 206 -1 221 106 184 -1 222 18 20 -1 223 224 225 -1 15 153 16 -1 15 226 153 -1 194 94 121 -1 227 228 164 -1 227 229 228 -1 230 231 109 -1 231 107 109 -1 230 204 232 -1 230 56 204 -1 233 234 235 -1 202 204 55 -1 204 56 55 -1 236 237 238 -1 238 239 236 -1 240 241 139 -1 139 242 240 -1 9 190 166 -1 190 191 166 -1 243 141 9 -1 9 244 243 -1 141 192 127 -1 96 120 94 -1 245 246 247 -1 245 99 246 -1 97 134 98 -1 97 248 134 -1 249 192 243 -1 249 123 192 -1 124 250 251 -1 136 165 252 -1 253 254 252 -1 252 165 253 -1 179 255 256 -1 162 247 246 -1 162 163 247 -1 257 258 32 -1 259 260 261 -1 262 38 36 -1 75 84 263 -1 75 264 84 -1 68 171 170 -1 63 71 265 -1 212 266 267 -1 266 175 267 -1 268 81 269 -1 51 270 47 -1 39 271 272 -1 272 40 39 -1 273 45 47 -1 274 44 275 -1 274 42 44 -1 276 277 278 -1 278 279 276 -1 280 281 282 -1 281 88 282 -1 92 89 48 -1 1 283 2 -1 275 284 280 -1 45 177 176 -1 285 286 48 -1 287 288 76 -1 76 289 287 -1 36 290 262 -1 36 291 290 -1 78 77 292 -1 77 34 292 -1 77 257 34 -1 257 32 34 -1 286 92 48 -1 48 49 285 -1 44 284 275 -1 280 48 89 -1 280 284 48 -1 281 280 89 -1 275 293 294 -1 24 277 276 -1 24 295 277 -1 45 273 177 -1 288 296 80 -1 288 287 296 -1 297 298 168 -1 297 299 298 -1 300 301 302 -1 303 304 62 -1 303 305 304 -1 306 69 68 -1 68 170 306 -1 264 307 84 -1 73 35 37 -1 75 5 74 -1 299 297 308 -1 309 310 54 -1 54 311 309 -1 312 6 8 -1 313 133 136 -1 136 252 313 -1 250 123 249 -1 250 124 123 -1 98 134 133 -1 133 313 98 -1 93 248 97 -1 93 129 248 -1 245 120 96 -1 96 99 245 -1 11 244 9 -1 191 137 139 -1 139 314 191 -1 139 241 315 -1 315 314 139 -1 316 317 144 -1 144 147 316 -1 239 318 236 -1 239 319 318 -1 320 242 321 -1 242 322 321 -1 185 184 108 -1 184 106 108 -1 323 324 325 -1 312 325 159 -1 159 6 312 -1 326 327 225 -1 326 328 327 -1 208 329 117 -1 329 208 330 -1 330 331 329 -1 160 332 163 -1 160 333 332 -1 207 114 334 -1 53 223 225 -1 53 335 223 -1 105 104 220 -1 216 336 215 -1 216 209 336 -1 337 338 339 -1 210 340 212 -1 340 266 212 -1 341 216 303 -1 216 214 303 -1 342 343 344 -1 343 295 344 -1 294 293 278 -1 278 277 294 -1 311 345 309 -1 52 199 205 -1 52 155 199 -1 206 184 186 -1 346 110 189 -1 102 105 113 -1 113 57 102 -1 17 116 15 -1 347 194 331 -1 331 330 347 -1 348 193 195 -1 348 183 193 -1 125 192 128 -1 192 123 128 -1 349 202 346 -1 349 203 202 -1 55 110 202 -1 110 346 202 -1 233 150 149 -1 233 235 150 -1 8 350 312 -1 179 181 255 -1 300 67 351 -1 282 88 352 -1 68 63 178 -1 284 41 48 -1 284 176 41 -1 297 353 308 -1 354 65 64 -1 169 83 306 -1 306 170 169 -1 46 301 50 -1 46 355 301 -1 356 357 358 -1 356 359 357 -1 101 145 100 -1 101 143 145 -1 233 185 234 -1 233 197 185 -1 360 130 361 -1 360 126 130 -1 136 362 10 -1 363 12 14 -1 14 364 363 -1 364 244 11 -1 166 136 10 -1 156 227 365 -1 188 366 240 -1 188 228 366 -1 254 253 367 -1 253 368 367 -1 163 7 6 -1 6 160 163 -1 220 154 365 -1 17 16 198 -1 16 152 198 -1 224 326 225 -1 201 203 236 -1 203 237 236 -1 320 200 188 -1 127 142 141 -1 127 369 142 -1 370 371 219 -1 332 247 163 -1 207 117 372 -1 117 119 372 -1 119 118 373 -1 193 331 194 -1 110 57 113 -1 110 55 57 -1 22 21 108 -1 108 107 22 -1 220 365 111 -1 111 105 220 -1 22 107 231 -1 94 97 96 -1 94 93 97 -1 246 313 162 -1 89 2 281 -1 89 91 2 -1 296 272 374 -1 374 269 296 -1 351 86 375 -1 86 85 375 -1 3 5 263 -1 263 169 3 -1 2 91 0 -1 1 0 376 -1 76 257 77 -1 76 288 257 -1 64 66 60 -1 69 377 70 -1 69 378 377 -1 379 265 380 -1 379 59 265 -1 379 354 59 -1 378 69 306 -1 19 198 152 -1 19 196 198 -1 222 187 18 -1 222 186 187 -1 381 382 340 -1 63 58 61 -1 43 45 44 -1 287 49 40 -1 356 383 384 -1 2 283 385 -1 276 174 27 -1 27 24 276 -1 295 24 26 -1 26 344 295 -1 25 27 386 -1 100 344 26 -1 100 145 344 -1 157 54 310 -1 363 364 11 -1 141 243 192 -1 9 166 10 -1 387 4 3 -1 387 388 4 -1 75 263 5 -1 308 261 299 -1 388 172 279 -1 172 388 387 -1 26 23 100 -1 23 26 25 -1 235 389 150 -1 235 386 389 -1 386 305 389 -1 305 386 27 -1 390 385 283 -1 390 391 385 -1 392 393 394 -1 392 292 393 -1 395 30 29 -1 30 395 258 -1 61 381 340 -1 61 58 381 -1 52 335 53 -1 52 205 335 -1 18 196 19 -1 18 187 196 -1 67 377 378 -1 67 65 377 -1 308 358 357 -1 358 308 353 -1 259 307 38 -1 259 396 307 -1 397 391 398 -1 397 385 391 -1 399 376 0 -1 399 400 376 -1 358 167 268 -1 353 167 358 -1 73 264 75 -1 73 37 264 -1 257 80 82 -1 257 288 80 -1 2 88 281 -1 88 2 87 -1 356 300 359 -1 356 384 300 -1 286 289 401 -1 286 285 289 -1 269 383 356 -1 269 374 383 -1 285 287 289 -1 49 287 285 -1 99 313 246 -1 313 99 98 -1 402 106 221 -1 106 402 109 -1 118 329 183 -1 118 117 329 -1 329 193 183 -1 329 331 193 -1 120 403 121 -1 120 245 403 -1 404 13 405 -1 404 251 13 -1 12 362 406 -1 12 363 362 -1 190 140 407 -1 9 140 190 -1 201 318 408 -1 201 236 318 -1 349 237 203 -1 349 321 237 -1 198 148 17 -1 198 149 148 -1 365 164 111 -1 365 227 164 -1 373 345 327 -1 373 409 345 -1 410 253 315 -1 253 410 368 -1 366 241 240 -1 241 366 411 -1 367 162 254 -1 8 162 367 -1 244 249 243 -1 249 244 364 -1 123 131 128 -1 122 131 123 -1 412 405 135 -1 405 412 404 -1 406 136 132 -1 362 136 406 -1 413 94 194 -1 95 94 413 -1 414 130 129 -1 361 130 414 -1 360 127 126 -1 371 127 360 -1 108 234 185 -1 234 108 21 -1 197 149 198 -1 149 197 233 -1 415 116 416 -1 415 417 116 -1 347 413 194 -1 413 347 418 -1 21 235 234 -1 235 21 23 -1 384 301 300 -1 50 301 384 -1 86 306 83 -1 306 86 378 -1 271 177 273 -1 271 39 177 -1 382 301 355 -1 382 302 301 -1 282 278 293 -1 278 282 352 -1 351 378 86 -1 67 378 351 -1 227 158 229 -1 227 156 158 -1 419 8 367 -1 350 8 419 -1 317 219 420 -1 370 219 317 -1 321 238 237 -1 322 238 321 -1 347 334 417 -1 334 347 330 -1 197 187 185 -1 197 196 187 -1 326 226 328 -1 326 153 226 -1 294 295 343 -1 294 277 295 -1 342 145 420 -1 342 344 145 -1 336 415 215 -1 336 418 415 -1 303 61 341 -1 61 303 62 -1 421 337 422 -1 421 338 337 -1 211 422 423 -1 421 422 211 -1 423 95 413 -1 422 95 423 -1 226 115 372 -1 115 226 15 -1 215 416 213 -1 416 215 415 -1 182 348 333 -1 182 183 348 -1 328 372 119 -1 226 372 328 -1 119 327 328 -1 119 373 327 -1 325 409 159 -1 409 325 324 -1 373 182 161 -1 118 182 373 -1 230 424 231 -1 424 230 232 -1 232 146 424 -1 146 232 408 -1 316 318 319 -1 316 147 318 -1 144 420 145 -1 144 317 420 -1 142 239 140 -1 142 319 239 -1 315 165 314 -1 315 253 165 -1 166 314 165 -1 314 166 191 -1 337 361 414 -1 337 339 361 -1 333 403 332 -1 333 348 403 -1 256 411 366 -1 256 255 411 -1 181 368 410 -1 181 180 368 -1 309 409 324 -1 345 409 309 -1 180 367 368 -1 367 180 419 -1 323 157 310 -1 323 425 157 -1 312 323 325 -1 350 323 312 -1 174 178 304 -1 178 174 173 -1 261 426 299 -1 426 261 260 -1 84 396 85 -1 396 84 307 -1 377 380 70 -1 377 379 380 -1 303 389 305 -1 389 303 214 -1 65 379 377 -1 65 354 379 -1 216 210 209 -1 216 341 210 -1 340 355 266 -1 382 355 340 -1 46 266 355 -1 175 266 46 -1 427 299 426 -1 299 427 298 -1 395 168 298 -1 29 168 395 -1 81 296 269 -1 81 80 296 -1 82 258 257 -1 258 82 30 -1 267 338 421 -1 267 42 338 -1 275 343 274 -1 343 275 294 -1 280 293 275 -1 280 282 293 -1 397 5 87 -1 74 5 397 -1 401 76 79 -1 401 289 76 -1 90 79 399 -1 401 79 90 -1 0 90 399 -1 91 90 0 -1 394 398 391 -1 394 428 398 -1 428 393 429 -1 394 393 428 -1 427 31 33 -1 427 430 31 -1 291 430 290 -1 291 429 430 -1 427 290 430 -1 426 290 427 -1 430 393 31 -1 430 429 393 -1 290 260 262 -1 260 290 426 -1 431 429 291 -1 428 429 431 -1 428 72 398 -1 72 428 431 -1 390 400 392 -1 376 400 390 -1 400 292 392 -1 292 400 78 -1 87 385 397 -1 87 2 385 -1 388 88 4 -1 388 352 88 -1 279 352 388 -1 279 278 352 -1 274 342 218 -1 342 274 343 -1 42 218 338 -1 218 42 274 -1 42 175 43 -1 267 175 42 -1 374 271 270 -1 374 272 271 -1 374 51 383 -1 270 51 374 -1 358 269 356 -1 268 269 358 -1 33 298 427 -1 298 33 395 -1 357 375 432 -1 375 357 359 -1 421 212 267 -1 421 211 212 -1 340 341 61 -1 210 341 340 -1 300 66 67 -1 300 302 66 -1 63 304 178 -1 62 304 63 -1 380 71 70 -1 380 265 71 -1 27 304 305 -1 27 174 304 -1 432 85 396 -1 432 375 85 -1 260 38 262 -1 259 38 260 -1 425 350 419 -1 425 323 350 -1 310 324 323 -1 324 310 309 -1 157 179 158 -1 425 179 157 -1 313 254 162 -1 313 252 254 -1 255 410 411 -1 181 410 255 -1 256 158 179 -1 256 229 158 -1 228 256 366 -1 228 229 256 -1 14 251 250 -1 13 251 14 -1 348 121 403 -1 348 195 121 -1 422 414 95 -1 337 414 422 -1 339 360 361 -1 360 339 217 -1 217 371 360 -1 217 219 371 -1 138 242 139 -1 322 242 138 -1 238 140 239 -1 140 238 407 -1 369 319 142 -1 369 316 319 -1 408 204 201 -1 408 232 204 -1 424 143 101 -1 143 424 146 -1 101 231 424 -1 101 22 231 -1 109 56 230 -1 109 402 56 -1 242 188 240 -1 242 320 188 -1 333 161 182 -1 161 333 160 -1 418 423 413 -1 423 418 336 -1 213 148 150 -1 148 213 416 -1 151 223 20 -1 224 223 151 -1 335 20 223 -1 20 335 222 -1 221 199 103 -1 221 206 199 -1 402 57 56 -1 102 57 402 -1 150 214 213 -1 214 150 389 -1 336 211 423 -1 336 209 211 -1 330 207 334 -1 330 208 207 -1 152 20 19 -1 152 151 20 -1 189 349 346 -1 349 189 200 -1 417 114 116 -1 114 417 334 -1 217 338 218 -1 338 217 339 -1 322 407 238 -1 138 407 322 -1 218 420 219 -1 218 342 420 -1 179 419 180 -1 179 425 419 -1 73 431 35 -1 73 72 431 -1 273 270 271 -1 47 270 273 -1 172 171 173 -1 172 387 171 -1 171 3 169 -1 171 387 3 -1 353 168 167 -1 353 297 168 -1 418 417 415 -1 418 347 417 -1 416 17 148 -1 416 116 17 -1 316 370 317 -1 316 369 370 -1 129 95 414 -1 129 93 95 -1 405 132 135 -1 406 132 405 -1 131 404 412 -1 404 131 122 -1 53 311 54 -1 53 225 311 -1 315 411 410 -1 315 241 411 -1 409 161 159 -1 409 373 161 -1 327 311 225 -1 345 311 327 -1 112 228 188 -1 112 164 228 -1 156 154 157 -1 154 156 365 -1 224 153 326 -1 153 224 151 -1 200 321 349 -1 200 320 321 -1 147 408 318 -1 146 408 147 -1 138 190 407 -1 190 138 137 -1 371 369 127 -1 371 370 369 -1 129 412 248 -1 129 131 412 -1 248 135 134 -1 412 135 248 -1 125 130 126 -1 130 125 128 -1 363 10 362 -1 11 10 363 -1 405 12 406 -1 13 12 405 -1 122 251 404 -1 122 124 251 -1 364 250 249 -1 364 14 250 -1 332 245 247 -1 332 403 245 -1 114 372 115 -1 207 372 114 -1 103 402 221 -1 102 402 103 -1 40 296 287 -1 272 296 40 -1 351 359 300 -1 359 351 375 -1 401 92 286 -1 92 401 90 -1 169 84 83 -1 84 169 263 -1 261 396 259 -1 261 432 396 -1 81 167 28 -1 167 81 268 -1 399 78 400 -1 399 79 78 -1 283 376 390 -1 283 1 376 -1 398 74 397 -1 74 398 72 -1 38 264 37 -1 38 307 264 -1 308 432 261 -1 308 357 432 -1 59 64 60 -1 354 64 59 -1 58 66 381 -1 58 60 66 -1 302 381 66 -1 302 382 381 -1 222 205 186 -1 205 222 335 -1 383 50 384 -1 51 50 383 -1 44 176 284 -1 176 44 45 -1 291 35 431 -1 291 36 35 -1 32 395 33 -1 32 258 395 -1 292 31 393 -1 292 34 31 -1 391 392 394 -1 391 390 392 -1 23 386 235 -1 23 25 386 -1 276 172 174 -1 276 279 172 -1 63 59 58 -1 265 59 63 -1' creaseAngle='1.571'>
            <Coordinate DEF='rmet3_Coord' point='-3.3198 0.4403 1.4474 -3.3243 0.4232 1.4228 -3.3468 0.4715 1.3586 -3.5543 0.4579 1.2779 -3.5349 0.4558 1.267 -3.5536 0.4336 1.2846 -2.9088 1.9482 -0.2178 -2.8155 1.9169 -0.1679 -2.823 1.7979 -0.2269 -2.7959 1.31 -0.1417 -2.8099 1.4845 -0.1716 -2.8199 1.473 -0.137 -2.8313 1.5876 -0.0633 -2.8452 1.5846 -0.0231 -2.8506 1.5483 -0.0436 -3.2801 1.6788 -0.0144 -3.3098 1.6315 -0.0567 -3.2955 1.5524 0.0187 -3.2777 1.5169 -0.1192 -3.2923 1.5361 -0.0947 -3.2948 1.6129 -0.1765 -3.236 1.2725 0.1201 -3.2202 1.2444 0.1217 -3.262 1.215 0.2613 -3.3832 0.9087 0.8807 -3.3497 1.0683 0.5678 -3.3258 1.0556 0.5693 -3.4172 0.9216 0.8744 -3.3272 0.7589 1.7264 -3.3435 0.6925 1.7748 -3.3304 0.6823 1.7677 -3.4075 0.4292 1.7455 -3.3843 0.5407 1.8143 -3.405 0.5398 1.8216 -3.3902 0.4375 1.7395 -3.6758 0.366 1.4955 -3.6986 0.4081 1.6112 -3.7124 0.4084 1.4832 -3.7244 0.4559 1.5902 -3.2511 0.6653 1.5435 -3.3377 0.5971 1.6753 -3.3016 0.6036 1.5395 -3.1835 1.0425 1.013 -3.2645 0.8556 1.3071 -3.2605 0.8337 1.2974 -3.2554 0.8346 1.3197 -3.323 0.8803 1.4339 -3.3146 0.8662 1.4527 -3.3211 0.5718 1.5315 -3.3437 0.5766 1.6705 -3.4024 0.8413 1.5464 -3.3821 0.8367 1.5548 -3.155 1.5878 -0.4407 -3.187 1.6239 -0.4351 -3.1517 1.6287 -0.4542 -3.0397 1.3024 -0.3691 -3.0868 1.2845 -0.29 -3.0563 1.3338 -0.362 -3.4858 0.8514 1.3709 -3.5798 0.7396 1.4493 -3.5254 0.8065 1.4912 -3.4743 0.8831 1.269 -3.486 0.8398 1.2182 -3.5149 0.7665 1.2868 -3.5358 0.7957 1.5151 -3.5645 0.7556 1.5454 -3.497 0.817 1.5194 -3.5551 0.7536 1.5701 -3.5433 0.6271 1.3479 -3.6131 0.5797 1.4711 -3.6239 0.6075 1.464 -3.5706 0.6489 1.3825 -3.5698 0.3629 1.3436 -3.6605 0.3853 1.3611 -3.5655 0.382 1.3157 -3.6503 0.4133 1.3491 -3.3846 0.4648 1.7076 -3.3813 0.4484 1.7216 -3.38 0.3981 1.6277 -3.3736 0.4171 1.6213 -3.3174 0.6646 1.7297 -3.3275 0.7692 1.6986 -3.3252 0.6741 1.7585 -3.6317 0.5057 1.4966 -3.66 0.468 1.512 -3.6487 0.5893 1.6185 -3.6339 0.602 1.587 -3.4127 0.461 1.3189 -3.4056 0.4923 1.3021 -3.3252 0.4812 1.462 -3.3528 0.4338 1.5381 -3.3222 0.459 1.4632 -3.3526 0.4505 1.5406 -2.992 1.654 0.1562 -3.0085 1.6847 0.1558 -3.0483 1.6074 0.2652 -2.9406 1.7118 0.0591 -2.9319 1.6765 0.0595 -2.8911 1.6887 -0.0337 -2.8952 1.7165 -0.0254 -3.2353 1.2026 0.2633 -3.2049 1.2212 0.1216 -3.0791 1.3903 -0.3452 -3.0861 1.4267 -0.3474 -2.9601 1.4449 -0.4346 -2.9668 1.4122 -0.435 -3.1563 1.4161 -0.2048 -3.1963 1.3032 -0.0435 -3.2024 1.3377 -0.0331 -3.145 1.3818 -0.2105 -2.9931 1.3524 -0.4257 -2.9735 1.3805 -0.4735 -2.9661 1.3599 -0.4764 -3.0024 1.3842 -0.4148 -3.2188 1.693 0.009 -3.2419 1.6881 0.0016 -3.2887 1.6113 0.0599 -3.1122 1.8355 -0.1533 -3.0967 1.8569 -0.1851 -3.1151 1.8482 -0.1952 -2.9721 1.7811 0.0867 -2.9983 1.7871 0.101 -2.8767 1.5541 0.079 -2.8807 1.4892 0.102 -2.8649 1.5347 0.0546 -2.9243 1.3727 0.1379 -2.9358 1.3675 0.1544 -2.9606 1.3252 0.1017 -2.9224 1.4694 0.1628 -2.9317 1.557 0.1425 -2.934 1.4717 0.1812 -2.9185 1.5498 0.1292 -2.8425 1.658 -0.1276 -2.8436 1.6777 -0.1358 -2.8845 1.6739 -0.0357 -2.8742 1.6547 -0.0344 -2.7952 1.5748 -0.2039 -2.7369 1.2993 -0.3654 -2.7433 1.2715 -0.3787 -2.6751 1.2553 -0.4298 -2.8067 1.2808 -0.1407 -2.8552 1.3091 -0.0279 -2.8683 1.2787 -0.0371 -3.1801 1.2087 0.124 -3.1514 1.2077 0.1323 -3.2008 1.1935 0.2747 -3.1204 1.1834 -0.0035 -3.0926 1.1909 0.0153 -3.3192 1.4562 0.1545 -3.3142 1.4245 0.142 -3.3488 1.341 0.2866 -3.3246 1.6755 -0.1522 -3.3134 1.6099 -0.0793 -3.3279 1.7132 -0.1351 -2.9782 1.5342 -0.4572 -3.0193 1.5187 -0.4316 -2.9164 1.4083 -0.4932 -2.9573 1.5521 -0.4601 -2.9002 1.4242 -0.48 -3.0015 1.928 -0.2656 -2.9188 1.9488 -0.195 -3.0103 1.9339 -0.2537 -2.8076 1.7903 -0.1923 -2.8137 1.9196 -0.1217 -2.9556 1.3724 -0.4837 -2.721 1.5013 -0.2765 -2.7918 1.4205 -0.2676 -3.3484 0.7794 1.7266 -3.3961 0.7199 1.7724 -3.6141 0.4789 1.3491 -3.5854 0.5421 1.3578 -3.524 0.594 1.289 -3.4606 0.6583 1.1954 -3.4799 0.6824 1.2224 -3.4426 0.7473 1.134 -3.307 0.9286 1.3295 -3.2773 0.7261 1.3807 -3.2442 0.7713 1.4006 -3.5064 0.7141 1.2584 -2.8213 1.5006 -0.4161 -2.7211 1.5201 -0.3565 -2.6957 1.4588 -0.3811 -3.0426 1.8978 -0.152 -3.0674 1.8365 -0.0117 -3.1763 1.4647 -0.201 -3.2155 1.3938 -0.0176 -3.2174 1.4941 -0.2192 -3.2577 1.4851 -0.0901 -2.8482 1.2125 -0.5165 -2.8802 1.2238 -0.4865 -2.7659 1.2925 -0.3028 -2.7611 1.3585 -0.3402 -2.8872 1.373 0.1159 -3.069 1.7797 0.0753 -3.0829 1.722 0.1457 -3.0264 1.7926 0.0908 -3.2736 1.495 -0.0436 -3.264 1.4597 -0.0066 -3.2898 1.518 0.0085 -3.123 1.4698 -0.3219 -2.8603 1.2087 -0.4799 -2.9767 1.1848 -0.2504 -2.9958 1.2473 -0.3808 -2.9348 1.211 -0.3583 -3.0587 1.2162 -0.2945 -3.1807 1.5319 -0.3311 -3.1732 1.4722 -0.2237 -3.1679 1.7579 -0.0399 -3.1336 1.7881 -0.0333 -3.2763 1.3338 0.6837 -3.336 1.1483 1.0016 -3.2205 1.345 0.7075 -3.2746 1.1484 1.0193 -3.3204 1.4421 0.3084 -3.3801 1.231 0.6367 -3.2613 1.5089 0.321 -3.336 1.2992 0.6592 -3.0335 1.3055 0.3164 -3.1432 1.1469 0.6522 -3.0551 1.2762 0.304 -2.9409 1.4231 -0.4764 -3.1422 1.425 -0.2404 -3.2308 1.5139 -0.2174 -3.26 1.6928 -0.3256 -3.2878 1.7533 -0.309 -3.2439 1.7827 -0.3989 -3.2657 1.7485 -0.0895 -2.9151 1.3932 -0.4992 -2.8417 1.2388 -0.5237 -2.8434 1.3303 -0.4976 -3.1231 1.2527 -0.2139 -3.1893 1.2472 -0.0615 -3.0937 1.195 -0.1801 -3.2811 1.3711 0.1223 -3.2663 1.3334 0.114 -3.3211 1.2551 0.2729 -2.9471 1.1855 -0.2341 -2.9044 1.2054 -0.3448 -2.8255 1.2166 -0.3265 -2.8631 1.2225 -0.1863 -2.7063 1.2136 -0.4909 -2.6447 1.2816 -0.4461 -2.7465 1.207 -0.4637 -2.8464 1.4132 -0.0134 -2.8301 1.4361 -0.0861 -2.8956 1.8263 0.0167 -2.8179 1.7841 -0.1468 -2.8117 1.8899 -0.0831 -2.9089 1.655 0.059 -2.8617 1.5128 0.0011 -2.8617 1.5337 0.0065 -2.8549 1.575 0.022 -2.7266 1.6449 -0.2396 -2.6831 1.514 -0.304 -2.7173 1.6617 -0.2534 -2.694 1.3478 -0.4522 -2.7526 1.3313 -0.48 -3.3443 0.552 1.7875 -3.3651 0.5895 1.8156 -3.6996 0.5383 1.6687 -3.672 0.5234 1.7312 -3.624 0.6478 1.7473 -3.6926 0.4314 1.6472 -3.6348 0.4456 1.3525 -3.7102 0.4244 1.4795 -3.5921 0.7166 1.4461 -3.3543 0.9385 1.3254 -3.2327 1.1142 1.0334 -3.3409 0.7849 1.7001 -3.3467 0.7682 1.6655 -3.3307 0.8288 1.5615 -3.2531 0.739 1.5556 -3.3118 0.6801 1.6693 -3.2411 0.7996 1.4168 -3.2168 0.9723 0.9714 -3.2798 0.7587 1.2528 -3.4263 0.737 1.131 -3.3825 0.7234 1.1419 -3.395 0.6587 1.1994 -3.4388 0.6524 1.1898 -3.323 0.6279 1.3109 -3.3434 0.5112 1.3401 -3.3774 0.582 1.2536 -3.3352 0.4083 1.4152 -3.2902 0.6989 1.3611 -3.3672 0.4898 1.6227 -3.3647 0.4616 1.5856 -3.3457 0.577 1.7047 -3.3359 0.5547 1.7584 -3.372 0.4767 1.6399 -3.6273 0.4217 1.7239 -3.5986 0.3562 1.6197 -3.3983 0.3855 1.6492 -3.3575 0.6641 1.2078 -3.3379 0.7346 1.1789 -3.3414 0.9094 0.8979 -3.3207 0.6634 1.6984 -3.4616 0.7563 1.7573 -3.4642 0.6404 1.8289 -3.5609 0.6648 1.7957 -3.4985 0.7771 1.6168 -3.4513 0.8383 1.5362 -3.4669 0.8366 1.5332 -3.4217 1.0539 0.9374 -3.4793 0.7915 1.1699 -3.4422 0.975 0.8949 -3.6209 0.5534 1.4828 -3.7203 0.4708 1.5801 -3.5168 0.7873 1.7347 -3.1166 1.7685 -0.3933 -3.05 1.6366 -0.4438 -3.2039 1.7902 -0.4169 -2.9019 1.8119 -0.2639 -2.8148 1.7429 -0.1583 -2.6974 1.4198 -0.3416 -2.6532 1.4345 -0.3549 -3.011 1.2491 0.0654 -3.0645 1.2355 0.1696 -3.0071 1.1665 -0.1095 -2.9177 1.2254 -0.0661 -2.8317 1.2022 -0.4743 -2.8681 1.2217 -0.4053 -2.7961 1.2294 -0.4028 -2.9258 1.6889 -0.3693 -3.0213 1.8146 -0.3503 -2.9821 1.8324 -0.3271 -3.2835 1.7823 -0.2939 -3.1688 1.8569 -0.3506 -3.2115 1.8283 -0.2415 -3.0839 1.8245 -0.0046 -3.149 1.7402 0.0451 -3.0884 1.7718 0.0682 -2.8392 1.9159 -0.0802 -2.9373 1.9134 -0.1255 -3.1917 1.7108 0.023 -3.1949 1.5522 -0.3295 -3.2156 1.5562 0.3346 -3.0208 1.443 0.3559 -3.1133 1.227 0.6978 -3.0078 1.3844 0.3455 -3.4001 0.9286 1.3121 -3.4013 1.114 0.9716 -3.2131 1.0835 0.6119 -3.2772 0.9297 0.934 -3.2818 1.0715 0.5947 -3.158 1.8508 -0.3625 -2.9376 1.2627 -0.4126 -3.1643 1.6922 0.1235 -2.9875 1.8402 0.0168 -2.8966 1.2306 -0.4211 -2.8693 1.7436 -0.29 -3.5692 0.706 1.6101 -3.4021 0.5774 1.2465 -3.4183 0.7951 1.7255 -3.5884 0.7322 1.4751 -3.3918 0.8931 1.4171 -3.4331 0.7739 1.6584 -3.5208 0.7954 1.7063 -3.4181 0.802 1.6974 -3.5039 0.7743 1.6438 -2.9887 1.3433 0.2302 -2.9684 1.4275 0.2585 -2.8012 1.5675 -0.1182 -2.8125 1.5465 -0.0941 -2.8499 1.5285 -0.0527 -2.924 1.4031 -0.4924 -2.7088 1.2335 -0.5042 -2.7242 1.6669 -0.2705 -2.6889 1.524 -0.3329 -2.9815 1.2979 0.0917 -3.0305 1.2856 0.1937 -3.0113 1.3127 0.2093 -3.1807 1.7655 -0.0559 -3.0752 1.8897 -0.3144 -3.3435 0.7716 1.6412 -3.5693 0.7056 1.6434 -3.3257 0.4128 1.4397 -3.6232 0.6489 1.5478 -3.6229 0.6273 1.5684 -3.5984 0.7173 1.465 -3.5976 0.7123 1.4561 -3.4394 0.8805 1.4027 -3.4314 0.8854 1.4065 -3.4147 0.7774 1.6256 -3.4281 0.7779 1.6235 -3.3534 0.3983 1.4059 -3.3779 1.0876 0.5737 -3.4918 0.5675 1.234 -3.4722 0.5595 1.23 -3.4016 1.157 0.6059 -3.3376 0.3957 1.431 -3.3561 0.3862 1.4218 -3.3856 0.3531 1.557 -3.4166 0.3745 1.6529 -3.4052 0.3413 1.5532 -3.3812 0.5985 1.8244 -3.6952 0.5486 1.6528 -3.4367 0.3714 1.3623 -3.444 0.3591 1.3763 -3.3585 0.3951 1.5491 -3.3649 0.3742 1.5478 -3.3685 0.443 1.595 -3.1312 1.39 -0.2404 -2.9185 1.8555 0.0115 -2.8636 1.6043 0.0347 -2.8507 1.6174 -0.024 -2.8316 1.6198 -0.0778 -2.7769 1.262 -0.3056 -3.0364 1.1628 -0.1247 -3.0669 1.8839 -0.327 -2.6553 1.4428 -0.372 -2.6499 1.2948 -0.4621 -2.895 1.6386 0.0525 -3.1072 1.647 0.2504 -2.9732 1.4992 0.2455 -3.2381 1.5845 0.2095 -3.3012 1.5248 0.1833 -3.2144 1.66 0.0981 -3.19 1.6242 0.2291 -2.769 1.6504 -0.3037 -3.1124 1.2145 0.2742 -3.1689 1.3158 0.7223 -3.0879 1.5433 0.3735 -3.1316 1.5721 0.355 -3.1595 1.1889 -0.0322 -2.8733 1.5947 -0.3927 -3.6186 0.5157 1.7789 -3.5149 0.5159 1.8065 -3.4755 0.3241 1.5401 -3.4927 0.3536 1.6407 -3.5146 0.4166 1.7481 -3.5801 0.3335 1.5198 -3.6181 0.681 1.709'/>
          </IndexedFaceSet>
        </Shape>
        <Shape DEF='rmet4'>
          <Appearance>
            <Material ambientIntensity='0.098' diffuseColor='1 0.9765 0.8667' emissiveColor='1 0 0' shininess='0.05' specularColor='0.349 0.349 0.349'/>
          </Appearance>
          <IndexedFaceSet DEF='rmet4_Geo' coordIndex='0 1 2 -1 3 4 5 -1 6 7 8 -1 9 10 11 -1 12 13 14 -1 15 16 17 -1 15 18 16 -1 19 16 20 -1 19 17 16 -1 21 22 23 -1 24 25 26 -1 24 27 25 -1 28 29 30 -1 31 32 33 -1 34 35 36 -1 36 37 34 -1 30 38 39 -1 38 40 39 -1 41 42 43 -1 44 42 41 -1 44 45 42 -1 46 47 48 -1 48 49 46 -1 50 51 52 -1 50 53 51 -1 54 27 55 -1 27 56 55 -1 57 58 59 -1 60 61 62 -1 60 63 61 -1 64 31 65 -1 65 66 64 -1 67 68 69 -1 67 70 68 -1 71 72 73 -1 74 75 76 -1 77 78 79 -1 80 81 82 -1 82 83 80 -1 84 85 86 -1 87 88 89 -1 90 91 92 -1 86 93 94 -1 94 84 86 -1 95 96 97 -1 95 98 99 -1 95 100 98 -1 101 102 103 -1 104 105 106 -1 107 108 109 -1 110 111 112 -1 113 114 115 -1 113 116 114 -1 96 117 118 -1 118 119 96 -1 120 121 122 -1 123 124 125 -1 110 126 111 -1 126 127 111 -1 128 118 87 -1 128 129 118 -1 130 131 132 -1 132 133 134 -1 135 136 137 -1 138 139 78 -1 138 140 139 -1 141 142 143 -1 144 125 141 -1 145 146 103 -1 147 148 149 -1 149 150 147 -1 151 73 152 -1 73 72 152 -1 101 153 102 -1 153 154 102 -1 103 155 156 -1 103 102 155 -1 107 115 108 -1 157 158 159 -1 99 160 93 -1 161 43 42 -1 162 41 43 -1 11 163 9 -1 11 164 163 -1 165 163 166 -1 165 167 163 -1 168 169 170 -1 168 171 169 -1 172 26 173 -1 174 175 176 -1 175 177 176 -1 178 179 180 -1 181 59 58 -1 182 24 26 -1 183 184 185 -1 185 186 183 -1 187 188 132 -1 132 131 187 -1 189 121 120 -1 189 190 121 -1 191 192 193 -1 192 194 193 -1 195 191 193 -1 196 197 198 -1 197 158 198 -1 199 200 198 -1 200 201 198 -1 202 203 157 -1 204 205 206 -1 139 140 136 -1 207 208 209 -1 209 210 207 -1 211 212 213 -1 213 214 211 -1 215 126 113 -1 126 110 113 -1 114 216 217 -1 218 219 220 -1 221 222 223 -1 224 225 86 -1 226 227 228 -1 226 117 227 -1 229 225 230 -1 225 224 230 -1 94 93 160 -1 231 232 97 -1 222 233 234 -1 235 236 237 -1 238 209 239 -1 238 210 209 -1 85 84 92 -1 92 240 85 -1 241 242 239 -1 224 86 85 -1 243 244 245 -1 101 246 153 -1 246 247 153 -1 248 249 250 -1 149 251 72 -1 105 252 253 -1 252 254 253 -1 255 256 257 -1 60 62 48 -1 62 258 48 -1 59 259 57 -1 260 170 261 -1 62 262 263 -1 263 258 62 -1 263 264 265 -1 265 266 263 -1 267 268 168 -1 23 269 21 -1 23 270 269 -1 271 268 182 -1 22 25 272 -1 25 273 272 -1 272 34 37 -1 37 274 272 -1 275 276 51 -1 51 53 275 -1 29 277 278 -1 29 66 277 -1 279 165 280 -1 280 281 279 -1 282 1 283 -1 282 284 1 -1 164 36 35 -1 164 285 36 -1 286 287 10 -1 287 11 10 -1 288 289 290 -1 288 291 289 -1 292 293 294 -1 293 295 294 -1 296 294 13 -1 294 14 13 -1 297 3 298 -1 299 5 300 -1 301 4 302 -1 303 304 82 -1 303 305 304 -1 8 16 6 -1 8 20 16 -1 306 307 63 -1 307 61 63 -1 308 178 68 -1 308 179 178 -1 309 70 310 -1 311 312 313 -1 313 314 311 -1 32 315 33 -1 316 186 185 -1 317 183 318 -1 183 186 318 -1 319 184 183 -1 183 320 319 -1 31 33 65 -1 321 322 310 -1 310 70 321 -1 308 68 309 -1 68 70 309 -1 323 324 306 -1 324 307 306 -1 60 47 325 -1 60 48 47 -1 326 20 327 -1 326 328 20 -1 49 329 46 -1 329 327 46 -1 326 330 328 -1 330 331 328 -1 332 19 302 -1 19 333 302 -1 332 3 297 -1 6 16 18 -1 18 0 6 -1 300 5 334 -1 335 5 299 -1 336 12 14 -1 14 289 336 -1 291 287 289 -1 291 11 287 -1 334 286 300 -1 337 278 67 -1 278 277 67 -1 166 338 280 -1 280 165 166 -1 339 39 40 -1 275 55 340 -1 275 53 55 -1 27 54 273 -1 273 25 27 -1 182 172 271 -1 182 26 172 -1 266 265 341 -1 341 43 266 -1 263 262 264 -1 168 170 260 -1 260 267 168 -1 270 342 343 -1 342 201 343 -1 307 324 344 -1 316 259 186 -1 259 59 186 -1 343 201 345 -1 201 200 345 -1 346 347 348 -1 346 249 347 -1 255 105 256 -1 105 253 256 -1 155 254 252 -1 72 251 152 -1 148 251 149 -1 349 249 248 -1 245 350 351 -1 243 352 244 -1 241 143 142 -1 241 353 143 -1 242 241 142 -1 91 240 92 -1 91 238 242 -1 238 354 355 -1 238 356 354 -1 357 354 356 -1 91 356 238 -1 358 359 74 -1 360 76 361 -1 76 75 361 -1 237 98 362 -1 237 236 98 -1 234 363 364 -1 222 234 364 -1 96 231 97 -1 100 362 98 -1 227 95 99 -1 103 156 145 -1 96 227 117 -1 221 365 366 -1 365 367 366 -1 129 368 118 -1 368 119 118 -1 369 370 371 -1 107 215 115 -1 215 113 115 -1 114 194 192 -1 192 216 114 -1 112 190 189 -1 189 116 112 -1 372 373 211 -1 372 374 373 -1 209 372 375 -1 209 208 372 -1 376 377 207 -1 207 210 376 -1 79 78 207 -1 78 208 207 -1 78 374 208 -1 374 372 208 -1 140 137 136 -1 378 379 77 -1 342 196 201 -1 196 198 201 -1 197 192 191 -1 197 218 192 -1 121 205 122 -1 121 380 205 -1 367 274 37 -1 367 365 274 -1 43 341 162 -1 340 55 381 -1 306 63 382 -1 337 69 383 -1 337 67 69 -1 176 172 173 -1 176 177 172 -1 384 299 385 -1 384 335 299 -1 163 164 166 -1 9 386 10 -1 301 302 387 -1 378 388 379 -1 242 238 239 -1 95 227 96 -1 389 388 203 -1 389 379 388 -1 159 204 157 -1 390 148 147 -1 390 391 148 -1 153 151 154 -1 151 152 154 -1 390 392 393 -1 150 125 144 -1 394 130 132 -1 132 134 394 -1 78 389 138 -1 395 139 136 -1 396 248 212 -1 211 373 212 -1 118 117 87 -1 131 130 380 -1 370 96 119 -1 370 231 96 -1 368 397 398 -1 398 371 368 -1 399 126 215 -1 399 400 126 -1 398 369 371 -1 401 252 402 -1 243 240 352 -1 243 85 240 -1 245 224 85 -1 85 243 245 -1 358 354 357 -1 225 226 228 -1 225 229 226 -1 156 155 89 -1 95 97 100 -1 235 237 234 -1 237 363 234 -1 378 403 404 -1 82 304 83 -1 304 405 83 -1 74 76 358 -1 226 88 117 -1 88 87 117 -1 352 406 244 -1 329 81 80 -1 54 53 50 -1 54 55 53 -1 258 261 48 -1 261 49 48 -1 47 8 407 -1 47 46 8 -1 408 337 2 -1 408 278 337 -1 29 38 30 -1 38 51 40 -1 38 281 51 -1 339 40 51 -1 51 276 339 -1 315 409 33 -1 21 173 26 -1 2 284 167 -1 2 1 284 -1 0 2 6 -1 2 7 6 -1 410 13 12 -1 410 331 13 -1 386 411 10 -1 2 167 408 -1 412 50 52 -1 287 336 289 -1 4 334 5 -1 4 301 334 -1 335 15 298 -1 384 15 335 -1 0 283 1 -1 0 18 283 -1 410 328 331 -1 333 328 410 -1 385 386 282 -1 411 386 385 -1 284 163 167 -1 284 9 163 -1 413 414 415 -1 413 44 414 -1 416 417 56 -1 45 417 416 -1 281 52 51 -1 280 52 281 -1 409 418 419 -1 418 409 315 -1 420 28 421 -1 28 420 64 -1 419 422 423 -1 422 419 418 -1 424 276 275 -1 423 276 424 -1 340 425 426 -1 340 381 425 -1 408 29 278 -1 279 29 408 -1 407 7 383 -1 407 8 7 -1 268 161 182 -1 161 268 43 -1 279 38 29 -1 279 281 38 -1 268 266 43 -1 268 267 266 -1 341 57 162 -1 341 58 57 -1 264 427 428 -1 264 262 427 -1 69 178 429 -1 69 68 178 -1 430 185 184 -1 431 185 430 -1 432 409 419 -1 432 319 409 -1 63 325 180 -1 60 325 63 -1 70 277 321 -1 67 277 70 -1 433 403 293 -1 403 433 404 -1 292 304 434 -1 304 292 405 -1 435 37 36 -1 367 37 435 -1 361 367 435 -1 361 366 367 -1 233 235 234 -1 75 235 233 -1 362 363 237 -1 363 362 232 -1 93 225 228 -1 225 93 86 -1 226 145 88 -1 226 229 145 -1 246 230 351 -1 246 146 230 -1 406 240 436 -1 406 352 240 -1 437 123 438 -1 124 123 437 -1 224 351 230 -1 351 224 245 -1 107 399 215 -1 109 399 107 -1 439 126 400 -1 439 127 126 -1 440 401 402 -1 128 401 440 -1 397 129 441 -1 368 129 397 -1 369 217 364 -1 108 217 369 -1 247 442 443 -1 350 442 247 -1 146 229 230 -1 229 146 145 -1 121 444 187 -1 121 190 444 -1 395 373 374 -1 373 395 445 -1 135 130 394 -1 135 206 130 -1 135 202 206 -1 137 202 135 -1 105 446 106 -1 446 105 255 -1 257 188 447 -1 188 257 448 -1 396 349 248 -1 396 449 349 -1 132 448 133 -1 188 448 132 -1 325 407 429 -1 47 407 325 -1 157 388 158 -1 157 203 388 -1 108 398 109 -1 398 108 369 -1 138 203 202 -1 389 203 138 -1 421 418 420 -1 422 418 421 -1 424 430 432 -1 426 430 424 -1 413 431 425 -1 413 415 431 -1 10 300 286 -1 411 300 10 -1 450 291 288 -1 450 285 291 -1 385 300 411 -1 385 299 300 -1 17 298 15 -1 17 297 298 -1 451 303 174 -1 303 451 305 -1 294 405 292 -1 294 296 405 -1 303 81 452 -1 82 81 303 -1 429 383 69 -1 383 429 407 -1 445 136 453 -1 136 445 395 -1 158 191 159 -1 158 197 191 -1 218 196 219 -1 197 196 218 -1 122 204 195 -1 122 205 204 -1 120 195 193 -1 122 195 120 -1 453 135 394 -1 453 136 135 -1 433 199 404 -1 433 200 199 -1 77 389 78 -1 77 379 389 -1 396 453 449 -1 453 396 445 -1 403 207 377 -1 403 79 207 -1 376 295 377 -1 376 454 295 -1 372 214 375 -1 211 214 372 -1 353 239 455 -1 353 241 239 -1 393 375 214 -1 375 393 455 -1 106 111 127 -1 106 446 111 -1 116 194 114 -1 116 189 194 -1 220 217 216 -1 223 217 220 -1 109 397 399 -1 109 398 397 -1 439 402 104 -1 402 439 440 -1 119 371 370 -1 371 119 368 -1 128 89 401 -1 128 87 89 -1 232 364 363 -1 364 232 231 -1 98 74 359 -1 74 98 236 -1 221 233 222 -1 366 233 221 -1 360 358 76 -1 360 354 358 -1 94 357 90 -1 94 160 357 -1 356 90 357 -1 91 90 356 -1 361 450 360 -1 361 435 450 -1 290 354 288 -1 290 355 354 -1 355 454 376 -1 290 454 355 -1 242 240 91 -1 242 142 240 -1 456 353 392 -1 353 456 143 -1 143 144 141 -1 143 456 144 -1 142 436 240 -1 142 141 436 -1 244 350 245 -1 442 350 244 -1 71 125 150 -1 123 125 71 -1 349 347 249 -1 349 133 347 -1 148 346 251 -1 148 391 346 -1 457 152 251 -1 154 152 457 -1 458 155 102 -1 458 254 155 -1 253 458 459 -1 253 254 458 -1 347 448 460 -1 133 448 347 -1 251 348 457 -1 251 346 348 -1 460 348 347 -1 460 459 348 -1 428 344 461 -1 344 428 427 -1 461 462 428 -1 462 461 463 -1 186 181 318 -1 186 59 181 -1 464 461 465 -1 464 463 461 -1 461 324 465 -1 461 344 324 -1 451 270 343 -1 269 270 451 -1 169 177 175 -1 171 177 169 -1 21 176 173 -1 21 269 176 -1 56 381 55 -1 56 417 381 -1 365 23 274 -1 365 466 23 -1 284 386 9 -1 386 284 282 -1 14 290 289 -1 290 14 454 -1 332 17 19 -1 17 332 297 -1 4 332 302 -1 4 3 332 -1 333 387 302 -1 410 387 333 -1 80 330 326 -1 80 83 330 -1 329 326 327 -1 329 80 326 -1 20 46 327 -1 46 20 8 -1 382 323 306 -1 467 323 382 -1 311 310 312 -1 309 310 311 -1 322 312 310 -1 468 312 322 -1 322 65 33 -1 322 321 65 -1 317 320 183 -1 317 468 320 -1 464 317 318 -1 313 317 464 -1 323 465 324 -1 465 323 314 -1 311 323 467 -1 323 311 314 -1 465 313 464 -1 314 313 465 -1 409 320 33 -1 409 319 320 -1 468 33 320 -1 33 468 322 -1 468 313 312 -1 468 317 313 -1 467 309 311 -1 467 308 309 -1 308 382 179 -1 382 308 467 -1 469 49 261 -1 469 329 49 -1 330 13 331 -1 296 13 330 -1 410 336 387 -1 12 336 410 -1 345 304 305 -1 304 345 434 -1 294 454 14 -1 454 294 295 -1 35 166 164 -1 35 338 166 -1 435 285 450 -1 285 435 36 -1 34 273 412 -1 272 273 34 -1 22 274 23 -1 22 272 274 -1 416 42 45 -1 42 416 161 -1 466 270 23 -1 466 342 270 -1 171 172 177 -1 171 271 172 -1 175 469 169 -1 175 452 469 -1 269 174 176 -1 269 451 174 -1 463 318 181 -1 464 318 463 -1 462 181 58 -1 462 463 181 -1 427 307 344 -1 427 61 307 -1 200 434 345 -1 434 200 433 -1 459 457 348 -1 459 458 457 -1 257 460 448 -1 257 256 460 -1 256 459 460 -1 459 256 253 -1 154 458 102 -1 458 154 457 -1 249 391 250 -1 391 249 346 -1 73 443 438 -1 443 73 151 -1 437 244 406 -1 244 437 442 -1 153 443 151 -1 443 153 247 -1 124 141 125 -1 141 124 436 -1 150 456 147 -1 150 144 456 -1 147 392 390 -1 392 147 456 -1 238 376 210 -1 355 376 238 -1 360 288 354 -1 360 450 288 -1 75 236 235 -1 74 236 75 -1 399 441 400 -1 399 397 441 -1 364 223 222 -1 223 364 217 -1 466 221 219 -1 466 365 221 -1 223 219 221 -1 220 219 223 -1 218 216 192 -1 218 220 216 -1 390 214 213 -1 393 214 390 -1 209 455 239 -1 209 375 455 -1 455 392 353 -1 455 393 392 -1 377 293 403 -1 377 295 293 -1 134 453 394 -1 449 453 134 -1 206 380 130 -1 206 205 380 -1 202 204 206 -1 202 157 204 -1 199 158 388 -1 199 198 158 -1 195 159 191 -1 195 204 159 -1 193 189 120 -1 194 189 193 -1 380 187 131 -1 380 121 187 -1 444 446 447 -1 444 111 446 -1 187 447 188 -1 187 444 447 -1 342 219 196 -1 342 466 219 -1 54 412 273 -1 412 54 50 -1 469 81 329 -1 469 452 81 -1 174 452 175 -1 303 452 174 -1 168 271 171 -1 268 271 168 -1 261 169 469 -1 170 169 261 -1 83 296 330 -1 405 296 83 -1 343 305 451 -1 305 343 345 -1 167 279 408 -1 279 167 165 -1 285 11 291 -1 285 164 11 -1 44 162 414 -1 41 162 44 -1 426 431 430 -1 425 431 426 -1 419 424 432 -1 424 419 423 -1 29 64 66 -1 28 64 29 -1 378 199 388 -1 378 404 199 -1 180 382 63 -1 180 179 382 -1 250 212 248 -1 212 250 213 -1 401 155 252 -1 89 155 401 -1 349 134 133 -1 449 134 349 -1 255 447 446 -1 447 255 257 -1 104 252 105 -1 104 402 252 -1 150 72 71 -1 150 149 72 -1 390 250 391 -1 390 213 250 -1 137 138 202 -1 140 138 137 -1 396 373 445 -1 373 396 212 -1 139 374 78 -1 139 395 374 -1 190 111 444 -1 190 112 111 -1 440 400 441 -1 440 439 400 -1 351 247 246 -1 247 351 350 -1 438 442 437 -1 438 443 442 -1 364 370 369 -1 364 231 370 -1 108 114 217 -1 115 114 108 -1 116 110 112 -1 113 110 116 -1 128 441 129 -1 128 440 441 -1 104 127 439 -1 104 106 127 -1 71 438 123 -1 73 438 71 -1 406 124 437 -1 406 436 124 -1 101 146 246 -1 101 103 146 -1 160 358 357 -1 160 359 358 -1 359 99 98 -1 359 160 99 -1 156 88 145 -1 88 156 89 -1 90 84 94 -1 92 84 90 -1 93 227 99 -1 93 228 227 -1 100 232 362 -1 97 232 100 -1 75 366 361 -1 75 233 366 -1 434 293 292 -1 293 434 433 -1 378 79 403 -1 79 378 77 -1 57 414 162 -1 414 57 259 -1 58 265 462 -1 341 265 58 -1 277 65 321 -1 66 65 277 -1 315 420 418 -1 315 32 420 -1 432 184 319 -1 430 184 432 -1 316 431 415 -1 316 185 431 -1 180 429 178 -1 429 180 325 -1 61 262 62 -1 427 262 61 -1 265 428 462 -1 265 264 428 -1 260 258 263 -1 258 260 261 -1 416 182 161 -1 416 24 182 -1 383 2 337 -1 383 7 2 -1 267 263 266 -1 260 263 267 -1 417 425 381 -1 425 417 413 -1 275 426 424 -1 275 340 426 -1 30 421 28 -1 421 30 39 -1 52 338 412 -1 52 280 338 -1 423 339 276 -1 423 422 339 -1 420 31 64 -1 420 32 31 -1 34 338 35 -1 412 338 34 -1 421 339 422 -1 39 339 421 -1 26 22 21 -1 25 22 26 -1 416 27 24 -1 416 56 27 -1 44 417 45 -1 44 413 417 -1 415 259 316 -1 259 415 414 -1 283 385 282 -1 385 283 384 -1 333 20 328 -1 19 20 333 -1 301 286 334 -1 286 301 387 -1 384 18 15 -1 283 18 384 -1 298 5 335 -1 3 5 298 -1 287 387 336 -1 286 387 287 -1' creaseAngle='1.571'>
            <Coordinate DEF='rmet4_Coord' point='-4.0194 0.498 1.0443 -4.0141 0.4955 1.0366 -4.0226 0.4732 1.0537 -4.0273 0.6182 0.9825 -4.0217 0.6307 0.9753 -4.0197 0.6138 0.9638 -4.0566 0.5613 1.1113 -4.0685 0.5523 1.1287 -4.0052 0.648 1.2029 -3.8903 0.5958 0.8709 -3.9118 0.6363 0.8812 -3.8723 0.7228 0.7849 -3.8635 0.8409 0.8508 -3.8475 0.8631 0.8636 -3.8026 1.025 0.5791 -4.0329 0.5359 1.0316 -4.0501 0.5601 1.0984 -4.0438 0.5742 1.0762 -4.024 0.5047 1.0389 -3.988 0.6738 1.1124 -3.9797 0.6773 1.1384 -3.6973 0.6853 0.8189 -3.7023 0.6752 0.8056 -3.636 0.8429 0.547 -3.6929 0.5148 0.937 -3.6978 0.5693 0.8778 -3.6906 0.5752 0.8931 -3.7057 0.5103 0.9233 -3.8998 0.4066 0.8467 -3.9214 0.4271 0.9139 -3.88 0.4194 0.8441 -3.9259 0.3649 0.8558 -3.9141 0.3609 0.8507 -3.9498 0.33 0.9234 -3.7775 0.6248 0.737 -3.7981 0.6306 0.7375 -3.7474 0.793 0.4864 -3.7268 0.7837 0.4839 -3.8685 0.4313 0.8415 -3.8682 0.4157 0.8387 -3.8604 0.4251 0.8416 -3.667 0.4488 1.0055 -3.6677 0.4685 0.984 -3.6952 0.47 1.0721 -3.6774 0.4149 0.9556 -3.6814 0.4442 0.9481 -3.9612 0.6832 1.2404 -3.9705 0.6741 1.2605 -3.8988 0.6782 1.286 -3.8882 0.6917 1.2667 -3.7995 0.4802 0.8492 -3.8486 0.4305 0.8434 -3.831 0.4623 0.8374 -3.8024 0.4556 0.8692 -3.7571 0.5026 0.8757 -3.7587 0.4754 0.8904 -3.7071 0.4837 0.9316 -3.6699 0.4002 1.031 -3.7016 0.3837 1.1532 -3.7098 0.3352 1.0832 -3.9248 0.6775 1.3 -3.8309 0.6162 1.3538 -3.8153 0.6242 1.3377 -3.9383 0.6651 1.3136 -3.9174 0.3908 0.8469 -3.9589 0.3709 0.8973 -3.9527 0.3926 0.8985 -4.0909 0.4405 1.0972 -4.1181 0.5287 1.1796 -4.1051 0.5375 1.1612 -4.1056 0.423 1.1068 -3.4952 1.4289 -0.916 -3.4713 1.4383 -0.9333 -3.4858 1.4099 -0.9207 -3.496 1.0424 -0.3924 -3.4859 1.0031 -0.303 -3.5233 1.0445 -0.3133 -3.4155 1.5481 -0.1212 -3.3821 1.6517 -0.2399 -3.4476 1.5662 -0.1312 -3.8244 0.8182 1.1361 -3.7866 0.8094 1.1412 -3.7691 0.8405 1.0388 -3.7961 0.843 1.0331 -3.4832 1.2483 -0.5327 -3.4748 1.2616 -0.5728 -3.4229 1.2009 -0.571 -3.1928 1.0909 -0.78 -3.2399 1.1283 -0.7773 -3.1751 1.0996 -0.8701 -3.5372 1.281 -0.4396 -3.5538 1.3321 -0.3874 -3.538 1.2967 -0.4603 -3.4008 1.1741 -0.5599 -3.4799 1.2174 -0.4983 -3.3261 1.0445 -0.6351 -3.2482 1.0569 -0.6899 -3.3211 1.0273 -0.6152 -3.4105 1.0799 -0.5607 -3.4089 1.1062 -0.5702 -3.3425 1.0335 -0.607 -3.2643 1.1385 -0.8871 -3.2441 1.1461 -0.8955 -3.2537 1.1289 -0.8773 -3.0082 1.1509 -0.7986 -3.003 1.1913 -0.8157 -2.9896 1.1742 -0.7854 -3.1161 1.0374 -0.5568 -3.2153 1.0171 -0.452 -3.1308 1.0159 -0.5737 -3.0462 1.1915 -0.6286 -3.0217 1.2203 -0.6528 -3.039 1.2203 -0.6149 -3.0732 1.1634 -0.5886 -3.1054 1.1143 -0.4841 -3.1014 1.0968 -0.5107 -3.0669 1.1894 -0.5702 -3.2293 1.0841 -0.7374 -3.2079 1.0744 -0.7469 -3.2187 1.0509 -0.6968 -3.0688 1.3453 -0.4883 -3.0858 1.3947 -0.5414 -3.0872 1.3895 -0.4811 -3.5291 1.4316 -0.8446 -3.5457 1.4234 -0.8025 -3.5501 1.4869 -0.8042 -3.074 1.1232 -0.6531 -3.0725 1.1391 -0.6923 -3.1415 1.0821 -0.7428 -3.1558 1.0569 -0.7075 -3.1091 1.5369 -0.5335 -3.1252 1.4925 -0.5726 -3.1193 1.5535 -0.6446 -3.1316 1.559 -0.6621 -3.1393 1.5746 -0.6447 -3.1582 1.5428 -0.4064 -3.2479 1.6429 -0.4215 -3.2609 1.5317 -0.2309 -3.3335 1.5691 -0.1743 -3.3631 1.6576 -0.2437 -3.3206 1.5792 -0.2006 -3.5932 1.4803 -0.7148 -3.5952 1.4528 -0.5696 -3.5764 1.5306 -0.6761 -3.5596 1.5177 -0.7944 -3.2716 1.1369 -0.8166 -3.2971 1.149 -0.8256 -3.4791 1.6038 -0.8496 -3.4601 1.5886 -0.8579 -3.4799 1.5429 -0.8911 -3.515 1.5431 -0.8654 -3.4456 1.3819 -0.9091 -3.4368 1.3975 -0.9284 -3.3508 1.2512 -0.9054 -3.334 1.2722 -0.91 -3.1735 1.1208 -0.8867 -3.2034 1.1077 -0.8765 -3.2524 1.4366 -0.2427 -3.2864 1.3163 -0.1069 -3.2128 1.3752 -0.2383 -3.4692 1.1655 -0.476 -3.6729 0.4842 0.9786 -3.6673 0.4233 1.0296 -3.872 0.5889 0.857 -3.8373 0.663 0.7565 -3.8806 0.4859 0.8809 -3.8502 0.5664 0.8373 -3.907 0.5007 0.9191 -3.7447 0.5339 1.1391 -3.7136 0.6446 1.1595 -3.7499 0.5832 1.2015 -3.7296 0.5853 1.0884 -3.6922 0.6119 0.9575 -3.6935 0.6308 0.9172 -3.7187 0.7534 1.0037 -3.708 0.7106 1.0854 -3.7067 0.6974 0.9627 -3.7129 0.6584 1.0186 -4.0531 0.6314 1.2572 -4.0569 0.6138 1.2709 -3.9947 0.6634 1.2887 -3.7431 0.3278 1.1558 -3.6775 0.5178 0.9655 -3.8159 0.2825 0.9825 -3.7733 0.3194 0.9409 -3.7164 0.3397 0.9313 -3.734 0.3006 1.039 -3.0757 1.4103 -0.5744 -3.0268 1.4646 -0.6381 -3.0497 1.2574 -0.5288 -3.0423 1.2879 -0.5802 -3.1616 1.2479 -0.2491 -3.1484 1.1702 -0.3073 -3.1094 1.2752 -0.4238 -3.0727 1.1921 -0.4679 -3.1233 1.359 -0.4191 -3.3666 1.1461 0.0268 -3.2459 1.1964 -0.1287 -3.3767 1.2421 0.0461 -3.4316 1.3601 0.068 -3.5061 1.2359 0.2784 -3.4818 1.1633 0.2521 -3.2581 1.5099 -0.2169 -3.3206 1.4765 -0.1749 -3.1662 1.4517 -0.4068 -3.1515 1.4684 -0.4423 -3.1464 1.5178 -0.4078 -3.4984 1.5648 -0.1481 -3.4407 1.6315 -0.2933 -3.4804 1.5859 -0.3884 -3.5258 1.4881 -0.215 -3.3471 1.73 -0.5846 -3.3161 1.7418 -0.6679 -3.383 1.7298 -0.6944 -3.4069 1.7058 -0.6431 -3.083 1.0761 -0.6256 -3.1832 1.0845 -0.3797 -3.2394 1.0276 -0.3994 -3.2717 1.1237 -0.1623 -3.4033 1.0613 0.0025 -3.3045 1.0775 -0.1796 -3.4923 0.9624 -0.0501 -3.4092 0.9822 -0.2586 -3.3573 1.0063 -0.2013 -3.3755 1.1817 -0.6743 -3.3433 1.1849 -0.6333 -3.2687 1.1386 -0.7327 -3.312 1.1149 -0.6449 -3.3273 1.1715 -0.6131 -3.2945 1.1484 -0.7633 -3.3152 1.1567 -0.785 -3.2848 1.0199 -0.5854 -3.3369 0.998 -0.5678 -3.4661 0.9857 -0.297 -3.3962 0.9717 -0.4441 -3.4171 0.9859 -0.4528 -3.4352 1.0149 -0.4794 -3.3754 0.9955 -0.5422 -3.5477 1.4008 -0.2561 -3.4992 1.5487 -0.4385 -3.5729 1.3788 -0.576 -3.5703 1.5163 -0.5145 -3.5807 1.4393 -0.4151 -3.4732 1.2698 -0.5905 -3.4661 1.3192 -0.7001 -3.3787 1.189 -0.6934 -3.3073 1.1575 -0.8365 -3.3542 1.2445 -0.8336 -3.3024 1.7345 -0.6775 -3.2849 1.6288 -0.7076 -3.3724 1.7237 -0.7045 -3.4025 1.4993 -0.869 -3.0871 1.1282 -0.8571 -3.0577 1.2349 -0.7933 -3.1388 1.1641 -0.8494 -2.9677 1.2555 -0.7433 -2.9994 1.2929 -0.7365 -2.9654 1.3394 -0.7 -3.8089 0.6342 1.297 -3.6774 0.3555 0.9741 -3.7842 0.5357 1.2322 -3.7967 0.6378 1.2684 -3.7981 0.5352 1.3362 -3.7926 0.5183 1.2536 -3.7834 0.4492 1.297 -3.7685 0.3982 1.2461 -3.7599 0.4672 1.1967 -3.7599 0.4987 1.185 -3.7091 0.4973 1.0858 -3.7 0.7436 0.8966 -3.6147 0.9162 0.6034 -3.7019 0.544 1.0307 -3.7467 0.6339 0.7517 -3.741 0.5535 0.8261 -3.6789 0.7925 0.4877 -3.8275 0.4105 0.8746 -3.8462 0.4098 0.847 -4.0261 0.3981 0.9765 -3.9612 0.4316 0.9722 -3.9096 0.456 0.9195 -3.8477 0.4701 0.8359 -3.8614 0.4445 0.8409 -3.9419 0.5332 0.9309 -4.0194 0.5026 1.0323 -3.9261 0.5208 0.9245 -3.771 0.8387 0.5001 -3.9687 0.6994 0.9024 -3.9094 0.7806 0.8088 -3.6811 1.0822 0.1708 -3.8168 0.9452 0.55 -3.6826 1.1595 0.1767 -3.7982 0.8933 0.5245 -3.7085 1.0818 0.6263 -3.5747 1.275 0.2755 -3.7549 1.0645 0.6079 -3.6246 1.2726 0.2505 -3.8184 0.8972 0.8835 -4.037 0.5969 1.0353 -4.0321 0.5719 1.0075 -3.9889 0.568 0.9455 -3.9806 0.6103 0.9234 -4.0009 0.6801 0.9446 -3.9977 0.679 0.9964 -3.755 0.8259 1.0384 -3.7462 0.887 0.9268 -3.7418 0.8751 0.9334 -3.9566 0.5723 1.3533 -3.8683 0.5901 1.3645 -4.1285 0.5004 1.2289 -4.1345 0.3966 1.1715 -4.106 0.3623 1.1201 -4.0972 0.3659 1.2304 -4.0599 0.3154 1.1635 -3.9524 0.2726 1.1966 -3.997 0.3556 1.2833 -3.891 0.3507 0.8539 -3.6858 0.348 0.96 -3.9094 0.2558 1.1108 -3.8216 0.2647 1.1334 -3.8677 0.3194 0.9039 -3.8987 0.3046 0.9475 -4.034 0.3766 0.9769 -4.0304 0.3249 1.0147 -4.0102 0.4509 1.3314 -3.9385 0.4648 1.3555 -3.9793 0.6771 1.2758 -3.8765 0.8068 1.12 -3.9168 0.7477 1.1877 -3.92 0.7425 1.0833 -3.8532 0.7553 1.2272 -3.8362 0.8334 1.0214 -3.891 0.7846 0.9915 -4.013 0.639 1.0332 -3.9391 0.7275 1.0643 -3.999 0.6669 0.9312 -4.0229 0.5605 0.9935 -3.9074 0.7987 0.8189 -4.04 0.4578 1.0672 -3.8127 0.5371 0.8006 -3.8599 0.4094 0.8396 -3.7696 0.4222 0.9027 -3.701 0.4066 1.1594 -3.4854 1.0861 0.2205 -3.6283 0.991 0.6349 -3.8481 0.4978 1.3623 -3.6557 1.0419 0.6407 -3.3584 1.5854 -0.7848 -3.164 1.5063 -0.7155 -3.2247 1.4223 -0.7766 -3.2199 1.6578 -0.6561 -3.3602 1.2323 -0.792 -3.3257 1.1655 -0.7943 -3.5599 1.3606 -0.5937 -3.5344 1.5778 -0.6309 -3.6058 1.1787 -0.0403 -3.6184 1.262 -0.0169 -3.5654 1.2921 -0.2905 -3.5543 1.1914 -0.3244 -3.5518 1.1761 -0.3182 -3.4721 1.1486 -0.4636 -3.5897 1.0616 -0.0565 -3.5437 0.9824 -0.0601 -3.3616 1.0031 -0.5619 -3.351 0.9876 -0.5401 -3.2853 0.9951 -0.4545 -3.5579 0.9369 0.1466 -3.5225 0.9674 -0.0574 -3.5943 0.9262 0.1301 -3.1451 1.0263 -0.6637 -3.2348 0.9999 -0.477 -3.2563 1.0174 -0.5841 -3.1771 0.9965 -0.5913 -3.3723 1.6965 -0.4754 -3.3036 1.7457 -0.5427 -3.3355 1.7308 -0.4334 -3.4352 1.6607 -0.5506 -3.5996 1.3517 0.0152 -3.5506 1.3939 0.0592 -3.4524 1.4411 0.0075 -3.3888 1.5108 -0.1137 -3.1312 1.4756 -0.5341 -3.7422 0.4311 0.9003 -4.0238 0.5796 1.3096 -4.0816 0.5403 1.1403 -4.0223 0.5264 1.0172 -3.9638 0.5547 0.9341 -3.919 0.5982 0.8915 -3.9708 0.7113 0.9152 -3.3525 1.4526 -0.1049 -3.3642 1.5355 -0.157 -3.4246 1.6619 -0.7805 -3.4093 1.6497 -0.7915 -3.4888 1.6171 -0.7136 -3.4406 1.6555 -0.69 -3.1191 1.5618 -0.5312 -3.306 1.7192 -0.4272 -3.2926 1.7337 -0.66 -3.118 1.0349 -0.657 -3.15 1.001 -0.5856 -3.0967 1.0567 -0.6484 -3.0932 1.1002 -0.6727 -3.0992 1.0931 -0.8299 -3.0736 1.1013 -0.8191 -3.5034 1.405 0.0616 -3.4689 1.3927 0.0681 -3.7804 0.8962 0.9221 -3.5711 1.4036 -0.737 -4.022 0.6394 1.2238 -3.9474 0.46 0.975 -3.8803 0.3429 0.8622 -3.9119 0.766 0.9781 -3.9464 0.6036 0.9058 -3.7896 0.5343 0.7974 -3.6871 0.412 0.9411 -3.6761 0.3716 0.9571 -3.6846 0.3645 0.9439 -3.6935 0.4871 0.9452 -3.6933 0.4405 0.9343 -3.8706 0.3637 0.8478 -3.8575 0.3598 0.8563 -3.902 0.3787 0.8393 -3.8844 0.3966 0.8373 -3.8656 0.3841 0.8424 -3.8502 0.3822 0.8516 -3.8345 0.3826 0.8823 -3.7331 0.4041 0.9064 -3.7694 0.3928 0.9099 -3.8125 0.5279 1.3526 -3.7965 0.4354 1.311 -4.0413 0.6399 1.2414 -3.7722 0.3368 0.9259 -3.7184 0.3558 0.9174 -3.8494 0.3361 0.8953 -3.5404 1.2632 0.2827 -3.6762 1.0754 0.6315 -3.6221 0.9466 0.1288 -3.5821 1.4207 -0.7333 -3.5341 1.4072 -0.8068 -3.5158 1.4133 -0.8537 -3.091 1.1172 -0.706 -3.1189 1.0925 -0.7263 -3.1262 1.0699 -0.697 -3.4516 1.3545 -0.8091 -3.4465 1.3654 -0.8516 -3.024 1.2929 -0.6186 -3.2799 1.7367 -0.5418 -2.9639 1.2493 -0.7337 -2.9617 1.3355 -0.6888 -3.0267 1.462 -0.652 -3.2165 1.663 -0.6396 -3.6576 1.0104 0.1503 -3.7098 0.8 0.926 -3.7508 0.7803 1.1381 -3.2167 1.666 -0.5439 -3.669 1.2423 0.2065 -3.4609 1.6225 -0.5712 -3.5405 1.5644 -0.7534 -3.2873 1.322 -0.8577 -3.1994 1.2194 -0.8423 -3.1322 1.3118 -0.7757 -3.0744 1.3871 -0.7155 -3.8421 0.3983 1.3144 -3.7759 0.3752 1.2506 -3.8024 0.344 1.2469 -3.873 0.2828 1.214 -3.9286 0.3601 1.2985 -3.5054 1.0142 0.1905 -4.0918 0.4781 1.2902 -3.9867 0.2876 1.0592 -3.7629 0.7189 1.2216'/>
          </IndexedFaceSet>
        </Shape>
        <Shape DEF='rmet5'>
          <Appearance>
            <Material ambientIntensity='0.098' diffuseColor='1 0.9765 0.8667' emissiveColor='1 0 0' shininess='0.05' specularColor='0.349 0.349 0.349'/>
          </Appearance>
          <IndexedFaceSet DEF='rmet5_Geo' coordIndex='0 1 2 -1 3 4 5 -1 6 7 8 -1 9 10 11 -1 12 13 14 -1 15 16 17 -1 18 19 20 -1 21 22 23 -1 23 24 21 -1 25 26 27 -1 28 29 30 -1 31 32 33 -1 34 35 36 -1 36 37 34 -1 38 39 40 -1 38 35 39 -1 41 42 19 -1 41 43 42 -1 44 45 46 -1 46 47 44 -1 48 49 50 -1 49 51 50 -1 51 52 53 -1 51 54 52 -1 55 49 56 -1 49 57 56 -1 55 58 59 -1 55 56 58 -1 14 60 61 -1 14 13 60 -1 62 63 64 -1 62 65 63 -1 66 67 68 -1 66 69 67 -1 70 71 72 -1 71 65 72 -1 73 74 75 -1 74 76 75 -1 77 78 79 -1 77 80 81 -1 77 82 83 -1 77 84 85 -1 43 86 87 -1 43 88 86 -1 89 31 90 -1 91 92 93 -1 94 72 95 -1 96 97 70 -1 76 98 99 -1 100 101 102 -1 102 103 100 -1 104 36 105 -1 106 107 108 -1 109 110 111 -1 97 112 70 -1 32 23 22 -1 113 9 114 -1 9 115 114 -1 116 113 117 -1 113 114 117 -1 118 114 115 -1 118 119 114 -1 120 121 122 -1 123 4 3 -1 124 125 126 -1 127 128 129 -1 130 131 132 -1 132 133 130 -1 134 135 136 -1 134 137 135 -1 138 139 140 -1 141 142 16 -1 143 144 145 -1 144 146 145 -1 147 148 149 -1 148 150 149 -1 151 152 153 -1 152 154 153 -1 155 156 157 -1 158 159 160 -1 160 161 158 -1 162 163 164 -1 165 166 167 -1 168 169 170 -1 171 172 128 -1 173 174 175 -1 176 173 177 -1 176 174 173 -1 178 179 180 -1 181 182 177 -1 182 176 177 -1 159 183 184 -1 166 155 157 -1 185 186 187 -1 188 154 189 -1 190 191 162 -1 192 193 194 -1 195 190 196 -1 195 197 190 -1 153 198 150 -1 153 199 198 -1 191 190 197 -1 170 169 200 -1 169 201 200 -1 202 135 139 -1 203 204 205 -1 5 206 207 -1 208 209 127 -1 171 128 127 -1 5 181 3 -1 197 210 211 -1 212 192 213 -1 212 214 192 -1 215 188 216 -1 215 199 188 -1 217 182 218 -1 217 219 182 -1 220 221 222 -1 222 223 220 -1 224 225 1 -1 0 226 227 -1 219 228 229 -1 229 230 219 -1 231 170 232 -1 233 124 202 -1 202 139 233 -1 234 235 236 -1 235 237 236 -1 238 120 239 -1 238 240 120 -1 226 121 241 -1 122 242 120 -1 243 244 245 -1 224 160 225 -1 224 161 160 -1 246 247 1 -1 170 231 168 -1 238 248 186 -1 186 240 238 -1 242 239 120 -1 249 250 251 -1 249 252 250 -1 124 132 253 -1 205 254 203 -1 255 256 147 -1 198 257 258 -1 259 260 261 -1 259 201 260 -1 262 263 264 -1 189 265 266 -1 176 222 174 -1 176 230 222 -1 267 268 152 -1 16 269 17 -1 16 270 269 -1 3 177 123 -1 271 272 273 -1 271 274 272 -1 275 276 277 -1 275 278 276 -1 279 275 280 -1 279 281 275 -1 138 282 252 -1 126 202 124 -1 283 206 5 -1 127 284 285 -1 209 286 127 -1 287 36 104 -1 288 289 290 -1 290 291 288 -1 107 42 108 -1 292 33 107 -1 106 108 293 -1 82 85 86 -1 85 11 86 -1 91 74 294 -1 294 92 91 -1 9 85 84 -1 9 11 85 -1 119 67 295 -1 119 63 67 -1 296 69 297 -1 296 298 69 -1 299 66 300 -1 299 301 66 -1 101 51 53 -1 101 100 51 -1 302 303 304 -1 302 103 303 -1 305 277 276 -1 305 306 277 -1 307 308 309 -1 308 310 309 -1 311 39 35 -1 312 311 34 -1 312 307 311 -1 313 312 314 -1 37 36 287 -1 315 316 58 -1 54 55 59 -1 317 61 318 -1 45 44 319 -1 320 321 322 -1 323 324 325 -1 37 291 290 -1 37 287 291 -1 311 35 34 -1 326 38 40 -1 327 328 329 -1 327 330 328 -1 331 332 308 -1 332 333 308 -1 310 306 334 -1 306 305 334 -1 332 335 333 -1 335 336 333 -1 100 103 302 -1 337 338 300 -1 302 51 100 -1 302 50 51 -1 339 340 341 -1 66 68 300 -1 68 337 300 -1 342 269 343 -1 342 296 269 -1 71 344 345 -1 71 346 344 -1 63 119 64 -1 116 347 348 -1 116 117 347 -1 349 350 351 -1 351 352 349 -1 353 354 355 -1 355 356 353 -1 353 314 354 -1 18 357 358 -1 358 19 18 -1 127 285 359 -1 127 286 171 -1 278 360 276 -1 278 361 360 -1 4 123 362 -1 123 363 362 -1 123 173 364 -1 123 177 173 -1 365 366 367 -1 368 369 370 -1 369 371 370 -1 151 267 152 -1 151 372 267 -1 265 373 266 -1 373 374 266 -1 375 261 376 -1 375 262 261 -1 201 259 200 -1 257 198 199 -1 199 215 257 -1 256 377 270 -1 256 255 377 -1 197 378 210 -1 197 195 378 -1 187 156 185 -1 379 327 380 -1 380 381 379 -1 382 383 384 -1 384 385 382 -1 234 386 178 -1 168 387 169 -1 387 388 169 -1 212 2 389 -1 190 243 245 -1 190 162 243 -1 164 165 162 -1 390 375 391 -1 390 392 375 -1 393 379 332 -1 379 335 332 -1 167 380 327 -1 327 329 167 -1 184 183 394 -1 175 364 173 -1 175 395 364 -1 396 397 398 -1 217 170 399 -1 217 232 170 -1 183 159 158 -1 223 222 230 -1 217 218 400 -1 400 232 217 -1 372 148 143 -1 372 151 148 -1 258 378 195 -1 5 207 401 -1 236 383 382 -1 203 254 402 -1 359 208 127 -1 402 403 203 -1 131 253 132 -1 193 404 194 -1 404 405 194 -1 211 191 197 -1 211 163 191 -1 163 406 389 -1 163 211 406 -1 149 258 195 -1 195 255 149 -1 191 163 162 -1 255 196 377 -1 156 187 157 -1 163 389 407 -1 389 247 407 -1 158 166 183 -1 158 155 166 -1 156 227 185 -1 408 246 160 -1 246 225 160 -1 225 246 1 -1 181 218 182 -1 181 409 218 -1 384 285 284 -1 389 214 212 -1 394 163 407 -1 394 164 163 -1 152 268 410 -1 410 154 152 -1 147 149 255 -1 410 411 265 -1 133 132 412 -1 129 284 127 -1 253 125 124 -1 3 181 177 -1 4 283 5 -1 118 115 109 -1 109 6 118 -1 81 80 413 -1 413 110 81 -1 86 414 82 -1 414 83 82 -1 27 26 415 -1 416 72 94 -1 417 418 350 -1 350 349 417 -1 12 14 419 -1 32 20 19 -1 38 326 105 -1 75 76 420 -1 76 99 420 -1 91 41 421 -1 304 303 422 -1 8 423 6 -1 93 88 91 -1 424 11 10 -1 43 41 88 -1 41 91 88 -1 77 85 82 -1 77 83 80 -1 77 81 78 -1 77 79 84 -1 413 93 92 -1 92 110 413 -1 91 76 74 -1 425 96 70 -1 95 423 8 -1 8 94 95 -1 111 92 294 -1 426 427 60 -1 60 13 426 -1 428 337 344 -1 429 430 338 -1 318 59 58 -1 291 27 288 -1 27 415 288 -1 44 426 431 -1 107 33 32 -1 36 35 38 -1 289 354 290 -1 354 314 290 -1 38 105 36 -1 292 107 106 -1 32 22 20 -1 300 338 430 -1 34 314 312 -1 118 64 119 -1 88 414 86 -1 110 92 111 -1 244 432 433 -1 348 434 116 -1 348 435 434 -1 255 195 196 -1 165 183 166 -1 348 432 435 -1 433 432 348 -1 69 301 297 -1 69 66 301 -1 436 23 89 -1 436 24 23 -1 300 437 299 -1 300 430 437 -1 438 439 440 -1 441 439 438 -1 357 21 442 -1 21 357 18 -1 443 444 445 -1 446 444 443 -1 447 448 449 -1 447 450 448 -1 101 46 102 -1 47 46 101 -1 289 106 354 -1 292 106 289 -1 34 290 314 -1 290 34 37 -1 415 33 288 -1 415 31 33 -1 104 323 287 -1 324 323 104 -1 27 287 323 -1 27 291 287 -1 322 326 320 -1 322 105 326 -1 451 452 48 -1 451 453 452 -1 44 427 426 -1 44 47 427 -1 317 417 29 -1 317 316 417 -1 418 454 97 -1 315 454 418 -1 428 346 455 -1 428 344 346 -1 64 95 62 -1 95 64 423 -1 7 294 456 -1 294 7 111 -1 72 425 70 -1 72 416 425 -1 93 414 88 -1 93 413 414 -1 86 424 87 -1 11 424 86 -1 424 355 293 -1 424 10 355 -1 457 422 458 -1 457 304 422 -1 428 338 337 -1 428 453 338 -1 339 458 422 -1 339 341 458 -1 459 12 460 -1 12 459 431 -1 52 427 53 -1 427 52 60 -1 461 319 459 -1 461 321 319 -1 91 98 76 -1 91 421 98 -1 351 75 420 -1 425 75 351 -1 462 324 463 -1 462 325 324 -1 28 14 29 -1 419 14 28 -1 47 53 427 -1 47 101 53 -1 464 465 313 -1 464 466 465 -1 379 330 327 -1 330 379 393 -1 31 26 90 -1 26 31 415 -1 413 83 414 -1 413 80 83 -1 6 111 7 -1 6 109 111 -1 298 117 295 -1 298 347 117 -1 467 468 284 -1 468 467 469 -1 470 469 471 -1 470 468 469 -1 129 472 473 -1 129 128 472 -1 474 475 476 -1 477 475 474 -1 372 478 267 -1 372 479 478 -1 220 267 478 -1 220 268 267 -1 408 394 407 -1 184 394 408 -1 480 359 383 -1 480 208 359 -1 209 480 207 -1 209 208 480 -1 481 178 180 -1 234 178 481 -1 161 227 156 -1 161 224 227 -1 165 394 183 -1 165 164 394 -1 0 224 1 -1 227 224 0 -1 192 482 193 -1 192 214 482 -1 406 214 389 -1 482 214 406 -1 391 404 483 -1 404 391 405 -1 411 373 265 -1 373 411 484 -1 228 397 229 -1 398 397 228 -1 260 213 485 -1 388 213 260 -1 390 188 189 -1 188 390 216 -1 200 399 170 -1 200 486 399 -1 487 136 126 -1 476 136 487 -1 474 402 472 -1 403 402 474 -1 204 471 469 -1 471 204 488 -1 402 473 472 -1 473 402 254 -1 477 172 489 -1 477 128 172 -1 386 385 490 -1 382 385 386 -1 204 491 488 -1 204 203 491 -1 236 480 383 -1 237 480 236 -1 492 366 370 -1 367 366 492 -1 493 145 368 -1 493 479 145 -1 494 404 495 -1 494 483 404 -1 168 496 387 -1 168 180 496 -1 231 400 481 -1 231 232 400 -1 374 397 396 -1 374 373 397 -1 175 222 221 -1 175 174 222 -1 364 497 498 -1 395 497 364 -1 179 121 499 -1 179 122 121 -1 500 479 493 -1 478 479 500 -1 141 369 146 -1 141 501 369 -1 441 15 439 -1 16 15 441 -1 356 464 353 -1 356 502 464 -1 503 330 466 -1 503 328 330 -1 282 250 252 -1 282 504 250 -1 505 273 272 -1 505 492 273 -1 248 187 186 -1 506 187 248 -1 379 507 335 -1 379 381 507 -1 508 251 509 -1 508 506 251 -1 263 375 392 -1 263 262 375 -1 277 333 336 -1 306 333 277 -1 217 228 219 -1 399 228 217 -1 165 243 162 -1 243 165 167 -1 240 185 241 -1 240 186 185 -1 122 178 386 -1 178 122 179 -1 386 242 122 -1 386 490 242 -1 508 380 157 -1 508 381 380 -1 506 249 251 -1 248 249 506 -1 242 133 239 -1 130 133 242 -1 385 284 468 -1 384 284 385 -1 507 279 280 -1 509 279 507 -1 245 196 190 -1 245 377 196 -1 270 343 269 -1 270 377 343 -1 510 378 511 -1 510 210 378 -1 482 510 495 -1 482 406 510 -1 494 257 215 -1 494 511 257 -1 194 376 485 -1 376 194 405 -1 401 235 409 -1 235 401 237 -1 392 374 263 -1 266 374 392 -1 263 396 264 -1 263 374 396 -1 176 219 230 -1 176 182 219 -1 493 365 500 -1 493 366 365 -1 144 148 147 -1 148 144 143 -1 371 501 512 -1 501 371 369 -1 438 271 512 -1 361 271 438 -1 371 492 370 -1 371 273 492 -1 175 367 395 -1 175 365 367 -1 475 363 134 -1 362 363 475 -1 363 137 134 -1 137 363 498 -1 395 513 497 -1 395 367 513 -1 505 138 513 -1 505 282 138 -1 281 278 275 -1 281 274 278 -1 491 403 487 -1 203 403 491 -1 323 25 27 -1 323 325 25 -1 442 24 514 -1 442 21 24 -1 329 432 244 -1 432 329 328 -1 434 503 502 -1 434 435 503 -1 313 353 464 -1 313 314 353 -1 515 421 358 -1 515 98 421 -1 99 516 420 -1 517 516 99 -1 74 456 294 -1 456 74 73 -1 347 433 348 -1 347 342 433 -1 113 434 518 -1 113 116 434 -1 115 78 109 -1 115 79 78 -1 6 64 118 -1 6 423 64 -1 345 337 68 -1 345 344 337 -1 70 346 71 -1 70 112 346 -1 452 428 455 -1 452 453 428 -1 360 437 340 -1 437 360 440 -1 50 304 457 -1 50 302 304 -1 55 51 49 -1 54 51 55 -1 339 305 340 -1 339 334 305 -1 326 102 46 -1 326 40 102 -1 306 308 333 -1 308 306 310 -1 465 332 331 -1 332 465 393 -1 303 310 334 -1 309 310 303 -1 309 103 39 -1 309 303 103 -1 322 463 324 -1 322 519 463 -1 320 319 321 -1 319 320 45 -1 463 520 462 -1 463 521 520 -1 461 522 519 -1 461 523 522 -1 459 44 431 -1 459 319 44 -1 460 524 523 -1 524 460 525 -1 526 522 527 -1 526 521 522 -1 515 357 444 -1 358 357 515 -1 445 527 443 -1 445 526 527 -1 525 450 524 -1 450 525 448 -1 30 352 449 -1 352 30 349 -1 517 447 516 -1 517 446 447 -1 446 515 444 -1 517 515 446 -1 449 516 447 -1 516 449 352 -1 318 316 317 -1 318 58 316 -1 318 60 52 -1 318 61 60 -1 56 315 58 -1 454 315 56 -1 448 419 28 -1 448 525 419 -1 524 443 527 -1 443 524 450 -1 445 514 526 -1 442 514 445 -1 521 514 520 -1 514 521 526 -1 523 527 522 -1 527 523 524 -1 419 460 12 -1 525 460 419 -1 460 461 459 -1 460 523 461 -1 521 519 522 -1 519 521 463 -1 313 331 312 -1 331 313 465 -1 39 307 309 -1 39 311 307 -1 312 308 307 -1 308 312 331 -1 276 340 305 -1 340 276 360 -1 457 48 50 -1 48 457 451 -1 455 57 452 -1 528 57 455 -1 296 17 269 -1 297 17 296 -1 72 62 95 -1 72 65 62 -1 295 69 298 -1 295 67 69 -1 78 110 109 -1 78 81 110 -1 518 9 113 -1 9 518 10 -1 433 343 244 -1 433 342 343 -1 73 94 456 -1 73 416 94 -1 420 352 351 -1 516 352 420 -1 517 98 515 -1 517 99 98 -1 87 293 108 -1 293 87 424 -1 288 292 289 -1 288 33 292 -1 43 108 42 -1 108 43 87 -1 502 518 434 -1 502 356 518 -1 435 328 503 -1 435 432 328 -1 356 10 518 -1 356 355 10 -1 24 520 514 -1 24 436 520 -1 421 19 358 -1 421 41 19 -1 489 206 283 -1 489 172 206 -1 125 487 126 -1 491 487 125 -1 139 252 233 -1 139 138 252 -1 250 281 279 -1 250 504 281 -1 277 280 275 -1 280 277 336 -1 274 361 278 -1 274 271 361 -1 504 274 281 -1 272 274 504 -1 513 492 505 -1 513 367 492 -1 138 497 513 -1 138 140 497 -1 363 364 498 -1 363 123 364 -1 512 273 371 -1 271 273 512 -1 361 440 360 -1 361 438 440 -1 270 142 256 -1 16 142 270 -1 142 147 256 -1 144 147 142 -1 221 365 175 -1 221 500 365 -1 229 223 230 -1 229 484 223 -1 398 264 396 -1 398 486 264 -1 392 189 266 -1 392 390 189 -1 486 259 264 -1 259 486 200 -1 376 260 485 -1 261 260 376 -1 376 391 375 -1 376 405 391 -1 511 495 510 -1 494 495 511 -1 406 210 510 -1 210 406 211 -1 511 258 257 -1 511 378 258 -1 377 244 343 -1 377 245 244 -1 253 491 125 -1 488 491 253 -1 252 412 233 -1 412 252 249 -1 250 509 251 -1 250 279 509 -1 280 335 507 -1 280 336 335 -1 242 470 130 -1 470 242 490 -1 249 238 412 -1 238 249 248 -1 234 382 386 -1 234 236 382 -1 157 167 166 -1 157 380 167 -1 212 388 387 -1 213 388 212 -1 244 167 329 -1 244 243 167 -1 401 181 5 -1 409 181 401 -1 264 261 262 -1 264 259 261 -1 509 381 508 -1 381 509 507 -1 157 506 508 -1 187 506 157 -1 272 282 505 -1 282 272 504 -1 502 466 464 -1 502 503 466 -1 301 439 15 -1 301 299 439 -1 16 501 141 -1 16 441 501 -1 146 368 145 -1 146 369 368 -1 227 241 185 -1 227 226 241 -1 499 226 0 -1 226 499 121 -1 240 121 120 -1 240 241 121 -1 238 133 412 -1 238 239 133 -1 124 412 132 -1 233 412 124 -1 140 498 497 -1 140 137 498 -1 220 484 411 -1 220 223 484 -1 407 246 408 -1 246 407 247 -1 478 221 220 -1 478 500 221 -1 481 168 231 -1 168 481 180 -1 2 387 496 -1 212 387 2 -1 483 215 216 -1 494 215 483 -1 193 495 404 -1 482 495 193 -1 493 370 366 -1 493 368 370 -1 477 362 475 -1 477 489 362 -1 362 283 4 -1 489 283 362 -1 490 468 470 -1 385 468 490 -1 480 401 207 -1 480 237 401 -1 473 205 467 -1 205 473 254 -1 488 131 471 -1 131 488 253 -1 205 469 467 -1 469 205 204 -1 403 476 487 -1 403 474 476 -1 202 136 135 -1 136 202 126 -1 154 265 189 -1 410 265 154 -1 485 192 194 -1 485 213 192 -1 388 201 169 -1 388 260 201 -1 399 398 228 -1 399 486 398 -1 373 229 397 -1 373 484 229 -1 483 390 391 -1 483 216 390 -1 198 149 150 -1 258 149 198 -1 153 188 199 -1 153 154 188 -1 2 247 389 -1 247 2 1 -1 481 235 234 -1 481 400 235 -1 235 218 409 -1 235 400 218 -1 180 499 496 -1 180 179 499 -1 359 384 383 -1 359 285 384 -1 286 207 206 -1 286 209 207 -1 172 286 206 -1 172 171 286 -1 496 0 2 -1 0 496 499 -1 160 184 408 -1 159 184 160 -1 156 158 161 -1 155 158 156 -1 150 151 153 -1 148 151 150 -1 142 146 144 -1 142 141 146 -1 479 143 145 -1 372 143 479 -1 411 268 220 -1 410 268 411 -1 137 139 135 -1 137 140 139 -1 476 134 136 -1 475 134 476 -1 477 472 128 -1 477 474 472 -1 473 284 129 -1 284 473 467 -1 130 471 131 -1 130 470 471 -1 296 347 298 -1 296 342 347 -1 295 114 119 -1 295 117 114 -1 84 115 9 -1 84 79 115 -1 89 32 31 -1 32 89 23 -1 466 393 465 -1 466 330 393 -1 528 56 57 -1 528 454 56 -1 29 349 30 -1 29 417 349 -1 430 340 437 -1 341 340 430 -1 325 529 25 -1 462 529 325 -1 425 350 96 -1 425 351 350 -1 350 97 96 -1 97 350 418 -1 519 321 461 -1 519 322 321 -1 431 13 12 -1 13 431 426 -1 334 422 303 -1 334 339 422 -1 341 429 458 -1 341 430 429 -1 451 458 429 -1 451 457 458 -1 462 436 529 -1 520 436 462 -1 354 293 355 -1 106 293 354 -1 65 345 63 -1 65 71 345 -1 416 75 425 -1 416 73 75 -1 63 68 67 -1 345 68 63 -1 8 456 94 -1 7 456 8 -1 528 97 454 -1 528 112 97 -1 455 112 528 -1 455 346 112 -1 417 315 418 -1 316 315 417 -1 61 29 14 -1 61 317 29 -1 453 429 338 -1 451 429 453 -1 48 57 49 -1 48 452 57 -1 52 59 318 -1 54 59 52 -1 104 322 324 -1 105 322 104 -1 46 320 326 -1 45 320 46 -1 19 107 32 -1 19 42 107 -1 103 40 39 -1 103 102 40 -1 449 28 30 -1 449 448 28 -1 450 446 443 -1 447 446 450 -1 442 444 357 -1 442 445 444 -1 441 512 501 -1 441 438 512 -1 440 299 437 -1 439 299 440 -1 90 25 529 -1 25 90 26 -1 18 22 21 -1 18 20 22 -1 529 89 90 -1 529 436 89 -1 297 15 17 -1 297 301 15 -1' creaseAngle='1.571'>
            <Coordinate DEF='rmet5_Coord' point='-3.655 1.3795 -0.9894 -3.6466 1.3892 -0.9804 -3.6358 1.3933 -0.9978 -3.6569 0.9651 -1.3999 -3.6852 0.9204 -1.4269 -3.6925 0.9905 -1.4985 -4.1352 0.5476 0.7152 -4.178 0.521 0.7517 -4.1401 0.4965 0.7242 -4.1066 0.7387 0.6956 -4.1514 0.7974 0.6548 -4.172 0.7652 0.7252 -4.3165 0.3512 0.5503 -4.2923 0.3591 0.5588 -4.2923 0.3337 0.6649 -3.6772 0.8696 -0.1415 -3.5984 0.9366 -0.3327 -3.6664 0.8942 -0.134 -4.4063 0.7275 0.8024 -4.3394 0.733 0.8242 -4.4007 0.7555 0.7718 -4.4342 0.7297 0.7786 -4.4149 0.7547 0.7589 -4.4343 0.7688 0.7227 -4.4644 0.7463 0.7068 -4.4287 0.8006 0.5214 -4.4064 0.8222 0.5329 -4.4057 0.8162 0.4648 -4.3082 0.339 0.7113 -4.253 0.3224 0.6956 -4.2794 0.3395 0.7351 -4.3852 0.8015 0.6494 -4.3929 0.7725 0.7351 -4.3607 0.8074 0.6563 -4.3591 0.727 0.3738 -4.3801 0.6154 0.3916 -4.3991 0.6139 0.4135 -4.3795 0.7292 0.3884 -4.3932 0.596 0.4054 -4.3199 0.5921 0.3356 -4.3236 0.576 0.3469 -4.2493 0.7111 0.8335 -4.32 0.7339 0.8036 -4.243 0.7219 0.8151 -4.3008 0.4094 0.4192 -4.3216 0.4429 0.3873 -4.3097 0.4652 0.3698 -4.2831 0.4202 0.4203 -4.1276 0.5096 0.521 -4.1611 0.4535 0.5641 -4.1622 0.5049 0.4522 -4.2027 0.4523 0.5183 -4.2268 0.4132 0.5705 -4.2172 0.4406 0.5163 -4.21 0.4207 0.5767 -4.1813 0.423 0.6069 -4.1626 0.419 0.6154 -4.1439 0.4521 0.5738 -4.2103 0.3748 0.6704 -4.2022 0.3967 0.6336 -4.2697 0.3696 0.562 -4.2695 0.3383 0.6617 -4.0514 0.5141 0.6378 -3.9549 0.5639 0.5674 -4.0628 0.5331 0.6437 -4.0268 0.4871 0.6356 -3.8265 0.6958 0.3403 -3.8863 0.6411 0.4726 -3.8901 0.6115 0.4539 -3.8207 0.7116 0.3526 -4.0643 0.4158 0.6841 -4.026 0.4615 0.6175 -4.0723 0.4413 0.6994 -4.1693 0.4863 0.8209 -4.2029 0.5619 0.8569 -4.1741 0.4688 0.8396 -4.2204 0.5567 0.8766 -4.144 0.6866 0.7775 -4.1388 0.6718 0.7746 -4.1289 0.678 0.7661 -4.1576 0.6815 0.7889 -4.1485 0.6718 0.7824 -4.1494 0.7013 0.7806 -4.1575 0.6899 0.7881 -4.1307 0.6967 0.7659 -4.1404 0.7022 0.7733 -4.2005 0.7551 0.7731 -4.2227 0.7631 0.7706 -4.2159 0.7018 0.8185 -4.4295 0.79 0.6431 -4.4242 0.7935 0.6271 -4.2072 0.6535 0.8472 -4.2006 0.6279 0.7917 -4.1987 0.6648 0.8179 -4.1337 0.4805 0.7277 -4.1049 0.4839 0.6965 -4.0867 0.4006 0.7188 -4.1043 0.3821 0.6718 -4.2961 0.5724 0.8916 -4.2894 0.5395 0.8885 -4.2246 0.4875 0.409 -4.2421 0.478 0.4083 -4.2741 0.5313 0.3508 -4.2583 0.5379 0.3388 -4.4659 0.6372 0.4505 -4.4499 0.5794 0.4297 -4.3013 0.7915 0.6656 -4.369 0.7682 0.7218 -4.2727 0.7757 0.7542 -4.153 0.5988 0.7375 -4.1805 0.6417 0.7821 -4.1996 0.5862 0.7736 -4.0759 0.412 0.6327 -4.0288 0.7841 0.5869 -3.9979 0.7163 0.5795 -4.0971 0.6437 0.7003 -3.9731 0.8196 0.5115 -3.9377 0.7634 0.5096 -4.083 0.5804 0.6648 -3.9873 0.6344 0.5653 -3.8451 1.2562 -1.0971 -3.777 1.3007 -1.0958 -3.8229 1.2375 -1.2505 -3.6997 0.9206 -1.333 -3.9736 0.9425 -1.1255 -3.9685 0.9508 -1.3022 -3.9171 0.8678 -1.3431 -3.8281 1.0325 -1.6138 -3.8431 0.9799 -1.5807 -3.8694 1.0292 -1.6048 -3.9952 1.1001 -1.281 -4.0201 1.0852 -1.2896 -4.0064 1.0621 -1.1134 -3.9892 1.0879 -1.1082 -3.8876 0.8748 -1.3466 -3.8763 0.8574 -1.1595 -3.9059 0.8634 -1.3446 -3.8596 0.8595 -1.1667 -3.8186 0.897 -0.9338 -3.8487 0.8752 -1.0452 -3.8341 0.8761 -1.0504 -3.5362 0.9585 -0.5155 -3.526 0.9867 -0.5029 -3.3889 1.005 -0.8143 -3.4505 0.9981 -0.6607 -3.4084 0.9771 -0.8225 -3.4633 0.9698 -0.6703 -3.4622 1.0632 -0.6236 -3.3898 1.0501 -0.805 -3.4535 1.1026 -0.5918 -3.3608 1.0741 -0.7881 -3.3647 1.0466 -0.9022 -3.3455 1.0321 -0.9955 -3.3291 1.0715 -0.9016 -3.3027 1.0693 -1.0074 -3.7965 1.2391 -0.5911 -3.7908 1.2679 -0.678 -3.8325 1.1899 -0.5289 -3.7824 1.2551 -0.589 -3.7615 1.2705 -0.5767 -3.7626 1.3118 -0.655 -3.7783 1.2844 -0.6714 -3.6816 1.2294 -0.4746 -3.6537 1.3106 -0.6391 -3.6978 1.2649 -0.5544 -3.7497 1.2247 -0.4876 -3.7698 1.2194 -0.4948 -3.8108 1.1623 -0.2994 -3.698 1.2833 -1.3093 -3.6704 1.3158 -1.333 -3.6509 1.2144 -1.4209 -3.8049 0.9805 -1.5854 -3.7998 0.9635 -1.5716 -3.6229 0.9438 -1.1988 -3.5817 0.9546 -1.1938 -3.5877 0.9405 -1.0854 -3.5934 0.9864 -1.3024 -3.6315 0.9668 -1.3073 -3.7693 1.2564 -1.3256 -3.7694 1.2618 -1.2807 -3.7364 1.2787 -1.2987 -3.6338 1.0069 -1.3795 -3.606 1.0235 -1.3616 -3.7594 1.2295 -0.498 -3.7393 1.2773 -0.5699 -3.7748 1.2852 -0.8866 -3.8248 1.2536 -0.8809 -3.8314 1.2228 -0.7031 -3.302 1.0962 -0.9931 -3.2992 1.0912 -1.0146 -3.6439 1.2141 -0.4168 -3.6505 1.2422 -0.4528 -3.5422 1.4381 -0.9933 -3.5224 1.4263 -0.969 -3.5184 1.4296 -0.9939 -3.5591 1.1693 -0.4609 -3.5867 1.1355 -0.4355 -3.6082 1.2437 -0.4564 -3.3628 1.1045 -0.7905 -3.3285 1.1021 -0.8948 -3.6291 1.2208 -1.4092 -3.6484 1.314 -1.3339 -3.888 0.8605 -1.155 -3.9361 0.9834 -1.52 -3.9666 1.0795 -1.5241 -3.9205 1.0725 -1.5979 -3.7412 0.9838 -1.5572 -3.7326 1.0509 -1.5584 -3.7902 1.0908 -1.5765 -3.7632 1.0498 -1.5846 -3.5641 1.2806 -0.6103 -3.6113 1.3173 -0.631 -3.5895 1.3916 -1.0316 -3.5681 1.434 -1.0672 -3.5665 1.4096 -0.9247 -3.3481 1.1388 -0.8969 -3.3163 1.1451 -0.9914 -3.6336 1.1243 -1.4092 -3.654 1.1078 -1.4164 -3.5726 1.0338 -1.3611 -3.3839 0.9893 -1.1094 -3.444 0.9613 -1.0815 -3.4879 0.9627 -1.1853 -3.4239 0.9764 -1.2062 -3.7182 1.3269 -0.8704 -3.699 1.378 -0.8509 -3.7379 1.3142 -0.9816 -3.7276 1.3143 -0.8819 -3.5436 1.0622 -1.3724 -3.4822 1.0194 -1.3083 -3.5327 1.0075 -1.3067 -3.6898 1.206 -1.4159 -3.6763 1.1955 -1.4239 -3.9499 0.946 -1.0073 -3.7555 1.1928 -1.4244 -3.7158 1.154 -1.446 -3.7702 1.1734 -1.4948 -3.7414 1.1369 -1.501 -3.9027 1.181 -0.9884 -3.9244 1.1958 -1.0875 -3.8281 1.2591 -0.9908 -3.7685 1.2956 -0.9919 -3.941 1.1816 -1.256 -3.7329 1.1537 -0.2489 -3.7633 1.0838 -0.0792 -3.7083 1.1408 -0.2416 -3.6707 1.3932 -0.8346 -3.6191 1.37 -0.8165 -3.8842 1.1685 -0.8894 -3.9318 1.055 -0.8805 -3.9073 0.9558 -0.7248 -3.9322 1.0526 -0.7277 -3.921 0.9584 -0.8892 -4.0223 1.0731 -1.292 -3.8948 1.0215 -1.6138 -3.5656 1.1275 -0.4628 -3.538 1.0744 -0.4767 -3.3855 1.131 -0.7911 -3.4517 1.1401 -0.5958 -3.5843 1.2565 -1.3285 -3.5935 1.3922 -1.1968 -3.5286 1.2981 -1.2046 -3.465 1.1931 -1.1958 -3.4348 1.1218 -1.1968 -3.5381 1.1594 -1.3262 -3.3445 1.0141 -1.1249 -3.3374 1.0502 -1.1042 -3.3643 1.0022 -0.9782 -3.3682 1.0091 -1.0679 -3.6616 0.9477 -0.121 -3.6098 1.0081 -0.3046 -3.697 0.8873 -0.5717 -3.757 0.8855 -0.7387 -3.6801 0.8996 -0.7481 -3.7603 0.8643 -0.5891 -3.8781 0.8549 -0.4596 -3.8904 0.785 -0.2094 -3.9655 0.8123 -0.2291 -3.805 0.8377 -0.4191 -3.9201 0.9619 -0.5904 -3.9363 0.9432 -0.4352 -3.8387 0.8679 -0.6053 -3.8189 0.8935 -0.8852 -3.7135 0.9518 -1.5035 -3.8985 1.0915 -1.5895 -3.8653 1.1092 -1.5818 -3.7696 0.9978 -1.5833 -4.4261 0.7321 0.4117 -4.3491 0.8354 0.5414 -4.3011 0.8109 0.5547 -4.329 0.7898 0.4341 -4.3917 0.8158 0.4515 -4.329 0.7921 0.6589 -4.2363 0.7871 0.6846 -4.2103 0.5811 0.7918 -3.9106 0.689 0.4851 -3.7284 0.868 0.1202 -3.7269 0.8192 0.0956 -3.8442 0.7606 0.3632 -3.7788 0.7569 0.0486 -3.8767 0.6836 0.3006 -3.7358 0.7975 0.0819 -4.1958 0.5013 0.3823 -4.2206 0.5746 0.2856 -4.1349 0.5544 0.3386 -3.9831 0.7067 -0.0465 -4.0533 0.7624 -0.0599 -4.3126 0.6774 0.2944 -4.2065 0.7602 0.1697 -4.2681 0.614 0.2827 -4.165 0.6936 0.145 -4.3567 0.6376 0.3528 -4.3143 0.7519 0.3349 -4.2491 0.8169 0.3756 -4.2976 0.7949 0.42 -4.1557 0.3565 0.6812 -4.2003 0.3345 0.6967 -4.2406 0.3299 0.6817 -4.2255 0.375 0.6605 -4.3372 0.4246 0.408 -4.3942 0.5115 0.3757 -4.414 0.4916 0.3999 -4.4616 0.571 0.4416 -4.4411 0.7312 0.4287 -4.4785 0.6439 0.4628 -4.4638 0.7191 0.4859 -4.3812 0.5374 0.3585 -3.9195 1.0727 -0.1307 -3.9433 0.9814 0.1186 -3.854 1.0773 -0.1092 -3.9932 0.9727 0.0834 -4.2133 0.8083 0.1942 -4.0811 0.9073 -0.0075 -4.0864 0.8387 -0.0382 -4.1119 0.6378 0.1499 -4.0136 0.9763 -0.2016 -4.0032 0.9013 -0.2282 -3.9197 0.5881 0.4238 -3.9903 0.6104 0.3997 -4.0339 0.6323 0.2045 -3.8993 0.7137 -0.0069 -3.9982 0.6444 0.2253 -3.7744 0.9166 0.1575 -3.6883 1.0079 -0.081 -3.9826 0.5217 0.5249 -3.9584 0.5345 0.5526 -4.0342 0.4557 0.5868 -3.8741 0.8225 0.3766 -3.9191 0.8605 0.3775 -4.2017 0.3471 0.7643 -4.1356 0.3633 0.7603 -4.1593 0.3994 0.8244 -4.2426 0.391 0.8226 -4.2313 0.8179 0.4815 -4.2709 0.8078 0.5627 -4.201 0.8027 0.6205 -4.1575 0.8303 0.5294 -4.4509 0.6608 0.83 -4.373 0.6825 0.8622 -3.8097 1.1272 -1.5677 -3.8136 0.7934 -0.1864 -3.7373 0.8618 -0.3947 -3.7868 0.8855 -1.4579 -3.7882 0.8747 -1.3634 -3.6939 0.913 -1.2098 -3.5753 0.931 -0.9748 -3.5746 0.9302 -0.923 -3.6852 0.9138 -0.9559 -3.4582 0.9333 -0.8432 -3.5036 0.9353 -0.6959 -3.5663 0.931 -0.86 -3.586 0.919 -0.71 -3.3751 1.0073 -0.8986 -3.3972 0.9927 -1.2246 -3.3997 1.0398 -1.2024 -3.4172 1.228 -1.1119 -3.4863 1.3287 -1.0945 -3.6412 1.0661 -0.2568 -3.4975 1.2028 -0.5984 -3.9775 1.0536 -0.1576 -3.8575 1.1544 -0.3409 -3.9077 1.1031 -0.3862 -3.8171 1.1887 -1.5004 -3.8027 1.1558 -1.5416 -3.8764 1.1248 -1.565 -3.9082 1.1509 -1.4979 -3.8273 1.217 -1.4335 -3.6364 1.3547 -1.1558 -3.611 1.3987 -1.1877 -3.5997 1.371 -0.8114 -3.319 1.1441 -1.0163 -3.3858 1.2543 -1.0126 -3.3685 1.1212 -1.1073 -4.0429 0.964 0.0482 -3.7094 1.2724 -0.5679 -3.6871 0.9116 -1.0828 -3.4897 1.0619 -1.3179 -3.472 1.0382 -1.3069 -3.5314 1.0818 -1.3661 -3.6073 1.1441 -1.4115 -3.6965 1.1722 -1.4251 -3.698 1.0818 -1.502 -3.8686 0.9707 -1.5918 -3.8887 0.9198 -1.5408 -3.4553 1.3528 -0.958 -3.4544 1.3528 -0.9837 -3.5737 1.361 -0.8017 -3.6701 1.3046 -0.6442 -3.7216 1.3251 -0.6423 -3.671 1.0884 -1.4399 -3.3408 1.007 -1.0958 -3.3549 0.9945 -1.1252 -3.9668 1.0568 -0.9969 -4.1856 0.6745 0.8042 -4.199 0.6961 0.8057 -4.3745 0.8289 0.5422 -4.1208 0.4543 0.7756 -4.1988 0.3284 0.715 -4.1399 0.3539 0.6986 -4.3266 0.3425 0.6757 -4.221 0.4658 0.8721 -4.2826 0.6641 0.8705 -4.1183 0.5674 0.3162 -4.1161 0.5032 0.6998 -4.1856 0.7808 0.703 -4.1222 0.4357 0.7932 -4.2883 0.3697 0.5083 -4.2711 0.3813 0.511 -4.0046 0.5229 0.5068 -4.0034 0.6107 0.3932 -3.9375 0.6641 0.263 -4.3091 0.3651 0.5002 -3.8595 0.9812 0.1669 -3.8165 0.9508 0.1631 -4.0323 0.8534 0.4883 -3.9652 0.8947 0.3766 -4.463 0.7596 0.6332 -3.839 0.7353 0.0209 -3.6856 0.8794 -0.3803 -3.7141 0.8296 -0.1571 -3.7638 0.8115 -0.1718 -3.6341 0.8969 -0.3659 -4.478 0.6594 0.8065 -4.4804 0.5045 0.8021 -4.4809 0.5929 0.8376 -4.5039 0.5933 0.813 -4.459 0.507 0.8276 -4.4142 0.4385 0.809 -4.3748 0.376 0.7459 -4.3527 0.38 0.7731 -4.4341 0.432 0.782 -4.073 0.565 0.4707 -4.1093 0.5074 0.5328 -4.0582 0.5621 0.4818 -4.1396 0.3784 0.6493 -4.0651 0.4568 0.5623 -4.1819 0.5089 0.7678 -4.1065 0.5644 0.3929 -4.0756 0.5879 0.3441 -4.3578 0.3932 0.4853 -4.3766 0.3757 0.5581 -4.4407 0.4607 0.4819 -4.4947 0.6959 0.5587 -4.5107 0.6187 0.5255 -4.184 0.834 0.4141 -4.1572 0.8684 0.2416 -4.1033 0.8813 0.2832 -3.915 1.0829 -1.5998 -3.9457 1.1012 -1.5139 -3.963 1.0916 -1.5237 -3.978 1.1062 -1.4313 -3.9995 1.0969 -1.4381 -3.8575 0.9692 -1.5943 -3.8857 1.0277 -1.6191 -3.8781 0.9149 -1.541 -3.8819 0.8894 -1.4731 -3.8999 0.8785 -1.4766 -3.8609 0.9248 -1.5279 -3.387 0.9767 -0.9772 -3.3939 0.9799 -0.899 -3.7661 1.1105 -1.549 -3.7267 1.2046 -1.4092 -3.5467 1.397 -0.8978 -3.3852 1.2542 -0.9868 -3.4057 0.9774 -1.2226 -3.5495 1.4282 -1.075 -3.5913 1.1595 -1.401 -3.9107 0.8831 -1.4763 -4.0026 1.0848 -1.4391 -3.7916 0.9153 -1.5222 -3.9365 1.1637 -1.4134 -3.9585 0.9629 -1.452 -3.6825 0.9079 -0.8753 -3.4496 0.9408 -0.9068 -3.4118 1.2382 -0.9018 -3.4829 1.3366 -0.8841 -3.6932 1.3515 -1.1158 -3.7662 0.8815 -1.0753 -3.7875 0.8702 -1.1984 -3.715 1.3379 -1.1105 -3.4443 0.9419 -0.9712 -3.5749 0.9258 -0.5379 -4.1176 0.8508 0.4496 -4.0492 0.894 0.3247 -3.8222 0.8844 -0.7398 -3.7511 0.8926 -0.8856 -3.8836 1.1476 -0.7268 -3.9482 1.037 -0.4312 -3.892 1.1244 -0.5566 -3.9353 1.0472 -0.5889 -3.5173 1.3189 -0.7976 -3.4435 1.2192 -0.8053 -3.6357 0.9065 -0.5548 -3.7496 0.8965 -0.9522 -4.5186 0.671 0.6942 -4.3753 0.5912 0.884 -4.292 0.4515 0.8622 -4.3527 0.5286 0.8825 -4.0908 0.8279 0.5615 -4.4915 0.5509 0.5084 -4.5088 0.6834 0.6123 -4.5325 0.6042 0.5938 -4.5035 0.5296 0.5814 -4.4594 0.4407 0.555 -4.4664 0.4296 0.6806 -4.3824 0.367 0.6765 -4.5446 0.5946 0.6914 -4.5156 0.5111 0.687 -4.1091 0.41 0.6084 -4.4537 0.7707 0.6027'/>
          </IndexedFaceSet>
        </Shape>
        <Shape DEF='rfprox'>
          <Appearance>
            <Material ambientIntensity='0.098' diffuseColor='1 0.9765 0.8667' emissiveColor='0 1 0' shininess='0.05' specularColor='0.349 0.349 0.349'/>
          </Appearance>
          <IndexedFaceSet DEF='rfprox_Geo' coordIndex='0 1 2 -1 3 4 5 -1 0 6 7 -1 8 4 9 -1 4 6 9 -1 4 10 5 -1 11 12 13 -1 14 15 16 -1 16 17 14 -1 18 19 14 -1 20 15 21 -1 15 22 21 -1 13 12 23 -1 24 25 26 -1 27 28 29 -1 27 30 28 -1 30 25 24 -1 31 32 33 -1 34 35 36 -1 37 38 39 -1 40 41 42 -1 43 35 44 -1 45 46 47 -1 47 48 45 -1 9 49 8 -1 9 50 49 -1 51 0 2 -1 52 53 10 -1 53 54 10 -1 55 56 57 -1 55 58 56 -1 59 60 61 -1 59 62 60 -1 63 64 65 -1 66 44 67 -1 63 65 68 -1 35 64 44 -1 49 69 8 -1 70 52 69 -1 71 72 73 -1 71 74 72 -1 75 76 77 -1 76 78 77 -1 79 66 80 -1 81 34 36 -1 82 83 84 -1 69 49 70 -1 49 85 70 -1 86 87 88 -1 89 73 90 -1 5 89 3 -1 60 91 61 -1 61 92 42 -1 61 93 92 -1 94 57 46 -1 94 55 57 -1 45 95 96 -1 45 48 95 -1 95 97 98 -1 95 48 97 -1 53 99 100 -1 100 38 53 -1 101 54 37 -1 62 59 102 -1 103 41 104 -1 105 66 67 -1 106 107 108 -1 109 110 111 -1 29 109 112 -1 27 113 114 -1 115 116 117 -1 18 118 119 -1 119 19 18 -1 16 120 17 -1 16 121 120 -1 12 11 122 -1 123 33 32 -1 124 13 21 -1 125 126 124 -1 126 127 124 -1 127 126 128 -1 128 129 127 -1 130 131 132 -1 133 65 134 -1 65 135 134 -1 136 28 30 -1 30 137 136 -1 137 138 139 -1 140 24 26 -1 141 142 143 -1 144 145 146 -1 144 147 145 -1 148 149 150 -1 151 147 152 -1 147 144 152 -1 68 153 154 -1 68 155 153 -1 138 137 156 -1 136 137 139 -1 132 157 130 -1 158 159 131 -1 131 160 158 -1 11 124 127 -1 11 13 124 -1 161 162 163 -1 121 16 123 -1 164 22 19 -1 19 119 164 -1 18 26 118 -1 165 151 166 -1 161 149 148 -1 167 168 169 -1 167 170 168 -1 171 172 173 -1 174 115 175 -1 115 117 175 -1 114 117 116 -1 27 29 113 -1 29 112 113 -1 111 112 109 -1 176 177 167 -1 66 105 178 -1 179 180 40 -1 97 103 104 -1 104 98 97 -1 62 102 181 -1 181 182 62 -1 38 37 54 -1 183 81 36 -1 36 184 183 -1 91 93 61 -1 91 185 93 -1 73 92 71 -1 73 89 92 -1 1 0 7 -1 50 9 0 -1 86 186 187 -1 186 188 187 -1 44 66 189 -1 94 190 191 -1 80 192 190 -1 43 193 194 -1 43 195 193 -1 196 68 154 -1 154 192 196 -1 178 80 66 -1 191 192 146 -1 191 190 192 -1 34 81 188 -1 81 187 188 -1 60 62 106 -1 62 182 106 -1 42 59 61 -1 42 41 59 -1 10 101 5 -1 10 54 101 -1 81 183 85 -1 85 187 81 -1 44 195 43 -1 44 189 195 -1 0 51 197 -1 80 190 198 -1 48 47 97 -1 47 181 97 -1 103 59 41 -1 103 102 59 -1 179 37 39 -1 194 36 43 -1 36 35 43 -1 79 189 66 -1 54 53 38 -1 191 55 94 -1 131 130 160 -1 160 130 199 -1 130 200 199 -1 25 27 114 -1 25 30 27 -1 116 25 114 -1 116 26 25 -1 201 117 114 -1 122 150 149 -1 23 163 33 -1 17 18 14 -1 19 22 14 -1 22 15 14 -1 150 122 11 -1 69 4 8 -1 9 6 0 -1 7 4 3 -1 7 6 4 -1 73 88 90 -1 86 49 87 -1 197 50 0 -1 50 87 49 -1 87 50 197 -1 88 2 90 -1 88 51 2 -1 202 203 129 -1 202 204 203 -1 205 161 148 -1 205 162 161 -1 21 23 20 -1 21 13 23 -1 12 149 23 -1 149 12 122 -1 21 164 206 -1 22 164 21 -1 175 201 207 -1 175 117 201 -1 208 126 125 -1 209 126 208 -1 210 211 212 -1 211 210 176 -1 159 110 109 -1 159 158 110 -1 115 119 118 -1 174 119 115 -1 128 176 210 -1 177 176 128 -1 26 115 118 -1 116 115 26 -1 199 204 202 -1 199 200 204 -1 213 214 215 -1 216 214 213 -1 217 218 219 -1 220 218 217 -1 137 221 156 -1 137 222 221 -1 104 223 98 -1 104 180 223 -1 224 95 225 -1 95 224 96 -1 226 189 79 -1 189 226 195 -1 36 227 184 -1 227 36 194 -1 228 38 100 -1 39 38 228 -1 101 179 40 -1 101 37 179 -1 102 97 181 -1 97 102 103 -1 229 190 94 -1 198 190 229 -1 90 1 89 -1 2 1 90 -1 226 80 198 -1 226 79 80 -1 64 34 188 -1 34 64 35 -1 99 85 183 -1 85 99 70 -1 101 42 5 -1 101 40 42 -1 107 182 230 -1 107 106 182 -1 58 191 146 -1 191 58 55 -1 80 196 192 -1 196 80 178 -1 231 198 229 -1 198 231 226 -1 178 68 196 -1 178 105 68 -1 146 232 58 -1 146 145 232 -1 233 234 186 -1 234 233 142 -1 235 74 78 -1 235 236 74 -1 78 82 235 -1 76 82 78 -1 92 77 71 -1 93 77 92 -1 232 185 237 -1 232 75 185 -1 185 108 237 -1 91 108 185 -1 194 224 227 -1 224 194 193 -1 183 100 99 -1 183 184 100 -1 223 179 39 -1 179 223 180 -1 135 64 188 -1 135 65 64 -1 58 237 56 -1 232 237 58 -1 176 169 211 -1 176 167 169 -1 173 174 175 -1 172 174 173 -1 171 238 208 -1 171 173 238 -1 167 209 170 -1 167 177 209 -1 239 112 111 -1 113 112 239 -1 238 168 170 -1 238 207 168 -1 168 111 169 -1 239 111 168 -1 205 236 235 -1 205 148 236 -1 82 151 83 -1 82 147 151 -1 165 217 216 -1 165 166 217 -1 18 120 240 -1 17 120 18 -1 241 216 213 -1 165 216 241 -1 205 242 162 -1 242 205 84 -1 242 213 31 -1 242 241 213 -1 32 121 123 -1 32 215 121 -1 157 243 130 -1 157 244 243 -1 244 138 245 -1 138 244 157 -1 139 131 136 -1 139 132 131 -1 246 133 245 -1 246 155 133 -1 137 24 222 -1 137 30 24 -1 155 247 153 -1 155 246 247 -1 153 144 154 -1 152 144 153 -1 152 247 248 -1 153 247 152 -1 248 221 220 -1 247 221 248 -1 218 24 140 -1 222 24 218 -1 158 199 212 -1 199 158 160 -1 200 249 204 -1 200 250 249 -1 210 129 128 -1 210 202 129 -1 249 251 252 -1 251 249 143 -1 236 251 253 -1 251 236 148 -1 234 134 135 -1 254 134 234 -1 142 254 234 -1 142 141 254 -1 154 146 192 -1 154 144 146 -1 243 141 250 -1 243 254 141 -1 253 143 142 -1 251 143 253 -1 204 252 203 -1 252 204 249 -1 212 202 210 -1 212 199 202 -1 250 143 249 -1 250 141 143 -1 130 250 200 -1 130 243 250 -1 26 240 140 -1 18 240 26 -1 219 140 240 -1 219 218 140 -1 166 220 217 -1 166 248 220 -1 151 248 166 -1 151 152 248 -1 156 247 246 -1 156 221 247 -1 133 68 65 -1 155 68 133 -1 28 131 159 -1 136 131 28 -1 157 139 138 -1 139 157 132 -1 245 134 244 -1 245 133 134 -1 244 254 243 -1 244 134 254 -1 206 124 21 -1 206 125 124 -1 31 162 242 -1 33 162 31 -1 162 33 163 -1 203 150 11 -1 203 252 150 -1 84 241 242 -1 84 83 241 -1 165 83 151 -1 165 241 83 -1 120 215 214 -1 120 121 215 -1 240 214 219 -1 120 214 240 -1 84 235 82 -1 84 205 235 -1 207 239 168 -1 201 239 207 -1 239 114 113 -1 114 239 201 -1 208 170 209 -1 208 238 170 -1 110 169 111 -1 211 169 110 -1 237 107 56 -1 237 108 107 -1 49 187 85 -1 187 49 86 -1 188 234 135 -1 186 234 188 -1 225 39 228 -1 225 223 39 -1 47 182 181 -1 230 182 47 -1 227 225 228 -1 227 224 225 -1 46 230 47 -1 46 57 230 -1 96 229 45 -1 231 229 96 -1 42 89 5 -1 92 89 42 -1 108 60 106 -1 91 60 108 -1 75 93 185 -1 77 93 75 -1 76 147 82 -1 76 145 147 -1 253 74 236 -1 74 253 72 -1 72 142 233 -1 72 253 142 -1 88 186 86 -1 186 88 233 -1 156 245 138 -1 156 246 245 -1 145 75 232 -1 145 76 75 -1 71 78 74 -1 77 78 71 -1 73 233 88 -1 73 72 233 -1 10 69 52 -1 69 10 4 -1 68 67 63 -1 67 68 105 -1 63 44 64 -1 67 44 63 -1 56 230 57 -1 56 107 230 -1 53 70 99 -1 70 53 52 -1 197 88 87 -1 197 51 88 -1 1 3 89 -1 1 7 3 -1 45 94 46 -1 229 94 45 -1 184 228 100 -1 228 184 227 -1 231 195 226 -1 231 193 195 -1 193 96 224 -1 193 231 96 -1 225 98 223 -1 98 225 95 -1 180 41 40 -1 41 180 104 -1 220 222 218 -1 221 222 220 -1 216 219 214 -1 217 219 216 -1 31 215 32 -1 213 215 31 -1 172 206 164 -1 172 171 206 -1 164 174 172 -1 164 119 174 -1 109 28 159 -1 29 28 109 -1 212 110 158 -1 110 212 211 -1 209 128 126 -1 177 128 209 -1 171 125 206 -1 208 125 171 -1 175 238 173 -1 238 175 207 -1 33 20 23 -1 20 33 123 -1 161 23 149 -1 161 163 23 -1 15 123 16 -1 15 20 123 -1 148 252 251 -1 150 252 148 -1 129 11 127 -1 129 203 11 -1' creaseAngle='1.571'>
            <Coordinate DEF='rfprox_Coord' point='-2.5784 0.3523 2.9657 -2.4882 0.4122 2.9733 -2.5107 0.3902 2.9326 -2.494 0.3926 3.0201 -2.5589 0.3216 3.0388 -2.4602 0.4411 3.0476 -2.5742 0.333 3.0148 -2.5159 0.3944 3.0064 -2.5765 0.2509 2.9901 -2.5871 0.2764 2.9852 -2.564 0.3278 3.081 -2.3279 0.6245 2.2675 -2.2484 0.6273 2.2726 -2.2088 0.6259 2.2344 -1.9777 0.4442 1.9877 -1.9914 0.527 2.0404 -1.9943 0.514 2.0486 -1.9683 0.4352 2.0071 -1.9856 0.3276 1.964 -1.9836 0.4443 1.978 -2.0749 0.6035 2.1284 -2.0855 0.6049 2.112 -2.0029 0.5272 2.0295 -2.207 0.6255 2.2758 -2.1653 0.1931 1.9785 -2.1791 0.2371 1.9666 -2.0408 0.2847 1.9286 -2.3 0.2139 1.9672 -2.4334 0.1945 1.9911 -2.4313 0.2055 1.9861 -2.2985 0.2037 1.9687 -2.1058 0.52 2.2475 -2.0856 0.5579 2.1972 -2.1885 0.6005 2.2698 -2.5091 0.2068 2.7738 -2.4445 0.1851 2.77 -2.4679 0.1578 2.8061 -2.4774 0.3436 3.0983 -2.501 0.2306 3.0694 -2.4127 0.244 3.0739 -2.3468 0.4148 3.0348 -2.322 0.4073 3.0381 -2.3347 0.4264 3.0113 -2.3863 0.1816 2.8465 -2.3706 0.2134 2.7902 -2.2408 0.1387 2.9203 -2.1595 0.098 2.9007 -2.1691 0.1113 2.9985 -2.2446 0.1612 3.0036 -2.5748 0.2247 2.9262 -2.5826 0.2642 2.9431 -2.5557 0.3499 2.8998 -2.5931 0.2184 3.0505 -2.5838 0.2115 3.0593 -2.5542 0.3231 3.0873 -2.0969 0.1293 2.8439 -2.0701 0.11 2.8927 -2.0845 0.0962 2.8906 -2.0822 0.1457 2.8508 -2.2154 0.3696 3.0706 -2.1274 0.2972 3.0903 -2.2092 0.3751 3.0535 -2.1419 0.2886 3.1012 -2.3881 0.2029 2.6881 -2.4377 0.2006 2.7645 -2.4293 0.2092 2.6375 -2.2973 0.2278 2.8118 -2.3426 0.2153 2.7499 -2.2921 0.2178 2.6622 -2.5872 0.2238 2.9978 -2.5884 0.1473 2.956 -2.3452 0.4155 2.9094 -2.4543 0.402 2.8457 -2.4643 0.4117 2.9101 -2.3514 0.4194 2.8478 -2.1131 0.3154 2.8972 -2.1284 0.3117 2.8361 -2.2241 0.3685 2.9041 -2.2258 0.3713 2.8431 -2.2924 0.2116 2.845 -2.2344 0.1919 2.8095 -2.5257 0.1713 2.813 -2.1406 0.3469 2.6667 -2.1192 0.3672 2.484 -2.1426 0.4007 2.4952 -2.5558 0.1548 2.8713 -2.5542 0.257 2.8663 -2.5564 0.2725 2.8843 -2.5417 0.3453 2.8714 -2.4579 0.4202 2.974 -2.4885 0.3918 2.9187 -2.1119 0.3058 3.058 -2.3393 0.4116 2.971 -2.2226 0.3658 2.9651 -2.1663 0.1184 2.8503 -2.3115 0.1879 3.0061 -2.3095 0.1824 2.9415 -2.2558 0.2149 3.0885 -2.3186 0.2539 3.075 -2.5768 0.1367 2.9612 -2.5027 0.1374 2.9689 -2.4531 0.4318 3.0606 -2.1925 0.3207 3.097 -2.258 0.3386 3.0958 -2.3239 0.354 3.0705 -2.2945 0.2228 2.737 -2.0687 0.1831 3.0698 -2.0686 0.1164 2.9977 -2.0576 0.2052 3.0342 -2.5185 0.258 1.9919 -2.5963 0.3588 2.0312 -2.4181 0.3373 2.0722 -2.4099 0.2646 2.021 -2.2824 0.2442 2.0067 -2.1788 0.2537 1.9701 -2.0235 0.3438 1.94 -2.0528 0.2913 1.9298 -2.1483 0.3251 2.0269 -2.008 0.3416 1.9397 -1.9953 0.4445 1.9586 -1.9494 0.4172 2.046 -1.9996 0.5047 2.0896 -2.3331 0.5967 2.3382 -2.0833 0.584 2.1505 -2.2107 0.6346 2.1571 -2.2092 0.6502 2.1118 -2.2993 0.6494 2.1405 -2.3099 0.6475 2.1694 -2.4361 0.6403 2.1607 -2.435 0.6284 2.1938 -2.595 0.3599 2.1872 -2.5391 0.2257 2.0748 -2.5451 0.1953 2.1451 -2.4192 0.1957 2.429 -2.4921 0.234 2.4482 -2.4938 0.2261 2.6344 -2.4433 0.1765 2.0635 -2.2936 0.1644 2.056 -2.4525 0.1684 2.1679 -2.4669 0.1527 2.1243 -2.0201 0.234 1.9854 -2.5155 0.3779 2.4879 -2.5114 0.351 2.6898 -2.4882 0.417 2.4989 -2.101 0.1952 2.6264 -2.081 0.225 2.8233 -2.0963 0.1789 2.7986 -2.0949 0.2391 2.6348 -2.3466 0.5009 2.5183 -2.3244 0.5691 2.3883 -2.365 0.5664 2.3712 -2.0684 0.2577 2.4485 -2.0938 0.2078 2.4381 -2.1547 0.191 2.4404 -2.1692 0.1698 2.643 -2.2948 0.1973 2.435 -2.2949 0.1721 2.1439 -2.5323 0.2097 2.1953 -2.6048 0.3539 2.0366 -2.5294 0.252 1.9963 -2.6002 0.3583 2.1072 -2.2951 0.5571 2.3828 -2.2311 0.5417 2.3704 -2.2155 0.595 2.3056 -2.0007 0.5296 2.0039 -2.026 0.2974 2.274 -2.0176 0.2678 2.2521 -2.4284 0.5479 2.1462 -2.2683 0.4478 2.1141 -2.4276 0.4642 2.1195 -2.2758 0.5485 2.1247 -2.0964 0.6153 2.0744 -2.0119 0.5332 2.0036 -2.1155 0.5425 2.082 -2.01 0.4464 1.9591 -2.1253 0.4353 2.0593 -2.5607 0.5561 2.1044 -2.4329 0.6334 2.1491 -2.2551 0.2015 2.7623 -2.401 0.3452 3.0786 -2.3472 0.3514 3.0711 -2.1692 0.1834 3.0838 -2.0833 0.1754 3.0767 -2.5423 0.1422 2.8707 -2.49 0.1412 2.8768 -2.1051 0.3124 2.9584 -2.5428 0.2714 2.7977 -2.5374 0.1956 2.826 -2.517 0.233 2.769 -2.3149 0.2153 2.8424 -2.1757 0.1501 2.8124 -2.1072 0.1592 2.8095 -2.1769 0.1595 2.8015 -2.3245 0.1955 2.9007 -2.3874 0.1742 2.8563 -2.3228 0.1992 2.8904 -2.2132 0.1752 2.7128 -2.5673 0.2946 2.907 -2.239 0.1671 2.8645 -2.5987 0.4651 2.1361 -2.584 0.4473 2.2154 -2.1914 0.3261 2.0435 -2.5562 0.5361 2.1683 -2.4326 0.6025 2.266 -2.5444 0.5089 2.2322 -2.2373 0.4718 2.5169 -2.0921 0.6205 2.0817 -2.1967 0.4416 2.0867 -2.2125 0.6437 2.1037 -2.3022 0.6409 2.131 -2.5687 0.5574 2.1124 -2.6038 0.4799 2.0591 -2.6123 0.4788 2.0657 -2.0485 0.4348 2.2253 -1.9581 0.3688 2.1259 -2.0138 0.4727 2.162 -1.9895 0.337 2.1966 -1.9872 0.265 2.1702 -2.0133 0.2021 2.0834 -1.9571 0.2692 2.0992 -2.0307 0.2073 2.159 -2.1564 0.171 2.145 -2.1557 0.161 2.0618 -2.3442 0.2559 3.0732 -2.3319 0.1843 2.9399 -2.3358 0.1893 3.0043 -2.3011 0.1968 2.8925 -2.4031 0.1604 2.9091 -2.4083 0.1576 2.9809 -2.2401 0.1587 2.8791 -2.083 0.1053 3.0014 -2.3034 0.193 2.9038 -2.0653 0.2085 2.8809 -2.5286 0.3418 2.8205 -2.527 0.286 2.6702 -2.2399 0.4105 2.6897 -2.3559 0.4442 2.6969 -2.0547 0.1919 2.9386 -2.1955 0.5455 2.1033 -2.2682 0.3278 2.0728 -1.9568 0.2995 2.0182 -2.0844 0.3885 2.3106 -2.1343 0.4609 2.3367 -2.5476 0.3341 2.3227 -2.5197 0.2226 2.294 -2.4384 0.1765 2.2706 -2.2966 0.1798 2.2319 -2.1575 0.1811 2.2281 -2.0484 0.2126 2.2345 -2.5135 0.4615 2.3566 -2.5415 0.4059 2.3471 -2.4313 0.4791 2.5093 -2.4254 0.5474 2.3704 -2.4566 0.4211 2.6968 -2.5187 0.3066 2.4675'/>
          </IndexedFaceSet>
        </Shape>
        <Shape DEF='rfpprox2'>
          <Appearance>
            <Material ambientIntensity='0.098' diffuseColor='1 0.9765 0.8667' emissiveColor='0 1 0' shininess='0.05' specularColor='0.349 0.349 0.349'/>
          </Appearance>
          <IndexedFaceSet DEF='rfpprox2_Geo' coordIndex='0 1 2 -1 3 4 5 -1 6 7 8 -1 9 10 11 -1 12 13 14 -1 15 16 17 -1 15 18 16 -1 19 20 21 -1 22 23 24 -1 25 24 23 -1 23 26 25 -1 27 23 28 -1 29 30 31 -1 32 33 34 -1 11 35 36 -1 0 2 37 -1 38 39 40 -1 41 42 43 -1 44 45 46 -1 44 47 48 -1 49 50 51 -1 52 50 53 -1 54 50 55 -1 56 57 58 -1 58 49 56 -1 59 60 5 -1 60 61 5 -1 3 62 4 -1 63 64 65 -1 65 66 63 -1 67 68 69 -1 69 70 67 -1 71 72 73 -1 72 74 73 -1 41 43 0 -1 75 37 76 -1 75 77 37 -1 78 79 80 -1 80 12 78 -1 22 81 82 -1 83 84 85 -1 85 86 83 -1 87 14 88 -1 87 89 14 -1 90 91 92 -1 91 93 92 -1 41 80 94 -1 41 77 80 -1 95 96 76 -1 96 97 76 -1 98 29 99 -1 40 39 100 -1 57 55 58 -1 57 101 55 -1 102 45 103 -1 63 45 64 -1 47 44 46 -1 104 45 105 -1 106 107 6 -1 70 108 67 -1 109 110 73 -1 111 112 113 -1 112 35 113 -1 114 10 9 -1 113 35 115 -1 116 117 118 -1 119 120 121 -1 120 122 121 -1 11 115 35 -1 17 123 19 -1 123 20 19 -1 73 110 71 -1 116 118 73 -1 124 110 125 -1 124 71 110 -1 71 124 70 -1 126 67 127 -1 6 107 85 -1 85 84 6 -1 68 128 129 -1 68 130 128 -1 128 131 129 -1 131 132 129 -1 72 133 134 -1 135 133 136 -1 135 134 133 -1 46 45 104 -1 48 64 44 -1 103 45 63 -1 105 45 102 -1 66 81 22 -1 22 24 66 -1 3 5 137 -1 5 138 137 -1 4 139 140 -1 4 141 139 -1 32 30 98 -1 1 38 40 -1 141 62 142 -1 141 4 62 -1 41 0 37 -1 37 77 41 -1 66 143 81 -1 66 65 143 -1 47 80 48 -1 80 79 48 -1 13 144 145 -1 146 147 148 -1 147 97 148 -1 108 70 124 -1 81 143 78 -1 78 82 81 -1 27 149 62 -1 41 94 150 -1 68 67 126 -1 126 130 68 -1 9 11 116 -1 11 117 116 -1 64 48 65 -1 58 50 49 -1 79 143 65 -1 65 48 79 -1 98 99 47 -1 47 46 98 -1 1 40 2 -1 40 151 2 -1 59 5 4 -1 55 50 58 -1 53 50 54 -1 51 50 52 -1 143 79 78 -1 152 51 153 -1 64 45 44 -1 30 29 98 -1 150 42 41 -1 80 47 94 -1 109 73 118 -1 154 107 106 -1 39 38 31 -1 155 100 34 -1 23 138 26 -1 23 137 138 -1 23 22 28 -1 23 27 137 -1 11 10 115 -1 146 91 156 -1 133 72 69 -1 47 99 94 -1 156 90 157 -1 156 91 90 -1 158 159 160 -1 158 161 159 -1 14 145 88 -1 14 13 145 -1 162 163 164 -1 163 162 165 -1 166 22 82 -1 28 22 166 -1 165 138 167 -1 26 138 165 -1 34 168 155 -1 163 168 34 -1 34 39 31 -1 34 100 39 -1 118 169 109 -1 169 118 86 -1 107 170 85 -1 107 154 170 -1 40 155 171 -1 100 155 40 -1 31 150 29 -1 150 31 42 -1 153 52 139 -1 153 51 52 -1 140 59 4 -1 140 172 59 -1 60 57 173 -1 101 57 60 -1 151 56 152 -1 56 151 174 -1 175 174 171 -1 173 174 175 -1 0 38 1 -1 0 43 38 -1 46 176 98 -1 176 46 104 -1 177 102 178 -1 177 105 102 -1 63 179 103 -1 66 179 63 -1 171 151 40 -1 151 171 174 -1 116 74 9 -1 116 73 74 -1 83 11 36 -1 11 83 117 -1 180 6 84 -1 180 7 6 -1 130 106 181 -1 130 126 106 -1 62 95 142 -1 95 62 149 -1 182 124 125 -1 182 108 124 -1 148 96 183 -1 148 97 96 -1 13 146 144 -1 13 147 146 -1 184 121 185 -1 121 184 119 -1 186 187 188 -1 187 186 189 -1 18 190 16 -1 18 191 190 -1 120 19 192 -1 120 193 19 -1 189 122 194 -1 189 186 122 -1 160 92 195 -1 92 160 90 -1 78 14 89 -1 12 14 78 -1 82 89 184 -1 78 89 82 -1 82 185 166 -1 82 184 185 -1 166 196 149 -1 166 185 196 -1 141 37 2 -1 141 142 37 -1 153 141 2 -1 141 153 139 -1 54 140 53 -1 172 140 54 -1 155 175 171 -1 175 155 168 -1 167 5 61 -1 5 167 138 -1 137 62 3 -1 62 137 27 -1 66 25 179 -1 25 66 24 -1 178 164 177 -1 164 178 162 -1 16 111 113 -1 190 111 16 -1 159 190 157 -1 111 190 159 -1 112 7 180 -1 112 161 7 -1 194 135 136 -1 192 135 194 -1 188 197 186 -1 188 183 197 -1 132 194 136 -1 132 189 194 -1 195 187 131 -1 195 92 187 -1 129 136 133 -1 129 132 136 -1 158 195 198 -1 158 160 195 -1 198 131 128 -1 198 195 131 -1 128 181 198 -1 181 128 130 -1 106 127 154 -1 106 126 127 -1 127 108 182 -1 67 108 127 -1 110 169 125 -1 110 109 169 -1 119 193 120 -1 119 87 193 -1 135 199 134 -1 135 21 199 -1 199 9 74 -1 199 114 9 -1 87 15 193 -1 87 88 15 -1 97 75 76 -1 97 147 75 -1 86 117 83 -1 86 118 117 -1 20 10 114 -1 10 20 123 -1 192 21 135 -1 192 19 21 -1 72 199 74 -1 72 134 199 -1 180 35 112 -1 180 36 35 -1 182 154 127 -1 170 154 182 -1 198 8 158 -1 8 198 181 -1 68 133 69 -1 68 129 133 -1 189 131 187 -1 131 189 132 -1 93 183 188 -1 183 93 148 -1 121 186 197 -1 121 122 186 -1 111 161 112 -1 111 159 161 -1 144 156 191 -1 144 146 156 -1 177 33 176 -1 33 177 164 -1 25 178 179 -1 178 25 162 -1 61 168 167 -1 61 175 168 -1 152 49 51 -1 56 49 152 -1 54 101 172 -1 101 54 55 -1 152 2 151 -1 153 2 152 -1 96 149 196 -1 96 95 149 -1 147 12 75 -1 147 13 12 -1 145 191 18 -1 144 191 145 -1 93 146 148 -1 93 91 146 -1 122 192 194 -1 122 120 192 -1 193 17 19 -1 193 15 17 -1 191 157 190 -1 191 156 157 -1 92 188 187 -1 92 93 188 -1 185 197 196 -1 197 185 121 -1 184 87 119 -1 184 89 87 -1 183 196 197 -1 183 96 196 -1 125 170 182 -1 169 170 125 -1 75 80 77 -1 12 80 75 -1 142 76 37 -1 76 142 95 -1 71 69 72 -1 70 69 71 -1 8 106 6 -1 8 181 106 -1 84 36 180 -1 84 83 36 -1 29 94 99 -1 29 150 94 -1 178 103 179 -1 178 102 103 -1 104 177 176 -1 104 105 177 -1 61 173 175 -1 60 173 61 -1 173 56 174 -1 57 56 173 -1 172 60 59 -1 172 101 60 -1 139 53 140 -1 139 52 53 -1 43 31 38 -1 43 42 31 -1 33 98 176 -1 32 98 33 -1 170 86 85 -1 170 169 86 -1 164 34 33 -1 34 164 163 -1 30 34 31 -1 30 32 34 -1 167 163 165 -1 167 168 163 -1 149 28 166 -1 149 27 28 -1 26 162 25 -1 165 162 26 -1 199 20 114 -1 21 20 199 -1 17 113 123 -1 16 113 17 -1 115 123 113 -1 115 10 123 -1 88 18 15 -1 88 145 18 -1 161 8 7 -1 8 161 158 -1 160 157 90 -1 157 160 159 -1' creaseAngle='1.571'>
            <Coordinate DEF='rfpprox2_Coord' point='-3.2565 0.1714 2.7618 -3.2667 0.1564 2.7779 -3.2824 0.177 2.759 -3.2824 0.304 2.7947 -3.2895 0.2787 2.7862 -3.2962 0.2785 2.8945 -3.1037 0.3541 1.9138 -3.0918 0.3329 1.9417 -3.1267 0.343 1.9217 -2.809 0.4983 2.0254 -2.8663 0.4135 2.1278 -2.8576 0.4324 2.0237 -3.0957 0.286 2.6128 -3.0966 0.3028 2.5354 -3.0873 0.3153 2.539 -3.024 0.3589 2.3658 -3.0035 0.3571 2.2736 -2.9827 0.3797 2.2998 -3.04 0.3343 2.3546 -2.9886 0.4424 2.3283 -2.9339 0.4312 2.2454 -2.9522 0.4725 2.2601 -3.0997 0.3573 2.7044 -3.1866 0.3331 2.8045 -3.1228 0.3278 2.8114 -3.1226 0.306 2.8798 -3.1842 0.2949 2.8827 -3.2302 0.3456 2.7025 -3.1736 0.3719 2.7071 -3.129 0.1819 2.8181 -3.1173 0.1637 2.8338 -3.1716 0.1848 2.8317 -3.1206 0.1439 2.8745 -3.1108 0.1391 2.9177 -3.1759 0.1523 2.905 -2.9194 0.3875 2.0757 -2.9146 0.3925 2.0054 -3.2486 0.2294 2.6791 -3.2172 0.1649 2.8165 -3.22 0.1469 2.8305 -3.2716 0.1089 2.8292 -3.1682 0.2144 2.7744 -3.1736 0.1955 2.8042 -3.2138 0.1777 2.7947 -3.0438 0.2159 2.7739 -3.0231 0.2466 2.8538 -3.0452 0.1542 2.8346 -3.068 0.2141 2.7609 -3.0349 0.288 2.7507 -3.3192 0.183 2.8644 -3.3234 0.2021 2.8604 -3.3156 0.1891 2.8495 -3.3184 0.2067 2.8436 -3.3197 0.2149 2.8496 -3.3206 0.2203 2.8637 -3.3225 0.2113 2.8786 -3.3128 0.149 2.8774 -3.3187 0.1867 2.9026 -3.3245 0.1952 2.8787 -3.3139 0.2671 2.8828 -3.3258 0.2275 2.9313 -3.3094 0.231 2.9457 -3.2588 0.332 2.7001 -3.0391 0.3095 2.819 -3.0282 0.2923 2.7654 -3.0358 0.3148 2.7505 -3.057 0.3227 2.8183 -3.2171 0.6195 2.0657 -3.2297 0.6215 2.0755 -3.1251 0.6664 2.1406 -3.122 0.6642 2.1292 -2.9802 0.6812 2.1144 -2.9765 0.6851 2.1259 -2.8255 0.5937 2.0217 -2.8222 0.5902 2.0394 -3.1676 0.2653 2.6065 -3.2247 0.2691 2.6029 -3.1739 0.2461 2.6904 -3.065 0.3459 2.6229 -3.0627 0.3116 2.6902 -3.1003 0.272 2.6899 -3.0718 0.3518 2.7034 -3.0806 0.3948 2.6372 -2.9153 0.4019 1.9949 -2.9846 0.3922 1.9887 -2.9823 0.4194 1.9743 -2.9146 0.4558 1.9837 -3.0441 0.3868 2.4738 -3.0553 0.3395 2.4555 -3.0531 0.3654 2.5528 -3.1407 0.3381 2.2104 -3.14 0.3242 2.3264 -3.1808 0.3692 2.2073 -3.1843 0.3422 2.3241 -3.098 0.2023 2.7647 -3.2559 0.3073 2.6123 -3.2336 0.3329 2.531 -3.2114 0.2924 2.5217 -3.0612 0.1425 2.8359 -3.081 0.1903 2.7811 -3.2203 0.1271 2.8711 -3.3253 0.2182 2.9014 -3.0333 0.2668 2.917 -3.0365 0.2997 2.8724 -3.0275 0.1434 2.9162 -3.0259 0.1912 2.9502 -3.1613 0.4172 1.8873 -3.1151 0.3899 1.9146 -3.1099 0.6261 2.0972 -2.8693 0.5207 1.9959 -2.8905 0.5743 2.0198 -3.0229 0.3759 2.1661 -2.9932 0.3724 2.0468 -2.9636 0.3784 2.2031 -2.8637 0.4507 2.1572 -2.8865 0.3927 2.0999 -2.8122 0.5044 2.0098 -2.86 0.4439 2.0121 -2.864 0.499 1.9942 -3.0794 0.4669 2.4925 -3.0661 0.4946 2.4153 -3.1517 0.4824 2.4863 -3.1423 0.5303 2.408 -2.9335 0.404 2.2266 -3.0629 0.6499 2.1053 -2.9694 0.5446 2.0284 -3.208 0.5171 1.9531 -3.1699 0.5237 1.9856 -3.2356 0.4959 2.061 -3.2103 0.6005 2.1397 -3.223 0.5088 1.9577 -3.218 0.4685 2.138 -3.2049 0.5689 2.2219 -3.1264 0.6438 2.193 -3.0028 0.61 2.2057 -3.0265 0.5594 2.2796 -3.1227 0.6056 2.271 -3.2333 0.3191 2.8005 -3.2401 0.289 2.8899 -3.3085 0.2163 2.8038 -3.3069 0.2448 2.8192 -3.3029 0.2279 2.7558 -3.2704 0.2721 2.6909 -3.0547 0.3333 2.6948 -3.0847 0.3154 2.4401 -3.0713 0.3159 2.4426 -3.147 0.3013 2.4241 -3.161 0.2846 2.5225 -3.1993 0.3176 2.4229 -3.2395 0.3719 2.6266 -3.1378 0.1932 2.7961 -3.2899 0.1197 2.8324 -3.3044 0.1566 2.8423 -3.3009 0.1852 2.8056 -3.1191 0.4192 1.92 -3.2314 0.1233 2.9064 -3.1216 0.3224 2.3297 -3.112 0.3346 2.2181 -3.13 0.3226 1.9898 -3.1108 0.3352 2.1081 -3.138 0.3396 2.1089 -3.1038 0.3184 1.9925 -3.1201 0.2683 2.9325 -3.1778 0.1974 2.9384 -3.109 0.1897 2.9593 -3.1799 0.261 2.9266 -3.1658 0.4011 2.6344 -3.2433 0.2471 2.9412 -3.232 0.1838 2.9502 -2.9269 0.4763 1.9858 -2.9927 0.4412 1.9756 -3.2928 0.1013 2.8998 -3.318 0.2405 2.8721 -3.3152 0.1758 2.933 -3.3082 0.111 2.8912 -3.2988 0.1729 2.9456 -3.0411 0.133 2.9223 -3.0435 0.1848 2.9638 -3.0549 0.2732 2.9282 -3.0549 0.3125 2.8743 -2.9844 0.381 2.0001 -3.1795 0.4056 1.8929 -3.0475 0.5248 2.0244 -3.2218 0.3654 2.4317 -3.0809 0.4308 2.569 -3.1598 0.4347 2.5645 -3.1933 0.504 2.3783 -3.2141 0.4376 2.223 -3.2078 0.3979 2.3325 -3.1996 0.5365 2.3001 -3.0387 0.358 2.2462 -3.0582 0.3351 2.3492 -3.047 0.5231 2.3455 -3.0204 0.4104 2.3983 -3.1318 0.5757 2.33 -3.1809 0.3786 2.1106 -3.2198 0.4117 2.5529 -3.2076 0.4579 2.4656 -3.1926 0.386 1.9823 -2.8997 0.5151 2.18'/>
          </IndexedFaceSet>
        </Shape>
        <Shape DEF='rfpprox3'>
          <Appearance>
            <Material ambientIntensity='0.098' diffuseColor='1 0.9765 0.8667' emissiveColor='0 1 0' shininess='0.05' specularColor='0.349 0.349 0.349'/>
          </Appearance>
          <IndexedFaceSet DEF='rfpprox3_Geo' coordIndex='0 1 2 -1 1 3 2 -1 4 5 6 -1 7 8 9 -1 10 11 12 -1 11 13 12 -1 14 11 15 -1 14 16 11 -1 17 18 19 -1 20 21 22 -1 23 24 25 -1 26 27 28 -1 29 30 31 -1 29 32 30 -1 33 34 35 -1 36 37 38 -1 39 40 41 -1 39 42 40 -1 43 44 45 -1 44 46 45 -1 37 47 28 -1 48 49 47 -1 20 50 51 -1 20 22 50 -1 39 52 53 -1 54 55 56 -1 56 57 54 -1 58 59 60 -1 58 61 59 -1 62 63 64 -1 65 66 67 -1 67 68 65 -1 69 70 71 -1 72 73 74 -1 75 76 71 -1 62 77 78 -1 79 80 81 -1 79 82 80 -1 83 84 85 -1 83 86 84 -1 87 88 89 -1 87 90 88 -1 91 92 93 -1 94 95 96 -1 96 97 98 -1 99 100 101 -1 102 103 104 -1 103 105 104 -1 106 107 60 -1 62 65 68 -1 108 109 27 -1 110 111 112 -1 44 113 46 -1 114 115 116 -1 117 118 119 -1 118 120 119 -1 121 122 123 -1 122 120 123 -1 123 120 124 -1 125 126 127 -1 23 128 129 -1 130 38 109 -1 131 132 133 -1 1 31 30 -1 30 3 1 -1 71 134 56 -1 71 135 69 -1 136 137 71 -1 138 139 62 -1 62 68 63 -1 139 10 12 -1 139 138 10 -1 140 19 85 -1 19 83 85 -1 140 141 57 -1 60 107 58 -1 67 59 61 -1 67 142 59 -1 103 102 143 -1 143 6 103 -1 102 144 145 -1 96 95 146 -1 147 148 5 -1 148 101 5 -1 149 150 151 -1 150 73 151 -1 152 54 153 -1 153 74 152 -1 154 9 94 -1 9 155 94 -1 98 154 96 -1 154 94 96 -1 78 65 62 -1 138 62 64 -1 71 137 156 -1 70 75 71 -1 71 55 135 -1 134 71 156 -1 3 157 18 -1 3 30 157 -1 90 158 88 -1 129 159 23 -1 159 24 23 -1 160 24 159 -1 160 161 24 -1 162 99 121 -1 99 122 121 -1 163 164 165 -1 164 163 166 -1 163 100 166 -1 167 100 163 -1 167 101 100 -1 89 168 87 -1 89 157 168 -1 122 101 148 -1 122 99 101 -1 169 170 40 -1 40 171 169 -1 31 172 29 -1 85 141 140 -1 120 148 119 -1 120 122 148 -1 71 76 136 -1 173 77 62 -1 102 104 144 -1 174 175 176 -1 153 177 74 -1 177 72 74 -1 145 143 102 -1 145 175 143 -1 106 84 86 -1 86 14 106 -1 178 158 179 -1 178 88 158 -1 180 97 181 -1 181 79 180 -1 182 183 184 -1 184 185 182 -1 185 151 80 -1 80 82 185 -1 169 8 13 -1 169 117 8 -1 55 54 152 -1 152 135 55 -1 77 173 97 -1 173 98 97 -1 186 98 173 -1 186 154 98 -1 141 54 57 -1 141 153 54 -1 56 55 71 -1 123 187 121 -1 28 115 26 -1 130 36 38 -1 188 34 189 -1 41 40 170 -1 114 26 115 -1 28 38 37 -1 86 190 14 -1 190 16 14 -1 15 11 10 -1 9 8 155 -1 8 191 155 -1 105 1 0 -1 105 192 1 -1 103 192 105 -1 155 147 193 -1 155 191 147 -1 194 86 83 -1 194 190 86 -1 160 109 108 -1 160 159 109 -1 195 132 131 -1 196 132 195 -1 91 110 92 -1 110 91 111 -1 53 34 127 -1 53 189 34 -1 197 51 50 -1 113 51 197 -1 44 198 199 -1 43 198 44 -1 36 200 37 -1 200 36 201 -1 202 92 110 -1 202 203 92 -1 33 127 34 -1 33 125 127 -1 165 204 128 -1 165 164 204 -1 121 205 206 -1 187 205 121 -1 162 206 207 -1 206 162 121 -1 133 160 131 -1 160 133 161 -1 116 112 114 -1 116 208 112 -1 209 210 188 -1 210 209 211 -1 52 158 203 -1 52 179 158 -1 210 212 35 -1 210 213 212 -1 49 116 115 -1 116 49 211 -1 108 26 195 -1 27 26 108 -1 212 113 197 -1 113 212 46 -1 123 21 187 -1 124 21 123 -1 214 22 215 -1 214 126 22 -1 107 10 138 -1 107 15 10 -1 180 77 97 -1 77 180 78 -1 138 58 107 -1 138 64 58 -1 17 140 134 -1 140 17 19 -1 136 104 137 -1 136 144 104 -1 75 149 184 -1 70 149 75 -1 150 135 152 -1 135 150 69 -1 144 76 183 -1 136 76 144 -1 7 139 12 -1 7 186 139 -1 118 169 171 -1 118 117 169 -1 181 82 79 -1 181 176 82 -1 178 190 88 -1 16 190 178 -1 106 216 84 -1 60 216 106 -1 72 59 142 -1 72 177 59 -1 174 95 217 -1 95 174 146 -1 175 182 176 -1 182 175 145 -1 73 80 151 -1 73 72 80 -1 216 153 141 -1 216 177 153 -1 4 143 217 -1 143 4 6 -1 175 217 143 -1 175 174 217 -1 145 183 182 -1 145 144 183 -1 100 162 166 -1 100 99 162 -1 147 119 148 -1 119 147 191 -1 163 31 167 -1 31 163 172 -1 188 218 209 -1 188 189 218 -1 43 48 219 -1 43 45 48 -1 40 214 171 -1 40 42 214 -1 29 25 24 -1 29 172 25 -1 172 165 25 -1 172 163 165 -1 207 198 220 -1 198 207 206 -1 128 201 129 -1 201 128 204 -1 32 24 161 -1 32 29 24 -1 41 178 179 -1 170 178 41 -1 132 93 133 -1 132 91 93 -1 39 179 52 -1 41 179 39 -1 0 156 137 -1 0 2 156 -1 62 186 173 -1 62 139 186 -1 119 8 117 -1 8 119 191 -1 89 18 157 -1 89 194 18 -1 192 101 167 -1 192 5 101 -1 149 185 184 -1 149 151 185 -1 180 81 66 -1 81 180 79 -1 217 193 4 -1 95 193 217 -1 152 73 150 -1 152 74 73 -1 106 15 107 -1 15 106 14 -1 170 16 178 -1 170 11 16 -1 169 11 170 -1 169 13 11 -1 134 2 17 -1 156 2 134 -1 203 90 92 -1 158 90 203 -1 32 157 30 -1 157 32 168 -1 199 20 51 -1 199 205 20 -1 118 124 120 -1 124 118 215 -1 206 199 198 -1 205 199 206 -1 27 38 28 -1 27 109 38 -1 211 213 210 -1 211 49 213 -1 197 35 212 -1 35 197 33 -1 110 208 202 -1 110 112 208 -1 196 26 114 -1 195 26 196 -1 81 67 66 -1 142 67 81 -1 1 167 31 -1 1 192 167 -1 155 95 94 -1 155 193 95 -1 220 221 207 -1 220 200 221 -1 96 181 97 -1 146 181 96 -1 93 168 133 -1 93 87 168 -1 92 87 93 -1 92 90 87 -1 88 194 89 -1 88 190 194 -1 84 141 85 -1 84 216 141 -1 185 176 182 -1 185 82 176 -1 146 176 181 -1 146 174 176 -1 80 142 81 -1 80 72 142 -1 177 60 59 -1 177 216 60 -1 126 50 22 -1 125 50 126 -1 171 215 118 -1 214 215 171 -1 70 150 149 -1 69 150 70 -1 76 184 183 -1 75 184 76 -1 140 56 134 -1 56 140 57 -1 105 137 104 -1 137 105 0 -1 66 78 180 -1 78 66 65 -1 63 67 61 -1 68 67 63 -1 186 9 154 -1 186 7 9 -1 61 64 63 -1 64 61 58 -1 126 42 127 -1 42 126 214 -1 21 215 22 -1 215 21 124 -1 219 47 37 -1 219 48 47 -1 49 45 213 -1 45 49 48 -1 47 115 28 -1 47 49 115 -1 202 209 218 -1 208 209 202 -1 213 46 212 -1 45 46 213 -1 127 39 53 -1 127 42 39 -1 200 204 221 -1 204 200 201 -1 35 188 210 -1 35 34 188 -1 211 208 116 -1 211 209 208 -1 114 111 196 -1 114 112 111 -1 161 168 32 -1 161 133 168 -1 164 221 204 -1 164 166 221 -1 205 21 20 -1 205 187 21 -1 207 166 162 -1 207 221 166 -1 128 25 165 -1 23 25 128 -1 200 219 37 -1 200 220 219 -1 52 189 53 -1 218 189 52 -1 130 159 129 -1 159 130 109 -1 220 43 219 -1 220 198 43 -1 51 44 199 -1 44 51 113 -1 125 197 50 -1 197 125 33 -1 203 218 52 -1 218 203 202 -1 196 91 132 -1 111 91 196 -1 108 131 160 -1 195 131 108 -1 36 129 201 -1 36 130 129 -1 18 83 19 -1 18 194 83 -1 8 12 13 -1 12 8 7 -1 4 147 5 -1 193 147 4 -1 103 5 192 -1 6 5 103 -1 17 3 18 -1 2 3 17 -1' creaseAngle='1.571'>
            <Coordinate DEF='rfpprox3_Coord' point='-3.5996 0.2635 2.437 -3.6008 0.2924 2.3653 -3.599 0.2907 2.4542 -3.6054 0.3162 2.3798 -3.6739 0.2423 2.4126 -3.6625 0.2716 2.3421 -3.66 0.2447 2.4173 -3.7659 0.2519 2.3715 -3.7556 0.278 2.3062 -3.7646 0.2427 2.3672 -3.7622 0.3197 2.4279 -3.742 0.3428 2.3473 -3.769 0.2846 2.3951 -3.7588 0.3117 2.3258 -3.7248 0.3353 2.4484 -3.7547 0.3274 2.4375 -3.7133 0.3574 2.3635 -3.6103 0.3229 2.4606 -3.617 0.3535 2.3816 -3.6152 0.3268 2.4629 -3.6763 0.3229 1.7187 -3.6769 0.314 1.7389 -3.7271 0.406 1.7379 -3.3549 0.3514 1.8093 -3.3481 0.4181 1.8487 -3.3692 0.3464 1.8404 -3.4188 0.5272 1.8103 -3.3749 0.4928 1.7849 -3.4396 0.4591 1.7713 -3.4583 0.3897 1.9771 -3.5476 0.3789 2.1542 -3.5561 0.3257 2.1548 -3.4669 0.4444 1.9851 -3.7228 0.4888 1.7203 -3.7126 0.548 1.7946 -3.6898 0.4922 1.7519 -3.4 0.3778 1.7188 -3.4678 0.3939 1.7208 -3.3875 0.4127 1.7412 -3.7078 0.5749 1.8886 -3.7452 0.4905 1.9654 -3.7136 0.5213 1.9703 -3.7362 0.5251 1.8766 -3.5582 0.377 1.693 -3.604 0.3555 1.6661 -3.5732 0.4049 1.713 -3.625 0.3875 1.6811 -3.5068 0.4277 1.7529 -3.5225 0.4223 1.745 -3.5432 0.4603 1.7824 -3.7217 0.4199 1.6725 -3.6751 0.3706 1.6569 -3.6488 0.6239 1.9058 -3.7001 0.5976 1.8675 -3.6202 0.3019 2.6399 -3.6123 0.293 2.6364 -3.6082 0.2964 2.596 -3.6178 0.3049 2.5953 -3.8163 0.302 2.5604 -3.7894 0.2945 2.619 -3.7628 0.3092 2.5812 -3.8444 0.2752 2.5947 -3.8053 0.2418 2.5035 -3.8503 0.2684 2.5826 -3.8226 0.2947 2.5494 -3.8764 0.1969 2.6096 -3.8724 0.1939 2.6205 -3.8635 0.2415 2.6166 -3.8671 0.2388 2.6042 -3.6218 0.2267 2.6923 -3.6179 0.1902 2.679 -3.6024 0.2298 2.6099 -3.7382 0.2534 2.6547 -3.6891 0.2414 2.6836 -3.6872 0.2645 2.6724 -3.6076 0.1586 2.64 -3.6015 0.1541 2.5881 -3.8356 0.1487 2.5248 -3.8552 0.1492 2.5708 -3.7813 0.1531 2.6051 -3.7353 0.205 2.654 -3.8031 0.1952 2.647 -3.7224 0.1833 2.6222 -3.6516 0.3358 2.4638 -3.7063 0.3186 2.5492 -3.6581 0.3179 2.5522 -3.6921 0.3453 2.4644 -3.5243 0.5321 1.9962 -3.6513 0.4728 2.1491 -3.6023 0.4545 2.1531 -3.5798 0.5691 1.9897 -3.456 0.6304 1.8738 -3.5411 0.6327 1.9089 -3.4607 0.6006 1.9034 -3.7632 0.1983 2.4342 -3.7251 0.1848 2.459 -3.7815 0.1641 2.4754 -3.8276 0.1392 2.5259 -3.7952 0.1768 2.4614 -3.576 0.3201 1.927 -3.54 0.3235 1.9353 -3.6333 0.3018 2.1292 -3.6289 0.2135 2.4933 -3.6208 0.2453 2.4249 -3.6088 0.2227 2.5008 -3.6032 0.2576 2.433 -3.748 0.3185 2.5339 -3.7803 0.312 2.5277 -3.3486 0.522 1.7955 -3.343 0.4264 1.7517 -3.5367 0.6286 1.8925 -3.4602 0.6267 1.862 -3.5068 0.6099 1.8747 -3.6633 0.3823 1.6551 -3.4622 0.5685 1.8425 -3.4797 0.4877 1.805 -3.5183 0.5373 1.8404 -3.7454 0.3294 2.1096 -3.7182 0.3578 1.9306 -3.7155 0.2982 2.1085 -3.6731 0.2913 1.9131 -3.5884 0.2924 1.7967 -3.6293 0.2925 1.9158 -3.6366 0.2839 1.8028 -3.6752 0.3039 1.8163 -3.7377 0.4832 1.7239 -3.7431 0.4802 1.7624 -3.7311 0.541 1.7975 -3.3892 0.3121 1.793 -3.3545 0.3617 1.7319 -3.3613 0.379 1.7254 -3.3657 0.57 1.8294 -3.4026 0.604 1.8501 -3.3972 0.5474 1.894 -3.608 0.2891 2.5478 -3.6203 0.2593 2.6786 -3.5994 0.1758 2.5519 -3.6024 0.2346 2.5088 -3.7931 0.2967 2.5085 -3.7866 0.2574 2.4645 -3.6189 0.2977 2.5528 -3.6726 0.3147 2.5986 -3.7997 0.249 2.6396 -3.6653 0.2177 2.4926 -3.6054 0.1693 2.5436 -3.6392 0.1671 2.5344 -3.7352 0.1545 2.5025 -3.709 0.247 2.3104 -3.6832 0.2894 2.1139 -3.627 0.1866 2.685 -3.6312 0.2266 2.6989 -3.6832 0.1897 2.6785 -3.6292 0.2625 2.6837 -3.6832 0.3071 2.6393 -3.779 0.2074 2.4282 -3.7453 0.2277 2.3699 -3.5972 0.2651 2.5285 -3.554 0.4361 2.1571 -3.6145 0.5746 1.985 -3.3308 0.4252 1.767 -3.3386 0.52 1.807 -3.3702 0.4995 1.8767 -3.54 0.3089 1.8093 -3.4946 0.3079 1.9467 -3.4377 0.2998 1.8114 -3.4042 0.3037 1.8243 -3.5028 0.3117 1.8136 -3.5778 0.3061 2.1484 -3.4881 0.5001 2.0001 -3.7567 0.3716 2.1166 -3.7431 0.4111 2.1256 -3.7445 0.4223 1.9476 -3.4706 0.3368 1.9593 -3.8038 0.1879 2.4671 -3.7042 0.1867 2.5341 -3.6782 0.1896 2.5429 -3.7107 0.1725 2.589 -3.732 0.3041 2.6345 -3.6918 0.4454 2.1387 -3.6645 0.5704 1.978 -3.8516 0.1434 2.5785 -3.7598 0.1293 2.552 -3.6543 0.1391 2.5853 -3.6082 0.1446 2.5856 -3.6154 0.1506 2.6429 -3.6718 0.1533 2.6382 -3.782 0.2259 2.4368 -3.6279 0.2833 1.7632 -3.6708 0.5638 1.8269 -3.684 0.5995 1.8561 -3.6857 0.372 2.3797 -3.7338 0.2525 2.3029 -3.6169 0.2772 2.3565 -3.7129 0.2159 2.3847 -3.6517 0.3625 2.3822 -3.3728 0.5683 1.8172 -3.4101 0.6021 1.8391 -3.7091 0.4272 1.6691 -3.5561 0.3589 1.6961 -3.6082 0.3341 1.6685 -3.4694 0.3758 1.7226 -3.4073 0.3584 1.7218 -3.5914 0.62 1.8963 -3.5953 0.6242 1.9142 -3.4266 0.3098 1.7814 -3.6199 0.2978 1.7285 -3.5783 0.3033 1.7662 -3.5297 0.3183 1.779 -3.5582 0.5869 1.8757 -3.6113 0.5759 1.8594 -3.6335 0.5039 1.786 -3.5766 0.518 1.8209 -3.6528 0.4282 1.7078 -3.5973 0.4442 1.7451 -3.7406 0.452 1.8551 -3.7194 0.3827 1.8343 -3.7213 0.3151 2.5959 -3.6915 0.2129 2.4831 -3.64 0.6216 1.8886 -3.505 0.3891 1.7122 -3.5042 0.3719 1.7136 -3.4928 0.3216 1.7838'/>
          </IndexedFaceSet>
        </Shape>
        <Shape DEF='rfpprox4'>
          <Appearance>
            <Material ambientIntensity='0.098' diffuseColor='1 0.9765 0.8667' emissiveColor='0 1 0' shininess='0.05' specularColor='0.349 0.349 0.349'/>
          </Appearance>
          <IndexedFaceSet DEF='rfpprox4_Geo' coordIndex='0 1 2 -1 3 4 5 -1 6 7 8 -1 9 10 3 -1 11 12 13 -1 13 14 11 -1 13 15 14 -1 16 17 18 -1 18 19 16 -1 20 18 17 -1 20 21 11 -1 12 22 13 -1 23 24 25 -1 26 27 28 -1 26 29 27 -1 30 31 32 -1 33 34 35 -1 33 36 34 -1 37 38 39 -1 40 41 42 -1 43 44 45 -1 45 46 47 -1 48 49 50 -1 51 52 53 -1 52 54 53 -1 55 56 32 -1 56 30 32 -1 57 58 59 -1 17 21 20 -1 33 35 60 -1 35 61 60 -1 62 63 64 -1 65 66 22 -1 65 67 66 -1 68 69 37 -1 69 70 37 -1 71 72 73 -1 73 67 71 -1 42 74 75 -1 75 40 42 -1 45 76 77 -1 78 45 79 -1 80 45 47 -1 81 45 82 -1 83 84 85 -1 85 86 83 -1 69 68 87 -1 88 89 90 -1 89 91 90 -1 92 93 94 -1 95 96 97 -1 98 99 100 -1 100 8 7 -1 7 101 100 -1 102 103 25 -1 102 104 103 -1 105 27 106 -1 107 108 109 -1 108 110 109 -1 111 3 10 -1 112 4 0 -1 113 25 103 -1 103 114 113 -1 115 15 23 -1 115 14 15 -1 116 117 118 -1 99 119 120 -1 99 121 119 -1 8 24 6 -1 106 27 97 -1 27 29 97 -1 96 122 97 -1 123 91 89 -1 124 125 93 -1 125 94 93 -1 46 45 44 -1 45 80 126 -1 76 45 78 -1 45 127 82 -1 128 39 129 -1 45 81 43 -1 130 131 107 -1 131 108 107 -1 132 114 133 -1 132 134 114 -1 14 135 20 -1 14 115 135 -1 31 136 5 -1 95 97 29 -1 2 137 19 -1 137 72 19 -1 20 11 14 -1 50 138 48 -1 139 140 132 -1 132 133 139 -1 141 50 49 -1 141 142 50 -1 131 99 108 -1 143 144 145 -1 145 92 143 -1 59 146 57 -1 87 147 69 -1 126 79 45 -1 40 39 41 -1 77 127 45 -1 129 148 128 -1 132 146 134 -1 34 149 35 -1 9 36 33 -1 9 150 36 -1 112 151 152 -1 98 121 99 -1 16 72 71 -1 12 65 22 -1 16 19 72 -1 71 65 21 -1 2 19 18 -1 21 65 12 -1 12 11 21 -1 65 71 67 -1 3 111 1 -1 100 101 98 -1 9 136 150 -1 5 4 153 -1 1 4 3 -1 4 1 0 -1 71 17 16 -1 17 71 21 -1 154 98 122 -1 154 121 98 -1 96 155 156 -1 96 95 155 -1 157 6 15 -1 6 157 105 -1 111 60 116 -1 10 60 111 -1 118 2 1 -1 118 137 2 -1 117 158 159 -1 61 158 117 -1 150 31 30 -1 31 150 136 -1 146 140 57 -1 140 146 132 -1 38 70 160 -1 38 37 70 -1 63 161 83 -1 161 63 162 -1 163 164 84 -1 165 164 163 -1 166 148 167 -1 148 166 168 -1 148 169 167 -1 129 169 148 -1 170 91 123 -1 171 91 170 -1 40 37 39 -1 68 37 40 -1 75 172 87 -1 75 74 172 -1 62 162 63 -1 173 162 62 -1 39 77 41 -1 39 127 77 -1 174 165 163 -1 165 174 175 -1 176 162 177 -1 176 161 162 -1 79 178 179 -1 178 79 126 -1 43 180 175 -1 43 81 180 -1 128 127 39 -1 127 128 82 -1 78 179 181 -1 79 179 78 -1 182 47 177 -1 47 182 80 -1 41 76 42 -1 77 76 41 -1 31 153 32 -1 31 5 153 -1 90 143 88 -1 90 144 143 -1 143 94 183 -1 94 143 92 -1 184 53 54 -1 53 184 185 -1 99 186 100 -1 186 99 131 -1 187 188 189 -1 188 187 190 -1 191 52 192 -1 191 54 52 -1 193 184 194 -1 193 142 184 -1 189 195 187 -1 195 189 196 -1 197 110 120 -1 110 197 198 -1 102 100 186 -1 102 8 100 -1 138 199 200 -1 138 50 199 -1 140 201 202 -1 140 139 201 -1 203 204 205 -1 203 58 204 -1 94 203 183 -1 125 203 94 -1 133 138 139 -1 48 138 133 -1 102 24 8 -1 25 24 102 -1 135 113 206 -1 135 115 113 -1 207 151 208 -1 152 151 207 -1 150 209 36 -1 210 209 150 -1 97 7 106 -1 7 97 101 -1 15 22 157 -1 13 22 15 -1 1 116 118 -1 111 116 1 -1 211 119 212 -1 119 211 213 -1 122 101 97 -1 101 122 98 -1 214 149 215 -1 149 214 158 -1 216 26 217 -1 216 155 26 -1 51 218 196 -1 218 51 109 -1 120 213 197 -1 213 120 119 -1 216 219 220 -1 221 219 216 -1 206 114 134 -1 206 113 114 -1 222 202 201 -1 160 202 222 -1 223 146 59 -1 134 146 223 -1 215 219 221 -1 219 215 224 -1 210 197 213 -1 197 210 56 -1 196 225 195 -1 196 218 225 -1 149 224 215 -1 149 34 224 -1 217 28 66 -1 217 26 28 -1 53 109 51 -1 53 107 109 -1 175 168 165 -1 168 175 180 -1 104 141 49 -1 104 226 141 -1 124 59 125 -1 124 223 59 -1 181 171 170 -1 181 179 171 -1 173 177 162 -1 182 177 173 -1 168 128 148 -1 180 128 168 -1 64 83 86 -1 64 63 83 -1 185 107 53 -1 107 185 130 -1 130 141 226 -1 130 185 141 -1 164 227 228 -1 164 166 227 -1 200 227 229 -1 199 227 200 -1 222 167 169 -1 222 229 167 -1 114 48 133 -1 48 114 103 -1 230 147 231 -1 205 147 230 -1 172 89 231 -1 123 89 172 -1 36 224 34 -1 36 209 224 -1 30 210 150 -1 30 56 210 -1 153 124 93 -1 124 153 152 -1 73 137 159 -1 72 137 73 -1 157 66 28 -1 157 22 66 -1 208 2 18 -1 151 2 208 -1 73 158 214 -1 158 73 159 -1 223 152 207 -1 124 152 223 -1 225 32 232 -1 55 32 225 -1 61 116 60 -1 116 61 117 -1 220 154 156 -1 220 212 154 -1 186 130 226 -1 131 130 186 -1 226 102 186 -1 226 104 102 -1 87 231 147 -1 172 231 87 -1 89 230 231 -1 89 88 230 -1 145 93 92 -1 145 232 93 -1 69 205 204 -1 69 147 205 -1 201 229 222 -1 201 200 229 -1 103 49 48 -1 103 104 49 -1 229 166 167 -1 229 227 166 -1 228 194 85 -1 194 228 193 -1 195 232 145 -1 232 195 225 -1 191 85 194 -1 191 86 85 -1 90 233 190 -1 90 91 233 -1 192 86 191 -1 192 64 86 -1 176 163 161 -1 176 174 163 -1 234 182 173 -1 178 182 234 -1 42 170 74 -1 42 181 170 -1 232 153 93 -1 232 32 153 -1 199 228 227 -1 228 199 193 -1 156 216 220 -1 156 155 216 -1 190 62 188 -1 62 190 233 -1 218 55 225 -1 218 198 55 -1 219 209 211 -1 219 224 209 -1 214 67 73 -1 235 67 214 -1 207 134 223 -1 206 134 207 -1 204 70 69 -1 236 70 204 -1 169 160 222 -1 38 160 169 -1 235 66 67 -1 66 235 217 -1 211 220 219 -1 211 212 220 -1 198 109 110 -1 198 218 109 -1 64 188 62 -1 188 64 192 -1 221 217 235 -1 221 216 217 -1 215 235 214 -1 215 221 235 -1 212 121 154 -1 121 212 119 -1 10 33 60 -1 9 33 10 -1 105 7 6 -1 105 106 7 -1 209 213 211 -1 213 209 210 -1 4 152 153 -1 4 112 152 -1 208 206 207 -1 208 135 206 -1 115 25 113 -1 115 23 25 -1 125 58 203 -1 59 58 125 -1 183 205 230 -1 183 203 205 -1 58 236 204 -1 58 57 236 -1 139 200 201 -1 139 138 200 -1 50 193 199 -1 50 142 193 -1 108 120 110 -1 108 99 120 -1 198 56 55 -1 198 197 56 -1 187 145 144 -1 145 187 195 -1 52 196 189 -1 196 52 51 -1 194 54 191 -1 194 184 54 -1 192 189 188 -1 192 52 189 -1 144 190 187 -1 190 144 90 -1 142 185 184 -1 185 142 141 -1 88 183 230 -1 88 143 183 -1 46 174 176 -1 44 174 46 -1 178 80 182 -1 126 80 178 -1 76 181 42 -1 78 181 76 -1 81 128 180 -1 82 128 81 -1 171 178 234 -1 171 179 178 -1 177 46 176 -1 47 46 177 -1 85 164 228 -1 85 84 164 -1 44 175 174 -1 175 44 43 -1 91 234 233 -1 171 234 91 -1 38 129 39 -1 38 169 129 -1 233 173 62 -1 233 234 173 -1 74 123 172 -1 170 123 74 -1 68 75 87 -1 75 68 40 -1 165 166 164 -1 168 166 165 -1 83 163 84 -1 163 83 161 -1 57 202 236 -1 140 202 57 -1 160 236 202 -1 160 70 236 -1 61 149 158 -1 61 35 149 -1 118 159 137 -1 117 159 118 -1 151 0 2 -1 0 151 112 -1 6 23 15 -1 24 23 6 -1 28 105 157 -1 105 28 27 -1 155 29 26 -1 29 155 95 -1 122 156 154 -1 96 156 122 -1 135 18 20 -1 208 18 135 -1 9 5 136 -1 9 3 5 -1' creaseAngle='1.571'>
            <Coordinate DEF='rfpprox4_Coord' point='-4.0054 0.3406 1.8895 -4.0044 0.3431 1.9095 -4.006 0.3241 1.904 -4.0222 0.3818 1.8632 -4.0211 0.3748 1.8452 -4.0344 0.3911 1.8448 -4.164 0.208 1.8447 -4.2034 0.2319 1.8334 -4.1881 0.2514 1.7863 -4.0571 0.4054 1.9084 -4.0194 0.3816 1.9092 -4.0952 0.2342 1.9189 -4.0995 0.2198 1.9281 -4.1202 0.2165 1.8861 -4.1112 0.2276 1.8791 -4.1472 0.206 1.8535 -4.0469 0.2563 1.9443 -4.0639 0.255 1.9277 -4.0366 0.2786 1.9019 -4.026 0.2817 1.9137 -4.0866 0.2584 1.8935 -4.0883 0.2475 1.9435 -4.1228 0.2036 1.9426 -4.1441 0.2355 1.808 -4.1603 0.2372 1.8017 -4.15 0.2504 1.7163 -4.2235 0.2269 1.9889 -4.217 0.2033 1.9566 -4.2071 0.2027 1.9715 -4.2354 0.2271 1.978 -4.0911 0.4241 1.8368 -4.075 0.4194 1.8395 -4.0718 0.4472 1.7566 -4.058 0.4015 1.959 -4.0565 0.389 2.0055 -4.0463 0.3853 2.0077 -4.0732 0.4093 1.9577 -3.8657 0.4051 1.2809 -3.8939 0.3875 1.272 -3.8915 0.4127 1.2762 -3.8058 0.439 1.2785 -3.8333 0.4476 1.2877 -3.811 0.5276 1.3325 -4.0327 0.4497 1.2838 -4.0537 0.4668 1.2918 -3.9877 0.4898 1.3276 -4.0548 0.4997 1.3191 -4.0371 0.5109 1.3343 -4.1188 0.2629 1.5402 -4.1448 0.2781 1.5267 -4.1487 0.276 1.4406 -4.1972 0.4724 1.5403 -4.18 0.5101 1.4594 -4.2118 0.4305 1.5208 -4.2052 0.4639 1.4423 -4.1287 0.4452 1.7439 -4.1364 0.4141 1.8283 -3.9695 0.344 1.494 -3.9112 0.3406 1.5083 -3.9711 0.3467 1.5759 -4.0182 0.3778 1.9602 -4.0255 0.3638 2.0116 -4.1039 0.5996 1.3788 -4.1644 0.5642 1.3285 -4.1659 0.5572 1.3509 -4.0929 0.2407 1.9528 -4.1638 0.2154 1.9821 -4.1117 0.2464 1.9882 -3.795 0.4226 1.2811 -3.773 0.387 1.3262 -3.8783 0.3848 1.312 -4.0815 0.248 1.9546 -4.034 0.2619 1.9612 -4.0508 0.2873 2.0109 -3.7396 0.5767 1.3244 -3.7369 0.4918 1.2921 -3.9015 0.5054 1.334 -3.9036 0.4708 1.3157 -3.9329 0.5297 1.3463 -3.9788 0.5295 1.3543 -4.0195 0.5222 1.3495 -4.0222 0.4407 1.2799 -3.9907 0.4321 1.2862 -4.1956 0.5171 1.2855 -4.1854 0.4416 1.2104 -4.2181 0.4128 1.2668 -4.1984 0.5043 1.3295 -3.7222 0.4811 1.2964 -3.8745 0.5663 1.4669 -3.8482 0.6077 1.4099 -3.9748 0.5925 1.4511 -3.9693 0.6176 1.402 -3.9508 0.4709 1.5957 -3.9898 0.4342 1.6751 -3.9265 0.4517 1.5995 -4.2482 0.2551 1.9889 -4.2701 0.284 1.9651 -4.2529 0.2605 1.8798 -4.2699 0.3264 1.8375 -4.2619 0.3398 1.7845 -4.224 0.2867 1.7696 -4.237 0.276 1.8249 -4.1756 0.2614 1.6987 -4.1393 0.2583 1.6232 -4.1577 0.2718 1.611 -4.1771 0.1885 1.8981 -4.2133 0.2143 1.8853 -4.2294 0.3999 1.6006 -4.2543 0.3697 1.6932 -4.2135 0.4339 1.6212 -4.2268 0.398 1.7098 -4.0105 0.369 1.909 -4.0086 0.3451 1.8431 -4.108 0.2627 1.7235 -4.0942 0.2803 1.6329 -4.1158 0.2439 1.8141 -4.0003 0.3541 1.9608 -4.0041 0.348 2.0049 -3.9917 0.3263 1.9587 -4.2378 0.3553 1.8534 -4.2389 0.3665 1.8001 -4.2666 0.3358 1.8415 -4.2821 0.3163 1.8888 -3.8343 0.6187 1.3752 -3.9642 0.3813 1.6666 -3.9253 0.397 1.5901 -3.9991 0.5258 1.3519 -3.9319 0.4422 1.3011 -3.9916 0.3824 1.2388 -3.9262 0.3605 1.2358 -4.2347 0.3612 1.5933 -4.2531 0.3493 1.6891 -4.0322 0.318 1.5624 -4.0678 0.2878 1.5525 -4.0495 0.3077 1.6427 -4.0813 0.2729 1.8234 -4.0647 0.411 1.8918 -3.9939 0.3127 1.9586 -4.0892 0.2531 1.4588 -4.034 0.2863 1.4737 -3.9997 0.3311 1.4856 -4.1984 0.3129 1.5171 -4.1886 0.3186 1.4321 -3.9062 0.5264 1.5247 -3.9935 0.5611 1.5088 -4.0178 0.51 1.5886 -4.0118 0.3303 1.5673 -3.7197 0.4391 1.3478 -3.9908 0.3179 1.1994 -4.051 0.3799 2.015 -4.078 0.4124 1.901 -4.0093 0.3309 1.8409 -3.9933 0.3601 1.7525 -4.0156 0.4048 1.7614 -4.2762 0.3288 1.8937 -4.2386 0.2599 2.0003 -4.264 0.2955 1.9731 -4.1603 0.1841 1.9107 -4.0321 0.3569 2.0188 -4.0076 0.3386 2.0083 -3.9074 0.3709 1.3036 -4.1779 0.521 1.2797 -4.1486 0.5635 1.3203 -4.1683 0.4491 1.208 -4.1398 0.37 1.1714 -4.126 0.3812 1.171 -4.0862 0.3356 1.176 -3.9922 0.2983 1.2015 -4.0767 0.3519 1.1763 -3.9173 0.3498 1.2455 -3.8423 0.6127 1.3621 -3.968 0.6112 1.3867 -3.7283 0.578 1.3333 -4.0933 0.5943 1.3653 -4.1143 0.4533 1.2493 -4.0766 0.4138 1.2301 -4.1223 0.5158 1.3021 -4.0867 0.5388 1.3331 -4.0089 0.5693 1.3691 -3.9675 0.5767 1.3741 -4.0525 0.3992 1.2271 -3.8744 0.5772 1.3576 -4.0535 0.56 1.3617 -3.846 0.4789 1.5349 -4.2149 0.3801 1.4303 -4.2253 0.3688 1.5125 -4.2161 0.2991 1.6863 -4.0715 0.5563 1.4921 -4.119 0.5758 1.4232 -4.1386 0.5464 1.4782 -4.0521 0.5853 1.4358 -4.2068 0.4817 1.3848 -4.1699 0.5325 1.4045 -4.1811 0.3289 1.3241 -4.2183 0.3935 1.3447 -4.0925 0.5153 1.5755 -4.1567 0.4997 1.5585 -4.1881 0.3888 1.817 -4.1855 0.4221 1.7282 -4.1293 0.2873 1.3281 -4.0498 0.2542 1.3504 -3.9849 0.2923 1.3774 -3.9499 0.3527 1.3925 -3.859 0.4093 1.5276 -3.8524 0.3553 1.4173 -3.7871 0.4208 1.4402 -4.0684 0.2909 1.733 -4.0251 0.3138 1.7422 -4.0407 0.2949 1.8327 -4.1272 0.3947 1.9414 -4.1296 0.3993 1.8847 -4.1926 0.3644 1.9219 -4.2412 0.3477 1.9073 -4.1904 0.3766 1.8694 -4.0788 0.3132 2.0294 -4.1051 0.3439 2.0289 -4.2071 0.2774 2.0108 -4.1864 0.2439 2.0023 -4.1761 0.4576 1.6404 -4.1778 0.3397 1.9838 -4.2287 0.3176 1.9817 -4.1613 0.3044 2.0113 -3.9481 0.3149 1.2793 -4.0048 0.3319 1.6518 -4.1171 0.3741 2.0008 -4.1155 0.4788 1.6605 -4.2031 0.3031 1.6013 -4.1113 0.2986 1.2156 -4.1684 0.3422 1.2162 -4.0195 0.2645 1.2408 -3.7799 0.5028 1.4699 -3.7323 0.5322 1.4027 -4.0493 0.4721 1.6735 -4.0398 0.6135 1.3914 -4.0349 0.608 1.3777 -4.1371 0.2726 2.0066 -3.9226 0.365 1.4006'/>
          </IndexedFaceSet>
        </Shape>
        <Shape DEF='rfpprox5'>
          <Appearance>
            <Material ambientIntensity='0.098' diffuseColor='1 0.9765 0.8667' emissiveColor='0 1 0' shininess='0.05' specularColor='0.349 0.349 0.349'/>
          </Appearance>
          <IndexedFaceSet DEF='rfpprox5_Geo' coordIndex='0 1 2 -1 3 4 5 -1 6 7 8 -1 9 10 11 -1 12 13 14 -1 15 16 17 -1 18 19 20 -1 19 21 20 -1 22 23 24 -1 25 26 17 -1 27 12 14 -1 28 29 30 -1 31 32 33 -1 34 35 30 -1 34 36 35 -1 37 38 39 -1 39 40 37 -1 41 42 32 -1 43 37 40 -1 43 44 37 -1 45 46 47 -1 47 48 45 -1 49 50 51 -1 52 53 54 -1 1 55 2 -1 43 56 57 -1 58 59 60 -1 58 61 59 -1 62 63 64 -1 31 41 32 -1 15 17 65 -1 66 64 63 -1 63 67 66 -1 68 69 70 -1 71 32 42 -1 71 6 32 -1 72 26 73 -1 65 74 75 -1 65 76 74 -1 77 78 79 -1 13 80 81 -1 13 82 80 -1 12 82 13 -1 12 83 84 -1 12 11 85 -1 86 87 88 -1 88 87 89 -1 87 90 89 -1 76 65 22 -1 91 92 93 -1 91 94 92 -1 95 96 97 -1 97 98 46 -1 46 95 97 -1 64 99 100 -1 64 101 99 -1 34 30 29 -1 29 28 102 -1 103 104 105 -1 103 3 104 -1 106 47 98 -1 96 107 97 -1 108 109 110 -1 26 111 73 -1 111 112 73 -1 22 24 76 -1 89 113 114 -1 114 115 89 -1 86 116 117 -1 86 88 116 -1 12 79 118 -1 85 83 12 -1 84 82 12 -1 119 13 120 -1 119 14 13 -1 26 25 111 -1 121 23 122 -1 121 24 23 -1 12 118 11 -1 101 123 124 -1 72 73 125 -1 126 127 39 -1 126 7 127 -1 32 68 33 -1 128 67 129 -1 128 66 67 -1 64 130 62 -1 64 100 130 -1 131 126 132 -1 126 133 132 -1 17 16 25 -1 35 134 135 -1 136 128 129 -1 61 137 59 -1 138 139 140 -1 138 45 139 -1 141 37 142 -1 142 48 141 -1 133 126 38 -1 43 40 143 -1 144 37 44 -1 53 133 54 -1 53 132 133 -1 50 62 130 -1 130 51 50 -1 46 98 47 -1 44 43 55 -1 39 38 126 -1 55 43 57 -1 57 2 55 -1 55 145 44 -1 146 102 28 -1 28 147 146 -1 69 128 136 -1 70 33 68 -1 128 69 68 -1 92 94 120 -1 94 119 120 -1 90 87 10 -1 87 148 10 -1 18 20 119 -1 119 94 18 -1 149 150 19 -1 149 151 150 -1 27 79 12 -1 27 21 77 -1 77 79 27 -1 17 22 65 -1 20 21 27 -1 13 81 120 -1 152 10 9 -1 152 90 10 -1 72 153 26 -1 143 56 43 -1 154 155 59 -1 59 137 154 -1 59 155 60 -1 144 142 37 -1 134 3 103 -1 4 3 134 -1 154 140 156 -1 140 154 137 -1 157 135 158 -1 135 157 159 -1 159 1 0 -1 159 157 1 -1 56 127 71 -1 56 143 127 -1 149 160 161 -1 160 149 162 -1 20 14 119 -1 14 20 27 -1 19 77 21 -1 19 150 77 -1 94 162 18 -1 94 91 162 -1 163 78 164 -1 163 165 78 -1 80 109 108 -1 109 80 166 -1 120 167 92 -1 167 120 81 -1 152 165 163 -1 165 152 9 -1 109 168 86 -1 168 109 166 -1 147 30 35 -1 147 28 30 -1 102 169 170 -1 146 169 102 -1 171 136 172 -1 171 69 136 -1 42 2 57 -1 42 41 2 -1 48 106 141 -1 48 47 106 -1 53 130 132 -1 53 51 130 -1 107 61 58 -1 61 107 96 -1 50 58 62 -1 107 58 50 -1 37 133 38 -1 141 133 37 -1 48 139 45 -1 48 142 139 -1 138 137 61 -1 138 140 137 -1 172 129 5 -1 172 136 129 -1 35 4 134 -1 35 36 4 -1 159 35 135 -1 147 35 159 -1 146 2 169 -1 146 0 2 -1 25 160 173 -1 16 160 25 -1 161 151 149 -1 161 75 151 -1 174 3 5 -1 174 104 3 -1 175 102 170 -1 175 29 102 -1 131 130 100 -1 131 132 130 -1 176 103 105 -1 103 176 158 -1 177 72 125 -1 178 72 177 -1 8 22 17 -1 8 179 22 -1 123 180 181 -1 101 180 123 -1 101 122 99 -1 101 124 122 -1 112 182 183 -1 112 111 182 -1 184 185 186 -1 187 185 184 -1 116 188 117 -1 189 188 116 -1 190 114 121 -1 190 115 114 -1 74 24 191 -1 76 24 74 -1 188 177 187 -1 177 188 181 -1 118 9 11 -1 118 165 9 -1 192 114 113 -1 192 191 114 -1 68 178 128 -1 72 178 68 -1 166 83 168 -1 84 83 166 -1 148 11 10 -1 85 11 148 -1 190 123 189 -1 190 124 123 -1 122 190 121 -1 124 190 122 -1 152 89 90 -1 152 113 89 -1 193 191 192 -1 74 191 193 -1 164 151 193 -1 150 151 164 -1 184 110 109 -1 186 110 184 -1 185 73 112 -1 125 73 185 -1 183 93 194 -1 182 93 183 -1 110 167 108 -1 110 194 167 -1 156 105 154 -1 176 105 156 -1 131 99 195 -1 99 131 100 -1 52 106 98 -1 106 52 54 -1 155 105 104 -1 105 155 154 -1 174 63 60 -1 174 67 63 -1 180 128 178 -1 66 128 180 -1 32 8 153 -1 8 32 6 -1 145 158 176 -1 145 157 158 -1 57 71 42 -1 56 71 57 -1 144 145 196 -1 44 145 144 -1 176 196 145 -1 176 156 196 -1 143 39 127 -1 143 40 39 -1 157 55 1 -1 145 55 157 -1 7 179 8 -1 7 126 179 -1 153 68 32 -1 153 72 68 -1 33 175 170 -1 33 70 175 -1 70 171 175 -1 171 70 69 -1 67 5 129 -1 67 174 5 -1 101 66 180 -1 64 66 101 -1 195 126 131 -1 195 179 126 -1 49 98 97 -1 49 52 98 -1 50 97 107 -1 97 50 49 -1 92 194 93 -1 167 194 92 -1 110 183 194 -1 110 186 183 -1 187 125 185 -1 177 125 187 -1 182 91 93 -1 182 173 91 -1 75 193 151 -1 193 75 74 -1 164 192 163 -1 193 192 164 -1 189 181 188 -1 181 189 123 -1 89 116 88 -1 89 115 116 -1 165 79 78 -1 118 79 165 -1 168 85 148 -1 83 85 168 -1 82 166 80 -1 82 84 166 -1 113 163 192 -1 152 163 113 -1 184 86 117 -1 184 109 86 -1 191 121 114 -1 24 121 191 -1 115 189 116 -1 190 189 115 -1 117 187 184 -1 188 187 117 -1 186 112 183 -1 185 112 186 -1 111 173 182 -1 111 25 173 -1 195 122 23 -1 195 99 122 -1 181 178 177 -1 180 178 181 -1 153 17 26 -1 153 8 17 -1 179 23 22 -1 179 195 23 -1 34 175 171 -1 175 34 29 -1 60 104 174 -1 104 60 155 -1 15 75 161 -1 15 65 75 -1 162 173 160 -1 162 91 173 -1 41 169 2 -1 31 169 41 -1 147 0 146 -1 147 159 0 -1 5 36 172 -1 36 5 4 -1 62 60 63 -1 62 58 60 -1 51 52 49 -1 52 51 53 -1 96 138 61 -1 95 138 96 -1 138 46 45 -1 138 95 46 -1 141 54 133 -1 141 106 54 -1 34 172 36 -1 34 171 172 -1 31 170 169 -1 31 33 170 -1 86 148 87 -1 148 86 168 -1 81 108 167 -1 108 81 80 -1 78 150 164 -1 150 78 77 -1 16 161 160 -1 16 15 161 -1 19 162 149 -1 162 19 18 -1 7 71 127 -1 71 7 6 -1 142 196 139 -1 142 144 196 -1 156 139 196 -1 139 156 140 -1 103 135 134 -1 103 158 135 -1' creaseAngle='1.571'>
            <Coordinate DEF='rfpprox5_Coord' point='-4.365 0.327 1.5225 -4.3852 0.3158 1.5225 -4.3562 0.3199 1.4744 -4.4831 0.4396 1.5304 -4.4625 0.4466 1.5334 -4.461 0.4657 1.4705 -4.3691 0.3594 1.3179 -4.3831 0.3483 1.3131 -4.3438 0.3844 1.2066 -4.4771 0.421 0.7727 -4.5162 0.4637 0.7852 -4.4375 0.4815 0.8253 -4.3206 0.5495 0.8864 -4.1751 0.5792 0.868 -4.219 0.5181 0.8483 -4.2852 0.4006 1.0351 -4.2726 0.4077 1.038 -4.3144 0.3945 1.121 -4.2226 0.4572 0.8286 -4.2369 0.4498 0.8278 -4.2362 0.4666 0.8244 -4.2431 0.4608 0.8234 -4.3756 0.362 1.1072 -4.4271 0.3625 1.0978 -4.4306 0.3465 1.0131 -4.2257 0.422 1.0487 -4.2666 0.4451 1.1344 -4.2501 0.4744 0.8342 -4.3522 0.3914 1.5676 -4.333 0.4134 1.5311 -4.4006 0.4367 1.5691 -4.2988 0.3637 1.431 -4.3324 0.3998 1.3307 -4.2933 0.3747 1.4322 -4.3924 0.4598 1.5415 -4.412 0.4375 1.5722 -4.4155 0.4548 1.5391 -4.4345 0.2742 1.4351 -4.4288 0.2835 1.3947 -4.4178 0.294 1.3969 -4.4256 0.2856 1.4382 -4.3425 0.3342 1.4252 -4.3603 0.3331 1.4231 -4.4226 0.3049 1.5089 -4.4406 0.2988 1.5212 -4.5474 0.2689 1.4975 -4.5593 0.2699 1.482 -4.4986 0.2529 1.4422 -4.4864 0.2545 1.4566 -4.5561 0.339 1.365 -4.5911 0.3975 1.3837 -4.5325 0.3473 1.3161 -4.5136 0.2947 1.37 -4.5026 0.3136 1.3212 -4.4795 0.2676 1.3769 -4.4239 0.3106 1.5273 -4.4008 0.3198 1.4608 -4.3774 0.3213 1.4699 -4.6003 0.4087 1.434 -4.5916 0.3891 1.515 -4.5639 0.4293 1.4443 -4.611 0.3668 1.5099 -4.5793 0.4131 1.3838 -4.5453 0.4361 1.3941 -4.5168 0.4159 1.2917 -4.3264 0.3641 1.0261 -4.4703 0.4694 1.3134 -4.5033 0.4513 1.4051 -4.335 0.4506 1.3379 -4.3752 0.4838 1.4353 -4.3199 0.4417 1.4379 -4.3882 0.3333 1.4209 -4.3158 0.4771 1.2272 -4.256 0.4972 1.1437 -4.3657 0.3222 0.9222 -4.2959 0.3535 0.9415 -4.3786 0.3303 1.0152 -4.2832 0.3924 0.7966 -4.3401 0.3588 0.782 -4.3378 0.4355 0.8177 -4.2013 0.6784 0.9025 -4.1032 0.6309 0.8385 -4.2388 0.6284 0.8991 -4.3634 0.6111 0.9239 -4.2984 0.6314 0.9231 -4.4361 0.5706 0.8843 -4.4192 0.6628 0.9479 -4.5141 0.5746 0.8782 -4.5076 0.5621 0.9166 -4.5307 0.4405 0.8457 -4.5222 0.4573 0.7921 -4.134 0.4213 0.8639 -4.0906 0.5206 0.8091 -4.081 0.4718 0.8771 -4.1435 0.4647 0.814 -4.5988 0.3224 1.5022 -4.6183 0.3561 1.4972 -4.5734 0.3296 1.4157 -4.5271 0.2854 1.4135 -4.4737 0.382 1.1756 -4.5109 0.3641 1.2801 -4.4967 0.4325 1.1838 -4.3155 0.3735 1.5253 -4.4858 0.4201 1.561 -4.534 0.4122 1.5194 -4.5313 0.3967 1.5398 -4.4828 0.2564 1.4164 -4.6102 0.3947 1.4289 -4.1949 0.682 0.9114 -4.2996 0.6989 0.9455 -4.1847 0.6647 0.9451 -4.1895 0.4636 1.0535 -4.1856 0.5334 1.0618 -4.4962 0.3914 0.8247 -4.4834 0.3878 0.9189 -4.514 0.453 0.938 -4.5015 0.5323 0.9677 -4.427 0.6407 0.9938 -4.3953 0.448 0.814 -4.1568 0.4811 0.8094 -4.103 0.5315 0.8084 -4.4719 0.3843 1.0131 -4.4714 0.3924 1.095 -4.4908 0.469 1.1023 -4.4922 0.4459 1.0998 -4.2754 0.5241 1.1454 -4.4274 0.3229 1.2983 -4.4063 0.3205 1.4165 -4.3883 0.4758 1.3314 -4.4408 0.4728 1.4209 -4.5185 0.3557 1.3015 -4.4805 0.3257 1.283 -4.4871 0.32 1.3071 -4.4585 0.2707 1.3788 -4.4655 0.4305 1.5629 -4.4566 0.4077 1.576 -4.3987 0.4832 1.4313 -4.5893 0.3757 1.5278 -4.5898 0.3282 1.5184 -4.5133 0.2769 1.5312 -4.5648 0.3425 1.5403 -4.464 0.259 1.4214 -4.4618 0.2612 1.4797 -4.4126 0.3124 1.4538 -4.4499 0.2694 1.4935 -4.4484 0.3176 1.5493 -4.3199 0.3601 1.5243 -4.3653 0.3819 1.5731 -4.5028 0.5763 0.8697 -4.219 0.4044 0.8711 -4.2736 0.3796 0.8019 -4.2669 0.3434 0.8526 -4.4834 0.4092 0.7763 -4.311 0.4293 1.2195 -4.5722 0.3875 1.5329 -4.5741 0.4003 1.5174 -4.5487 0.3523 1.5478 -4.4168 0.3371 1.5676 -4.474 0.3969 1.5731 -4.4009 0.3494 1.572 -4.2334 0.4115 0.9576 -4.2514 0.4011 0.9527 -4.2013 0.4154 0.8737 -4.4348 0.379 0.7756 -4.3426 0.3432 0.7859 -4.4283 0.3932 0.7731 -4.2981 0.6948 0.9357 -4.0926 0.6303 0.8429 -4.4098 0.6596 0.9364 -4.2973 0.3585 1.4792 -4.2916 0.3701 1.4802 -4.3848 0.4775 1.4837 -4.4087 0.478 1.4813 -4.1777 0.4197 0.9594 -4.5186 0.4415 1.4546 -4.3221 0.431 1.4828 -4.5115 0.3755 1.5523 -4.3396 0.5505 1.1412 -4.3602 0.5037 1.2242 -4.3928 0.3553 1.1922 -4.4435 0.5035 1.2117 -4.4302 0.5453 1.1281 -4.1288 0.468 0.958 -4.131 0.5523 0.9874 -4.3036 0.6551 1.0026 -4.2288 0.5777 1.0664 -4.2037 0.6233 1.0068 -4.3141 0.6163 1.0567 -4.427 0.6031 1.0424 -4.496 0.5024 1.022 -4.5007 0.4511 1.0117 -4.4359 0.348 0.9199 -4.4426 0.3494 0.8266 -4.3546 0.3141 0.829 -4.0772 0.5728 0.9098 -4.4369 0.3562 1.1803 -4.4978 0.2844 1.5401'/>
          </IndexedFaceSet>
        </Shape>
        <Shape DEF='rfdphal'>
          <Appearance>
            <Material ambientIntensity='0.098' diffuseColor='1 0.9765 0.8667' emissiveColor='1 0 0' shininess='0.05' specularColor='0.349 0.349 0.349'/>
          </Appearance>
          <IndexedFaceSet DEF='rfdphal_Geo' coordIndex='0 1 2 -1 3 4 5 -1 6 7 8 -1 7 9 8 -1 3 5 10 -1 11 12 13 -1 14 15 16 -1 17 18 19 -1 20 21 22 -1 21 23 22 -1 24 25 26 -1 26 19 27 -1 28 29 30 -1 31 32 33 -1 31 34 32 -1 35 31 33 -1 36 37 38 -1 36 38 39 -1 40 38 41 -1 42 43 44 -1 42 45 46 -1 47 48 49 -1 50 51 52 -1 53 54 55 -1 54 56 55 -1 57 58 59 -1 60 61 62 -1 60 63 61 -1 64 58 65 -1 66 7 64 -1 64 65 66 -1 1 67 68 -1 69 56 49 -1 70 71 48 -1 72 73 74 -1 75 76 77 -1 63 78 77 -1 25 79 80 -1 25 24 79 -1 81 82 29 -1 83 84 85 -1 86 87 82 -1 87 88 82 -1 48 89 49 -1 90 6 12 -1 91 51 53 -1 91 52 51 -1 47 86 48 -1 47 92 86 -1 50 52 93 -1 93 94 50 -1 31 35 95 -1 95 29 31 -1 96 97 98 -1 96 99 97 -1 100 101 67 -1 102 67 101 -1 37 41 38 -1 76 75 7 -1 103 59 58 -1 104 58 39 -1 105 0 40 -1 0 104 40 -1 106 78 103 -1 103 107 106 -1 69 49 89 -1 89 108 69 -1 107 109 106 -1 107 110 109 -1 0 2 110 -1 111 112 68 -1 113 114 115 -1 113 116 114 -1 117 118 119 -1 16 11 13 -1 120 121 122 -1 90 11 123 -1 123 83 90 -1 124 125 123 -1 124 126 125 -1 23 127 128 -1 129 130 131 -1 130 132 131 -1 27 129 26 -1 10 131 3 -1 131 132 3 -1 75 9 7 -1 75 133 9 -1 134 135 133 -1 135 9 133 -1 136 137 138 -1 137 139 138 -1 138 140 18 -1 18 141 138 -1 142 122 143 -1 138 144 140 -1 138 139 144 -1 145 146 147 -1 146 148 147 -1 8 9 135 -1 149 148 4 -1 149 147 148 -1 8 12 6 -1 70 10 5 -1 70 150 10 -1 144 151 140 -1 79 150 81 -1 79 10 150 -1 90 83 85 -1 85 6 90 -1 14 152 145 -1 153 118 117 -1 117 154 153 -1 115 117 113 -1 115 155 117 -1 156 68 112 -1 157 158 109 -1 158 159 109 -1 73 160 74 -1 74 161 69 -1 69 108 74 -1 161 162 163 -1 163 91 161 -1 107 58 104 -1 107 103 58 -1 104 38 40 -1 77 164 75 -1 164 71 75 -1 58 64 6 -1 57 65 58 -1 165 37 36 -1 165 166 37 -1 102 101 167 -1 101 100 41 -1 105 1 0 -1 99 168 97 -1 32 42 33 -1 169 94 31 -1 52 170 171 -1 171 93 52 -1 169 82 88 -1 172 50 88 -1 56 69 55 -1 129 27 130 -1 6 39 58 -1 172 88 87 -1 23 173 127 -1 174 166 165 -1 175 61 77 -1 59 103 60 -1 6 64 7 -1 48 164 89 -1 48 71 164 -1 81 29 28 -1 90 12 11 -1 153 176 118 -1 176 177 118 -1 178 2 156 -1 178 157 2 -1 175 77 76 -1 60 62 57 -1 57 59 60 -1 63 77 61 -1 49 54 47 -1 49 56 54 -1 87 86 92 -1 55 91 53 -1 42 44 45 -1 42 32 43 -1 38 104 39 -1 39 6 36 -1 126 23 21 -1 25 179 26 -1 26 179 19 -1 128 143 141 -1 142 127 173 -1 12 152 13 -1 12 180 152 -1 122 136 143 -1 5 4 134 -1 4 148 134 -1 8 180 12 -1 111 102 96 -1 119 113 117 -1 149 130 151 -1 130 149 132 -1 135 148 146 -1 134 148 135 -1 136 121 137 -1 121 136 122 -1 14 13 152 -1 13 14 16 -1 17 141 18 -1 128 141 17 -1 141 136 138 -1 136 141 143 -1 27 18 140 -1 27 19 18 -1 25 181 20 -1 181 25 80 -1 33 46 182 -1 46 33 42 -1 183 184 125 -1 184 183 185 -1 186 95 35 -1 186 187 95 -1 174 99 166 -1 99 174 168 -1 172 92 188 -1 172 87 92 -1 105 67 1 -1 105 100 67 -1 178 158 157 -1 178 189 158 -1 176 190 98 -1 153 190 176 -1 191 171 170 -1 191 119 171 -1 114 163 162 -1 114 116 163 -1 160 155 115 -1 155 160 73 -1 96 190 111 -1 96 98 190 -1 43 34 177 -1 34 43 32 -1 54 92 47 -1 54 188 92 -1 89 192 108 -1 89 164 192 -1 65 62 66 -1 65 57 62 -1 120 142 173 -1 122 142 120 -1 94 88 50 -1 88 94 169 -1 188 53 51 -1 54 53 188 -1 177 93 171 -1 34 93 177 -1 31 82 169 -1 31 29 82 -1 98 46 45 -1 97 46 98 -1 174 187 186 -1 187 174 84 -1 6 165 36 -1 6 85 165 -1 61 66 62 -1 61 175 66 -1 55 161 91 -1 69 161 55 -1 192 159 72 -1 159 192 193 -1 160 161 74 -1 160 162 161 -1 72 158 73 -1 159 158 72 -1 194 111 190 -1 112 111 194 -1 154 190 153 -1 194 190 154 -1 117 189 154 -1 117 155 189 -1 16 195 11 -1 195 16 15 -1 95 30 29 -1 95 185 30 -1 173 195 120 -1 124 195 173 -1 184 84 83 -1 184 187 84 -1 24 10 79 -1 24 131 10 -1 48 150 70 -1 48 86 150 -1 133 5 134 -1 5 133 70 -1 151 147 149 -1 144 147 151 -1 180 145 152 -1 145 180 146 -1 144 145 147 -1 144 139 145 -1 139 14 145 -1 139 137 14 -1 70 75 71 -1 70 133 75 -1 26 131 24 -1 26 129 131 -1 82 150 86 -1 81 150 82 -1 124 23 126 -1 124 173 23 -1 83 125 184 -1 123 125 83 -1 11 124 123 -1 11 195 124 -1 185 181 30 -1 185 183 181 -1 20 183 21 -1 20 181 183 -1 15 120 195 -1 121 120 15 -1 113 191 116 -1 113 119 191 -1 154 178 194 -1 154 189 178 -1 156 194 178 -1 194 156 112 -1 109 2 157 -1 109 110 2 -1 0 107 104 -1 0 110 107 -1 193 109 159 -1 106 109 193 -1 164 193 192 -1 193 164 77 -1 103 63 60 -1 103 78 63 -1 166 167 37 -1 167 166 102 -1 37 101 41 -1 167 101 37 -1 176 43 177 -1 176 44 43 -1 34 94 93 -1 94 34 31 -1 52 163 170 -1 52 91 163 -1 165 84 174 -1 85 84 165 -1 79 28 80 -1 79 81 28 -1 77 106 193 -1 77 78 106 -1 108 72 74 -1 108 192 72 -1 45 176 98 -1 176 45 44 -1 102 68 67 -1 68 102 111 -1 160 114 162 -1 115 114 160 -1 116 170 163 -1 116 191 170 -1 171 118 177 -1 119 118 171 -1 1 156 2 -1 68 156 1 -1 73 189 155 -1 189 73 158 -1 7 175 76 -1 175 7 66 -1 51 172 188 -1 50 172 51 -1 99 102 166 -1 96 102 99 -1 168 186 182 -1 174 186 168 -1 41 105 40 -1 41 100 105 -1 35 182 186 -1 35 33 182 -1 187 185 95 -1 187 184 185 -1 125 21 183 -1 125 126 21 -1 97 182 46 -1 97 168 182 -1 80 30 181 -1 30 80 28 -1 17 179 22 -1 19 179 17 -1 20 179 25 -1 20 22 179 -1 128 22 23 -1 22 128 17 -1 127 143 128 -1 127 142 143 -1 121 14 137 -1 15 14 121 -1 8 146 180 -1 135 146 8 -1 151 27 140 -1 27 151 130 -1 4 132 149 -1 132 4 3 -1' creaseAngle='1.571'>
            <Coordinate DEF='rfdphal_Coord' point='-2.536 0.1391 2.9403 -2.5253 0.1643 2.9246 -2.4465 0.1308 2.9436 -2.4578 0.0748 3.526 -2.4669 0.0667 3.5249 -2.4541 0.0696 3.5149 -2.5558 0.1456 3.3253 -2.5234 0.0865 3.3594 -2.5689 0.1384 3.4176 -2.5312 0.1061 3.4358 -2.4415 0.1088 3.5312 -2.5788 0.1823 3.4271 -2.5879 0.154 3.4048 -2.6375 0.1423 3.436 -2.6482 0.1455 3.4839 -2.6512 0.1628 3.4892 -2.6478 0.1554 3.4655 -2.5849 0.1489 3.7055 -2.5883 0.1266 3.7026 -2.5711 0.129 3.6976 -2.4987 0.2059 3.604 -2.5302 0.2351 3.5984 -2.5498 0.2008 3.6733 -2.5842 0.2246 3.6628 -2.4844 0.1477 3.5878 -2.4857 0.1807 3.5991 -2.5313 0.1318 3.6355 -2.5633 0.0919 3.6604 -2.4139 0.1757 3.4657 -2.3624 0.1888 3.3515 -2.425 0.1995 3.4543 -2.2803 0.2324 3.2279 -2.3483 0.3523 3.1414 -2.3703 0.3099 3.1835 -2.2193 0.2688 3.153 -2.3844 0.2913 3.2131 -2.5773 0.1464 3.2045 -2.5896 0.1805 3.077 -2.5985 0.138 3.1662 -2.5868 0.1278 3.2157 -2.6191 0.1397 3.0745 -2.6198 0.1494 3.0727 -2.3563 0.3535 3.138 -2.3444 0.3542 3.1375 -2.3504 0.3577 3.129 -2.3626 0.3557 3.1325 -2.368 0.3536 3.1368 -2.226 0.0253 3.3186 -2.3307 0.0458 3.3794 -2.2186 0.0109 3.2947 -2.1291 0.0924 3.2463 -2.1135 0.0775 3.233 -2.0571 0.1154 3.1553 -2.1138 0.0539 3.2228 -2.1297 0.0288 3.2799 -2.1239 0.0391 3.2169 -2.14 0.0198 3.2666 -2.5749 0.0635 3.2898 -2.5987 0.0651 3.2204 -2.5729 0.058 3.283 -2.5348 0.046 3.323 -2.464 0.0363 3.3084 -2.533 0.052 3.3319 -2.4654 0.0323 3.2995 -2.5661 0.0929 3.3028 -2.5718 0.0716 3.2935 -2.5258 0.0709 3.3404 -2.5321 0.1778 2.9265 -2.5181 0.1785 2.925 -2.1703 0.0017 3.1926 -2.4269 0.0765 3.4794 -2.388 0.0437 3.3669 -2.2593 0.0763 3.0501 -2.2213 0.1168 2.9866 -2.2012 0.0702 3.0623 -2.4474 0.0421 3.3539 -2.4548 0.0478 3.3278 -2.4117 0.0295 3.2333 -2.4637 0.033 3.2262 -2.4461 0.155 3.5346 -2.4507 0.1867 3.5367 -2.4097 0.147 3.4733 -2.3218 0.1281 3.3811 -2.5232 0.2119 3.4042 -2.4773 0.2355 3.3059 -2.5085 0.2158 3.3029 -2.3122 0.0761 3.3961 -2.2172 0.0723 3.3218 -2.1936 0.0959 3.2825 -2.3053 0.0169 3.2668 -2.5722 0.1736 3.4049 -2.0624 0.0668 3.1244 -2.226 0.0497 3.3306 -2.1334 0.196 3.1612 -2.2064 0.1659 3.233 -2.4231 0.2529 3.318 -2.505 0.2621 2.9912 -2.4341 0.3253 3.1139 -2.4202 0.3286 3.0435 -2.4997 0.2569 3.0759 -2.5537 0.17 2.9305 -2.5546 0.2022 2.9444 -2.5171 0.2476 2.9792 -2.5265 0.0401 3.2191 -2.5734 0.114 3.0778 -2.5502 0.1568 2.9297 -2.4387 0.0525 3.122 -2.4989 0.0887 3.1157 -2.2619 0.0266 3.1604 -2.3975 0.0911 3.018 -2.4722 0.1211 2.9972 -2.506 0.2464 2.977 -2.4764 0.198 2.9629 -2.1143 0.148 3.0497 -2.0883 0.0677 3.0154 -2.1267 0.0974 2.9962 -2.0439 0.0846 3.0549 -2.195 0.2111 3.0414 -2.1748 0.2964 3.0817 -2.1002 0.2079 3.1008 -2.6532 0.1765 3.5955 -2.6682 0.1572 3.572 -2.6718 0.1628 3.6341 -2.5386 0.2202 3.4636 -2.5841 0.2307 3.57 -2.5031 0.2464 3.5014 -2.5458 0.2398 3.5916 -2.6265 0.2124 3.6731 -2.6095 0.1704 3.6932 -2.5225 0.086 3.6285 -2.5076 0.0595 3.6213 -2.4749 0.0999 3.5751 -2.4762 0.0537 3.5604 -2.4846 0.0642 3.4548 -2.4996 0.0618 3.5087 -2.5408 0.1131 3.4841 -2.668 0.1422 3.631 -2.6652 0.1374 3.5726 -2.6347 0.1059 3.6491 -2.6072 0.0984 3.5826 -2.5848 0.0869 3.6629 -2.6245 0.1534 3.6883 -2.6465 0.199 3.6676 -2.6358 0.1675 3.6833 -2.5361 0.0532 3.6088 -2.5831 0.1013 3.5289 -2.5524 0.1158 3.4947 -2.5131 0.0519 3.5523 -2.5043 0.057 3.5246 -2.4861 0.0433 3.556 -2.4047 0.1043 3.4844 -2.5184 0.0478 3.6153 -2.6335 0.1236 3.4491 -2.3037 0.3397 3.0421 -2.3002 0.242 3.0273 -2.2121 0.1352 2.9842 -2.4433 0.1486 2.9421 -2.3622 0.1098 2.957 -2.2851 0.1205 2.9685 -2.3176 0.0824 3.0379 -2.1352 0.0831 2.9983 -2.1157 0.0152 3.0833 -2.0901 0.0513 3.0189 -2.0419 0.0675 3.0655 -2.358 0.0231 3.2501 -2.5155 0.2208 3.1873 -2.5235 0.2304 3.0964 -2.5871 0.1839 3.0621 -2.4379 0.2932 3.1597 -2.2306 0.1585 3.2587 -2.0358 0.1237 3.1181 -2.1014 0.2111 3.1214 -2.1398 0.068 3.2906 -2.6193 0.2212 3.6337 -2.4453 0.2739 3.1969 -2.4609 0.0445 3.312 -2.3082 0.3546 3.0584 -2.1795 0.3026 3.0984 -2.3588 0.1282 2.9523 -2.5377 0.1739 3.6652 -2.5851 0.1432 3.4179 -2.4615 0.2127 3.5311 -2.3945 0.3132 3.1738 -2.4836 0.2412 3.5141 -2.4771 0.2347 3.4213 -2.4546 0.2303 3.4296 -2.4087 0.2933 3.2041 -2.4464 0.2556 3.3099 -2.1289 0.0472 3.2911 -2.2818 0.1391 2.9643 -2.4108 0.3158 3.0273 -2.0415 0.1324 3.0961 -2.3154 0.038 3.1484 -2.369 0.0495 3.1365 -2.3958 0.2178 3.0059 -2.619 0.1956 3.5364'/>
          </IndexedFaceSet>
        </Shape>
        <Shape DEF='rfdphal2'>
          <Appearance>
            <Material ambientIntensity='0.098' diffuseColor='1 0.9765 0.8667' emissiveColor='1 0 0' shininess='0.05' specularColor='0.349 0.349 0.349'/>
          </Appearance>
          <IndexedFaceSet DEF='rfdphal2_Geo' coordIndex='0 1 2 -1 3 4 5 -1 6 7 8 -1 9 10 11 -1 11 0 9 -1 12 13 14 -1 15 16 17 -1 18 8 5 -1 19 20 21 -1 20 22 21 -1 23 24 25 -1 25 26 23 -1 27 28 29 -1 30 31 32 -1 33 34 35 -1 36 37 38 -1 39 35 40 -1 41 32 31 -1 42 43 44 -1 42 19 43 -1 35 45 33 -1 46 17 47 -1 17 16 47 -1 6 8 1 -1 48 18 49 -1 18 50 49 -1 51 52 53 -1 51 26 52 -1 54 55 56 -1 57 58 13 -1 57 59 58 -1 60 49 61 -1 60 62 49 -1 2 9 0 -1 18 63 64 -1 65 46 47 -1 47 66 65 -1 30 32 67 -1 68 29 52 -1 38 33 69 -1 29 70 53 -1 71 19 21 -1 71 43 19 -1 72 73 74 -1 72 75 73 -1 14 76 77 -1 77 78 14 -1 24 79 80 -1 79 81 80 -1 82 25 24 -1 24 80 82 -1 83 84 85 -1 83 86 84 -1 20 87 88 -1 88 22 20 -1 89 90 91 -1 73 81 79 -1 73 75 81 -1 92 71 93 -1 94 45 35 -1 36 38 69 -1 27 29 68 -1 55 65 66 -1 66 56 55 -1 15 17 95 -1 18 48 63 -1 1 0 6 -1 96 60 95 -1 60 61 95 -1 12 97 9 -1 71 92 43 -1 92 98 43 -1 67 32 27 -1 51 53 99 -1 66 100 101 -1 101 56 66 -1 54 5 4 -1 47 100 66 -1 47 16 100 -1 10 102 103 -1 103 11 10 -1 104 105 31 -1 106 107 70 -1 107 108 70 -1 109 39 110 -1 111 38 37 -1 37 112 113 -1 38 34 33 -1 35 39 94 -1 32 28 27 -1 29 53 52 -1 74 69 33 -1 74 73 69 -1 67 114 30 -1 67 115 114 -1 116 117 118 -1 116 119 117 -1 77 75 78 -1 77 81 75 -1 64 2 1 -1 64 57 2 -1 97 120 10 -1 10 9 97 -1 120 97 44 -1 121 103 102 -1 102 122 121 -1 122 102 98 -1 9 2 12 -1 4 103 121 -1 103 4 3 -1 64 8 18 -1 8 64 1 -1 5 50 18 -1 5 101 50 -1 42 75 72 -1 78 75 42 -1 77 80 81 -1 77 91 80 -1 90 123 82 -1 124 123 90 -1 125 126 127 -1 125 128 126 -1 118 129 130 -1 129 118 117 -1 127 119 116 -1 127 126 119 -1 131 132 133 -1 132 131 134 -1 135 68 136 -1 68 135 27 -1 74 45 87 -1 45 74 33 -1 67 135 115 -1 135 67 27 -1 79 23 36 -1 79 24 23 -1 87 94 88 -1 87 45 94 -1 40 137 138 -1 139 137 40 -1 111 113 140 -1 37 113 111 -1 105 41 31 -1 105 141 41 -1 34 111 139 -1 34 38 111 -1 108 53 70 -1 108 99 53 -1 141 106 41 -1 141 107 106 -1 110 141 105 -1 138 141 110 -1 3 11 103 -1 11 3 7 -1 102 120 98 -1 120 102 10 -1 54 101 5 -1 56 101 54 -1 142 85 143 -1 142 62 85 -1 89 124 90 -1 89 84 124 -1 116 135 127 -1 116 115 135 -1 144 145 146 -1 145 144 147 -1 92 122 98 -1 92 148 122 -1 39 134 94 -1 134 39 109 -1 149 148 92 -1 150 148 149 -1 60 85 62 -1 60 83 85 -1 145 151 152 -1 145 153 151 -1 17 96 95 -1 96 17 153 -1 63 142 59 -1 48 142 63 -1 49 154 61 -1 49 50 154 -1 15 61 154 -1 61 15 95 -1 55 150 65 -1 148 150 55 -1 109 132 134 -1 109 104 132 -1 23 37 36 -1 23 112 37 -1 28 41 106 -1 28 32 41 -1 99 140 113 -1 99 108 140 -1 138 107 141 -1 137 107 138 -1 129 93 155 -1 129 156 93 -1 58 89 76 -1 58 143 89 -1 131 22 88 -1 131 157 22 -1 97 14 44 -1 97 12 14 -1 158 149 156 -1 158 152 149 -1 114 130 133 -1 114 118 130 -1 146 117 119 -1 146 158 117 -1 127 136 125 -1 136 127 135 -1 86 147 144 -1 86 83 147 -1 124 86 128 -1 86 124 84 -1 123 136 159 -1 123 125 136 -1 128 144 126 -1 128 86 144 -1 146 152 158 -1 152 146 145 -1 118 115 116 -1 114 115 118 -1 158 129 117 -1 156 129 158 -1 92 156 149 -1 93 156 92 -1 157 133 130 -1 157 131 133 -1 91 76 89 -1 91 77 76 -1 13 76 14 -1 13 58 76 -1 78 44 14 -1 44 78 42 -1 155 71 21 -1 71 155 93 -1 108 137 140 -1 108 107 137 -1 51 113 112 -1 99 113 51 -1 106 29 28 -1 106 70 29 -1 26 112 23 -1 26 51 112 -1 132 31 30 -1 132 104 31 -1 65 151 46 -1 65 150 151 -1 54 121 55 -1 54 4 121 -1 64 59 57 -1 63 59 64 -1 122 55 121 -1 122 148 55 -1 46 153 17 -1 153 46 151 -1 83 96 147 -1 83 60 96 -1 59 143 58 -1 59 142 143 -1 152 150 149 -1 151 150 152 -1 147 153 145 -1 153 147 96 -1 119 144 146 -1 119 126 144 -1 159 82 123 -1 25 82 159 -1 143 84 89 -1 143 85 84 -1 62 48 49 -1 142 48 62 -1 87 72 74 -1 87 20 72 -1 98 44 43 -1 44 98 120 -1 5 7 3 -1 7 5 8 -1 109 105 104 -1 105 109 110 -1 139 35 34 -1 40 35 139 -1 140 139 111 -1 140 137 139 -1 40 110 39 -1 40 138 110 -1 136 52 159 -1 136 68 52 -1 133 30 114 -1 133 132 30 -1 36 73 79 -1 69 73 36 -1 26 159 52 -1 159 26 25 -1 88 134 131 -1 134 88 94 -1 130 155 157 -1 155 130 129 -1 123 128 125 -1 128 123 124 -1 91 82 80 -1 90 82 91 -1 20 42 72 -1 42 20 19 -1 157 21 22 -1 21 157 155 -1 154 101 100 -1 154 50 101 -1 100 15 154 -1 100 16 15 -1 13 2 57 -1 2 13 12 -1 7 0 11 -1 0 7 6 -1' creaseAngle='1.571'>
            <Coordinate DEF='rfdphal2_Coord' point='-3.3048 0.0596 3.7398 -3.3381 0.0483 3.7389 -3.33 0.0849 3.6742 -3.315 0.0554 3.7827 -3.3244 0.0652 3.7882 -3.3653 0.0312 3.7946 -3.3133 0.0407 3.7571 -3.3103 0.0418 3.7632 -3.361 0.0239 3.7891 -3.3176 0.0988 3.6775 -3.3149 0.1061 3.6792 -3.2999 0.0644 3.7434 -3.312 0.0914 3.6231 -3.3154 0.0823 3.6196 -3.274 0.1006 3.5696 -3.4863 0.0789 3.7395 -3.482 0.0912 3.7532 -3.5028 0.107 3.7056 -3.3665 0.0175 3.7877 -3.211 0.159 3.5479 -3.1908 0.1608 3.5312 -3.2565 0.2285 3.5497 -3.2421 0.2385 3.5246 -3.2721 0.0336 3.4348 -3.2741 0.0208 3.4448 -3.3361 0.0123 3.43 -3.3308 0.033 3.4224 -3.4712 0.1102 3.4339 -3.4343 0.1121 3.4409 -3.4255 0.0919 3.4396 -3.4519 0.1813 3.4286 -3.406 0.1714 3.4402 -3.4331 0.1437 3.4419 -3.1813 0.1328 3.5043 -3.248 0.127 3.4869 -3.2555 0.1581 3.4784 -3.224 0.0636 3.4642 -3.2639 0.0801 3.463 -3.2463 0.1029 3.48 -3.2765 0.1829 3.4654 -3.2752 0.156 3.474 -3.3983 0.1452 3.4502 -3.2081 0.1334 3.5446 -3.2701 0.1533 3.5884 -3.2693 0.1252 3.58 -3.1859 0.1557 3.5046 -3.4893 0.1429 3.7136 -3.4791 0.1169 3.7622 -3.3756 0 3.7175 -3.4238 0.0057 3.7114 -3.4035 0.0324 3.7822 -3.3419 0.0573 3.4343 -3.4032 0.0484 3.4277 -3.3834 0.0723 3.4357 -3.3641 0.0918 3.783 -3.3658 0.1517 3.7437 -3.3869 0.1002 3.78 -3.3365 0.071 3.6691 -3.3241 0.0579 3.6087 -3.339 0.0455 3.6567 -3.4442 0.0642 3.6505 -3.4633 0.0323 3.7125 -3.4138 0.0348 3.6432 -3.3507 0.0178 3.7272 -3.3478 0.04 3.7336 -3.4453 0.1676 3.7312 -3.4448 0.1222 3.7749 -3.4824 0.1419 3.4337 -3.4504 0.082 3.4354 -3.1776 0.1085 3.5025 -3.386 0.094 3.4471 -3.3041 0.1972 3.5867 -3.1861 0.1344 3.5302 -3.1765 0.1063 3.5122 -3.1781 0.1319 3.516 -3.1891 0.1064 3.5223 -3.292 0.0635 3.5525 -3.2496 0.0516 3.4996 -3.2114 0.1056 3.5351 -3.227 0.0551 3.4712 -3.2854 0.0207 3.457 -3.235 0.0485 3.4819 -3.3399 0.0105 3.4453 -3.4362 0.0752 3.5869 -3.4033 0.045 3.5302 -3.4055 0.0471 3.5899 -3.4463 0.0704 3.5288 -3.1847 0.1592 3.5187 -3.2183 0.2289 3.5016 -3.3518 0.0377 3.5288 -3.3439 0.0151 3.4676 -3.2964 0.0256 3.4779 -3.346 0.1785 3.6308 -3.338 0.2066 3.5801 -3.2172 0.2127 3.483 -3.4971 0.0693 3.7059 -3.4622 0.0924 3.6495 -3.3051 0.109 3.6293 -3.3045 0.1419 3.636 -3.3439 0.0749 3.4431 -3.4401 0.0688 3.7757 -3.3989 0.0457 3.7899 -3.3161 0.1227 3.683 -3.2957 0.0908 3.7508 -3.3666 0.1994 3.4393 -3.3607 0.1767 3.4482 -3.3913 0.1157 3.4522 -3.3484 0.1194 3.4632 -3.3461 0.0963 3.453 -3.3179 0.1999 3.4444 -3.3158 0.1782 3.4536 -3.2691 0.1015 3.4732 -3.2927 0.0598 3.4475 -3.2994 0.0756 3.4535 -3.4729 0.1964 3.4411 -3.5048 0.1396 3.4476 -3.507 0.1375 3.4717 -3.478 0.1957 3.5112 -3.4779 0.204 3.4834 -3.4993 0.1339 3.4976 -3.3037 0.1168 3.6313 -3.3025 0.105 3.7549 -3.3214 0.1301 3.6828 -3.4096 0.0284 3.4539 -3.4079 0.0307 3.4778 -3.468 0.0629 3.4626 -3.486 0.0985 3.4912 -3.4921 0.098 3.4668 -3.463 0.0639 3.486 -3.4068 0.2447 3.5248 -3.4028 0.2527 3.4959 -3.3051 0.2472 3.4566 -3.3758 0.2272 3.4258 -3.386 0.2442 3.4385 -3.3014 0.2279 3.4411 -3.4903 0.1003 3.4458 -3.4666 0.0653 3.4447 -3.3093 0.1225 3.4716 -3.314 0.1517 3.4667 -3.2723 0.1253 3.4805 -3.3068 0.0991 3.4625 -3.354 0.1494 3.46 -3.3738 0.0261 3.6442 -3.3645 0.0369 3.5922 -3.4629 0.1041 3.5383 -3.4649 0.1345 3.5968 -3.4703 0.143 3.5453 -3.4552 0.1029 3.5912 -3.3588 0.1588 3.6752 -3.4127 0.1892 3.6201 -3.4216 0.1732 3.6688 -3.4599 0.1569 3.6573 -3.4536 0.1692 3.6038 -3.4708 0.1245 3.6498 -3.4381 0.0511 3.7684 -3.33 0.2495 3.5344 -3.4042 0.21 3.5677 -3.3222 0.2576 3.5058 -3.4577 0.1883 3.55 -3.4048 0.0299 3.436'/>
          </IndexedFaceSet>
        </Shape>
        <Shape DEF='rfdphal3'>
          <Appearance>
            <Material ambientIntensity='0.098' diffuseColor='1 0.9765 0.8667' emissiveColor='1 0 0' shininess='0.05' specularColor='0.349 0.349 0.349'/>
          </Appearance>
          <IndexedFaceSet DEF='rfdphal3_Geo' coordIndex='0 1 2 -1 3 4 5 -1 6 2 7 -1 8 9 10 -1 11 4 12 -1 13 14 15 -1 14 16 15 -1 17 18 19 -1 20 21 22 -1 23 24 25 -1 26 27 28 -1 24 29 30 -1 21 20 31 -1 32 25 24 -1 9 33 34 -1 9 8 33 -1 11 0 35 -1 36 37 38 -1 16 39 40 -1 39 41 40 -1 42 43 44 -1 45 46 47 -1 46 48 47 -1 49 50 51 -1 51 52 49 -1 49 53 54 -1 49 52 53 -1 55 37 56 -1 37 57 56 -1 2 58 0 -1 59 60 12 -1 10 61 57 -1 57 62 10 -1 33 63 64 -1 64 34 33 -1 65 66 67 -1 65 68 66 -1 21 69 22 -1 18 39 70 -1 25 71 27 -1 72 41 18 -1 73 74 75 -1 73 76 74 -1 77 78 79 -1 78 80 79 -1 81 82 13 -1 82 83 13 -1 84 14 13 -1 13 83 84 -1 85 86 48 -1 48 46 85 -1 87 88 86 -1 86 85 87 -1 89 90 91 -1 89 92 90 -1 93 94 95 -1 93 96 94 -1 95 52 97 -1 95 53 52 -1 98 99 100 -1 99 101 100 -1 102 103 104 -1 82 81 78 -1 78 77 82 -1 75 97 52 -1 32 24 105 -1 27 71 28 -1 18 70 19 -1 9 61 10 -1 38 59 12 -1 58 35 0 -1 106 60 59 -1 106 107 60 -1 56 61 108 -1 56 57 61 -1 52 73 75 -1 52 51 73 -1 21 19 69 -1 41 109 40 -1 38 37 110 -1 37 55 110 -1 111 112 63 -1 112 43 63 -1 4 3 44 -1 111 63 33 -1 8 111 33 -1 113 114 6 -1 6 115 113 -1 116 20 68 -1 30 117 65 -1 27 26 118 -1 119 120 26 -1 121 30 29 -1 121 117 30 -1 23 25 27 -1 30 105 24 -1 17 19 21 -1 41 39 18 -1 89 91 69 -1 91 22 69 -1 96 90 92 -1 92 122 96 -1 79 76 123 -1 79 100 76 -1 8 10 62 -1 62 111 8 -1 107 0 60 -1 107 1 0 -1 107 124 1 -1 114 58 2 -1 2 6 114 -1 125 11 35 -1 115 51 50 -1 38 12 36 -1 3 113 126 -1 3 5 113 -1 58 125 35 -1 114 125 58 -1 60 11 12 -1 60 0 11 -1 4 36 12 -1 4 112 36 -1 101 76 100 -1 101 74 76 -1 123 77 79 -1 77 123 127 -1 128 83 82 -1 128 103 83 -1 84 129 130 -1 84 102 129 -1 131 132 133 -1 134 132 131 -1 90 93 135 -1 90 96 93 -1 133 122 92 -1 132 122 133 -1 136 66 137 -1 136 67 66 -1 138 70 139 -1 138 19 70 -1 25 98 80 -1 98 25 32 -1 89 19 138 -1 89 69 19 -1 81 15 28 -1 13 15 81 -1 105 98 32 -1 98 105 99 -1 140 121 29 -1 141 121 140 -1 142 26 120 -1 142 118 26 -1 116 31 20 -1 143 31 116 -1 27 140 23 -1 27 118 140 -1 72 109 41 -1 144 109 72 -1 143 145 31 -1 143 146 145 -1 117 143 116 -1 143 117 121 -1 5 114 113 -1 5 125 114 -1 115 7 51 -1 115 6 7 -1 123 73 147 -1 76 73 123 -1 44 112 4 -1 112 44 43 -1 88 110 55 -1 110 88 148 -1 104 129 102 -1 104 87 129 -1 92 138 133 -1 89 138 92 -1 30 67 105 -1 30 65 67 -1 107 149 124 -1 106 149 107 -1 86 55 56 -1 86 88 55 -1 47 150 151 -1 152 150 47 -1 9 108 61 -1 9 152 108 -1 59 110 106 -1 110 59 38 -1 36 57 37 -1 36 62 57 -1 42 54 64 -1 54 42 49 -1 119 28 15 -1 119 26 28 -1 21 145 17 -1 21 31 145 -1 144 120 109 -1 144 142 120 -1 143 141 146 -1 143 121 141 -1 93 97 153 -1 95 97 93 -1 154 128 127 -1 155 128 154 -1 149 104 155 -1 148 104 149 -1 136 101 99 -1 136 156 101 -1 154 7 124 -1 154 147 7 -1 94 53 95 -1 94 151 53 -1 90 137 91 -1 90 135 137 -1 45 96 122 -1 45 94 96 -1 133 139 131 -1 133 138 139 -1 129 85 134 -1 129 87 85 -1 157 131 139 -1 131 157 130 -1 134 46 132 -1 85 46 134 -1 45 151 94 -1 45 47 151 -1 137 156 136 -1 137 135 156 -1 103 155 104 -1 128 155 103 -1 124 155 154 -1 149 155 124 -1 147 127 123 -1 154 127 147 -1 153 75 74 -1 153 97 75 -1 146 142 144 -1 146 141 142 -1 109 119 40 -1 120 119 109 -1 145 18 17 -1 72 18 145 -1 16 119 15 -1 40 119 16 -1 66 20 22 -1 68 20 66 -1 64 43 42 -1 64 63 43 -1 64 150 34 -1 64 54 150 -1 44 126 42 -1 44 3 126 -1 50 42 126 -1 49 42 50 -1 34 152 9 -1 34 150 152 -1 56 48 86 -1 56 108 48 -1 106 148 149 -1 110 148 106 -1 2 124 7 -1 2 1 124 -1 151 54 53 -1 54 151 150 -1 152 48 108 -1 47 48 152 -1 122 46 45 -1 122 132 46 -1 157 84 130 -1 84 157 14 -1 148 87 104 -1 148 88 87 -1 98 79 80 -1 98 100 79 -1 147 51 7 -1 73 51 147 -1 5 11 125 -1 5 4 11 -1 65 116 68 -1 65 117 116 -1 144 145 146 -1 144 72 145 -1 29 23 140 -1 24 23 29 -1 141 118 142 -1 141 140 118 -1 80 71 25 -1 78 71 80 -1 139 39 157 -1 139 70 39 -1 137 22 91 -1 137 66 22 -1 28 78 81 -1 78 28 71 -1 14 39 16 -1 39 14 157 -1 99 67 136 -1 99 105 67 -1 135 153 156 -1 135 93 153 -1 130 134 131 -1 130 129 134 -1 103 84 83 -1 84 103 102 -1 127 82 77 -1 82 127 128 -1 156 74 101 -1 156 153 74 -1 62 112 111 -1 36 112 62 -1 115 126 113 -1 115 50 126 -1' creaseAngle='1.571'>
            <Coordinate DEF='rfdphal3_Coord' point='-3.8248 0.0921 3.2781 -3.8113 0.1202 3.2327 -3.811 0.1435 3.239 -3.8368 0.1149 3.3277 -3.8688 0.0782 3.3334 -3.8282 0.106 3.3218 -3.8104 0.1493 3.2404 -3.7963 0.1529 3.21 -3.9533 0.1288 3.2942 -3.9515 0.1431 3.2471 -3.9512 0.1164 3.2802 -3.8639 0.0713 3.3277 -3.8679 0.0645 3.3262 -3.7604 0.0588 3.0393 -3.8064 0.0464 3.0239 -3.7583 0.0718 3.0295 -3.8003 0.0675 3.0166 -3.8644 0.1399 3.0269 -3.8587 0.1206 3.0233 -3.898 0.1356 3.02 -3.8483 0.1996 3.0425 -3.8646 0.1707 3.0362 -3.8901 0.2069 3.0277 -3.7402 0.1668 3.0689 -3.7479 0.1968 3.0674 -3.6988 0.1773 3.071 -3.7483 0.1188 3.0528 -3.7374 0.143 3.062 -3.7223 0.1051 3.0488 -3.7593 0.193 3.0699 -3.7644 0.2193 3.0672 -3.8369 0.1741 3.0499 -3.705 0.1996 3.0742 -3.9557 0.1543 3.3039 -3.9454 0.1797 3.256 -3.8204 0.0918 3.2959 -3.8965 0.0767 3.3212 -3.8906 0.0493 3.25 -3.8549 0.0474 3.2557 -3.8495 0.0784 3.0166 -3.8026 0.0909 3.0287 -3.8295 0.1033 3.0267 -3.8591 0.198 3.2855 -3.8847 0.1472 3.325 -3.8678 0.1406 3.3277 -3.895 0.166 3.1433 -3.8857 0.1281 3.1345 -3.8966 0.1629 3.1778 -3.8853 0.1324 3.1712 -3.841 0.1998 3.2384 -3.8171 0.1741 3.245 -3.8004 0.1815 3.2164 -3.8282 0.2149 3.2124 -3.8715 0.2208 3.2023 -3.8848 0.2095 3.2327 -3.8662 0.0734 3.2036 -3.8898 0.1002 3.2117 -3.9217 0.0725 3.252 -3.8106 0.1113 3.279 -3.8384 0.0669 3.2657 -3.8274 0.0839 3.2724 -3.9467 0.1063 3.2466 -3.9207 0.0927 3.3082 -3.9303 0.1624 3.3165 -3.9173 0.2076 3.2739 -3.7943 0.233 3.0566 -3.844 0.2569 3.036 -3.7911 0.2619 3.0544 -3.8269 0.2295 3.0491 -3.9096 0.1659 3.0275 -3.8813 0.1092 3.0163 -3.6938 0.1533 3.0703 -3.8274 0.1246 3.0396 -3.7742 0.1896 3.1868 -3.77 0.2645 3.1523 -3.7998 0.2307 3.1878 -3.729 0.1999 3.1299 -3.7048 0.1502 3.0917 -3.6945 0.151 3.0803 -3.7066 0.178 3.0996 -3.6984 0.1764 3.0828 -3.725 0.0963 3.0568 -3.7313 0.0891 3.0689 -3.7672 0.0579 3.0516 -3.8074 0.0442 3.0391 -3.8737 0.0959 3.1237 -3.8702 0.1065 3.1659 -3.8449 0.0739 3.1248 -3.851 0.0809 3.1682 -3.9279 0.1616 3.0434 -3.9111 0.2266 3.0833 -3.9102 0.2203 3.0404 -3.9253 0.1588 3.0682 -3.8689 0.271 3.1297 -3.8939 0.2117 3.1498 -3.8618 0.2369 3.169 -3.9084 0.2178 3.1109 -3.8204 0.2379 3.182 -3.7069 0.2028 3.0897 -3.7392 0.2683 3.0975 -3.7134 0.2035 3.1054 -3.7591 0.2756 3.1263 -3.8072 0.0483 3.0614 -3.7732 0.0618 3.0726 -3.8098 0.0703 3.1236 -3.7337 0.2529 3.0744 -3.8175 0.0894 3.2169 -3.8126 0.112 3.23 -3.903 0.1266 3.2116 -3.8007 0.1081 3.0385 -3.8384 0.0678 3.2041 -3.925 0.11 3.3159 -3.8949 0.0902 3.3292 -3.809 0.1425 3.2907 -3.8085 0.1163 3.2827 -3.8133 0.1671 3.245 -3.8166 0.2074 3.0561 -3.7878 0.2117 3.0631 -3.7516 0.1397 3.0627 -3.7684 0.0965 3.0426 -3.7711 0.1117 3.0495 -3.7821 0.1856 3.072 -3.9154 0.1553 3.0943 -3.7235 0.1752 3.1214 -3.7981 0.1267 3.2005 -3.8197 0.093 3.302 -3.8156 0.156 3.2953 -3.7216 0.1477 3.1103 -3.7419 0.091 3.0876 -3.8496 0.0595 3.0703 -3.8538 0.0575 3.0449 -3.8933 0.0881 3.0481 -3.9025 0.1214 3.0846 -3.9105 0.121 3.0568 -3.8864 0.0888 3.0758 -3.8676 0.2794 3.1028 -3.7982 0.2805 3.0701 -3.8556 0.2729 3.0484 -3.9131 0.124 3.0336 -3.8953 0.0912 3.0276 -3.7546 0.163 3.0713 -3.7765 0.1572 3.0722 -3.7745 0.1343 3.0606 -3.8066 0.1807 3.0647 -3.7997 0.1291 3.0506 -3.8299 0.1455 3.0474 -3.8004 0.1516 3.0639 -3.7688 0.1621 3.1765 -3.8244 0.0738 3.1703 -3.8012 0.0973 3.1871 -3.9087 0.1903 3.2211 -3.8944 0.1979 3.1858 -3.9114 0.1575 3.2128 -3.8185 0.2806 3.1422 -3.7675 0.1376 3.1648 -3.7746 0.0996 3.1477 -3.8132 0.2893 3.1163 -3.8526 0.0595 3.0267'/>
          </IndexedFaceSet>
        </Shape>
        <Shape DEF='rfdphal4'>
          <Appearance>
            <Material ambientIntensity='0.098' diffuseColor='1 0.9765 0.8667' emissiveColor='1 0 0' shininess='0.05' specularColor='0.349 0.349 0.349'/>
          </Appearance>
          <IndexedFaceSet DEF='rfdphal4_Geo' coordIndex='0 1 2 -1 3 4 5 -1 6 2 7 -1 8 9 10 -1 4 11 12 -1 11 13 12 -1 14 4 12 -1 15 16 17 -1 15 18 16 -1 19 20 21 -1 20 22 21 -1 23 24 25 -1 23 26 24 -1 27 28 29 -1 30 31 32 -1 33 34 35 -1 36 37 38 -1 34 39 40 -1 31 30 41 -1 17 42 43 -1 42 44 43 -1 26 35 34 -1 9 45 46 -1 9 8 45 -1 14 0 47 -1 13 48 49 -1 22 50 51 -1 50 52 51 -1 53 54 55 -1 56 57 58 -1 57 59 58 -1 56 58 60 -1 58 61 60 -1 62 63 64 -1 62 65 63 -1 66 48 67 -1 67 68 66 -1 2 69 0 -1 70 71 12 -1 46 45 72 -1 45 73 72 -1 74 75 76 -1 76 77 74 -1 31 78 32 -1 28 50 79 -1 35 80 37 -1 81 52 28 -1 82 83 84 -1 83 85 84 -1 86 87 88 -1 87 89 88 -1 90 91 19 -1 91 92 19 -1 93 86 65 -1 65 94 93 -1 95 20 19 -1 19 92 95 -1 96 97 98 -1 98 99 96 -1 100 101 102 -1 100 103 101 -1 104 58 105 -1 104 61 58 -1 23 25 15 -1 25 18 15 -1 106 107 93 -1 91 90 83 -1 83 82 91 -1 108 105 58 -1 28 27 109 -1 109 81 28 -1 26 34 24 -1 37 80 38 -1 28 79 29 -1 74 32 75 -1 74 30 32 -1 9 110 10 -1 49 70 12 -1 69 47 0 -1 64 71 70 -1 70 62 64 -1 68 110 111 -1 68 67 110 -1 2 1 63 -1 63 7 2 -1 58 42 108 -1 58 59 42 -1 31 29 78 -1 52 112 51 -1 49 48 66 -1 66 113 49 -1 4 3 55 -1 114 73 45 -1 8 114 45 -1 5 14 115 -1 5 4 14 -1 116 30 74 -1 117 81 109 -1 117 118 81 -1 40 119 77 -1 37 36 120 -1 121 122 36 -1 123 40 39 -1 123 119 40 -1 33 35 37 -1 40 24 34 -1 27 29 31 -1 52 50 28 -1 80 35 85 -1 85 83 80 -1 124 50 125 -1 124 79 50 -1 90 38 80 -1 80 83 90 -1 100 102 78 -1 102 32 78 -1 126 101 103 -1 103 127 126 -1 82 89 87 -1 87 91 82 -1 64 0 71 -1 64 1 0 -1 64 63 1 -1 6 128 2 -1 128 69 2 -1 115 14 47 -1 129 59 57 -1 49 12 13 -1 3 130 131 -1 3 5 130 -1 115 69 128 -1 115 47 69 -1 71 14 12 -1 71 0 14 -1 84 89 82 -1 84 43 89 -1 87 92 91 -1 87 107 92 -1 95 132 133 -1 95 106 132 -1 134 135 136 -1 137 135 134 -1 101 138 139 -1 101 126 138 -1 136 127 103 -1 135 127 136 -1 140 75 141 -1 140 76 75 -1 142 79 124 -1 142 29 79 -1 85 26 23 -1 85 35 26 -1 78 142 100 -1 78 29 142 -1 90 21 38 -1 19 21 90 -1 39 143 123 -1 143 39 144 -1 120 122 145 -1 122 120 36 -1 41 116 146 -1 41 30 116 -1 33 120 144 -1 33 37 120 -1 52 118 112 -1 118 52 81 -1 109 146 117 -1 146 109 41 -1 119 146 116 -1 146 119 123 -1 5 128 130 -1 5 115 128 -1 129 7 59 -1 129 6 7 -1 55 11 4 -1 11 55 54 -1 113 97 94 -1 113 66 97 -1 106 96 132 -1 93 96 106 -1 103 142 136 -1 100 142 103 -1 147 148 149 -1 147 150 148 -1 40 76 24 -1 40 77 76 -1 68 97 66 -1 98 97 68 -1 151 152 148 -1 151 153 152 -1 9 111 110 -1 9 151 111 -1 62 49 113 -1 62 70 49 -1 48 154 67 -1 48 13 154 -1 10 67 154 -1 10 110 67 -1 53 60 72 -1 60 53 56 -1 21 36 38 -1 121 36 21 -1 27 41 109 -1 27 31 41 -1 112 145 122 -1 118 145 112 -1 117 123 143 -1 117 146 123 -1 104 155 138 -1 104 105 155 -1 16 42 17 -1 42 16 108 -1 140 18 25 -1 140 156 18 -1 88 7 63 -1 88 44 7 -1 152 104 157 -1 152 61 104 -1 101 141 102 -1 101 139 141 -1 149 126 127 -1 149 157 126 -1 136 124 134 -1 136 142 124 -1 98 147 99 -1 98 150 147 -1 132 99 137 -1 132 96 99 -1 125 134 124 -1 134 125 133 -1 137 147 135 -1 99 147 137 -1 149 152 157 -1 149 148 152 -1 157 138 126 -1 138 157 104 -1 141 156 140 -1 141 139 156 -1 107 86 93 -1 87 86 107 -1 63 86 88 -1 65 86 63 -1 43 88 89 -1 88 43 44 -1 155 108 16 -1 155 105 108 -1 118 143 145 -1 118 117 143 -1 51 122 121 -1 122 51 112 -1 22 121 21 -1 51 121 22 -1 73 53 72 -1 53 73 54 -1 72 153 46 -1 72 60 153 -1 55 131 53 -1 55 3 131 -1 57 53 131 -1 56 53 57 -1 46 151 9 -1 46 153 151 -1 98 111 150 -1 68 111 98 -1 62 94 65 -1 113 94 62 -1 153 61 152 -1 60 61 153 -1 150 151 148 -1 150 111 151 -1 127 147 149 -1 127 135 147 -1 125 95 133 -1 95 125 20 -1 94 96 93 -1 94 97 96 -1 114 54 73 -1 114 11 54 -1 23 84 85 -1 23 15 84 -1 42 7 44 -1 42 59 7 -1 6 130 128 -1 129 130 6 -1 77 116 74 -1 77 119 116 -1 144 34 33 -1 34 144 39 -1 145 144 120 -1 145 143 144 -1 141 32 102 -1 141 75 32 -1 22 125 50 -1 22 20 125 -1 25 76 140 -1 25 24 76 -1 139 155 156 -1 139 138 155 -1 133 137 134 -1 133 132 137 -1 107 95 92 -1 95 107 106 -1 15 43 84 -1 15 17 43 -1 156 16 18 -1 156 155 16 -1 154 11 114 -1 13 11 154 -1 114 10 154 -1 114 8 10 -1 129 131 130 -1 129 57 131 -1' creaseAngle='1.571'>
            <Coordinate DEF='rfdphal4_Coord' point='-4.1198 0.213 2.5275 -4.1366 0.2302 2.4975 -4.1404 0.2513 2.5013 -4.1354 0.2415 2.5694 -4.1474 0.2031 2.5715 -4.1235 0.2344 2.5647 -4.1404 0.2566 2.5021 -4.1366 0.2553 2.4884 -4.2774 0.2261 2.5419 -4.3045 0.2313 2.4995 -4.2801 0.2135 2.5305 -4.1855 0.2086 2.5676 -4.1441 0.1912 2.5631 -4.1869 0.1956 2.5616 -4.1412 0.1972 2.5669 -4.0449 0.3036 2.4174 -4.1318 0.3519 2.4349 -4.0646 0.2997 2.4328 -4.1217 0.3614 2.4133 -4.0862 0.1637 2.3481 -4.1571 0.143 2.3373 -4.0903 0.1743 2.3385 -4.1589 0.1613 2.3293 -4.0378 0.3026 2.4063 -4.0907 0.341 2.3781 -4.0965 0.3559 2.3931 -4.0374 0.2987 2.3943 -4.2771 0.2102 2.3449 -4.2649 0.1946 2.3443 -4.3107 0.2008 2.3397 -4.2646 0.2664 2.3445 -4.2828 0.2376 2.345 -4.3089 0.2649 2.3317 -4.0907 0.2623 2.3833 -4.1106 0.2869 2.3777 -4.0229 0.2798 2.3938 -4.092 0.2177 2.362 -4.0799 0.2415 2.3764 -4.0418 0.211 2.3618 -4.1303 0.2813 2.3752 -4.1413 0.3035 2.3689 -4.2512 0.2464 2.3537 -4.1198 0.2889 2.4645 -4.0511 0.2781 2.4302 -4.1088 0.2645 2.4582 -4.2793 0.2494 2.5484 -4.2996 0.2655 2.5043 -4.119 0.22 2.5428 -4.2072 0.1614 2.5076 -4.1555 0.1666 2.5118 -4.2358 0.1607 2.3354 -4.1753 0.1809 2.339 -4.2215 0.1857 2.3407 -4.1921 0.3 2.5268 -4.1923 0.2574 2.566 -4.1687 0.2547 2.5684 -4.1964 0.295 2.4972 -4.1544 0.2777 2.5044 -4.1945 0.3041 2.4865 -4.1466 0.2805 2.4919 -4.2537 0.2951 2.4925 -4.2546 0.3001 2.4782 -4.1425 0.2005 2.4861 -4.1362 0.2309 2.482 -4.1369 0.2226 2.4959 -4.136 0.2034 2.4726 -4.2141 0.1761 2.4768 -4.2522 0.1762 2.5084 -4.2506 0.1958 2.4827 -4.1203 0.236 2.5262 -4.1356 0.1874 2.5188 -4.1232 0.2047 2.5232 -4.2646 0.2973 2.5172 -4.2496 0.2622 2.5583 -4.2351 0.298 2.3462 -4.2496 0.3188 2.3323 -4.1802 0.3355 2.3487 -4.1889 0.3086 2.3524 -4.3278 0.2258 2.3381 -4.2855 0.1808 2.3419 -4.0083 0.2596 2.3925 -4.2279 0.2048 2.3506 -4.0194 0.257 2.4105 -4.0062 0.2585 2.4011 -4.0289 0.2818 2.4166 -4.0193 0.2802 2.4039 -4.1079 0.206 2.4373 -4.0613 0.1984 2.3946 -4.1039 0.2419 2.4502 -4.0423 0.2534 2.4227 -4.0409 0.2036 2.3684 -4.0458 0.1973 2.3786 -4.0962 0.1625 2.3593 -4.1635 0.1712 2.4192 -4.1705 0.1768 2.4601 -4.1573 0.142 2.3511 -4.2196 0.1674 2.4217 -4.2153 0.1774 2.4587 -4.253 0.195 2.4556 -4.2676 0.1804 2.4204 -4.3458 0.2206 2.3513 -4.3312 0.284 2.3791 -4.3299 0.2749 2.3419 -4.3438 0.2202 2.3729 -4.2568 0.3118 2.4474 -4.1979 0.3222 2.4576 -4.1581 0.147 2.3708 -4.1062 0.1661 2.378 -4.165 0.3206 2.4627 -4.2378 0.2228 2.3553 -4.2912 0.2003 2.5016 -4.2735 0.2161 2.4809 -4.1807 0.1964 2.3466 -4.1713 0.1766 2.477 -4.2329 0.218 2.5593 -4.1158 0.222 2.548 -4.2241 0.2806 2.3543 -4.1948 0.2354 2.3657 -4.1874 0.2152 2.3558 -4.1801 0.2912 2.3601 -4.1043 0.2357 2.3717 -4.1192 0.1938 2.3493 -4.1306 0.2066 2.3548 -4.1692 0.2699 2.3702 -4.2948 0.164 2.3515 -4.2312 0.1451 2.3438 -4.3257 0.279 2.4041 -4.3326 0.2206 2.3958 -4.1171 0.2412 2.529 -4.1471 0.2723 2.5048 -4.1226 0.2649 2.5341 -4.1337 0.2762 2.5372 -4.2277 0.1486 2.381 -4.2325 0.1443 2.3599 -4.2929 0.1631 2.3676 -4.3136 0.1924 2.3917 -4.3221 0.1888 2.3701 -4.2858 0.1668 2.3881 -4.2713 0.3363 2.4148 -4.2731 0.3416 2.3902 -4.1871 0.3526 2.3609 -4.2615 0.3325 2.3421 -4.3241 0.1895 2.3513 -4.1543 0.2462 2.3728 -4.1158 0.256 2.3792 -4.145 0.2259 2.3636 -4.2093 0.2596 2.3641 -4.2889 0.2068 2.4275 -4.2909 0.2408 2.4621 -4.3033 0.2393 2.4319 -4.2762 0.2153 2.4585 -4.2878 0.2418 2.4798 -4.2877 0.2734 2.4661 -4.2844 0.2724 2.4844 -4.2273 0.2027 2.5537 -4.2039 0.3559 2.4238 -4.2011 0.3623 2.4004 -4.3014 0.281 2.4334'/>
          </IndexedFaceSet>
        </Shape>
        <Shape DEF='rfdphal5'>
          <Appearance>
            <Material ambientIntensity='0.098' diffuseColor='1 0.9765 0.8667' emissiveColor='1 0 0' shininess='0.05' specularColor='0.349 0.349 0.349'/>
          </Appearance>
          <IndexedFaceSet DEF='rfdphal5_Geo' coordIndex='0 1 2 -1 3 4 5 -1 6 5 7 -1 6 3 5 -1 8 2 9 -1 10 11 12 -1 4 13 14 -1 13 15 14 -1 16 4 14 -1 17 18 19 -1 17 20 18 -1 21 22 23 -1 22 24 23 -1 21 23 25 -1 25 26 21 -1 27 28 29 -1 30 31 32 -1 33 34 35 -1 36 37 25 -1 34 38 39 -1 31 30 40 -1 7 41 42 -1 7 5 41 -1 19 43 44 -1 43 45 44 -1 46 35 34 -1 11 47 48 -1 11 10 47 -1 16 0 49 -1 15 50 51 -1 24 52 53 -1 52 54 53 -1 55 56 57 -1 58 59 60 -1 60 61 58 -1 62 63 64 -1 63 65 64 -1 66 67 68 -1 68 69 66 -1 67 50 70 -1 70 68 67 -1 2 71 0 -1 72 73 14 -1 48 47 74 -1 47 75 74 -1 76 77 78 -1 76 79 77 -1 31 80 32 -1 28 52 81 -1 35 82 37 -1 83 54 28 -1 84 85 86 -1 85 87 86 -1 88 89 90 -1 89 91 90 -1 92 88 63 -1 63 93 92 -1 94 22 21 -1 21 95 94 -1 96 97 98 -1 97 99 98 -1 100 66 69 -1 69 101 100 -1 98 61 102 -1 98 99 61 -1 103 104 17 -1 104 20 17 -1 105 106 92 -1 107 26 85 -1 85 84 107 -1 108 102 61 -1 83 28 109 -1 28 27 109 -1 46 34 110 -1 37 82 25 -1 28 81 29 -1 11 111 12 -1 51 72 14 -1 71 49 0 -1 62 73 72 -1 62 64 73 -1 68 111 112 -1 68 70 111 -1 2 1 65 -1 65 9 2 -1 61 60 43 -1 43 108 61 -1 31 29 80 -1 54 113 53 -1 66 100 92 -1 92 93 66 -1 51 50 67 -1 67 114 51 -1 4 3 57 -1 115 75 47 -1 10 115 47 -1 5 16 41 -1 5 4 16 -1 116 30 79 -1 117 83 109 -1 117 118 83 -1 39 119 76 -1 37 36 120 -1 121 122 36 -1 123 39 38 -1 123 119 39 -1 33 35 37 -1 39 110 34 -1 27 29 31 -1 54 52 28 -1 82 35 87 -1 87 85 82 -1 26 25 82 -1 82 85 26 -1 124 125 80 -1 125 32 80 -1 126 127 128 -1 127 129 128 -1 86 17 19 -1 19 44 86 -1 10 12 130 -1 130 115 10 -1 64 65 1 -1 41 16 49 -1 131 60 59 -1 51 14 15 -1 41 71 42 -1 41 49 71 -1 73 16 14 -1 73 0 16 -1 44 84 86 -1 84 44 91 -1 89 95 107 -1 89 106 95 -1 94 132 133 -1 94 105 132 -1 134 135 136 -1 137 135 134 -1 129 138 139 -1 129 127 138 -1 136 126 128 -1 135 126 136 -1 140 77 141 -1 140 78 77 -1 142 81 143 -1 142 29 81 -1 87 46 103 -1 87 35 46 -1 80 142 124 -1 80 29 142 -1 103 110 104 -1 103 46 110 -1 38 144 123 -1 144 38 145 -1 120 122 146 -1 122 120 36 -1 116 40 30 -1 147 40 116 -1 33 120 145 -1 33 37 120 -1 118 54 83 -1 118 113 54 -1 147 109 40 -1 147 117 109 -1 119 147 116 -1 147 119 123 -1 131 9 60 -1 131 8 9 -1 57 13 4 -1 13 57 56 -1 114 66 93 -1 114 67 66 -1 92 132 105 -1 92 100 132 -1 128 142 136 -1 124 142 128 -1 148 149 150 -1 149 148 151 -1 39 78 110 -1 39 76 78 -1 99 58 61 -1 58 99 152 -1 151 153 97 -1 154 153 151 -1 11 112 111 -1 11 154 112 -1 72 114 62 -1 114 72 51 -1 50 130 70 -1 50 15 130 -1 12 70 130 -1 12 111 70 -1 55 152 74 -1 152 55 58 -1 23 36 25 -1 121 36 23 -1 31 109 27 -1 31 40 109 -1 113 146 122 -1 118 146 113 -1 123 117 147 -1 117 123 144 -1 138 102 155 -1 98 102 138 -1 18 43 19 -1 43 18 108 -1 107 21 26 -1 107 95 21 -1 140 20 104 -1 140 156 20 -1 90 9 65 -1 90 45 9 -1 125 139 141 -1 125 129 139 -1 149 127 126 -1 149 96 127 -1 136 143 134 -1 136 142 143 -1 69 150 101 -1 69 148 150 -1 132 101 137 -1 132 100 101 -1 133 143 157 -1 134 143 133 -1 137 150 135 -1 101 150 137 -1 149 97 96 -1 149 151 97 -1 129 124 128 -1 124 129 125 -1 96 138 127 -1 138 96 98 -1 156 141 139 -1 140 141 156 -1 106 88 92 -1 89 88 106 -1 65 88 90 -1 63 88 65 -1 91 45 90 -1 91 44 45 -1 155 108 18 -1 155 102 108 -1 118 144 146 -1 118 117 144 -1 53 122 121 -1 122 53 113 -1 24 121 23 -1 53 121 24 -1 77 30 32 -1 79 30 77 -1 75 55 74 -1 55 75 56 -1 74 153 48 -1 74 152 153 -1 57 6 55 -1 57 3 6 -1 59 55 6 -1 58 55 59 -1 48 154 11 -1 48 153 154 -1 69 112 148 -1 68 112 69 -1 62 93 63 -1 114 93 62 -1 97 152 99 -1 152 97 153 -1 148 154 151 -1 148 112 154 -1 126 150 149 -1 126 135 150 -1 94 157 22 -1 94 133 157 -1 115 56 75 -1 115 13 56 -1 103 86 87 -1 103 17 86 -1 45 60 9 -1 43 60 45 -1 8 7 42 -1 131 7 8 -1 76 116 79 -1 76 119 116 -1 145 34 33 -1 34 145 38 -1 146 145 120 -1 146 144 145 -1 81 157 143 -1 81 52 157 -1 141 32 125 -1 141 77 32 -1 22 52 24 -1 52 22 157 -1 104 78 140 -1 104 110 78 -1 139 155 156 -1 139 138 155 -1 133 137 134 -1 133 132 137 -1 106 94 95 -1 94 106 105 -1 91 107 84 -1 107 91 89 -1 156 18 20 -1 156 155 18 -1 130 13 115 -1 15 13 130 -1 0 64 1 -1 64 0 73 -1 42 2 8 -1 42 71 2 -1 131 6 7 -1 131 59 6 -1' creaseAngle='1.571'>
            <Coordinate DEF='rfdphal5_Coord' point='-4.5165 0.2413 1.9402 -4.526 0.2608 1.9164 -4.5243 0.2805 1.9216 -4.5225 0.2674 1.978 -4.5413 0.2319 1.9763 -4.5139 0.2599 1.9734 -4.5125 0.3016 1.9543 -4.5057 0.2901 1.9508 -4.5229 0.2855 1.9228 -4.5192 0.2851 1.9096 -4.6505 0.2687 1.9431 -4.6707 0.2782 1.9056 -4.6533 0.2577 1.931 -4.5728 0.2411 1.9712 -4.5408 0.221 1.9673 -4.5759 0.2294 1.9642 -4.5372 0.2261 1.9716 -4.4224 0.3238 1.8649 -4.4857 0.3763 1.8821 -4.4422 0.3205 1.8786 -4.4716 0.3862 1.8626 -4.4813 0.2214 1.7852 -4.5369 0.2134 1.7702 -4.4805 0.2321 1.7767 -4.5342 0.2308 1.7639 -4.4397 0.2513 1.804 -4.4421 0.2444 1.8098 -4.6309 0.2683 1.7768 -4.6217 0.2558 1.7757 -4.6611 0.2588 1.7692 -4.6128 0.3166 1.7816 -4.6328 0.2916 1.7788 -4.6517 0.3183 1.7667 -4.4699 0.2968 1.8268 -4.4788 0.3197 1.8226 -4.4093 0.3019 1.8412 -4.4786 0.2655 1.8026 -4.4656 0.2801 1.8189 -4.4966 0.3175 1.8189 -4.4994 0.3378 1.8142 -4.6041 0.2986 1.7896 -4.5105 0.2489 1.9565 -4.5073 0.2676 1.9442 -4.495 0.3148 1.8983 -4.4378 0.2993 1.8748 -4.4922 0.2918 1.8906 -4.4152 0.3205 1.8427 -4.6501 0.291 1.9512 -4.6628 0.3105 1.9133 -4.5137 0.2478 1.9512 -4.5952 0.2022 1.9128 -4.5535 0.2028 1.9197 -4.5986 0.2292 1.7659 -4.5469 0.248 1.774 -4.5844 0.2516 1.7738 -4.559 0.3311 1.9434 -4.5695 0.2885 1.9733 -4.5489 0.2834 1.9766 -4.5627 0.3278 1.9187 -4.5297 0.3066 1.9262 -4.5214 0.3095 1.9147 -4.5579 0.3372 1.9092 -4.5366 0.2362 1.9027 -4.5299 0.2413 1.8901 -4.5279 0.254 1.9141 -4.5245 0.2637 1.9015 -4.5961 0.2258 1.8711 -4.5971 0.2204 1.8885 -4.6253 0.2394 1.8939 -4.6244 0.2431 1.8677 -4.6309 0.2194 1.9126 -4.5113 0.2632 1.9409 -4.5345 0.2195 1.929 -4.521 0.2341 1.9352 -4.6276 0.3368 1.9302 -4.6214 0.2995 1.9634 -4.5383 0.3482 1.7965 -4.5913 0.3652 1.7748 -4.5249 0.373 1.7956 -4.5817 0.3429 1.7873 -4.6735 0.2818 1.7687 -4.6413 0.2422 1.7711 -4.4037 0.2826 1.8388 -4.5888 0.2659 1.7845 -4.4163 0.2794 1.8554 -4.4035 0.2803 1.8471 -4.4164 0.3019 1.863 -4.4074 0.3008 1.851 -4.5048 0.2459 1.8657 -4.4645 0.2397 1.8335 -4.4938 0.2729 1.8812 -4.4379 0.2775 1.8658 -4.5528 0.2258 1.8432 -4.5609 0.2234 1.8745 -4.5404 0.211 1.7833 -4.492 0.221 1.7955 -4.6566 0.3251 1.858 -4.6484 0.3157 1.8813 -4.6119 0.3516 1.8771 -4.614 0.3401 1.8979 -4.5975 0.2225 1.8426 -4.6355 0.2332 1.8399 -4.5556 0.3548 1.8909 -4.4155 0.3232 1.8545 -4.4482 0.3803 1.8439 -4.5448 0.2124 1.8024 -4.5032 0.2228 1.8131 -4.4495 0.2387 1.8188 -4.5262 0.3495 1.8972 -4.5956 0.2795 1.7899 -4.4458 0.3669 1.8285 -4.6624 0.2468 1.9059 -4.6428 0.2607 1.8926 -4.5505 0.26 1.7822 -4.5631 0.2188 1.8907 -4.6124 0.2553 1.9616 -4.5749 0.3263 1.7943 -4.5591 0.288 1.803 -4.5547 0.2737 1.7923 -4.5349 0.3318 1.8029 -4.4861 0.2797 1.8129 -4.5026 0.2523 1.7874 -4.5104 0.2631 1.7931 -4.5314 0.3126 1.8114 -4.6918 0.2767 1.78 -4.6707 0.3288 1.7762 -4.6868 0.2722 1.8235 -4.6749 0.3275 1.8365 -4.6933 0.2745 1.8008 -4.6755 0.3346 1.8126 -4.6093 0.2405 1.9552 -4.5248 0.3007 1.9265 -4.6013 0.2113 1.8091 -4.6022 0.211 1.7883 -4.6538 0.2221 1.7939 -4.6724 0.2452 1.8182 -4.6771 0.2443 1.7968 -4.6501 0.2228 1.8143 -4.6189 0.3771 1.8544 -4.6162 0.3842 1.8311 -4.5293 0.3889 1.8083 -4.6014 0.3786 1.7847 -4.6758 0.2469 1.7787 -4.6528 0.2249 1.7785 -4.5247 0.2929 1.8126 -4.4917 0.2955 1.8212 -4.5199 0.2781 1.8026 -4.5667 0.3075 1.8028 -4.6426 0.2621 1.8709 -4.6622 0.287 1.8539 -4.6524 0.256 1.8478 -4.6534 0.2875 1.8755 -4.6155 0.3341 1.9113 -4.6479 0.3131 1.899 -4.6527 0.2869 1.8928 -4.5517 0.3884 1.8683 -4.545 0.3961 1.8465 -4.5981 0.2142 1.773'/>
          </IndexedFaceSet>
        </Shape>
        <Shape DEF='rnaviclr'>
          <Appearance>
            <Material ambientIntensity='0.098' diffuseColor='1 0.9765 0.8667' emissiveColor='1 0 0' shininess='0.05' specularColor='0.349 0.349 0.349'/>
          </Appearance>
          <IndexedFaceSet DEF='rnaviclr_Geo' coordIndex='0 1 2 -1 3 4 5 -1 6 7 8 -1 9 10 11 -1 10 12 11 -1 13 14 15 -1 16 17 18 -1 19 20 21 -1 22 23 19 -1 24 25 26 -1 21 27 28 -1 29 30 31 -1 7 32 33 -1 32 34 33 -1 24 35 36 -1 24 26 35 -1 7 33 8 -1 37 38 39 -1 39 28 37 -1 40 41 42 -1 43 42 44 -1 43 40 42 -1 45 46 47 -1 46 48 47 -1 49 34 50 -1 51 52 53 -1 53 54 51 -1 55 56 57 -1 58 59 60 -1 60 61 58 -1 62 63 64 -1 63 61 64 -1 65 66 67 -1 68 69 70 -1 70 71 68 -1 72 73 74 -1 72 75 73 -1 76 77 78 -1 76 79 77 -1 80 81 82 -1 82 83 80 -1 3 84 4 -1 85 86 87 -1 88 89 90 -1 91 67 66 -1 92 93 94 -1 95 92 94 -1 96 97 65 -1 97 66 65 -1 98 99 100 -1 101 102 103 -1 98 104 105 -1 98 100 104 -1 106 107 108 -1 109 110 111 -1 109 112 110 -1 113 112 109 -1 113 114 112 -1 115 116 117 -1 115 118 116 -1 56 116 119 -1 56 120 116 -1 103 102 107 -1 121 122 123 -1 123 124 121 -1 125 126 127 -1 126 128 127 -1 101 125 127 -1 101 103 125 -1 129 130 131 -1 131 132 129 -1 133 134 135 -1 136 137 138 -1 29 20 139 -1 20 19 139 -1 30 29 140 -1 29 139 140 -1 141 30 142 -1 143 144 145 -1 143 146 144 -1 144 147 145 -1 148 149 150 -1 148 151 149 -1 152 153 154 -1 155 156 157 -1 158 159 133 -1 159 160 133 -1 161 155 162 -1 155 157 162 -1 163 154 153 -1 164 160 159 -1 164 165 160 -1 163 153 166 -1 167 168 169 -1 170 171 172 -1 173 174 175 -1 174 176 175 -1 168 177 169 -1 168 178 177 -1 179 180 181 -1 182 183 184 -1 182 147 183 -1 185 186 187 -1 187 188 185 -1 166 156 189 -1 189 190 166 -1 191 192 193 -1 194 195 196 -1 197 198 199 -1 140 139 200 -1 139 23 200 -1 140 201 202 -1 140 200 201 -1 157 203 162 -1 204 205 124 -1 124 206 204 -1 207 208 209 -1 125 210 211 -1 131 212 213 -1 212 214 213 -1 215 216 217 -1 215 134 216 -1 218 119 219 -1 18 123 16 -1 220 221 122 -1 222 146 223 -1 222 144 146 -1 62 224 35 -1 225 226 227 -1 225 228 226 -1 229 230 231 -1 229 232 230 -1 92 233 234 -1 233 235 234 -1 236 107 102 -1 102 237 236 -1 238 239 240 -1 239 241 240 -1 242 243 244 -1 242 245 243 -1 195 246 169 -1 246 167 169 -1 247 248 249 -1 248 250 249 -1 251 171 246 -1 171 170 246 -1 252 253 254 -1 255 256 257 -1 255 80 256 -1 258 255 259 -1 255 260 259 -1 261 262 263 -1 254 264 265 -1 254 266 267 -1 268 254 150 -1 254 269 270 -1 254 271 272 -1 273 269 274 -1 275 276 277 -1 278 90 279 -1 90 280 279 -1 281 282 283 -1 66 284 91 -1 285 286 287 -1 285 288 286 -1 288 72 289 -1 188 187 259 -1 195 194 251 -1 251 246 195 -1 271 290 291 -1 271 253 290 -1 292 293 274 -1 292 294 293 -1 295 71 296 -1 295 68 71 -1 297 42 298 -1 297 44 42 -1 40 299 300 -1 40 43 299 -1 77 301 78 -1 74 4 302 -1 74 303 4 -1 173 196 244 -1 173 194 196 -1 198 245 199 -1 245 242 199 -1 304 305 306 -1 307 264 308 -1 307 265 264 -1 215 267 309 -1 268 149 310 -1 268 150 149 -1 311 223 146 -1 146 312 311 -1 313 314 160 -1 313 315 314 -1 316 317 238 -1 21 28 138 -1 37 318 38 -1 37 319 318 -1 319 320 318 -1 23 139 19 -1 49 321 322 -1 321 323 322 -1 324 46 52 -1 324 325 46 -1 62 26 326 -1 62 35 26 -1 327 262 328 -1 329 330 331 -1 330 332 331 -1 333 334 335 -1 209 336 262 -1 337 112 114 -1 337 208 112 -1 93 234 338 -1 234 339 338 -1 340 341 342 -1 93 17 94 -1 57 218 343 -1 57 119 218 -1 344 237 39 -1 344 236 237 -1 101 127 345 -1 127 212 345 -1 346 115 347 -1 115 348 347 -1 125 349 210 -1 125 350 349 -1 103 107 106 -1 106 351 103 -1 352 344 353 -1 352 236 344 -1 354 355 356 -1 354 352 355 -1 262 261 209 -1 271 254 253 -1 296 357 358 -1 296 71 357 -1 172 180 249 -1 346 351 106 -1 346 347 351 -1 15 210 359 -1 210 349 359 -1 9 348 117 -1 348 115 117 -1 229 128 360 -1 229 214 128 -1 101 345 102 -1 102 130 136 -1 102 345 130 -1 28 237 138 -1 361 362 363 -1 363 186 361 -1 104 100 364 -1 364 365 104 -1 366 16 367 -1 2 110 368 -1 110 207 368 -1 336 209 208 -1 208 337 336 -1 369 370 56 -1 370 333 335 -1 331 371 372 -1 8 330 329 -1 373 327 328 -1 373 374 327 -1 49 375 321 -1 49 50 375 -1 51 24 376 -1 51 25 24 -1 46 45 52 -1 45 53 52 -1 375 325 324 -1 377 378 318 -1 318 320 377 -1 379 318 378 -1 379 38 318 -1 49 322 33 -1 380 319 31 -1 380 320 319 -1 20 27 21 -1 200 23 381 -1 239 137 241 -1 135 240 241 -1 133 160 216 -1 160 314 216 -1 165 313 160 -1 382 152 154 -1 382 157 152 -1 181 383 382 -1 384 385 386 -1 387 266 388 -1 264 267 217 -1 217 308 264 -1 389 19 390 -1 391 392 242 -1 392 199 242 -1 5 393 3 -1 394 395 256 -1 394 396 395 -1 397 79 76 -1 397 396 79 -1 398 41 40 -1 40 300 398 -1 53 44 297 -1 53 45 44 -1 399 293 183 -1 293 400 183 -1 401 292 402 -1 401 294 292 -1 403 404 252 -1 402 271 291 -1 363 187 186 -1 285 72 288 -1 285 75 72 -1 263 405 0 -1 263 406 405 -1 2 368 0 -1 226 407 227 -1 407 287 227 -1 408 278 279 -1 408 409 278 -1 65 187 363 -1 363 410 65 -1 252 386 403 -1 401 402 411 -1 254 272 269 -1 254 270 148 -1 254 268 266 -1 254 267 264 -1 254 265 252 -1 255 257 260 -1 83 394 256 -1 256 80 83 -1 412 413 414 -1 247 249 180 -1 246 170 167 -1 170 250 167 -1 391 242 196 -1 242 244 196 -1 385 181 415 -1 268 388 266 -1 268 310 388 -1 237 102 138 -1 92 234 93 -1 233 416 235 -1 416 362 235 -1 185 417 179 -1 179 418 185 -1 156 204 189 -1 156 155 204 -1 262 327 419 -1 327 374 420 -1 421 422 226 -1 422 407 226 -1 423 105 10 -1 423 424 105 -1 215 217 267 -1 134 133 216 -1 425 341 340 -1 426 427 428 -1 94 17 429 -1 429 430 94 -1 161 431 155 -1 200 381 432 -1 432 201 200 -1 27 20 29 -1 202 201 433 -1 433 434 202 -1 196 195 169 -1 169 391 196 -1 97 96 193 -1 435 280 89 -1 280 90 89 -1 429 17 16 -1 247 179 417 -1 247 180 179 -1 417 185 188 -1 177 391 169 -1 436 182 184 -1 152 157 156 -1 135 158 133 -1 135 132 158 -1 382 203 157 -1 148 150 254 -1 437 23 22 -1 437 381 23 -1 145 147 438 -1 437 146 143 -1 437 312 146 -1 142 30 202 -1 30 140 202 -1 436 184 439 -1 21 390 19 -1 136 138 102 -1 129 136 130 -1 360 122 121 -1 360 220 122 -1 118 440 119 -1 119 116 118 -1 120 117 116 -1 120 423 117 -1 119 57 56 -1 354 108 107 -1 351 350 103 -1 359 349 348 -1 349 347 348 -1 103 350 125 -1 422 435 1 -1 96 410 191 -1 96 65 410 -1 1 435 441 -1 441 2 1 -1 442 279 280 -1 280 421 442 -1 193 96 191 -1 425 443 444 -1 444 341 425 -1 445 90 278 -1 445 88 90 -1 88 446 89 -1 443 447 444 -1 86 99 87 -1 342 426 340 -1 342 430 426 -1 283 448 281 -1 449 63 450 -1 63 326 450 -1 326 63 62 -1 343 55 57 -1 343 60 55 -1 64 61 60 -1 60 343 64 -1 369 56 55 -1 64 224 62 -1 393 451 3 -1 323 321 36 -1 325 375 452 -1 330 33 322 -1 330 8 33 -1 33 34 49 -1 27 319 37 -1 37 28 27 -1 39 237 28 -1 389 22 19 -1 94 430 95 -1 430 342 95 -1 211 126 125 -1 12 104 365 -1 11 12 13 -1 372 329 331 -1 4 303 5 -1 77 453 301 -1 281 286 282 -1 281 225 286 -1 423 9 117 -1 423 10 9 -1 323 35 332 -1 35 323 36 -1 377 452 375 -1 454 452 377 -1 297 455 456 -1 297 298 455 -1 457 298 458 -1 457 455 298 -1 375 376 321 -1 376 375 324 -1 449 61 63 -1 58 61 449 -1 55 59 369 -1 60 59 55 -1 459 460 357 -1 459 461 460 -1 3 462 84 -1 3 463 462 -1 453 448 283 -1 464 448 453 -1 357 70 459 -1 357 71 70 -1 255 81 80 -1 81 255 275 -1 426 465 340 -1 426 466 465 -1 99 465 466 -1 465 99 86 -1 446 85 87 -1 88 85 446 -1 467 278 409 -1 467 445 278 -1 467 443 425 -1 467 192 443 -1 416 191 410 -1 416 447 191 -1 442 408 279 -1 442 284 408 -1 421 435 422 -1 421 280 435 -1 9 359 348 -1 11 359 9 -1 350 347 349 -1 351 347 350 -1 114 120 56 -1 120 114 113 -1 468 354 356 -1 468 108 354 -1 2 111 110 -1 2 441 111 -1 159 213 231 -1 159 158 213 -1 161 230 431 -1 161 164 230 -1 21 137 390 -1 21 138 137 -1 469 436 439 -1 434 436 469 -1 437 432 381 -1 437 143 432 -1 178 248 188 -1 168 248 178 -1 180 415 181 -1 415 180 172 -1 470 471 472 -1 470 400 471 -1 251 412 171 -1 251 413 412 -1 167 248 168 -1 248 167 250 -1 93 473 17 -1 93 338 473 -1 395 199 392 -1 395 197 199 -1 451 198 474 -1 451 305 198 -1 396 197 395 -1 396 397 197 -1 434 182 436 -1 434 433 182 -1 205 230 232 -1 205 431 230 -1 429 426 430 -1 426 429 427 -1 466 428 364 -1 466 426 428 -1 87 98 475 -1 87 99 98 -1 428 366 476 -1 428 427 366 -1 476 367 477 -1 476 366 367 -1 340 478 425 -1 478 340 465 -1 447 233 444 -1 416 233 447 -1 407 1 0 -1 407 422 1 -1 419 420 479 -1 419 327 420 -1 480 282 289 -1 480 301 282 -1 345 131 130 -1 131 345 212 -1 481 166 190 -1 163 166 481 -1 418 154 482 -1 179 154 418 -1 362 410 363 -1 416 410 362 -1 483 387 316 -1 387 483 309 -1 484 437 22 -1 437 484 312 -1 485 310 311 -1 310 485 388 -1 486 184 470 -1 184 486 398 -1 306 487 304 -1 306 486 487 -1 412 290 404 -1 412 414 290 -1 464 83 448 -1 83 464 394 -1 403 385 415 -1 403 386 385 -1 147 399 183 -1 399 147 488 -1 270 273 489 -1 269 273 270 -1 294 176 471 -1 294 401 176 -1 479 70 490 -1 70 479 459 -1 408 193 409 -1 97 193 408 -1 228 491 226 -1 228 492 491 -1 226 442 421 -1 442 226 491 -1 435 446 441 -1 435 89 446 -1 405 407 0 -1 407 405 287 -1 493 70 69 -1 490 70 493 -1 406 479 490 -1 479 406 419 -1 69 285 493 -1 69 75 285 -1 492 82 81 -1 82 492 228 -1 392 177 257 -1 391 177 392 -1 148 489 151 -1 148 270 489 -1 402 272 271 -1 292 272 402 -1 404 415 412 -1 403 415 404 -1 291 414 494 -1 290 414 291 -1 402 494 411 -1 291 494 402 -1 401 175 176 -1 411 175 401 -1 456 295 296 -1 295 456 455 -1 144 488 147 -1 488 144 222 -1 184 300 439 -1 184 398 300 -1 458 42 41 -1 42 458 298 -1 480 78 301 -1 480 462 78 -1 76 474 397 -1 474 76 463 -1 396 464 79 -1 396 394 464 -1 495 74 73 -1 495 303 74 -1 393 41 306 -1 41 393 458 -1 243 472 174 -1 243 487 472 -1 484 389 317 -1 484 22 389 -1 316 388 485 -1 388 316 387 -1 314 217 216 -1 217 314 308 -1 384 307 315 -1 384 386 307 -1 315 383 384 -1 313 383 315 -1 181 384 383 -1 181 385 384 -1 383 203 382 -1 383 313 203 -1 483 135 134 -1 135 483 240 -1 239 390 137 -1 390 239 389 -1 379 50 34 -1 379 378 50 -1 454 48 452 -1 454 496 48 -1 496 142 497 -1 142 496 141 -1 320 454 377 -1 380 454 320 -1 375 378 377 -1 50 378 375 -1 51 358 25 -1 54 358 51 -1 24 321 376 -1 24 36 321 -1 25 357 460 -1 358 357 25 -1 450 373 449 -1 450 374 373 -1 64 331 224 -1 64 371 331 -1 335 262 336 -1 335 328 262 -1 373 58 449 -1 373 334 58 -1 333 369 59 -1 333 370 369 -1 56 337 114 -1 56 370 337 -1 207 261 368 -1 207 209 261 -1 368 263 0 -1 261 263 368 -1 498 481 339 -1 498 482 481 -1 206 17 473 -1 206 18 17 -1 205 121 124 -1 205 232 121 -1 477 122 221 -1 367 122 477 -1 498 362 361 -1 235 362 498 -1 447 192 191 -1 447 443 192 -1 478 88 445 -1 478 85 88 -1 105 475 98 -1 105 424 475 -1 218 64 343 -1 218 371 64 -1 14 221 211 -1 477 221 14 -1 11 15 359 -1 15 11 13 -1 353 32 499 -1 32 353 500 -1 8 372 6 -1 8 329 372 -1 440 219 119 -1 501 219 440 -1 355 6 501 -1 355 499 6 -1 479 461 459 -1 479 420 461 -1 356 501 440 -1 356 355 501 -1 501 372 219 -1 372 501 6 -1 499 7 6 -1 499 32 7 -1 499 352 353 -1 499 355 352 -1 500 344 39 -1 344 500 353 -1 236 354 107 -1 354 236 352 -1 365 477 14 -1 476 477 365 -1 219 371 218 -1 372 371 219 -1 465 85 478 -1 85 465 86 -1 87 441 446 -1 441 87 111 -1 425 445 467 -1 425 478 445 -1 121 229 360 -1 232 229 121 -1 189 206 473 -1 189 204 206 -1 367 123 122 -1 367 16 123 -1 235 339 234 -1 235 498 339 -1 339 190 338 -1 481 190 339 -1 361 482 498 -1 361 418 482 -1 419 263 262 -1 419 406 263 -1 336 370 335 -1 336 337 370 -1 334 59 58 -1 334 333 59 -1 328 334 373 -1 335 334 328 -1 224 332 35 -1 332 224 331 -1 420 450 461 -1 420 374 450 -1 460 26 25 -1 326 26 460 -1 380 496 454 -1 141 496 380 -1 496 47 48 -1 496 497 47 -1 31 141 380 -1 31 30 141 -1 239 317 389 -1 238 317 239 -1 315 308 314 -1 315 307 308 -1 134 309 483 -1 309 134 215 -1 311 149 223 -1 149 311 310 -1 485 317 316 -1 317 485 484 -1 245 305 304 -1 198 305 245 -1 487 470 472 -1 470 487 486 -1 243 173 244 -1 173 243 174 -1 303 457 5 -1 457 303 495 -1 306 398 486 -1 398 306 41 -1 451 463 3 -1 451 474 463 -1 480 84 462 -1 502 84 480 -1 455 495 295 -1 455 457 495 -1 438 182 433 -1 438 147 182 -1 439 299 469 -1 300 299 439 -1 497 43 47 -1 497 299 43 -1 296 54 456 -1 54 296 358 -1 400 294 471 -1 294 400 293 -1 411 503 175 -1 411 494 503 -1 494 413 503 -1 494 414 413 -1 274 272 292 -1 272 274 269 -1 151 488 222 -1 151 489 488 -1 259 178 188 -1 178 259 260 -1 275 492 81 -1 277 492 275 -1 286 289 282 -1 286 288 289 -1 493 287 405 -1 493 285 287 -1 73 295 495 -1 295 73 68 -1 405 490 493 -1 406 490 405 -1 491 284 442 -1 91 284 491 -1 492 91 491 -1 492 277 91 -1 228 281 82 -1 228 225 281 -1 277 67 91 -1 277 276 67 -1 399 274 293 -1 399 273 274 -1 178 257 177 -1 178 260 257 -1 488 273 399 -1 273 488 489 -1 386 265 307 -1 386 252 265 -1 258 187 65 -1 258 259 187 -1 301 283 282 -1 283 301 453 -1 253 404 290 -1 252 404 253 -1 245 487 243 -1 245 304 487 -1 311 484 485 -1 311 312 484 -1 266 309 267 -1 266 387 309 -1 240 316 238 -1 316 240 483 -1 482 163 481 -1 154 163 482 -1 213 229 231 -1 229 213 214 -1 286 227 287 -1 286 225 227 -1 502 289 72 -1 502 480 289 -1 149 222 223 -1 151 222 149 -1 469 497 142 -1 469 299 497 -1 220 211 221 -1 220 126 211 -1 342 444 95 -1 342 341 444 -1 212 128 214 -1 212 127 128 -1 211 15 14 -1 210 15 211 -1 364 476 365 -1 364 428 476 -1 16 427 429 -1 427 16 366 -1 112 207 110 -1 207 112 208 -1 466 100 99 -1 466 364 100 -1 162 313 165 -1 162 203 313 -1 433 432 438 -1 201 432 433 -1 197 474 198 -1 397 474 197 -1 451 306 305 -1 451 393 306 -1 256 392 257 -1 256 395 392 -1 338 189 473 -1 338 190 189 -1 250 172 249 -1 250 170 172 -1 418 186 185 -1 418 361 186 -1 194 413 251 -1 413 194 503 -1 415 171 412 -1 171 415 172 -1 188 247 417 -1 248 247 188 -1 184 400 470 -1 184 183 400 -1 472 176 174 -1 472 471 176 -1 173 503 194 -1 175 503 173 -1 153 156 166 -1 156 153 152 -1 161 165 164 -1 161 162 165 -1 179 382 154 -1 179 181 382 -1 438 143 145 -1 432 143 438 -1 202 469 142 -1 434 469 202 -1 241 136 129 -1 137 136 241 -1 135 129 132 -1 129 135 241 -1 164 231 230 -1 164 159 231 -1 213 132 131 -1 158 132 213 -1 128 220 360 -1 126 220 128 -1 123 206 124 -1 206 123 18 -1 118 356 440 -1 468 356 118 -1 346 108 468 -1 346 106 108 -1 115 468 118 -1 115 346 468 -1 113 423 120 -1 423 113 424 -1 424 109 475 -1 424 113 109 -1 105 12 10 -1 105 104 12 -1 284 97 408 -1 284 66 97 -1 111 475 109 -1 111 87 475 -1 192 409 193 -1 467 409 192 -1 155 205 204 -1 205 155 431 -1 72 302 502 -1 302 72 74 -1 258 275 255 -1 258 276 275 -1 448 82 281 -1 448 83 82 -1 453 79 464 -1 453 77 79 -1 462 76 78 -1 463 76 462 -1 502 4 84 -1 302 4 502 -1 75 68 73 -1 75 69 68 -1 65 276 258 -1 65 67 276 -1 461 326 460 -1 461 450 326 -1 324 51 376 -1 51 324 52 -1 53 456 54 -1 53 297 456 -1 5 458 393 -1 5 457 458 -1 452 46 325 -1 46 452 48 -1 47 44 45 -1 47 43 44 -1 27 31 319 -1 31 27 29 -1 34 500 379 -1 500 34 32 -1 39 379 500 -1 39 38 379 -1 332 322 323 -1 332 330 322 -1 92 444 233 -1 92 95 444 -1 14 12 365 -1 13 12 14 -1' creaseAngle='1.571'>
            <Coordinate DEF='rnaviclr_Coord' point='-2.1418 1.6735 -0.8069 -2.2132 1.6703 -0.859 -2.2021 1.5382 -0.9096 -2.3346 2.2363 -0.8116 -2.3126 2.2297 -0.7987 -2.2015 2.2104 -0.8407 -1.5677 1.2984 -1.2442 -1.5178 1.3613 -1.2314 -1.514 1.3744 -1.2157 -1.8337 1.3893 -1.2472 -1.9221 1.3845 -1.1829 -1.8634 1.3936 -1.272 -1.9527 1.3828 -1.2234 -1.8781 1.3906 -1.2879 -1.9225 1.3736 -1.3538 -1.8527 1.3933 -1.3096 -2.1858 1.2638 -1.5203 -2.2686 1.2358 -1.5743 -2.2312 1.2619 -1.5908 -1.6041 1.825 -1.5394 -1.5871 1.8204 -1.5348 -1.5644 1.7687 -1.5981 -1.6841 1.8618 -1.4529 -1.6634 1.8719 -1.4349 -1.5826 1.6672 -0.899 -1.681 1.8346 -0.7602 -1.5835 1.6548 -0.8771 -1.5556 1.8078 -1.5102 -1.5264 1.6919 -1.6155 -1.6148 1.8772 -1.4312 -1.6946 1.9682 -1.2593 -1.6132 1.876 -1.4054 -1.4956 1.4173 -1.346 -1.5048 1.3875 -1.2346 -1.491 1.432 -1.3281 -1.5177 1.5445 -0.9827 -1.5155 1.5632 -0.9952 -1.5162 1.6891 -1.5969 -1.4899 1.5497 -1.5364 -1.4924 1.5347 -1.5514 -1.9814 2.1362 -0.9642 -2.099 2.193 -0.9621 -1.9863 2.1273 -0.9292 -1.8701 2.0679 -0.9645 -1.8771 2.0649 -0.9167 -1.7918 1.9846 -0.9388 -1.7309 1.8944 -0.9729 -1.7926 1.9896 -0.987 -1.7417 1.9014 -1.016 -1.5134 1.4785 -1.2151 -1.5291 1.5092 -1.2555 -1.6806 1.8884 -0.8577 -1.696 1.8995 -0.9117 -1.7713 1.9959 -0.8637 -1.7713 1.9882 -0.8076 -1.8247 1.3309 -1.1181 -1.897 1.3411 -1.1297 -1.8177 1.3289 -1.137 -1.6356 1.3634 -1.0059 -1.7303 1.3272 -1.0718 -1.7257 1.3335 -1.093 -1.628 1.3675 -1.0288 -1.5706 1.522 -0.9272 -1.5864 1.5187 -0.9144 -1.6208 1.3655 -1.0485 -2.6584 1.6773 -1.1944 -2.575 1.6072 -1.1562 -2.6551 1.686 -1.1719 -2.0494 2.0294 -0.7061 -2.0599 2.0154 -0.7132 -1.9424 1.9432 -0.691 -1.9224 1.9723 -0.693 -2.2367 2.1525 -0.7561 -2.1361 2.0778 -0.7251 -2.2261 2.1622 -0.7589 -2.1411 2.0578 -0.7301 -2.4945 2.147 -0.8381 -2.5238 2.0911 -0.8354 -2.4913 2.1376 -0.8282 -2.53 2.0942 -0.8508 -2.622 1.951 -0.9914 -2.6197 1.9359 -0.9847 -2.5534 1.9713 -0.9062 -2.5564 1.9874 -0.9089 -2.3295 2.2281 -0.8007 -2.189 1.4585 -1.0869 -2.1724 1.4246 -1.1087 -2.137 1.4443 -1.0369 -2.2515 1.5587 -1.0098 -2.2239 1.6383 -0.9255 -2.2955 1.6206 -0.9764 -2.5734 1.6844 -1.1082 -2.3097 1.2455 -1.5408 -2.3099 1.2459 -1.5829 -2.2902 1.2369 -1.5424 -2.2963 1.2583 -1.4881 -2.6202 1.6484 -1.1949 -2.5724 1.597 -1.1682 -2.0765 1.395 -1.1349 -2.1477 1.4068 -1.1214 -2.0797 1.3884 -1.1551 -1.6919 1.5584 -1.5776 -1.6205 1.6187 -1.638 -1.6739 1.5414 -1.5722 -1.9951 1.3789 -1.2008 -1.9933 1.3824 -1.1584 -1.6797 1.4774 -1.4723 -1.6518 1.5269 -1.5711 -1.6675 1.4523 -1.4945 -2.053 1.3917 -1.0766 -2.1274 1.4266 -1.0026 -2.1375 1.4275 -1.0137 -2.0472 1.3831 -1.0648 -1.9868 1.3729 -1.1114 -1.9809 1.3666 -1.0969 -1.769 1.3802 -1.2787 -1.8032 1.3352 -1.2174 -1.8107 1.3775 -1.2262 -1.7665 1.3397 -1.2908 -1.7859 1.3195 -1.21 -1.9094 1.3514 -1.1443 -2.0976 1.3693 -1.5398 -2.0911 1.3378 -1.5202 -2.1739 1.2877 -1.5591 -2.1728 1.3232 -1.5873 -1.7891 1.482 -1.4982 -1.8881 1.4335 -1.4977 -1.8059 1.5051 -1.5213 -1.9043 1.4664 -1.5169 -1.7116 1.6253 -1.607 -1.709 1.6019 -1.597 -1.8309 1.5624 -1.5367 -1.8387 1.5749 -1.5591 -1.9608 1.5449 -1.5377 -1.9379 1.5839 -1.4443 -1.8355 1.5941 -1.5579 -1.5962 1.6679 -1.6487 -1.5992 1.695 -1.6395 -1.5688 1.6847 -1.6459 -1.6462 1.8839 -1.4315 -1.7154 1.973 -1.2765 -1.7097 1.9661 -1.1991 -1.7406 2.0171 -1.1702 -1.7948 1.9947 -1.2627 -1.8582 2.0636 -1.2068 -1.8475 2.0698 -1.2014 -1.8074 1.9843 -1.2594 -1.9361 2.1397 -1.1669 -2.093 1.8374 -1.1929 -1.9809 1.8717 -1.1977 -2.0872 1.8137 -1.1961 -2.0172 1.92 -1.1771 -2.3364 1.4156 -1.725 -2.3621 1.3972 -1.7152 -2.4007 1.4658 -1.6393 -2.2841 1.4062 -1.7143 -2.3135 1.3854 -1.7272 -2.3049 1.426 -1.7132 -1.9477 1.5354 -1.5465 -2.0509 1.4962 -1.5602 -2.0563 1.5066 -1.5573 -2.2057 1.4508 -1.666 -2.2148 1.4626 -1.6597 -2.362 1.3738 -1.7026 -2.1407 1.4722 -1.6098 -2.1506 1.4846 -1.6029 -2.3524 1.3568 -1.7142 -2.6323 1.884 -1.2573 -2.6581 1.8849 -1.2603 -2.6684 1.9695 -1.2318 -2.5437 1.8048 -1.3466 -2.5342 1.8163 -1.3611 -2.475 1.6729 -1.4466 -2.5213 2.1785 -1.2043 -2.473 2.2532 -1.1602 -2.5083 2.1744 -1.2098 -2.4648 2.2476 -1.1687 -2.6791 1.9596 -1.2129 -2.6741 1.8796 -1.2513 -2.4667 1.5712 -1.5564 -2.4614 1.5886 -1.5357 -2.4432 1.5902 -1.553 -1.9315 2.1524 -1.1435 -2.1102 2.2236 -1.1099 -2.103 2.2334 -1.0964 -2.5535 1.6154 -1.3985 -2.5525 1.5933 -1.3506 -2.6505 1.7051 -1.2441 -2.6325 1.7483 -1.2992 -2.2986 1.3194 -1.6966 -2.3397 1.3152 -1.6883 -2.5151 1.5573 -1.2415 -2.4706 1.5835 -1.222 -2.5403 1.6107 -1.2035 -2.5821 2.0065 -1.3101 -2.6165 1.99 -1.2612 -2.6153 2.0256 -1.2457 -2.5353 2.1508 -0.9931 -2.4348 2.2207 -0.9581 -2.5418 2.1569 -1.0263 -1.7278 1.9392 -1.3016 -1.7754 2.0077 -1.2004 -1.762 2.0325 -1.1921 -2.269 1.4478 -1.6466 -2.2625 1.3366 -1.6866 -2.1844 1.3778 -1.6081 -2.2461 1.2729 -1.6213 -2.0683 1.4418 -0.9567 -2.0108 1.4081 -0.9895 -1.9878 1.472 -0.9025 -1.8195 1.4222 -1.4001 -1.884 1.3965 -1.4337 -1.8227 1.5377 -1.5281 -1.9418 1.5244 -1.5223 -1.9207 1.4958 -1.5204 -2.0123 1.647 -1.32 -2.0089 1.5473 -1.4525 -2.066 1.6269 -1.3365 -1.7004 1.3126 -1.146 -1.6749 1.2784 -1.2014 -1.9765 1.3849 -1.4972 -1.9803 1.3738 -1.4746 -1.9027 2.0202 -1.2115 -1.8498 1.962 -1.2442 -1.5514 1.4428 -1.0013 -2.4185 1.9201 -0.8089 -2.3866 1.7372 -0.9348 -2.2828 1.7891 -0.8325 -2.4901 1.8772 -0.9225 -2.0173 1.4469 -1.531 -2.138 1.4448 -1.5739 -2.0467 1.4769 -1.5285 -2.1171 1.4109 -1.5577 -2.3689 1.3413 -1.3997 -2.3301 1.2646 -1.5742 -2.3792 1.3626 -1.4636 -1.5793 1.5174 -1.5724 -1.5339 1.6283 -1.6366 -1.7453 1.7073 -1.484 -1.674 1.707 -1.5667 -1.8057 1.6344 -1.5366 -1.7107 1.6367 -1.6044 -2.5463 2.1596 -1.0865 -2.4504 2.2348 -1.0842 -2.5217 2.1596 -1.1464 -2.444 2.2371 -1.0265 -2.5881 1.8877 -1.2963 -2.5456 1.6354 -1.4274 -2.6162 1.7574 -1.3101 -2.4951 1.6452 -1.4201 -2.5667 1.777 -1.3115 -2.575 1.9233 -1.3495 -2.2272 1.7683 -1.2334 -2.2289 1.7907 -1.2221 -2.1485 1.7936 -1.2126 -2.6982 1.8688 -1.1208 -2.6343 1.9922 -1.0103 -2.6939 1.9338 -1.148 -2.6871 1.7423 -1.1788 -2.6674 1.74 -1.2357 -2.6937 1.8733 -1.1817 -2.0053 1.5323 -0.8631 -1.8667 1.5549 -0.8011 -2.0238 1.6218 -0.8152 -2.1582 1.721 -1.2459 -2.1937 1.7325 -1.245 -2.0963 1.7582 -1.2239 -2.1251 1.739 -1.2373 -2.0817 1.7898 -1.2 -2.1364 1.8636 -1.1843 -2.1146 1.8506 -1.1883 -2.2246 1.8117 -1.2113 -2.1745 1.8545 -1.1884 -2.1189 1.9662 -1.1522 -2.1678 1.9675 -1.1454 -2.6921 1.8594 -1.1113 -2.6821 1.7386 -1.166 -2.6363 1.7756 -1.1039 -2.3846 1.599 -1.0753 -2.4135 1.5954 -1.0607 -2.3205 1.622 -0.9696 -2.4829 1.9803 -0.817 -2.4266 2.0474 -0.7943 -2.4945 2.0035 -0.8231 -2.527 1.5997 -1.1266 -2.1865 1.9578 -0.7469 -2.3658 1.975 -0.7831 -2.2227 1.8528 -0.789 -2.2962 2.0497 -0.7581 -2.3406 2.0995 -0.7706 -2.3576 1.8173 -1.2456 -2.348 1.8516 -1.2191 -2.2187 1.9536 -1.1438 -2.2038 2.1452 -1.1212 -2.3016 2.1412 -1.1302 -2.0153 2.0675 -0.735 -1.8969 2.0047 -0.7039 -1.8766 2.0626 -0.8519 -1.9874 2.1167 -0.8631 -1.8427 2.0793 -1.0468 -1.9569 2.1695 -1.0533 -2.4631 2.0945 -0.8025 -2.2948 2.2052 -0.7855 -2.2064 2.1905 -0.7839 -2.3567 2.2714 -0.9971 -2.3554 2.2581 -0.9408 -2.2102 2.2425 -0.9605 -2.2303 1.6267 -1.3381 -2.1295 1.6168 -1.3453 -1.9752 1.681 -1.2997 -1.9483 1.8221 -1.2228 -1.818 1.8816 -1.2832 -1.7669 1.9102 -1.3212 -2.2484 1.4726 -1.5608 -2.0876 1.5285 -1.4697 -2.2402 1.5152 -1.4783 -1.8275 1.7122 -1.3723 -1.7307 1.7573 -1.4551 -1.5135 1.6249 -1.4319 -1.5485 1.7961 -1.4915 -1.5585 1.7008 -1.3655 -1.5346 1.5778 -1.106 -1.4831 1.4381 -1.1868 -1.4997 1.4854 -1.1036 -1.6204 1.7239 -1.0306 -1.6356 1.7332 -1.0659 -1.5944 1.6361 -0.8472 -1.7791 1.6198 -0.7654 -1.7624 1.5168 -0.8503 -1.5197 1.3798 -1.1664 -1.4832 1.42 -1.1729 -1.5311 1.3909 -1.0973 -1.5005 1.4639 -1.0948 -1.7704 1.3497 -1.0257 -1.6986 1.3875 -0.9751 -1.8165 1.4199 -0.9388 -1.916 1.4241 -0.9282 -1.9554 1.3736 -1.0228 -2.3249 1.2646 -1.6425 -2.3461 1.304 -1.6246 -2.2437 1.3626 -1.2966 -2.3132 1.3588 -1.3488 -2.2769 1.3058 -1.4024 -1.7186 1.3271 -1.1125 -1.5025 1.5192 -1.5614 -1.7056 1.5779 -1.587 -1.7168 1.4309 -1.3882 -1.7427 1.4496 -1.3805 -1.7938 1.3988 -1.2834 -1.7765 1.4512 -1.3783 -1.7345 1.4851 -1.4679 -1.7137 1.4853 -1.4665 -1.5964 1.4337 -1.4923 -1.512 1.4635 -1.4734 -1.6545 1.444 -1.4979 -1.6131 1.359 -1.421 -1.6877 1.3843 -1.4193 -1.8033 1.9054 -0.6808 -1.7944 1.9439 -0.7079 -1.8204 1.3989 -1.2953 -1.9976 1.4226 -1.5181 -2.4739 1.5039 -1.4401 -2.4624 1.4808 -1.3744 -2.5515 1.5713 -1.3027 -2.0916 1.3521 -1.2278 -2.0169 1.3564 -1.2698 -2.1262 1.2935 -1.4242 -2.1109 1.3105 -1.4658 -2.1216 1.5398 -0.8974 -1.8332 1.323 -1.0987 -1.8712 1.3585 -1.0342 -1.6036 1.3415 -1.1068 -1.5815 1.3093 -1.1611 -1.656 1.507 -0.8704 -1.6668 1.6106 -0.802 -1.564 1.6257 -1.1313 -1.6034 1.7067 -0.982 -1.5682 1.6479 -1.255 -1.5353 1.5485 -1.339 -1.4892 1.4961 -1.4294 -1.6121 1.8221 -1.2819 -1.7379 1.9239 -1.3092 -2.3924 1.4928 -1.6256 -2.3714 1.5166 -1.5578 -2.3635 1.5712 -1.4605 -2.406 1.6145 -1.4584 -2.299 1.6739 -1.3227 -1.9507 1.7211 -1.2731 -1.9417 1.772 -1.249 -1.6659 1.7894 -1.5289 -1.5993 1.7821 -1.5881 -2.6554 2.0272 -1.192 -2.6623 2.027 -1.1074 -2.2019 2.2217 -0.8788 -2.5751 2.02 -0.9138 -2.6321 2.0449 -1.0188 -2.582 2.0603 -0.9185 -2.5173 2.1338 -0.9002 -2.1041 2.2146 -1.0622 -2.1244 2.1334 -1.1328 -2.2252 2.2774 -1.1256 -2.3869 2.0932 -1.1542 -2.2792 1.9161 -1.1729 -2.3385 1.7183 -1.3086 -2.3579 1.7803 -1.2719 -2.1349 1.7931 -0.7702 -2.0289 1.7555 -0.7484 -2.2306 1.7389 -0.8417 -2.5191 1.5899 -1.1383 -2.4817 1.6101 -1.1642 -2.5243 1.5567 -1.2519 -2.4215 2.0589 -1.1853 -2.5213 1.8301 -1.3575 -2.5591 1.927 -1.349 -2.5162 1.8799 -1.3225 -2.4594 1.6768 -1.4496 -2.4322 1.4689 -1.3007 -2.5539 1.6194 -1.4241 -2.4718 1.5365 -1.4989 -1.8858 1.7017 -0.7405 -1.7394 1.7043 -0.7299 -2.3293 1.6333 -0.9647 -2.2257 1.684 -0.8619 -1.9142 1.377 -1.1566 -1.9907 1.3912 -1.1238 -2.3595 1.4882 -1.2522 -2.1871 1.3225 -1.3185 -2.1591 1.3032 -1.3709 -2.1367 1.3188 -1.3289 -2.2203 1.2639 -1.4738 -2.2383 1.2702 -1.4519 -2.2033 1.4171 -1.6268 -1.7849 2.0004 -1.2302 -1.827 2.0751 -1.1601 -1.814 2.0908 -1.161 -2.2236 1.6609 -0.8842 -1.9219 2.1726 -1.1466 -1.7519 1.9263 -1.3307 -1.8404 2.0708 -1.1861 -1.9262 2.186 -1.1183 -1.749 1.3165 -1.2821 -2.2124 1.5381 -0.9197 -2.4215 1.6044 -1.0538 -2.3854 1.4893 -1.279 -2.3546 1.3405 -1.3857 -2.3391 1.5683 -1.0994 -2.2139 1.5563 -0.9513 -2.4228 1.4695 -1.2905 -2.5046 2.0055 -0.8469 -1.5959 1.5037 -0.8976 -1.6155 1.6236 -0.8259 -2.3424 2.2328 -0.8531 -1.6397 1.7404 -1.0888 -2.5275 2.0502 -0.8302 -1.6384 1.7713 -1.1739 -1.9947 2.1006 -0.8057 -1.8811 2.0484 -0.7921 -2.1029 2.1655 -0.8317 -2.0977 2.18 -0.8871 -1.813 1.874 -0.6742 -1.6838 1.798 -0.7306 -1.6953 1.7694 -0.7218 -2.4197 2.1825 -0.8097 -2.4244 2.1904 -0.8203 -2.534 2.0436 -0.8539 -2.2003 1.3983 -1.1825 -2.1531 1.3663 -1.2011 -2.4415 1.5875 -1.1917 -1.7063 1.4012 -1.4176 -1.807 2.0943 -1.1306 -2.2249 2.2865 -1.1141 -2.3502 2.3104 -1.1362 -2.3531 2.3175 -1.1267 -2.2866 1.2524 -1.6388 -2.4229 2.1893 -0.8751 -2.0648 1.409 -1.0863 -2.0726 1.3224 -1.3564 -2.0108 1.3477 -1.4074 -2.2564 1.477 -1.151 -1.8413 1.7962 -0.6875 -2.3954 2.1414 -0.7843 -2.3578 1.3429 -1.6734 -2.4006 1.4367 -1.5858 -1.8821 1.6434 -1.4071 -1.7346 1.8399 -1.4003 -1.8115 1.8044 -1.3313 -2.219 2.2588 -1.0511 -2.3477 2.2781 -1.054 -1.9838 2.0771 -1.1815 -2.0558 1.9443 -1.1651 -1.9919 1.8608 -0.7042 -2.4684 1.7084 -1.0234 -2.5496 1.8371 -0.9896 -2.1093 1.8988 -0.7313 -2.4929 1.9368 -1.2689 -2.1181 2.1386 -0.7619 -1.7366 1.9318 -1.0856 -1.787 2.0064 -1.0555 -2.389 1.3938 -1.5251 -1.5392 1.3668 -1.375 -1.492 1.4761 -1.4395 -1.6476 1.2793 -1.2754 -2.3071 2.1953 -0.7814 -2.5659 2.0061 -1.3117'/>
          </IndexedFaceSet>
        </Shape>
      </Group>
    </Transform>
  </Scene>
</X3D>