<?xml version="1.0" encoding="UTF-8"?>
<!DOCTYPE X3D PUBLIC "ISO//Web3D//DTD X3D 3.3//EN" "https://www.web3d.org/specifications/x3d-3.3.dtd">
<X3D profile='Interchange' version='3.3' xmlns:xsd='http://www.w3.org/2001/XMLSchema-instance' xsd:noNamespaceSchemaLocation='https://www.web3d.org/specifications/x3d-3.3.xsd'>
  <head>
    <meta content='BonesTeethBottom.x3d' name='title'/>
    <meta content='Damon Hernandez, Joe Williams' name='creator'/>
    <meta content='Human bone model for Teeth cBottom' name='description'/>
    <meta content='Joe Williams, Don Brutzman' name='translator'/>
    <meta content='5 December 2013' name='created'/>
    <meta content='2 March 2026' name='modified'/>
    <meta content='This model has no HAnim nodes, rather it is purely geometry' name='warning'/>
    <meta content='document unit conversions applied: approximation of inches to meters, which ordinarily is a scale factor of 0.0254' name='TODO'/>
    <meta content='X3D-Edit 4.0, https://www.web3d.org/x3d/tools/X3D-Edit' name='generator'/>
    <meta content='https://www.web3d.org/x3d/content/examples/HumanoidAnimation/Medical/BonesTeethBottom.x3d' name='identifier'/>
    <meta content='../license.html' name='license'/>
  </head>
  <Scene>
    <WorldInfo title='BonesTeethBottom.x3d'/>
    <Transform DEF='TeethCBottomSkeletonParts' scale='0.029 0.029 0.029'>
      <NavigationInfo type='"EXAMINE" "LOOKAT" "ANY"'/>
      <Viewpoint DEF='TeethBottom' description='Teeth Bottom' position='0 55 10'/>
      <Group DEF='AllTeeth'>
        <Shape DEF='llatinlc'>
          <Appearance>
            <Material ambientIntensity='0.4' diffuseColor='1 0.9843 0.9843' emissiveColor='1 0 0' shininess='0.05'/>
          </Appearance>
          <IndexedFaceSet DEF='llatinlc_Geo' coordIndex='0 1 2 -1 3 4 5 -1 6 7 8 -1 9 10 11 -1 12 7 6 -1 6 13 14 -1 15 16 17 -1 18 19 20 -1 21 22 23 -1 24 25 26 -1 27 28 29 -1 30 31 32 -1 33 34 30 -1 35 33 5 -1 35 36 37 -1 38 39 40 -1 5 33 41 -1 42 31 38 -1 43 44 45 -1 46 47 48 -1 49 46 50 -1 51 52 53 -1 54 55 56 -1 54 57 55 -1 58 59 60 -1 61 62 14 -1 63 52 64 -1 53 65 66 -1 63 61 67 -1 6 14 62 -1 68 69 70 -1 58 71 59 -1 72 48 73 -1 48 51 50 -1 74 75 76 -1 60 59 42 -1 77 78 79 -1 80 33 30 -1 4 36 5 -1 36 35 5 -1 81 82 83 -1 77 84 85 -1 86 87 88 -1 19 88 89 -1 90 91 20 -1 92 93 67 -1 94 95 4 -1 11 10 73 -1 96 97 98 -1 8 99 13 -1 100 3 101 -1 72 73 10 -1 102 25 24 -1 103 73 104 -1 36 98 97 -1 100 94 3 -1 96 98 105 -1 73 103 11 -1 94 4 3 -1 106 54 107 -1 20 108 90 -1 48 72 51 -1 77 85 109 -1 62 61 63 -1 97 110 36 -1 82 75 83 -1 111 112 0 -1 80 30 32 -1 3 5 41 -1 113 77 79 -1 42 38 60 -1 74 83 75 -1 50 46 48 -1 52 51 64 -1 70 60 68 -1 62 12 6 -1 66 55 53 -1 62 63 64 -1 70 58 60 -1 72 64 51 -1 46 114 47 -1 43 71 44 -1 71 61 44 -1 42 32 31 -1 33 80 41 -1 38 31 39 -1 36 110 37 -1 35 115 33 -1 33 115 34 -1 27 29 1 -1 24 26 116 -1 21 23 87 -1 98 36 4 -1 18 117 19 -1 118 119 120 -1 12 121 7 -1 9 122 10 -1 8 13 6 -1 123 0 2 -1 124 102 111 -1 124 125 102 -1 12 9 121 -1 9 12 122 -1 124 0 123 -1 0 124 111 -1 126 15 127 -1 126 16 15 -1 128 76 129 -1 76 128 130 -1 79 69 68 -1 79 78 69 -1 85 131 132 -1 85 84 131 -1 19 86 88 -1 86 19 117 -1 120 50 51 -1 120 119 50 -1 126 71 58 -1 71 126 92 -1 133 77 109 -1 78 77 133 -1 108 23 134 -1 89 23 108 -1 83 85 81 -1 85 83 109 -1 135 39 31 -1 135 131 39 -1 114 22 26 -1 114 136 22 -1 137 138 139 -1 138 137 140 -1 141 139 142 -1 139 141 137 -1 34 143 135 -1 142 143 34 -1 71 42 59 -1 42 71 43 -1 40 60 38 -1 60 40 68 -1 109 74 133 -1 109 83 74 -1 144 145 146 -1 15 145 144 -1 15 17 145 -1 65 52 63 -1 53 52 65 -1 56 146 130 -1 56 144 146 -1 118 55 57 -1 118 53 55 -1 136 46 49 -1 136 114 46 -1 14 44 61 -1 14 99 44 -1 14 13 99 -1 43 32 42 -1 43 80 32 -1 115 142 34 -1 115 141 142 -1 143 139 147 -1 143 142 139 -1 110 29 28 -1 110 97 29 -1 140 148 149 -1 140 137 148 -1 21 150 138 -1 21 87 150 -1 22 134 23 -1 22 136 134 -1 26 21 116 -1 26 22 21 -1 151 77 113 -1 84 77 151 -1 112 149 27 -1 112 24 149 -1 106 90 152 -1 106 128 90 -1 107 128 106 -1 91 18 20 -1 129 18 91 -1 132 81 85 -1 81 132 153 -1 40 79 68 -1 113 79 40 -1 130 74 76 -1 74 130 146 -1 126 93 92 -1 126 127 93 -1 64 10 122 -1 10 64 72 -1 97 154 29 -1 96 154 97 -1 111 24 112 -1 24 111 102 -1 102 155 156 -1 125 155 102 -1 156 25 102 -1 156 47 25 -1 57 106 157 -1 106 57 54 -1 128 91 90 -1 129 91 128 -1 78 145 69 -1 145 78 133 -1 131 151 39 -1 84 151 131 -1 117 158 86 -1 117 82 158 -1 50 157 49 -1 119 157 50 -1 58 16 126 -1 58 70 16 -1 87 158 150 -1 87 86 158 -1 26 47 114 -1 25 47 26 -1 24 140 149 -1 24 116 140 -1 139 150 147 -1 139 138 150 -1 31 34 135 -1 30 34 31 -1 148 141 37 -1 137 141 148 -1 132 135 143 -1 135 132 131 -1 115 37 141 -1 37 115 35 -1 41 101 3 -1 41 45 101 -1 99 45 44 -1 45 99 101 -1 152 108 134 -1 90 108 152 -1 130 54 56 -1 128 54 130 -1 128 107 54 -1 63 93 65 -1 93 63 67 -1 144 127 15 -1 144 66 127 -1 64 12 62 -1 64 122 12 -1 55 144 56 -1 55 66 144 -1 127 65 93 -1 127 66 65 -1 71 67 61 -1 71 92 67 -1 53 120 51 -1 120 53 118 -1 49 134 136 -1 152 134 49 -1 75 129 76 -1 75 18 129 -1 80 45 41 -1 80 43 45 -1 132 147 153 -1 132 143 147 -1 37 28 148 -1 37 110 28 -1 147 158 153 -1 150 158 147 -1 138 116 21 -1 140 116 138 -1 0 27 1 -1 0 112 27 -1 82 18 75 -1 117 18 82 -1 28 149 148 -1 28 27 149 -1 17 69 145 -1 17 70 69 -1 70 17 16 -1 152 157 106 -1 157 152 49 -1 23 88 87 -1 88 23 89 -1 153 82 81 -1 82 153 158 -1 151 40 39 -1 151 113 40 -1 146 133 74 -1 133 146 145 -1 108 19 89 -1 20 19 108 -1 57 119 118 -1 157 119 57 -1 47 73 48 -1 156 73 47 -1 8 101 99 -1 8 100 101 -1 2 29 154 -1 2 1 29 -1 98 95 105 -1 4 95 98 -1 155 73 156 -1 104 73 155 -1' creaseAngle='1.571'>
            <Coordinate DEF='llatinlc_Coord' point='0.3256 54.711 3.1459 0.2913 54.6664 3.16 0.2912 54.6528 3.1529 0.1979 54.7489 3.1464 0.2171 54.7027 3.163 0.2109 54.7533 3.1772 0.2077 54.7584 3.0171 0.2069 54.7437 3.0117 0.197 54.7554 3.0552 0.2633 54.737 2.9529 0.294 54.7596 2.9873 0.2928 54.7442 2.9822 0.2321 54.7523 2.9676 0.1993 54.7679 3.0416 0.2055 54.7724 3.0294 0.2258 54.934 3.1523 0.2167 54.9337 3.1536 0.2222 54.9386 3.1558 0.3359 54.9751 3.1536 0.3575 54.9687 3.1509 0.3554 54.9698 3.141 0.35 54.8697 3.1623 0.3607 54.8703 3.1416 0.3647 54.9261 3.1521 0.3361 54.7694 3.157 0.3444 54.7732 3.129 0.3548 54.824 3.1374 0.3037 54.7051 3.1696 0.2814 54.7091 3.1785 0.2729 54.6661 3.1709 0.2027 54.8653 3.1991 0.1987 54.9132 3.2048 0.191 54.8609 3.1847 0.2039 54.8146 3.1883 0.2289 54.8688 3.2 0.2308 54.7605 3.1906 0.2268 54.7025 3.1751 0.2506 54.7623 3.1935 0.1874 54.9165 3.1852 0.1979 54.9606 3.209 0.1902 54.9651 3.1996 0.1959 54.7647 3.1481 0.1822 54.8695 3.1608 0.1838 54.8211 3.135 0.1923 54.7951 3.0792 0.1875 54.7728 3.1134 0.3377 54.8412 3.0737 0.3423 54.779 3.0799 0.327 54.796 3.0449 0.341 54.878 3.0863 0.3247 54.8458 3.0599 0.3023 54.8062 3.029 0.275 54.8218 3.0423 0.2847 54.8457 3.0776 0.3132 54.9302 3.118 0.2891 54.8853 3.1051 0.2938 54.9326 3.1285 0.3107 54.8823 3.0973 0.2025 54.8912 3.1325 0.1847 54.8916 3.1392 0.1834 54.9267 3.1619 0.2048 54.8171 3.0651 0.2348 54.7885 3.0053 0.2398 54.8248 3.0451 0.2689 54.7824 2.9877 0.2504 54.8533 3.089 0.2577 54.8848 3.1209 0.2139 54.8448 3.0924 0.1869 54.962 3.18 0.2074 54.9645 3.1756 0.2037 54.9325 3.1542 0.1973 54.8499 3.0976 0.2974 54.7744 2.9987 0.3176 54.7628 3.0268 0.27 54.9744 3.1677 0.3162 54.9794 3.1669 0.305 54.9742 3.1522 0.2148 54.9753 3.1959 0.208 54.9676 3.1796 0.1897 54.9656 3.1833 0.1908 54.8153 3.1679 0.2826 54.9791 3.1921 0.3202 54.9737 3.1769 0.2756 54.9827 3.183 0.2178 54.9694 3.2059 0.2449 54.9741 3.202 0.3381 54.968 3.1673 0.3471 54.9267 3.1663 0.3592 54.9653 3.1528 0.3603 54.9652 3.152 0.3433 54.96 3.122 0.3427 54.9636 3.1265 0.2104 54.8488 3.0964 0.2196 54.8491 3.0951 0.1972 54.7387 3.1338 0.2122 54.6938 3.1521 0.2477 54.6544 3.1677 0.248 54.6682 3.1732 0.2318 54.6705 3.17 0.1921 54.7711 3.0646 0.1903 54.7562 3.1051 0.1882 54.7661 3.11 0.3367 54.7489 3.1214 0.3147 54.7478 3.0231 0.3255 54.7513 3.0499 0.2296 54.6598 3.1621 0.3219 54.9292 3.1138 0.3181 54.9342 3.1182 0.3579 54.9666 3.1395 0.2404 54.9787 3.19 0.2479 54.7057 3.1819 0.3297 54.7247 3.1373 0.3276 54.7191 3.1476 0.1925 54.9682 3.1993 0.3532 54.8333 3.0976 0.2299 54.8177 3.1955 0.3427 54.8206 3.1597 0.3371 54.9713 3.165 0.3004 54.8457 3.0706 0.3091 54.8458 3.0668 0.3045 54.842 3.065 0.2292 54.7384 2.962 0.2626 54.7509 2.9599 0.3217 54.699 3.138 0.3311 54.7299 3.1213 0.3334 54.7398 3.115 0.2154 54.8878 3.1306 0.2244 54.8864 3.1288 0.3226 54.9656 3.1357 0.3249 54.9686 3.1385 0.3034 54.9711 3.1487 0.2186 54.9657 3.2079 0.2459 54.9708 3.2041 0.2284 54.9701 3.1754 0.3613 54.9204 3.1226 0.221 54.9218 3.2052 0.3596 54.8702 3.1108 0.2845 54.818 3.1965 0.3162 54.863 3.1866 0.2848 54.8643 3.1982 0.3142 54.8184 3.1812 0.2548 54.8205 3.1989 0.2524 54.8669 3.2013 0.2506 54.9193 3.2027 0.2593 54.9324 3.1441 0.2282 54.9668 3.1715 0.2687 54.9709 3.1643 0.286 54.9229 3.1962 0.286 54.7656 3.1896 0.3111 54.7602 3.1785 0.3199 54.9195 3.1841 0.1988 54.9647 3.207 0.3455 54.9268 3.1035 0.2833 54.9757 3.1944 0.2704 54.6523 3.1664 0.3352 54.7545 3.074 0.3392 54.7662 3.0777 0.3194 54.881 3.0941 0.321 54.9701 3.1792'/>
          </IndexedFaceSet>
        </Shape>
        <Shape DEF='lcaninlc'>
          <Appearance>
            <Material ambientIntensity='0.4' diffuseColor='1 0.9843 0.9843' emissiveColor='1 0 0' shininess='0.05'/>
          </Appearance>
          <IndexedFaceSet DEF='lcaninlc_Geo' coordIndex='0 1 2 -1 3 4 5 -1 3 6 7 -1 8 9 10 -1 11 12 13 -1 14 15 11 -1 16 17 18 -1 19 20 21 -1 22 23 24 -1 25 26 27 -1 28 29 30 -1 31 32 33 -1 31 34 35 -1 26 36 37 -1 38 39 40 -1 41 42 43 -1 44 7 45 -1 46 44 47 -1 48 49 50 -1 51 52 53 -1 54 55 51 -1 56 1 57 -1 58 59 60 -1 61 62 63 -1 64 65 66 -1 67 68 69 -1 70 50 71 -1 72 73 74 -1 75 76 77 -1 78 79 69 -1 80 14 81 -1 82 83 84 -1 85 29 86 -1 87 88 89 -1 90 91 30 -1 92 93 72 -1 80 15 14 -1 94 95 15 -1 96 18 97 -1 58 98 59 -1 99 100 101 -1 102 103 104 -1 53 52 103 -1 105 32 31 -1 106 107 108 -1 109 110 7 -1 3 7 110 -1 111 112 10 -1 25 36 26 -1 113 114 115 -1 43 116 117 -1 118 102 119 -1 120 90 85 -1 121 122 123 -1 19 124 20 -1 16 67 17 -1 125 126 127 -1 13 128 48 -1 81 14 70 -1 70 13 48 -1 129 10 112 -1 130 0 131 -1 132 133 6 -1 2 134 0 -1 132 6 3 -1 130 1 0 -1 112 135 129 -1 113 22 136 -1 70 11 13 -1 14 11 70 -1 125 96 126 -1 127 126 137 -1 123 138 121 -1 27 26 139 -1 62 140 141 -1 22 113 142 -1 102 143 119 -1 43 144 116 -1 113 136 114 -1 43 117 145 -1 108 146 106 -1 105 47 32 -1 2 35 134 -1 37 24 23 -1 147 136 22 -1 102 49 103 -1 37 148 58 -1 96 97 149 -1 15 74 94 -1 78 150 79 -1 92 72 151 -1 28 75 152 -1 152 153 28 -1 90 154 91 -1 88 155 89 -1 86 84 85 -1 84 86 82 -1 82 86 92 -1 86 156 92 -1 151 72 74 -1 157 158 159 -1 69 68 78 -1 77 152 75 -1 73 94 74 -1 71 81 70 -1 67 69 98 -1 64 21 65 -1 97 58 148 -1 57 160 56 -1 51 53 54 -1 51 56 52 -1 50 70 48 -1 55 105 31 -1 47 161 46 -1 162 109 46 -1 162 106 109 -1 40 39 163 -1 37 23 26 -1 34 134 35 -1 33 34 31 -1 28 153 29 -1 31 35 55 -1 164 118 119 -1 142 23 22 -1 25 27 135 -1 24 147 22 -1 122 121 165 -1 127 137 78 -1 13 12 128 -1 15 95 11 -1 11 95 12 -1 166 38 111 -1 163 4 167 -1 5 132 3 -1 39 166 168 -1 39 38 166 -1 169 170 171 -1 169 172 170 -1 173 174 175 -1 174 173 57 -1 176 170 172 -1 170 176 177 -1 178 163 167 -1 178 40 163 -1 40 178 145 -1 74 80 151 -1 15 80 74 -1 179 12 180 -1 179 128 12 -1 103 128 179 -1 16 96 125 -1 96 16 18 -1 64 19 21 -1 64 181 19 -1 182 79 183 -1 182 69 79 -1 144 61 116 -1 144 65 61 -1 184 85 84 -1 184 120 85 -1 150 89 155 -1 150 158 89 -1 25 112 63 -1 112 25 135 -1 113 139 142 -1 113 185 139 -1 143 182 119 -1 143 186 182 -1 1 51 2 -1 1 56 51 -1 27 129 135 -1 27 187 129 -1 41 76 42 -1 76 41 108 -1 77 188 189 -1 77 107 188 -1 94 190 180 -1 94 73 190 -1 190 191 192 -1 190 193 191 -1 194 179 192 -1 179 194 54 -1 195 196 160 -1 101 196 195 -1 195 114 136 -1 195 173 114 -1 104 101 100 -1 101 104 196 -1 97 17 58 -1 97 18 17 -1 119 183 164 -1 183 119 182 -1 75 42 76 -1 75 91 42 -1 64 197 123 -1 64 66 197 -1 137 159 158 -1 137 126 159 -1 92 198 93 -1 156 198 92 -1 164 155 88 -1 164 183 155 -1 198 153 152 -1 156 153 198 -1 199 82 200 -1 82 199 83 -1 89 200 87 -1 200 89 199 -1 80 88 87 -1 88 80 201 -1 157 202 203 -1 159 202 157 -1 165 204 205 -1 165 202 204 -1 206 91 154 -1 91 206 42 -1 189 152 77 -1 189 198 152 -1 71 118 164 -1 71 50 118 -1 205 140 124 -1 205 204 140 -1 140 148 141 -1 140 97 148 -1 60 37 58 -1 60 24 37 -1 195 57 173 -1 57 195 160 -1 136 101 195 -1 99 101 136 -1 54 103 179 -1 103 54 53 -1 194 55 54 -1 194 105 55 -1 192 161 194 -1 192 191 161 -1 161 162 46 -1 191 162 161 -1 107 162 188 -1 107 106 162 -1 145 41 43 -1 145 178 41 -1 45 33 32 -1 33 45 207 -1 85 30 29 -1 90 30 85 -1 208 143 100 -1 143 208 186 -1 20 140 62 -1 20 124 140 -1 60 147 24 -1 147 60 209 -1 203 84 83 -1 203 184 84 -1 206 65 144 -1 206 66 65 -1 26 142 139 -1 142 26 23 -1 186 69 182 -1 98 69 186 -1 181 124 19 -1 181 205 124 -1 120 123 197 -1 120 138 123 -1 139 187 27 -1 187 139 185 -1 111 145 117 -1 111 40 145 -1 111 38 40 -1 129 8 10 -1 177 8 129 -1 131 134 210 -1 134 131 0 -1 1 174 57 -1 130 174 1 -1 211 171 115 -1 171 211 169 -1 9 168 166 -1 212 168 9 -1 4 39 5 -1 163 39 4 -1 177 213 8 -1 177 176 213 -1 173 214 114 -1 175 214 173 -1 133 207 6 -1 133 215 207 -1 6 45 7 -1 207 45 6 -1 10 166 111 -1 9 166 10 -1 81 201 80 -1 81 71 201 -1 180 95 94 -1 12 95 180 -1 125 67 16 -1 125 68 67 -1 181 123 122 -1 181 64 123 -1 183 150 155 -1 79 150 183 -1 209 59 208 -1 209 60 59 -1 116 63 112 -1 116 61 63 -1 90 197 154 -1 120 197 90 -1 199 158 157 -1 158 199 89 -1 55 2 51 -1 35 2 55 -1 29 156 86 -1 153 156 29 -1 115 185 113 -1 185 115 171 -1 177 187 170 -1 129 187 177 -1 110 4 3 -1 110 167 4 -1 108 178 146 -1 108 41 178 -1 44 109 7 -1 46 109 44 -1 44 32 47 -1 44 45 32 -1 193 189 188 -1 216 189 193 -1 73 193 190 -1 73 216 193 -1 192 180 190 -1 180 192 179 -1 52 160 196 -1 52 56 160 -1 100 102 104 -1 143 102 100 -1 58 67 98 -1 58 17 67 -1 65 62 61 -1 65 20 62 -1 65 21 20 -1 102 50 49 -1 118 50 102 -1 216 72 93 -1 216 73 72 -1 107 76 108 -1 107 77 76 -1 126 149 159 -1 126 96 149 -1 121 120 184 -1 121 138 120 -1 92 200 82 -1 200 92 151 -1 87 151 80 -1 200 151 87 -1 201 164 88 -1 201 71 164 -1 28 91 75 -1 30 91 28 -1 202 184 203 -1 202 121 184 -1 202 165 121 -1 159 204 202 -1 159 149 204 -1 93 189 216 -1 189 93 198 -1 204 97 140 -1 149 97 204 -1 141 37 36 -1 141 148 37 -1 99 208 100 -1 208 99 209 -1 103 196 104 -1 103 52 196 -1 147 99 136 -1 209 99 147 -1 49 128 103 -1 49 48 128 -1 47 194 161 -1 194 47 105 -1 191 188 162 -1 193 188 191 -1 146 109 106 -1 146 110 109 -1 146 167 110 -1 146 178 167 -1 117 112 111 -1 117 116 112 -1 42 144 43 -1 42 206 144 -1 36 62 141 -1 36 63 62 -1 63 36 25 -1 157 83 199 -1 157 203 83 -1 66 154 197 -1 206 154 66 -1 208 98 186 -1 208 59 98 -1 122 205 181 -1 205 122 165 -1 68 127 78 -1 68 125 127 -1 78 158 150 -1 78 137 158 -1 185 170 187 -1 170 185 171 -1 217 33 218 -1 217 34 33 -1 210 34 217 -1 210 134 34 -1 114 211 115 -1 214 211 114 -1 212 8 213 -1 212 9 8 -1 207 218 33 -1 215 218 207 -1' creaseAngle='1.571'>
            <Coordinate DEF='lcaninlc_Coord' point='0.4952 54.5995 2.9691 0.4849 54.6249 2.9281 0.4988 54.6154 2.9728 0.3699 54.6538 3.0721 0.3535 54.6977 3.0607 0.3549 54.6778 3.0539 0.3922 54.6045 3.0734 0.3974 54.6353 3.0903 0.309 54.6921 2.8975 0.3146 54.7042 2.9215 0.3082 54.7152 2.9009 0.5269 54.8628 2.9828 0.5298 54.8026 2.9757 0.5292 54.8017 2.967 0.5181 54.9213 3.0003 0.5153 54.9214 3.0078 0.4323 54.8354 2.9105 0.4222 54.8028 2.8758 0.4238 54.8406 2.9149 0.3542 54.8413 2.9869 0.3389 54.811 2.9515 0.3457 54.8413 2.9959 0.3774 54.7387 2.8225 0.3707 54.7486 2.8342 0.3912 54.7557 2.8342 0.3238 54.7522 2.882 0.3407 54.7469 2.8528 0.3261 54.7365 2.8512 0.378 54.9427 3.1185 0.3903 54.9628 3.1056 0.3695 54.9466 3.1088 0.4835 54.5913 3.0373 0.4668 54.59 3.0622 0.4555 54.5715 3.0509 0.4775 54.5735 3.0266 0.5 54.6138 3.0011 0.3458 54.759 2.8683 0.3763 54.7624 2.8464 0.3294 54.7333 2.9891 0.3363 54.723 3.0183 0.3357 54.7348 3.0235 0.3447 54.8154 3.0817 0.3431 54.867 3.0868 0.3339 54.8218 3.0551 0.4341 54.6574 3.0972 0.4248 54.6007 3.0868 0.4397 54.6949 3.1066 0.4775 54.6592 3.0739 0.5285 54.8008 2.9584 0.5273 54.799 2.9411 0.5365 54.8617 2.9532 0.5098 54.6527 2.9594 0.5058 54.6954 2.9246 0.5143 54.6913 2.9408 0.5235 54.6956 2.9938 0.5098 54.6511 3.0082 0.4949 54.6556 2.9219 0.468 54.6349 2.8898 0.4202 54.7953 2.8688 0.4491 54.8 2.8655 0.4077 54.7666 2.8405 0.3207 54.7894 2.9442 0.3335 54.7942 2.9323 0.3187 54.768 2.9114 0.3535 54.8786 3.0299 0.3375 54.8389 3.0088 0.3449 54.8877 3.045 0.4472 54.838 2.8991 0.4601 54.8619 2.9246 0.4903 54.8616 2.898 0.53 54.865 2.9734 0.5392 54.9006 2.9647 0.5049 54.9213 3.0509 0.511 54.8754 3.0459 0.5099 54.9216 3.0228 0.372 54.8908 3.1228 0.3696 54.8538 3.1216 0.4003 54.8558 3.1265 0.4723 54.9083 2.9455 0.508 54.8993 2.9213 0.5069 54.9421 3.0045 0.5245 54.9149 2.9894 0.4416 54.9983 3.0622 0.4288 54.9873 3.0366 0.3965 54.9815 3.0789 0.3714 54.9587 3.0951 0.4153 54.9891 3.0898 0.4917 54.9575 2.9778 0.5184 54.939 2.9456 0.4774 54.9561 2.9719 0.3658 54.9529 3.0984 0.3522 54.9001 3.096 0.464 54.9773 3.0758 0.4743 54.9305 3.0835 0.5268 54.862 3.0072 0.5265 54.8613 2.9907 0.4335 54.8624 2.9406 0.4075 54.8466 2.928 0.4762 54.8391 2.8855 0.4308 54.7367 2.8432 0.4787 54.7753 2.872 0.4595 54.7196 2.8577 0.5184 54.8146 2.9062 0.5184 54.7421 2.9322 0.5017 54.7579 2.9009 0.4988 54.6575 3.0497 0.3949 54.7582 3.1185 0.399 54.8109 3.1227 0.3652 54.8072 3.1125 0.3973 54.6932 3.1085 0.3672 54.6903 3.0886 0.3204 54.7336 2.9481 0.3144 54.753 2.9044 0.3609 54.6959 2.8054 0.3873 54.6532 2.814 0.3569 54.6679 2.8053 0.3178 54.7841 2.9491 0.3266 54.776 2.9896 0.5312 54.8632 2.9241 0.5175 54.8624 2.9053 0.3661 54.9541 3.0881 0.382 54.958 3.0583 0.3749 54.9363 3.047 0.3642 54.9323 3.0532 0.3611 54.8472 2.973 0.4459 54.8599 2.9379 0.4434 54.9122 2.9633 0.4503 54.9041 2.9603 0.5256 54.7821 2.9555 0.306 54.7054 2.8754 0.4808 54.6111 2.9267 0.4921 54.5866 2.9639 0.3587 54.6626 3.0581 0.3901 54.5917 3.0665 0.4921 54.5837 2.9954 0.3168 54.7459 2.8853 0.4 54.7088 2.826 0.4619 54.9333 2.9633 0.3711 54.9477 3.0649 0.3336 54.7309 2.8383 0.3786 54.8557 2.951 0.3612 54.7986 2.9126 0.3676 54.7337 2.8218 0.5003 54.8269 2.8891 0.3338 54.8337 3.0153 0.3343 54.7668 3.0375 0.3601 54.7492 3.0957 0.3966 54.749 2.8306 0.3954 54.7977 2.8873 0.4161 54.8771 2.9521 0.5041 54.9228 2.933 0.4859 54.9628 3.0405 0.4016 54.9101 3.1178 0.3969 54.9476 3.1129 0.3502 54.9193 3.074 0.5124 54.9274 2.9346 0.4268 54.9706 3.1006 0.4433 54.9649 2.996 0.4691 54.9494 2.9667 0.4315 54.9261 2.9748 0.4738 54.6637 2.894 0.4828 54.71 3.0784 0.4397 54.7595 3.11 0.3473 54.7142 3.0514 0.5326 54.9025 2.929 0.3834 54.9366 3.0283 0.3199 54.7152 2.9427 0.3515 54.7095 3.0647 0.3199 54.6977 2.9393 0.3243 54.6569 2.8252 0.3112 54.6722 2.8466 0.326 54.6712 2.8255 0.3106 54.6577 2.8456 0.4288 54.6408 2.847 0.4652 54.6209 2.8868 0.4246 54.6271 2.8439 0.3068 54.6691 2.8758 0.3066 54.6819 2.8709 0.3439 54.763 3.0722 0.5284 54.7472 2.992 0.531 54.8044 2.993 0.3681 54.8731 3.0148 0.498 54.8589 2.8955 0.5168 54.8976 2.92 0.3897 54.9756 3.0696 0.3279 54.6936 2.823 0.4833 54.8348 2.8832 0.3118 54.6995 2.8464 0.4433 54.8318 3.1107 0.444 54.8784 3.1103 0.5121 54.8269 3.0498 0.4821 54.7626 3.0827 0.5145 54.7506 3.0466 0.4841 54.8325 3.0822 0.5095 54.6949 3.0467 0.4399 54.6777 2.8543 0.4886 54.7088 2.8945 0.3527 54.9255 3.0641 0.4396 54.9307 3.1065 0.4549 54.9748 3.0071 0.4696 54.9846 3.024 0.5289 54.9275 2.9652 0.4025 54.9352 2.998 0.4201 54.9789 3.0261 0.392 54.8857 2.9716 0.3748 54.8785 3.0003 0.3416 54.8844 3.0529 0.4238 54.578 3.0719 0.456 54.795 2.8635 0.4125 54.7596 2.8373 0.4888 54.5701 2.9899 0.355 54.6534 2.8048 0.3185 54.6947 2.9338 0.3107 54.6789 2.9032 0.3842 54.6391 2.8117 0.4184 54.5653 3.066 0.4835 54.8789 3.0823 0.4732 54.5602 3.0213 0.4499 54.559 3.0463'/>
          </IndexedFaceSet>
        </Shape>
        <Shape DEF='lceninlc'>
          <Appearance>
            <Material ambientIntensity='0.4' diffuseColor='1 0.9843 0.9843' emissiveColor='1 0 0' shininess='0.05'/>
          </Appearance>
          <IndexedFaceSet DEF='lceninlc_Geo' coordIndex='0 1 2 -1 3 4 5 -1 6 7 8 -1 9 10 11 -1 12 13 9 -1 14 9 13 -1 15 16 17 -1 8 7 18 -1 19 20 21 -1 19 22 20 -1 23 24 15 -1 25 26 27 -1 9 11 12 -1 28 29 30 -1 31 32 33 -1 34 35 36 -1 37 38 39 -1 40 41 42 -1 11 43 44 -1 45 46 47 -1 48 35 49 -1 50 51 52 -1 53 36 48 -1 53 48 54 -1 21 55 56 -1 7 57 18 -1 58 5 59 -1 60 54 61 -1 62 63 64 -1 26 25 0 -1 60 58 54 -1 16 65 66 -1 18 56 8 -1 20 55 21 -1 56 55 67 -1 68 69 56 -1 5 26 70 -1 52 51 71 -1 11 72 73 -1 43 46 51 -1 74 41 40 -1 75 76 77 -1 29 33 78 -1 79 31 80 -1 56 18 81 -1 77 76 49 -1 80 82 83 -1 84 19 85 -1 82 86 87 -1 7 88 57 -1 89 12 90 -1 91 92 93 -1 94 95 96 -1 1 97 2 -1 18 57 98 -1 6 99 7 -1 12 11 44 -1 100 2 101 -1 82 87 39 -1 102 103 104 -1 83 105 80 -1 77 49 35 -1 0 70 26 -1 60 106 107 -1 79 80 105 -1 10 72 11 -1 33 32 78 -1 75 108 76 -1 74 91 41 -1 71 36 109 -1 43 51 44 -1 43 11 73 -1 52 71 109 -1 56 67 68 -1 18 98 81 -1 81 110 62 -1 16 66 111 -1 58 59 54 -1 112 63 113 -1 112 64 63 -1 64 66 62 -1 27 26 114 -1 0 25 1 -1 61 106 60 -1 110 81 98 -1 56 81 21 -1 54 59 53 -1 70 0 115 -1 53 109 36 -1 50 44 51 -1 48 36 35 -1 45 47 116 -1 94 74 117 -1 37 39 87 -1 94 117 95 -1 117 118 95 -1 34 119 35 -1 31 79 32 -1 29 78 30 -1 120 113 114 -1 121 122 123 -1 14 10 9 -1 0 2 115 -1 12 89 13 -1 8 124 6 -1 2 100 115 -1 5 70 3 -1 14 125 10 -1 14 126 125 -1 127 88 128 -1 97 88 127 -1 95 129 96 -1 95 130 129 -1 97 101 2 -1 97 127 101 -1 123 42 121 -1 40 42 123 -1 44 131 12 -1 131 44 50 -1 65 15 22 -1 15 65 16 -1 23 105 83 -1 132 105 23 -1 133 134 135 -1 134 133 136 -1 137 49 76 -1 137 61 49 -1 29 138 139 -1 29 28 138 -1 80 86 82 -1 86 80 31 -1 38 140 39 -1 38 141 140 -1 121 68 67 -1 68 121 42 -1 142 143 144 -1 142 145 143 -1 72 125 146 -1 72 10 125 -1 147 148 149 -1 147 116 148 -1 46 73 47 -1 73 46 43 -1 5 53 59 -1 53 5 4 -1 150 76 108 -1 76 150 137 -1 30 134 151 -1 30 78 134 -1 55 141 67 -1 20 141 55 -1 65 62 66 -1 65 84 62 -1 114 63 27 -1 114 113 63 -1 152 112 102 -1 152 64 112 -1 25 110 98 -1 25 27 110 -1 110 63 62 -1 110 27 63 -1 152 107 136 -1 152 104 107 -1 152 102 104 -1 62 85 81 -1 62 84 85 -1 153 70 115 -1 153 3 70 -1 45 147 34 -1 116 147 45 -1 47 148 116 -1 148 47 145 -1 71 46 45 -1 51 46 71 -1 149 154 139 -1 155 154 149 -1 146 95 118 -1 146 125 95 -1 37 155 156 -1 37 87 155 -1 67 38 121 -1 67 141 38 -1 87 154 155 -1 87 86 154 -1 82 140 83 -1 82 39 140 -1 151 108 30 -1 150 108 151 -1 104 60 107 -1 60 104 103 -1 24 22 15 -1 22 24 20 -1 33 139 154 -1 33 29 139 -1 137 106 61 -1 137 150 106 -1 157 135 158 -1 135 157 133 -1 65 19 84 -1 22 19 65 -1 88 99 128 -1 88 7 99 -1 159 131 153 -1 131 159 160 -1 93 124 8 -1 161 124 93 -1 52 3 50 -1 3 52 4 -1 125 130 95 -1 126 130 125 -1 115 159 153 -1 100 159 115 -1 162 96 129 -1 96 162 163 -1 74 123 117 -1 74 40 123 -1 92 74 163 -1 92 91 74 -1 164 102 112 -1 164 103 102 -1 136 151 134 -1 151 136 107 -1 138 75 119 -1 28 75 138 -1 85 21 81 -1 85 19 21 -1 164 5 58 -1 5 164 120 -1 118 143 146 -1 118 144 143 -1 121 37 122 -1 121 38 37 -1 93 41 91 -1 93 69 41 -1 123 142 144 -1 123 122 142 -1 142 148 145 -1 156 148 142 -1 73 146 143 -1 73 72 146 -1 149 138 147 -1 138 149 139 -1 109 4 52 -1 4 109 53 -1 49 54 48 -1 54 49 61 -1 135 78 32 -1 134 78 135 -1 20 140 141 -1 24 140 20 -1 5 114 26 -1 5 120 114 -1 66 152 111 -1 66 64 152 -1 98 1 25 -1 98 57 1 -1 111 136 133 -1 111 152 136 -1 133 16 111 -1 133 17 16 -1 133 157 17 -1 140 23 83 -1 23 140 24 -1 69 8 56 -1 69 93 8 -1 32 158 135 -1 32 79 158 -1 50 153 131 -1 153 50 3 -1 119 147 138 -1 34 147 119 -1 143 47 73 -1 145 47 143 -1 36 45 34 -1 71 45 36 -1 148 155 149 -1 148 156 155 -1 156 122 37 -1 142 122 156 -1 69 42 41 -1 42 69 68 -1 144 117 123 -1 118 117 144 -1 30 75 28 -1 108 75 30 -1 58 103 164 -1 58 60 103 -1 17 23 15 -1 17 157 23 -1 132 79 105 -1 158 79 132 -1 154 31 33 -1 31 154 86 -1 119 77 35 -1 75 77 119 -1 107 150 151 -1 107 106 150 -1 157 132 23 -1 158 132 157 -1 112 120 164 -1 120 112 113 -1 94 163 74 -1 163 94 96 -1 57 97 1 -1 88 97 57 -1 92 161 93 -1 161 92 165 -1 160 12 131 -1 12 160 90 -1 163 165 92 -1 162 165 163 -1' creaseAngle='1.571'>
            <Coordinate DEF='lceninlc_Coord' point='0.0515 54.7374 3.0573 0.0851 54.7112 2.9982 0.0533 54.7037 3.0382 0.0224 54.7422 3.1393 0.012 54.7865 3.1569 0.0306 54.8167 3.1214 0.1518 54.6962 3.0327 0.1469 54.7005 3.0246 0.1677 54.7349 3.0821 0.0586 54.641 3.2057 0.077 54.6352 3.2139 0.0545 54.669 3.2108 0.0403 54.6685 3.1833 0.0625 54.6264 3.199 0.0792 54.6221 3.2097 0.1484 54.9076 3.1645 0.1333 54.9083 3.1673 0.1447 54.9237 3.1737 0.1475 54.7463 3.0475 0.1482 54.8209 3.1166 0.175 54.8565 3.1428 0.1651 54.8221 3.1133 0.1519 54.858 3.1455 0.1751 54.9585 3.1845 0.18 54.9063 3.1627 0.0811 54.7558 3.0395 0.0452 54.7834 3.0916 0.0822 54.7891 3.0832 0.0536 54.9661 3.2393 0.0925 54.9683 3.2362 0.0513 54.9668 3.2262 0.16 54.9694 3.2244 0.1299 54.9731 3.2198 0.1328 54.9687 3.2311 0.0313 54.8928 3.2362 0.0058 54.9486 3.2364 0.0098 54.8824 3.2277 0.171 54.8494 3.2215 0.1853 54.8507 3.2032 0.1911 54.9067 3.2098 0.1728 54.7493 3.1917 0.1752 54.7502 3.1855 0.1784 54.7677 3.1925 0.0525 54.7288 3.2257 0.0353 54.7197 3.2078 0.0426 54.8392 3.2345 0.0477 54.7872 3.2286 0.0719 54.7921 3.2377 0.0018 54.8846 3.2052 -0.0006 54.9525 3.225 0.0248 54.7299 3.1747 0.0231 54.7819 3.2154 0.0135 54.7814 3.1918 0.0034 54.8361 3.1809 0.0014 54.8946 3.1805 0.1759 54.8185 3.1304 0.1723 54.7713 3.1002 0.1217 54.7125 2.9967 0.0275 54.8595 3.1565 0.0085 54.8586 3.1591 0.0228 54.902 3.1774 -0.0003 54.949 3.2046 0.1216 54.8196 3.1209 0.0852 54.8149 3.116 0.0851 54.8572 3.1579 0.1368 54.859 3.1473 0.1194 54.8601 3.1494 0.1875 54.8119 3.1582 0.1842 54.7742 3.1456 0.1799 54.7571 3.1412 0.0317 54.7601 3.1035 0.0173 54.8336 3.2244 0.0742 54.674 3.2225 0.0717 54.7322 3.2331 0.1652 54.7001 3.1922 0.026 54.9593 3.2372 0.0029 54.956 3.2249 0.0073 54.9531 3.2343 0.0868 54.9706 3.2254 0.1575 54.9719 3.2135 0.1832 54.9688 3.2166 0.1482 54.7796 3.0782 0.1865 54.9654 3.2185 0.1863 54.9666 3.2053 0.1332 54.8206 3.1191 0.1455 54.8074 3.1049 0.1608 54.9659 3.2275 0.1709 54.9075 3.2236 0.1214 54.6899 2.9871 0.0432 54.6474 3.1771 0.0383 54.6721 3.1714 0.17 54.7078 3.1685 0.1669 54.6939 3.1626 0.1736 54.7241 3.1295 0.154 54.6637 3.2016 0.1263 54.6368 3.21 0.1504 54.6476 3.1982 0.0878 54.6893 2.99 0.1181 54.7521 3.0298 0.1486 54.6911 3.0213 0.0416 54.7036 3.0785 0.0576 54.6869 3.0292 0.0538 54.9055 3.1805 0.0358 54.9043 3.1797 0.0412 54.9213 3.1886 0.1819 54.9695 3.2064 0.0209 54.9531 3.2049 0.0424 54.957 3.2056 0.0246 54.9614 3.2261 0.0084 54.8281 3.2073 0.1177 54.7911 3.0867 0.1175 54.909 3.1726 0.0589 54.8565 3.158 0.062 54.8178 3.1242 0.0506 54.8059 3.1136 0.0366 54.7216 3.0881 0.0666 54.8393 3.2381 0.1574 54.6938 3.2122 0.1337 54.6898 3.2231 0.0264 54.9555 3.2399 0.0441 54.8166 3.1234 0.1826 54.8029 3.1989 0.1666 54.7987 3.2186 0.1633 54.7458 3.2158 0.1666 54.7214 3.0796 0.1015 54.635 3.2174 0.1026 54.6218 3.2137 0.0882 54.6754 2.986 0.1256 54.676 2.9829 0.1488 54.6327 3.1952 0.1258 54.6235 3.2058 0.0274 54.7156 3.1692 0.1731 54.9624 3.1894 0.1215 54.9641 3.1992 0.0847 54.9652 3.211 0.1226 54.9677 3.2039 0.084 54.9613 3.2067 0.0024 54.953 3.2089 0.0542 54.9628 3.2425 0.0931 54.9647 3.2394 0.1928 54.9011 3.1859 0.1897 54.8503 3.1719 0.1345 54.7944 3.2337 0.1048 54.7378 3.2369 0.135 54.7346 3.232 0.1021 54.7918 3.2423 0.1025 54.6791 3.2259 0.0617 54.8928 3.2408 0.0997 54.8391 3.2426 0.0986 54.8994 3.2424 0.021 54.9565 3.2098 0.0427 54.9608 3.2103 0.0803 54.9062 3.1802 0.0236 54.7364 3.1361 0.1338 54.9647 3.234 0.1348 54.8984 3.2383 0.1333 54.8402 3.2383 0.1483 54.9615 3.1931 0.1503 54.9651 3.1974 0.0284 54.7179 3.1304 0.0306 54.6997 3.1596 0.1712 54.7116 3.1235 0.16 54.6601 3.1733 0.1608 54.6699 3.1793 0.0409 54.857 3.1576 0.166 54.6818 3.1542'/>
          </IndexedFaceSet>
        </Shape>
        <Shape DEF='lmolr1lc'>
          <Appearance>
            <Material ambientIntensity='0.4' diffuseColor='1 0.9843 0.9843' emissiveColor='1 0 0' shininess='0.05'/>
          </Appearance>
          <IndexedFaceSet DEF='lmolr1lc_Geo' coordIndex='0 1 2 -1 3 4 5 -1 6 7 8 -1 6 9 7 -1 10 11 12 -1 13 14 15 -1 16 17 18 -1 19 17 20 -1 21 22 23 -1 18 24 25 -1 26 27 28 -1 29 30 31 -1 29 31 32 -1 33 34 35 -1 35 36 37 -1 38 39 40 -1 41 7 9 -1 42 43 8 -1 44 39 45 -1 46 47 48 -1 49 50 51 -1 52 51 50 -1 53 54 55 -1 56 57 58 -1 59 60 61 -1 62 20 63 -1 64 65 66 -1 67 68 69 -1 70 15 71 -1 67 72 73 -1 74 75 76 -1 77 78 79 -1 80 81 82 -1 83 84 5 -1 85 86 87 -1 88 89 90 -1 91 92 93 -1 94 95 96 -1 97 98 99 -1 95 100 96 -1 94 101 22 -1 102 103 104 -1 105 106 107 -1 108 109 110 -1 111 112 108 -1 113 112 111 -1 114 115 116 -1 117 118 119 -1 120 121 122 -1 123 124 125 -1 126 127 125 -1 125 124 126 -1 128 129 130 -1 131 129 128 -1 132 133 134 -1 135 136 137 -1 138 139 140 -1 141 142 143 -1 144 145 146 -1 77 147 148 -1 149 48 150 -1 151 86 85 -1 152 153 154 -1 155 152 156 -1 157 158 159 -1 160 161 162 -1 158 163 164 -1 165 166 167 -1 167 168 165 -1 169 120 170 -1 171 172 173 -1 174 175 176 -1 177 34 174 -1 178 179 180 -1 181 182 183 -1 184 178 185 -1 104 186 23 -1 187 109 108 -1 4 187 108 -1 53 188 189 -1 76 78 81 -1 66 190 191 -1 192 193 194 -1 45 38 195 -1 26 196 197 -1 198 199 141 -1 200 201 129 -1 202 62 203 -1 204 71 15 -1 205 16 25 -1 206 207 93 -1 208 209 25 -1 210 211 212 -1 213 192 194 -1 11 214 215 -1 11 216 214 -1 217 11 218 -1 59 219 65 -1 220 47 46 -1 77 82 78 -1 221 108 112 -1 98 90 89 -1 89 99 98 -1 181 222 223 -1 174 34 33 -1 124 224 225 -1 226 227 228 -1 118 229 230 -1 231 232 233 -1 234 235 236 -1 237 238 164 -1 163 85 237 -1 239 240 241 -1 164 238 153 -1 238 242 153 -1 154 243 244 -1 245 246 193 -1 3 5 84 -1 247 202 248 -1 6 249 250 -1 251 252 253 -1 210 143 182 -1 195 197 254 -1 255 131 256 -1 31 257 32 -1 128 198 256 -1 125 133 132 -1 121 53 122 -1 232 258 111 -1 136 104 103 -1 103 259 136 -1 97 99 146 -1 260 105 237 -1 98 100 261 -1 261 262 90 -1 207 262 93 -1 105 260 87 -1 92 95 263 -1 145 144 259 -1 74 204 14 -1 72 67 69 -1 60 264 265 -1 266 267 268 -1 269 264 63 -1 64 66 203 -1 59 61 68 -1 270 271 272 -1 273 274 150 -1 216 275 276 -1 41 218 246 -1 44 245 39 -1 218 9 217 -1 197 277 254 -1 138 278 279 -1 280 281 282 -1 282 252 283 -1 208 200 284 -1 206 208 284 -1 82 148 285 -1 21 23 186 -1 19 18 17 -1 13 70 17 -1 286 287 79 -1 248 28 27 -1 3 84 80 -1 288 289 290 -1 291 236 235 -1 235 292 291 -1 3 80 21 -1 293 248 202 -1 293 294 248 -1 17 269 20 -1 287 147 79 -1 13 15 70 -1 21 186 3 -1 206 284 129 -1 282 283 27 -1 280 282 26 -1 295 138 279 -1 296 181 183 -1 197 196 277 -1 297 298 182 -1 218 41 9 -1 43 277 196 -1 246 218 215 -1 216 276 214 -1 276 299 300 -1 270 301 271 -1 50 302 47 -1 117 59 68 -1 64 203 63 -1 20 269 63 -1 64 60 65 -1 268 231 266 -1 60 265 61 -1 72 69 303 -1 67 73 304 -1 14 286 74 -1 258 116 113 -1 75 78 76 -1 83 305 306 -1 259 103 145 -1 263 307 92 -1 87 308 105 -1 207 88 262 -1 261 91 262 -1 98 97 100 -1 87 255 308 -1 3 186 187 -1 259 137 136 -1 232 111 309 -1 121 310 53 -1 125 213 133 -1 256 131 128 -1 122 53 311 -1 31 312 257 -1 255 313 131 -1 182 298 210 -1 314 275 216 -1 6 315 249 -1 79 147 77 -1 21 94 22 -1 245 42 246 -1 154 316 243 -1 238 317 242 -1 153 152 164 -1 239 318 240 -1 319 241 320 -1 319 239 241 -1 237 164 163 -1 234 167 235 -1 233 266 231 -1 170 118 230 -1 226 321 227 -1 225 126 124 -1 33 322 174 -1 223 177 181 -1 223 34 177 -1 89 323 99 -1 112 305 221 -1 112 306 305 -1 82 81 78 -1 324 71 204 -1 65 60 59 -1 215 218 11 -1 213 194 325 -1 277 45 254 -1 212 141 210 -1 208 326 209 -1 93 326 206 -1 205 25 209 -1 15 14 204 -1 203 191 202 -1 129 284 200 -1 198 141 212 -1 280 26 197 -1 45 195 254 -1 42 41 246 -1 191 203 66 -1 53 189 54 -1 108 221 4 -1 104 23 102 -1 184 297 178 -1 179 327 180 -1 177 174 179 -1 35 34 223 -1 174 322 175 -1 171 173 328 -1 170 230 169 -1 164 329 158 -1 161 330 162 -1 159 331 157 -1 155 156 318 -1 152 154 156 -1 85 163 151 -1 3 187 4 -1 248 27 283 -1 77 148 82 -1 13 16 287 -1 146 99 144 -1 208 206 326 -1 141 143 210 -1 139 142 140 -1 312 280 197 -1 119 332 219 -1 131 206 129 -1 129 201 130 -1 125 132 123 -1 120 122 170 -1 117 333 118 -1 114 116 258 -1 258 113 111 -1 111 108 334 -1 334 108 110 -1 261 90 98 -1 186 104 187 -1 94 96 101 -1 95 92 91 -1 260 237 85 -1 94 263 95 -1 91 93 262 -1 88 90 262 -1 260 85 87 -1 83 221 305 -1 83 306 84 -1 80 335 81 -1 78 75 79 -1 115 74 76 -1 204 74 336 -1 70 71 337 -1 67 304 68 -1 62 63 203 -1 58 338 56 -1 53 55 311 -1 50 49 302 -1 52 249 51 -1 276 273 299 -1 276 300 214 -1 42 8 7 -1 41 42 7 -1 38 45 39 -1 35 37 339 -1 35 339 33 -1 296 222 181 -1 30 295 31 -1 26 282 27 -1 340 341 252 -1 18 25 16 -1 201 200 340 -1 20 62 19 -1 16 13 17 -1 314 274 275 -1 6 8 294 -1 294 8 342 -1 106 105 308 -1 343 290 289 -1 343 344 290 -1 173 345 328 -1 346 345 173 -1 347 348 349 -1 347 350 348 -1 235 351 292 -1 351 235 352 -1 353 354 240 -1 355 354 353 -1 356 180 357 -1 356 358 180 -1 19 202 247 -1 202 19 62 -1 307 285 148 -1 307 263 285 -1 359 360 361 -1 359 362 360 -1 341 283 252 -1 341 363 283 -1 279 280 312 -1 280 279 281 -1 295 312 31 -1 295 279 312 -1 364 222 296 -1 222 364 365 -1 366 367 368 -1 366 369 367 -1 325 193 370 -1 193 325 194 -1 275 273 276 -1 275 274 273 -1 299 133 213 -1 299 273 133 -1 310 49 53 -1 49 310 302 -1 371 372 373 -1 372 371 374 -1 375 231 268 -1 375 114 231 -1 115 336 74 -1 115 376 336 -1 13 286 14 -1 286 13 287 -1 103 101 145 -1 103 102 101 -1 86 377 87 -1 86 378 377 -1 100 146 96 -1 97 146 100 -1 375 324 376 -1 303 324 375 -1 121 272 379 -1 272 121 120 -1 257 368 32 -1 257 366 368 -1 201 380 130 -1 201 251 380 -1 378 151 381 -1 378 86 151 -1 331 382 157 -1 331 135 382 -1 211 106 212 -1 107 106 211 -1 383 99 323 -1 99 383 144 -1 315 294 293 -1 315 6 294 -1 148 205 307 -1 148 147 205 -1 311 384 332 -1 311 55 384 -1 385 318 239 -1 385 155 318 -1 165 319 166 -1 165 386 319 -1 387 160 162 -1 309 160 387 -1 266 388 360 -1 266 233 388 -1 371 362 359 -1 362 371 58 -1 56 389 229 -1 56 338 389 -1 267 72 268 -1 267 73 72 -1 267 57 73 -1 230 389 390 -1 230 229 389 -1 391 392 390 -1 392 391 393 -1 393 394 392 -1 394 393 395 -1 328 396 171 -1 396 328 397 -1 398 399 400 -1 398 396 399 -1 150 401 134 -1 401 150 48 -1 402 321 403 -1 402 400 321 -1 228 349 348 -1 228 227 349 -1 224 404 225 -1 224 403 404 -1 37 404 339 -1 37 225 404 -1 223 365 405 -1 222 365 223 -1 185 242 184 -1 185 316 242 -1 406 302 310 -1 406 47 302 -1 215 300 370 -1 300 215 214 -1 106 255 256 -1 106 308 255 -1 264 407 265 -1 264 269 407 -1 29 405 365 -1 29 32 405 -1 196 28 342 -1 26 28 196 -1 243 185 358 -1 185 243 316 -1 358 178 180 -1 185 178 358 -1 177 178 297 -1 177 179 178 -1 174 327 179 -1 174 176 327 -1 228 175 322 -1 228 348 175 -1 225 367 126 -1 367 225 37 -1 400 227 321 -1 400 399 227 -1 408 400 402 -1 408 398 400 -1 408 270 394 -1 301 270 408 -1 270 392 394 -1 270 169 392 -1 390 169 230 -1 169 390 392 -1 409 390 389 -1 390 409 391 -1 333 229 118 -1 333 56 229 -1 338 409 389 -1 338 373 409 -1 362 57 267 -1 362 58 57 -1 410 360 388 -1 360 410 361 -1 411 168 412 -1 411 165 168 -1 388 168 410 -1 388 412 168 -1 411 330 413 -1 162 330 411 -1 165 413 386 -1 411 413 165 -1 385 413 414 -1 413 385 386 -1 155 414 329 -1 414 155 385 -1 353 318 156 -1 318 353 240 -1 151 158 157 -1 151 163 158 -1 70 269 17 -1 70 407 269 -1 137 144 383 -1 137 259 144 -1 219 117 119 -1 59 117 219 -1 382 323 381 -1 382 383 323 -1 199 128 130 -1 198 128 199 -1 251 278 380 -1 253 278 251 -1 366 195 38 -1 257 195 366 -1 192 125 127 -1 192 213 125 -1 379 310 121 -1 379 406 310 -1 303 268 72 -1 303 375 268 -1 111 160 309 -1 111 334 160 -1 110 331 161 -1 110 135 331 -1 326 92 209 -1 93 92 326 -1 146 101 96 -1 146 145 101 -1 377 255 87 -1 255 377 313 -1 221 5 4 -1 221 83 5 -1 113 81 335 -1 113 116 81 -1 75 286 79 -1 74 286 75 -1 324 337 71 -1 415 337 324 -1 407 337 265 -1 407 70 337 -1 336 324 204 -1 324 336 376 -1 304 56 333 -1 73 56 304 -1 56 73 57 -1 190 55 54 -1 190 384 55 -1 188 249 315 -1 51 249 188 -1 50 220 52 -1 220 50 47 -1 406 416 401 -1 379 416 406 -1 370 213 325 -1 300 213 370 -1 300 299 213 -1 44 277 43 -1 44 45 277 -1 368 37 36 -1 368 367 37 -1 47 401 48 -1 47 406 401 -1 252 281 253 -1 282 281 252 -1 139 364 417 -1 364 139 30 -1 340 251 201 -1 252 251 340 -1 361 418 359 -1 418 361 419 -1 10 216 11 -1 314 216 10 -1 11 250 12 -1 217 250 11 -1 248 342 28 -1 294 342 248 -1 327 357 180 -1 420 357 327 -1 421 353 244 -1 421 355 353 -1 320 351 352 -1 422 351 320 -1 423 349 424 -1 423 347 349 -1 425 173 426 -1 425 346 173 -1 2 343 0 -1 343 2 344 -1 328 427 397 -1 345 427 328 -1 348 428 175 -1 350 428 348 -1 354 241 240 -1 354 429 241 -1 430 358 356 -1 430 243 358 -1 175 431 176 -1 428 431 175 -1 247 18 19 -1 247 363 18 -1 52 10 12 -1 220 10 52 -1 285 94 21 -1 94 285 263 -1 372 1 432 -1 372 2 1 -1 25 200 208 -1 24 200 25 -1 24 363 341 -1 24 18 363 -1 138 30 139 -1 30 138 295 -1 417 296 183 -1 296 417 364 -1 38 369 366 -1 38 40 369 -1 43 342 8 -1 43 196 342 -1 46 149 314 -1 46 48 149 -1 49 188 53 -1 49 51 188 -1 54 191 190 -1 54 189 191 -1 58 373 338 -1 373 58 371 -1 265 415 61 -1 415 265 337 -1 376 114 375 -1 376 115 114 -1 378 88 377 -1 89 88 378 -1 91 100 95 -1 91 261 100 -1 109 104 136 -1 187 104 109 -1 237 317 238 -1 237 107 317 -1 107 237 105 -1 160 110 161 -1 160 334 110 -1 232 114 258 -1 231 114 232 -1 122 118 170 -1 119 118 122 -1 132 401 416 -1 132 134 401 -1 127 40 192 -1 369 40 127 -1 312 195 257 -1 197 195 312 -1 140 130 380 -1 199 130 140 -1 381 89 378 -1 89 381 323 -1 137 382 135 -1 137 383 382 -1 142 417 143 -1 139 417 142 -1 212 256 198 -1 256 212 106 -1 217 6 250 -1 6 217 9 -1 244 156 154 -1 156 244 353 -1 329 152 155 -1 329 164 152 -1 320 166 319 -1 166 320 352 -1 331 330 161 -1 331 159 330 -1 329 159 158 -1 159 329 414 -1 162 412 387 -1 162 411 412 -1 166 235 167 -1 166 352 235 -1 419 236 288 -1 419 234 236 -1 374 359 418 -1 359 374 371 -1 374 2 372 -1 374 344 2 -1 232 387 233 -1 232 309 387 -1 1 433 432 -1 433 1 426 -1 393 433 172 -1 393 391 433 -1 171 393 172 -1 395 393 171 -1 171 398 395 -1 398 171 396 -1 396 424 399 -1 396 397 424 -1 301 402 434 -1 301 408 402 -1 124 434 224 -1 124 123 434 -1 339 226 33 -1 339 404 226 -1 35 405 36 -1 35 223 405 -1 143 183 182 -1 417 183 143 -1 435 297 184 -1 298 297 435 -1 317 184 242 -1 435 184 317 -1 335 112 113 -1 112 335 306 -1 32 36 405 -1 368 36 32 -1 341 200 24 -1 341 340 200 -1 209 307 205 -1 92 307 209 -1 315 189 188 -1 315 293 189 -1 39 192 40 -1 245 192 39 -1 192 245 193 -1 116 76 81 -1 116 115 76 -1 84 335 80 -1 84 306 335 -1 107 435 317 -1 107 211 435 -1 298 211 210 -1 298 435 211 -1 181 297 182 -1 181 177 297 -1 322 226 228 -1 33 226 322 -1 403 226 404 -1 403 321 226 -1 403 434 402 -1 224 434 403 -1 399 349 227 -1 399 424 349 -1 123 301 434 -1 123 271 301 -1 408 395 398 -1 408 394 395 -1 169 272 120 -1 272 169 270 -1 332 65 219 -1 384 65 332 -1 66 384 190 -1 384 66 65 -1 426 172 433 -1 172 426 173 -1 432 391 409 -1 391 432 433 -1 233 412 388 -1 233 387 412 -1 373 432 409 -1 373 372 432 -1 344 418 290 -1 418 344 374 -1 234 361 410 -1 361 234 419 -1 167 410 168 -1 410 167 234 -1 414 330 159 -1 330 414 413 -1 239 386 385 -1 386 239 319 -1 154 242 316 -1 153 242 154 -1 220 314 10 -1 46 314 220 -1 199 142 141 -1 199 140 142 -1 157 381 151 -1 157 382 381 -1 313 206 131 -1 313 207 206 -1 380 138 140 -1 278 138 380 -1 369 126 367 -1 369 127 126 -1 123 416 271 -1 123 132 416 -1 122 332 119 -1 332 122 311 -1 110 136 135 -1 110 109 136 -1 207 377 88 -1 207 313 377 -1 23 101 102 -1 23 22 101 -1 61 69 68 -1 69 61 415 -1 69 324 303 -1 415 324 69 -1 360 267 266 -1 362 267 360 -1 264 64 63 -1 60 64 264 -1 68 333 117 -1 333 68 304 -1 202 189 293 -1 189 202 191 -1 271 379 272 -1 271 416 379 -1 314 150 274 -1 314 149 150 -1 246 370 193 -1 246 215 370 -1 245 43 42 -1 245 44 43 -1 134 273 150 -1 273 134 133 -1 365 30 29 -1 365 364 30 -1 279 253 281 -1 253 279 278 -1 419 290 418 -1 290 419 288 -1 21 82 285 -1 21 80 82 -1 16 147 287 -1 16 205 147 -1 249 12 250 -1 249 52 12 -1 248 363 247 -1 248 283 363 -1 176 420 327 -1 431 420 176 -1 430 244 243 -1 430 421 244 -1 429 320 241 -1 429 422 320 -1 291 288 236 -1 291 289 288 -1 397 423 424 -1 427 423 397 -1 1 425 426 -1 0 425 1 -1' creaseAngle='1.571'>
            <Coordinate DEF='lmolr1lc_Coord' point='0.6505 54.7154 2.2204 0.6476 54.7247 2.2216 0.6477 54.7247 2.2202 0.7588 54.978 2.0798 0.75 54.9792 2.0711 0.7465 54.9802 2.0747 0.7577 54.9581 2.2693 0.7662 54.9649 2.2667 0.7679 54.9652 2.2602 0.7628 54.9645 2.2796 0.7475 54.9617 2.3093 0.7552 54.9678 2.3028 0.748 54.9615 2.3011 0.7365 54.957 2.1951 0.7295 54.9677 2.186 0.7267 54.965 2.1949 0.7535 54.9664 2.1963 0.7355 54.9586 2.2016 0.755 54.9676 2.2061 0.738 54.9585 2.2073 0.7304 54.9656 2.2076 0.7742 54.9617 2.1415 0.781 54.9683 2.1373 0.7786 54.97 2.1289 0.7929 54.9872 2.2102 0.7911 54.9875 2.2003 0.8228 54.9969 2.2573 0.7724 54.9683 2.2397 0.7714 54.9676 2.2443 0.8738 55.0072 2.2748 0.875 55.0037 2.2651 0.8675 55.0083 2.272 0.8787 55.0175 2.3052 0.9336 54.9051 2.3637 0.9417 54.9029 2.3236 0.916 54.9797 2.3511 0.8883 55.0154 2.3476 0.8812 55.024 2.3817 0.8541 55.034 2.3332 0.8403 55.0317 2.3564 0.8499 55.0368 2.3658 0.7798 54.9917 2.3211 0.8019 54.9919 2.305 0.812 54.9909 2.2936 0.8329 55.0209 2.3427 0.8445 55.028 2.3354 0.7374 54.9679 2.3491 0.698 54.9935 2.3576 0.7351 54.9686 2.386 0.6846 55.0076 2.328 0.7009 54.9898 2.3355 0.7058 54.997 2.3251 0.7404 54.967 2.2992 0.6605 55.0218 2.3204 0.68 55.0293 2.2892 0.6696 55.0334 2.291 0.6236 54.9761 2.2292 0.6321 54.9653 2.1897 0.6263 54.921 2.1795 0.6524 55.0289 2.2297 0.6663 55.0276 2.2356 0.6589 55.0083 2.1952 0.7348 54.9667 2.213 0.703 55.0016 2.2297 0.6668 55.0299 2.2464 0.6618 55.0343 2.2525 0.6693 55.0328 2.2558 0.6432 54.9984 2.1897 0.6465 55.0122 2.1978 0.65 55.0074 2.1886 0.7253 54.9636 2.1993 0.6913 54.9975 2.185 0.6446 55.0028 2.1805 0.6376 54.9817 2.1895 0.6942 55.0117 2.1652 0.7042 55.0055 2.1467 0.694 55.0157 2.1389 0.7478 54.9589 2.1569 0.7072 55.0078 2.1376 0.7417 54.9581 2.164 0.7635 54.9694 2.1341 0.7155 55.019 2.1134 0.7613 54.9652 2.1506 0.7234 55.0011 2.0664 0.7492 54.9773 2.0869 0.9149 55.0039 2.1142 0.892 55.0149 2.1252 0.8943 55.011 2.1338 0.8748 55.0132 2.1381 0.8732 55.0172 2.1294 0.8408 55.0089 2.1327 0.8149 54.987 2.1454 0.8041 54.9866 2.155 0.8411 55.0145 2.15 0.7822 54.967 2.1427 0.807 54.9808 2.1459 0.8009 54.9836 2.1365 0.8391 55.0176 2.1151 0.8408 55.0118 2.1232 0.8451 55.0231 2.1117 0.8123 54.987 2.1398 0.798 54.9965 2.1167 0.7943 54.9991 2.1061 0.8068 55.017 2.0903 0.7978 55.0019 2.0872 0.919 55.0034 2.1335 0.91 55.0265 2.1601 0.9247 55.0075 2.1575 0.7305 54.9963 2.05 0.7594 54.9877 2.0509 0.7603 54.9899 2.0425 0.6968 55.0201 2.0556 0.703 55.0181 2.0609 0.6947 55.032 2.0886 0.6641 55.0303 2.1288 0.6728 55.0267 2.1311 0.6917 55.0332 2.0976 0.6436 55.0254 2.2281 0.6334 55.032 2.2777 0.6419 55.0392 2.2777 0.6617 55.0098 2.3516 0.6704 55.0148 2.348 0.6462 55.0273 2.3167 0.773 54.9783 2.4215 0.8041 55.0059 2.423 0.7975 55.0126 2.4186 0.8331 55.0259 2.404 0.8263 55.032 2.3982 0.8812 55.0416 2.1902 0.8722 55.0399 2.1875 0.8692 55.0335 2.222 0.8841 55.0359 2.1608 0.7707 54.9841 2.4156 0.7743 54.9865 2.401 0.765 54.978 2.4019 0.8091 55.0203 2.0562 0.8062 55.0166 2.0645 0.8151 55.0218 2.0685 0.8641 55.0074 2.2564 0.8778 55.007 2.2597 0.8696 55.0153 2.2491 0.9042 55.0286 2.2197 0.885 55.0129 2.2495 0.911 55.0014 2.248 0.8239 55.027 2.0886 0.8221 55.0246 2.0951 0.8327 55.0198 2.1073 0.7531 54.9549 2.1671 0.7705 54.9589 2.1517 0.7429 54.9641 2.377 0.7506 54.969 2.3857 0.8847 55.0322 2.0885 0.9277 54.906 2.0631 0.9567 54.9058 2.0975 0.9627 54.8625 2.0967 0.8886 54.8943 2.0399 0.9309 54.8505 2.0687 0.8548 55.0318 2.0592 0.8747 55.0125 2.0503 0.8259 54.9928 2.0298 0.7261 54.9895 2.035 0.7624 54.9827 2.036 0.7256 54.9708 2.0284 0.9041 55.012 2.0751 0.9219 54.9633 2.0633 0.7429 54.8734 2.024 0.7548 54.8051 2.041 0.7039 54.8064 2.0476 0.6861 54.8823 2.041 0.6426 54.9664 2.3585 0.6389 55.0196 2.3154 0.6751 54.8114 2.3546 0.6444 54.7933 2.3207 0.6591 54.7309 2.298 0.9545 54.8409 2.3123 0.9294 54.7665 2.3362 0.9549 54.7651 2.2987 0.9427 54.9093 2.2729 0.9771 54.8579 2.235 0.9606 54.8514 2.2708 0.9711 54.766 2.2243 0.9349 54.9285 2.2744 0.9442 54.9622 2.2482 0.9304 54.956 2.2667 0.9754 54.9127 2.1916 0.9801 54.8573 2.191 0.7641 54.979 2.0826 0.7593 54.982 2.0674 0.7079 55.0035 2.3066 0.7157 55.0077 2.2794 0.6773 55.0323 2.2808 0.7148 55.0107 2.2654 0.8218 55.0307 2.3911 0.817 55.0255 2.3755 0.8147 55.0254 2.3861 0.8594 55.0256 2.3012 0.816 54.9947 2.2745 0.8513 55.0093 2.2733 0.8896 55.0391 2.1926 0.8782 55.0308 2.224 0.8338 55.0207 2.1968 0.8612 55.0305 2.2169 0.7523 54.9708 2.2352 0.7097 55.0047 2.2371 0.691 55.0094 2.174 0.7589 54.9605 2.1731 0.8748 55.0329 2.161 0.8753 55.0196 2.1459 0.8361 55.0231 2.1858 0.7889 54.985 2.1772 0.9252 55.0093 2.2216 0.931 55.0103 2.1902 0.9138 55.032 2.1916 0.7948 55.0122 2.408 0.7813 54.9995 2.3716 0.7837 55.004 2.3614 0.7536 54.9682 2.3318 0.7595 54.966 2.2891 0.7749 54.9933 2.3389 0.6515 55.0377 2.2641 0.7396 54.9672 2.3122 0.7268 55.001 2.0608 0.9218 54.957 2.2905 0.9219 54.9668 2.3196 0.8243 54.9894 2.4265 0.8533 55.0112 2.4137 0.8854 54.8996 2.4006 0.8532 54.8242 2.3933 0.8902 54.825 2.3847 0.6229 54.984 2.2709 0.6263 54.9785 2.3165 0.6576 55.024 2.1235 0.6747 55.0271 2.0855 0.6576 55.0012 2.0705 0.6668 54.7953 2.0767 0.7111 54.7475 2.0567 0.6842 54.7435 2.0845 0.9302 54.9803 2.1134 0.946 54.9554 2.1016 0.8468 54.8321 2.0365 0.8933 54.7774 2.0606 0.8544 54.7681 2.0563 0.9726 54.9061 2.1456 0.9763 54.7762 2.1419 0.9595 54.7761 2.105 0.8296 55.028 2.3593 0.7874 55.0041 2.3431 0.7596 54.9627 2.2337 0.7639 54.9636 2.239 0.7441 54.9664 2.2888 0.7529 54.9598 2.2852 0.8521 55.0142 2.242 0.8267 55.0009 2.2385 0.8509 55.0066 2.249 0.8393 55.0163 2.3004 0.8934 55.0189 2.1433 0.8916 55.035 2.1625 0.869 55.027 2.3005 0.6844 55.0355 2.0894 0.813 55.0235 2.0836 0.9149 54.9994 2.1238 0.8188 54.9917 2.1411 0.8426 55.0086 2.1448 0.7832 54.966 2.1468 0.6984 55.0026 2.2209 0.6889 54.9988 2.1996 0.6394 54.9836 2.1095 0.6358 54.9745 2.1498 0.649 55.0154 2.1521 0.7279 54.9649 2.204 0.6725 54.9606 2.3878 0.717 54.9713 2.4086 0.6797 54.9915 2.3814 0.7759 54.9895 2.394 0.7522 54.9686 2.3566 0.7529 54.9684 2.3442 0.7816 54.9943 2.3787 0.8272 55.0068 2.2987 0.8586 55.0095 2.2536 0.8579 55.0031 2.26 0.8463 55.0042 2.2615 0.8495 55.0008 2.2559 0.8259 54.9943 2.2469 0.7716 54.9681 2.2376 0.8539 55.0286 2.1893 0.7757 54.9601 2.1472 0.7336 54.9663 2.1771 0.743 54.9562 2.1841 0.6596 54.728 2.1337 0.6629 54.7188 2.134 0.6594 54.7279 2.135 0.686 54.7333 2.0877 0.7129 54.7381 2.0575 0.755 54.9694 2.2518 0.7619 54.9618 2.2485 0.8627 55.0038 2.2628 0.9224 54.9523 2.2751 0.9597 54.92 2.2389 0.9513 54.9665 2.2221 0.7876 55.0046 2.3943 0.7953 55.0112 2.3833 0.7183 54.9553 2.4074 0.6872 55.0042 2.3386 0.651 55.0136 2.1806 0.6422 55.0022 2.1984 0.7097 55.0126 2.0629 0.7232 55.0063 2.0755 0.7789 54.9663 2.1546 0.8989 55.0156 2.1415 0.6888 55.0163 2.0514 0.6762 55.0107 2.3412 0.6546 55.0295 2.3075 0.8599 55.0094 2.2697 0.8861 55.0208 2.1453 0.7454 54.9628 2.339 0.7515 54.9654 2.2681 0.9728 54.8567 2.1375 0.9516 54.9636 2.1533 0.8907 54.8452 2.0514 0.8063 54.8222 2.0355 0.8128 54.7646 2.0475 0.8493 54.8943 2.4151 0.9355 54.8335 2.3511 0.8684 55.0333 2.0982 0.6613 55.0106 2.1803 0.8083 55.0224 2.3874 0.8424 55.0203 2.1627 0.9622 54.7642 2.2605 0.6908 54.7413 2.3173 0.8884 54.9596 2.0406 0.7755 54.9708 2.0262 0.8132 55.0145 2.0492 0.6517 55.0376 2.2808 0.6366 55.014 2.2289 0.7297 54.9966 2.0415 0.7199 55.0156 2.0993 0.6817 55.0125 2.165 0.6879 54.9937 2.1908 0.6246 54.9279 2.221 0.9034 54.9884 2.3794 0.8309 55.009 2.2177 0.8099 54.9949 2.223 0.7694 54.9662 2.2534 0.6525 54.7198 2.178 0.6495 54.729 2.1781 0.692 54.7323 2.3141 0.6614 54.7217 2.2953 0.8431 54.7552 2.3634 0.8933 54.7614 2.3596 0.843 54.7645 2.3668 0.8933 54.7521 2.3564 0.7655 54.7517 2.0472 0.7635 54.7611 2.0465 0.928 54.7762 2.0774 0.8933 54.7678 2.0614 0.928 54.7666 2.0783 0.9794 54.7606 2.1748 0.9693 54.7565 2.2232 0.9805 54.7701 2.1759 0.6301 54.8589 2.1495 0.6312 54.9204 2.1237 0.6354 54.8584 2.1221 0.6287 54.9207 2.1516 0.77 54.9679 2.2333 0.894 54.9897 2.2689 0.8942 54.992 2.2788 0.8654 55.0364 2.3361 0.866 55.0353 2.3765 0.8749 55.0299 2.341 0.8582 55.0401 2.3716 0.8056 55.0199 2.3836 0.6248 54.8594 2.177 0.6322 54.7957 2.2114 0.6233 54.8623 2.2132 0.6348 54.7915 2.1771 0.6568 55.023 2.1574 0.6677 55.0177 2.1594 0.8862 55.0144 2.1375 0.8845 55.0187 2.1286 0.6887 54.9963 2.3776 0.861 55.0167 2.247 0.8771 55.036 2.0942 0.8503 55.037 2.0672 0.847 55.0335 2.0763 0.6683 55.035 2.2862 0.8472 54.8903 2.0239 0.7983 54.8778 2.0224 0.6798 55.0032 2.0462 0.646 54.9436 2.078 0.6229 54.9347 2.2627 0.6236 54.9292 2.3085 0.6236 54.8605 2.3016 0.6367 54.9232 2.3491 0.6365 54.8614 2.3403 0.6627 54.9111 2.378 0.6673 54.8735 2.3741 0.7383 54.8163 2.377 0.7472 54.7567 2.3462 0.7301 54.8723 2.3961 0.7847 54.8232 2.391 0.7842 54.8855 2.4119 0.7248 54.9745 2.3979 0.7819 54.9331 2.4215 0.8393 54.9618 2.4261 0.8711 54.9799 2.4109 0.8936 55.0045 2.3134 0.6944 54.9934 2.3702 0.7264 54.9641 2.2013 0.7243 54.9218 2.403 0.6218 54.8652 2.2495 0.6509 54.8697 2.0753 0.7322 54.9286 2.0234 0.6747 54.9487 2.0412 0.7855 54.9317 2.0211 0.8379 54.9503 2.0219 0.659 55.0043 2.1876 0.7196 54.9775 2.4039 0.8992 54.9938 2.262 0.6406 54.7909 2.1472 0.6441 54.7906 2.1288 0.9604 54.7548 2.2593 0.9591 54.7664 2.1056 0.8133 54.7551 2.0488 0.7885 54.7553 2.3613 0.788 54.7645 2.365 0.6536 54.7196 2.2658 0.6507 54.729 2.2687 0.748 54.7476 2.3429 0.9285 54.7572 2.3331 0.8546 54.7588 2.0579 0.9758 54.7665 2.1422 0.9531 54.7559 2.2964 0.6304 54.7985 2.234 0.6327 54.7931 2.2857 0.7784 54.9642 2.4217 0.9562 54.9695 2.1944'/>
          </IndexedFaceSet>
        </Shape>
        <Shape DEF='lmolr2lc'>
          <Appearance>
            <Material ambientIntensity='0.4' diffuseColor='1 0.9843 0.9843' emissiveColor='1 0 0' shininess='0.05'/>
          </Appearance>
          <IndexedFaceSet DEF='lmolr2lc_Geo' coordIndex='0 1 2 -1 3 4 5 -1 6 7 8 -1 9 10 11 -1 12 13 14 -1 15 16 17 -1 13 12 18 -1 19 20 21 -1 22 23 24 -1 24 25 26 -1 27 28 29 -1 22 30 31 -1 29 32 33 -1 34 35 36 -1 37 38 39 -1 39 40 41 -1 42 43 44 -1 45 46 47 -1 37 48 21 -1 41 34 49 -1 17 50 20 -1 51 52 53 -1 54 55 52 -1 56 57 55 -1 58 59 60 -1 61 62 63 -1 0 64 65 -1 66 61 67 -1 61 68 67 -1 69 70 71 -1 72 68 61 -1 73 74 75 -1 76 77 78 -1 79 80 81 -1 82 83 1 -1 84 85 86 -1 55 57 87 -1 88 89 90 -1 91 92 93 -1 94 95 96 -1 84 97 98 -1 99 100 101 -1 102 103 104 -1 105 106 107 -1 108 109 110 -1 98 97 111 -1 112 104 113 -1 114 115 116 -1 117 118 119 -1 120 121 117 -1 122 115 123 -1 124 120 125 -1 126 127 128 -1 129 130 131 -1 132 133 134 -1 135 136 137 -1 138 139 140 -1 34 36 141 -1 104 18 113 -1 89 142 143 -1 97 84 72 -1 60 59 144 -1 53 52 58 -1 145 146 100 -1 147 148 149 -1 150 151 49 -1 150 49 34 -1 16 152 153 -1 154 69 155 -1 156 157 121 -1 158 159 160 -1 161 162 122 -1 163 164 165 -1 118 116 166 -1 167 116 115 -1 168 169 170 -1 86 171 172 -1 173 147 149 -1 174 175 101 -1 176 177 178 -1 179 180 109 -1 173 181 107 -1 182 99 175 -1 183 184 185 -1 186 98 183 -1 187 188 189 -1 190 161 123 -1 69 191 155 -1 79 192 80 -1 89 88 81 -1 85 193 86 -1 194 195 81 -1 16 153 196 -1 197 198 11 -1 186 199 200 -1 201 202 203 -1 61 63 72 -1 204 146 205 -1 206 72 84 -1 207 208 209 -1 210 211 212 -1 213 79 195 -1 74 214 9 -1 215 216 213 -1 217 218 219 -1 66 220 62 -1 221 58 60 -1 222 223 224 -1 56 46 225 -1 46 56 54 -1 47 51 226 -1 50 227 37 -1 228 229 230 -1 230 229 35 -1 231 41 49 -1 48 39 231 -1 29 28 32 -1 22 232 30 -1 233 27 234 -1 235 152 236 -1 148 14 73 -1 74 237 238 -1 13 18 239 -1 6 8 240 -1 11 198 238 -1 215 65 216 -1 11 238 237 -1 105 28 241 -1 238 75 74 -1 73 75 148 -1 233 234 242 -1 26 25 243 -1 36 35 229 -1 48 37 39 -1 231 39 41 -1 228 42 229 -1 37 20 50 -1 229 44 36 -1 47 226 43 -1 47 54 51 -1 54 47 46 -1 222 224 244 -1 221 60 245 -1 246 247 248 -1 66 249 220 -1 10 250 11 -1 9 237 74 -1 209 251 207 -1 252 253 254 -1 201 203 255 -1 186 200 193 -1 11 250 197 -1 17 16 196 -1 256 257 80 -1 81 82 194 -1 206 84 172 -1 85 186 193 -1 81 257 89 -1 88 90 258 -1 187 189 130 -1 186 85 98 -1 183 98 184 -1 182 175 154 -1 173 149 181 -1 176 178 259 -1 260 261 262 -1 101 263 174 -1 264 241 265 -1 170 160 168 -1 115 158 167 -1 166 119 118 -1 163 266 164 -1 161 267 162 -1 158 122 159 -1 114 268 115 -1 156 121 120 -1 110 140 269 -1 110 138 140 -1 16 239 152 -1 270 52 55 -1 34 178 150 -1 178 177 150 -1 28 27 241 -1 148 271 149 -1 52 270 58 -1 223 222 272 -1 104 239 18 -1 271 33 32 -1 23 31 180 -1 34 141 178 -1 138 273 139 -1 137 274 135 -1 275 137 136 -1 132 276 133 -1 129 277 130 -1 128 278 126 -1 124 156 120 -1 123 161 122 -1 122 158 115 -1 117 279 120 -1 117 119 280 -1 118 114 116 -1 107 281 282 -1 108 179 109 -1 105 107 181 -1 102 104 112 -1 99 101 175 -1 85 84 98 -1 190 123 283 -1 91 93 284 -1 55 87 212 -1 88 258 82 -1 82 81 88 -1 86 172 84 -1 194 82 1 -1 81 195 79 -1 80 257 81 -1 76 217 77 -1 73 285 74 -1 72 206 68 -1 69 174 70 -1 204 286 146 -1 252 254 144 -1 270 251 59 -1 210 207 211 -1 287 76 192 -1 10 242 234 -1 65 215 0 -1 61 66 62 -1 58 270 59 -1 56 55 54 -1 54 52 51 -1 51 53 288 -1 20 19 17 -1 44 43 226 -1 42 47 43 -1 37 21 20 -1 45 47 42 -1 42 44 229 -1 35 34 41 -1 39 38 40 -1 37 227 38 -1 289 151 150 -1 26 243 202 -1 29 197 27 -1 24 23 25 -1 22 31 23 -1 21 285 19 -1 15 17 19 -1 237 9 11 -1 10 234 250 -1 165 290 291 -1 292 290 165 -1 293 294 295 -1 293 296 294 -1 297 166 298 -1 297 119 166 -1 299 300 301 -1 302 300 299 -1 303 304 305 -1 304 303 306 -1 307 308 309 -1 307 310 308 -1 196 50 17 -1 196 311 50 -1 48 214 21 -1 48 312 214 -1 53 313 288 -1 53 314 313 -1 315 316 317 -1 315 318 316 -1 319 320 321 -1 319 322 320 -1 323 91 324 -1 91 323 126 -1 12 148 147 -1 148 12 14 -1 233 25 23 -1 233 242 25 -1 240 325 326 -1 240 327 325 -1 328 329 330 -1 328 331 329 -1 313 332 288 -1 313 326 332 -1 221 224 223 -1 221 245 224 -1 192 213 287 -1 192 79 213 -1 215 1 0 -1 1 215 194 -1 333 247 209 -1 333 334 247 -1 214 203 9 -1 214 312 203 -1 208 210 64 -1 208 207 210 -1 211 251 270 -1 211 207 251 -1 80 78 256 -1 80 76 78 -1 76 80 192 -1 275 70 102 -1 275 71 70 -1 248 335 246 -1 248 336 335 -1 258 263 101 -1 258 90 263 -1 63 97 72 -1 205 97 63 -1 205 111 97 -1 312 231 337 -1 48 231 312 -1 338 199 339 -1 199 338 200 -1 27 265 241 -1 27 233 265 -1 340 249 341 -1 249 340 220 -1 342 343 135 -1 344 343 342 -1 161 345 267 -1 161 190 345 -1 130 346 187 -1 346 130 277 -1 98 145 184 -1 98 111 145 -1 274 112 173 -1 137 112 274 -1 264 108 323 -1 264 179 108 -1 273 176 259 -1 138 176 273 -1 314 58 221 -1 314 53 58 -1 30 347 109 -1 30 232 347 -1 169 348 349 -1 168 348 169 -1 158 170 167 -1 158 160 170 -1 350 351 279 -1 351 350 295 -1 164 352 353 -1 266 352 164 -1 163 291 330 -1 163 165 291 -1 308 354 355 -1 308 356 354 -1 357 358 306 -1 357 359 358 -1 348 321 349 -1 319 321 348 -1 168 360 348 -1 361 360 168 -1 122 343 159 -1 122 162 343 -1 361 160 159 -1 160 361 168 -1 121 268 114 -1 157 268 121 -1 362 96 363 -1 362 364 96 -1 200 365 276 -1 200 338 365 -1 128 189 366 -1 367 189 128 -1 129 140 139 -1 129 131 140 -1 199 183 368 -1 199 186 183 -1 154 369 182 -1 154 155 369 -1 282 284 342 -1 281 284 282 -1 110 127 108 -1 110 269 127 -1 238 33 271 -1 238 198 33 -1 347 150 177 -1 347 289 150 -1 271 181 149 -1 32 181 271 -1 236 239 104 -1 236 152 239 -1 257 142 89 -1 257 256 142 -1 8 223 272 -1 7 223 8 -1 370 171 253 -1 370 172 171 -1 370 206 172 -1 103 236 104 -1 371 236 103 -1 371 235 236 -1 232 289 347 -1 201 289 232 -1 201 255 289 -1 55 211 270 -1 55 212 211 -1 273 372 139 -1 273 327 372 -1 323 127 126 -1 323 108 127 -1 135 282 342 -1 274 282 135 -1 276 193 200 -1 132 193 276 -1 191 71 345 -1 191 69 71 -1 131 269 140 -1 131 367 269 -1 130 367 131 -1 130 189 367 -1 127 367 128 -1 127 269 367 -1 339 368 124 -1 199 368 339 -1 96 365 94 -1 364 365 96 -1 268 123 115 -1 268 283 123 -1 191 268 155 -1 191 283 268 -1 344 360 361 -1 344 93 360 -1 320 303 373 -1 320 374 303 -1 322 374 320 -1 322 375 374 -1 188 359 357 -1 188 187 359 -1 355 346 317 -1 346 355 354 -1 330 95 163 -1 329 95 330 -1 295 376 351 -1 376 295 294 -1 279 280 350 -1 117 280 279 -1 377 170 378 -1 167 170 377 -1 262 193 132 -1 262 86 193 -1 314 223 7 -1 314 221 223 -1 109 177 176 -1 109 347 177 -1 281 106 324 -1 106 281 107 -1 185 99 182 -1 185 184 99 -1 277 317 346 -1 317 277 315 -1 379 380 3 -1 340 380 379 -1 380 381 2 -1 380 341 381 -1 380 340 341 -1 376 353 352 -1 376 294 353 -1 227 228 38 -1 227 382 228 -1 70 263 143 -1 174 263 70 -1 286 62 220 -1 286 204 62 -1 336 370 335 -1 336 383 370 -1 143 102 70 -1 103 102 143 -1 243 242 10 -1 243 25 242 -1 333 381 341 -1 384 381 333 -1 226 288 332 -1 226 51 288 -1 329 385 363 -1 331 385 329 -1 225 45 219 -1 45 225 46 -1 327 272 372 -1 327 8 272 -1 327 240 8 -1 228 45 42 -1 382 45 228 -1 255 312 337 -1 203 312 255 -1 24 202 201 -1 24 26 202 -1 15 14 13 -1 14 15 73 -1 202 9 203 -1 9 243 10 -1 9 202 243 -1 264 324 106 -1 324 264 323 -1 386 322 319 -1 386 387 322 -1 388 318 315 -1 388 389 318 -1 141 326 325 -1 332 326 141 -1 214 285 21 -1 285 214 74 -1 287 217 76 -1 218 217 287 -1 83 2 1 -1 83 380 2 -1 2 384 0 -1 2 381 384 -1 310 356 308 -1 310 390 356 -1 305 373 303 -1 305 391 373 -1 301 392 378 -1 300 392 301 -1 393 119 297 -1 393 280 119 -1 394 294 296 -1 353 294 394 -1 395 290 396 -1 290 395 291 -1 164 292 165 -1 397 292 164 -1 398 295 350 -1 398 293 295 -1 377 298 166 -1 399 298 377 -1 400 299 401 -1 400 302 299 -1 402 306 358 -1 402 304 306 -1 309 396 307 -1 396 309 395 -1 311 217 219 -1 217 311 196 -1 382 50 311 -1 382 227 50 -1 245 134 224 -1 260 134 245 -1 313 240 326 -1 313 6 240 -1 403 317 316 -1 355 317 403 -1 373 321 320 -1 401 321 373 -1 92 126 278 -1 92 91 126 -1 18 147 113 -1 12 147 18 -1 19 73 15 -1 73 19 285 -1 77 152 235 -1 153 152 77 -1 22 201 232 -1 22 24 201 -1 29 198 197 -1 198 29 33 -1 337 289 255 -1 337 151 289 -1 41 230 35 -1 41 40 230 -1 36 332 141 -1 332 44 226 -1 36 44 332 -1 328 291 395 -1 328 330 291 -1 362 222 244 -1 404 222 362 -1 216 287 213 -1 87 287 216 -1 0 208 64 -1 384 208 0 -1 334 341 249 -1 333 341 334 -1 64 212 65 -1 64 210 212 -1 371 256 78 -1 371 142 256 -1 253 335 370 -1 335 253 252 -1 146 379 100 -1 146 286 379 -1 67 249 66 -1 67 334 249 -1 68 336 67 -1 68 383 336 -1 111 146 145 -1 146 111 205 -1 383 206 370 -1 383 68 206 -1 405 338 339 -1 405 406 338 -1 342 93 344 -1 93 342 284 -1 283 345 190 -1 283 191 345 -1 363 95 329 -1 95 363 96 -1 375 387 366 -1 375 322 387 -1 113 173 112 -1 113 147 173 -1 180 264 265 -1 264 180 179 -1 180 30 109 -1 180 31 30 -1 178 325 259 -1 178 141 325 -1 102 137 275 -1 102 112 137 -1 349 301 169 -1 349 299 301 -1 114 117 121 -1 114 118 117 -1 351 120 279 -1 125 120 351 -1 266 406 352 -1 94 406 266 -1 403 395 309 -1 328 395 403 -1 359 356 358 -1 359 354 356 -1 306 374 357 -1 374 306 303 -1 401 349 321 -1 401 299 349 -1 93 386 360 -1 92 386 93 -1 136 343 162 -1 136 135 343 -1 405 124 125 -1 339 124 405 -1 369 156 407 -1 369 157 156 -1 364 276 365 -1 133 276 364 -1 366 278 128 -1 366 387 278 -1 129 315 277 -1 388 315 129 -1 388 139 372 -1 388 129 139 -1 133 224 134 -1 224 133 244 -1 407 182 369 -1 185 182 407 -1 136 267 275 -1 267 136 162 -1 32 105 181 -1 28 105 32 -1 230 38 228 -1 40 38 230 -1 5 258 101 -1 258 5 4 -1 251 144 59 -1 246 144 251 -1 254 171 261 -1 171 254 253 -1 144 261 60 -1 144 254 261 -1 379 220 340 -1 286 220 379 -1 3 100 379 -1 5 100 3 -1 101 100 5 -1 143 90 89 -1 143 263 90 -1 235 78 77 -1 371 78 235 -1 151 231 49 -1 231 151 337 -1 324 284 281 -1 324 91 284 -1 368 185 407 -1 183 185 368 -1 272 404 389 -1 222 404 272 -1 385 389 404 -1 385 318 389 -1 244 364 362 -1 244 133 364 -1 124 407 156 -1 368 407 124 -1 338 94 365 -1 94 338 406 -1 157 155 268 -1 157 369 155 -1 159 344 361 -1 343 344 159 -1 360 319 348 -1 386 319 360 -1 357 375 188 -1 375 357 374 -1 187 354 359 -1 187 346 354 -1 403 331 328 -1 316 331 403 -1 266 95 94 -1 95 266 163 -1 351 405 125 -1 405 351 376 -1 167 166 116 -1 167 377 166 -1 378 169 301 -1 378 170 169 -1 260 132 134 -1 262 132 260 -1 154 174 69 -1 174 154 175 -1 262 171 86 -1 262 261 171 -1 327 259 325 -1 273 259 327 -1 110 176 138 -1 110 109 176 -1 282 173 107 -1 274 173 282 -1 184 100 99 -1 184 145 100 -1 188 366 189 -1 188 375 366 -1 385 316 318 -1 331 316 385 -1 267 71 275 -1 267 345 71 -1 258 83 82 -1 83 258 4 -1 352 405 376 -1 405 352 406 -1 265 23 180 -1 233 23 265 -1 246 209 247 -1 209 246 251 -1 336 334 67 -1 336 247 334 -1 336 248 247 -1 62 205 63 -1 204 205 62 -1 252 246 335 -1 246 252 144 -1 103 142 371 -1 103 143 142 -1 209 384 333 -1 208 384 209 -1 215 195 194 -1 215 213 195 -1 57 219 218 -1 57 225 219 -1 57 56 225 -1 87 65 212 -1 87 216 65 -1 363 404 362 -1 385 404 363 -1 250 27 197 -1 250 234 27 -1 217 153 77 -1 196 153 217 -1 271 75 238 -1 271 148 75 -1 13 16 15 -1 13 239 16 -1 106 241 264 -1 106 105 241 -1 92 387 386 -1 92 278 387 -1 389 372 272 -1 388 372 389 -1 309 355 403 -1 308 355 309 -1 7 313 314 -1 313 7 6 -1 260 60 261 -1 260 245 60 -1 45 311 219 -1 382 311 45 -1 218 87 57 -1 218 287 87 -1 3 83 4 -1 83 3 380 -1 390 358 356 -1 390 402 358 -1 401 391 400 -1 391 401 373 -1 399 378 392 -1 399 377 378 -1 350 393 398 -1 393 350 280 -1 353 397 164 -1 394 397 353 -1' creaseAngle='1.571'>
            <Coordinate DEF='lmolr2lc_Coord' point='0.8793 54.9642 1.8284 0.8885 54.9707 1.8313 0.8869 54.9724 1.8254 0.9504 55.0439 1.8207 0.953 55.0425 1.8299 0.9563 55.0462 1.8271 0.7716 55.0225 1.8456 0.7709 55.0265 1.8369 0.7587 55.0174 1.8438 0.8714 54.9853 1.9405 0.8726 54.976 1.9644 0.878 54.9828 1.9632 0.9344 55.0357 1.9421 0.9292 55.0188 1.9256 0.9173 55.0193 1.931 0.8952 54.9896 1.9083 0.8949 54.9934 1.9018 0.8762 54.9761 1.8931 0.9434 55.0349 1.9291 0.8828 54.9758 1.9026 0.8689 54.9719 1.8966 0.8695 54.9754 1.9062 0.8112 55.0097 1.9967 0.8469 54.9938 1.989 0.8419 54.9929 1.9805 0.8671 54.9804 1.9701 0.8648 54.9803 1.9685 0.8827 54.992 1.991 0.8968 55.0076 2.0016 0.9067 55.0065 1.9972 0.8063 55.0124 1.9993 0.8154 55.0085 1.9996 0.9125 55.0142 1.9991 0.9047 55.0123 1.981 0.7924 55.0266 1.9092 0.7982 55.015 1.8946 0.7923 55.0203 1.8832 0.8592 54.975 1.8978 0.8398 54.9884 1.8924 0.8404 54.9853 1.903 0.8167 55.0046 1.8957 0.8035 55.0152 1.9028 0.8371 54.981 1.8712 0.8273 54.9849 1.8658 0.8024 55.0039 1.8731 0.8592 54.9679 1.8717 0.8589 54.9664 1.8679 0.8368 54.9781 1.8664 0.8613 54.981 1.9069 0.8035 55.0222 1.9173 0.8685 54.969 1.8887 0.8046 54.9954 1.846 0.8105 54.9988 1.8309 0.7914 55.0264 1.8303 0.8361 54.9721 1.8567 0.8417 54.9777 1.8494 0.8588 54.9656 1.8659 0.8631 54.9653 1.859 0.7904 55.0331 1.8138 0.8255 55.0342 1.782 0.7884 55.0468 1.7799 0.9063 54.9961 1.7593 0.9218 55.0159 1.7682 0.9182 55.0177 1.7589 0.8708 54.97 1.8295 0.8739 54.965 1.8365 0.9051 54.9951 1.7699 0.8951 54.9827 1.7708 0.8923 54.9891 1.7605 0.9938 55.0309 1.8826 0.9792 55.0305 1.8884 0.9873 55.0226 1.8927 0.9156 55.0161 1.7483 0.8888 54.993 1.9156 0.8786 54.9902 1.932 0.8903 55.0044 1.9332 0.8823 54.9666 1.8584 0.8987 54.9936 1.8809 0.9136 54.9934 1.8696 0.8898 54.9638 1.845 0.9033 54.9753 1.8517 0.9239 54.9881 1.8447 0.9198 55.0019 1.8361 0.9217 55.0073 1.8253 0.9045 55.0296 1.7215 0.9071 55.0368 1.7115 0.8728 55.0311 1.6994 0.8716 54.9645 1.8454 0.9543 55.0278 1.8509 0.9499 55.0261 1.8605 0.9604 55.0337 1.8616 0.9064 54.984 2.0411 0.9131 54.9485 2.0399 0.9523 54.9611 2.0443 0.8372 54.9298 1.6772 0.7751 54.9075 1.6972 0.7678 54.9298 1.7017 0.9301 55.0403 1.7358 0.9364 55.0508 1.7303 0.9795 55.0715 1.7961 0.9694 55.0647 1.7981 0.9768 55.0595 1.8363 0.9758 55.035 1.8985 0.962 55.0278 1.8935 0.9546 55.0445 1.9213 0.9042 55.0144 2.0064 0.9008 55.0191 2.0189 0.9326 55.0296 2.0123 0.8208 55.0039 2.0189 0.7965 55.0178 2.0045 0.7917 55.011 2.0071 0.9367 55.0491 1.7455 0.9653 55.0483 1.9288 0.9537 55.0464 1.9323 1.0758 54.939 1.8335 1.0548 54.9308 1.8923 1.0869 54.8794 1.8833 1.0808 54.8842 1.7549 1.0925 54.8788 1.8244 1.0959 54.8228 1.8071 1.0362 54.9423 1.7175 1.0658 54.9511 1.7665 1.027 54.9725 1.9372 1.0412 54.9485 1.8955 0.9723 54.9987 1.6992 0.9839 54.9431 1.6907 0.873 54.9738 2.0394 0.8151 54.9895 2.024 0.8221 54.9457 2.0297 0.7234 54.9687 1.8989 0.7355 54.9112 1.952 0.7372 54.9676 1.9642 0.813 55.0321 1.705 0.7782 55.0202 1.7091 0.7995 55.0378 1.7156 0.9819 55.0217 1.9787 0.9857 55.0258 1.9378 0.9744 55.043 1.9322 0.7549 55.0263 1.959 0.7367 55.0142 1.9086 0.7429 55.0068 1.9644 0.7873 55.0273 1.8838 0.9435 55.0099 1.8713 0.9645 55.022 1.8839 0.8454 55.0185 1.7517 0.9575 55.0631 1.768 0.9497 55.055 1.7779 0.9388 55.0456 1.9546 0.908 55.0197 1.9387 0.9333 55.041 1.9719 0.7902 55.0279 1.955 0.8188 55.0218 1.9426 0.9276 55.0278 1.9065 0.8953 54.9942 1.8891 0.9999 55.0579 1.8394 1.0193 55.0404 1.8471 1.0187 55.0092 1.7336 1.0366 55.0149 1.7838 1.0564 54.9285 1.9308 1.0298 54.9641 1.9789 1.044 54.9231 1.9762 1.0222 54.9683 1.9126 1.0109 54.9929 1.9361 0.7876 54.8684 1.6961 0.8543 54.8334 1.6794 0.8019 54.8305 1.7002 1.0992 54.8115 1.8679 1.0784 54.8689 1.9244 1.0149 54.9018 2.0197 1.0267 54.8557 2 1.0634 54.8651 1.9597 0.8657 55.027 1.712 0.8764 55.0236 1.7097 0.9463 55.051 1.9644 0.9811 55.0368 1.8786 0.9888 55.0623 1.8386 0.7644 55.0338 1.9594 0.7765 55.0302 1.9564 0.7836 55.0332 1.9105 0.8231 55.0087 2.0121 0.8236 55.0059 2.0053 0.9277 55.0252 2.004 0.9941 55.0623 1.7907 0.9424 55.0483 1.7232 0.9658 55.0699 1.7614 0.9755 55.0648 1.7558 0.9104 55.0324 1.7048 0.7417 54.8778 1.9436 0.782 54.8715 1.9833 0.7709 54.9089 1.998 1.0229 54.968 1.8976 1.0167 55.0026 1.8819 0.8867 54.9646 1.8505 0.8735 55.0246 1.6931 0.8923 54.9693 1.8369 0.8907 54.9659 1.8428 0.8743 54.971 1.8782 0.8905 54.9901 1.981 0.8887 54.9984 1.9672 0.9141 55.0263 1.6996 0.878 55.0159 1.6885 0.8403 54.9981 1.9728 0.8643 54.9834 1.9594 0.8633 54.9896 1.9411 0.9425 55.0452 1.777 0.9387 55.0478 1.7646 0.8861 55.0033 1.7375 0.8565 54.9958 1.8113 0.8758 54.976 1.8181 0.8835 54.9871 1.8001 0.8533 54.9923 1.8189 0.8345 55.006 1.8111 0.8479 54.9864 1.8318 0.8831 54.958 1.8417 0.871 54.985 1.9325 0.8846 54.9619 1.8349 0.8757 54.9627 1.8397 0.876 54.9684 1.8687 0.8702 54.9613 1.8644 0.8674 54.962 1.8694 0.9194 55.0172 1.7782 0.7791 55.0438 1.8139 0.7504 55.0242 1.8068 0.7685 55.0386 1.8112 0.7681 55.0498 1.7746 0.8642 54.9633 1.8681 0.8076 54.9925 1.855 0.8601 54.9738 1.8877 0.8403 54.9829 1.8804 0.8017 55.006 1.8859 0.8155 55.0018 1.8872 0.8463 54.992 1.9107 0.8084 55.0127 1.9955 0.8702 54.9919 1.9956 0.8759 54.9811 1.9709 0.9311 55.0278 1.8988 0.9412 55.037 1.9116 0.8784 54.9877 1.9428 0.8869 55.0023 1.9501 0.9267 55.0243 1.9135 0.7698 55.0247 1.8577 0.8808 55.0036 2.0088 0.8719 54.9805 1.9732 0.8674 54.9789 1.9672 0.7546 55.0345 1.7679 0.7778 55.0546 1.7781 0.8681 55.002 1.7626 0.8886 54.9861 1.7801 0.8878 54.9874 1.7728 0.8998 54.9902 1.7822 0.878 54.9815 1.9698 0.8638 55.0026 1.7904 0.8481 55.0172 1.7426 0.8567 55.022 1.7276 0.8326 55.028 1.7317 0.8486 55.0052 1.9495 0.9234 54.9926 1.8615 0.9266 55.0007 1.8562 0.9544 55.0396 1.8419 0.7734 55.0398 1.9083 0.8094 55.0439 1.7202 0.8202 55.0367 1.7229 0.8177 55.0407 1.7143 0.9712 55.0324 1.8738 0.8684 55.0035 2.0186 0.8693 54.9979 2.0076 0.8505 54.8865 1.6777 1.0058 54.9944 1.9065 1.047 55.0075 1.8411 0.7864 54.9945 2.0123 0.8189 55.0175 1.8046 0.9031 55.0193 1.9573 0.7483 55.0128 1.8445 0.7628 55.0335 1.9058 0.9624 55.0428 1.9723 0.9839 55.0282 1.9009 0.8139 55.0071 1.6925 0.729 54.9106 1.8845 0.874 54.9358 2.0356 1.0464 54.8812 1.7154 1.0751 54.8271 1.7541 0.9356 55.0203 2.0209 0.9467 55.0267 2.0114 1.0304 54.9784 1.8847 0.9398 54.9926 2.0372 0.8776 54.9825 1.911 0.9413 55.0461 1.7887 0.8757 54.9599 1.8547 0.7962 55.0114 1.8467 0.8189 55.0212 1.9607 0.7795 54.8134 1.7448 0.7761 54.8225 1.7453 0.8053 54.8214 1.7008 0.9774 54.8197 1.6876 0.9411 54.829 1.6813 0.9779 54.8293 1.6868 0.9413 54.8194 1.6821 1.0943 54.8134 1.805 1.0984 54.8022 1.8653 0.9991 54.7758 1.9925 1.0353 54.7747 1.9701 1.0353 54.7837 1.9744 1.0001 54.7671 1.9879 0.8663 54.7689 1.9672 0.8212 54.7597 1.9495 0.8684 54.76 1.9635 0.8196 54.7687 1.9537 0.7679 54.7999 1.8036 0.7624 54.8015 1.8308 0.7645 54.8091 1.8048 0.7656 54.7924 1.8291 0.8678 54.9646 1.8765 0.8632 54.9893 1.9328 0.7831 55.0281 1.8476 0.7841 55.0326 1.8371 0.7303 54.9164 1.858 0.7371 54.8921 1.822 0.7365 54.8868 1.8475 0.7322 54.9235 1.826 0.9365 54.8799 2.031 0.9022 54.8402 2.0096 0.9473 54.8391 2.0143 0.8922 54.8757 2.0233 0.8698 54.9953 2.0279 0.9023 55.0097 2.0267 0.7782 55.0339 1.8779 0.783 55.0299 1.8579 0.7672 55.028 1.8757 0.7518 54.8636 1.7809 0.7457 54.8945 1.7533 0.7583 54.8645 1.7483 0.7414 54.8933 1.7877 0.7911 55.0215 1.8572 0.8919 54.9813 1.8007 0.894 54.9823 1.7805 0.8719 55.0001 1.7539 0.8881 54.988 1.7665 0.8477 55.006 1.9419 0.8855 54.979 1.6787 0.929 54.9889 1.6892 0.9172 55.0132 1.7991 0.8982 54.9884 1.8049 0.9641 55.0014 2.0214 1.0079 54.9924 1.9794 0.9841 54.9722 2.0234 1.0078 54.9919 1.8947 0.7359 54.8814 1.873 0.8028 55.0187 1.993 0.9807 54.8842 2.0387 0.9925 54.8381 2.019 1.0346 54.8278 1.717 0.9822 54.884 1.6865 0.8995 54.8832 1.6738 0.9042 54.8287 1.6756 0.7434 54.8517 1.8672 0.7443 54.8572 1.8403 0.7603 54.794 1.8568 0.7931 54.8341 1.9686 0.7735 54.7791 1.9203 0.7504 54.8454 1.9342 0.9681 54.925 2.0425 1.0032 54.9393 2.0239 0.737 54.9836 1.7634 0.7389 54.9249 1.7601 0.77 54.9843 1.7024 0.8256 54.9789 1.6836 0.8392 54.8984 2.0213 0.7741 54.96 2.0114 0.9502 55.0367 1.7104 1.0138 55.0433 1.7916 0.8763 55.0014 1.7483 0.9373 55.0156 1.8803 0.7424 55.0131 1.8779 0.9185 54.7705 1.9788 0.8539 54.834 1.9969 0.8465 54.8662 2.0091 0.9408 54.8836 1.6803 1.0893 54.8035 1.9047 1.0713 54.7934 1.9396 0.9428 55.0451 1.803 0.9196 55.0091 1.8161 0.8875 54.9743 1.8191 0.8596 54.9703 1.8783 0.8892 54.9892 1.7625 0.8838 54.9704 1.8184 0.7353 54.9236 1.7959 0.927 54.9125 2.0363 0.8858 54.9 2.03 0.7264 54.9674 1.8694 0.7298 54.9674 1.8344 0.7634 54.785 1.8545 0.9201 54.7615 1.9747 1.0707 54.7842 1.936 1.0732 54.8176 1.7547 0.9042 54.819 1.6763 0.7703 54.8158 1.7751 0.7737 54.8067 1.7741 0.8555 54.8238 1.68 1.0326 54.8183 1.7172 1.0887 54.7943 1.9014 0.9608 54.7652 1.9819 0.9587 54.774 1.9859 0.7764 54.7702 1.9159 0.7453 54.8627 1.8134 0.7331 54.9748 1.8017 0.9326 54.939 1.6781 0.8911 54.9345 1.6734 0.9883 55.0491 1.7398'/>
          </IndexedFaceSet>
        </Shape>
        <Shape DEF='lmolr3lc'>
          <Appearance>
            <Material ambientIntensity='0.4' diffuseColor='1 0.9843 0.9843' emissiveColor='1 0 0' shininess='0.05'/>
          </Appearance>
          <IndexedFaceSet DEF='lmolr3lc_Geo' coordIndex='0 1 2 -1 3 4 5 -1 6 7 8 -1 9 10 11 -1 12 13 14 -1 15 16 17 -1 18 19 20 -1 21 22 23 -1 21 24 25 -1 20 23 26 -1 27 28 29 -1 30 31 32 -1 32 33 30 -1 34 35 36 -1 37 38 39 -1 40 41 42 -1 42 41 43 -1 44 45 34 -1 46 44 47 -1 48 49 50 -1 51 52 53 -1 54 55 56 -1 57 58 48 -1 59 60 5 -1 61 62 63 -1 64 65 66 -1 5 60 67 -1 68 69 70 -1 71 72 73 -1 74 75 76 -1 77 78 79 -1 80 0 81 -1 82 81 83 -1 0 2 84 -1 85 86 87 -1 88 89 90 -1 91 92 93 -1 94 95 96 -1 96 97 98 -1 99 100 101 -1 102 70 103 -1 104 10 9 -1 2 105 106 -1 107 108 109 -1 110 111 112 -1 113 90 114 -1 115 116 117 -1 118 119 120 -1 121 122 118 -1 123 124 125 -1 126 127 128 -1 129 130 131 -1 132 133 100 -1 134 67 55 -1 69 68 135 -1 86 85 136 -1 137 138 139 -1 140 49 141 -1 142 143 144 -1 145 146 147 -1 148 149 150 -1 151 101 152 -1 76 75 153 -1 154 155 156 -1 157 158 159 -1 42 160 161 -1 162 12 27 -1 162 163 164 -1 38 165 15 -1 166 167 168 -1 169 170 171 -1 172 14 173 -1 174 175 176 -1 19 177 178 -1 23 22 179 -1 180 72 181 -1 182 183 157 -1 182 184 185 -1 186 187 188 -1 189 190 191 -1 192 101 193 -1 194 195 143 -1 141 137 196 -1 197 198 199 -1 87 69 135 -1 55 54 200 -1 6 201 7 -1 202 203 204 -1 156 205 206 -1 121 94 122 -1 207 208 120 -1 209 155 119 -1 210 211 212 -1 117 213 214 -1 215 65 216 -1 156 155 205 -1 217 218 200 -1 105 219 220 -1 73 180 221 -1 61 222 223 -1 177 224 11 -1 129 225 130 -1 130 110 226 -1 53 227 218 -1 228 229 107 -1 230 231 91 -1 23 179 62 -1 232 92 91 -1 4 233 5 -1 201 88 80 -1 234 189 156 -1 235 236 237 -1 103 70 238 -1 82 238 7 -1 7 201 80 -1 239 113 240 -1 77 192 78 -1 192 74 152 -1 241 76 242 -1 243 181 72 -1 69 87 8 -1 24 244 245 -1 62 179 246 -1 89 134 114 -1 4 247 233 -1 50 53 57 -1 46 47 216 -1 43 35 248 -1 31 37 39 -1 249 32 39 -1 36 250 251 -1 34 206 44 -1 29 32 249 -1 161 160 252 -1 18 224 177 -1 244 21 20 -1 253 254 255 -1 166 168 11 -1 145 256 257 -1 258 141 259 -1 221 260 214 -1 10 166 11 -1 255 174 253 -1 244 20 19 -1 25 24 261 -1 29 33 32 -1 39 262 249 -1 31 39 32 -1 262 164 163 -1 43 263 35 -1 141 49 48 -1 53 52 57 -1 259 264 265 -1 89 114 90 -1 62 246 63 -1 24 245 266 -1 267 134 268 -1 72 71 243 -1 242 269 241 -1 192 77 74 -1 270 271 272 -1 80 82 7 -1 82 83 273 -1 236 274 237 -1 80 88 0 -1 91 231 232 -1 230 91 275 -1 94 121 95 -1 96 276 97 -1 217 53 218 -1 130 225 110 -1 129 277 225 -1 177 11 278 -1 61 223 279 -1 73 221 213 -1 280 281 102 -1 281 282 102 -1 105 220 106 -1 107 229 108 -1 200 54 217 -1 73 283 284 -1 213 221 214 -1 285 209 286 -1 207 287 208 -1 288 189 191 -1 289 126 128 -1 190 234 85 -1 234 136 85 -1 202 204 133 -1 267 114 134 -1 197 199 226 -1 194 143 290 -1 192 152 101 -1 189 234 190 -1 186 291 187 -1 94 292 122 -1 160 293 252 -1 182 294 184 -1 182 295 183 -1 181 296 180 -1 19 178 297 -1 174 298 175 -1 172 173 255 -1 171 299 169 -1 166 300 167 -1 15 301 38 -1 162 27 163 -1 9 26 104 -1 93 284 283 -1 157 183 158 -1 76 153 242 -1 150 302 148 -1 147 303 145 -1 143 195 144 -1 304 256 145 -1 141 196 140 -1 137 139 305 -1 229 227 306 -1 238 70 7 -1 70 69 7 -1 131 263 129 -1 156 206 307 -1 123 207 124 -1 118 120 121 -1 156 189 154 -1 117 214 115 -1 102 282 68 -1 73 72 180 -1 107 109 240 -1 2 106 84 -1 308 309 98 -1 104 279 10 -1 267 107 240 -1 102 68 70 -1 101 151 99 -1 94 96 98 -1 121 310 95 -1 232 231 212 -1 275 91 93 -1 311 86 307 -1 86 136 307 -1 88 90 1 -1 85 87 135 -1 81 0 84 -1 82 273 238 -1 80 81 82 -1 270 272 312 -1 74 76 313 -1 314 71 73 -1 315 316 284 -1 5 67 3 -1 64 216 65 -1 61 63 116 -1 140 229 306 -1 5 233 59 -1 259 265 258 -1 58 317 48 -1 54 56 318 -1 53 217 51 -1 50 57 48 -1 262 163 249 -1 44 46 45 -1 43 160 42 -1 42 319 40 -1 38 301 39 -1 36 251 34 -1 25 261 320 -1 18 9 224 -1 21 244 24 -1 23 20 21 -1 18 177 19 -1 321 322 222 -1 15 165 16 -1 12 162 13 -1 9 11 224 -1 260 115 214 -1 7 69 8 -1 3 323 4 -1 0 88 1 -1 324 325 148 -1 324 326 325 -1 327 328 329 -1 327 330 328 -1 331 305 139 -1 331 332 305 -1 333 334 335 -1 333 194 334 -1 253 336 254 -1 337 336 253 -1 338 339 340 -1 339 338 341 -1 342 185 184 -1 342 343 185 -1 258 137 141 -1 137 258 138 -1 178 278 344 -1 177 278 178 -1 172 345 346 -1 345 172 347 -1 169 348 349 -1 350 348 169 -1 115 321 222 -1 115 260 321 -1 293 66 252 -1 293 64 66 -1 245 252 66 -1 252 245 297 -1 211 122 292 -1 351 122 211 -1 278 168 352 -1 278 11 168 -1 262 301 164 -1 39 301 262 -1 160 248 293 -1 248 160 43 -1 141 317 259 -1 48 317 141 -1 353 354 355 -1 354 353 356 -1 357 56 358 -1 56 357 318 -1 57 356 58 -1 356 57 52 -1 228 200 218 -1 228 268 200 -1 179 320 246 -1 22 320 179 -1 152 313 151 -1 152 74 313 -1 109 239 240 -1 109 359 239 -1 360 274 132 -1 360 237 274 -1 189 120 154 -1 189 288 120 -1 3 88 323 -1 3 89 88 -1 361 362 363 -1 311 362 361 -1 2 239 105 -1 1 239 2 -1 232 211 292 -1 232 212 211 -1 230 63 246 -1 230 364 63 -1 246 210 230 -1 320 210 246 -1 320 261 210 -1 365 203 202 -1 203 365 366 -1 240 114 267 -1 240 113 114 -1 112 355 110 -1 353 355 112 -1 277 30 225 -1 277 31 30 -1 344 352 16 -1 278 352 344 -1 283 213 367 -1 283 73 213 -1 98 269 308 -1 98 97 269 -1 280 360 99 -1 280 102 360 -1 71 308 368 -1 308 71 314 -1 286 215 285 -1 286 351 215 -1 210 24 266 -1 210 261 24 -1 208 121 120 -1 310 121 208 -1 190 127 126 -1 127 190 85 -1 351 118 122 -1 351 286 118 -1 369 366 365 -1 369 370 366 -1 236 220 371 -1 236 235 220 -1 372 373 374 -1 375 373 372 -1 376 329 377 -1 376 378 329 -1 373 271 374 -1 373 272 271 -1 374 229 140 -1 374 108 229 -1 306 53 50 -1 53 306 227 -1 265 303 142 -1 265 264 303 -1 33 146 379 -1 33 29 146 -1 204 193 133 -1 193 204 380 -1 187 148 325 -1 187 149 148 -1 325 188 187 -1 188 325 381 -1 294 381 184 -1 294 188 381 -1 242 382 368 -1 242 153 382 -1 243 383 159 -1 243 382 383 -1 170 295 171 -1 170 183 295 -1 382 71 368 -1 382 243 71 -1 245 19 297 -1 244 19 245 -1 384 321 296 -1 349 321 384 -1 17 385 13 -1 17 386 385 -1 350 387 348 -1 350 388 387 -1 253 176 389 -1 176 253 174 -1 390 299 171 -1 390 341 299 -1 255 347 172 -1 255 254 347 -1 349 170 169 -1 384 170 349 -1 173 13 385 -1 173 14 13 -1 391 348 387 -1 391 322 348 -1 166 391 300 -1 166 223 391 -1 162 301 15 -1 164 301 162 -1 316 292 309 -1 316 315 292 -1 171 392 390 -1 171 295 392 -1 393 159 383 -1 159 393 157 -1 94 309 292 -1 94 98 309 -1 382 394 383 -1 382 153 394 -1 153 79 394 -1 75 79 153 -1 101 133 193 -1 101 100 133 -1 147 29 28 -1 147 146 29 -1 379 145 257 -1 379 146 145 -1 142 139 138 -1 144 139 142 -1 256 112 257 -1 256 353 112 -1 305 395 137 -1 305 396 395 -1 375 395 376 -1 375 372 395 -1 375 377 370 -1 375 376 377 -1 397 302 150 -1 397 398 302 -1 365 371 369 -1 365 236 371 -1 285 206 205 -1 47 206 285 -1 44 206 47 -1 124 128 281 -1 124 289 128 -1 123 151 313 -1 123 125 151 -1 123 287 207 -1 241 287 123 -1 10 223 166 -1 10 279 223 -1 273 106 399 -1 273 83 106 -1 269 368 308 -1 368 269 242 -1 319 161 400 -1 319 42 161 -1 125 281 280 -1 124 281 125 -1 366 397 203 -1 397 366 401 -1 96 310 276 -1 95 310 96 -1 212 230 210 -1 231 230 212 -1 86 361 87 -1 86 311 361 -1 119 154 120 -1 155 154 119 -1 239 219 105 -1 359 219 239 -1 247 250 402 -1 247 363 250 -1 55 268 134 -1 268 55 200 -1 357 51 318 -1 354 51 357 -1 233 402 59 -1 233 247 402 -1 358 197 357 -1 358 198 197 -1 317 256 304 -1 58 256 317 -1 217 318 51 -1 217 54 318 -1 46 64 45 -1 46 216 64 -1 40 129 41 -1 129 40 277 -1 352 167 386 -1 352 168 167 -1 351 210 215 -1 351 211 210 -1 297 161 252 -1 161 297 178 -1 20 9 18 -1 9 20 26 -1 322 349 348 -1 322 321 349 -1 13 15 17 -1 162 15 13 -1 8 323 6 -1 323 8 4 -1 343 392 185 -1 343 403 392 -1 340 404 338 -1 340 405 404 -1 254 406 347 -1 336 406 254 -1 407 194 333 -1 407 195 194 -1 332 396 305 -1 332 408 396 -1 328 409 398 -1 330 409 328 -1 324 302 410 -1 324 148 302 -1 411 329 378 -1 411 327 329 -1 412 139 144 -1 412 331 139 -1 335 345 413 -1 335 334 345 -1 389 337 253 -1 414 337 389 -1 341 415 339 -1 415 341 390 -1 184 416 342 -1 416 184 381 -1 88 6 323 -1 88 201 6 -1 346 14 172 -1 346 12 14 -1 350 299 417 -1 350 169 299 -1 222 116 115 -1 222 61 116 -1 22 25 320 -1 22 21 25 -1 16 400 344 -1 165 400 16 -1 266 66 65 -1 66 266 245 -1 385 298 173 -1 385 418 298 -1 290 27 419 -1 290 28 27 -1 34 248 35 -1 248 34 45 -1 40 31 277 -1 40 37 31 -1 263 41 129 -1 263 43 41 -1 259 304 264 -1 317 304 259 -1 354 52 51 -1 354 356 52 -1 59 198 358 -1 59 402 198 -1 58 353 256 -1 356 353 58 -1 228 227 229 -1 228 218 227 -1 34 362 206 -1 251 362 34 -1 73 316 314 -1 316 73 284 -1 270 109 271 -1 359 109 270 -1 202 132 274 -1 133 132 202 -1 238 399 103 -1 238 273 399 -1 362 307 206 -1 362 311 307 -1 361 8 87 -1 361 4 8 -1 90 239 1 -1 90 113 239 -1 315 93 92 -1 284 93 315 -1 104 23 62 -1 104 26 23 -1 274 365 202 -1 274 236 365 -1 237 102 103 -1 360 102 237 -1 197 110 355 -1 197 226 110 -1 314 309 308 -1 314 316 309 -1 106 81 84 -1 106 83 81 -1 117 367 213 -1 117 364 367 -1 216 285 215 -1 216 47 285 -1 286 119 118 -1 209 119 286 -1 126 191 190 -1 126 289 191 -1 36 263 131 -1 36 35 263 -1 370 401 366 -1 370 377 401 -1 132 99 360 -1 132 100 99 -1 219 371 220 -1 219 312 371 -1 312 369 371 -1 312 373 369 -1 272 373 312 -1 374 196 372 -1 196 374 140 -1 282 128 127 -1 282 281 128 -1 250 131 199 -1 250 36 131 -1 306 49 140 -1 50 49 306 -1 264 145 303 -1 264 304 145 -1 142 147 143 -1 303 147 142 -1 379 30 33 -1 30 379 111 -1 150 380 204 -1 380 150 149 -1 149 291 380 -1 291 149 187 -1 188 393 186 -1 393 188 294 -1 159 181 243 -1 159 158 181 -1 384 183 170 -1 384 158 183 -1 367 93 283 -1 275 93 367 -1 12 419 27 -1 12 346 419 -1 16 386 17 -1 16 352 386 -1 296 221 180 -1 321 221 296 -1 221 321 260 -1 167 420 418 -1 167 300 420 -1 420 388 175 -1 387 388 420 -1 417 388 350 -1 421 388 417 -1 421 389 176 -1 421 404 389 -1 338 421 417 -1 338 404 421 -1 388 176 175 -1 176 388 421 -1 420 298 418 -1 420 175 298 -1 387 300 391 -1 420 300 387 -1 223 322 391 -1 223 222 322 -1 334 346 345 -1 346 334 419 -1 296 158 384 -1 296 181 158 -1 185 295 182 -1 185 392 295 -1 157 294 182 -1 157 393 294 -1 310 287 276 -1 310 208 287 -1 383 186 393 -1 383 394 186 -1 394 291 186 -1 394 78 291 -1 394 79 78 -1 288 289 124 -1 288 191 289 -1 380 192 193 -1 380 78 192 -1 380 291 78 -1 99 125 280 -1 151 125 99 -1 143 28 290 -1 143 147 28 -1 257 111 379 -1 257 112 111 -1 130 199 131 -1 130 226 199 -1 402 199 198 -1 402 250 199 -1 372 137 395 -1 137 372 196 -1 396 376 395 -1 396 378 376 -1 370 373 375 -1 369 373 370 -1 67 56 55 -1 60 56 67 -1 203 150 204 -1 203 397 150 -1 377 328 401 -1 377 329 328 -1 138 265 142 -1 138 258 265 -1 68 85 135 -1 68 127 85 -1 282 127 68 -1 123 76 241 -1 123 313 76 -1 288 207 120 -1 124 207 288 -1 155 285 205 -1 155 209 285 -1 116 364 117 -1 116 63 364 -1 235 106 220 -1 235 399 106 -1 97 241 269 -1 241 276 287 -1 97 276 241 -1 62 279 104 -1 62 61 279 -1 165 319 400 -1 38 319 165 -1 111 225 30 -1 225 111 110 -1 107 268 228 -1 268 107 267 -1 401 398 397 -1 398 401 328 -1 275 364 230 -1 275 367 364 -1 292 92 232 -1 292 315 92 -1 361 247 4 -1 361 363 247 -1 156 136 234 -1 136 156 307 -1 103 235 237 -1 399 235 103 -1 219 270 312 -1 219 359 270 -1 75 77 79 -1 77 75 74 -1 251 363 362 -1 251 250 363 -1 89 67 134 -1 89 3 67 -1 56 59 358 -1 60 59 56 -1 354 197 355 -1 354 357 197 -1 271 108 374 -1 271 109 108 -1 38 40 319 -1 40 38 37 -1 45 293 248 -1 293 45 64 -1 29 163 27 -1 29 249 163 -1 194 419 334 -1 194 290 419 -1 386 418 385 -1 386 167 418 -1 210 65 215 -1 65 210 266 -1 400 178 344 -1 400 161 178 -1 341 417 299 -1 338 417 341 -1 255 298 174 -1 255 173 298 -1 416 325 326 -1 416 381 325 -1 403 390 392 -1 403 415 390 -1 405 389 404 -1 405 414 389 -1 413 347 406 -1 413 345 347 -1 195 412 144 -1 407 412 195 -1 378 408 411 -1 408 378 396 -1 398 410 302 -1 409 410 398 -1' creaseAngle='1.571'>
            <Coordinate DEF='lmolr3lc_Coord' point='0.9303 55.0754 1.4309 0.9362 55.0878 1.4171 0.9298 55.0884 1.417 0.9432 55.0644 1.458 0.9372 55.0493 1.4675 0.9444 55.0589 1.4649 0.9308 55.0587 1.4572 0.8862 55.1015 1.4299 0.9309 55.0541 1.4658 0.98 55.0935 1.7022 0.9882 55.098 1.7068 0.9988 55.1018 1.7045 1.1268 54.9941 1.588 1.1022 55.0313 1.6276 1.121 54.9903 1.6104 1.0679 55.0813 1.6225 1.021 55.1079 1.6495 1.067 55.0827 1.6417 0.9903 55.0952 1.6969 0.9626 55.0732 1.6802 0.9596 55.0712 1.686 0.9405 55.0566 1.6608 0.9372 55.0566 1.6639 0.9518 55.0656 1.6842 0.9196 55.0458 1.6332 0.9204 55.0472 1.6449 0.9558 55.0733 1.6914 1.1275 54.9976 1.5641 1.1284 55.0088 1.5351 1.1032 55.0551 1.5529 1.0246 55.1127 1.5664 1.0215 55.1 1.5833 1.0688 55.0846 1.587 1.067 55.0955 1.5693 0.9498 55.0391 1.5576 0.9687 55.0534 1.5632 0.9621 55.0672 1.5414 1.0211 55.0952 1.5895 1.0202 55.0979 1.6011 1.0675 55.08 1.5956 1.0124 55.0976 1.5893 1.0051 55.0898 1.587 1.0036 55.0939 1.5988 0.9807 55.0567 1.5775 0.9159 55.0157 1.5457 0.9487 55.037 1.5655 0.9195 55.019 1.5546 0.915 55.0162 1.5531 1.0614 55.0745 1.4415 1.0545 55.0699 1.4292 1.0334 55.1167 1.4452 1.0165 55.1251 1.4762 1.0243 55.123 1.4712 1.0152 55.131 1.4529 0.9977 55.125 1.4605 0.9768 55.1198 1.4548 0.9932 55.1018 1.4692 1.0437 55.1142 1.4609 1.0483 55.1111 1.4701 0.9724 55.0731 1.4724 0.967 55.0807 1.4663 0.9214 55.0682 1.6999 0.9262 55.0641 1.6886 0.9038 55.0511 1.6775 0.9459 55.0384 1.572 0.9193 55.0331 1.5942 0.9424 55.0554 1.6004 0.9583 55.0909 1.4576 0.8291 55.1132 1.4657 0.8906 55.0963 1.453 0.8443 55.1134 1.4325 0.833 55.0715 1.6543 0.8487 55.0571 1.6774 0.8541 55.0635 1.6769 0.8138 55.0498 1.5283 0.8098 55.0499 1.5348 0.822 55.0712 1.5373 0.8034 55.0148 1.5113 0.8027 55.0084 1.5083 0.7982 55.015 1.5214 0.9268 55.0709 1.4357 0.8895 55.0996 1.4211 0.8859 55.1004 1.422 0.8865 55.1016 1.4182 0.8956 55.096 1.4182 0.8736 55.0649 1.4982 0.9074 55.0328 1.5059 0.9179 55.0665 1.4902 0.9373 55.067 1.4352 0.9413 55.0722 1.4395 0.9407 55.0922 1.4176 0.8992 55.0451 1.6534 0.873 55.0566 1.6549 0.872 55.0572 1.6618 0.8641 55.0601 1.5939 0.8607 55.057 1.5837 0.8322 55.0773 1.5836 0.8251 55.0822 1.5833 0.8282 55.082 1.592 0.8145 55.0941 1.4855 0.8109 55.0832 1.469 0.8125 55.0666 1.5061 0.8218 55.1165 1.463 0.8342 55.1142 1.4266 0.9488 55.0776 1.7003 0.926 55.0977 1.4081 0.8864 55.1022 1.4097 0.9676 55.1117 1.4105 0.9733 55.0961 1.4053 0.9455 55.0901 1.404 1.0131 55.1228 1.5376 1.0251 55.1208 1.5407 1.0239 55.1227 1.5304 0.943 55.0969 1.4134 0.9478 55.0993 1.4191 0.9012 55.0478 1.6889 0.9016 55.0532 1.6869 0.897 55.0498 1.6832 0.8803 55.0439 1.5799 0.8792 55.0329 1.5454 0.8694 55.0379 1.5431 0.8695 55.0487 1.5833 0.8719 55.0544 1.5954 0.8262 55.0752 1.5309 0.8298 55.0768 1.5263 0.8252 55.0783 1.5259 0.846 55.0795 1.4961 0.8496 55.0822 1.4913 0.8368 55.0869 1.4942 1.0048 55.0955 1.581 1.0054 55.1054 1.5609 0.9772 55.0788 1.5509 0.8133 55.0893 1.4477 0.8106 55.0475 1.4316 0.9603 55.1093 1.4357 0.883 55.0774 1.4835 0.9005 55.0265 1.5134 1.0302 54.9927 1.3975 1.07 55.0006 1.4203 1.0694 54.9525 1.4096 1.0321 55.0555 1.4008 1.0639 55.0455 1.4274 1.1171 54.9974 1.4493 1.1328 54.9834 1.4846 1.1145 54.954 1.4415 1.1008 55.067 1.4774 1.1046 55.0693 1.5231 1.1274 55.0212 1.5018 0.8301 54.9066 1.4446 0.8204 54.9498 1.4512 0.8293 54.9558 1.4164 0.8227 55.0731 1.5247 0.812 55.0537 1.5195 0.7966 55.0557 1.5696 0.8966 55.0174 1.5285 0.9017 55.0151 1.5327 0.9041 55.0134 1.5229 0.8006 54.9663 1.615 0.829 54.9827 1.6557 0.803 54.998 1.6299 0.9765 55.0601 1.587 1.0013 55.0995 1.6224 1.0997 55.0322 1.605 1.1028 55.0268 1.5725 1.0986 55.0327 1.5946 1.0206 55.1029 1.6253 0.9957 55.0921 1.7141 1.0465 55.0723 1.7006 1.007 55.0983 1.7067 0.9243 54.9536 1.6584 0.8802 54.9483 1.6527 0.8907 54.9144 1.6293 1.1287 54.9484 1.5974 1.1097 54.9852 1.6423 1.0953 54.9289 1.6354 1.0589 54.9705 1.6847 1.0579 54.925 1.6553 0.9951 55.0998 1.6936 0.999 55.1052 1.6461 0.9354 55.0585 1.6733 0.8549 55.0545 1.6781 0.8312 55.0266 1.6734 0.8139 54.9171 1.5928 0.8383 54.9497 1.6411 0.8166 54.8929 1.5538 0.8365 54.8886 1.5789 0.7879 54.9791 1.5377 0.8117 54.9439 1.4858 0.8018 54.9372 1.5252 0.8932 55.0246 1.5227 0.871 55.0614 1.5022 0.8684 55.0611 1.5078 0.8032 55.019 1.5002 0.805 55.0273 1.4764 1.1312 54.9234 1.5116 1.1244 54.9443 1.4738 1.0312 55.0252 1.3969 1.015 55.1165 1.4881 0.9983 55.0942 1.4857 0.9775 55.0975 1.5216 0.9823 55.1313 1.4426 0.9306 55.0656 1.4445 0.8218 55.0512 1.4085 0.8301 55.0114 1.3986 0.8123 55.0099 1.4224 0.9082 55.009 1.5321 0.9141 55.0122 1.5274 0.8309 55.071 1.5322 0.8629 55.0464 1.5467 0.9045 55.0189 1.5504 0.9167 55.0413 1.6258 0.9085 55.045 1.6232 0.907 55.0448 1.6337 0.8898 55.0518 1.6827 0.8965 55.0476 1.6862 0.9142 55.0278 1.589 0.9172 55.0203 1.5613 1.003 55.1327 1.4572 0.9887 55.1348 1.4372 0.9264 55.0891 1.4024 0.8873 55.0946 1.4065 0.8894 55.0486 1.6848 0.9224 55.0603 1.7027 0.9461 55.0744 1.7133 0.994 55.0983 1.7018 1.0126 55.1146 1.5656 1.0055 55.1164 1.535 1.0009 55.1305 1.432 0.9775 55.1242 1.4236 0.9935 55.1123 1.4131 0.9065 55.0457 1.6555 0.9036 55.0463 1.6455 0.8834 55.0533 1.6454 0.9417 55.0554 1.4702 0.8953 55.0238 1.517 0.8535 55.1041 1.4098 0.8461 55.0918 1.4046 0.8281 55.1079 1.4238 0.8796 55.1032 1.4241 0.9354 55.0964 1.4079 0.9448 55.0989 1.409 0.8255 55.0764 1.5368 0.813 55.0806 1.5831 0.8112 55.0466 1.6512 0.944 55.0602 1.6557 0.9433 55.0652 1.6325 0.9108 55.0477 1.6572 0.9394 55.0575 1.4782 0.9646 55.0482 1.5697 1.1001 55.0453 1.5629 0.9547 55.0817 1.5098 0.949 55.054 1.5307 0.9682 55.0765 1.6082 1.0915 54.892 1.6207 1.1076 54.899 1.5988 1.1137 54.9374 1.6203 1.0551 55.112 1.4795 1.0616 55.1089 1.4978 1.0698 55.0187 1.4254 1.0702 55.0388 1.431 0.8975 55.0421 1.6866 0.9168 55.0441 1.6367 1.093 55.0391 1.5775 0.9804 55.0611 1.5715 1.0799 55.0361 1.4394 1.0792 55.0303 1.4349 0.9215 55.046 1.627 0.9632 55.1124 1.4184 0.9721 55.1228 1.4302 0.8203 55.0853 1.5827 0.9377 55.0695 1.3978 0.9472 55.0653 1.3971 0.9379 55.0598 1.3956 0.8798 55.1036 1.4205 0.8225 55.0936 1.4197 0.8985 55.0486 1.6639 0.8278 55.0794 1.5752 1.0117 55.1023 1.582 1.0033 55.1041 1.6927 0.9444 55.0809 1.7082 0.8182 55.1009 1.4899 0.8257 55.0989 1.4882 0.8265 55.1087 1.4704 0.8624 55.0606 1.6701 0.8571 55.0639 1.6661 0.9118 55.0143 1.5521 0.9059 55.0198 1.5573 0.8291 55.0735 1.5377 0.8672 55.0456 1.5359 0.8431 55.0788 1.503 1.1362 54.967 1.522 0.8039 54.9858 1.4989 0.8695 55.0651 1.616 0.9617 55.0494 1.5762 0.8018 54.9246 1.5675 0.8428 54.916 1.616 0.8573 55.025 1.6821 0.9651 55.0843 1.638 1.0904 54.9808 1.6643 0.9311 54.913 1.6407 1.0167 55.053 1.7158 1.0686 55.0801 1.6072 0.8458 54.911 1.4119 1.112 55.0274 1.4633 1.0761 55.0717 1.4553 1.0274 54.948 1.3948 1.0146 55.116 1.4249 0.9094 55.0164 1.5164 0.8237 55.0913 1.6232 0.8314 55.0875 1.6206 0.8636 55.0539 1.5751 0.9142 55.03 1.5061 0.9255 55.0665 1.3972 0.8233 55.0699 1.5303 0.8405 55.076 1.6528 0.8603 55.0631 1.6516 0.8486 55.0722 1.6508 1.0663 55.0731 1.447 1.0105 55.1198 1.4755 1.0112 55.0999 1.6018 0.9148 55.0462 1.6471 0.9006 55.0245 1.6882 0.9327 55.032 1.7023 0.9372 55.054 1.4588 0.8338 54.8975 1.4437 0.8242 54.9005 1.474 0.8285 54.8917 1.4724 0.9009 54.9131 1.3855 0.8715 54.9154 1.3876 0.8995 54.9227 1.3838 0.8747 54.9062 1.3891 1.0681 54.9429 1.41 1.0287 54.9385 1.3968 1.1279 54.9149 1.5075 1.1306 54.9141 1.5356 1.1277 54.9049 1.5327 1.1053 54.8904 1.5939 1.09 54.8834 1.6157 0.9773 54.881 1.628 0.9444 54.8683 1.6111 0.9791 54.8732 1.6221 0.9426 54.8761 1.6172 0.8211 54.8847 1.5502 0.8404 54.8814 1.5732 1.0094 55.1095 1.6476 1.1287 54.9068 1.5551 1.1345 54.9523 1.5749 1.1238 54.9066 1.5753 0.9448 54.9912 1.684 0.9084 54.9889 1.6761 0.9578 54.9552 1.6659 0.9072 55.0324 1.5902 1.0133 55.1026 1.6899 1.0287 55.1224 1.4916 1.0224 55.1208 1.4821 1.0221 55.1238 1.4919 1.0289 55.1195 1.4801 1.0175 55.1158 1.4813 1.0016 55.0928 1.4765 0.9359 55.0892 1.403 0.8176 55.1101 1.459 0.9254 55.0608 1.4923 0.9187 55.0308 1.5119 0.9318 55.0658 1.498 0.8997 55.0486 1.6748 0.8457 55.0523 1.3919 0.8493 55.0103 1.3855 0.8936 55.0505 1.674 0.8157 55.0869 1.6225 0.8918 55.0307 1.387 0.892 55.0003 1.3805 0.8893 55.0747 1.3999 0.9874 55.0064 1.3876 0.9371 55.0375 1.3885 0.9837 55.0507 1.3925 0.9433 54.9946 1.381 0.9431 54.9573 1.3811 0.8943 54.9612 1.3813 0.9427 54.9268 1.3793 1.0643 55.1079 1.538 0.8066 54.9978 1.4642 0.8139 54.8995 1.5155 0.7957 55.058 1.6189 0.7872 55.0109 1.5997 0.8651 54.9771 1.6676 1.0943 55.0306 1.6542 1.0605 55.0816 1.6723 0.9925 54.9951 1.6977 0.9999 54.9594 1.6786 1.0554 54.883 1.6338 0.9059 54.8796 1.6066 0.9647 55.0395 1.7166 0.86 54.8868 1.5917 0.7884 54.9708 1.587 0.7863 55.0145 1.5512 0.9842 54.9768 1.3884 0.9834 54.9361 1.3858 0.8429 54.9575 1.3994 0.8563 54.9126 1.397 0.8574 55.1108 1.4137 1.0103 55.1047 1.6247 0.8584 54.959 1.3869 0.9684 55.0761 1.483 0.8618 54.8794 1.5849 1.0104 54.8851 1.6336 1.0121 54.8775 1.6274 1.1203 54.8977 1.5719 1.1207 54.9353 1.4711 0.9854 54.9269 1.3879 0.8603 54.9037 1.3976 0.8499 54.902 1.4119 0.9428 54.9172 1.3808 1.112 54.9445 1.441 1.1254 54.8981 1.5514 1.0556 54.8748 1.628 0.9071 54.8721 1.6 0.8182 54.8909 1.5132 0.9661 54.9154 1.6482 1.0756 55.0256 1.683 1.1356 54.9562 1.5487 1.0437 55.0116 1.7019 1.0043 54.9185 1.6568'/>
          </IndexedFaceSet>
        </Shape>
        <Shape DEF='rcaninlc'>
          <Appearance>
            <Material ambientIntensity='0.4' diffuseColor='1 0.9843 0.9843' emissiveColor='1 0 0' shininess='0.05'/>
          </Appearance>
          <IndexedFaceSet DEF='rcaninlc_Geo' coordIndex='0 1 2 -1 3 2 1 -1 4 5 6 -1 7 8 9 -1 10 11 12 -1 13 14 15 -1 16 17 18 -1 19 20 21 -1 22 20 19 -1 23 24 25 -1 26 27 28 -1 29 30 31 -1 32 12 11 -1 33 34 35 -1 12 36 37 -1 27 38 39 -1 40 9 41 -1 42 43 44 -1 45 46 47 -1 48 49 50 -1 51 52 53 -1 54 10 55 -1 11 10 56 -1 51 57 58 -1 59 60 61 -1 62 61 63 -1 64 65 66 -1 67 68 69 -1 70 71 72 -1 73 74 75 -1 76 77 78 -1 78 79 76 -1 80 81 82 -1 83 84 85 -1 73 86 87 -1 73 88 86 -1 89 75 74 -1 90 70 91 -1 77 76 92 -1 69 93 75 -1 94 16 18 -1 60 90 91 -1 95 96 97 -1 64 63 61 -1 6 98 99 -1 100 101 53 -1 53 98 100 -1 48 102 103 -1 103 45 104 -1 105 106 107 -1 27 108 109 -1 110 111 50 -1 78 80 112 -1 8 39 113 -1 11 108 32 -1 114 115 116 -1 8 28 39 -1 11 56 117 -1 118 119 120 -1 65 121 122 -1 118 120 123 -1 124 125 51 -1 15 68 67 -1 14 124 68 -1 40 126 127 -1 42 1 0 -1 0 128 129 -1 130 6 5 -1 129 131 0 -1 132 131 105 -1 41 133 134 -1 14 68 15 -1 15 67 17 -1 125 124 14 -1 118 123 97 -1 72 22 19 -1 135 24 23 -1 117 108 11 -1 28 27 39 -1 95 114 116 -1 8 113 9 -1 33 35 136 -1 137 110 50 -1 112 79 78 -1 110 138 111 -1 27 109 38 -1 107 106 133 -1 139 140 141 -1 142 42 102 -1 103 44 45 -1 48 103 143 -1 50 49 137 -1 144 57 13 -1 13 16 144 -1 53 52 98 -1 100 137 101 -1 99 145 6 -1 62 59 61 -1 113 29 146 -1 96 118 97 -1 60 91 147 -1 94 144 16 -1 75 89 69 -1 77 92 148 -1 70 72 91 -1 149 150 151 -1 18 17 152 -1 83 153 84 -1 81 115 82 -1 75 154 73 -1 17 67 152 -1 69 89 67 -1 155 64 66 -1 156 157 54 -1 58 158 51 -1 55 156 54 -1 108 117 109 -1 138 110 130 -1 50 159 48 -1 45 160 46 -1 43 42 0 -1 161 162 139 -1 37 10 12 -1 34 58 35 -1 163 82 164 -1 25 165 23 -1 119 166 120 -1 121 147 122 -1 20 66 21 -1 13 125 14 -1 16 15 17 -1 15 16 13 -1 7 9 40 -1 107 133 41 -1 4 6 167 -1 168 3 1 -1 0 2 128 -1 5 138 130 -1 106 131 129 -1 131 106 105 -1 169 170 127 -1 169 171 170 -1 172 173 37 -1 173 172 174 -1 138 4 175 -1 5 4 138 -1 127 7 40 -1 7 127 170 -1 161 41 162 -1 41 161 107 -1 176 18 152 -1 176 94 18 -1 68 177 69 -1 177 68 124 -1 147 21 122 -1 147 91 21 -1 165 123 23 -1 165 97 123 -1 71 178 153 -1 178 71 70 -1 59 179 180 -1 59 62 179 -1 113 181 9 -1 113 146 181 -1 114 82 115 -1 82 114 164 -1 150 182 151 -1 83 182 150 -1 130 137 100 -1 137 130 110 -1 88 112 86 -1 112 88 79 -1 183 36 12 -1 184 36 183 -1 141 161 139 -1 141 185 161 -1 131 43 0 -1 131 132 43 -1 104 47 186 -1 104 45 47 -1 104 143 103 -1 143 104 187 -1 143 188 189 -1 143 187 188 -1 137 189 101 -1 137 49 189 -1 51 101 190 -1 53 101 51 -1 99 52 191 -1 99 98 52 -1 58 157 158 -1 157 58 34 -1 29 96 146 -1 119 96 29 -1 119 118 96 -1 144 58 57 -1 58 144 35 -1 75 192 154 -1 75 93 192 -1 148 47 46 -1 148 92 47 -1 155 20 149 -1 155 66 20 -1 164 24 193 -1 164 25 24 -1 112 194 86 -1 112 163 194 -1 195 73 87 -1 74 73 195 -1 74 85 152 -1 85 74 195 -1 136 176 84 -1 136 94 176 -1 81 78 77 -1 78 81 80 -1 149 22 150 -1 149 20 22 -1 193 196 197 -1 24 196 193 -1 24 135 196 -1 198 149 196 -1 198 155 149 -1 199 154 192 -1 200 154 199 -1 64 198 31 -1 198 64 155 -1 109 30 38 -1 109 63 30 -1 180 54 157 -1 179 54 180 -1 191 51 158 -1 191 52 51 -1 54 56 10 -1 56 54 179 -1 125 57 51 -1 125 13 57 -1 190 189 188 -1 101 189 190 -1 187 201 188 -1 187 202 201 -1 201 69 177 -1 201 93 69 -1 186 92 199 -1 186 47 92 -1 44 160 45 -1 44 43 160 -1 132 160 43 -1 132 185 160 -1 9 162 41 -1 9 181 162 -1 203 140 139 -1 203 116 140 -1 100 6 130 -1 100 98 6 -1 204 34 33 -1 204 205 34 -1 26 12 32 -1 26 183 12 -1 206 151 182 -1 206 197 151 -1 146 203 181 -1 146 96 203 -1 70 204 178 -1 70 90 204 -1 19 91 72 -1 19 21 91 -1 150 72 71 -1 150 22 72 -1 152 89 74 -1 89 152 67 -1 105 185 132 -1 107 185 105 -1 161 185 107 -1 207 171 208 -1 170 171 207 -1 209 173 174 -1 145 173 209 -1 207 210 184 -1 207 208 210 -1 134 106 211 -1 134 133 106 -1 212 168 213 -1 168 212 3 -1 127 214 169 -1 127 126 214 -1 215 37 36 -1 37 215 172 -1 111 175 216 -1 111 138 175 -1 213 216 212 -1 213 111 216 -1 207 183 217 -1 184 183 207 -1 124 190 177 -1 51 190 124 -1 66 122 21 -1 65 122 66 -1 218 23 123 -1 135 23 218 -1 60 180 205 -1 60 59 180 -1 163 193 194 -1 163 164 193 -1 83 71 153 -1 83 150 71 -1 29 38 30 -1 113 38 29 -1 39 38 113 -1 159 111 213 -1 159 50 111 -1 7 28 8 -1 7 217 28 -1 148 141 140 -1 46 141 148 -1 186 187 104 -1 187 186 202 -1 189 48 143 -1 49 48 189 -1 191 55 99 -1 55 191 156 -1 37 55 10 -1 37 173 55 -1 156 158 157 -1 191 158 156 -1 121 64 61 -1 121 65 64 -1 178 33 136 -1 204 33 178 -1 140 77 148 -1 140 81 77 -1 114 97 165 -1 114 95 97 -1 200 73 154 -1 73 200 88 -1 153 136 84 -1 153 178 136 -1 79 200 76 -1 200 79 88 -1 87 182 195 -1 206 182 87 -1 195 83 85 -1 182 83 195 -1 206 86 194 -1 87 86 206 -1 84 152 85 -1 176 152 84 -1 196 151 197 -1 151 196 149 -1 198 135 218 -1 198 196 135 -1 81 116 115 -1 140 116 81 -1 76 199 92 -1 76 200 199 -1 35 94 136 -1 35 144 94 -1 31 218 166 -1 31 198 218 -1 63 31 30 -1 63 64 31 -1 109 62 63 -1 109 117 62 -1 147 61 60 -1 147 121 61 -1 145 55 173 -1 99 55 145 -1 177 188 201 -1 190 188 177 -1 202 93 201 -1 202 192 93 -1 199 202 186 -1 202 199 192 -1 159 102 48 -1 159 142 102 -1 44 102 42 -1 102 44 103 -1 185 46 160 -1 185 141 46 -1 217 170 207 -1 170 217 7 -1 139 181 203 -1 162 181 139 -1 213 142 159 -1 168 142 213 -1 80 163 112 -1 163 80 82 -1 34 180 157 -1 205 180 34 -1 31 119 29 -1 31 166 119 -1 56 62 117 -1 179 62 56 -1 194 197 206 -1 194 193 197 -1 96 116 203 -1 96 95 116 -1 32 27 26 -1 108 27 32 -1 90 205 204 -1 205 90 60 -1 166 123 120 -1 166 218 123 -1 165 164 114 -1 165 25 164 -1 217 26 28 -1 183 26 217 -1 134 40 41 -1 40 134 126 -1 142 1 42 -1 1 142 168 -1 209 6 145 -1 6 209 167 -1 184 215 36 -1 210 215 184 -1 211 126 134 -1 126 211 214 -1' creaseAngle='1.571'>
            <Coordinate DEF='rcaninlc_Coord' point='-0.3699 54.6538 3.0721 -0.3922 54.6045 3.0734 -0.3901 54.5917 3.0665 -0.4184 54.5653 3.066 -0.4921 54.5866 2.9639 -0.4952 54.5995 2.9691 -0.4849 54.6249 2.9281 -0.306 54.7054 2.8754 -0.3168 54.7459 2.8853 -0.3144 54.753 2.9044 -0.4 54.7088 2.826 -0.3774 54.7387 2.8225 -0.3609 54.6959 2.8054 -0.5285 54.8008 2.9582 -0.5292 54.8017 2.9669 -0.5269 54.8628 2.982 -0.53 54.865 2.9725 -0.5181 54.9213 2.9983 -0.5245 54.9149 2.9876 -0.4503 54.9041 2.9586 -0.4434 54.9122 2.9615 -0.4459 54.8599 2.9371 -0.4619 54.9333 2.9611 -0.3749 54.9363 3.0446 -0.382 54.958 3.0555 -0.3711 54.9477 3.0623 -0.3336 54.7309 2.8383 -0.3407 54.7469 2.8528 -0.3261 54.7365 2.8512 -0.3335 54.7942 2.9321 -0.3612 54.7986 2.9124 -0.3786 54.8557 2.9501 -0.3676 54.7337 2.8218 -0.5175 54.8624 2.9046 -0.5003 54.8269 2.8888 -0.5312 54.8632 2.9234 -0.3569 54.6679 2.8053 -0.3873 54.6532 2.814 -0.3458 54.759 2.8683 -0.3238 54.7522 2.882 -0.3082 54.7152 2.9009 -0.3204 54.7336 2.9481 -0.3974 54.6353 3.0903 -0.3672 54.6903 3.0886 -0.3973 54.6932 3.1085 -0.3949 54.7582 3.1184 -0.3652 54.8072 3.1119 -0.399 54.8109 3.1221 -0.4775 54.6592 3.0739 -0.4988 54.6575 3.0497 -0.4835 54.5913 3.0373 -0.5184 54.7421 2.9322 -0.5058 54.6954 2.9246 -0.5143 54.6913 2.9408 -0.4308 54.7367 2.8432 -0.4399 54.6777 2.8543 -0.3966 54.749 2.8306 -0.5273 54.799 2.9409 -0.5184 54.8146 2.906 -0.4491 54.8 2.8653 -0.4762 54.8391 2.885 -0.4202 54.7953 2.8687 -0.4077 54.7666 2.8405 -0.3954 54.7977 2.8871 -0.4075 54.8466 2.9273 -0.4238 54.8406 2.9144 -0.4335 54.8624 2.9396 -0.5153 54.9214 3.0058 -0.5265 54.8613 2.9898 -0.5268 54.862 3.0063 -0.508 54.8993 2.92 -0.5041 54.9228 2.9311 -0.4723 54.9083 2.9438 -0.464 54.9773 3.0724 -0.4859 54.9628 3.0374 -0.5049 54.9213 3.0486 -0.4016 54.9101 3.1156 -0.372 54.8908 3.1209 -0.378 54.9427 3.1158 -0.3969 54.9476 3.1101 -0.3695 54.9466 3.1061 -0.3522 54.9001 3.0941 -0.3658 54.9529 3.0956 -0.4774 54.9561 2.9692 -0.5184 54.939 2.9434 -0.4917 54.9575 2.9751 -0.4153 54.9891 3.0862 -0.4416 54.9983 3.0585 -0.4268 54.9706 3.0974 -0.5099 54.9216 3.0207 -0.4903 54.8616 2.8973 -0.4601 54.8619 2.9238 -0.4003 54.8558 3.1252 -0.511 54.8754 3.0446 -0.5392 54.9006 2.9633 -0.3449 54.8877 3.0433 -0.3375 54.8389 3.008 -0.3535 54.8786 3.0284 -0.4949 54.6556 2.9219 -0.4738 54.6637 2.894 -0.5098 54.6527 2.9594 -0.5235 54.6956 2.9938 -0.4341 54.6574 3.0972 -0.4397 54.6949 3.1066 -0.4397 54.7595 3.1099 -0.3473 54.7142 3.0514 -0.3363 54.723 3.0183 -0.3357 54.7348 3.0235 -0.3707 54.7486 2.8342 -0.3763 54.7624 2.8464 -0.5 54.6138 3.0011 -0.4775 54.5735 3.0266 -0.3903 54.9628 3.1025 -0.3187 54.768 2.9114 -0.3527 54.9255 3.0619 -0.3502 54.9193 3.0719 -0.3416 54.8844 3.0513 -0.3912 54.7557 2.8342 -0.3457 54.8413 2.9951 -0.3389 54.811 2.9511 -0.3542 54.8413 2.9861 -0.4222 54.8028 2.8757 -0.4323 54.8354 2.91 -0.3681 54.8731 3.0135 -0.5298 54.8026 2.9755 -0.5256 54.7821 2.9555 -0.3146 54.7042 2.9215 -0.309 54.6921 2.8975 -0.3587 54.6626 3.0581 -0.3549 54.6778 3.0539 -0.4988 54.6154 2.9728 -0.3535 54.6977 3.0607 -0.3515 54.7095 3.0647 -0.3294 54.7333 2.9891 -0.3199 54.7152 2.9427 -0.3834 54.9366 3.0259 -0.5326 54.9025 2.9277 -0.5098 54.6511 3.0082 -0.4921 54.5837 2.9954 -0.3339 54.8218 3.0544 -0.3431 54.867 3.0854 -0.3447 54.8154 3.0811 -0.4248 54.6007 3.0868 -0.4828 54.71 3.0784 -0.5365 54.8617 2.9524 -0.468 54.6349 2.8898 -0.3207 54.7894 2.944 -0.4472 54.838 2.8986 -0.3696 54.8538 3.1203 -0.4315 54.9261 2.9727 -0.4691 54.9494 2.9641 -0.4433 54.9649 2.9931 -0.5069 54.9421 3.002 -0.5124 54.9274 2.9326 -0.4743 54.9305 3.081 -0.4161 54.8771 2.9509 -0.4595 54.7196 2.8577 -0.4787 54.7753 2.872 -0.5017 54.7579 2.9009 -0.4668 54.59 3.0622 -0.3601 54.7492 3.0956 -0.3343 54.7668 3.0373 -0.3266 54.776 2.9894 -0.3714 54.9587 3.0922 -0.3661 54.9541 3.0854 -0.3642 54.9323 3.0509 -0.3611 54.8472 2.9721 -0.4808 54.6111 2.9267 -0.4238 54.578 3.0719 -0.3107 54.6789 2.9032 -0.3066 54.6819 2.8709 -0.3068 54.6691 2.8758 -0.3842 54.6391 2.8117 -0.4288 54.6408 2.847 -0.4246 54.6271 2.8439 -0.4888 54.5701 2.9899 -0.5289 54.9275 2.9632 -0.531 54.8044 2.9928 -0.5168 54.8976 2.9188 -0.4125 54.7596 2.8373 -0.456 54.795 2.8634 -0.3178 54.7841 2.9489 -0.4549 54.9748 3.004 -0.3279 54.6936 2.823 -0.326 54.6712 2.8255 -0.3439 54.763 3.0721 -0.4433 54.8318 3.1099 -0.4821 54.7626 3.0826 -0.5145 54.7506 3.0466 -0.5095 54.6949 3.0467 -0.5284 54.7472 2.992 -0.4886 54.7088 2.8945 -0.4835 54.8789 3.0808 -0.3897 54.9756 3.0664 -0.3965 54.9815 3.0756 -0.4696 54.9846 3.0206 -0.4025 54.9352 2.9957 -0.4201 54.9789 3.0229 -0.392 54.8857 2.9701 -0.444 54.8784 3.1087 -0.4396 54.9307 3.1039 -0.5121 54.8269 3.0493 -0.4841 54.8325 3.0815 -0.3338 54.8337 3.0146 -0.498 54.8589 2.8948 -0.4833 54.8348 2.8828 -0.4288 54.9873 3.0332 -0.3112 54.6722 2.8466 -0.3106 54.6577 2.8456 -0.4652 54.6209 2.8868 -0.3243 54.6569 2.8252 -0.3199 54.6977 2.9393 -0.4499 54.559 3.0463 -0.4555 54.5715 3.0509 -0.3185 54.6947 2.9338 -0.355 54.6534 2.8048 -0.4732 54.5602 3.0213 -0.3118 54.6995 2.8464 -0.3748 54.8785 2.9989'/>
          </IndexedFaceSet>
        </Shape>
        <Shape DEF='rmolr1lc'>
          <Appearance>
            <Material ambientIntensity='0.4' diffuseColor='1 0.9843 0.9843' emissiveColor='1 0 0' shininess='0.05'/>
          </Appearance>
          <IndexedFaceSet DEF='rmolr1lc_Geo' coordIndex='0 1 2 -1 3 4 5 -1 4 6 5 -1 7 8 9 -1 10 11 12 -1 13 14 15 -1 1 16 17 -1 18 19 20 -1 21 22 23 -1 24 25 26 -1 27 28 29 -1 30 31 32 -1 33 34 35 -1 36 37 38 -1 39 40 41 -1 42 43 44 -1 45 46 47 -1 48 49 50 -1 51 52 53 -1 51 8 7 -1 54 55 56 -1 57 58 59 -1 60 61 58 -1 62 12 63 -1 64 65 66 -1 67 68 69 -1 70 71 72 -1 73 74 75 -1 76 77 78 -1 79 80 81 -1 82 83 84 -1 85 86 87 -1 88 81 80 -1 89 90 86 -1 91 92 93 -1 93 73 91 -1 94 95 66 -1 55 96 97 -1 98 99 100 -1 101 102 103 -1 104 105 106 -1 107 99 98 -1 108 109 110 -1 104 111 112 -1 113 114 115 -1 41 40 116 -1 4 3 117 -1 0 118 1 -1 34 119 36 -1 120 121 122 -1 123 124 125 -1 126 127 124 -1 128 129 130 -1 126 123 88 -1 88 131 132 -1 133 134 135 -1 136 54 137 -1 138 139 140 -1 141 142 140 -1 143 144 145 -1 146 147 148 -1 149 150 151 -1 71 152 153 -1 68 154 155 -1 156 157 158 -1 49 159 160 -1 37 161 162 -1 37 163 41 -1 164 102 165 -1 29 166 167 -1 168 169 114 -1 170 171 172 -1 82 173 18 -1 174 175 170 -1 176 63 14 -1 177 178 105 -1 179 28 27 -1 29 180 181 -1 36 38 182 -1 183 52 184 -1 154 68 67 -1 185 186 187 -1 188 189 153 -1 190 17 16 -1 191 192 193 -1 113 194 195 -1 196 197 191 -1 196 198 197 -1 197 149 199 -1 200 199 201 -1 202 150 149 -1 203 204 205 -1 206 207 208 -1 135 209 210 -1 211 212 213 -1 130 127 214 -1 215 124 127 -1 216 131 217 -1 42 218 219 -1 155 220 221 -1 74 222 223 -1 90 89 75 -1 224 225 177 -1 226 225 227 -1 228 93 229 -1 230 231 101 -1 19 18 111 -1 232 233 19 -1 32 234 108 -1 235 101 103 -1 140 139 50 -1 66 65 236 -1 95 64 66 -1 237 152 95 -1 238 153 237 -1 239 240 81 -1 92 91 190 -1 241 242 243 -1 242 85 77 -1 90 87 86 -1 242 77 76 -1 83 82 244 -1 83 245 246 -1 71 189 72 -1 118 70 72 -1 155 154 247 -1 10 69 68 -1 67 69 62 -1 248 62 176 -1 248 249 62 -1 61 59 58 -1 57 48 60 -1 184 51 7 -1 250 138 251 -1 3 5 186 -1 107 252 99 -1 253 254 255 -1 253 256 257 -1 218 157 156 -1 166 33 35 -1 258 259 260 -1 258 182 38 -1 261 33 166 -1 262 30 201 -1 151 262 201 -1 263 110 264 -1 110 26 265 -1 266 22 267 -1 266 23 22 -1 21 268 269 -1 270 271 170 -1 269 272 233 -1 9 273 274 -1 270 9 271 -1 40 43 116 -1 275 6 259 -1 276 259 6 -1 79 81 240 -1 277 278 279 -1 118 188 1 -1 259 258 275 -1 258 280 275 -1 281 161 282 -1 14 63 15 -1 9 15 271 -1 274 7 9 -1 17 283 2 -1 170 284 270 -1 110 265 264 -1 195 285 286 -1 201 199 151 -1 30 287 201 -1 261 166 181 -1 280 258 38 -1 260 182 258 -1 39 288 289 -1 290 44 289 -1 256 253 255 -1 291 257 256 -1 252 185 99 -1 183 3 186 -1 251 292 250 -1 293 159 49 -1 184 7 274 -1 52 160 53 -1 60 58 57 -1 248 294 249 -1 67 62 249 -1 68 221 10 -1 154 295 247 -1 118 0 70 -1 296 131 80 -1 296 217 131 -1 246 84 83 -1 244 297 83 -1 242 76 243 -1 131 88 80 -1 297 244 77 -1 283 241 243 -1 298 92 16 -1 87 245 299 -1 238 300 153 -1 237 153 152 -1 95 152 64 -1 65 249 236 -1 301 140 50 -1 235 103 148 -1 103 302 303 -1 303 148 103 -1 32 108 263 -1 232 19 106 -1 106 19 111 -1 304 305 301 -1 28 179 109 -1 226 227 25 -1 177 114 224 -1 171 18 172 -1 11 271 15 -1 155 306 220 -1 307 23 4 -1 188 298 1 -1 216 132 131 -1 127 308 215 -1 130 308 127 -1 213 309 211 -1 135 310 209 -1 208 141 206 -1 203 205 311 -1 202 312 150 -1 197 199 194 -1 313 113 195 -1 113 192 194 -1 193 314 191 -1 190 16 92 -1 153 298 188 -1 153 300 298 -1 185 187 99 -1 183 315 52 -1 39 316 288 -1 39 163 316 -1 164 317 119 -1 119 261 164 -1 29 181 166 -1 27 267 179 -1 168 177 105 -1 176 14 318 -1 170 271 174 -1 18 171 82 -1 170 175 171 -1 114 177 168 -1 165 317 164 -1 161 37 41 -1 163 39 41 -1 160 304 49 -1 176 318 319 -1 68 155 221 -1 71 70 152 -1 189 71 153 -1 87 90 245 -1 195 200 285 -1 149 151 199 -1 148 303 146 -1 143 320 144 -1 141 140 206 -1 142 138 140 -1 137 321 136 -1 133 135 322 -1 132 126 88 -1 323 324 325 -1 323 128 324 -1 128 130 324 -1 124 123 126 -1 125 326 123 -1 120 122 215 -1 36 182 34 -1 283 243 2 -1 221 220 10 -1 327 21 328 -1 113 224 114 -1 29 28 180 -1 111 329 112 -1 110 263 108 -1 106 111 104 -1 101 231 102 -1 99 330 100 -1 55 97 59 -1 66 321 94 -1 93 228 73 -1 298 16 1 -1 79 112 296 -1 299 85 87 -1 84 173 82 -1 79 296 80 -1 77 244 78 -1 75 91 73 -1 62 63 176 -1 97 57 59 -1 54 136 55 -1 160 159 53 -1 51 331 8 -1 51 184 52 -1 48 293 49 -1 157 291 256 -1 332 45 47 -1 288 290 289 -1 39 289 40 -1 163 37 36 -1 27 167 260 -1 30 32 287 -1 113 115 192 -1 29 167 27 -1 313 195 286 -1 24 333 25 -1 23 307 21 -1 20 272 172 -1 20 172 18 -1 334 306 155 -1 1 17 2 -1 9 270 273 -1 15 9 13 -1 10 220 11 -1 23 266 4 -1 2 247 0 -1 335 336 337 -1 204 338 339 -1 204 340 338 -1 341 342 343 -1 341 344 342 -1 345 134 133 -1 134 345 346 -1 128 347 129 -1 128 348 347 -1 349 350 351 -1 349 121 350 -1 352 312 202 -1 312 352 353 -1 270 117 273 -1 270 354 117 -1 282 255 281 -1 255 282 158 -1 243 334 2 -1 76 334 243 -1 278 355 356 -1 278 277 355 -1 272 170 172 -1 170 272 284 -1 354 284 268 -1 354 270 284 -1 22 179 267 -1 22 357 179 -1 358 227 359 -1 265 227 358 -1 357 21 327 -1 21 357 22 -1 360 157 218 -1 360 361 157 -1 362 181 234 -1 362 261 181 -1 167 35 260 -1 167 166 35 -1 102 316 165 -1 102 288 316 -1 102 290 288 -1 363 361 360 -1 361 363 364 -1 158 256 255 -1 157 256 158 -1 254 187 365 -1 187 254 253 -1 252 315 185 -1 252 366 315 -1 138 60 139 -1 138 61 60 -1 250 61 138 -1 319 248 176 -1 294 248 319 -1 367 368 293 -1 369 368 367 -1 236 294 96 -1 236 249 294 -1 84 370 371 -1 370 84 246 -1 241 89 242 -1 241 75 89 -1 244 171 175 -1 171 244 82 -1 212 238 372 -1 212 229 238 -1 373 95 94 -1 373 237 95 -1 140 98 206 -1 98 140 301 -1 360 101 363 -1 360 230 101 -1 261 302 164 -1 302 261 362 -1 180 109 108 -1 109 180 28 -1 232 226 374 -1 226 232 178 -1 246 375 370 -1 223 375 246 -1 376 228 229 -1 376 222 228 -1 359 225 224 -1 225 359 227 -1 104 168 105 -1 240 168 104 -1 8 13 9 -1 8 377 13 -1 309 216 211 -1 309 132 216 -1 130 378 308 -1 129 378 130 -1 379 214 380 -1 381 214 379 -1 382 381 379 -1 383 381 382 -1 382 209 383 -1 209 382 384 -1 385 384 382 -1 384 385 386 -1 210 387 388 -1 210 389 387 -1 210 384 389 -1 210 209 384 -1 390 388 387 -1 391 388 390 -1 250 392 56 -1 250 292 392 -1 393 251 394 -1 393 395 251 -1 396 278 356 -1 339 278 396 -1 396 397 205 -1 396 398 397 -1 397 311 205 -1 311 397 399 -1 400 311 399 -1 401 311 400 -1 343 401 402 -1 343 403 401 -1 404 46 405 -1 404 406 46 -1 405 148 147 -1 405 235 148 -1 145 262 151 -1 145 407 262 -1 408 201 287 -1 408 200 201 -1 195 199 200 -1 195 194 199 -1 191 194 192 -1 191 197 194 -1 191 349 196 -1 349 191 314 -1 314 121 349 -1 122 121 314 -1 90 246 245 -1 90 223 246 -1 152 295 64 -1 70 295 152 -1 287 263 408 -1 263 287 32 -1 272 268 284 -1 272 269 268 -1 78 175 174 -1 175 78 244 -1 183 274 3 -1 183 184 274 -1 186 365 187 -1 186 5 365 -1 34 261 119 -1 34 33 261 -1 295 0 247 -1 295 70 0 -1 409 239 326 -1 409 169 239 -1 169 115 114 -1 169 409 115 -1 145 150 143 -1 150 145 151 -1 145 410 407 -1 145 144 410 -1 405 410 404 -1 410 405 147 -1 341 402 320 -1 341 343 402 -1 46 235 405 -1 46 45 235 -1 399 406 400 -1 399 411 406 -1 332 208 207 -1 47 208 332 -1 160 305 304 -1 160 366 305 -1 366 52 315 -1 160 52 366 -1 205 339 396 -1 204 339 205 -1 398 356 393 -1 396 356 398 -1 389 137 387 -1 389 412 137 -1 356 395 393 -1 356 355 395 -1 413 414 335 -1 415 414 413 -1 391 322 388 -1 416 322 391 -1 373 412 386 -1 412 373 94 -1 380 132 309 -1 380 126 132 -1 325 209 310 -1 325 383 209 -1 130 381 324 -1 130 214 381 -1 366 107 305 -1 366 252 107 -1 174 306 78 -1 174 220 306 -1 6 365 5 -1 6 275 365 -1 240 169 168 -1 169 240 239 -1 376 212 211 -1 376 229 212 -1 216 370 375 -1 216 217 370 -1 374 233 232 -1 374 328 233 -1 303 362 31 -1 303 302 362 -1 363 235 45 -1 363 101 235 -1 207 98 100 -1 206 98 207 -1 319 96 294 -1 96 319 97 -1 89 85 242 -1 85 89 86 -1 371 217 296 -1 371 370 217 -1 241 17 190 -1 241 283 17 -1 319 57 97 -1 57 319 367 -1 56 390 54 -1 390 56 392 -1 53 331 51 -1 331 53 159 -1 139 48 50 -1 60 48 139 -1 257 330 99 -1 291 330 257 -1 231 290 102 -1 231 44 290 -1 44 40 289 -1 44 43 40 -1 119 165 316 -1 317 165 119 -1 31 234 32 -1 31 362 234 -1 285 358 286 -1 417 358 285 -1 109 26 110 -1 109 24 26 -1 335 416 413 -1 337 416 335 -1 155 2 334 -1 155 247 2 -1 220 271 11 -1 220 174 271 -1 281 254 418 -1 281 255 254 -1 354 4 117 -1 354 307 4 -1 419 202 198 -1 202 419 352 -1 120 350 121 -1 120 420 350 -1 323 348 128 -1 323 421 348 -1 337 345 133 -1 337 336 345 -1 342 403 343 -1 403 342 422 -1 338 278 339 -1 278 338 279 -1 335 423 336 -1 335 414 423 -1 424 204 203 -1 204 424 340 -1 425 344 341 -1 425 426 344 -1 427 134 346 -1 428 134 427 -1 347 378 129 -1 378 347 429 -1 196 351 430 -1 196 349 351 -1 3 273 117 -1 274 273 3 -1 334 78 306 -1 334 76 78 -1 390 431 391 -1 390 392 431 -1 307 268 21 -1 307 354 268 -1 179 24 109 -1 357 24 179 -1 327 24 357 -1 333 24 327 -1 265 417 264 -1 265 358 417 -1 44 230 42 -1 231 230 44 -1 260 34 182 -1 260 35 34 -1 316 36 119 -1 316 163 36 -1 42 116 43 -1 42 219 116 -1 364 45 332 -1 364 363 45 -1 355 432 395 -1 415 432 355 -1 136 96 55 -1 136 236 96 -1 13 318 14 -1 369 318 13 -1 57 293 48 -1 367 293 57 -1 12 15 63 -1 11 15 12 -1 241 91 75 -1 241 190 91 -1 371 173 84 -1 371 329 173 -1 93 238 229 -1 93 300 238 -1 305 98 301 -1 107 98 305 -1 332 100 364 -1 207 100 332 -1 25 374 226 -1 374 25 333 -1 18 329 111 -1 18 173 329 -1 375 211 216 -1 375 376 211 -1 225 178 177 -1 225 226 178 -1 90 74 223 -1 75 74 90 -1 116 158 282 -1 158 116 156 -1 125 215 122 -1 215 125 124 -1 383 324 381 -1 325 324 383 -1 372 386 385 -1 386 372 373 -1 385 379 213 -1 382 379 385 -1 388 135 210 -1 322 135 388 -1 387 54 390 -1 387 137 54 -1 392 432 431 -1 292 432 392 -1 394 138 142 -1 394 251 138 -1 59 56 55 -1 61 56 59 -1 61 250 56 -1 394 141 433 -1 394 142 141 -1 434 398 433 -1 397 398 434 -1 411 397 434 -1 399 397 411 -1 401 203 311 -1 403 203 401 -1 402 400 435 -1 402 401 400 -1 360 42 230 -1 218 42 360 -1 144 404 410 -1 144 435 404 -1 341 143 425 -1 341 320 143 -1 407 147 146 -1 407 410 147 -1 407 30 262 -1 407 146 30 -1 417 200 408 -1 200 417 285 -1 125 314 193 -1 125 122 314 -1 291 361 330 -1 291 157 361 -1 67 65 154 -1 67 249 65 -1 20 233 272 -1 20 19 233 -1 112 240 104 -1 112 79 240 -1 377 331 368 -1 377 8 331 -1 408 264 417 -1 408 263 264 -1 266 27 276 -1 27 266 267 -1 193 326 125 -1 326 193 409 -1 192 409 193 -1 409 192 115 -1 313 224 113 -1 224 313 359 -1 198 149 197 -1 198 202 149 -1 312 143 150 -1 312 425 143 -1 31 146 303 -1 30 146 31 -1 320 435 144 -1 320 402 435 -1 435 406 404 -1 435 400 406 -1 47 406 411 -1 406 47 46 -1 434 47 411 -1 434 208 47 -1 208 433 141 -1 434 433 208 -1 433 393 394 -1 398 393 433 -1 412 321 137 -1 412 94 321 -1 277 415 355 -1 277 414 415 -1 431 415 413 -1 432 415 431 -1 133 416 337 -1 133 322 416 -1 134 310 135 -1 134 428 310 -1 389 386 412 -1 389 384 386 -1 213 380 309 -1 379 380 213 -1 385 212 372 -1 385 213 212 -1 310 323 325 -1 428 323 310 -1 127 380 214 -1 127 126 380 -1 308 120 215 -1 378 120 308 -1 275 162 418 -1 280 162 275 -1 365 418 254 -1 418 365 275 -1 74 228 222 -1 74 73 228 -1 50 304 301 -1 304 50 49 -1 223 376 375 -1 223 222 376 -1 106 178 232 -1 178 106 105 -1 333 328 374 -1 328 333 327 -1 180 234 181 -1 234 180 108 -1 103 164 302 -1 103 102 164 -1 330 364 100 -1 330 361 364 -1 236 321 66 -1 321 236 136 -1 238 373 372 -1 238 237 373 -1 326 88 123 -1 239 88 326 -1 81 88 239 -1 92 300 93 -1 300 92 298 -1 85 297 77 -1 85 299 297 -1 299 83 297 -1 245 83 299 -1 112 371 296 -1 329 371 112 -1 118 189 188 -1 118 72 189 -1 154 64 295 -1 154 65 64 -1 12 69 10 -1 69 12 62 -1 369 319 318 -1 319 369 367 -1 369 377 368 -1 369 13 377 -1 159 368 331 -1 293 368 159 -1 395 292 251 -1 432 292 395 -1 183 185 315 -1 183 186 185 -1 187 257 99 -1 187 253 257 -1 219 156 116 -1 219 218 156 -1 276 260 259 -1 276 27 260 -1 37 280 38 -1 162 280 37 -1 286 359 313 -1 358 359 286 -1 265 25 227 -1 26 25 265 -1 328 269 233 -1 269 328 21 -1 413 391 431 -1 416 391 413 -1 41 282 161 -1 282 41 116 -1 418 161 281 -1 161 418 162 -1 276 4 266 -1 4 276 6 -1 430 198 196 -1 198 430 419 -1 378 420 120 -1 378 429 420 -1 427 323 428 -1 323 427 421 -1 353 425 312 -1 425 353 426 -1 422 203 403 -1 203 422 424 -1 423 277 279 -1 414 277 423 -1' creaseAngle='1.571'>
            <Coordinate DEF='rmolr1lc_Coord' point='-0.7492 54.9773 2.0869 -0.7588 54.978 2.0798 -0.7742 54.9617 2.1415 -0.7523 54.9708 2.2352 -0.7639 54.9636 2.239 -0.755 54.9694 2.2518 -0.7619 54.9618 2.2485 -0.7304 54.9656 2.2076 -0.7279 54.9649 2.204 -0.7355 54.9586 2.2016 -0.7417 54.9581 2.164 -0.743 54.9562 2.1841 -0.7336 54.9663 2.1771 -0.7253 54.9636 2.1993 -0.7267 54.965 2.1949 -0.7365 54.957 2.1951 -0.7641 54.979 2.0826 -0.7786 54.97 2.1289 -0.8748 55.0329 2.161 -0.8722 55.0399 2.1875 -0.8539 55.0286 2.1893 -0.8267 55.0009 2.2385 -0.8259 54.9943 2.2469 -0.7724 54.9683 2.2397 -0.8579 55.0031 2.26 -0.8641 55.0074 2.2564 -0.8627 55.0038 2.2628 -0.816 54.9947 2.2745 -0.8513 55.0093 2.2733 -0.8393 55.0163 2.3004 -0.8812 55.024 2.3817 -0.866 55.0353 2.3765 -0.8749 55.0299 2.341 -0.8403 55.0317 2.3564 -0.8296 55.028 2.3593 -0.8329 55.0209 2.3427 -0.7874 55.0041 2.3431 -0.7749 54.9933 2.3389 -0.7798 54.9917 2.3211 -0.7813 54.9995 2.3716 -0.7529 54.9684 2.3442 -0.7536 54.9682 2.3318 -0.7506 54.969 2.3857 -0.7522 54.9686 2.3566 -0.7759 54.9895 2.394 -0.717 54.9713 2.4086 -0.7183 54.9553 2.4074 -0.6725 54.9606 2.3878 -0.6465 55.0122 2.1978 -0.6524 55.0289 2.2297 -0.6436 55.0254 2.2281 -0.703 55.0016 2.2297 -0.6693 55.0328 2.2558 -0.6668 55.0299 2.2464 -0.6394 54.9836 2.1095 -0.649 55.0154 2.1521 -0.6358 54.9745 2.1498 -0.65 55.0074 2.1886 -0.6432 54.9984 2.1897 -0.6446 55.0028 2.1805 -0.6422 55.0022 2.1984 -0.6376 54.9817 2.1895 -0.6942 55.0117 2.1652 -0.7295 54.9677 2.186 -0.6947 55.032 2.0886 -0.6917 55.0332 2.0976 -0.6844 55.0355 2.0894 -0.694 55.0157 2.1389 -0.7072 55.0078 2.1376 -0.7042 55.0055 2.1467 -0.7232 55.0063 2.0755 -0.7097 55.0126 2.0629 -0.7234 55.0011 2.0664 -0.813 55.0235 2.0836 -0.8239 55.027 2.0886 -0.8221 55.0246 2.0951 -0.7832 54.966 2.1468 -0.807 54.9808 2.1459 -0.7789 54.9663 2.1546 -0.8989 55.0156 2.1415 -0.9149 54.9994 2.1238 -0.919 55.0034 2.1335 -0.8411 55.0145 2.15 -0.8426 55.0086 2.1448 -0.8748 55.0132 2.1381 -0.8123 54.987 2.1398 -0.8391 55.0176 2.1151 -0.8408 55.0118 2.1232 -0.9302 54.9803 2.1134 -0.8327 55.0198 2.1073 -0.8451 55.0231 2.1117 -0.8068 55.017 2.0903 -0.7978 55.0019 2.0872 -0.8062 55.0166 2.0645 -0.6888 55.0163 2.0514 -0.6968 55.0201 2.0556 -0.6568 55.023 2.1574 -0.651 55.0136 2.1806 -0.6462 55.0273 2.3167 -0.6605 55.0218 2.3203 -0.6704 55.0148 2.3479 -0.7707 54.9841 2.4156 -0.7948 55.0122 2.408 -0.7975 55.0126 2.4186 -0.8916 55.035 2.1625 -0.8896 55.0391 2.1926 -0.8812 55.0416 2.1902 -0.6546 55.0295 2.3074 -0.869 55.027 2.3005 -0.8599 55.0094 2.2697 -0.8675 55.0083 2.272 -0.8841 55.0359 2.1608 -0.8934 55.0189 2.1433 -0.9442 54.9622 2.2482 -0.9252 55.0093 2.2216 -0.9513 54.9665 2.2221 -0.7454 54.9628 2.339 -0.7596 54.9627 2.2337 -0.7465 54.9802 2.0747 -0.817 55.0255 2.3755 -0.9595 54.7761 2.105 -0.9763 54.7762 2.1419 -0.9728 54.8567 2.1375 -0.946 54.9554 2.1016 -0.9567 54.9058 2.0975 -0.9726 54.9061 2.1456 -0.9219 54.9633 2.0633 -0.9277 54.906 2.0631 -0.8544 54.7681 2.0563 -0.8933 54.7774 2.0606 -0.8907 54.8452 2.0514 -0.9149 55.0039 2.1142 -0.9041 55.012 2.0751 -0.6842 54.7435 2.0845 -0.7111 54.7475 2.0567 -0.7039 54.8064 2.0476 -0.6576 55.024 2.1235 -0.6576 55.0012 2.0705 -0.6236 54.9761 2.2292 -0.6366 55.014 2.2289 -0.6334 55.032 2.2777 -0.6263 54.9785 2.3165 -0.6229 54.984 2.2709 -0.8902 54.825 2.3847 -0.8493 54.8943 2.4151 -0.8854 54.8996 2.4006 -0.8533 55.0112 2.4137 -0.8243 54.9894 2.4265 -0.8041 55.0059 2.4229 -0.9545 54.8409 2.3123 -0.9355 54.8335 2.3511 -0.9336 54.9051 2.3637 -0.703 55.0181 2.0609 -0.7305 54.9963 2.05 -0.7155 55.019 2.1134 -0.7613 54.9652 2.1506 -0.7374 54.9679 2.3491 -0.698 54.9935 2.3576 -0.7396 54.9672 2.3122 -0.6663 55.0276 2.2356 -0.6618 55.0343 2.2525 -0.7552 54.9678 2.3028 -0.7595 54.966 2.2891 -0.7837 55.004 2.3614 -0.8218 55.0307 2.3911 -0.8083 55.0224 2.3874 -0.8445 55.028 2.3354 -0.8272 55.0068 2.2987 -0.9138 55.032 2.1916 -0.931 55.0103 2.1902 -0.7911 54.9875 2.2003 -0.8424 55.0203 2.1627 -0.8361 55.0231 2.1858 -0.8753 55.0196 2.1459 -0.7589 54.9605 2.1731 -0.7889 54.985 2.1772 -0.691 55.0094 2.174 -0.9042 55.0286 2.2197 -0.8782 55.0308 2.224 -0.8463 55.0042 2.2615 -0.8594 55.0256 2.3012 -0.8541 55.034 2.3332 -0.8019 54.9919 2.305 -0.7148 55.0107 2.2654 -0.7097 55.0047 2.2371 -0.68 55.0293 2.2892 -0.7157 55.0077 2.2794 -0.7079 55.0035 2.3066 -0.75 54.9792 2.0711 -0.7268 55.001 2.0608 -0.7943 54.9991 2.1061 -0.9771 54.8579 2.235 -0.9597 54.92 2.2389 -0.9754 54.9127 2.1916 -0.9427 54.9093 2.2729 -0.9349 54.9285 2.2744 -0.9711 54.766 2.2243 -0.9606 54.8514 2.2708 -0.9622 54.7642 2.2605 -0.9417 54.9029 2.3236 -0.9219 54.9668 2.3196 -0.916 54.9797 2.3511 -0.9549 54.7651 2.2987 -0.6908 54.7413 2.3173 -0.6591 54.7309 2.298 -0.6444 54.7933 2.3207 -0.6389 55.0196 2.3154 -0.6617 55.0098 2.3515 -0.6426 54.9664 2.3585 -0.7429 54.8734 2.024 -0.6861 54.8823 2.041 -0.8548 55.0318 2.0592 -0.8132 55.0145 2.0492 -0.8259 54.9928 2.0298 -0.8886 54.8943 2.0399 -0.9627 54.8625 2.0967 -0.8847 55.0322 2.0885 -0.892 55.0149 2.1252 -0.7351 54.9686 2.386 -0.7429 54.9641 2.377 -0.7531 54.9549 2.1671 -0.7478 54.9589 2.1569 -0.847 55.0335 2.0763 -0.8684 55.0333 2.0982 -0.911 55.0014 2.248 -0.885 55.0129 2.2495 -0.8696 55.0153 2.2491 -0.8778 55.007 2.2597 -0.8151 55.0218 2.0685 -0.8091 55.0203 2.0562 -0.765 54.978 2.4019 -0.7743 54.9865 2.401 -0.8692 55.0335 2.222 -0.8612 55.0305 2.2169 -0.8654 55.0364 2.3361 -0.773 54.9783 2.4215 -0.6641 55.0303 2.1288 -0.7297 54.9966 2.0415 -0.7603 54.9899 2.0425 -0.9247 55.0075 2.1575 -0.91 55.0265 2.1601 -0.798 54.9965 2.1167 -0.8009 54.9836 2.1365 -0.7822 54.967 2.1427 -0.8041 54.9866 2.155 -0.8408 55.0089 2.1327 -0.8732 55.0172 2.1294 -0.7635 54.9694 2.1341 -0.6817 55.0125 2.165 -0.6728 55.0267 2.1311 -0.6321 54.9653 2.1897 -0.6246 54.9279 2.221 -0.6696 55.0334 2.291 -0.7058 54.997 2.3251 -0.7441 54.9664 2.2888 -0.7404 54.967 2.2992 -0.7009 54.9898 2.3355 -0.6846 55.0076 2.328 -0.7662 54.9649 2.2667 -0.7679 54.9652 2.2602 -0.812 54.9909 2.2936 -0.8499 55.0368 2.3658 -0.9034 54.9884 2.3794 -0.8787 55.0175 2.3052 -0.8738 55.0072 2.2748 -0.875 55.0037 2.2651 -0.7714 54.9676 2.2443 -0.8228 54.9969 2.2573 -0.8099 54.9949 2.223 -0.8309 55.009 2.2177 -0.755 54.9676 2.2061 -0.7535 54.9664 2.1963 -0.8338 55.0207 2.1968 -0.738 54.9585 2.2073 -0.7348 54.9667 2.213 -0.7577 54.9581 2.2693 -0.7694 54.9662 2.2534 -0.6477 54.7247 2.2202 -0.6476 54.7247 2.2216 -0.6505 54.7154 2.2204 -0.7628 54.9645 2.2796 -0.748 54.9615 2.3011 -0.7475 54.9617 2.3093 -0.781 54.9683 2.1373 -0.7929 54.9872 2.2102 -0.9218 54.957 2.2905 -0.9224 54.9523 2.2751 -0.8883 55.0154 2.3476 -0.7953 55.0112 2.3833 -0.7816 54.9943 2.3787 -0.7876 55.0046 2.3943 -0.6872 55.0042 2.3386 -0.6263 54.921 2.1795 -0.6589 55.0083 2.1952 -0.6677 55.0177 2.1594 -0.7199 55.0156 2.0993 -0.8943 55.011 2.1338 -0.8149 54.987 2.1454 -0.7593 54.982 2.0674 -0.8188 54.9917 2.1411 -0.7594 54.9877 2.0509 -0.6419 55.0392 2.2776 -0.8263 55.032 2.3982 -0.8331 55.0259 2.404 -0.6515 55.0377 2.2641 -0.6517 55.0376 2.2808 -0.7705 54.9589 2.1517 -0.7716 54.9681 2.2376 -0.9309 54.8505 2.0687 -0.8747 55.0125 2.0503 -0.7548 54.8051 2.041 -0.6751 54.8114 2.3546 -0.9294 54.7665 2.3362 -0.9304 54.956 2.2667 -0.9801 54.8573 2.191 -0.6773 55.0323 2.2808 -0.8056 55.0199 2.3836 -0.8147 55.0254 2.3861 -0.6913 54.9975 2.185 -0.6613 55.0106 2.1803 -0.8532 54.8242 2.3933 -0.6747 55.0271 2.0855 -0.6668 54.7953 2.0767 -0.8128 54.7646 2.0475 -0.8468 54.8321 2.0365 -0.8063 54.8222 2.0355 -0.9516 54.9636 2.1533 -0.8509 55.0066 2.249 -0.8521 55.0142 2.242 -0.8861 55.0208 2.1453 -0.6762 55.0107 2.3412 -0.6984 55.0026 2.2209 -0.6797 54.9915 2.3814 -0.8586 55.0095 2.2536 -0.7757 54.9601 2.1472 -0.6594 54.7279 2.135 -0.6629 54.7188 2.134 -0.6596 54.728 2.1337 -0.6536 54.7196 2.2658 -0.6507 54.729 2.2687 -0.6614 54.7217 2.2953 -0.843 54.7645 2.3668 -0.7885 54.7553 2.3613 -0.788 54.7645 2.365 -0.8431 54.7552 2.3634 -0.686 54.7333 2.0877 -0.7129 54.7381 2.0575 -0.8933 54.7678 2.0614 -0.8546 54.7588 2.0579 -0.9805 54.7701 2.1759 -0.9758 54.7665 2.1422 -0.9794 54.7606 2.1748 -0.9531 54.7559 2.2964 -0.9285 54.7572 2.3331 -0.77 54.9679 2.2333 -0.6322 54.7957 2.2114 -0.6304 54.7985 2.234 -0.8495 55.0008 2.2559 -0.894 54.9897 2.2689 -0.8992 54.9938 2.262 -0.7248 54.9745 2.3979 -0.6944 54.9934 2.3701 -0.8582 55.0401 2.3716 -0.7196 54.9775 2.4039 -0.6887 54.9963 2.3776 -0.7515 54.9654 2.2681 -0.6683 55.035 2.2862 -0.659 55.0043 2.1876 -0.6889 54.9988 2.1996 -0.6879 54.9937 2.1908 -0.8845 55.0187 2.1286 -0.8862 55.0144 2.1375 -0.7624 54.9827 2.036 -0.7261 54.9895 2.035 -0.861 55.0167 2.247 -0.8771 55.036 2.0942 -0.8503 55.037 2.0672 -0.7264 54.9641 2.2013 -0.928 54.7762 2.0774 -0.8379 54.9503 2.0219 -0.8884 54.9596 2.0406 -0.8472 54.8903 2.0239 -0.7855 54.9317 2.0211 -0.7983 54.8778 2.0224 -0.7322 54.9286 2.0234 -0.7755 54.9708 2.0262 -0.7256 54.9708 2.0284 -0.646 54.9436 2.078 -0.6509 54.8697 2.0753 -0.6747 54.9487 2.0412 -0.6312 54.9204 2.1237 -0.6354 54.8584 2.1221 -0.6287 54.9207 2.1516 -0.6218 54.8652 2.2495 -0.6229 54.9347 2.2627 -0.6233 54.8623 2.2132 -0.6327 54.7931 2.2857 -0.6365 54.8614 2.3403 -0.6236 54.8605 2.3016 -0.6673 54.8735 2.3741 -0.7301 54.8723 2.3961 -0.7383 54.8163 2.377 -0.7847 54.8232 2.391 -0.7472 54.7567 2.3462 -0.7819 54.9331 2.4215 -0.7784 54.9642 2.4217 -0.7243 54.9218 2.403 -0.8711 54.9799 2.4109 -0.8936 55.0045 2.3134 -0.9562 54.9695 2.1944 -0.8393 54.9618 2.4261 -0.6627 54.9111 2.378 -0.6798 55.0032 2.0462 -0.6406 54.7909 2.1472 -0.6495 54.729 2.1781 -0.6348 54.7915 2.1771 -0.6441 54.7906 2.1288 -0.8942 54.992 2.2788 -0.7529 54.9598 2.2852 -0.9604 54.7548 2.2593 -0.9591 54.7664 2.1056 -0.8133 54.7551 2.0488 -0.748 54.7476 2.3429 -0.6525 54.7198 2.178 -0.692 54.7323 2.3141 -0.8933 54.7614 2.3596 -0.8933 54.7521 2.3564 -0.7655 54.7517 2.0472 -0.7635 54.7611 2.0465 -0.928 54.7666 2.0783 -0.9693 54.7565 2.2232 -0.6301 54.8589 2.1495 -0.6248 54.8594 2.177 -0.6236 54.9292 2.3085 -0.6367 54.9232 2.3491 -0.7842 54.8855 2.4119'/>
          </IndexedFaceSet>
        </Shape>
        <Shape DEF='rmolr2lc'>
          <Appearance>
            <Material ambientIntensity='0.4' diffuseColor='1 0.9843 0.9843' emissiveColor='1 0 0' shininess='0.05'/>
          </Appearance>
          <IndexedFaceSet DEF='rmolr2lc_Geo' coordIndex='0 1 2 -1 3 4 5 -1 6 7 8 -1 9 10 11 -1 12 13 14 -1 15 16 17 -1 18 19 20 -1 21 22 23 -1 24 10 25 -1 26 27 28 -1 26 29 27 -1 30 29 26 -1 31 32 33 -1 33 34 35 -1 27 36 37 -1 38 39 32 -1 40 41 42 -1 42 43 44 -1 44 45 46 -1 47 48 49 -1 50 51 52 -1 53 54 55 -1 56 57 58 -1 59 60 61 -1 62 63 12 -1 64 65 66 -1 64 67 65 -1 68 69 70 -1 71 72 73 -1 74 75 76 -1 72 77 78 -1 79 80 81 -1 82 83 84 -1 60 59 85 -1 86 87 88 -1 89 90 91 -1 92 93 94 -1 95 71 73 -1 96 97 98 -1 99 100 101 -1 102 103 100 -1 104 105 106 -1 107 98 97 -1 108 109 107 -1 110 111 112 -1 113 114 115 -1 116 117 118 -1 119 120 121 -1 122 123 124 -1 118 125 115 -1 95 126 96 -1 127 128 129 -1 130 131 132 -1 133 134 132 -1 135 136 137 -1 138 139 140 -1 141 138 130 -1 142 143 144 -1 145 146 147 -1 148 149 150 -1 139 151 152 -1 16 153 87 -1 64 154 155 -1 30 156 120 -1 157 158 79 -1 159 160 125 -1 161 75 162 -1 52 163 155 -1 164 49 48 -1 4 164 165 -1 166 167 51 -1 168 101 103 -1 169 15 170 -1 24 118 117 -1 40 38 171 -1 172 173 174 -1 175 176 177 -1 178 179 180 -1 105 181 182 -1 183 184 185 -1 131 130 138 -1 186 142 131 -1 187 133 188 -1 132 189 133 -1 190 127 191 -1 192 193 116 -1 194 195 196 -1 117 116 6 -1 6 11 117 -1 114 170 197 -1 198 124 110 -1 109 71 98 -1 199 200 201 -1 202 203 204 -1 103 101 100 -1 64 205 154 -1 91 102 100 -1 96 98 71 -1 206 207 90 -1 91 99 208 -1 209 210 91 -1 211 212 213 -1 13 12 214 -1 78 73 72 -1 215 216 217 -1 75 218 76 -1 166 219 220 -1 167 221 68 -1 68 163 167 -1 67 68 65 -1 222 213 223 -1 224 18 61 -1 1 66 225 -1 56 58 78 -1 51 163 52 -1 41 226 227 -1 44 205 45 -1 43 155 44 -1 227 228 43 -1 88 229 230 -1 30 171 231 -1 230 232 27 -1 34 233 234 -1 32 39 34 -1 235 29 231 -1 29 235 36 -1 38 31 171 -1 236 24 25 -1 237 21 23 -1 19 238 25 -1 239 237 23 -1 240 232 229 -1 87 241 229 -1 59 61 62 -1 60 224 61 -1 94 206 225 -1 242 243 244 -1 4 165 5 -1 59 62 245 -1 246 247 248 -1 229 88 87 -1 169 248 247 -1 232 230 229 -1 239 249 237 -1 25 10 19 -1 250 251 252 -1 253 254 158 -1 29 36 27 -1 231 255 235 -1 231 171 31 -1 39 256 34 -1 34 46 233 -1 232 28 27 -1 256 46 34 -1 42 256 39 -1 230 37 88 -1 228 155 43 -1 155 154 44 -1 44 154 205 -1 41 257 226 -1 51 167 163 -1 78 77 56 -1 225 2 1 -1 68 67 163 -1 258 78 58 -1 258 259 78 -1 216 122 217 -1 78 259 73 -1 12 240 214 -1 211 260 212 -1 91 208 209 -1 206 90 89 -1 71 95 96 -1 91 90 102 -1 64 261 205 -1 203 262 204 -1 143 142 263 -1 109 264 71 -1 124 161 110 -1 170 265 197 -1 196 266 194 -1 267 264 109 -1 113 170 114 -1 190 191 130 -1 132 131 189 -1 188 268 187 -1 131 138 186 -1 183 269 184 -1 270 105 182 -1 271 178 180 -1 151 177 152 -1 177 151 175 -1 148 172 174 -1 171 120 40 -1 272 237 249 -1 170 113 169 -1 168 103 123 -1 168 273 101 -1 72 71 264 -1 164 48 165 -1 52 155 228 -1 118 159 125 -1 9 19 10 -1 171 30 120 -1 86 16 87 -1 148 174 194 -1 194 149 148 -1 139 152 140 -1 274 217 112 -1 150 270 148 -1 147 275 145 -1 144 189 142 -1 189 131 142 -1 191 141 130 -1 138 140 186 -1 137 276 135 -1 133 187 134 -1 132 190 130 -1 127 129 191 -1 277 9 278 -1 124 198 122 -1 279 280 281 -1 120 156 121 -1 195 272 196 -1 116 118 115 -1 115 125 113 -1 112 198 110 -1 107 282 108 -1 107 109 98 -1 106 283 104 -1 142 186 263 -1 274 284 217 -1 208 222 209 -1 99 91 100 -1 96 82 97 -1 91 210 89 -1 208 99 285 -1 88 286 86 -1 85 238 60 -1 84 97 82 -1 80 250 81 -1 219 287 220 -1 68 221 69 -1 64 66 1 -1 210 209 288 -1 12 245 62 -1 288 0 2 -1 289 290 212 -1 56 291 57 -1 50 52 292 -1 293 47 49 -1 294 233 45 -1 45 233 46 -1 37 230 27 -1 33 32 34 -1 30 231 29 -1 32 31 38 -1 251 295 252 -1 18 224 19 -1 12 14 245 -1 153 169 247 -1 8 278 6 -1 296 137 136 -1 137 296 297 -1 298 299 300 -1 298 301 299 -1 302 303 134 -1 303 302 304 -1 305 306 307 -1 305 308 306 -1 309 310 311 -1 309 312 310 -1 313 314 315 -1 316 314 313 -1 212 317 289 -1 286 317 212 -1 37 318 317 -1 37 36 318 -1 245 85 59 -1 245 14 85 -1 257 40 319 -1 40 257 41 -1 320 321 322 -1 320 323 321 -1 324 325 326 -1 324 327 325 -1 125 169 113 -1 169 125 248 -1 214 229 241 -1 240 229 214 -1 246 13 214 -1 160 13 246 -1 250 239 81 -1 250 252 239 -1 328 79 329 -1 79 328 80 -1 234 294 289 -1 233 294 234 -1 330 331 332 -1 331 330 333 -1 227 42 41 -1 227 43 42 -1 223 0 288 -1 0 223 261 -1 70 225 66 -1 225 70 334 -1 335 336 57 -1 336 335 337 -1 197 168 216 -1 168 197 265 -1 338 339 340 -1 338 341 339 -1 56 218 291 -1 56 76 218 -1 123 216 168 -1 216 123 122 -1 35 36 235 -1 35 318 36 -1 342 343 344 -1 342 345 343 -1 203 346 347 -1 202 346 203 -1 348 143 263 -1 348 284 143 -1 200 332 331 -1 199 332 200 -1 327 349 350 -1 327 324 349 -1 6 193 7 -1 116 193 6 -1 21 272 195 -1 21 237 272 -1 156 195 121 -1 156 157 195 -1 48 351 165 -1 48 292 351 -1 82 279 180 -1 82 96 279 -1 127 303 352 -1 303 127 190 -1 268 353 300 -1 353 268 188 -1 343 298 354 -1 345 298 343 -1 200 355 135 -1 355 200 331 -1 356 357 358 -1 359 357 356 -1 360 283 361 -1 360 104 283 -1 362 324 363 -1 362 349 324 -1 364 363 365 -1 364 362 363 -1 366 347 367 -1 366 203 347 -1 144 284 274 -1 144 143 284 -1 368 199 201 -1 199 368 369 -1 370 371 372 -1 371 370 84 -1 150 185 184 -1 150 149 185 -1 150 105 270 -1 150 106 105 -1 172 321 373 -1 172 182 321 -1 47 178 271 -1 293 178 47 -1 111 374 375 -1 374 111 282 -1 192 175 346 -1 175 192 176 -1 185 8 183 -1 185 266 8 -1 373 173 172 -1 373 376 173 -1 155 67 64 -1 155 163 67 -1 79 22 157 -1 79 81 22 -1 15 265 170 -1 15 377 265 -1 15 17 377 -1 126 338 287 -1 95 338 126 -1 95 73 338 -1 291 378 92 -1 378 291 218 -1 161 244 378 -1 161 242 244 -1 242 161 124 -1 16 169 153 -1 169 16 15 -1 253 157 156 -1 253 158 157 -1 236 14 159 -1 236 85 14 -1 185 194 266 -1 185 149 194 -1 202 192 346 -1 192 202 193 -1 375 112 111 -1 375 274 112 -1 107 84 370 -1 107 97 84 -1 148 182 172 -1 148 270 182 -1 106 184 350 -1 184 106 150 -1 368 83 179 -1 368 379 83 -1 199 380 332 -1 199 369 380 -1 147 381 275 -1 381 147 372 -1 274 146 144 -1 274 375 146 -1 347 141 367 -1 141 347 382 -1 326 366 383 -1 366 326 325 -1 349 361 283 -1 362 361 349 -1 359 104 360 -1 359 356 104 -1 333 384 385 -1 384 333 386 -1 200 276 201 -1 135 276 200 -1 387 354 381 -1 343 354 387 -1 145 353 188 -1 275 353 145 -1 128 352 388 -1 128 127 352 -1 180 281 271 -1 281 180 279 -1 122 112 217 -1 198 112 122 -1 126 279 96 -1 126 280 279 -1 119 376 319 -1 376 119 173 -1 121 194 174 -1 121 195 194 -1 114 176 115 -1 176 114 177 -1 162 109 108 -1 162 267 109 -1 356 105 104 -1 181 105 356 -1 348 186 140 -1 348 263 186 -1 382 346 175 -1 346 382 347 -1 387 344 343 -1 389 344 387 -1 249 277 272 -1 277 249 20 -1 69 55 54 -1 221 55 69 -1 336 339 258 -1 54 339 336 -1 54 53 339 -1 74 56 77 -1 56 74 76 -1 55 220 340 -1 166 220 55 -1 273 265 377 -1 273 168 265 -1 334 69 337 -1 69 334 70 -1 210 2 89 -1 210 288 2 -1 289 205 290 -1 294 205 289 -1 294 45 205 -1 1 261 64 -1 1 0 261 -1 331 385 355 -1 331 333 385 -1 319 3 257 -1 319 376 3 -1 249 252 295 -1 252 249 239 -1 86 212 260 -1 212 86 286 -1 13 159 14 -1 13 160 159 -1 87 247 241 -1 87 153 247 -1 9 6 278 -1 9 11 6 -1 327 262 325 -1 327 269 262 -1 373 323 164 -1 323 373 321 -1 357 314 384 -1 314 357 390 -1 226 165 351 -1 5 165 226 -1 51 281 280 -1 51 50 281 -1 317 234 289 -1 234 317 318 -1 261 290 205 -1 261 223 290 -1 207 244 243 -1 93 244 207 -1 311 391 392 -1 311 310 391 -1 393 307 306 -1 365 307 393 -1 352 304 394 -1 352 303 304 -1 395 300 299 -1 268 300 395 -1 297 342 137 -1 342 297 396 -1 397 136 398 -1 136 397 296 -1 345 301 298 -1 345 399 301 -1 134 400 302 -1 134 187 400 -1 401 305 388 -1 305 401 308 -1 312 364 402 -1 309 364 312 -1 390 315 314 -1 390 403 315 -1 37 286 88 -1 37 317 286 -1 63 28 232 -1 63 328 28 -1 226 228 227 -1 226 351 228 -1 386 322 358 -1 386 320 322 -1 363 326 404 -1 363 324 326 -1 204 8 7 -1 183 8 204 -1 160 248 125 -1 246 248 160 -1 295 20 249 -1 295 18 20 -1 19 60 238 -1 19 224 60 -1 405 332 380 -1 332 405 330 -1 47 292 48 -1 47 50 292 -1 288 222 223 -1 288 209 222 -1 206 2 225 -1 89 2 206 -1 54 337 69 -1 54 336 337 -1 80 63 62 -1 80 328 63 -1 65 70 66 -1 65 68 70 -1 211 208 285 -1 213 208 211 -1 222 208 213 -1 216 152 197 -1 216 215 152 -1 340 53 55 -1 340 339 53 -1 123 102 124 -1 123 103 102 -1 264 77 72 -1 264 74 77 -1 264 267 74 -1 26 328 329 -1 328 26 28 -1 84 379 371 -1 83 379 84 -1 277 19 9 -1 277 20 19 -1 57 92 335 -1 291 92 57 -1 207 102 90 -1 243 102 207 -1 215 140 152 -1 215 348 140 -1 386 330 320 -1 330 386 333 -1 350 283 106 -1 350 349 283 -1 161 108 110 -1 161 162 108 -1 115 192 116 -1 192 115 176 -1 266 278 8 -1 266 196 278 -1 121 173 119 -1 173 121 174 -1 52 351 292 -1 52 228 351 -1 157 21 195 -1 157 22 21 -1 383 128 406 -1 128 383 129 -1 134 190 132 -1 134 303 190 -1 354 300 353 -1 298 300 354 -1 344 137 342 -1 137 344 276 -1 398 135 355 -1 398 136 135 -1 359 390 357 -1 359 392 390 -1 311 361 309 -1 311 360 361 -1 404 383 406 -1 383 404 326 -1 366 129 383 -1 129 366 367 -1 382 138 141 -1 382 139 138 -1 191 367 141 -1 129 367 191 -1 144 145 189 -1 145 144 146 -1 201 379 368 -1 389 379 201 -1 374 372 147 -1 372 374 370 -1 369 293 380 -1 369 178 293 -1 323 330 405 -1 323 320 330 -1 405 164 323 -1 164 405 49 -1 282 370 374 -1 370 282 107 -1 202 7 193 -1 202 204 7 -1 26 254 30 -1 329 254 26 -1 211 17 260 -1 17 211 377 -1 24 159 118 -1 24 236 159 -1 273 99 101 -1 273 285 99 -1 280 166 51 -1 280 219 166 -1 126 219 280 -1 287 219 126 -1 166 221 167 -1 221 166 55 -1 102 242 124 -1 243 242 102 -1 30 253 156 -1 30 254 253 -1 235 33 35 -1 33 235 255 -1 11 24 117 -1 24 11 10 -1 82 179 83 -1 179 82 180 -1 215 284 348 -1 215 217 284 -1 322 182 181 -1 182 322 321 -1 269 350 184 -1 269 327 350 -1 179 369 368 -1 369 179 178 -1 147 375 374 -1 147 146 375 -1 372 387 381 -1 387 372 371 -1 382 151 139 -1 382 175 151 -1 325 203 366 -1 203 325 262 -1 406 307 404 -1 406 305 307 -1 362 309 361 -1 364 309 362 -1 392 360 311 -1 392 359 360 -1 316 384 314 -1 384 316 385 -1 389 276 344 -1 276 389 201 -1 275 354 353 -1 354 275 381 -1 188 189 145 -1 188 133 189 -1 388 406 128 -1 388 305 406 -1 177 197 152 -1 177 114 197 -1 319 120 119 -1 319 40 120 -1 278 272 277 -1 196 272 278 -1 110 282 111 -1 110 108 282 -1 358 181 356 -1 322 181 358 -1 93 378 244 -1 378 93 92 -1 94 335 92 -1 335 94 407 -1 379 387 371 -1 379 389 387 -1 73 341 338 -1 73 259 341 -1 75 267 162 -1 74 267 75 -1 339 259 258 -1 339 341 259 -1 57 258 58 -1 57 336 258 -1 378 75 161 -1 378 218 75 -1 340 287 338 -1 220 287 340 -1 285 377 211 -1 285 273 377 -1 18 251 61 -1 18 295 251 -1 407 337 335 -1 337 407 334 -1 44 256 42 -1 44 46 256 -1 49 380 293 -1 380 49 405 -1 398 385 316 -1 398 355 385 -1 42 38 40 -1 42 39 38 -1 164 376 373 -1 4 376 164 -1 4 3 376 -1 234 35 34 -1 35 234 318 -1 33 231 31 -1 33 255 231 -1 158 329 79 -1 158 254 329 -1 85 25 238 -1 236 25 85 -1 81 23 22 -1 81 239 23 -1 16 260 17 -1 260 16 86 -1 246 241 247 -1 214 241 246 -1 62 250 80 -1 251 62 61 -1 251 250 62 -1 183 262 269 -1 183 204 262 -1 404 365 363 -1 365 404 307 -1 358 384 386 -1 384 358 357 -1 3 226 257 -1 3 5 226 -1 271 50 47 -1 50 271 281 -1 240 63 232 -1 12 63 240 -1 212 223 213 -1 223 212 290 -1 94 207 206 -1 94 93 207 -1 334 94 225 -1 334 407 94 -1 392 403 390 -1 392 391 403 -1 365 402 364 -1 365 393 402 -1 394 388 352 -1 388 394 401 -1 187 395 400 -1 187 268 395 -1 345 396 399 -1 396 345 342 -1 397 316 313 -1 398 316 397 -1' creaseAngle='1.571'>
            <Coordinate DEF='rmolr2lc_Coord' point='-0.8757 54.9627 1.8397 -0.8739 54.965 1.8365 -0.8846 54.9619 1.8349 -0.7698 55.0247 1.8577 -0.7587 55.0174 1.8438 -0.7716 55.0225 1.8456 -0.9008 55.0191 2.0189 -0.9023 55.0097 2.0267 -0.8698 54.9953 2.0279 -0.8808 55.0036 2.0088 -0.8968 55.0076 2.0016 -0.9042 55.0144 2.0064 -0.8786 54.9902 1.932 -0.8903 55.0044 1.9332 -0.8869 55.0023 1.9501 -0.9412 55.037 1.9116 -0.9276 55.0278 1.9065 -0.9311 55.0278 1.8988 -0.8719 54.9805 1.9732 -0.8827 54.992 1.991 -0.8702 54.9919 1.9956 -0.8063 55.0124 1.9993 -0.8084 55.0127 1.9955 -0.8112 55.0097 1.9967 -0.9125 55.0142 1.9991 -0.9067 55.0065 1.9972 -0.8463 54.992 1.9107 -0.8592 54.975 1.8978 -0.8613 54.981 1.9069 -0.8404 54.9853 1.903 -0.8035 55.0222 1.9173 -0.7982 55.015 1.8946 -0.8017 55.006 1.8859 -0.8155 55.0018 1.8872 -0.8371 54.981 1.8712 -0.8403 54.9829 1.8804 -0.8601 54.9738 1.8877 -0.8685 54.969 1.8887 -0.7923 55.0203 1.8832 -0.8024 55.0039 1.8731 -0.7873 55.0273 1.8838 -0.7911 55.0215 1.8572 -0.8076 54.9925 1.855 -0.8046 54.9954 1.846 -0.8361 54.9721 1.8567 -0.8588 54.9656 1.8659 -0.8368 54.9781 1.8664 -0.7681 55.0498 1.7746 -0.7685 55.0386 1.8112 -0.7504 55.0242 1.8068 -0.7778 55.0546 1.7781 -0.7884 55.0468 1.7799 -0.7904 55.0331 1.8138 -0.8878 54.9874 1.7728 -0.8886 54.9861 1.7801 -0.8681 55.002 1.7626 -0.9218 55.0159 1.7682 -0.8998 54.9902 1.7822 -0.9051 54.9951 1.7699 -0.878 54.9828 1.9632 -0.878 54.9815 1.9698 -0.8726 54.976 1.9644 -0.8714 54.9853 1.9405 -0.871 54.985 1.9325 -0.8479 54.9864 1.8318 -0.8533 54.9923 1.8189 -0.8708 54.97 1.8295 -0.8345 55.006 1.8111 -0.8565 54.9958 1.8113 -0.8835 54.9871 1.8001 -0.8758 54.976 1.8181 -0.9045 55.0296 1.7215 -0.9156 55.0161 1.7483 -0.8861 55.0033 1.7375 -0.9387 55.0478 1.7646 -0.9497 55.055 1.7779 -0.9425 55.0452 1.777 -0.9182 55.0177 1.7589 -0.9063 54.9961 1.7593 -0.8486 55.0052 1.9495 -0.8633 54.9896 1.9411 -0.8403 54.9981 1.9728 -0.8735 55.0246 1.6931 -0.878 55.0159 1.6885 -0.9141 55.0263 1.6996 -0.8887 54.9984 1.9672 -0.8953 54.9942 1.8891 -0.8949 54.9934 1.9018 -0.8762 54.9761 1.8931 -0.8923 54.9693 1.8369 -0.9198 55.0019 1.8361 -0.9239 54.9881 1.8447 -0.9172 55.0132 1.7991 -0.9196 55.0091 1.8161 -0.8869 54.9724 1.8254 -0.8764 55.0236 1.7097 -0.8728 55.0311 1.6994 -0.9104 55.0324 1.7048 -0.9071 55.0368 1.7115 -0.9266 55.0007 1.8562 -0.9543 55.0278 1.8509 -0.9499 55.0261 1.8605 -0.9544 55.0396 1.8419 -0.9604 55.0337 1.8616 -0.7417 54.8778 1.9436 -0.7355 54.9112 1.952 -0.7709 54.9089 1.998 -0.9424 55.0483 1.7232 -0.9658 55.0699 1.7614 -0.9364 55.0508 1.7303 -0.9795 55.0715 1.7961 -0.9941 55.0623 1.7907 -0.9999 55.0579 1.8394 -0.9537 55.0464 1.9323 -0.9653 55.0483 1.9288 -0.9463 55.051 1.9644 -0.9326 55.0296 2.0123 -0.9277 55.0252 2.004 -0.9333 55.041 1.9719 -0.7734 55.0398 1.9083 -0.7836 55.0332 1.9105 -0.7644 55.0338 1.9594 -0.9811 55.0368 1.8786 -0.9712 55.0324 1.8738 -0.9768 55.0595 1.8363 -0.9388 55.0456 1.9546 -0.8657 55.027 1.712 -1.0634 54.8651 1.9597 -1.0267 54.8557 2 -1.0149 54.9018 2.0197 -1.0564 54.9285 1.9308 -1.0548 54.9308 1.8923 -1.0869 54.8794 1.8833 -1.0925 54.8788 1.8244 -1.0992 54.8115 1.8679 -0.7876 54.8684 1.6961 -0.8019 54.8305 1.7002 -0.8543 54.8334 1.6794 -1.027 54.9725 1.9372 -1.0109 54.9929 1.9361 -1.0058 54.9944 1.9065 -1.0298 54.9641 1.9789 -1.0412 54.9485 1.8955 -1.0304 54.9784 1.8847 -1.047 55.0075 1.8411 -1.0658 54.9511 1.7665 -1.0366 55.0149 1.7838 -1.0187 55.0092 1.7336 -0.7429 55.0068 1.9644 -0.7864 54.9945 2.0123 -0.7741 54.96 2.0114 -0.9857 55.0258 1.9378 -0.9839 55.0282 1.9009 -0.9267 55.0243 1.9135 -0.8417 54.9777 1.8494 -0.8105 54.9988 1.8309 -0.7765 55.0302 1.9564 -0.8028 55.0187 1.993 -0.8189 55.0212 1.9607 -0.9031 55.0193 1.9573 -0.908 55.0197 1.9387 -0.9694 55.0647 1.7981 -0.9575 55.0631 1.768 -0.8189 55.0175 1.8046 -0.7483 55.0128 1.8445 -0.7709 55.0265 1.8369 -0.8454 55.0185 1.7517 -0.8255 55.0342 1.782 -0.9645 55.022 1.8839 -0.9434 55.0349 1.9291 -0.9546 55.0445 1.9213 -0.7924 55.0266 1.9092 -0.7367 55.0142 1.9086 -0.7628 55.0335 1.9058 -0.7549 55.0263 1.959 -0.9819 55.0217 1.9787 -0.9624 55.0428 1.9723 -0.9744 55.043 1.9322 -0.7782 55.0202 1.7091 -0.8139 55.0071 1.6925 -0.813 55.0321 1.705 -0.729 54.9106 1.8845 -0.7234 54.9687 1.8989 -0.873 54.9738 2.0394 -0.8221 54.9457 2.0297 -0.8151 54.9895 2.024 -1.0222 54.9683 1.9126 -1.0959 54.8228 1.8071 -1.0808 54.8842 1.7549 -1.0758 54.939 1.8335 -1.0784 54.8689 1.9244 -1.044 54.9231 1.9762 -0.9467 55.0267 2.0114 -0.9356 55.0203 2.0209 -0.7917 55.011 2.0071 -0.7965 55.0178 2.0045 -0.8231 55.0087 2.0121 -0.9758 55.035 1.8985 -0.9888 55.0623 1.8386 -0.7678 54.9298 1.7017 -0.7751 54.9075 1.6972 -0.8372 54.9298 1.6772 -0.9398 54.9926 2.0372 -0.9523 54.9611 2.0443 -0.9064 54.984 2.0411 -0.8631 54.9653 1.859 -0.8885 54.9707 1.8313 -0.9217 55.0073 1.8253 -0.9033 54.9753 1.8517 -0.8898 54.9638 1.845 -0.8907 54.9659 1.8428 -0.9136 54.9934 1.8696 -0.876 54.9684 1.8687 -0.8823 54.9666 1.8584 -0.8888 54.993 1.9156 -0.9873 55.0226 1.8927 -0.9792 55.0305 1.8884 -0.9938 55.0309 1.8826 -0.9413 55.0461 1.7887 -0.8326 55.028 1.7317 -0.8481 55.0172 1.7426 -0.8638 55.0026 1.7904 -0.8867 54.9646 1.8505 -0.8757 54.9599 1.8547 -0.8759 54.9811 1.9709 -0.8793 54.9642 1.8284 -0.7831 55.0281 1.8476 -0.7962 55.0114 1.8467 -0.7914 55.0264 1.8303 -0.8828 54.9758 1.9026 -0.8689 54.9719 1.8966 -0.8035 55.0152 1.9028 -0.8695 54.9754 1.9062 -0.8589 54.9664 1.8679 -0.8592 54.9679 1.8717 -0.8398 54.9884 1.8924 -0.9047 55.0123 1.981 -0.8154 55.0085 1.9996 -0.8905 54.9901 1.981 -0.8419 54.9929 1.9805 -0.8776 54.9825 1.911 -0.8952 54.9896 1.9083 -0.9563 55.0462 1.8271 -0.953 55.0425 1.8299 -0.9504 55.0439 1.8207 -0.8784 54.9877 1.9428 -0.9173 55.0193 1.931 -0.9292 55.0188 1.9256 -0.9344 55.0357 1.9421 -0.8469 54.9938 1.989 -0.8643 54.9834 1.9594 -0.8674 54.9789 1.9672 -0.8648 54.9803 1.9685 -0.7902 55.0279 1.955 -0.8188 55.0218 1.9426 -0.8167 55.0046 1.8957 -0.8273 54.9849 1.8658 -0.783 55.0299 1.8579 -0.8951 54.9827 1.7708 -0.8923 54.9891 1.7605 -0.8987 54.9936 1.8809 -0.8716 54.9645 1.8454 -0.9131 54.9485 2.0399 -1.0229 54.968 1.8976 -0.9301 55.0403 1.7358 -0.962 55.0278 1.8935 -0.8208 55.0039 2.0189 -0.9367 55.0491 1.7455 -1.0751 54.8271 1.7541 -0.874 54.9358 2.0356 -0.7372 54.9676 1.9642 -0.7995 55.0378 1.7156 -0.8236 55.0059 2.0053 -0.9435 55.0099 1.8713 -1.0193 55.0404 1.8471 -1.0362 54.9423 1.7175 -0.8505 54.8865 1.6777 -0.8693 54.9979 2.0076 -0.8684 55.0035 2.0186 -0.8177 55.0407 1.7143 -0.8202 55.0367 1.7229 -0.8094 55.0439 1.7202 -0.9755 55.0648 1.7558 -0.782 54.8715 1.9833 -1.0167 55.0026 1.8819 -0.9234 54.9926 1.8615 -0.8743 54.971 1.8782 -0.8567 55.022 1.7276 -0.8831 54.958 1.8417 -0.8674 54.962 1.8694 -0.8702 54.9613 1.8644 -0.9194 55.0172 1.7782 -0.7791 55.0438 1.8139 -0.7546 55.0345 1.7679 -0.8642 54.9633 1.8681 -0.8671 54.9804 1.9701 -0.8053 54.8214 1.7008 -0.8555 54.8238 1.68 -0.9779 54.8293 1.6868 -1.0326 54.8183 1.7172 -1.0346 54.8278 1.717 -0.9774 54.8197 1.6876 -1.0984 54.8022 1.8653 -1.0893 54.8035 1.9047 -1.0887 54.7943 1.9014 -0.9991 54.7758 1.9925 -0.9608 54.7652 1.9819 -0.9587 54.774 1.9859 -1.0001 54.7671 1.9879 -0.8196 54.7687 1.9537 -0.7764 54.7702 1.9159 -0.7735 54.7791 1.9203 -0.8212 54.7597 1.9495 -0.7737 54.8067 1.7741 -0.7645 54.8091 1.8048 -0.7679 54.7999 1.8036 -0.7703 54.8158 1.7751 -0.8678 54.9646 1.8765 -0.8596 54.9703 1.8783 -0.7782 55.0339 1.8779 -0.7322 54.9235 1.826 -0.7264 54.9674 1.8694 -0.7303 54.9164 1.858 -0.7298 54.9674 1.8344 -0.8922 54.8757 2.0233 -0.927 54.9125 2.0363 -0.9365 54.8799 2.031 -0.8858 54.9 2.03 -0.8632 54.9893 1.9328 -0.8477 55.006 1.9419 -0.7353 54.9236 1.7959 -0.7457 54.8945 1.7533 -0.7389 54.9249 1.7601 -0.7414 54.8933 1.7877 -0.8838 54.9704 1.8184 -0.8982 54.9884 1.8049 -0.894 54.9823 1.7805 -0.8919 54.9813 1.8007 -0.8763 55.0014 1.7483 -0.8881 54.988 1.7665 -0.8719 55.0001 1.7539 -0.8892 54.9892 1.7625 -0.9042 54.8287 1.6756 -0.9408 54.8836 1.6803 -0.8995 54.8832 1.6738 -0.9411 54.829 1.6813 -0.9641 55.0014 2.0214 -0.9841 54.9722 2.0234 -1.0078 54.9919 1.8947 -0.8465 54.8662 2.0091 -0.8392 54.8984 2.0213 -0.7841 55.0326 1.8371 -1.0713 54.7934 1.9396 -1.0464 54.8812 1.7154 -0.9822 54.884 1.6865 -0.7583 54.8645 1.7483 -0.7359 54.8814 1.873 -0.7443 54.8572 1.8403 -0.7365 54.8868 1.8475 -0.7434 54.8517 1.8672 -0.7504 54.8454 1.9342 -0.7931 54.8341 1.9686 -0.8539 54.834 1.9969 -0.9022 54.8402 2.0096 -0.8663 54.7689 1.9672 -0.9185 54.7705 1.9788 -0.9681 54.925 2.0425 -1.0032 54.9393 2.0239 -0.8256 54.9789 1.6836 -0.77 54.9843 1.7024 -0.9502 55.0367 1.7104 -0.929 54.9889 1.6892 -0.9723 54.9987 1.6992 -0.7424 55.0131 1.8779 -0.9883 55.0491 1.7398 -1.0138 55.0433 1.7916 -0.7672 55.028 1.8757 -0.9373 55.0156 1.8803 -0.9428 55.0451 1.803 -0.8855 54.979 1.6787 -0.737 54.9836 1.7634 -0.9839 54.9431 1.6907 -1.0079 54.9924 1.9794 -0.9807 54.8842 2.0387 -0.7453 54.8627 1.8134 -0.7518 54.8636 1.7809 -0.7371 54.8921 1.822 -0.9326 54.939 1.6781 -1.0353 54.7837 1.9744 -0.8911 54.9345 1.6734 -0.7624 54.8015 1.8308 -0.7634 54.785 1.8545 -0.7603 54.794 1.8568 -0.9201 54.7615 1.9747 -1.0707 54.7842 1.936 -1.0732 54.8176 1.7547 -0.9042 54.819 1.6763 -0.7795 54.8134 1.7448 -0.7761 54.8225 1.7453 -0.9413 54.8194 1.6821 -1.0943 54.8134 1.805 -1.0353 54.7747 1.9701 -0.8684 54.76 1.9635 -0.7656 54.7924 1.8291 -0.9473 54.8391 2.0143 -0.7331 54.9748 1.8017 -0.9925 54.8381 2.019 -0.8875 54.9743 1.8191'/>
          </IndexedFaceSet>
        </Shape>
        <Shape DEF='rmolr3lc'>
          <Appearance>
            <Material ambientIntensity='0.4' diffuseColor='1 0.9843 0.9843' emissiveColor='1 0 0' shininess='0.05'/>
          </Appearance>
          <IndexedFaceSet DEF='rmolr3lc_Geo' coordIndex='0 1 2 -1 3 4 5 -1 6 7 8 -1 9 10 11 -1 12 13 14 -1 15 16 17 -1 18 19 20 -1 21 22 23 -1 24 25 26 -1 18 27 19 -1 19 27 28 -1 29 30 31 -1 32 33 34 -1 35 36 37 -1 38 39 40 -1 41 42 43 -1 44 45 46 -1 47 48 13 -1 49 50 51 -1 52 53 54 -1 55 56 57 -1 58 59 60 -1 61 59 58 -1 62 63 64 -1 65 66 67 -1 65 68 66 -1 69 70 71 -1 72 73 74 -1 67 75 76 -1 64 63 41 -1 77 78 79 -1 80 81 82 -1 80 46 45 -1 83 79 84 -1 85 86 87 -1 88 37 89 -1 90 91 92 -1 91 90 93 -1 94 2 95 -1 96 97 98 -1 99 88 89 -1 100 101 72 -1 0 2 94 -1 102 103 104 -1 105 101 106 -1 107 73 108 -1 109 110 111 -1 112 113 114 -1 43 42 115 -1 92 116 117 -1 118 119 120 -1 121 122 123 -1 107 124 74 -1 125 126 127 -1 128 129 130 -1 131 132 133 -1 134 135 136 -1 137 138 6 -1 139 140 141 -1 7 17 142 -1 143 144 145 -1 146 147 148 -1 149 150 151 -1 152 130 153 -1 154 155 156 -1 72 101 157 -1 56 158 57 -1 60 159 160 -1 161 162 122 -1 163 164 165 -1 166 167 168 -1 169 170 171 -1 172 173 174 -1 175 176 177 -1 170 169 86 -1 51 178 68 -1 120 119 179 -1 180 91 181 -1 182 183 184 -1 184 185 182 -1 186 187 188 -1 189 105 190 -1 157 73 72 -1 191 192 193 -1 185 184 194 -1 195 54 95 -1 62 196 197 -1 198 4 199 -1 200 201 202 -1 62 85 115 -1 203 178 194 -1 159 204 160 -1 126 205 206 -1 206 207 208 -1 102 79 78 -1 209 77 83 -1 40 39 210 -1 211 41 75 -1 212 72 74 -1 50 213 182 -1 214 215 216 -1 68 217 66 -1 216 67 66 -1 218 219 220 -1 221 57 222 -1 95 54 53 -1 223 224 225 -1 226 227 228 -1 229 230 231 -1 192 44 46 -1 170 86 172 -1 227 232 38 -1 233 234 235 -1 236 237 35 -1 238 239 240 -1 36 241 89 -1 236 35 171 -1 18 242 243 -1 23 34 21 -1 244 153 130 -1 147 28 27 -1 23 26 30 -1 19 245 20 -1 19 246 245 -1 81 80 10 -1 14 13 247 -1 11 10 80 -1 10 9 136 -1 248 249 146 -1 150 250 251 -1 0 193 1 -1 49 65 252 -1 228 40 253 -1 215 75 216 -1 215 211 75 -1 40 254 253 -1 49 51 65 -1 251 151 150 -1 255 248 146 -1 193 256 257 -1 10 136 258 -1 80 259 11 -1 14 247 11 -1 260 198 258 -1 261 12 14 -1 262 263 149 -1 23 24 26 -1 27 148 147 -1 244 130 264 -1 23 265 34 -1 33 21 34 -1 236 171 266 -1 36 89 37 -1 238 240 267 -1 236 268 237 -1 227 38 228 -1 192 46 269 -1 230 32 231 -1 253 226 228 -1 178 51 185 -1 95 53 270 -1 221 222 271 -1 272 61 58 -1 66 273 216 -1 274 273 66 -1 214 216 273 -1 275 50 182 -1 74 276 212 -1 41 277 75 -1 40 210 278 -1 209 83 279 -1 126 206 127 -1 126 280 205 -1 159 120 204 -1 178 185 194 -1 200 202 281 -1 198 199 82 -1 126 125 282 -1 62 197 85 -1 200 283 201 -1 42 41 63 -1 193 0 191 -1 208 189 190 -1 190 284 208 -1 188 285 186 -1 109 183 110 -1 185 275 182 -1 212 22 72 -1 180 181 31 -1 65 51 68 -1 240 226 43 -1 275 185 51 -1 276 182 213 -1 177 286 175 -1 172 174 266 -1 169 171 37 -1 163 287 288 -1 166 168 289 -1 165 290 163 -1 283 200 291 -1 200 292 291 -1 161 293 162 -1 158 222 57 -1 156 294 154 -1 295 223 209 -1 82 81 198 -1 146 249 147 -1 145 296 143 -1 17 250 142 -1 137 139 141 -1 138 297 6 -1 134 136 9 -1 45 259 80 -1 133 298 131 -1 284 125 127 -1 284 299 125 -1 300 301 302 -1 300 121 301 -1 74 73 107 -1 121 123 301 -1 118 120 159 -1 173 175 174 -1 92 117 303 -1 275 51 50 -1 99 267 240 -1 65 76 252 -1 119 112 114 -1 22 100 72 -1 284 127 208 -1 304 106 305 -1 0 94 191 -1 230 306 305 -1 223 295 95 -1 99 89 267 -1 197 86 85 -1 96 307 97 -1 194 308 309 -1 194 184 308 -1 2 195 95 -1 91 93 181 -1 92 201 90 -1 88 169 37 -1 280 310 205 -1 206 208 127 -1 279 83 84 -1 80 82 46 -1 77 79 83 -1 228 38 40 -1 41 211 64 -1 216 75 67 -1 69 71 311 -1 178 203 312 -1 114 70 119 -1 70 179 119 -1 217 274 66 -1 67 76 65 -1 219 313 220 -1 60 271 58 -1 55 57 314 -1 54 315 52 -1 316 43 115 -1 48 247 13 -1 44 317 45 -1 43 277 41 -1 234 318 235 -1 35 37 171 -1 236 266 174 -1 29 31 264 -1 242 319 243 -1 28 246 19 -1 18 243 27 -1 18 20 262 -1 297 15 17 -1 128 130 152 -1 136 260 258 -1 9 11 247 -1 320 6 8 -1 5 321 3 -1 292 287 163 -1 235 174 233 -1 293 322 323 -1 293 161 322 -1 324 325 326 -1 324 327 325 -1 177 328 166 -1 177 329 328 -1 330 331 332 -1 330 333 331 -1 334 139 320 -1 139 334 335 -1 336 337 338 -1 339 337 336 -1 340 131 341 -1 342 131 340 -1 252 75 254 -1 252 76 75 -1 250 343 142 -1 250 150 343 -1 143 344 345 -1 143 296 344 -1 192 256 193 -1 192 269 256 -1 14 259 261 -1 14 11 259 -1 346 248 347 -1 248 346 249 -1 229 47 230 -1 48 47 229 -1 348 349 350 -1 348 321 349 -1 181 351 244 -1 93 351 181 -1 231 34 265 -1 231 32 34 -1 238 89 241 -1 238 267 89 -1 287 268 288 -1 268 287 237 -1 303 352 353 -1 303 117 352 -1 354 38 232 -1 354 39 38 -1 241 353 238 -1 353 241 355 -1 316 240 43 -1 99 240 316 -1 25 39 354 -1 25 210 39 -1 97 64 98 -1 64 97 356 -1 312 68 178 -1 312 217 68 -1 157 105 189 -1 105 157 101 -1 278 213 50 -1 278 357 213 -1 209 225 77 -1 225 209 223 -1 207 205 310 -1 205 207 206 -1 358 359 113 -1 360 359 358 -1 308 285 309 -1 285 308 186 -1 152 361 346 -1 152 153 361 -1 269 362 256 -1 199 362 269 -1 363 55 282 -1 56 55 363 -1 96 217 312 -1 96 274 217 -1 362 4 3 -1 362 199 4 -1 364 188 187 -1 188 364 314 -1 305 32 230 -1 305 33 32 -1 365 187 189 -1 365 364 187 -1 107 110 124 -1 107 111 110 -1 276 124 182 -1 276 74 124 -1 31 26 180 -1 31 30 26 -1 360 366 359 -1 360 367 366 -1 204 179 368 -1 204 120 179 -1 369 97 307 -1 369 218 97 -1 370 218 369 -1 371 218 370 -1 218 371 219 -1 173 372 373 -1 172 372 173 -1 109 184 183 -1 109 308 184 -1 180 25 116 -1 180 26 25 -1 266 170 172 -1 170 266 171 -1 163 318 164 -1 163 288 318 -1 165 289 168 -1 289 165 164 -1 245 291 20 -1 283 291 245 -1 167 374 168 -1 374 167 375 -1 118 60 59 -1 118 159 60 -1 272 158 376 -1 158 272 222 -1 376 377 378 -1 376 158 377 -1 315 155 52 -1 315 156 155 -1 379 144 339 -1 379 380 144 -1 54 381 315 -1 54 195 381 -1 209 382 295 -1 382 209 279 -1 383 150 149 -1 383 343 150 -1 350 248 255 -1 350 349 248 -1 2 381 195 -1 2 384 381 -1 1 384 2 -1 385 348 15 -1 385 386 348 -1 387 385 138 -1 385 387 388 -1 387 345 344 -1 345 387 141 -1 143 339 144 -1 143 337 339 -1 137 320 139 -1 6 320 137 -1 388 344 389 -1 388 387 344 -1 16 255 251 -1 16 350 255 -1 384 390 381 -1 390 384 391 -1 386 321 348 -1 321 386 3 -1 9 48 134 -1 48 9 247 -1 53 377 363 -1 53 52 377 -1 380 145 144 -1 380 294 145 -1 378 52 155 -1 378 377 52 -1 377 56 363 -1 377 158 56 -1 342 132 131 -1 342 300 132 -1 300 392 121 -1 342 392 300 -1 161 121 392 -1 161 122 121 -1 118 112 119 -1 123 112 118 -1 290 20 291 -1 290 262 20 -1 164 234 289 -1 164 318 234 -1 116 91 180 -1 116 92 91 -1 116 354 117 -1 116 25 354 -1 175 373 393 -1 173 373 175 -1 394 395 393 -1 394 326 395 -1 371 366 396 -1 366 371 370 -1 239 226 240 -1 226 239 227 -1 307 71 369 -1 307 311 71 -1 359 370 397 -1 359 366 370 -1 190 398 284 -1 190 304 398 -1 183 124 110 -1 182 124 183 -1 57 188 314 -1 57 221 188 -1 187 108 189 -1 108 187 186 -1 305 101 100 -1 305 106 101 -1 399 192 191 -1 399 44 192 -1 98 214 96 -1 214 98 215 -1 368 309 204 -1 368 194 309 -1 55 126 282 -1 55 280 126 -1 94 295 382 -1 94 95 295 -1 349 347 248 -1 347 349 400 -1 245 93 90 -1 245 246 93 -1 316 85 87 -1 115 85 316 -1 401 360 358 -1 402 360 401 -1 399 279 84 -1 399 382 279 -1 77 299 78 -1 77 225 299 -1 276 357 212 -1 276 213 357 -1 75 253 254 -1 75 277 253 -1 311 203 69 -1 203 311 312 -1 220 97 218 -1 220 356 97 -1 58 222 272 -1 271 222 58 -1 210 24 403 -1 210 25 24 -1 226 277 43 -1 226 253 277 -1 232 239 352 -1 239 232 227 -1 303 355 202 -1 303 353 355 -1 197 313 372 -1 197 196 313 -1 351 153 244 -1 351 361 153 -1 148 243 319 -1 243 148 27 -1 242 262 149 -1 242 18 262 -1 321 400 349 -1 321 5 400 -1 284 103 299 -1 103 284 398 -1 128 48 229 -1 134 48 128 -1 229 129 128 -1 229 231 129 -1 384 193 257 -1 384 1 193 -1 389 296 391 -1 296 389 344 -1 330 142 343 -1 404 142 330 -1 400 135 347 -1 135 400 136 -1 392 340 405 -1 392 342 340 -1 339 406 379 -1 339 336 406 -1 139 407 140 -1 139 335 407 -1 404 332 408 -1 404 330 332 -1 328 167 166 -1 167 328 409 -1 410 326 325 -1 395 326 410 -1 323 401 293 -1 401 323 411 -1 392 322 161 -1 392 405 322 -1 402 327 324 -1 402 412 327 -1 176 329 177 -1 176 413 329 -1 333 414 331 -1 333 375 414 -1 415 320 8 -1 320 415 334 -1 338 416 417 -1 337 416 338 -1 298 341 131 -1 298 418 341 -1 175 233 174 -1 286 233 175 -1 260 4 198 -1 260 5 4 -1 297 7 6 -1 297 17 7 -1 345 337 143 -1 337 345 416 -1 135 346 347 -1 135 152 346 -1 230 104 306 -1 47 104 230 -1 15 350 16 -1 15 348 350 -1 383 375 333 -1 383 374 375 -1 129 265 29 -1 231 265 129 -1 351 147 361 -1 28 147 351 -1 29 130 129 -1 264 130 29 -1 268 174 235 -1 174 268 236 -1 355 281 202 -1 419 281 355 -1 239 353 352 -1 238 353 239 -1 419 35 237 -1 36 35 419 -1 99 87 88 -1 99 316 87 -1 261 45 317 -1 45 261 259 -1 221 60 160 -1 221 271 60 -1 64 196 62 -1 64 356 196 -1 70 368 179 -1 70 69 368 -1 189 73 157 -1 189 108 73 -1 403 278 210 -1 278 403 357 -1 64 215 98 -1 215 64 211 -1 103 78 299 -1 103 102 78 -1 44 84 317 -1 44 399 84 -1 104 317 84 -1 104 261 317 -1 104 12 261 -1 113 397 114 -1 359 397 113 -1 42 62 115 -1 42 63 62 -1 90 283 245 -1 201 283 90 -1 361 249 346 -1 249 361 147 -1 199 46 82 -1 199 269 46 -1 314 280 55 -1 310 314 364 -1 314 310 280 -1 96 311 307 -1 96 312 311 -1 282 53 363 -1 270 53 282 -1 306 304 305 -1 306 398 304 -1 13 104 47 -1 13 12 104 -1 208 365 189 -1 365 208 207 -1 234 286 289 -1 234 233 286 -1 402 367 360 -1 402 324 367 -1 162 113 112 -1 162 358 113 -1 371 373 372 -1 373 371 396 -1 324 394 367 -1 324 326 394 -1 313 371 372 -1 313 219 371 -1 86 372 172 -1 86 197 372 -1 263 168 374 -1 263 165 168 -1 285 204 309 -1 204 285 160 -1 59 123 118 -1 61 123 59 -1 61 301 123 -1 111 108 186 -1 111 107 108 -1 301 376 302 -1 61 376 301 -1 61 272 376 -1 302 378 420 -1 302 376 378 -1 364 207 310 -1 364 365 207 -1 132 154 133 -1 132 420 154 -1 380 298 133 -1 380 379 298 -1 156 381 390 -1 156 315 381 -1 343 333 330 -1 383 333 343 -1 151 242 149 -1 151 319 242 -1 257 362 421 -1 257 256 362 -1 386 388 421 -1 388 386 385 -1 297 385 15 -1 297 138 385 -1 137 387 138 -1 141 387 137 -1 141 416 345 -1 141 140 416 -1 404 7 142 -1 404 8 7 -1 145 391 296 -1 391 145 390 -1 251 17 16 -1 251 250 17 -1 389 421 388 -1 389 257 421 -1 421 3 386 -1 421 362 3 -1 148 151 146 -1 151 148 319 -1 299 224 125 -1 299 225 224 -1 294 390 145 -1 294 156 390 -1 294 133 154 -1 294 380 133 -1 155 420 378 -1 154 420 155 -1 420 300 302 -1 132 300 420 -1 123 162 112 -1 122 162 123 -1 262 165 263 -1 262 290 165 -1 163 291 292 -1 163 290 291 -1 177 289 286 -1 289 177 166 -1 200 287 292 -1 200 281 287 -1 393 176 175 -1 393 395 176 -1 393 396 394 -1 393 373 396 -1 367 396 366 -1 367 394 396 -1 293 358 162 -1 293 401 358 -1 369 397 370 -1 369 71 397 -1 22 305 100 -1 22 33 305 -1 33 22 21 -1 109 186 308 -1 109 111 186 -1 160 188 221 -1 160 285 188 -1 105 304 190 -1 304 105 106 -1 382 191 94 -1 382 399 191 -1 273 96 214 -1 273 274 96 -1 125 270 282 -1 125 224 270 -1 5 136 400 -1 5 260 136 -1 201 303 202 -1 201 92 303 -1 194 69 203 -1 69 194 368 -1 397 70 114 -1 397 71 70 -1 84 102 104 -1 102 84 79 -1 49 278 50 -1 49 40 278 -1 212 403 22 -1 212 357 403 -1 196 220 313 -1 220 196 356 -1 224 95 270 -1 223 95 224 -1 403 23 22 -1 23 403 24 -1 169 87 86 -1 169 88 87 -1 281 237 287 -1 237 281 419 -1 117 232 352 -1 117 354 232 -1 36 355 241 -1 36 419 355 -1 288 235 318 -1 235 288 268 -1 244 31 181 -1 244 264 31 -1 246 351 93 -1 246 28 351 -1 29 23 30 -1 265 23 29 -1 149 374 383 -1 149 263 374 -1 104 398 306 -1 104 103 398 -1 152 134 128 -1 135 134 152 -1 198 10 258 -1 81 10 198 -1 391 257 389 -1 391 384 257 -1 146 251 255 -1 251 146 151 -1 254 49 252 -1 40 49 254 -1 379 418 298 -1 379 406 418 -1 140 417 416 -1 140 407 417 -1 408 8 404 -1 8 408 415 -1 375 409 414 -1 375 167 409 -1 395 413 176 -1 395 410 413 -1 411 402 401 -1 402 411 412 -1' creaseAngle='1.571'>
            <Coordinate DEF='rmolr3lc_Coord' point='-0.8965 55.0476 1.6862 -0.8975 55.0421 1.6866 -0.8894 55.0486 1.6848 -0.9957 55.0921 1.7141 -0.9882 55.098 1.7068 -0.9988 55.1018 1.7045 -1.0953 54.9289 1.6354 -1.1137 54.9374 1.6203 -1.1076 54.899 1.5988 -0.9626 55.0732 1.6802 -0.9596 55.0712 1.686 -0.9405 55.0566 1.6608 -0.9168 55.0441 1.6367 -0.9196 55.0458 1.6332 -0.9204 55.0472 1.6449 -1.0756 55.0256 1.683 -1.0943 55.0306 1.6542 -1.1097 54.9852 1.6423 -1.1001 55.0453 1.5629 -1.0688 55.0846 1.587 -1.067 55.0955 1.5693 -0.9159 55.0157 1.5457 -0.9141 55.0122 1.5274 -0.9498 55.0391 1.5576 -0.949 55.054 1.5307 -0.9547 55.0817 1.5098 -0.9621 55.0672 1.5414 -1.0675 55.08 1.5956 -1.0211 55.0952 1.5895 -0.9646 55.0482 1.5697 -0.9687 55.0534 1.5632 -0.9804 55.0611 1.5715 -0.9172 55.0203 1.5613 -0.915 55.0162 1.5531 -0.9195 55.019 1.5546 -1.0437 55.1142 1.4609 -1.0243 55.123 1.4712 -1.0152 55.131 1.4529 -0.9417 55.0554 1.4702 -0.9394 55.0575 1.4782 -0.9372 55.0493 1.4675 -0.9407 55.0922 1.4176 -0.9478 55.0993 1.4191 -0.9603 55.1093 1.4357 -0.9038 55.0511 1.6775 -0.9354 55.0585 1.6733 -0.9262 55.0641 1.6886 -0.9215 55.046 1.627 -0.9433 55.0652 1.6325 -0.9309 55.0541 1.4658 -0.9179 55.0665 1.4902 -0.8906 55.0963 1.453 -0.8112 55.0466 1.6512 -0.833 55.0715 1.6543 -0.8487 55.0571 1.6774 -0.8203 55.0853 1.5827 -0.813 55.0806 1.5831 -0.822 55.0712 1.5373 -0.8034 55.0148 1.5113 -0.8032 55.019 1.5002 -0.812 55.0537 1.5195 -0.8027 55.0084 1.5083 -0.9448 55.0989 1.409 -0.943 55.0969 1.4134 -0.9354 55.0964 1.4079 -0.8862 55.1015 1.4299 -0.8859 55.1004 1.422 -0.9268 55.0709 1.4357 -0.8796 55.1032 1.4241 -0.8281 55.1079 1.4238 -0.8225 55.0936 1.4197 -0.8461 55.0918 1.4046 -0.9041 55.0134 1.5229 -0.8932 55.0246 1.5227 -0.8953 55.0238 1.517 -0.9373 55.067 1.4352 -0.9306 55.0656 1.4445 -0.873 55.0566 1.6549 -0.8834 55.0533 1.6454 -0.9036 55.0463 1.6455 -0.9518 55.0656 1.6842 -0.9558 55.0733 1.6914 -0.9488 55.0776 1.7003 -0.8992 55.0451 1.6534 -0.9065 55.0457 1.6555 -0.9676 55.1117 1.4105 -0.9935 55.1123 1.4131 -0.9775 55.1242 1.4236 -0.9887 55.1348 1.4372 -1.003 55.1327 1.4572 -1.0126 55.1146 1.5656 -1.0054 55.1054 1.5609 -1.0055 55.1164 1.535 -1.0117 55.1023 1.582 -0.8898 55.0518 1.6827 -0.8541 55.0635 1.6769 -0.8864 55.1022 1.4097 -0.9264 55.0891 1.4024 -0.926 55.0977 1.4081 -0.9823 55.1313 1.4426 -0.9082 55.009 1.5321 -0.9017 55.0151 1.5327 -0.907 55.0448 1.6337 -0.9085 55.045 1.6232 -0.9167 55.0413 1.6258 -0.8792 55.0329 1.5454 -0.9045 55.0189 1.5504 -0.8684 55.0611 1.5078 -0.8672 55.0456 1.5359 -0.8368 55.0869 1.4942 -0.846 55.0795 1.4961 -0.8431 55.0788 1.503 -0.8123 55.0099 1.4224 -0.8301 55.0114 1.3986 -0.8218 55.0512 1.4085 -0.9632 55.1124 1.4184 -0.9775 55.0975 1.5216 -0.9983 55.0942 1.4857 -0.805 55.0273 1.4764 -0.8106 55.0475 1.4316 -0.8109 55.0832 1.469 -0.8117 54.9439 1.4858 -0.8204 54.9498 1.4512 -0.8066 54.9978 1.4642 -0.871 55.0614 1.5022 -0.8314 55.0875 1.6206 -0.8282 55.082 1.592 -0.8641 55.0601 1.5939 -0.9682 55.0765 1.6082 -0.9617 55.0494 1.5762 -0.9765 55.0601 1.587 -0.8166 54.8929 1.5538 -0.8018 54.9246 1.5675 -0.8139 54.9171 1.5928 -0.9651 55.0843 1.638 -0.999 55.1052 1.6461 -0.9951 55.0998 1.6936 -1.0579 54.925 1.6553 -1.0589 54.9705 1.6847 -1.0554 54.883 1.6338 -1.0104 54.8851 1.6336 -1.0043 54.9185 1.6568 -1.1287 54.9484 1.5974 -0.9311 54.913 1.6407 -0.8907 54.9144 1.6293 -0.8802 54.9483 1.6527 -1.0679 55.0813 1.6225 -1.0202 55.0979 1.6011 -1.0686 55.0801 1.6072 -1.1275 54.9976 1.5641 -1.1268 54.9941 1.588 -1.0997 55.0322 1.605 -1.0013 55.0995 1.6224 -1.0036 55.0939 1.5988 -0.8006 54.9663 1.615 -0.803 54.998 1.6299 -0.829 54.9827 1.6557 -0.8966 55.0174 1.5285 -0.7966 55.0557 1.5696 -0.8125 55.0666 1.5061 -0.8227 55.0731 1.5247 -0.8301 54.9066 1.4446 -0.8293 54.9558 1.4164 -1.1008 55.067 1.4774 -1.112 55.0274 1.4633 -1.1274 55.0212 1.5018 -1.1145 54.954 1.4415 -1.1244 54.9443 1.4738 -1.1328 54.9834 1.4846 -1.0009 55.1305 1.432 -1.0146 55.116 1.4249 -1.0334 55.1167 1.4452 -1.0321 55.0555 1.4008 -1.0312 55.0252 1.3969 -1.0639 55.0455 1.4274 -1.0302 54.9927 1.3975 -1.0274 54.948 1.3948 -1.0694 54.9525 1.4096 -0.8443 55.1134 1.4325 -0.8133 55.0893 1.4477 -0.9772 55.0788 1.5509 -1.0048 55.0955 1.581 -0.8736 55.0649 1.4982 -0.8496 55.0822 1.4913 -0.8265 55.1087 1.4704 -0.8291 55.1132 1.4657 -0.8298 55.0768 1.5263 -0.8309 55.071 1.5322 -0.8262 55.0752 1.5309 -0.8694 55.0379 1.5431 -0.8803 55.0439 1.5799 -0.897 55.0498 1.6832 -0.9016 55.0532 1.6869 -0.9012 55.0478 1.6889 -0.8218 55.1165 1.463 -0.8549 55.0545 1.6781 -0.9455 55.0901 1.404 -0.9733 55.0961 1.4053 -0.98 55.0935 1.7022 -0.9444 55.0809 1.7082 -1.0239 55.1227 1.5304 -1.0131 55.1228 1.5376 -1.0221 55.1238 1.4919 -0.8342 55.1142 1.4266 -0.8145 55.0941 1.4855 -0.8322 55.0773 1.5836 -0.8607 55.057 1.5837 -0.8636 55.0539 1.5751 -0.8695 55.0487 1.5833 -0.872 55.0572 1.6618 -0.9318 55.0658 1.498 -0.9362 55.0878 1.4171 -0.9094 55.0164 1.5164 -0.9074 55.0328 1.5059 -0.8956 55.096 1.4182 -0.9298 55.0884 1.417 -0.9303 55.0754 1.4309 -0.8798 55.1036 1.4205 -0.9255 55.0665 1.3972 -0.9379 55.0598 1.3956 -0.9377 55.0695 1.3978 -0.8233 55.0699 1.5303 -0.8098 55.0499 1.5348 -0.8571 55.0639 1.6661 -0.8486 55.0722 1.6508 -0.8603 55.0631 1.6516 -0.9583 55.0909 1.4576 -0.967 55.0807 1.4663 -0.9444 55.0589 1.4649 -0.9424 55.0554 1.6004 -0.9193 55.0331 1.5942 -0.9459 55.0384 1.572 -0.9724 55.0731 1.4724 -1.0698 55.0187 1.4254 -1.0792 55.0303 1.4349 -1.0702 55.0388 1.431 -1.0614 55.0745 1.4415 -1.0483 55.1111 1.4701 -1.0105 55.1198 1.4755 -0.9932 55.1018 1.4692 -0.9768 55.1198 1.4548 -1.0165 55.1251 1.4762 -1.1028 55.0268 1.5725 -1.093 55.0391 1.5775 -1.0051 55.0898 1.587 -1.0246 55.1127 1.5664 -1.0215 55.1 1.5833 -0.944 55.0602 1.6557 -1.021 55.1079 1.6495 -1.0206 55.1029 1.6253 -1.121 54.9903 1.6104 -1.1022 55.0313 1.6276 -0.9308 55.0587 1.4572 -0.9432 55.0644 1.458 -0.9372 55.054 1.4588 -1.067 55.0827 1.6417 -0.9224 55.0603 1.7027 -0.9327 55.032 1.7023 -0.9903 55.0952 1.6969 -0.9372 55.0566 1.6639 -0.994 55.0983 1.7018 -0.9148 55.0462 1.6471 -1.1032 55.0551 1.5529 -1.1284 55.0088 1.5351 -0.9807 55.0567 1.5775 -0.9487 55.037 1.5655 -1.0545 55.0699 1.4292 -0.9977 55.125 1.4605 -1.0663 55.0731 1.447 -0.9214 55.0682 1.6999 -0.8405 55.076 1.6528 -0.8138 55.0498 1.5283 -0.7982 55.015 1.5214 -0.8895 55.0996 1.4211 -0.8865 55.1016 1.4182 -0.883 55.0774 1.4835 -0.9005 55.0265 1.5134 -0.9413 55.0722 1.4395 -0.9254 55.0608 1.4923 -0.8985 55.0486 1.6639 -0.8251 55.0822 1.5833 -1.0287 55.1224 1.4916 -0.8237 55.0913 1.6232 -1.0251 55.1208 1.5407 -0.8719 55.0544 1.5954 -0.8252 55.0783 1.5259 -1.07 55.0006 1.4203 -1.0551 55.112 1.4795 -1.0761 55.0717 1.4553 -1.1171 54.9974 1.4493 -1.1046 55.0693 1.5231 -1.0643 55.1079 1.538 -1.0616 55.1089 1.4978 -0.8458 54.911 1.4119 -0.8383 54.9497 1.6411 -0.8624 55.0606 1.6701 -0.9243 54.9536 1.6584 -1.0904 54.9808 1.6643 -0.8365 54.8886 1.5789 -0.8695 55.0651 1.616 -0.8018 54.9372 1.5252 -0.8039 54.9858 1.4989 -0.7879 54.9791 1.5377 -1.015 55.1165 1.4881 -0.9059 55.0198 1.5573 -0.9118 55.0143 1.5521 -0.9142 55.0278 1.589 -0.8873 55.0946 1.4065 -0.8257 55.0989 1.4882 -0.8182 55.1009 1.4899 -0.8278 55.0794 1.5752 -0.8535 55.1041 1.4098 -0.8574 55.1108 1.4137 -0.9472 55.0653 1.3971 -0.8255 55.0764 1.5368 -0.8312 55.0266 1.6734 -0.9721 55.1228 1.4302 -0.9108 55.0477 1.6572 -1.0799 55.0361 1.4394 -1.0986 55.0327 1.5946 -1.0915 54.892 1.6207 -1.007 55.0983 1.7067 -0.8338 54.8975 1.4437 -0.8499 54.902 1.4119 -0.8995 54.9227 1.3838 -0.9428 54.9172 1.3808 -0.9427 54.9268 1.3793 -0.9009 54.9131 1.3855 -1.112 54.9445 1.441 -1.0681 54.9429 1.41 -1.1287 54.9068 1.5551 -1.1277 54.9049 1.5327 -1.1254 54.8981 1.5514 -1.1306 54.9141 1.5356 -1.09 54.8834 1.6157 -1.0556 54.8748 1.628 -0.9071 54.8721 1.6 -0.9426 54.8761 1.6172 -0.9444 54.8683 1.6111 -0.9059 54.8796 1.6066 -0.8182 54.8909 1.5132 -0.8211 54.8847 1.5502 -0.8139 54.8995 1.5155 -1.1345 54.9523 1.5749 -0.9578 54.9552 1.6659 -0.9661 54.9154 1.6482 -1.0103 55.1047 1.6247 -1.0094 55.1095 1.6476 -1.0465 55.0723 1.7006 -1.0133 55.1026 1.6899 -1.0605 55.0816 1.6723 -1.0124 55.0976 1.5893 -1.0016 55.0928 1.4765 -1.0175 55.1158 1.4813 -0.9684 55.0761 1.483 -1.0224 55.1208 1.4821 -0.9359 55.0892 1.403 -0.9142 55.03 1.5061 -0.8429 54.9575 1.3994 -0.8493 55.0103 1.3855 -0.8584 54.959 1.3869 -1.0112 55.0999 1.6018 -0.9461 55.0744 1.7133 -0.8157 55.0869 1.6225 -0.8291 55.0735 1.5377 -0.8629 55.0464 1.5467 -0.892 55.0003 1.3805 -0.8943 54.9612 1.3813 -0.8176 55.1101 1.459 -0.8893 55.0747 1.3999 -0.8918 55.0307 1.387 -0.9371 55.0375 1.3885 -0.9837 55.0507 1.3925 -0.9874 55.0064 1.3876 -1.1362 54.967 1.522 -1.1312 54.9234 1.5116 -0.7863 55.0145 1.5512 -0.7957 55.058 1.6189 -0.7872 55.0109 1.5997 -0.86 54.8868 1.5917 -0.8428 54.916 1.616 -0.8573 55.025 1.6821 -0.8936 55.0505 1.674 -1.1356 54.9562 1.5487 -0.9006 55.0245 1.6882 -1.0437 55.0116 1.7019 -1.0167 55.053 1.7158 -0.9999 54.9594 1.6786 -0.9925 54.9951 1.6977 -0.9448 54.9912 1.684 -0.8651 54.9771 1.6676 -0.9084 54.9889 1.6761 -0.8242 54.9005 1.474 -0.9842 54.9768 1.3884 -0.9431 54.9573 1.3811 -0.9834 54.9361 1.3858 -0.9433 54.9946 1.381 -0.8457 55.0523 1.3919 -0.9072 55.0324 1.5902 -0.8997 55.0486 1.6748 -1.0033 55.1041 1.6927 -0.8563 54.9126 1.397 -0.8715 54.9154 1.3876 -0.9187 55.0308 1.5119 -1.1238 54.9066 1.5753 -0.8285 54.8917 1.4724 -0.8618 54.8794 1.5849 -1.0121 54.8775 1.6274 -1.1203 54.8977 1.5719 -1.1207 54.9353 1.4711 -0.9854 54.9269 1.3879 -0.8603 54.9037 1.3976 -0.8747 54.9062 1.3891 -1.0287 54.9385 1.3968 -1.1279 54.9149 1.5075 -1.1053 54.8904 1.5939 -0.9773 54.881 1.628 -0.9791 54.8732 1.6221 -0.8404 54.8814 1.5732 -1.0289 55.1195 1.4801 -0.7884 54.9708 1.587 -0.9647 55.0395 1.7166'/>
          </IndexedFaceSet>
        </Shape>
        <Shape DEF='rprem1lc'>
          <Appearance>
            <Material ambientIntensity='0.4' diffuseColor='1 0.9843 0.9843' emissiveColor='1 0 0' shininess='0.05'/>
          </Appearance>
          <IndexedFaceSet DEF='rprem1lc_Geo' coordIndex='0 1 2 -1 3 4 5 -1 6 7 8 -1 9 10 11 -1 9 12 10 -1 13 14 15 -1 16 17 14 -1 18 19 20 -1 21 18 22 -1 23 24 25 -1 26 23 27 -1 28 29 30 -1 31 32 33 -1 34 35 36 -1 37 38 39 -1 40 19 18 -1 41 42 43 -1 44 45 38 -1 46 47 48 -1 49 50 51 -1 52 53 54 -1 55 56 54 -1 57 58 59 -1 30 33 60 -1 61 62 63 -1 64 65 66 -1 67 68 69 -1 70 71 72 -1 72 73 74 -1 74 75 76 -1 75 77 78 -1 79 65 64 -1 80 75 81 -1 82 83 84 -1 85 86 87 -1 88 89 90 -1 88 90 91 -1 92 93 94 -1 89 95 96 -1 97 13 15 -1 95 98 99 -1 100 101 102 -1 103 104 101 -1 105 106 107 -1 108 109 107 -1 110 111 112 -1 113 114 115 -1 116 117 118 -1 119 120 17 -1 17 16 121 -1 105 122 123 -1 53 124 45 -1 125 71 126 -1 57 126 58 -1 127 128 42 -1 129 68 55 -1 69 33 32 -1 130 131 132 -1 132 133 130 -1 134 135 136 -1 137 135 138 -1 66 139 128 -1 94 140 141 -1 142 92 143 -1 144 145 146 -1 147 115 114 -1 61 105 109 -1 148 93 92 -1 149 150 151 -1 11 152 91 -1 153 154 89 -1 145 155 156 -1 117 87 144 -1 80 77 75 -1 80 157 40 -1 23 26 158 -1 120 130 159 -1 64 143 141 -1 140 160 79 -1 160 140 132 -1 131 76 78 -1 123 161 162 -1 122 163 161 -1 122 164 165 -1 166 167 67 -1 166 168 169 -1 170 146 142 -1 34 171 172 -1 26 27 34 -1 173 174 175 -1 53 176 54 -1 124 50 49 -1 47 177 48 -1 139 178 179 -1 180 181 182 -1 183 182 181 -1 57 59 36 -1 157 30 184 -1 184 60 129 -1 55 176 19 -1 49 128 179 -1 185 59 58 -1 29 28 25 -1 27 25 28 -1 29 33 30 -1 136 77 21 -1 77 136 78 -1 13 16 14 -1 186 187 12 -1 7 188 8 -1 83 189 190 -1 4 3 0 -1 153 191 192 -1 192 193 153 -1 0 2 4 -1 190 194 83 -1 195 196 197 -1 9 90 12 -1 22 136 21 -1 172 157 81 -1 25 31 29 -1 34 36 26 -1 128 139 179 -1 19 129 55 -1 184 129 19 -1 157 184 40 -1 36 35 57 -1 198 183 181 -1 182 63 180 -1 199 41 43 -1 138 134 38 -1 39 124 49 -1 200 128 49 -1 185 158 59 -1 172 201 34 -1 62 180 63 -1 142 64 170 -1 169 167 166 -1 166 67 147 -1 163 122 165 -1 122 161 123 -1 123 162 202 -1 131 78 132 -1 132 78 160 -1 140 79 141 -1 141 79 64 -1 159 152 120 -1 125 35 174 -1 80 81 157 -1 80 21 77 -1 117 144 118 -1 156 203 145 -1 153 89 88 -1 91 9 11 -1 151 204 149 -1 100 15 187 -1 205 108 206 -1 61 109 62 -1 105 107 109 -1 97 207 121 -1 114 166 147 -1 146 208 144 -1 142 203 92 -1 128 127 66 -1 138 37 137 -1 37 209 137 -1 134 138 135 -1 69 60 33 -1 68 46 55 -1 23 210 24 -1 57 125 126 -1 209 37 211 -1 209 211 212 -1 106 105 123 -1 121 119 17 -1 116 118 114 -1 113 116 114 -1 110 213 111 -1 107 206 108 -1 106 104 107 -1 101 99 103 -1 100 102 97 -1 95 99 96 -1 100 97 15 -1 90 9 91 -1 85 87 117 -1 82 84 214 -1 125 57 35 -1 142 143 64 -1 79 137 65 -1 78 76 75 -1 74 73 75 -1 72 71 73 -1 70 126 71 -1 67 69 215 -1 46 68 67 -1 66 170 64 -1 60 184 30 -1 201 35 34 -1 81 173 175 -1 54 176 55 -1 51 200 49 -1 211 39 49 -1 37 138 38 -1 178 212 179 -1 182 61 63 -1 182 164 61 -1 40 184 19 -1 37 39 211 -1 29 31 33 -1 34 27 171 -1 23 25 27 -1 18 20 22 -1 44 38 134 -1 90 186 12 -1 14 10 15 -1 216 195 197 -1 5 217 3 -1 0 218 1 -1 154 193 219 -1 154 153 193 -1 220 221 222 -1 223 221 220 -1 194 224 225 -1 194 190 224 -1 226 227 228 -1 227 226 229 -1 43 51 199 -1 43 200 51 -1 48 55 46 -1 48 56 55 -1 20 176 53 -1 20 19 176 -1 158 36 59 -1 158 26 36 -1 182 165 164 -1 183 165 182 -1 230 41 169 -1 230 42 41 -1 230 127 42 -1 167 46 67 -1 167 47 46 -1 198 69 32 -1 215 69 198 -1 24 161 163 -1 24 210 161 -1 231 70 162 -1 231 126 70 -1 160 137 79 -1 160 135 137 -1 88 191 153 -1 88 232 191 -1 131 120 119 -1 130 120 131 -1 233 86 84 -1 233 234 86 -1 204 235 236 -1 204 151 235 -1 234 237 238 -1 234 233 237 -1 239 149 204 -1 239 228 149 -1 232 227 191 -1 240 227 232 -1 98 221 241 -1 242 221 98 -1 243 218 244 -1 223 218 243 -1 180 245 246 -1 62 245 180 -1 62 109 245 -1 245 112 113 -1 247 112 245 -1 105 164 122 -1 105 61 164 -1 144 168 118 -1 144 208 168 -1 94 143 92 -1 94 141 143 -1 178 66 65 -1 178 139 66 -1 69 129 60 -1 69 68 129 -1 209 65 137 -1 209 178 65 -1 209 212 178 -1 246 181 180 -1 246 248 181 -1 121 13 97 -1 121 16 13 -1 133 195 216 -1 133 140 195 -1 133 132 140 -1 217 214 213 -1 217 82 214 -1 217 110 3 -1 217 213 110 -1 110 247 249 -1 110 112 247 -1 244 0 249 -1 218 0 244 -1 205 244 108 -1 205 243 244 -1 241 223 243 -1 221 223 241 -1 102 104 106 -1 102 101 104 -1 96 101 100 -1 96 99 101 -1 17 152 11 -1 120 152 17 -1 96 90 89 -1 186 90 96 -1 130 250 159 -1 133 250 130 -1 155 238 156 -1 155 234 238 -1 188 251 250 -1 7 251 188 -1 7 150 251 -1 235 156 238 -1 156 235 148 -1 93 235 151 -1 235 93 148 -1 87 234 155 -1 86 234 87 -1 214 86 85 -1 214 84 86 -1 76 119 74 -1 119 76 131 -1 207 72 121 -1 207 70 72 -1 248 198 181 -1 248 215 198 -1 208 169 168 -1 208 230 169 -1 22 45 44 -1 20 45 22 -1 45 20 53 -1 183 25 165 -1 183 31 25 -1 52 51 50 -1 52 252 51 -1 45 39 38 -1 45 124 39 -1 187 10 12 -1 187 15 10 -1 229 191 227 -1 191 229 192 -1 225 253 254 -1 225 224 253 -1 223 1 218 -1 223 220 1 -1 154 255 256 -1 219 255 154 -1 242 222 221 -1 242 257 222 -1 5 82 217 -1 82 5 258 -1 239 226 228 -1 239 259 226 -1 197 188 216 -1 8 188 197 -1 11 14 17 -1 14 11 10 -1 22 134 136 -1 22 44 134 -1 172 30 157 -1 172 171 30 -1 128 43 42 -1 43 128 200 -1 56 177 252 -1 48 177 56 -1 175 172 81 -1 175 201 172 -1 54 252 52 -1 56 252 54 -1 170 208 146 -1 170 230 208 -1 215 147 67 -1 147 215 248 -1 202 70 207 -1 202 162 70 -1 74 121 72 -1 121 74 119 -1 232 91 260 -1 88 91 232 -1 84 194 233 -1 83 194 84 -1 204 254 239 -1 254 204 236 -1 237 254 236 -1 225 254 237 -1 228 240 149 -1 228 227 240 -1 194 237 233 -1 194 225 237 -1 240 260 251 -1 240 232 260 -1 6 94 93 -1 94 6 196 -1 154 95 89 -1 95 154 256 -1 95 242 98 -1 256 242 95 -1 241 99 98 -1 241 103 99 -1 206 104 103 -1 107 104 206 -1 109 247 245 -1 108 247 109 -1 113 246 245 -1 113 115 246 -1 112 116 113 -1 112 111 116 -1 85 116 111 -1 85 117 116 -1 102 123 202 -1 102 106 123 -1 118 166 114 -1 118 168 166 -1 94 195 140 -1 94 196 195 -1 23 231 210 -1 158 231 23 -1 158 185 231 -1 252 199 51 -1 252 177 199 -1 174 71 125 -1 71 173 73 -1 174 173 71 -1 142 145 203 -1 145 142 146 -1 248 115 147 -1 246 115 248 -1 202 97 102 -1 97 202 207 -1 111 214 85 -1 213 214 111 -1 3 249 0 -1 3 110 249 -1 108 249 247 -1 244 249 108 -1 103 205 206 -1 243 103 241 -1 205 103 243 -1 100 186 96 -1 186 100 187 -1 250 216 188 -1 250 133 216 -1 251 159 250 -1 251 260 159 -1 150 93 151 -1 7 93 150 -1 6 93 7 -1 92 156 148 -1 203 156 92 -1 251 149 240 -1 149 251 150 -1 238 236 235 -1 238 237 236 -1 144 155 145 -1 87 155 144 -1 80 18 21 -1 80 40 18 -1 260 152 159 -1 91 152 260 -1 78 135 160 -1 78 136 135 -1 210 162 161 -1 210 231 162 -1 25 163 165 -1 24 163 25 -1 169 47 167 -1 169 177 47 -1 169 199 177 -1 169 41 199 -1 66 230 170 -1 66 127 230 -1 32 183 198 -1 183 32 31 -1 35 175 174 -1 175 35 201 -1 52 124 53 -1 52 50 124 -1 179 211 49 -1 211 179 212 -1 231 58 126 -1 231 185 58 -1 27 30 171 -1 27 28 30 -1 75 173 81 -1 73 173 75 -1 8 196 6 -1 8 197 196 -1 253 239 254 -1 239 253 259 -1 258 83 82 -1 83 258 189 -1 256 257 242 -1 255 257 256 -1' creaseAngle='1.571'>
            <Coordinate DEF='rprem1lc_Coord' point='-0.4666 54.7378 2.716 -0.4739 54.714 2.7466 -0.4651 54.7244 2.7109 -0.4724 54.7538 2.6842 -0.4739 54.7399 2.6777 -0.5027 54.75 2.6521 -0.7011 54.9095 2.784 -0.7026 54.8918 2.7987 -0.6988 54.913 2.7941 -0.6463 54.8318 2.8885 -0.6306 54.8842 2.8986 -0.6389 54.8856 2.8938 -0.6382 54.8251 2.8915 -0.6155 54.9317 2.9053 -0.6222 54.9368 2.8988 -0.6225 54.8829 2.9038 -0.6177 54.9416 2.8963 -0.6294 54.9416 2.8929 -0.5598 54.9485 2.7903 -0.5482 54.9444 2.7852 -0.56 54.9482 2.7811 -0.5921 54.9703 2.8085 -0.5981 54.9686 2.7954 -0.5342 54.911 2.8521 -0.5166 54.9222 2.8479 -0.515 54.92 2.8181 -0.5441 54.9064 2.8377 -0.5429 54.9078 2.8274 -0.5413 54.91 2.8192 -0.5397 54.9126 2.8118 -0.5493 54.9127 2.8113 -0.517 54.919 2.8043 -0.5209 54.9271 2.7997 -0.542 54.9187 2.8045 -0.5535 54.9035 2.8345 -0.5598 54.9127 2.8461 -0.5537 54.9086 2.8493 -0.6302 54.9603 2.7607 -0.6326 54.9555 2.7707 -0.5982 54.9198 2.7351 -0.5636 54.9428 2.8024 -0.5533 54.9612 2.6891 -0.5641 54.9552 2.6871 -0.5612 54.9472 2.6981 -0.6198 54.9651 2.7801 -0.604 54.9435 2.7567 -0.527 54.962 2.7266 -0.5284 54.9642 2.7149 -0.5358 54.9565 2.7211 -0.5914 54.9157 2.728 -0.5835 54.9183 2.7333 -0.5771 54.9253 2.7279 -0.5718 54.9222 2.7411 -0.5713 54.9306 2.7511 -0.5639 54.9248 2.7463 -0.5524 54.9331 2.7499 -0.5582 54.9312 2.7412 -0.5612 54.9276 2.88 -0.5636 54.9283 2.8982 -0.554 54.9203 2.8833 -0.545 54.9359 2.7986 -0.488 54.8936 2.8055 -0.4843 54.8793 2.7843 -0.4884 54.8937 2.7916 -0.6633 54.9599 2.7136 -0.6558 54.9551 2.7188 -0.6296 54.9512 2.6852 -0.5059 54.9642 2.7559 -0.5142 54.961 2.7608 -0.5174 54.9473 2.7856 -0.5731 54.9355 2.9241 -0.595 54.9541 2.8837 -0.6008 54.9571 2.8886 -0.6188 54.9769 2.8654 -0.6232 54.9823 2.8735 -0.6355 54.9872 2.847 -0.6412 54.9902 2.8552 -0.6397 54.9916 2.8374 -0.6564 54.9983 2.835 -0.6706 54.9782 2.7621 -0.5956 54.9626 2.8193 -0.5977 54.9552 2.8331 -0.5323 54.7612 2.6447 -0.5565 54.7604 2.6428 -0.5639 54.8014 2.6399 -0.5312 54.8579 2.6351 -0.5726 54.8529 2.6379 -0.5793 54.898 2.6418 -0.6687 54.7611 2.8867 -0.635 54.7481 2.8879 -0.6378 54.815 2.891 -0.6635 54.8459 2.8822 -0.6967 54.9371 2.7178 -0.7096 54.8965 2.7467 -0.6938 54.9498 2.7575 -0.5928 54.7266 2.8766 -0.5846 54.7984 2.9022 -0.5849 54.9081 2.935 -0.5477 54.7379 2.854 -0.5427 54.7902 2.8828 -0.5869 54.85 2.9205 -0.5308 54.833 2.8997 -0.5292 54.8818 2.9204 -0.5087 54.7916 2.8517 -0.5054 54.833 2.8666 -0.4868 54.8934 2.8496 -0.504 54.8847 2.89 -0.4803 54.8489 2.8276 -0.471 54.8203 2.7726 -0.4767 54.863 2.7765 -0.4714 54.7992 2.6857 -0.4964 54.8485 2.6549 -0.4725 54.8507 2.6944 -0.4747 54.9021 2.7125 -0.5029 54.9509 2.6937 -0.4892 54.9391 2.7326 -0.4994 54.8998 2.666 -0.5336 54.8964 2.6429 -0.5334 54.948 2.6609 -0.6304 54.9758 2.8773 -0.6474 54.9537 2.8781 -0.6086 54.9511 2.8913 -0.4994 54.9163 2.8508 -0.5095 54.9143 2.8854 -0.5874 54.9231 2.7378 -0.5841 54.9398 2.8685 -0.5721 54.9327 2.9124 -0.595 54.9426 2.6729 -0.5917 54.9234 2.7136 -0.5384 54.9477 2.7828 -0.6614 54.9694 2.8609 -0.6477 54.9842 2.8598 -0.6615 54.9948 2.839 -0.6743 54.9753 2.8397 -0.6347 54.9735 2.7865 -0.6551 54.9875 2.7901 -0.6494 54.9926 2.8143 -0.6617 54.9745 2.7634 -0.6418 54.972 2.7786 -0.6262 54.9425 2.6932 -0.6693 54.9837 2.7941 -0.6772 54.9712 2.765 -0.6695 54.955 2.7077 -0.6713 54.9544 2.7146 -0.5823 54.93 2.644 -0.6477 54.9345 2.6658 -0.6374 54.9501 2.672 -0.4977 54.9576 2.7517 -0.697 54.8981 2.7176 -0.7221 54.7869 2.8057 -0.7089 54.8574 2.8061 -0.7144 54.8442 2.7519 -0.6526 54.908 2.8834 -0.6596 54.7006 2.88 -0.6299 54.6985 2.8735 -0.634 54.8921 2.6638 -0.6727 54.9008 2.6887 -0.5551 54.9199 2.8157 -0.5448 54.9176 2.8729 -0.6766 54.9181 2.8666 -0.664 54.9916 2.7909 -0.5149 54.9226 2.8819 -0.5461 54.9318 2.9173 -0.5068 54.9237 2.8494 -0.4984 54.9109 2.8073 -0.5028 54.9208 2.8154 -0.5155 54.9641 2.7055 -0.5239 54.968 2.7115 -0.5456 54.9596 2.6769 -0.5511 54.9653 2.684 -0.6327 54.9568 2.6787 -0.5534 54.9078 2.8258 -0.5585 54.9146 2.8285 -0.6017 54.9597 2.8442 -0.5935 54.9517 2.8502 -0.592 54.9426 2.8377 -0.5603 54.9292 2.7552 -0.5376 54.9614 2.7092 -0.6321 54.9423 2.7024 -0.6245 54.9381 2.6971 -0.4895 54.9042 2.7814 -0.496 54.9194 2.7895 -0.5024 54.9117 2.7965 -0.5074 54.9193 2.802 -0.5553 54.9373 2.7981 -0.5505 54.9254 2.8948 -0.6297 54.8209 2.8932 -0.629 54.8296 2.8967 -0.6973 54.9157 2.8045 -0.557 54.7459 2.6405 -0.6004 54.7394 2.6628 -0.6877 54.7132 2.8669 -0.6868 54.6996 2.8581 -0.6602 54.6859 2.873 -0.6011 54.7537 2.6616 -0.6772 54.9704 2.7905 -0.6851 54.9595 2.779 -0.6831 54.9582 2.7893 -0.506 54.9297 2.7971 -0.5475 54.9601 2.6988 -0.5846 54.9197 2.7211 -0.5608 54.9093 2.836 -0.5454 54.9226 2.9236 -0.6801 54.9363 2.6946 -0.7119 54.792 2.7571 -0.4857 54.7849 2.8056 -0.484 54.8097 2.8145 -0.5768 54.927 2.93 -0.5944 54.9414 2.6558 -0.6216 54.9511 2.7368 -0.5243 54.922 2.8767 -0.6019 54.9272 2.7278 -0.6237 54.9419 2.7087 -0.4951 54.7974 2.6566 -0.5322 54.7986 2.6377 -0.507 54.9458 2.7846 -0.6798 54.9662 2.7991 -0.5016 54.7642 2.6551 -0.472 54.7281 2.7488 -0.6267 54.6844 2.8677 -0.4884 54.7052 2.7791 -0.5139 54.7145 2.8185 -0.5156 54.7006 2.8139 -0.4871 54.7192 2.7829 -0.6433 54.7362 2.6862 -0.646 54.7504 2.6861 -0.7145 54.7198 2.7975 -0.7096 54.7244 2.8402 -0.7189 54.7342 2.801 -0.7062 54.7103 2.8321 -0.595 54.9481 2.663 -0.5508 54.9305 2.9077 -0.6971 54.7681 2.8704 -0.606 54.8043 2.6571 -0.6164 54.8489 2.6576 -0.699 54.852 2.7217 -0.6839 54.7894 2.7174 -0.6522 54.7932 2.6852 -0.6652 54.8433 2.6878 -0.7066 54.736 2.7511 -0.7145 54.773 2.8472 -0.511 54.7464 2.8294 -0.5496 54.7182 2.8475 -0.4874 54.7601 2.7967 -0.4698 54.7728 2.7607 -0.4728 54.8827 2.7446 -0.4917 54.9259 2.7601 -0.4674 54.838 2.7324 -0.4988 54.94 2.7788 -0.4663 54.7864 2.7237 -0.6921 54.9255 2.8416 -0.7041 54.8582 2.8462 -0.5663 54.9289 2.735 -0.6703 54.7314 2.7126 -0.6739 54.7457 2.7135 -0.5906 54.6988 2.8666 -0.5921 54.7128 2.8723 -0.5509 54.7043 2.8424 -0.5332 54.7469 2.6427 -0.7025 54.7216 2.7486 -0.6871 54.8533 2.8683'/>
          </IndexedFaceSet>
        </Shape>
        <Shape DEF='rprem2lc'>
          <Appearance>
            <Material ambientIntensity='0.4' diffuseColor='1 0.9843 0.9843' emissiveColor='1 0 0' shininess='0.05'/>
          </Appearance>
          <IndexedFaceSet DEF='rprem2lc_Geo' coordIndex='0 1 2 -1 3 4 5 -1 4 6 7 -1 8 9 10 -1 11 12 13 -1 14 15 16 -1 17 18 19 -1 20 21 22 -1 23 24 25 -1 26 27 28 -1 29 30 31 -1 32 33 34 -1 35 36 27 -1 37 38 28 -1 39 40 33 -1 41 42 40 -1 39 43 44 -1 45 46 47 -1 48 49 10 -1 50 51 52 -1 53 54 55 -1 56 57 58 -1 59 57 56 -1 60 61 62 -1 63 64 65 -1 66 67 68 -1 69 70 20 -1 71 72 73 -1 74 75 52 -1 76 77 78 -1 38 37 79 -1 80 81 82 -1 83 84 85 -1 86 26 38 -1 87 88 89 -1 87 90 88 -1 91 92 93 -1 94 95 96 -1 60 97 80 -1 98 99 36 -1 66 100 67 -1 101 102 103 -1 65 104 105 -1 106 107 108 -1 109 68 104 -1 110 111 112 -1 113 114 39 -1 115 97 60 -1 66 116 117 -1 93 92 118 -1 80 97 91 -1 119 93 90 -1 82 119 120 -1 53 121 74 -1 122 123 124 -1 124 123 125 -1 126 74 78 -1 127 128 30 -1 30 129 130 -1 69 15 131 -1 107 106 132 -1 65 64 109 -1 133 134 135 -1 136 68 67 -1 16 137 138 -1 139 16 138 -1 58 55 54 -1 50 129 140 -1 99 37 28 -1 35 27 141 -1 142 143 144 -1 33 145 34 -1 30 128 31 -1 27 36 28 -1 146 147 148 -1 25 147 149 -1 46 150 114 -1 151 152 153 -1 72 102 101 -1 73 72 154 -1 131 15 14 -1 155 103 16 -1 102 72 71 -1 142 144 23 -1 130 156 157 -1 73 158 159 -1 160 159 161 -1 8 10 11 -1 162 163 164 -1 46 164 47 -1 165 4 7 -1 137 166 22 -1 22 167 137 -1 7 6 168 -1 165 7 169 -1 46 162 164 -1 8 11 13 -1 12 170 13 -1 159 171 161 -1 157 127 130 -1 172 156 130 -1 144 24 23 -1 71 103 102 -1 173 167 21 -1 14 18 131 -1 73 154 158 -1 72 101 154 -1 152 123 153 -1 25 24 147 -1 36 99 28 -1 174 175 176 -1 177 112 144 -1 141 178 35 -1 26 179 27 -1 180 172 50 -1 50 140 181 -1 58 182 55 -1 61 183 103 -1 139 155 16 -1 136 67 138 -1 135 184 133 -1 107 132 63 -1 130 127 30 -1 113 32 142 -1 74 121 78 -1 124 125 185 -1 122 153 123 -1 74 51 53 -1 119 186 120 -1 90 87 119 -1 81 80 91 -1 118 90 93 -1 117 187 66 -1 115 60 62 -1 101 183 188 -1 110 112 177 -1 145 189 190 -1 69 166 15 -1 104 65 109 -1 106 108 191 -1 65 105 192 -1 103 183 101 -1 66 187 100 -1 80 193 60 -1 94 96 194 -1 98 188 79 -1 38 56 86 -1 83 85 195 -1 12 11 49 -1 82 196 80 -1 38 79 56 -1 76 78 121 -1 74 52 51 -1 73 19 71 -1 69 131 70 -1 68 109 66 -1 65 107 63 -1 134 133 197 -1 197 198 134 -1 60 199 61 -1 79 59 56 -1 56 58 86 -1 53 181 54 -1 52 180 50 -1 49 11 10 -1 47 170 45 -1 39 44 40 -1 40 44 41 -1 200 201 202 -1 179 141 27 -1 189 174 176 -1 26 28 38 -1 169 7 168 -1 101 203 154 -1 167 22 21 -1 20 111 21 -1 162 204 163 -1 176 110 177 -1 205 73 159 -1 8 206 9 -1 165 5 4 -1 4 3 6 -1 81 91 93 -1 207 146 148 -1 2 208 0 -1 209 89 88 -1 210 211 212 -1 210 213 211 -1 214 215 216 -1 217 215 214 -1 184 218 133 -1 219 218 184 -1 220 209 221 -1 220 222 209 -1 223 224 225 -1 226 224 223 -1 227 225 228 -1 223 225 227 -1 229 167 173 -1 137 167 229 -1 200 230 105 -1 41 230 200 -1 168 148 147 -1 148 168 6 -1 17 73 205 -1 17 19 73 -1 157 161 127 -1 161 157 160 -1 231 204 232 -1 231 163 204 -1 144 70 24 -1 70 144 112 -1 158 203 233 -1 158 154 203 -1 234 151 153 -1 235 151 234 -1 236 46 45 -1 236 150 46 -1 237 148 238 -1 237 207 148 -1 31 179 29 -1 31 141 179 -1 131 24 70 -1 24 131 147 -1 239 159 160 -1 159 239 205 -1 43 114 150 -1 114 43 39 -1 51 181 53 -1 51 50 181 -1 59 188 199 -1 188 59 79 -1 138 100 139 -1 100 138 67 -1 201 229 202 -1 201 136 229 -1 208 135 240 -1 135 208 184 -1 106 227 132 -1 106 241 227 -1 242 243 244 -1 243 242 245 -1 231 149 246 -1 231 25 149 -1 76 120 77 -1 120 76 247 -1 248 185 249 -1 248 124 185 -1 249 12 49 -1 249 185 12 -1 122 195 250 -1 195 122 83 -1 251 214 85 -1 252 214 251 -1 179 86 253 -1 179 26 86 -1 254 255 256 -1 257 255 254 -1 119 258 186 -1 87 258 119 -1 55 247 76 -1 247 55 182 -1 98 37 99 -1 37 98 79 -1 91 94 92 -1 94 91 259 -1 260 261 262 -1 260 263 261 -1 246 163 231 -1 163 246 164 -1 110 175 173 -1 176 175 110 -1 264 265 266 -1 264 230 265 -1 192 267 108 -1 267 192 264 -1 244 268 267 -1 268 244 243 -1 241 191 198 -1 191 241 106 -1 268 198 191 -1 268 134 198 -1 152 245 242 -1 245 152 151 -1 63 269 270 -1 269 63 132 -1 266 267 264 -1 266 244 267 -1 105 264 192 -1 264 105 230 -1 115 100 187 -1 115 62 100 -1 203 188 98 -1 188 203 101 -1 263 225 261 -1 263 228 225 -1 117 94 259 -1 117 95 94 -1 194 92 94 -1 194 118 92 -1 118 260 271 -1 118 194 260 -1 78 272 126 -1 256 272 78 -1 186 257 254 -1 186 258 257 -1 251 256 255 -1 272 256 251 -1 85 272 251 -1 85 84 272 -1 84 248 273 -1 248 84 83 -1 274 195 216 -1 274 250 195 -1 125 12 185 -1 170 125 45 -1 170 12 125 -1 273 249 75 -1 273 248 249 -1 196 193 80 -1 196 275 193 -1 128 161 178 -1 127 161 128 -1 276 244 266 -1 244 276 242 -1 77 256 78 -1 77 254 256 -1 201 105 104 -1 200 105 201 -1 61 155 139 -1 61 103 155 -1 193 199 60 -1 199 193 59 -1 58 275 182 -1 57 275 58 -1 50 130 129 -1 172 130 50 -1 48 172 180 -1 156 48 277 -1 48 156 172 -1 47 206 8 -1 206 47 164 -1 44 278 265 -1 43 278 44 -1 174 40 42 -1 33 40 174 -1 177 189 176 -1 177 190 189 -1 237 164 246 -1 206 164 237 -1 149 146 207 -1 146 149 147 -1 45 279 236 -1 279 45 125 -1 202 173 175 -1 202 229 173 -1 112 20 70 -1 112 111 20 -1 25 232 23 -1 25 231 232 -1 9 5 277 -1 9 3 5 -1 9 238 3 -1 41 202 42 -1 41 200 202 -1 241 223 227 -1 280 223 241 -1 224 261 225 -1 224 281 261 -1 280 226 223 -1 282 226 280 -1 2 184 208 -1 2 219 184 -1 216 283 274 -1 216 215 283 -1 284 212 211 -1 285 212 284 -1 89 213 210 -1 89 286 213 -1 252 217 214 -1 252 287 217 -1 0 288 1 -1 0 289 288 -1 197 282 280 -1 290 282 197 -1 291 221 262 -1 291 220 221 -1 209 286 89 -1 222 286 209 -1 131 168 147 -1 131 18 168 -1 6 238 148 -1 238 6 3 -1 103 14 16 -1 103 71 14 -1 21 110 173 -1 111 110 21 -1 289 235 234 -1 0 235 289 -1 204 46 114 -1 204 162 46 -1 23 113 142 -1 113 23 232 -1 207 246 149 -1 237 246 207 -1 178 31 128 -1 31 178 141 -1 143 32 34 -1 32 143 142 -1 171 178 161 -1 35 178 171 -1 189 33 174 -1 33 189 145 -1 230 44 265 -1 44 230 41 -1 278 150 236 -1 150 278 43 -1 10 277 48 -1 277 10 9 -1 140 54 181 -1 140 253 54 -1 275 59 193 -1 59 275 57 -1 199 183 61 -1 199 188 183 -1 68 201 104 -1 201 68 136 -1 0 240 235 -1 240 0 208 -1 20 166 69 -1 166 20 22 -1 292 160 157 -1 292 239 160 -1 121 55 76 -1 121 53 55 -1 240 243 245 -1 135 243 240 -1 175 42 202 -1 175 174 42 -1 247 82 120 -1 82 247 196 -1 271 90 118 -1 88 90 271 -1 250 153 122 -1 250 234 153 -1 122 248 83 -1 122 124 248 -1 214 195 85 -1 195 214 216 -1 30 140 129 -1 30 29 140 -1 285 257 212 -1 285 255 257 -1 210 87 89 -1 210 258 87 -1 182 196 247 -1 196 182 275 -1 270 96 95 -1 96 270 269 -1 91 115 259 -1 91 97 115 -1 96 260 194 -1 96 263 260 -1 5 292 277 -1 165 292 5 -1 236 276 278 -1 279 276 236 -1 65 108 107 -1 108 65 192 -1 191 267 268 -1 191 108 267 -1 245 235 240 -1 151 235 245 -1 132 228 269 -1 132 227 228 -1 243 134 268 -1 243 135 134 -1 64 270 116 -1 270 64 63 -1 242 279 152 -1 279 242 276 -1 109 116 66 -1 64 116 109 -1 233 98 36 -1 98 233 203 -1 157 277 292 -1 157 156 277 -1 95 116 270 -1 95 117 116 -1 259 187 117 -1 115 187 259 -1 262 271 260 -1 221 271 262 -1 96 228 263 -1 228 96 269 -1 93 82 81 -1 82 93 119 -1 186 77 120 -1 186 254 77 -1 212 258 210 -1 212 257 258 -1 252 255 285 -1 251 255 252 -1 126 84 273 -1 272 84 126 -1 49 75 249 -1 75 49 52 -1 221 88 271 -1 209 88 221 -1 74 273 75 -1 126 273 74 -1 253 29 179 -1 253 140 29 -1 266 278 276 -1 266 265 278 -1 239 165 169 -1 239 292 165 -1 274 234 250 -1 274 289 234 -1 229 138 137 -1 229 136 138 -1 62 139 100 -1 62 61 139 -1 253 58 54 -1 86 58 253 -1 49 180 52 -1 49 48 180 -1 32 39 33 -1 32 113 39 -1 143 177 144 -1 143 190 177 -1 36 171 233 -1 36 35 171 -1 18 205 168 -1 18 17 205 -1 34 190 143 -1 34 145 190 -1 238 206 237 -1 238 9 206 -1 232 114 113 -1 114 232 204 -1 125 152 279 -1 152 125 123 -1 15 137 16 -1 137 15 166 -1 14 19 18 -1 71 19 14 -1 233 159 158 -1 159 233 171 -1 8 170 47 -1 8 13 170 -1 205 169 168 -1 205 239 169 -1 280 198 197 -1 280 241 198 -1 281 262 261 -1 281 291 262 -1 290 133 218 -1 290 197 133 -1 289 283 288 -1 283 289 274 -1 287 285 284 -1 287 252 285 -1' creaseAngle='1.571'>
            <Coordinate DEF='rprem2lc_Coord' point='-0.6306 54.7973 2.4067 -0.631 54.7826 2.4058 -0.6583 54.7816 2.4094 -0.6314 54.9637 2.5188 -0.6306 54.9681 2.5285 -0.6209 54.9792 2.5271 -0.6551 54.9481 2.5341 -0.654 54.9494 2.541 -0.6074 54.9601 2.477 -0.6151 54.9618 2.4907 -0.6061 54.9643 2.4856 -0.6015 54.9566 2.4795 -0.5989 54.9432 2.4663 -0.6041 54.9545 2.4706 -0.7195 54.998 2.5546 -0.7387 54.9865 2.5372 -0.7526 55.0101 2.5443 -0.6682 54.9545 2.5561 -0.6717 54.9499 2.5417 -0.6726 54.9567 2.5572 -0.7382 54.9676 2.512 -0.7544 54.973 2.5078 -0.7567 54.9801 2.5155 -0.6804 54.9397 2.4954 -0.6804 54.9317 2.5075 -0.6721 54.9401 2.5002 -0.647 54.9418 2.6273 -0.6458 54.9391 2.6102 -0.6769 54.9426 2.6334 -0.6176 54.9663 2.6001 -0.6116 54.9756 2.5906 -0.6189 54.9639 2.5971 -0.7044 54.9569 2.4543 -0.7173 54.9627 2.4453 -0.715 54.9585 2.452 -0.6469 54.9374 2.5993 -0.6526 54.9421 2.6069 -0.6871 54.9563 2.6363 -0.6769 54.9449 2.6396 -0.6887 54.9699 2.4324 -0.7224 54.9687 2.4303 -0.7552 54.981 2.4393 -0.7526 54.9763 2.4473 -0.6881 54.975 2.4242 -0.7217 54.9686 2.4232 -0.6207 54.9649 2.4428 -0.6286 54.9726 2.4512 -0.6126 54.9627 2.4676 -0.6059 54.9922 2.5265 -0.5956 54.984 2.5187 -0.6006 54.9905 2.5908 -0.5926 54.984 2.5891 -0.588 54.9949 2.5659 -0.6055 54.9683 2.6116 -0.6293 54.9636 2.6353 -0.6252 54.9549 2.635 -0.6743 54.9641 2.6558 -0.6708 54.9703 2.6628 -0.6508 54.9557 2.6552 -0.6994 54.986 2.6617 -0.734 55.0046 2.6434 -0.7495 55.0244 2.6074 -0.7573 55.0217 2.6115 -0.8345 54.8864 2.504 -0.8272 54.9521 2.4992 -0.8191 54.9484 2.4622 -0.8112 54.993 2.5349 -0.7857 54.9958 2.5266 -0.7896 54.9863 2.4919 -0.7325 54.971 2.5223 -0.6918 54.9376 2.5102 -0.718 55.0018 2.5676 -0.7175 54.9976 2.5814 -0.6718 54.9595 2.5721 -0.58 54.958 2.5951 -0.5736 54.9632 2.557 -0.6139 54.928 2.6354 -0.6095 54.9 2.6356 -0.5882 54.9094 2.6184 -0.693 54.9775 2.6557 -0.7213 54.9755 2.6826 -0.7346 54.9526 2.6851 -0.6835 54.9288 2.6855 -0.5703 54.863 2.4606 -0.5601 54.8703 2.5129 -0.5635 54.8301 2.4977 -0.6523 54.9514 2.6484 -0.6974 54.81 2.6599 -0.7491 54.7629 2.648 -0.7051 54.762 2.6422 -0.7498 54.8206 2.662 -0.763 54.979 2.6629 -0.7775 54.9126 2.6654 -0.743 54.8858 2.6798 -0.8038 54.9316 2.6447 -0.8224 54.9273 2.6051 -0.828 54.8451 2.5988 -0.752 54.9923 2.6544 -0.7015 54.9817 2.6151 -0.6872 54.9545 2.6258 -0.7742 55.0202 2.5616 -0.7253 55.0083 2.5914 -0.7277 55.0053 2.5813 -0.7489 55.0154 2.5601 -0.7923 54.9802 2.4653 -0.7816 54.9773 2.4442 -0.8105 54.8284 2.4825 -0.8213 54.8828 2.4769 -0.7932 54.8834 2.4402 -0.8167 54.9694 2.4952 -0.7377 54.9618 2.4956 -0.7352 54.9593 2.5059 -0.7029 54.9367 2.5041 -0.6768 54.9526 2.4603 -0.6576 54.9692 2.4335 -0.7738 55.014 2.6231 -0.8265 54.9576 2.5428 -0.8129 54.9817 2.5988 -0.7802 54.8487 2.6588 -0.7007 54.8619 2.6819 -0.652 54.9054 2.6709 -0.5973 54.943 2.6156 -0.5891 54.8678 2.4342 -0.6096 54.9114 2.4212 -0.5894 54.913 2.4457 -0.6159 54.9446 2.4262 -0.5673 54.9202 2.5871 -0.6297 54.977 2.5814 -0.6232 54.9692 2.5908 -0.6058 54.9865 2.5871 -0.6057 54.9919 2.5687 -0.6695 54.9392 2.5227 -0.8276 54.8288 2.5061 -0.7142 54.7884 2.4312 -0.721 54.8104 2.4293 -0.691 54.814 2.4171 -0.7816 54.9907 2.4896 -0.7665 54.992 2.5216 -0.7756 54.9981 2.5225 -0.7636 55.0225 2.5563 -0.6169 54.973 2.6062 -0.6366 54.9402 2.6039 -0.6923 54.9351 2.4896 -0.7028 54.936 2.4877 -0.7002 54.9312 2.4955 -0.7227 54.959 2.4586 -0.6551 54.9353 2.5152 -0.6606 54.9322 2.5196 -0.6536 54.9421 2.5227 -0.6611 54.9365 2.5078 -0.6533 54.974 2.4252 -0.6348 54.8639 2.4054 -0.6346 54.9083 2.4005 -0.6123 54.8665 2.4165 -0.7128 54.9904 2.5896 -0.7565 55.0183 2.5549 -0.6075 54.9928 2.5597 -0.6327 54.9795 2.5733 -0.671 54.9599 2.5794 -0.6641 54.9538 2.5745 -0.6571 54.9605 2.5686 -0.6543 54.9583 2.5773 -0.6325 54.9725 2.4536 -0.6382 54.9692 2.4617 -0.6215 54.9579 2.4749 -0.6351 54.9735 2.5379 -0.7547 54.9839 2.5225 -0.7621 54.9835 2.5103 -0.663 54.9429 2.5391 -0.6566 54.9541 2.5455 -0.608 54.9569 2.4641 -0.6587 54.9487 2.5822 -0.6038 54.9953 2.5641 -0.7603 54.9784 2.4984 -0.7449 54.9646 2.4675 -0.7496 54.9644 2.4724 -0.7419 54.9601 2.4754 -0.7095 54.9379 2.4923 -0.6415 54.9454 2.5972 -0.6391 54.9407 2.6138 -0.5984 54.9987 2.5634 -0.6132 54.9774 2.6124 -0.6494 54.9491 2.6605 -0.7434 55.0191 2.6023 -0.6874 54.7911 2.415 -0.5952 54.9332 2.4602 -0.6499 54.8625 2.6578 -0.7942 55.0106 2.5786 -0.7227 55.0004 2.6281 -0.7339 54.9596 2.4684 -0.7095 54.9405 2.4848 -0.7836 54.833 2.4606 -0.7924 54.9468 2.4328 -0.7045 54.9829 2.6707 -0.8038 54.8556 2.6374 -0.5772 54.8274 2.4536 -0.6761 54.9533 2.6775 -0.7546 54.7798 2.4664 -0.7681 54.8029 2.4641 -0.7266 55.0052 2.6362 -0.7751 54.9829 2.4495 -0.7832 54.9858 2.4664 -0.7738 54.978 2.4629 -0.7106 54.9931 2.6 -0.6443 54.9712 2.4547 -0.6653 54.9537 2.5585 -0.6168 54.9552 2.4837 -0.6523 54.9369 2.5129 -0.6595 54.7962 2.4079 -0.7476 54.7514 2.6426 -0.6653 54.7751 2.6216 -0.6237 54.7665 2.5819 -0.6209 54.7801 2.5875 -0.6666 54.7618 2.6146 -0.5679 54.7956 2.4816 -0.5752 54.7831 2.4469 -0.5753 54.7977 2.449 -0.5692 54.781 2.4784 -0.7095 54.7745 2.4332 -0.6843 54.7768 2.4159 -0.7697 54.7367 2.6193 -0.7729 54.7497 2.6265 -0.7456 54.7399 2.6345 -0.8118 54.7728 2.5087 -0.8161 54.7585 2.5394 -0.8216 54.7723 2.5417 -0.806 54.7594 2.509 -0.8187 54.7973 2.5075 -0.827 54.798 2.5369 -0.774 54.9852 2.4883 -0.7587 54.9737 2.4329 -0.654 54.956 2.4796 -0.6617 54.9565 2.4744 -0.6649 54.954 2.5885 -0.6145 54.8258 2.4175 -0.6307 54.8239 2.4089 -0.6504 54.9682 2.4158 -0.6299 54.9483 2.4949 -0.6281 54.9551 2.5021 -0.6581 54.9602 2.557 -0.661 54.8204 2.4097 -0.8005 54.7992 2.4859 -0.6697 54.9064 2.3992 -0.6972 54.8551 2.4114 -0.7067 54.9042 2.4019 -0.6638 54.8599 2.4042 -0.636 54.9499 2.4879 -0.6486 54.9347 2.6651 -0.5745 54.911 2.4732 -0.5843 54.9493 2.4953 -0.5948 54.8276 2.4306 -0.57 54.8174 2.5337 -0.5733 54.7906 2.5233 -0.6334 54.9566 2.6264 -0.6137 54.8694 2.6289 -0.5893 54.8151 2.5718 -0.5863 54.8717 2.6041 -0.6155 54.8127 2.5989 -0.6607 54.8132 2.6362 -0.7912 54.991 2.6408 -0.7964 54.7878 2.6242 -0.8146 54.7595 2.5877 -0.7892 54.7509 2.6123 -0.8204 54.7876 2.595 -0.7627 54.9413 2.4184 -0.7225 54.961 2.4166 -0.7153 54.9418 2.4023 -0.752 54.8933 2.4154 -0.7341 54.846 2.426 -0.8343 54.8309 2.5335 -0.8373 54.8917 2.535 -0.7768 54.7783 2.6375 -0.5694 54.8682 2.5664 -0.5621 54.9246 2.541 -0.5945 54.7979 2.4278 -0.6721 54.9656 2.6697 -0.6746 54.9435 2.3982 -0.6138 54.9876 2.5296 -0.688 54.9689 2.4155 -0.643 54.9443 2.3996 -0.7928 54.7767 2.4885 -0.8096 54.7463 2.5829 -0.7875 54.7632 2.4896 -0.5941 54.7833 2.4262 -0.5936 54.7734 2.5516 -0.5914 54.7871 2.5575 -0.706 54.7487 2.6346 -0.5738 54.7768 2.5177 -0.6151 54.783 2.4133 -0.6152 54.7976 2.4143 -0.7506 54.7659 2.4685 -0.7851 54.7378 2.6062 -0.637 54.9784 2.5474'/>
          </IndexedFaceSet>
        </Shape>
        <Shape DEF='lprem1lc'>
          <Appearance>
            <Material ambientIntensity='0.4' diffuseColor='1 0.9843 0.9843' emissiveColor='1 0 0' shininess='0.05'/>
          </Appearance>
          <IndexedFaceSet DEF='lprem1lc_Geo' coordIndex='0 1 2 -1 3 4 5 -1 6 7 8 -1 9 10 11 -1 12 13 14 -1 15 16 17 -1 18 19 20 -1 21 22 23 -1 24 25 26 -1 27 28 29 -1 30 31 32 -1 32 33 34 -1 35 34 36 -1 37 38 39 -1 40 41 42 -1 41 40 43 -1 44 45 46 -1 47 48 49 -1 50 51 52 -1 50 29 53 -1 38 54 55 -1 26 56 20 -1 57 43 58 -1 59 60 61 -1 61 62 59 -1 63 64 65 -1 66 64 63 -1 67 68 69 -1 70 71 72 -1 73 74 75 -1 76 77 78 -1 79 80 77 -1 80 79 81 -1 82 83 84 -1 85 37 86 -1 87 15 88 -1 89 90 91 -1 2 92 93 -1 94 14 95 -1 96 97 98 -1 99 100 101 -1 102 103 104 -1 105 106 107 -1 105 108 106 -1 109 110 111 -1 112 113 114 -1 63 115 89 -1 81 116 61 -1 28 117 118 -1 48 16 119 -1 120 121 122 -1 31 123 124 -1 125 29 118 -1 86 126 127 -1 128 52 129 -1 81 79 130 -1 70 68 103 -1 111 71 131 -1 71 132 131 -1 133 110 134 -1 133 135 110 -1 112 89 136 -1 112 136 137 -1 138 139 105 -1 140 141 142 -1 140 143 103 -1 144 145 146 -1 132 144 101 -1 100 131 101 -1 147 148 93 -1 130 149 116 -1 93 95 14 -1 93 92 95 -1 150 151 152 -1 108 153 7 -1 154 155 88 -1 154 35 155 -1 37 39 86 -1 60 81 61 -1 77 16 78 -1 78 15 73 -1 73 87 156 -1 157 158 159 -1 157 126 158 -1 120 124 66 -1 160 64 66 -1 66 124 123 -1 122 36 34 -1 26 37 56 -1 161 162 18 -1 163 31 30 -1 53 164 51 -1 50 165 166 -1 47 49 167 -1 27 168 169 -1 57 104 170 -1 171 34 35 -1 166 47 167 -1 25 37 26 -1 122 172 23 -1 36 23 22 -1 173 171 154 -1 174 134 110 -1 100 175 174 -1 94 12 14 -1 94 175 12 -1 176 177 178 -1 179 180 5 -1 5 4 179 -1 9 11 181 -1 100 174 109 -1 12 182 13 -1 48 47 183 -1 21 184 185 -1 186 187 26 -1 122 121 172 -1 166 165 47 -1 154 171 35 -1 57 170 41 -1 44 125 45 -1 47 128 183 -1 188 160 123 -1 50 53 51 -1 163 129 189 -1 163 190 31 -1 38 191 39 -1 122 34 33 -1 57 58 104 -1 123 160 66 -1 192 120 66 -1 156 126 157 -1 156 127 126 -1 87 127 156 -1 15 87 73 -1 77 119 16 -1 18 87 155 -1 108 7 106 -1 150 96 151 -1 14 13 93 -1 100 109 131 -1 131 132 101 -1 144 193 145 -1 140 193 143 -1 140 102 141 -1 43 102 58 -1 138 105 194 -1 113 112 137 -1 89 91 136 -1 134 84 133 -1 70 103 143 -1 81 130 116 -1 168 166 195 -1 166 167 195 -1 126 86 39 -1 184 196 185 -1 31 124 32 -1 122 33 120 -1 119 49 48 -1 119 197 49 -1 118 29 28 -1 130 79 76 -1 116 198 61 -1 63 89 112 -1 114 63 112 -1 111 131 109 -1 110 135 111 -1 58 102 104 -1 102 140 103 -1 116 149 199 -1 98 151 96 -1 94 95 200 -1 93 201 2 -1 90 202 91 -1 87 88 155 -1 54 24 185 -1 84 200 82 -1 81 60 80 -1 79 77 76 -1 76 78 75 -1 75 78 73 -1 72 203 70 -1 67 170 68 -1 63 114 66 -1 65 115 63 -1 26 20 186 -1 26 187 24 -1 161 85 162 -1 163 30 129 -1 50 52 165 -1 188 204 160 -1 27 169 28 -1 43 57 41 -1 40 42 205 -1 37 25 38 -1 35 36 19 -1 171 32 34 -1 30 32 171 -1 29 50 27 -1 191 38 55 -1 23 172 21 -1 22 21 187 -1 36 122 23 -1 88 15 17 -1 78 16 15 -1 174 110 109 -1 12 99 182 -1 176 206 177 -1 8 207 6 -1 3 5 208 -1 2 209 0 -1 210 211 212 -1 210 213 211 -1 106 214 107 -1 215 214 106 -1 216 217 218 -1 216 219 217 -1 206 9 181 -1 9 206 176 -1 174 94 134 -1 175 94 174 -1 48 17 16 -1 48 183 17 -1 36 20 19 -1 36 186 20 -1 44 29 125 -1 53 29 44 -1 204 190 220 -1 190 204 188 -1 20 161 18 -1 20 56 161 -1 220 163 189 -1 163 220 190 -1 65 221 115 -1 65 222 221 -1 205 223 40 -1 205 192 223 -1 159 71 111 -1 159 72 71 -1 135 156 157 -1 133 156 135 -1 95 224 225 -1 224 95 92 -1 226 108 227 -1 226 153 108 -1 228 202 229 -1 202 228 226 -1 230 151 217 -1 152 151 230 -1 230 231 152 -1 231 230 232 -1 233 218 98 -1 233 234 218 -1 231 8 235 -1 231 232 8 -1 225 233 236 -1 225 224 233 -1 130 178 149 -1 10 178 130 -1 148 201 93 -1 237 201 148 -1 211 148 238 -1 148 211 237 -1 146 239 238 -1 146 145 239 -1 193 142 145 -1 142 193 140 -1 142 240 241 -1 142 141 240 -1 5 240 242 -1 240 5 180 -1 243 194 242 -1 243 138 194 -1 194 107 208 -1 194 105 107 -1 11 244 181 -1 76 244 11 -1 76 75 244 -1 70 132 71 -1 70 143 132 -1 221 245 90 -1 221 62 245 -1 11 130 76 -1 11 10 130 -1 167 197 195 -1 197 167 49 -1 75 83 244 -1 75 74 83 -1 32 120 33 -1 32 124 120 -1 39 158 126 -1 39 191 158 -1 117 169 246 -1 117 28 169 -1 245 61 198 -1 62 61 245 -1 113 223 114 -1 223 113 247 -1 138 248 137 -1 248 138 243 -1 248 43 247 -1 43 248 102 -1 242 141 243 -1 141 242 240 -1 241 145 142 -1 241 239 145 -1 147 238 148 -1 147 146 238 -1 234 224 1 -1 224 234 233 -1 98 217 151 -1 98 218 217 -1 231 228 249 -1 231 235 228 -1 152 249 150 -1 152 231 249 -1 226 235 153 -1 226 228 235 -1 200 225 82 -1 225 200 95 -1 197 77 80 -1 197 119 77 -1 72 196 203 -1 72 250 196 -1 69 21 67 -1 21 69 184 -1 45 222 65 -1 125 222 45 -1 125 118 222 -1 59 246 60 -1 59 117 246 -1 67 41 170 -1 41 67 42 -1 25 54 38 -1 25 24 54 -1 30 173 129 -1 30 171 173 -1 31 188 123 -1 31 190 188 -1 164 44 46 -1 164 53 44 -1 185 187 21 -1 185 24 187 -1 162 87 18 -1 87 162 127 -1 234 216 218 -1 251 216 234 -1 252 8 232 -1 252 207 8 -1 214 208 107 -1 214 3 208 -1 213 237 211 -1 237 213 253 -1 209 201 254 -1 209 2 201 -1 212 255 210 -1 255 212 256 -1 7 215 106 -1 6 215 7 -1 217 257 230 -1 219 257 217 -1 10 176 178 -1 10 9 176 -1 173 88 17 -1 173 154 88 -1 36 187 186 -1 36 22 187 -1 191 250 158 -1 191 55 250 -1 166 27 50 -1 168 27 166 -1 52 189 129 -1 52 51 189 -1 161 37 85 -1 56 37 161 -1 42 121 205 -1 172 121 42 -1 222 117 59 -1 222 118 117 -1 160 65 64 -1 204 65 160 -1 46 65 204 -1 46 45 65 -1 120 205 121 -1 205 120 192 -1 203 184 69 -1 203 196 184 -1 159 250 72 -1 159 158 250 -1 197 60 246 -1 60 197 80 -1 1 92 2 -1 1 224 92 -1 84 74 133 -1 74 84 83 -1 226 91 202 -1 91 226 227 -1 229 90 245 -1 90 229 202 -1 98 236 233 -1 97 236 98 -1 258 116 199 -1 116 258 198 -1 149 97 96 -1 149 177 97 -1 177 149 178 -1 82 236 259 -1 82 225 236 -1 181 259 206 -1 181 244 259 -1 182 101 147 -1 99 101 182 -1 212 238 239 -1 238 212 211 -1 180 241 240 -1 241 180 256 -1 242 208 5 -1 242 194 208 -1 108 139 227 -1 139 108 105 -1 170 103 68 -1 170 104 103 -1 115 90 89 -1 115 221 90 -1 162 86 127 -1 162 85 86 -1 46 220 164 -1 46 204 220 -1 250 185 196 -1 250 54 185 -1 250 55 54 -1 246 195 197 -1 169 195 246 -1 169 168 195 -1 40 247 43 -1 40 223 247 -1 136 227 139 -1 136 91 227 -1 136 138 137 -1 136 139 138 -1 247 137 248 -1 247 113 137 -1 243 102 248 -1 102 243 141 -1 256 239 241 -1 239 256 212 -1 193 132 143 -1 193 144 132 -1 144 147 101 -1 144 146 147 -1 200 134 94 -1 134 200 84 -1 13 147 93 -1 147 13 182 -1 259 83 82 -1 83 259 244 -1 249 229 258 -1 249 228 229 -1 236 206 259 -1 236 177 206 -1 236 97 177 -1 258 150 249 -1 199 150 258 -1 150 149 96 -1 199 149 150 -1 245 258 229 -1 245 198 258 -1 8 153 235 -1 153 8 7 -1 18 35 19 -1 35 18 155 -1 133 73 156 -1 74 73 133 -1 157 111 135 -1 157 159 111 -1 70 69 68 -1 70 203 69 -1 114 192 66 -1 223 192 114 -1 221 59 62 -1 221 222 59 -1 128 17 183 -1 128 173 17 -1 129 173 128 -1 21 42 67 -1 21 172 42 -1 164 189 51 -1 164 220 189 -1 165 128 47 -1 165 52 128 -1 175 99 12 -1 175 100 99 -1 1 251 234 -1 0 251 1 -1 257 232 230 -1 257 252 232 -1 179 256 180 -1 179 255 256 -1 253 201 237 -1 201 253 254 -1' creaseAngle='1.571'>
            <Coordinate DEF='lprem1lc_Coord' point='0.6868 54.6996 2.8581 0.6877 54.7132 2.8669 0.6596 54.7006 2.88 0.4739 54.7399 2.6777 0.4651 54.7244 2.7109 0.4666 54.7378 2.716 0.557 54.7459 2.6405 0.5565 54.7604 2.6428 0.6011 54.7537 2.6616 0.6831 54.9582 2.7905 0.6851 54.9595 2.7801 0.6772 54.9704 2.7919 0.6382 54.8251 2.8916 0.6378 54.815 2.8911 0.6463 54.8318 2.8887 0.6397 54.9916 2.8397 0.6494 54.9926 2.8165 0.5981 54.9686 2.7972 0.5977 54.9552 2.8348 0.5551 54.9199 2.8169 0.5585 54.9146 2.8296 0.515 54.92 2.8193 0.5413 54.91 2.8203 0.5397 54.9126 2.8129 0.5441 54.9064 2.8387 0.5537 54.9086 2.8504 0.5535 54.9035 2.8355 0.6245 54.9381 2.6978 0.6262 54.9425 2.6939 0.5917 54.9234 2.7143 0.5603 54.9292 2.7562 0.5524 54.9331 2.7509 0.5384 54.9477 2.7843 0.545 54.9359 2.8 0.5553 54.9373 2.7994 0.5636 54.9428 2.8039 0.5493 54.9127 2.8123 0.5598 54.9127 2.8472 0.554 54.9203 2.8848 0.5612 54.9276 2.8816 0.496 54.9194 2.7907 0.5024 54.9117 2.7975 0.5074 54.9193 2.8032 0.4895 54.9042 2.7823 0.5612 54.9472 2.6992 0.5533 54.9612 2.6903 0.5475 54.9601 2.7001 0.6326 54.9555 2.772 0.6347 54.9735 2.7882 0.6418 54.972 2.7802 0.5914 54.9157 2.7286 0.5835 54.9183 2.734 0.5874 54.9231 2.7386 0.5846 54.9197 2.7218 0.5448 54.9176 2.8743 0.5505 54.9254 2.8964 0.5608 54.9093 2.837 0.4884 54.8937 2.7924 0.4843 54.8793 2.7849 0.6327 54.9568 2.6795 0.6633 54.9599 2.7145 0.6695 54.955 2.7086 0.6374 54.9501 2.6727 0.5155 54.9641 2.7069 0.5239 54.968 2.713 0.5511 54.9653 2.6853 0.5059 54.9642 2.7577 0.5028 54.9208 2.8167 0.4994 54.9163 2.8522 0.5068 54.9237 2.8509 0.5095 54.9143 2.8868 0.5454 54.9226 2.9253 0.5461 54.9318 2.9191 0.6412 54.9902 2.8576 0.6477 54.9842 2.862 0.6615 54.9948 2.8413 0.6693 54.9837 2.7958 0.664 54.9916 2.7928 0.6564 54.9983 2.8373 0.6772 54.9712 2.7663 0.6706 54.9782 2.7636 0.6713 54.9544 2.7154 0.6766 54.9181 2.8675 0.6614 54.9694 2.8628 0.6474 54.9537 2.8798 0.5935 54.9517 2.852 0.5841 54.9398 2.8701 0.6355 54.9872 2.8493 0.5921 54.9703 2.8105 0.5334 54.948 2.6618 0.5823 54.93 2.6445 0.5336 54.8964 2.6431 0.6687 54.7611 2.8867 0.635 54.7481 2.8879 0.6389 54.8856 2.8945 0.6635 54.8459 2.8824 0.7144 54.8442 2.7519 0.7089 54.8574 2.8062 0.7221 54.7869 2.8057 0.629 54.8296 2.8968 0.6225 54.8829 2.9045 0.5869 54.85 2.921 0.4767 54.863 2.7769 0.4868 54.8934 2.8506 0.488 54.8936 2.8064 0.4951 54.7974 2.6566 0.5323 54.7612 2.6447 0.5016 54.7642 2.6551 0.5322 54.7986 2.6377 0.6155 54.9317 2.9068 0.6177 54.9416 2.898 0.5768 54.927 2.9317 0.5029 54.9509 2.6949 0.4892 54.9391 2.7338 0.4977 54.9576 2.7534 0.5456 54.9596 2.678 0.6967 54.9371 2.7183 0.6296 54.9512 2.686 0.595 54.9426 2.6736 0.6551 54.9875 2.7919 0.5174 54.9473 2.7872 0.5209 54.9271 2.801 0.542 54.9187 2.8056 0.527 54.962 2.7281 0.5142 54.961 2.7626 0.5641 54.9552 2.6882 0.595 54.9541 2.8856 0.6188 54.9769 2.8676 0.604 54.9435 2.7578 0.5713 54.9306 2.7521 0.6938 54.9498 2.7584 0.5849 54.9081 2.9363 0.5292 54.8818 2.9214 0.6304 54.9758 2.8796 0.6294 54.9416 2.8945 0.6086 54.9511 2.8932 0.4994 54.8998 2.6664 0.4747 54.9021 2.7131 0.4725 54.8507 2.6945 0.4964 54.8485 2.6549 0.4803 54.8489 2.828 0.471 54.8203 2.7727 0.484 54.8097 2.8146 0.504 54.8847 2.891 0.5308 54.833 2.9 0.5087 54.7916 2.8517 0.5427 54.7902 2.8828 0.5846 54.7984 2.9023 0.5928 54.7266 2.8766 0.7096 54.8965 2.747 0.699 54.852 2.7217 0.7119 54.792 2.7571 0.6839 54.7894 2.7174 0.5639 54.8014 2.6399 0.5598 54.9485 2.7918 0.5956 54.9626 2.8211 0.6232 54.9823 2.8759 0.6008 54.9571 2.8906 0.5721 54.9327 2.9141 0.5731 54.9355 2.926 0.5284 54.9642 2.7163 0.592 54.9426 2.8393 0.6017 54.9597 2.846 0.5639 54.9248 2.7472 0.5771 54.9253 2.7287 0.5982 54.9198 2.7358 0.6019 54.9272 2.7285 0.6302 54.9603 2.762 0.6237 54.9419 2.7095 0.6321 54.9423 2.7032 0.4984 54.9109 2.8084 0.5482 54.9444 2.7867 0.517 54.919 2.8055 0.56 54.9482 2.7826 0.6222 54.9368 2.9004 0.6306 54.8842 2.8993 0.6988 54.913 2.7947 0.7026 54.8918 2.799 0.7011 54.9095 2.7844 0.4739 54.714 2.7466 0.472 54.7281 2.7488 0.6798 54.9662 2.8005 0.6297 54.8209 2.8933 0.6198 54.9651 2.7816 0.5166 54.9222 2.8493 0.5342 54.911 2.8533 0.5534 54.9078 2.8268 0.5429 54.9078 2.8285 0.5358 54.9565 2.7224 0.5718 54.9222 2.7419 0.5582 54.9312 2.7422 0.5636 54.9283 2.8998 0.507 54.9458 2.7862 0.5054 54.833 2.8669 0.4714 54.7992 2.6857 0.6216 54.9511 2.7378 0.5243 54.922 2.8782 0.6617 54.9745 2.7649 0.6801 54.9363 2.6951 0.697 54.8981 2.7178 0.6526 54.908 2.8843 0.6299 54.6985 2.8735 0.5793 54.898 2.642 0.5149 54.9226 2.8835 0.5376 54.9614 2.7106 0.506 54.9297 2.7984 0.6973 54.9157 2.8051 0.6004 54.7394 2.6628 0.4724 54.7538 2.6842 0.6602 54.6859 2.873 0.5156 54.7006 2.8139 0.5496 54.7182 2.8475 0.5139 54.7145 2.8185 0.5509 54.7043 2.8424 0.5027 54.75 2.6521 0.5332 54.7469 2.6427 0.7145 54.7198 2.7975 0.7066 54.736 2.7511 0.7189 54.7342 2.801 0.7025 54.7216 2.7486 0.5663 54.9289 2.7359 0.5944 54.9414 2.6564 0.595 54.9481 2.6637 0.4988 54.94 2.7802 0.6971 54.7681 2.8704 0.6871 54.8533 2.8685 0.5726 54.8529 2.6379 0.5312 54.8579 2.6351 0.6164 54.8489 2.6576 0.634 54.8921 2.664 0.6739 54.7457 2.7135 0.6522 54.7932 2.6852 0.646 54.7504 2.6861 0.7145 54.773 2.8472 0.7096 54.7244 2.8402 0.606 54.8043 2.6571 0.7041 54.8582 2.8464 0.5921 54.7128 2.8723 0.5477 54.7379 2.854 0.511 54.7464 2.8294 0.4698 54.7728 2.7607 0.4874 54.7601 2.7967 0.4663 54.7864 2.7237 0.4674 54.838 2.7325 0.6743 54.9753 2.8415 0.6477 54.9345 2.6663 0.6558 54.9551 2.7197 0.4917 54.9259 2.7613 0.4728 54.8827 2.7451 0.6652 54.8433 2.6878 0.5508 54.9305 2.9094 0.7062 54.7103 2.8321 0.6433 54.7362 2.6862 0.5906 54.6988 2.8666 0.6267 54.6844 2.8677 0.4884 54.7052 2.7791 0.4871 54.7192 2.7829 0.6703 54.7314 2.7126 0.6727 54.9008 2.6889 0.6921 54.9255 2.8424'/>
          </IndexedFaceSet>
        </Shape>
        <Shape DEF='lprem2lc'>
          <Appearance>
            <Material ambientIntensity='0.4' diffuseColor='1 0.9843 0.9843' emissiveColor='1 0 0' shininess='0.05'/>
          </Appearance>
          <IndexedFaceSet DEF='lprem2lc_Geo' coordIndex='0 1 2 -1 3 4 5 -1 6 7 8 -1 9 10 11 -1 11 12 13 -1 14 15 16 -1 17 18 19 -1 20 21 22 -1 23 24 25 -1 26 27 28 -1 12 29 13 -1 29 20 22 -1 30 31 32 -1 33 34 35 -1 36 18 37 -1 38 39 40 -1 41 42 43 -1 19 44 45 -1 46 40 47 -1 40 48 49 -1 50 51 52 -1 53 54 55 -1 56 57 58 -1 59 60 61 -1 62 63 23 -1 63 64 65 -1 66 67 68 -1 69 70 71 -1 72 14 57 -1 73 74 75 -1 76 77 78 -1 79 31 80 -1 80 31 81 -1 82 83 77 -1 84 85 86 -1 87 88 89 -1 90 91 92 -1 93 94 95 -1 45 44 96 -1 97 98 99 -1 100 2 101 -1 102 103 104 -1 69 105 106 -1 107 71 70 -1 108 109 104 -1 103 110 111 -1 112 20 113 -1 114 115 110 -1 95 116 92 -1 88 117 90 -1 118 119 120 -1 121 122 87 -1 121 123 122 -1 87 89 85 -1 124 125 126 -1 127 128 129 -1 130 131 132 -1 86 133 92 -1 126 118 134 -1 135 48 136 -1 137 138 139 -1 140 141 76 -1 142 143 77 -1 13 22 144 -1 145 26 101 -1 65 64 110 -1 104 111 105 -1 146 67 66 -1 95 94 147 -1 126 148 118 -1 60 56 82 -1 142 83 58 -1 149 150 151 -1 152 35 153 -1 52 154 155 -1 156 157 50 -1 158 159 160 -1 161 155 154 -1 40 46 48 -1 41 43 98 -1 49 124 38 -1 162 4 3 -1 29 163 113 -1 163 29 12 -1 96 145 1 -1 144 27 164 -1 23 100 28 -1 144 164 165 -1 149 166 167 -1 5 168 169 -1 4 170 5 -1 88 90 133 -1 171 172 173 -1 174 175 176 -1 123 121 177 -1 176 178 174 -1 168 5 170 -1 4 179 170 -1 166 180 167 -1 181 131 130 -1 11 144 165 -1 11 13 144 -1 45 182 41 -1 8 183 184 -1 1 185 96 -1 185 1 186 -1 12 187 163 -1 37 18 17 -1 188 189 18 -1 188 26 189 -1 38 40 49 -1 190 191 136 -1 192 161 74 -1 40 39 47 -1 38 124 134 -1 156 50 155 -1 155 50 52 -1 152 6 35 -1 149 130 150 -1 58 55 142 -1 60 59 56 -1 126 193 148 -1 147 194 95 -1 146 66 195 -1 105 71 104 -1 110 103 65 -1 145 189 26 -1 22 21 144 -1 83 142 77 -1 76 196 140 -1 137 139 197 -1 136 198 135 -1 126 134 124 -1 92 199 86 -1 127 129 200 -1 124 49 125 -1 85 201 87 -1 95 92 91 -1 39 202 120 -1 110 64 114 -1 112 24 20 -1 110 203 111 -1 109 102 104 -1 70 204 107 -1 105 205 106 -1 102 65 103 -1 45 96 182 -1 154 33 75 -1 119 112 113 -1 95 91 93 -1 90 92 133 -1 87 122 88 -1 85 89 86 -1 82 77 141 -1 31 30 81 -1 132 79 80 -1 76 141 77 -1 57 191 72 -1 14 53 57 -1 26 100 101 -1 105 69 71 -1 103 111 104 -1 68 206 66 -1 63 65 207 -1 23 25 62 -1 63 0 23 -1 59 61 208 -1 56 198 57 -1 50 209 51 -1 156 155 161 -1 38 134 202 -1 47 210 46 -1 19 211 73 -1 192 99 161 -1 190 72 191 -1 38 202 39 -1 171 188 172 -1 36 188 18 -1 35 184 33 -1 184 183 33 -1 30 32 212 -1 29 113 20 -1 29 22 13 -1 28 100 26 -1 185 186 213 -1 20 24 21 -1 17 19 73 -1 53 16 54 -1 16 53 14 -1 9 11 214 -1 181 152 131 -1 5 169 3 -1 162 179 4 -1 0 186 1 -1 215 216 217 -1 216 215 218 -1 219 220 221 -1 219 222 220 -1 68 178 176 -1 68 223 178 -1 224 225 226 -1 225 224 227 -1 228 229 230 -1 228 231 229 -1 226 232 233 -1 232 226 225 -1 158 157 156 -1 158 160 157 -1 168 166 234 -1 170 166 168 -1 170 235 166 -1 167 130 149 -1 181 130 167 -1 236 37 17 -1 236 237 37 -1 145 44 189 -1 145 96 44 -1 213 158 42 -1 213 238 158 -1 239 153 240 -1 79 153 239 -1 75 17 73 -1 236 17 75 -1 241 173 36 -1 173 241 242 -1 190 210 72 -1 46 210 190 -1 74 211 192 -1 73 211 74 -1 210 10 9 -1 10 210 47 -1 161 43 156 -1 161 98 43 -1 161 99 98 -1 50 243 209 -1 157 243 50 -1 180 6 167 -1 7 6 180 -1 54 151 55 -1 151 16 234 -1 54 16 151 -1 244 208 61 -1 208 244 193 -1 194 116 95 -1 148 116 194 -1 25 147 62 -1 24 147 25 -1 24 112 147 -1 159 65 102 -1 207 65 159 -1 245 175 246 -1 176 175 245 -1 2 145 101 -1 1 145 2 -1 214 247 15 -1 214 248 247 -1 60 141 140 -1 60 82 141 -1 197 245 137 -1 245 197 206 -1 156 42 158 -1 156 43 42 -1 86 249 84 -1 199 249 86 -1 122 250 251 -1 250 122 123 -1 30 252 81 -1 30 253 252 -1 254 81 200 -1 254 80 81 -1 127 255 128 -1 220 255 127 -1 198 191 57 -1 198 136 191 -1 256 218 215 -1 256 257 218 -1 87 258 121 -1 87 201 258 -1 199 61 249 -1 244 61 199 -1 259 205 260 -1 106 205 259 -1 117 261 262 -1 117 251 261 -1 262 263 264 -1 262 260 263 -1 230 265 228 -1 230 266 265 -1 119 163 120 -1 113 163 119 -1 247 168 234 -1 168 247 169 -1 267 240 51 -1 240 267 239 -1 107 104 71 -1 108 104 107 -1 137 32 138 -1 212 32 137 -1 195 268 204 -1 195 66 268 -1 204 232 195 -1 70 232 204 -1 268 139 269 -1 197 139 268 -1 269 108 107 -1 270 108 269 -1 209 270 271 -1 209 243 270 -1 120 187 39 -1 163 187 120 -1 234 15 247 -1 234 16 15 -1 203 260 205 -1 203 263 260 -1 260 261 259 -1 261 260 262 -1 262 90 117 -1 264 90 262 -1 249 60 140 -1 61 60 249 -1 201 215 258 -1 201 256 215 -1 257 272 218 -1 272 257 273 -1 129 78 274 -1 78 129 275 -1 143 150 276 -1 142 150 143 -1 123 277 250 -1 277 123 177 -1 274 77 143 -1 77 274 78 -1 36 237 241 -1 36 37 237 -1 169 248 3 -1 169 247 248 -1 253 221 252 -1 253 278 221 -1 238 159 158 -1 238 207 159 -1 114 63 62 -1 64 63 114 -1 119 148 194 -1 118 148 119 -1 208 135 59 -1 135 208 125 -1 55 150 142 -1 55 151 150 -1 45 211 19 -1 45 97 211 -1 10 39 187 -1 10 47 39 -1 165 27 162 -1 165 164 27 -1 97 192 211 -1 97 99 192 -1 180 235 242 -1 180 166 235 -1 33 236 75 -1 183 236 33 -1 32 79 239 -1 31 79 32 -1 189 19 18 -1 44 19 189 -1 183 237 236 -1 183 8 237 -1 9 15 14 -1 214 15 9 -1 11 187 12 -1 10 187 11 -1 152 167 6 -1 152 181 167 -1 3 165 162 -1 3 248 165 -1 195 225 146 -1 195 232 225 -1 279 231 228 -1 279 280 231 -1 67 281 282 -1 67 146 281 -1 219 278 283 -1 221 278 219 -1 218 284 216 -1 218 272 284 -1 217 258 215 -1 217 285 258 -1 222 255 220 -1 255 222 286 -1 282 68 67 -1 68 282 223 -1 177 287 277 -1 177 288 287 -1 229 226 230 -1 226 229 224 -1 230 233 266 -1 233 230 226 -1 186 238 213 -1 238 186 0 -1 243 160 109 -1 160 243 157 -1 171 162 188 -1 179 162 171 -1 144 28 27 -1 28 144 21 -1 0 100 23 -1 2 100 0 -1 212 253 30 -1 253 212 246 -1 35 240 153 -1 35 34 240 -1 171 242 235 -1 171 173 242 -1 48 190 136 -1 48 46 190 -1 11 248 214 -1 165 248 11 -1 154 74 161 -1 154 75 74 -1 33 52 34 -1 154 52 33 -1 56 83 82 -1 56 58 83 -1 208 126 125 -1 208 193 126 -1 62 94 114 -1 62 147 94 -1 63 238 0 -1 63 207 238 -1 206 176 245 -1 68 176 206 -1 233 70 69 -1 233 232 70 -1 51 271 267 -1 51 209 271 -1 84 140 196 -1 249 140 84 -1 132 254 276 -1 132 80 254 -1 130 276 150 -1 130 132 276 -1 127 81 252 -1 200 81 127 -1 255 273 128 -1 273 255 272 -1 125 48 135 -1 125 49 48 -1 257 289 290 -1 289 257 256 -1 196 85 84 -1 196 289 85 -1 86 88 133 -1 89 88 86 -1 134 120 202 -1 118 120 134 -1 266 259 265 -1 106 259 266 -1 250 279 291 -1 279 250 277 -1 115 264 263 -1 264 115 93 -1 228 291 279 -1 228 265 291 -1 8 241 237 -1 7 241 8 -1 42 182 213 -1 182 42 41 -1 239 138 32 -1 267 138 239 -1 205 111 203 -1 105 111 205 -1 66 197 268 -1 66 206 197 -1 266 69 106 -1 266 233 69 -1 246 137 245 -1 137 246 212 -1 269 204 268 -1 269 107 204 -1 269 271 270 -1 269 139 271 -1 270 109 108 -1 243 109 270 -1 114 93 115 -1 114 94 93 -1 110 263 203 -1 110 115 263 -1 291 259 261 -1 291 265 259 -1 93 90 264 -1 93 91 90 -1 251 88 122 -1 251 117 88 -1 291 251 250 -1 291 261 251 -1 275 76 78 -1 76 275 290 -1 256 85 289 -1 256 201 85 -1 290 273 257 -1 273 290 275 -1 275 128 273 -1 275 129 128 -1 254 129 274 -1 200 129 254 -1 127 221 220 -1 127 252 221 -1 131 79 132 -1 79 152 153 -1 79 131 152 -1 276 274 143 -1 276 254 274 -1 116 199 92 -1 116 244 199 -1 9 72 210 -1 72 9 14 -1 139 267 271 -1 138 267 139 -1 290 196 76 -1 290 289 196 -1 109 159 102 -1 159 109 160 -1 112 194 147 -1 112 119 194 -1 148 244 116 -1 193 244 148 -1 59 198 56 -1 59 135 198 -1 58 53 55 -1 58 57 53 -1 234 149 151 -1 166 149 234 -1 34 51 240 -1 52 51 34 -1 98 45 41 -1 98 97 45 -1 7 242 241 -1 242 7 180 -1 172 36 173 -1 188 36 172 -1 246 278 253 -1 278 246 175 -1 182 185 213 -1 185 182 96 -1 28 24 23 -1 28 21 24 -1 8 35 6 -1 8 184 35 -1 235 179 171 -1 170 179 235 -1 162 26 188 -1 162 27 26 -1 292 177 121 -1 177 292 288 -1 277 280 279 -1 277 287 280 -1 227 146 225 -1 146 227 281 -1 283 175 174 -1 283 278 175 -1 286 272 255 -1 286 284 272 -1 285 121 258 -1 285 292 121 -1' creaseAngle='1.571'>
            <Coordinate DEF='lprem2lc_Coord' point='0.7665 54.992 2.5218 0.7567 54.9801 2.5156 0.7547 54.9839 2.5227 0.6566 54.9541 2.5458 0.654 54.9494 2.5412 0.6306 54.9681 2.5288 0.6126 54.9627 2.4677 0.6215 54.9579 2.475 0.6382 54.9692 2.4618 0.6543 54.9583 2.5777 0.6587 54.9487 2.5825 0.6641 54.9538 2.5748 0.671 54.9599 2.5797 0.6718 54.9595 2.5724 0.6297 54.977 2.582 0.6327 54.9795 2.5739 0.6075 54.9928 2.5604 0.6804 54.9397 2.4954 0.6804 54.9317 2.5076 0.7002 54.9312 2.4955 0.7277 55.0053 2.582 0.718 55.0018 2.5682 0.7175 54.9976 2.582 0.7526 55.0101 2.5448 0.7489 55.0154 2.5607 0.7565 55.0183 2.5555 0.6695 54.9392 2.5228 0.6717 54.9499 2.5418 0.7195 54.998 2.5551 0.7128 54.9904 2.5902 0.6123 54.8665 2.4165 0.6096 54.9114 2.4212 0.6346 54.9083 2.4005 0.6576 54.9692 2.4335 0.6533 54.974 2.4253 0.6286 54.9726 2.4514 0.6611 54.9365 2.5078 0.6721 54.9401 2.5003 0.6769 54.9426 2.6338 0.6526 54.9421 2.6073 0.6458 54.9391 2.6105 0.7419 54.9601 2.4754 0.7496 54.9644 2.4724 0.7449 54.9646 2.4675 0.7029 54.9367 2.5041 0.7095 54.9379 2.4923 0.6366 54.9402 2.6043 0.6469 54.9374 2.5995 0.6391 54.9407 2.6142 0.647 54.9418 2.6277 0.7217 54.9686 2.4232 0.688 54.9689 2.4155 0.6881 54.975 2.4242 0.6057 54.9919 2.5696 0.6038 54.9953 2.565 0.5984 54.9987 2.5643 0.6132 54.9774 2.6133 0.6058 54.9865 2.588 0.6006 54.9905 2.5917 0.6293 54.9636 2.6361 0.6252 54.9549 2.6356 0.6494 54.9491 2.6611 0.7636 55.0225 2.5569 0.7756 54.9981 2.5227 0.7857 54.9958 2.5268 0.7896 54.9863 2.4919 0.721 54.8104 2.4293 0.7142 54.7884 2.4312 0.6874 54.7911 2.415 0.8276 54.8288 2.5061 0.8105 54.8284 2.4825 0.8213 54.8828 2.4769 0.6232 54.9692 2.5914 0.6923 54.9351 2.4896 0.7044 54.9569 2.4543 0.6768 54.9526 2.4603 0.5882 54.9094 2.6187 0.58 54.958 2.5957 0.5673 54.9202 2.5873 0.6159 54.9446 2.4262 0.5894 54.913 2.4457 0.5891 54.8678 2.4342 0.6055 54.9683 2.6123 0.5926 54.984 2.59 0.652 54.9054 2.6711 0.6499 54.8625 2.6578 0.6835 54.9288 2.6859 0.6974 54.81 2.6599 0.743 54.8858 2.6799 0.7007 54.8619 2.6819 0.763 54.979 2.6635 0.752 54.9923 2.6552 0.7213 54.9755 2.6834 0.7738 55.014 2.6239 0.7573 55.0217 2.6124 0.734 55.0046 2.6443 0.7352 54.9593 2.5059 0.7095 54.9405 2.4848 0.7339 54.9596 2.4684 0.7227 54.959 2.4586 0.7387 54.9865 2.5374 0.7325 54.971 2.5224 0.7923 54.9802 2.4653 0.8167 54.9694 2.4952 0.8191 54.9484 2.4622 0.8345 54.8864 2.504 0.8343 54.8309 2.5335 0.7932 54.8834 2.4402 0.7924 54.9468 2.4328 0.7816 54.9773 2.4442 0.8112 54.993 2.535 0.8272 54.9521 2.4992 0.7434 55.0191 2.6032 0.7253 55.0083 2.5922 0.7742 55.0202 2.5622 0.7942 55.0106 2.579 0.7045 54.9829 2.6717 0.7775 54.9126 2.6654 0.693 54.9775 2.6565 0.7227 55.0004 2.629 0.7015 54.9817 2.6158 0.7051 54.762 2.6422 0.7498 54.8206 2.662 0.7491 54.7629 2.648 0.6769 54.9449 2.64 0.6523 54.9514 2.6489 0.6743 54.9641 2.6565 0.5772 54.8274 2.4536 0.5635 54.8301 2.4977 0.5601 54.8703 2.5129 0.6015 54.9566 2.4796 0.5989 54.9432 2.4663 0.5952 54.9332 2.4602 0.7346 54.9526 2.6856 0.6871 54.9563 2.6368 0.6334 54.9566 2.627 0.6176 54.9663 2.6008 0.6638 54.8599 2.4042 0.6697 54.9064 2.3992 0.7067 54.9042 2.4019 0.6139 54.928 2.6357 0.5973 54.943 2.6161 0.588 54.9949 2.5668 0.5736 54.9632 2.5575 0.6726 54.9567 2.5575 0.7382 54.9676 2.512 0.7546 54.7798 2.4664 0.7495 55.0244 2.6083 0.6994 54.986 2.6626 0.6061 54.9643 2.4857 0.5956 54.984 2.5192 0.6059 54.9922 2.5271 0.608 54.9569 2.4642 0.6207 54.9649 2.4429 0.6887 54.9699 2.4324 0.7224 54.9687 2.4303 0.7526 54.9763 2.4473 0.7552 54.981 2.4393 0.7738 54.978 2.4629 0.7832 54.9858 2.4664 0.7751 54.9829 2.4496 0.7173 54.9627 2.4453 0.663 54.9429 2.5392 0.7106 54.9931 2.6007 0.6682 54.9545 2.5563 0.6653 54.9537 2.5588 0.6151 54.9618 2.4908 0.6074 54.9601 2.4771 0.6209 54.9792 2.5275 0.6351 54.9735 2.5383 0.6314 54.9637 2.5191 0.6536 54.9421 2.5228 0.6551 54.9353 2.5152 0.6523 54.9369 2.513 0.631 54.7826 2.4058 0.6306 54.7973 2.4067 0.6595 54.7962 2.4079 0.7476 54.7514 2.6426 0.6583 54.7816 2.4094 0.6551 54.9481 2.5343 0.6168 54.9552 2.4839 0.6041 54.9545 2.4707 0.7377 54.9618 2.4956 0.6443 54.9712 2.4548 0.6325 54.9725 2.4538 0.7544 54.973 2.5079 0.7621 54.9835 2.5104 0.6649 54.954 2.5888 0.6606 54.9322 2.5197 0.6918 54.9376 2.5103 0.6189 54.9639 2.5976 0.6116 54.9756 2.5913 0.715 54.9585 2.452 0.6708 54.9703 2.6636 0.7266 55.0052 2.6372 0.7681 54.8029 2.4641 0.6095 54.9 2.6358 0.6972 54.8551 2.4114 0.6169 54.973 2.6069 0.6761 54.9533 2.6781 0.5703 54.863 2.4606 0.6607 54.8132 2.6362 0.6872 54.9545 2.6263 0.8265 54.9576 2.5428 0.7836 54.833 2.4606 0.8373 54.8917 2.535 0.691 54.814 2.4171 0.7816 54.9907 2.4897 0.6508 54.9557 2.6558 0.7225 54.961 2.4166 0.6415 54.9454 2.5976 0.7028 54.936 2.4877 0.6348 54.8639 2.4054 0.7603 54.9784 2.4985 0.6571 54.9605 2.569 0.6209 54.7801 2.5875 0.5936 54.7734 2.5516 0.6237 54.7665 2.5819 0.5914 54.7871 2.5575 0.5941 54.7833 2.4262 0.5753 54.7977 2.449 0.5945 54.7979 2.4278 0.5752 54.7831 2.4469 0.6843 54.7768 2.4159 0.806 54.7594 2.509 0.7928 54.7767 2.4885 0.8118 54.7728 2.5087 0.7875 54.7632 2.4896 0.8146 54.7595 2.5877 0.8161 54.7585 2.5394 0.8216 54.7723 2.5417 0.8096 54.7463 2.5829 0.8005 54.7992 2.4859 0.8187 54.7973 2.5075 0.6138 54.9876 2.5302 0.6281 54.9551 2.5023 0.6617 54.9565 2.4745 0.654 54.956 2.4797 0.774 54.9852 2.4884 0.643 54.9443 2.3996 0.6504 54.9682 2.4159 0.636 54.9499 2.488 0.6299 54.9483 2.495 0.7587 54.9737 2.4329 0.6721 54.9656 2.6705 0.661 54.8204 2.4097 0.6307 54.8239 2.4089 0.637 54.9784 2.5478 0.6581 54.9602 2.5573 0.6486 54.9347 2.6656 0.7768 54.7783 2.6375 0.7802 54.8487 2.6588 0.5948 54.8276 2.4306 0.6145 54.8258 2.4175 0.5745 54.911 2.4732 0.5679 54.7956 2.4816 0.6155 54.8127 2.5989 0.5893 54.8151 2.5718 0.6653 54.7751 2.6216 0.828 54.8451 2.5988 0.8224 54.9273 2.6051 0.8038 54.8556 2.6374 0.8038 54.9316 2.6448 0.8129 54.9817 2.599 0.7912 54.991 2.6413 0.8204 54.7876 2.595 0.827 54.798 2.5369 0.6746 54.9435 2.3982 0.7341 54.846 2.426 0.752 54.8933 2.4154 0.7627 54.9413 2.4184 0.7153 54.9418 2.4023 0.5733 54.7906 2.5233 0.57 54.8174 2.5337 0.5621 54.9246 2.5411 0.5694 54.8682 2.5664 0.5843 54.9493 2.4955 0.7729 54.7497 2.6265 0.6152 54.7976 2.4143 0.7892 54.7509 2.6123 0.7851 54.7378 2.6062 0.7506 54.7659 2.4685 0.7095 54.7745 2.4332 0.6151 54.783 2.4133 0.5738 54.7768 2.5177 0.6666 54.7618 2.6146 0.5692 54.781 2.4784 0.7697 54.7367 2.6193 0.7456 54.7399 2.6345 0.6137 54.8694 2.6289 0.5863 54.8717 2.6041 0.7964 54.7878 2.6242 0.706 54.7487 2.6346'/>
          </IndexedFaceSet>
        </Shape>
        <Shape DEF='rceninlc'>
          <Appearance>
            <Material ambientIntensity='0.4' diffuseColor='1 0.9843 0.9843' emissiveColor='1 0 0' shininess='0.05'/>
          </Appearance>
          <IndexedFaceSet DEF='rceninlc_Geo' coordIndex='0 1 2 -1 3 4 5 -1 6 7 8 -1 9 10 11 -1 12 13 14 -1 1 15 16 -1 17 18 19 -1 20 21 22 -1 23 19 24 -1 24 25 23 -1 26 27 28 -1 29 30 31 -1 25 24 32 -1 33 34 35 -1 36 37 28 -1 38 39 40 -1 41 11 42 -1 43 44 45 -1 46 47 48 -1 49 50 48 -1 43 45 46 -1 51 52 53 -1 54 0 2 -1 55 56 54 -1 57 58 59 -1 31 60 29 -1 61 62 63 -1 55 59 62 -1 64 65 66 -1 67 68 69 -1 2 1 16 -1 70 54 53 -1 71 23 72 -1 73 74 67 -1 75 31 30 -1 76 67 74 -1 77 44 43 -1 78 46 79 -1 44 77 26 -1 80 47 81 -1 79 48 50 -1 82 83 41 -1 18 84 85 -1 86 87 88 -1 34 33 89 -1 90 35 91 -1 13 50 92 -1 93 29 60 -1 94 71 72 -1 70 95 21 -1 95 96 21 -1 2 16 97 -1 98 57 94 -1 92 99 100 -1 101 14 13 -1 50 99 92 -1 102 97 16 -1 68 76 103 -1 3 5 31 -1 68 103 30 -1 75 104 3 -1 102 105 97 -1 92 101 13 -1 75 3 31 -1 101 92 100 -1 106 107 41 -1 108 61 109 -1 110 90 91 -1 34 89 32 -1 44 86 88 -1 18 17 84 -1 111 42 8 -1 81 112 80 -1 26 86 44 -1 78 79 113 -1 77 43 74 -1 76 68 67 -1 73 77 74 -1 71 114 23 -1 54 115 53 -1 0 54 56 -1 66 73 64 -1 5 60 31 -1 55 62 116 -1 61 116 62 -1 59 117 57 -1 97 115 2 -1 70 53 95 -1 118 51 53 -1 53 115 118 -1 30 29 68 -1 43 46 78 -1 119 49 48 -1 79 46 48 -1 41 83 11 -1 38 40 18 -1 28 27 36 -1 90 33 35 -1 50 49 99 -1 32 89 25 -1 120 65 64 -1 54 2 115 -1 86 26 28 -1 121 122 123 -1 18 40 19 -1 124 3 104 -1 79 50 13 -1 16 125 102 -1 105 9 97 -1 9 105 126 -1 127 128 129 -1 130 128 127 -1 125 15 131 -1 125 16 15 -1 21 117 22 -1 117 21 96 -1 132 133 134 -1 120 133 132 -1 37 135 87 -1 135 37 91 -1 70 20 54 -1 70 21 20 -1 68 136 69 -1 109 136 68 -1 36 132 110 -1 132 36 137 -1 114 19 23 -1 114 17 19 -1 85 138 107 -1 85 84 138 -1 83 9 11 -1 83 118 9 -1 139 106 140 -1 139 107 106 -1 141 139 142 -1 139 141 143 -1 144 119 145 -1 144 49 119 -1 135 146 147 -1 148 146 135 -1 76 43 78 -1 74 43 76 -1 73 26 77 -1 66 26 73 -1 90 149 33 -1 149 90 134 -1 114 95 150 -1 95 114 71 -1 108 68 29 -1 108 109 68 -1 151 59 58 -1 151 62 59 -1 5 0 60 -1 5 1 0 -1 133 58 152 -1 133 151 58 -1 93 108 29 -1 116 108 93 -1 108 116 61 -1 55 117 59 -1 55 22 117 -1 97 118 115 -1 97 9 118 -1 153 33 149 -1 153 89 33 -1 119 47 80 -1 48 47 119 -1 141 147 146 -1 141 112 147 -1 154 49 144 -1 154 99 49 -1 145 139 140 -1 145 142 139 -1 51 138 52 -1 82 138 51 -1 114 84 17 -1 114 150 84 -1 40 24 19 -1 32 24 40 -1 135 35 148 -1 135 91 35 -1 26 155 27 -1 26 66 155 -1 134 152 149 -1 133 152 134 -1 25 72 23 -1 72 25 156 -1 94 117 96 -1 57 117 94 -1 127 79 13 -1 113 79 127 -1 107 82 41 -1 107 138 82 -1 124 4 3 -1 124 157 4 -1 158 7 6 -1 158 159 7 -1 15 157 131 -1 157 15 4 -1 154 100 99 -1 154 160 100 -1 161 162 10 -1 162 161 163 -1 13 130 127 -1 12 130 13 -1 126 10 9 -1 161 10 126 -1 4 1 5 -1 1 4 15 -1 162 8 42 -1 6 8 162 -1 109 63 136 -1 61 63 109 -1 156 164 72 -1 164 156 153 -1 137 120 132 -1 137 65 120 -1 28 87 86 -1 87 28 37 -1 32 39 34 -1 40 39 32 -1 89 156 25 -1 156 89 153 -1 72 98 94 -1 72 164 98 -1 122 69 136 -1 122 64 69 -1 37 110 91 -1 110 37 36 -1 111 140 106 -1 140 111 165 -1 165 8 7 -1 165 111 8 -1 82 118 83 -1 82 51 118 -1 107 143 85 -1 143 107 139 -1 38 141 146 -1 38 143 141 -1 81 44 88 -1 44 81 45 -1 80 145 119 -1 145 80 142 -1 147 87 135 -1 87 147 88 -1 129 113 127 -1 103 113 129 -1 27 137 36 -1 155 137 27 -1 134 110 132 -1 134 90 110 -1 150 53 52 -1 53 150 95 -1 57 152 58 -1 98 152 57 -1 98 164 152 -1 63 151 123 -1 63 62 151 -1 56 60 0 -1 56 93 60 -1 116 56 55 -1 116 93 56 -1 120 151 133 -1 121 151 120 -1 121 123 151 -1 73 69 64 -1 73 67 69 -1 20 55 54 -1 22 55 20 -1 30 129 75 -1 30 103 129 -1 147 81 88 -1 81 147 112 -1 141 80 112 -1 142 80 141 -1 47 45 81 -1 45 47 46 -1 39 146 148 -1 146 39 38 -1 7 144 165 -1 7 154 144 -1 38 85 143 -1 38 18 85 -1 84 52 138 -1 84 150 52 -1 145 165 144 -1 145 140 165 -1 64 121 120 -1 64 122 121 -1 96 71 94 -1 95 71 96 -1 148 34 39 -1 148 35 34 -1 65 155 66 -1 65 137 155 -1 149 164 153 -1 152 164 149 -1 123 136 63 -1 123 122 136 -1 42 10 162 -1 42 11 10 -1 106 42 111 -1 106 41 42 -1 6 163 158 -1 162 163 6 -1 128 75 129 -1 75 128 104 -1 159 154 7 -1 154 159 160 -1 103 78 113 -1 76 78 103 -1' creaseAngle='1.571'>
            <Coordinate DEF='rceninlc_Coord' point='-0.1181 54.7521 3.0298 -0.1217 54.7125 2.9967 -0.1475 54.7463 3.0475 -0.0533 54.7037 3.0382 -0.0878 54.6893 2.99 -0.0851 54.7112 2.9982 -0.1504 54.6476 3.1982 -0.1263 54.6368 3.21 -0.154 54.6637 3.2016 -0.1736 54.7241 3.1295 -0.1669 54.6939 3.1626 -0.17 54.7078 3.1685 -0.0383 54.6721 3.1714 -0.0403 54.6685 3.1833 -0.0432 54.6474 3.1771 -0.1214 54.6899 2.9871 -0.1469 54.7005 3.0246 -0.1911 54.9067 3.2084 -0.1709 54.9075 3.2224 -0.1865 54.9654 3.2167 -0.1455 54.8074 3.1045 -0.1482 54.8209 3.1161 -0.1332 54.8206 3.1187 -0.1863 54.9666 3.2035 -0.1832 54.9688 3.2148 -0.1819 54.9695 3.2046 0.0006 54.9525 3.225 -0.0029 54.956 3.2249 -0.0073 54.9531 3.2342 -0.0452 54.7834 3.0915 -0.0317 54.7601 3.1035 -0.0515 54.7374 3.0573 -0.16 54.9694 3.2228 -0.1299 54.9731 3.2185 -0.1328 54.9687 3.2297 -0.0925 54.9683 3.2352 -0.0246 54.9614 3.2258 -0.026 54.9593 3.2369 -0.1348 54.8984 3.2373 -0.1338 54.9647 3.2327 -0.1608 54.9659 3.2259 -0.1728 54.7493 3.1915 -0.1652 54.7001 3.1922 -0.0084 54.8281 3.2072 -0.0098 54.8824 3.2276 -0.0173 54.8336 3.2243 -0.0231 54.7819 3.2154 -0.0477 54.7872 3.2285 -0.0525 54.7288 3.2257 -0.0742 54.674 3.2225 -0.0545 54.669 3.2108 -0.1842 54.7742 3.1454 -0.1875 54.8119 3.1577 -0.1759 54.8185 3.1298 -0.1482 54.7796 3.078 -0.1216 54.8196 3.1205 -0.1177 54.7911 3.0865 -0.1333 54.9083 3.1663 -0.1175 54.909 3.1718 -0.1194 54.8601 3.1488 -0.0811 54.7558 3.0394 -0.062 54.8178 3.1239 -0.0851 54.8572 3.1575 -0.0589 54.8565 3.1577 -0.0228 54.902 3.1772 -0.0209 54.9531 3.2047 0.0003 54.949 3.2046 -0.0085 54.8586 3.159 -0.0306 54.8167 3.1213 -0.0275 54.8595 3.1563 -0.1651 54.8221 3.1127 -0.18 54.9063 3.1614 -0.1751 54.9585 3.1828 -0.0014 54.8946 3.1805 -0.0034 54.8361 3.1809 -0.0366 54.7216 3.0881 -0.012 54.7865 3.1569 -0.0018 54.8846 3.2052 -0.0135 54.7814 3.1917 -0.0353 54.7197 3.2078 -0.0719 54.7921 3.2375 -0.0426 54.8392 3.2342 -0.1784 54.7677 3.1923 -0.1752 54.7502 3.1854 -0.1853 54.8507 3.2023 -0.171 54.8494 3.2207 -0.0058 54.9486 3.2363 -0.0264 54.9555 3.2397 -0.0313 54.8928 3.236 -0.1575 54.9719 3.2119 -0.0868 54.9706 3.2245 -0.0536 54.9661 3.2388 -0.0586 54.641 3.2057 -0.0822 54.7891 3.083 -0.1484 54.9076 3.1634 -0.175 54.8565 3.1419 -0.1519 54.858 3.1447 -0.1677 54.7349 3.0821 -0.1447 54.9237 3.1725 -0.077 54.6352 3.2139 -0.0792 54.6221 3.2097 -0.0625 54.6264 3.199 -0.1518 54.6962 3.0327 -0.0224 54.7422 3.1393 -0.0416 54.7036 3.0785 -0.1666 54.7214 3.0796 -0.1633 54.7458 3.2157 -0.1666 54.7987 3.2181 -0.0506 54.8059 3.1134 -0.0441 54.8166 3.1233 -0.0513 54.9668 3.2256 -0.1574 54.6938 3.2122 -0.0666 54.8393 3.2378 -0.0248 54.7299 3.1747 -0.1928 54.9011 3.1845 -0.1723 54.7713 3.1 -0.0852 54.8149 3.1157 -0.1368 54.859 3.1466 -0.1799 54.7571 3.1411 -0.0717 54.7322 3.2331 -0.0424 54.957 3.2052 -0.0412 54.9213 3.1883 -0.0358 54.9043 3.1795 -0.0538 54.9055 3.1801 -0.0576 54.6869 3.0292 -0.1486 54.6911 3.0213 -0.1712 54.7116 3.1235 -0.0274 54.7156 3.1692 -0.0284 54.7179 3.1304 -0.0236 54.7364 3.1361 -0.0306 54.6997 3.1596 -0.1256 54.676 2.9829 -0.0427 54.9608 3.2099 -0.084 54.9613 3.2059 -0.0847 54.9652 3.2102 -0.0542 54.9628 3.2419 -0.0409 54.857 3.1574 -0.021 54.9565 3.2096 -0.1826 54.8029 3.1984 -0.1345 54.7944 3.2334 -0.135 54.7346 3.232 -0.0997 54.8391 3.2422 -0.1021 54.7918 3.242 -0.1333 54.8402 3.2377 -0.1025 54.6791 3.2259 -0.1048 54.7378 3.2369 -0.0986 54.8994 3.2417 -0.0617 54.8928 3.2404 -0.0931 54.9647 3.2384 -0.1226 54.9677 3.2026 -0.1897 54.8503 3.171 -0.0803 54.9062 3.1796 -0.1215 54.9641 3.198 -0.1503 54.9651 3.1959 -0.1015 54.635 3.2174 -0.0024 54.953 3.2089 -0.1731 54.9624 3.1878 -0.0882 54.6754 2.986 -0.1488 54.6327 3.1952 -0.1258 54.6235 3.2058 -0.1026 54.6218 3.2137 -0.166 54.6818 3.1542 -0.1608 54.6699 3.1793 -0.16 54.6601 3.1733 -0.1483 54.9615 3.1917 -0.1337 54.6898 3.2231'/>
          </IndexedFaceSet>
        </Shape>
        <Shape DEF='rlatinlc'>
          <Appearance>
            <Material ambientIntensity='0.4' diffuseColor='1 0.9843 0.9843' emissiveColor='1 0 0' shininess='0.05'/>
          </Appearance>
          <IndexedFaceSet DEF='rlatinlc_Geo' coordIndex='0 1 2 -1 3 4 5 -1 6 7 8 -1 3 9 10 -1 11 12 13 -1 14 15 16 -1 17 18 19 -1 20 5 21 -1 22 23 24 -1 25 26 27 -1 28 29 7 -1 30 31 32 -1 33 34 2 -1 35 36 37 -1 38 39 11 -1 40 41 42 -1 43 44 45 -1 46 30 47 -1 48 49 18 -1 21 50 51 -1 4 21 5 -1 52 53 54 -1 55 43 56 -1 57 27 58 -1 59 25 60 -1 61 62 63 -1 64 65 25 -1 62 66 15 -1 15 67 62 -1 61 20 68 -1 20 64 5 -1 21 69 50 -1 70 53 52 -1 44 35 45 -1 38 71 39 -1 72 73 74 -1 75 29 76 -1 39 37 76 -1 36 77 37 -1 78 79 80 -1 81 82 0 -1 83 84 85 -1 12 28 6 -1 19 86 87 -1 88 89 90 -1 58 91 57 -1 57 92 93 -1 3 94 95 -1 57 91 92 -1 39 12 11 -1 96 33 97 -1 96 78 33 -1 91 98 92 -1 9 3 95 -1 57 93 99 -1 68 100 101 -1 102 56 103 -1 86 104 87 -1 85 105 83 -1 81 0 106 -1 78 80 107 -1 35 74 36 -1 36 108 77 -1 37 77 76 -1 29 28 76 -1 74 44 72 -1 71 37 39 -1 44 74 35 -1 70 52 45 -1 109 26 53 -1 21 110 69 -1 51 50 111 -1 101 61 68 -1 61 65 20 -1 58 27 26 -1 64 25 27 -1 61 63 60 -1 59 60 112 -1 59 26 25 -1 57 99 27 -1 43 103 56 -1 64 20 65 -1 51 20 21 -1 48 18 17 -1 46 31 30 -1 43 45 52 -1 40 42 113 -1 35 37 71 -1 39 28 12 -1 39 76 28 -1 31 114 32 -1 22 24 42 -1 115 84 116 -1 117 115 86 -1 17 19 118 -1 59 112 119 -1 11 13 120 -1 10 4 3 -1 121 6 8 -1 91 122 98 -1 7 6 28 -1 123 4 10 -1 2 106 0 -1 2 34 106 -1 124 7 79 -1 7 124 8 -1 11 125 126 -1 11 120 125 -1 0 127 1 -1 0 110 127 -1 16 66 128 -1 15 66 16 -1 118 129 17 -1 129 118 130 -1 102 41 56 -1 131 41 102 -1 132 133 73 -1 133 132 24 -1 134 104 116 -1 134 114 104 -1 128 51 111 -1 51 128 100 -1 89 54 135 -1 89 103 54 -1 134 84 136 -1 134 116 84 -1 110 82 69 -1 82 110 0 -1 137 106 138 -1 137 81 106 -1 136 139 140 -1 136 141 139 -1 108 74 142 -1 74 108 36 -1 143 144 75 -1 144 143 145 -1 142 146 147 -1 133 146 142 -1 75 77 143 -1 76 77 75 -1 126 38 11 -1 126 148 38 -1 148 122 109 -1 126 122 148 -1 62 101 66 -1 62 61 101 -1 149 150 90 -1 149 63 150 -1 99 64 27 -1 99 94 64 -1 150 62 67 -1 150 63 62 -1 60 149 112 -1 60 63 149 -1 43 54 103 -1 43 52 54 -1 49 111 151 -1 111 49 48 -1 130 31 46 -1 130 87 31 -1 43 72 44 -1 55 72 43 -1 148 71 38 -1 148 70 71 -1 140 146 152 -1 140 147 146 -1 80 75 144 -1 80 29 75 -1 134 140 152 -1 140 134 136 -1 81 141 83 -1 141 81 137 -1 107 33 78 -1 107 34 33 -1 87 114 31 -1 114 87 104 -1 138 80 144 -1 138 107 80 -1 103 88 102 -1 103 89 88 -1 53 135 54 -1 119 135 53 -1 51 68 20 -1 51 100 68 -1 116 86 115 -1 104 86 116 -1 133 23 146 -1 133 24 23 -1 56 40 55 -1 56 41 40 -1 46 129 130 -1 153 129 46 -1 90 135 149 -1 90 89 135 -1 33 154 97 -1 2 154 33 -1 95 99 93 -1 94 99 95 -1 1 154 2 -1 1 155 154 -1 4 156 127 -1 156 4 123 -1 13 6 121 -1 6 13 12 -1 79 96 124 -1 79 78 96 -1 126 98 122 -1 126 125 98 -1 4 110 21 -1 110 4 127 -1 100 66 101 -1 66 100 128 -1 86 18 117 -1 18 86 19 -1 131 157 47 -1 102 157 131 -1 72 132 73 -1 72 113 132 -1 114 152 32 -1 134 152 114 -1 115 85 84 -1 117 85 115 -1 128 48 16 -1 111 48 128 -1 42 131 22 -1 131 42 41 -1 85 18 49 -1 18 85 117 -1 23 30 32 -1 22 30 23 -1 73 142 74 -1 73 133 142 -1 105 69 82 -1 105 151 69 -1 141 145 139 -1 137 145 141 -1 139 143 158 -1 145 143 139 -1 147 108 142 -1 108 147 158 -1 109 70 148 -1 109 53 70 -1 47 22 131 -1 47 30 22 -1 59 53 26 -1 59 119 53 -1 102 150 157 -1 102 90 150 -1 102 88 90 -1 65 60 25 -1 60 65 61 -1 157 67 153 -1 157 150 67 -1 15 153 67 -1 15 129 153 -1 15 14 129 -1 50 151 111 -1 50 69 151 -1 109 58 26 -1 122 58 109 -1 122 91 58 -1 35 70 45 -1 35 71 70 -1 158 77 108 -1 158 143 77 -1 139 147 140 -1 139 158 147 -1 79 29 80 -1 79 7 29 -1 144 137 138 -1 144 145 137 -1 136 83 141 -1 136 84 83 -1 49 105 85 -1 49 151 105 -1 83 82 81 -1 83 105 82 -1 42 132 113 -1 132 42 24 -1 138 34 107 -1 138 106 34 -1 17 16 48 -1 129 16 17 -1 16 129 14 -1 87 118 19 -1 118 87 130 -1 32 146 23 -1 152 146 32 -1 40 72 55 -1 72 40 113 -1 47 153 46 -1 157 153 47 -1 112 135 119 -1 112 149 135 -1 3 64 94 -1 5 64 3 -1 156 1 127 -1 1 156 155 -1' creaseAngle='1.571'>
            <Coordinate DEF='rlatinlc_Coord' point='-0.3444 54.7732 3.1287 -0.3367 54.7489 3.1213 -0.3297 54.7247 3.1373 -0.294 54.7596 2.9873 -0.3176 54.7628 3.0267 -0.2974 54.7744 2.9985 -0.2318 54.6705 3.17 -0.248 54.6682 3.1732 -0.2477 54.6544 3.1677 -0.2928 54.7442 2.9821 -0.3147 54.7478 3.0231 -0.1979 54.7489 3.1464 -0.2171 54.7027 3.163 -0.2122 54.6938 3.1521 -0.3181 54.9342 3.1159 -0.3132 54.9302 3.1157 -0.3219 54.9292 3.1115 -0.3433 54.96 3.1192 -0.3579 54.9666 3.1365 -0.3554 54.9698 3.138 -0.3023 54.8062 3.0285 -0.327 54.796 3.0446 -0.2404 54.9787 3.1876 -0.2449 54.9741 3.1996 -0.2178 54.9694 3.2038 -0.2398 54.8248 3.0444 -0.2048 54.8171 3.0645 -0.2348 54.7885 3.005 -0.2268 54.7025 3.1751 -0.2479 54.7057 3.1819 -0.2756 54.9827 3.1803 -0.3162 54.9794 3.164 -0.2826 54.9791 3.1893 -0.3256 54.711 3.1459 -0.3276 54.7191 3.1476 -0.191 54.8609 3.1837 -0.2027 54.8653 3.198 -0.2039 54.8146 3.1877 -0.1959 54.7647 3.1479 -0.2109 54.7533 3.1771 -0.1897 54.9656 3.1815 -0.208 54.9676 3.1776 -0.2148 54.9753 3.1938 -0.1834 54.9267 3.1604 -0.1874 54.9165 3.1837 -0.1822 54.8695 3.1597 -0.305 54.9742 3.1494 -0.27 54.9744 3.1651 -0.3455 54.9268 3.1012 -0.3613 54.9204 3.1203 -0.3377 54.8412 3.0727 -0.3247 54.8458 3.0588 -0.1847 54.8916 3.138 -0.1973 54.8499 3.0967 -0.2025 54.8912 3.1312 -0.1869 54.962 3.1782 -0.2074 54.9645 3.1736 -0.2077 54.7584 3.017 -0.2055 54.7724 3.0292 -0.2139 54.8448 3.0916 -0.2504 54.8533 3.088 -0.2847 54.8457 3.0766 -0.2891 54.8853 3.1036 -0.2577 54.8848 3.1195 -0.2689 54.7824 2.9875 -0.275 54.8218 3.0417 -0.3107 54.8823 3.0957 -0.2938 54.9326 3.1264 -0.3045 54.842 3.064 -0.3532 54.8333 3.0967 -0.1838 54.8211 3.1344 -0.1908 54.8153 3.1673 -0.1902 54.9651 3.1978 -0.1979 54.9606 3.2071 -0.1987 54.9132 3.2034 -0.2506 54.7623 3.1933 -0.2308 54.7605 3.1905 -0.2299 54.8177 3.1948 -0.2913 54.6664 3.16 -0.2729 54.6661 3.1709 -0.2814 54.7091 3.1785 -0.3427 54.8206 3.1588 -0.3548 54.824 3.1366 -0.35 54.8697 3.1607 -0.3471 54.9267 3.1639 -0.3647 54.9261 3.1497 -0.3575 54.9687 3.1478 -0.3359 54.9751 3.1506 -0.2222 54.9386 3.154 -0.2167 54.9337 3.1518 -0.2258 54.934 3.1504 -0.1993 54.7679 3.0414 -0.2069 54.7437 3.0117 -0.2292 54.7384 2.962 -0.2626 54.7509 2.9599 -0.2633 54.737 2.9529 -0.2912 54.6528 3.1529 -0.3217 54.699 3.138 -0.197 54.7554 3.0551 -0.2321 54.7523 2.9676 -0.3091 54.8458 3.0658 -0.3004 54.8457 3.0696 -0.2282 54.9668 3.1694 -0.2037 54.9325 3.1526 -0.3371 54.9713 3.162 -0.3607 54.8703 3.1401 -0.3361 54.7694 3.1567 -0.3037 54.7051 3.1696 -0.2289 54.8688 3.1988 -0.1923 54.7951 3.0788 -0.3423 54.779 3.0796 -0.341 54.878 3.0848 -0.2196 54.8491 3.0942 -0.1925 54.9682 3.1974 -0.3202 54.9737 3.174 -0.3592 54.9653 3.1498 -0.3381 54.968 3.1644 -0.3603 54.9652 3.149 -0.3427 54.9636 3.1237 -0.2104 54.8488 3.0955 -0.1972 54.7387 3.1338 -0.2296 54.6598 3.1621 -0.1921 54.7711 3.0644 -0.3255 54.7513 3.0498 -0.2704 54.6523 3.1664 -0.1903 54.7562 3.105 -0.1882 54.7661 3.1099 -0.3392 54.7662 3.0776 -0.3194 54.881 3.0926 -0.3226 54.9656 3.1329 -0.3249 54.9686 3.1357 -0.2284 54.9701 3.1732 -0.1988 54.9647 3.2051 -0.2186 54.9657 3.2058 -0.321 54.9701 3.1763 -0.2154 54.8878 3.1292 -0.3199 54.9195 3.1819 -0.3142 54.8184 3.1804 -0.3111 54.7602 3.1783 -0.2848 54.8643 3.1968 -0.286 54.9229 3.1941 -0.3162 54.863 3.1852 -0.221 54.9218 3.2035 -0.2548 54.8205 3.1981 -0.286 54.7656 3.1894 -0.2845 54.818 3.1957 -0.2459 54.9708 3.2018 -0.2506 54.9193 3.2008 -0.1875 54.7728 3.1131 -0.2244 54.8864 3.1275 -0.2593 54.9324 3.1421 -0.3596 54.8702 3.1093 -0.2833 54.9757 3.1917 -0.3034 54.9711 3.146 -0.3311 54.7299 3.1212 -0.3334 54.7398 3.1149 -0.3352 54.7545 3.0739 -0.2687 54.9709 3.1618 -0.2524 54.8669 3.2'/>
          </IndexedFaceSet>
        </Shape>
      </Group>
    </Transform>
  </Scene>
</X3D>