<?xml version="1.0" encoding="UTF-8"?>
<!DOCTYPE X3D PUBLIC "ISO//Web3D//DTD X3D 3.3//EN" "https://www.web3d.org/specifications/x3d-3.3.dtd">
<X3D profile='Interchange' version='3.3' xmlns:xsd='http://www.w3.org/2001/XMLSchema-instance' xsd:noNamespaceSchemaLocation='https://www.web3d.org/specifications/x3d-3.3.xsd'>
  <head>
    <meta content='BonesLeftFoot.x3d' name='title'/>
    <meta content='Damon Hernandez, Joe Williams' name='creator'/>
    <meta content='Human bone model for Left Foot' name='description'/>
    <meta content='Joe Williams, Don Brutzman' name='translator'/>
    <meta content='5 December 2013' name='created'/>
    <meta content='2 March 2026' name='modified'/>
    <meta content='This model has no HAnim nodes, rather it is purely geometry' name='warning'/>
    <meta content='document unit conversions applied: approximation of inches to meters, which ordinarily is a scale factor of 0.0254' name='TODO'/>
    <meta content='X3D-Edit 4.0, https://www.web3d.org/x3d/tools/X3D-Edit' name='generator'/>
    <meta content='https://www.web3d.org/x3d/content/examples/HumanoidAnimation/Medical/BonesLeftFoot.x3d' name='identifier'/>
    <meta content='../license.html' name='license'/>
  </head>
  <Scene>
    <WorldInfo title='BonesLeftFoot.x3d'/>
    <NavigationInfo type='"EXAMINE" "LOOKAT" "ANY"'/>
    <Transform DEF='LeftFootSkeletonParts' scale='0.029 0.029 0.029'>
      <Viewpoint DEF='feet' description='LeftFoot' fieldOfView='0.785' position='3 3 15'/>
      <Group DEF='LeftFoot'>
        <!-- ltalus lcalc lcuboid llcun lmcun lnaviclr [missingsomething] lfmet lmet2 lmet3 lmet4 lmet5 lfpprox2 lfpprox3 lfpprox4 lfpprox5 lfmphal lfmphal2 lfmphal3 lfmphal4 lfdphal lfdphal2 lfdphal3 lfdphal4 [lfdphal5 missing] -->
        <Shape DEF='ltalus'>
          <Appearance>
            <Material ambientIntensity='0.098' diffuseColor='1 0.9765 0.8667' emissiveColor='0 0 0' shininess='0.05' specularColor='0.349 0.349 0.349'/>
          </Appearance>
          <IndexedFaceSet DEF='ltalus_Geo' coordIndex='0 1 2 -1 0 3 1 -1 4 5 6 -1 7 8 9 -1 10 11 7 -1 12 13 14 -1 15 16 17 -1 18 19 16 -1 20 21 22 -1 23 24 25 -1 8 26 13 -1 13 26 27 -1 27 14 13 -1 28 29 30 -1 31 32 33 -1 32 34 33 -1 28 35 36 -1 4 32 2 -1 32 37 2 -1 38 39 40 -1 41 42 43 -1 44 45 46 -1 45 47 46 -1 48 49 50 -1 50 51 48 -1 52 53 54 -1 55 56 57 -1 56 58 57 -1 59 60 61 -1 62 63 64 -1 65 66 67 -1 68 69 70 -1 68 71 69 -1 65 67 72 -1 72 73 65 -1 74 75 76 -1 77 78 79 -1 80 81 82 -1 77 83 84 -1 77 79 83 -1 85 86 80 -1 80 87 85 -1 88 89 90 -1 91 57 92 -1 93 94 95 -1 94 96 95 -1 97 90 98 -1 97 99 90 -1 100 93 95 -1 100 101 93 -1 102 103 104 -1 105 106 107 -1 108 109 110 -1 111 112 113 -1 113 114 111 -1 115 112 111 -1 115 116 112 -1 117 118 119 -1 117 120 118 -1 121 122 123 -1 123 124 125 -1 123 126 124 -1 127 128 129 -1 130 131 132 -1 130 133 131 -1 134 135 136 -1 136 137 134 -1 112 116 138 -1 139 140 141 -1 142 143 144 -1 142 145 143 -1 146 147 145 -1 148 149 150 -1 151 152 153 -1 152 154 153 -1 155 156 157 -1 155 158 156 -1 146 154 56 -1 159 160 161 -1 159 162 160 -1 163 164 165 -1 30 166 167 -1 168 89 169 -1 58 152 170 -1 171 91 94 -1 172 129 128 -1 128 173 172 -1 41 174 42 -1 41 175 174 -1 175 176 177 -1 175 178 176 -1 179 180 181 -1 59 182 183 -1 156 61 184 -1 185 186 171 -1 187 188 189 -1 187 55 188 -1 190 191 60 -1 190 192 191 -1 144 143 192 -1 140 193 190 -1 182 140 183 -1 182 141 140 -1 146 194 154 -1 195 196 197 -1 196 198 197 -1 162 199 148 -1 162 200 199 -1 201 202 203 -1 201 204 202 -1 205 206 207 -1 207 208 205 -1 209 210 211 -1 210 212 211 -1 213 214 215 -1 213 216 214 -1 217 218 219 -1 218 220 219 -1 46 174 221 -1 46 42 174 -1 222 223 224 -1 223 225 224 -1 174 175 226 -1 44 221 227 -1 44 46 221 -1 228 109 108 -1 141 202 139 -1 141 203 202 -1 229 230 231 -1 232 233 234 -1 113 235 236 -1 235 237 236 -1 103 238 239 -1 228 239 240 -1 241 236 104 -1 236 237 104 -1 112 242 113 -1 242 235 113 -1 243 244 245 -1 246 247 138 -1 138 116 246 -1 248 105 107 -1 249 115 111 -1 249 250 158 -1 158 244 249 -1 186 248 107 -1 186 251 248 -1 162 150 160 -1 162 148 150 -1 150 252 160 -1 253 252 150 -1 150 229 253 -1 254 231 255 -1 254 256 231 -1 257 258 259 -1 259 260 257 -1 164 261 262 -1 262 165 164 -1 263 264 165 -1 64 265 62 -1 266 260 259 -1 266 64 260 -1 267 268 269 -1 270 271 272 -1 273 274 275 -1 275 276 277 -1 15 273 275 -1 278 279 280 -1 278 281 279 -1 282 283 284 -1 273 15 17 -1 17 285 273 -1 286 287 288 -1 286 289 287 -1 286 290 289 -1 280 291 292 -1 280 279 291 -1 133 293 294 -1 133 130 293 -1 295 296 297 -1 296 298 297 -1 299 1 3 -1 3 300 299 -1 2 37 0 -1 301 302 0 -1 0 37 301 -1 303 304 305 -1 305 306 303 -1 307 308 305 -1 307 309 308 -1 308 125 310 -1 308 311 125 -1 312 313 314 -1 315 118 316 -1 118 317 316 -1 318 319 320 -1 318 321 319 -1 322 323 324 -1 322 325 323 -1 323 326 327 -1 326 328 75 -1 326 329 328 -1 330 331 332 -1 333 169 334 -1 333 168 169 -1 335 77 336 -1 335 337 77 -1 66 338 339 -1 66 340 338 -1 341 342 50 -1 50 52 341 -1 343 344 345 -1 346 347 348 -1 346 349 347 -1 350 345 351 -1 350 343 345 -1 351 352 350 -1 351 353 352 -1 348 354 346 -1 348 355 354 -1 356 357 358 -1 359 360 361 -1 359 362 360 -1 354 362 353 -1 354 360 362 -1 363 364 87 -1 365 366 367 -1 365 85 366 -1 367 97 368 -1 368 369 367 -1 100 169 88 -1 100 320 169 -1 28 370 371 -1 28 372 370 -1 28 36 39 -1 6 373 374 -1 6 375 373 -1 376 377 167 -1 377 30 167 -1 378 377 376 -1 378 379 377 -1 337 380 381 -1 337 335 380 -1 381 378 382 -1 382 337 381 -1 383 379 384 -1 385 53 386 -1 385 54 53 -1 387 70 69 -1 69 388 387 -1 40 389 38 -1 390 391 392 -1 175 41 178 -1 51 393 394 -1 57 91 188 -1 91 171 189 -1 189 188 91 -1 51 394 48 -1 248 395 396 -1 396 397 248 -1 398 38 389 -1 398 399 38 -1 400 401 385 -1 401 54 385 -1 34 32 4 -1 301 31 33 -1 381 301 384 -1 381 380 301 -1 402 403 404 -1 402 405 403 -1 9 406 10 -1 407 373 375 -1 371 35 28 -1 372 408 370 -1 30 372 28 -1 90 168 98 -1 90 89 168 -1 85 365 86 -1 366 409 99 -1 366 410 409 -1 251 411 395 -1 251 410 411 -1 87 80 363 -1 80 82 363 -1 412 362 359 -1 412 413 362 -1 361 358 357 -1 361 360 358 -1 81 352 82 -1 350 414 343 -1 415 48 394 -1 65 416 340 -1 340 66 65 -1 386 417 418 -1 386 53 417 -1 338 78 339 -1 78 382 339 -1 347 419 418 -1 418 417 347 -1 420 421 329 -1 420 422 421 -1 328 423 424 -1 328 425 423 -1 426 329 326 -1 426 420 329 -1 75 327 326 -1 75 74 327 -1 326 325 426 -1 326 323 325 -1 303 427 180 -1 303 428 427 -1 22 21 429 -1 430 302 431 -1 432 433 434 -1 316 435 124 -1 316 433 435 -1 436 437 312 -1 437 313 312 -1 428 303 306 -1 306 438 428 -1 439 133 294 -1 439 127 133 -1 440 441 442 -1 440 443 441 -1 444 445 446 -1 445 447 446 -1 130 136 293 -1 136 448 293 -1 293 292 449 -1 449 294 293 -1 280 292 293 -1 293 448 280 -1 448 450 280 -1 290 451 289 -1 290 452 451 -1 18 275 453 -1 274 273 454 -1 454 268 274 -1 268 288 269 -1 268 454 288 -1 265 287 62 -1 287 455 62 -1 21 456 457 -1 21 20 456 -1 64 269 265 -1 165 262 257 -1 257 263 165 -1 458 163 165 -1 264 459 458 -1 460 461 456 -1 461 457 456 -1 254 462 256 -1 254 463 462 -1 231 256 253 -1 253 229 231 -1 464 462 465 -1 462 463 465 -1 160 252 161 -1 252 466 161 -1 244 158 155 -1 227 138 44 -1 138 247 44 -1 138 227 112 -1 227 242 112 -1 467 114 468 -1 468 469 467 -1 108 239 228 -1 108 103 239 -1 470 240 238 -1 240 239 238 -1 471 472 232 -1 472 233 232 -1 230 229 473 -1 468 474 469 -1 475 227 221 -1 195 197 218 -1 218 476 195 -1 477 478 479 -1 479 220 477 -1 480 218 217 -1 480 476 218 -1 219 220 481 -1 220 479 481 -1 207 213 204 -1 207 482 213 -1 483 208 201 -1 195 458 459 -1 459 196 195 -1 142 214 484 -1 484 145 142 -1 143 485 486 -1 155 189 245 -1 183 60 59 -1 93 185 171 -1 171 94 93 -1 181 173 179 -1 27 457 461 -1 27 487 457 -1 114 467 111 -1 41 223 488 -1 41 43 223 -1 248 397 489 -1 395 248 251 -1 224 490 491 -1 492 493 494 -1 120 317 118 -1 89 88 169 -1 495 166 30 -1 30 29 495 -1 108 474 241 -1 201 203 483 -1 496 55 187 -1 496 56 55 -1 141 182 110 -1 182 469 110 -1 58 56 154 -1 154 152 58 -1 240 497 483 -1 483 228 240 -1 187 189 155 -1 498 148 199 -1 498 149 148 -1 455 196 62 -1 196 459 62 -1 260 263 257 -1 499 149 498 -1 146 56 147 -1 244 155 245 -1 500 501 135 -1 135 134 500 -1 136 132 137 -1 136 130 132 -1 131 133 127 -1 127 129 131 -1 492 494 279 -1 494 291 279 -1 270 272 19 -1 272 16 19 -1 126 316 124 -1 502 503 504 -1 330 117 505 -1 330 120 117 -1 506 315 314 -1 105 116 243 -1 116 115 243 -1 103 241 104 -1 103 108 241 -1 474 110 469 -1 474 108 110 -1 245 189 106 -1 189 171 106 -1 88 99 409 -1 88 90 99 -1 507 91 92 -1 101 185 93 -1 412 411 364 -1 412 395 411 -1 491 415 508 -1 491 356 415 -1 78 338 418 -1 338 386 418 -1 412 359 395 -1 359 396 395 -1 416 509 400 -1 509 401 400 -1 81 414 350 -1 350 352 81 -1 510 414 81 -1 77 84 336 -1 511 512 513 -1 120 434 317 -1 120 514 434 -1 264 458 165 -1 63 260 64 -1 188 55 57 -1 187 155 157 -1 387 512 70 -1 515 516 68 -1 68 511 515 -1 393 50 342 -1 393 51 50 -1 81 80 510 -1 248 489 246 -1 40 39 406 -1 39 36 406 -1 299 517 5 -1 5 1 299 -1 39 177 28 -1 301 37 31 -1 377 373 407 -1 377 379 373 -1 37 32 31 -1 461 518 14 -1 14 27 461 -1 258 464 519 -1 520 521 19 -1 456 23 25 -1 25 460 456 -1 465 460 25 -1 520 453 22 -1 275 18 16 -1 16 15 275 -1 7 9 10 -1 390 26 391 -1 390 27 26 -1 33 383 384 -1 384 301 33 -1 6 374 34 -1 4 6 34 -1 33 374 383 -1 34 374 33 -1 26 7 391 -1 26 8 7 -1 20 23 456 -1 20 522 23 -1 522 22 277 -1 522 20 22 -1 24 522 523 -1 522 24 23 -1 461 465 518 -1 460 465 461 -1 524 221 174 -1 524 475 221 -1 373 383 374 -1 379 383 373 -1 406 12 40 -1 406 9 12 -1 403 392 11 -1 392 403 295 -1 405 299 296 -1 405 517 299 -1 247 489 525 -1 247 246 489 -1 515 342 516 -1 515 393 342 -1 70 511 68 -1 512 511 70 -1 401 526 341 -1 526 401 509 -1 514 527 434 -1 514 528 527 -1 76 83 529 -1 76 84 83 -1 323 530 324 -1 323 327 530 -1 415 531 508 -1 531 415 394 -1 532 359 361 -1 359 532 396 -1 85 364 411 -1 87 364 85 -1 510 86 324 -1 86 510 80 -1 79 418 419 -1 418 79 78 -1 340 386 338 -1 340 385 386 -1 531 393 515 -1 531 394 393 -1 361 490 532 -1 357 490 361 -1 344 533 529 -1 344 343 533 -1 534 97 98 -1 368 97 534 -1 241 468 236 -1 474 468 241 -1 331 535 536 -1 331 537 535 -1 537 330 505 -1 537 331 330 -1 447 437 446 -1 447 313 437 -1 504 538 539 -1 538 504 540 -1 541 19 521 -1 19 541 270 -1 16 284 17 -1 272 284 16 -1 281 492 279 -1 281 283 492 -1 494 542 291 -1 494 543 542 -1 544 545 546 -1 545 544 547 -1 502 539 548 -1 502 504 539 -1 145 485 143 -1 147 485 145 -1 196 451 198 -1 451 196 455 -1 459 63 62 -1 459 264 63 -1 264 260 63 -1 260 264 263 -1 549 550 551 -1 550 549 452 -1 552 151 153 -1 151 552 553 -1 250 59 61 -1 467 59 250 -1 240 554 497 -1 470 554 240 -1 469 59 467 -1 182 59 469 -1 110 203 141 -1 110 109 203 -1 470 555 554 -1 555 470 556 -1 501 290 286 -1 500 290 501 -1 471 473 557 -1 471 230 473 -1 102 499 558 -1 102 557 499 -1 559 280 450 -1 278 280 559 -1 560 561 562 -1 561 560 563 -1 564 503 502 -1 564 565 503 -1 563 271 561 -1 563 282 271 -1 546 566 567 -1 546 545 566 -1 543 493 568 -1 543 494 493 -1 126 315 316 -1 126 314 315 -1 126 312 314 -1 433 317 434 -1 317 433 316 -1 222 491 508 -1 224 491 222 -1 525 397 569 -1 525 489 397 -1 389 12 14 -1 12 389 40 -1 226 254 255 -1 399 254 226 -1 412 363 413 -1 412 364 363 -1 186 101 251 -1 185 101 186 -1 156 570 157 -1 184 570 156 -1 496 486 485 -1 496 570 486 -1 215 142 571 -1 215 214 142 -1 194 145 484 -1 194 146 145 -1 153 572 552 -1 572 153 573 -1 477 551 478 -1 477 549 551 -1 163 195 476 -1 458 195 163 -1 574 159 261 -1 574 575 159 -1 576 554 555 -1 576 577 554 -1 205 483 497 -1 208 483 205 -1 577 209 211 -1 576 209 577 -1 213 202 204 -1 213 215 202 -1 578 207 206 -1 578 482 207 -1 481 482 578 -1 481 579 482 -1 212 217 219 -1 210 217 212 -1 216 484 214 -1 216 580 484 -1 481 581 579 -1 481 479 581 -1 194 580 573 -1 580 194 484 -1 572 479 478 -1 479 572 581 -1 220 197 477 -1 218 197 220 -1 227 234 242 -1 227 475 234 -1 490 225 582 -1 225 490 224 -1 558 103 102 -1 558 238 103 -1 569 45 525 -1 45 569 582 -1 466 262 161 -1 466 257 262 -1 462 258 583 -1 258 462 464 -1 558 498 556 -1 558 499 498 -1 102 237 472 -1 104 237 102 -1 583 256 462 -1 583 253 256 -1 175 399 226 -1 175 38 399 -1 519 24 584 -1 25 24 519 -1 268 585 274 -1 585 268 267 -1 276 586 523 -1 586 276 585 -1 523 584 24 -1 523 586 584 -1 269 287 265 -1 269 288 287 -1 500 452 290 -1 452 500 550 -1 134 550 500 -1 550 134 553 -1 135 448 136 -1 135 450 448 -1 501 450 135 -1 501 559 450 -1 449 291 542 -1 292 291 449 -1 152 137 132 -1 137 152 151 -1 538 520 587 -1 520 538 521 -1 429 588 22 -1 429 589 588 -1 590 27 390 -1 590 487 27 -1 588 591 587 -1 588 592 591 -1 593 590 594 -1 590 593 589 -1 392 297 390 -1 392 295 297 -1 592 595 591 -1 592 596 595 -1 594 597 593 -1 594 598 597 -1 595 599 444 -1 596 599 595 -1 597 600 601 -1 598 600 597 -1 298 299 300 -1 296 299 298 -1 599 445 444 -1 599 442 445 -1 602 601 600 -1 602 440 601 -1 442 603 445 -1 442 441 603 -1 604 440 602 -1 604 443 440 -1 605 441 606 -1 441 605 603 -1 430 443 604 -1 430 607 443 -1 128 439 307 -1 128 127 439 -1 432 428 438 -1 432 608 428 -1 435 306 310 -1 306 435 438 -1 439 449 609 -1 294 449 439 -1 547 309 609 -1 547 544 309 -1 565 122 567 -1 565 564 122 -1 568 282 563 -1 568 493 282 -1 540 503 562 -1 504 503 540 -1 436 502 437 -1 436 564 502 -1 608 434 527 -1 432 434 608 -1 380 423 431 -1 380 335 423 -1 425 431 423 -1 425 430 431 -1 606 421 422 -1 606 607 421 -1 429 457 487 -1 429 21 457 -1 181 427 610 -1 181 180 427 -1 180 304 303 -1 180 179 304 -1 608 427 428 -1 608 321 427 -1 369 535 611 -1 369 368 535 -1 332 536 612 -1 332 331 536 -1 325 613 426 -1 325 611 613 -1 84 424 336 -1 76 424 84 -1 426 614 420 -1 613 614 426 -1 528 319 527 -1 528 334 319 -1 335 424 423 -1 424 335 336 -1 329 425 328 -1 329 421 425 -1 420 615 422 -1 614 615 420 -1 117 614 505 -1 615 614 117 -1 77 382 78 -1 382 77 337 -1 416 73 509 -1 65 73 416 -1 531 511 513 -1 515 511 531 -1 616 415 356 -1 48 415 616 -1 617 48 616 -1 617 49 48 -1 417 49 617 -1 417 53 49 -1 86 322 324 -1 322 86 365 -1 358 354 355 -1 358 360 354 -1 82 413 363 -1 82 352 413 -1 409 251 101 -1 409 410 251 -1 411 366 85 -1 366 411 410 -1 98 333 534 -1 98 168 333 -1 318 96 610 -1 95 96 318 -1 172 92 57 -1 172 173 92 -1 72 388 69 -1 495 388 72 -1 495 67 166 -1 67 495 72 -1 377 372 30 -1 377 407 372 -1 407 408 372 -1 408 407 375 -1 10 371 404 -1 371 10 35 -1 370 618 402 -1 408 618 370 -1 404 11 10 -1 404 403 11 -1 402 517 405 -1 618 517 402 -1 618 5 517 -1 618 6 5 -1 431 301 380 -1 431 302 301 -1 518 463 398 -1 465 463 518 -1 561 270 541 -1 561 271 270 -1 396 569 397 -1 532 569 396 -1 178 488 387 -1 488 178 41 -1 398 14 518 -1 398 389 14 -1 177 38 175 -1 177 39 38 -1 387 176 178 -1 176 387 388 -1 513 387 488 -1 512 387 513 -1 381 379 378 -1 384 379 381 -1 382 376 339 -1 382 378 376 -1 339 167 66 -1 339 376 167 -1 408 6 618 -1 375 6 408 -1 371 402 404 -1 370 402 371 -1 406 35 10 -1 35 406 36 -1 166 66 167 -1 66 166 67 -1 495 176 388 -1 495 29 176 -1 170 57 58 -1 172 57 170 -1 610 507 181 -1 96 507 610 -1 320 95 318 -1 100 95 320 -1 365 369 322 -1 365 367 369 -1 97 366 99 -1 97 367 366 -1 352 362 413 -1 353 362 352 -1 356 355 616 -1 356 358 355 -1 616 348 617 -1 616 355 348 -1 351 354 353 -1 346 354 351 -1 346 345 349 -1 351 345 346 -1 347 617 348 -1 347 417 617 -1 53 50 49 -1 53 52 50 -1 619 347 349 -1 419 347 619 -1 349 344 619 -1 344 349 345 -1 68 526 71 -1 68 516 526 -1 509 71 526 -1 509 73 71 -1 330 514 120 -1 330 332 514 -1 332 528 514 -1 528 332 612 -1 334 320 319 -1 334 169 320 -1 528 333 334 -1 333 528 612 -1 613 505 614 -1 613 537 505 -1 424 75 328 -1 75 424 76 -1 611 537 613 -1 611 535 537 -1 612 534 333 -1 612 536 534 -1 322 611 325 -1 369 611 322 -1 527 321 608 -1 527 319 321 -1 179 128 304 -1 179 173 128 -1 610 321 318 -1 610 427 321 -1 606 615 605 -1 615 606 422 -1 425 607 430 -1 421 607 425 -1 605 117 119 -1 605 615 117 -1 123 564 436 -1 122 564 123 -1 541 562 561 -1 541 540 562 -1 567 560 565 -1 566 560 567 -1 609 542 547 -1 449 542 609 -1 544 308 309 -1 544 311 308 -1 435 125 124 -1 310 125 435 -1 307 609 309 -1 439 609 307 -1 306 308 310 -1 305 308 306 -1 433 438 435 -1 438 433 432 -1 307 304 128 -1 305 304 307 -1 604 302 430 -1 0 302 604 -1 606 443 607 -1 443 606 441 -1 605 506 603 -1 605 119 506 -1 0 602 3 -1 0 604 602 -1 603 447 445 -1 603 506 447 -1 600 3 602 -1 300 3 600 -1 440 599 601 -1 440 442 599 -1 598 300 600 -1 298 300 598 -1 601 596 597 -1 601 599 596 -1 444 548 595 -1 444 446 548 -1 594 298 598 -1 297 298 594 -1 596 593 597 -1 593 596 592 -1 591 548 539 -1 591 595 548 -1 390 594 590 -1 390 297 594 -1 589 592 588 -1 589 593 592 -1 539 587 591 -1 587 539 538 -1 589 487 590 -1 487 589 429 -1 22 587 520 -1 22 588 587 -1 170 132 131 -1 170 152 132 -1 493 283 282 -1 492 283 493 -1 553 137 151 -1 134 137 553 -1 286 559 501 -1 286 620 559 -1 454 286 288 -1 620 286 454 -1 273 620 454 -1 620 273 285 -1 282 272 271 -1 284 272 282 -1 287 451 455 -1 289 451 287 -1 285 281 278 -1 17 281 285 -1 274 276 275 -1 585 276 274 -1 266 269 64 -1 267 269 266 -1 586 259 584 -1 266 259 586 -1 585 266 586 -1 585 267 266 -1 258 584 259 -1 258 519 584 -1 253 466 252 -1 466 253 583 -1 231 524 255 -1 231 232 524 -1 472 557 102 -1 471 557 472 -1 257 583 258 -1 257 466 583 -1 150 473 229 -1 473 150 149 -1 261 161 262 -1 261 159 161 -1 243 249 244 -1 243 115 249 -1 186 106 171 -1 107 106 186 -1 250 111 467 -1 249 111 250 -1 116 248 246 -1 116 105 248 -1 238 556 470 -1 556 238 558 -1 235 472 237 -1 472 235 233 -1 233 242 234 -1 235 242 233 -1 582 532 490 -1 582 569 532 -1 47 582 225 -1 582 47 45 -1 255 174 226 -1 174 255 524 -1 488 222 513 -1 488 223 222 -1 43 225 223 -1 47 225 43 -1 573 581 572 -1 581 573 580 -1 581 216 579 -1 581 580 216 -1 574 217 210 -1 574 480 217 -1 578 219 481 -1 212 219 578 -1 213 579 216 -1 482 579 213 -1 209 574 210 -1 575 574 209 -1 206 212 578 -1 211 212 206 -1 209 200 575 -1 200 209 576 -1 205 211 206 -1 577 211 205 -1 207 201 208 -1 207 204 201 -1 497 577 205 -1 577 497 554 -1 555 200 576 -1 200 555 199 -1 575 162 159 -1 575 200 162 -1 480 261 164 -1 480 574 261 -1 197 549 477 -1 197 198 549 -1 478 552 572 -1 478 551 552 -1 573 154 194 -1 573 153 154 -1 56 485 147 -1 485 56 496 -1 571 202 215 -1 571 139 202 -1 140 60 183 -1 140 190 60 -1 192 193 144 -1 192 190 193 -1 486 192 143 -1 191 192 486 -1 191 570 184 -1 191 486 570 -1 187 570 496 -1 570 187 157 -1 184 60 191 -1 60 184 61 -1 463 399 398 -1 463 254 399 -1 177 29 28 -1 177 176 29 -1 131 172 170 -1 131 129 172 -1 181 92 173 -1 92 181 507 -1 513 508 531 -1 222 508 513 -1 436 126 123 -1 312 126 436 -1 568 545 543 -1 566 545 568 -1 567 121 546 -1 122 121 567 -1 562 565 560 -1 503 565 562 -1 566 563 560 -1 563 566 568 -1 620 278 559 -1 285 278 620 -1 164 476 480 -1 164 163 476 -1 230 232 231 -1 471 232 230 -1 557 149 499 -1 557 473 149 -1 109 483 203 -1 109 228 483 -1 61 158 250 -1 158 61 156 -1 198 452 549 -1 451 452 198 -1 551 553 552 -1 553 551 550 -1 556 199 555 -1 498 199 556 -1 139 193 140 -1 193 139 571 -1 144 571 142 -1 144 193 571 -1 125 121 123 -1 125 311 121 -1 315 119 118 -1 315 506 119 -1 311 546 121 -1 546 311 544 -1 543 547 542 -1 543 545 547 -1 17 283 281 -1 17 284 283 -1 540 521 538 -1 521 540 541 -1 437 548 446 -1 548 437 502 -1 314 447 506 -1 314 313 447 -1 105 245 106 -1 105 243 245 -1 114 236 468 -1 113 236 114 -1 368 536 535 -1 368 534 536 -1 88 101 100 -1 409 101 88 -1 91 96 94 -1 91 507 96 -1 419 83 79 -1 419 619 83 -1 533 414 530 -1 533 343 414 -1 341 516 342 -1 341 526 516 -1 529 619 344 -1 529 83 619 -1 416 385 340 -1 416 400 385 -1 490 356 491 -1 490 357 356 -1 529 74 76 -1 529 533 74 -1 533 327 74 -1 327 533 530 -1 324 414 510 -1 530 414 324 -1 69 73 72 -1 71 73 69 -1 52 401 341 -1 52 54 401 -1 525 44 247 -1 45 44 525 -1 46 43 42 -1 46 47 43 -1 405 295 403 -1 295 405 296 -1 391 11 392 -1 11 391 7 -1 232 475 524 -1 232 234 475 -1 25 464 465 -1 25 519 464 -1 277 523 522 -1 277 276 523 -1 453 277 22 -1 453 275 277 -1 18 520 19 -1 453 520 18 -1 8 12 9 -1 8 13 12 -1 1 4 2 -1 1 5 4 -1' creaseAngle='1.571'>
            <Coordinate DEF='ltalus_Coord' point='2.8474 2.6344 -2.9679 3.0391 2.7703 -2.7672 2.9671 2.6878 -2.896 2.9247 2.8024 -2.7466 3.0221 2.6926 -2.8698 3.0736 2.7542 -2.7695 3.1346 2.6473 -2.7256 3.047 2.6966 -2.0097 3.0311 2.6639 -1.966 3.0623 2.5999 -1.9856 3.1364 2.6457 -2.1557 3.056 2.7194 -2.057 3.0325 2.5971 -1.9662 3.0074 2.6491 -1.9505 2.8877 2.6246 -1.9314 1.8347 2.425 -1.7574 1.7986 2.4347 -1.7807 1.752 2.3291 -1.7738 1.9299 2.5134 -1.8069 1.8314 2.5412 -1.8295 2.3988 2.5718 -1.8527 2.4058 2.5843 -1.8691 2.2347 2.5791 -1.8617 2.5618 2.5006 -1.7775 2.5529 2.4874 -1.766 2.6104 2.4829 -1.7586 3.0058 2.6777 -1.9598 2.8667 2.6486 -1.928 3.1786 2.3499 -2.3972 3.1685 2.2746 -2.4082 3.2051 2.315 -2.5219 2.9895 2.6028 -2.9584 3.0052 2.6258 -2.9394 3.0276 2.5812 -2.9363 3.044 2.5993 -2.9105 3.1658 2.5049 -2.2674 3.1128 2.4399 -2.178 2.9469 2.6214 -2.9528 2.8945 2.3712 -2.0678 3.0956 2.4194 -2.1644 3.0562 2.5222 -2.0109 2.9152 2.0803 -2.1873 2.7363 2.0562 -2.1951 2.745 2.0281 -2.2182 2.4706 2.0029 -2.291 2.4837 1.9848 -2.3184 2.6298 2.0141 -2.2391 2.6404 1.99 -2.2631 2.9988 1.7912 -2.4969 3.1264 1.9315 -2.6277 3.2853 1.8457 -2.554 3.2158 1.7859 -2.465 3.3336 1.9192 -2.6354 3.2407 2.0541 -2.7675 3.3615 1.9622 -2.6831 1.7812 1.9335 -2.4368 1.7512 1.844 -2.3263 1.7683 1.9756 -2.4483 1.746 1.884 -2.3232 2.2812 1.758 -2.301 2.1091 1.7006 -2.2622 2.1482 1.8074 -2.4182 2.2988 2.3451 -1.1877 2.3755 2.3629 -1.2731 2.3421 2.3606 -1.313 3.4199 2.0556 -2.6678 3.35 2.1047 -2.7224 3.3967 2.087 -2.6405 3.3354 1.8795 -2.4189 3.3777 1.9786 -2.477 3.296 1.9103 -2.3857 3.3994 1.943 -2.5111 3.3952 2.0355 -2.5589 3.4133 1.9949 -2.5846 2.6662 2.1661 -3.2952 2.6567 2.2169 -3.2858 2.8552 2.2523 -3.2399 3.0509 2.2714 -3.0325 3.1639 2.223 -2.9285 3.0466 2.2493 -3.037 2.2206 1.8815 -3.1591 2.3273 1.9489 -3.1728 2.2532 1.9474 -3.1088 2.9426 2.2519 -3.164 2.9382 2.2718 -3.1612 2.0853 1.8509 -3.103 2.2085 1.8983 -3.1866 2.1093 1.8638 -3.085 1.7894 1.8739 -2.9858 1.8104 1.8826 -3.0503 1.8349 1.8643 -3.0548 1.7426 2.0248 -2.5654 1.7248 2.0627 -2.5424 1.7399 1.9745 -2.7196 1.744 2.002 -2.6256 1.7142 1.9972 -2.7337 1.718 2.038 -2.6443 1.9339 1.8919 -3.129 1.8749 1.9081 -3.1146 1.8689 1.8477 -3.039 1.7402 1.9293 -2.8517 1.7767 1.9159 -2.836 2.5093 1.8742 -1.7403 2.429 1.7475 -1.799 2.4339 1.7718 -1.8248 2.0484 2.0122 -2.5099 1.9077 1.9961 -2.5552 1.9375 2.0102 -2.5992 2.3308 1.6537 -1.9147 2.2925 1.5289 -1.951 2.265 1.5496 -2.0284 2.2827 1.9346 -2.2761 2.3015 1.9586 -2.2641 2.3446 1.8862 -2.1874 2.3316 1.8612 -2.2085 2.1874 1.9971 -2.3937 2.2082 2.0166 -2.3971 1.988 2.3886 -3.1147 1.9249 2.4825 -3.0076 1.9502 2.4975 -3.0164 1.9536 2.3802 -3.1041 1.8163 2.597 -2.3718 1.8266 2.6344 -2.3777 1.8445 2.659 -2.4874 1.8498 2.6391 -2.6259 1.8467 2.6185 -2.4952 1.8607 2.6788 -2.633 1.7929 2.127 -2.3284 1.8034 2.2129 -2.4574 1.7747 2.091 -2.3519 1.7815 1.9275 -2.0613 1.7698 2.0086 -2.2623 1.7688 1.8797 -2.0811 1.7742 2.0487 -2.2392 1.7312 1.9162 -1.755 1.7482 1.9597 -1.7767 1.7711 1.9017 -1.8698 1.7464 1.8589 -1.8628 2.312 2.0135 -2.336 2.1619 1.5635 -2.0418 2.1676 1.5761 -2.0587 2.2329 1.5369 -2.0485 1.9403 1.5582 -2.0818 1.8459 1.6147 -2.1595 1.9512 1.5721 -2.102 1.8187 1.6163 -2.1498 1.7557 1.6758 -2.1707 1.7731 1.6909 -2.2197 2.6183 2.0131 -1.4979 2.6154 2.0145 -1.5274 2.6333 2.0926 -1.5112 1.7114 1.7877 -1.9004 1.7352 1.8022 -2.1208 1.7034 1.758 -1.8971 1.7345 1.7671 -2.1265 1.8781 1.9418 -2.4748 2.0236 1.8566 -2.4605 1.8765 1.9122 -2.4514 2.037 1.8849 -2.4765 2.5639 2.1045 -1.3214 2.6135 2.1318 -1.4488 2.609 2.1716 -1.3815 2.609 2.0283 -1.4244 2.413 2.266 -1.1945 2.4565 2.2257 -1.2071 2.4674 2.3176 -1.2635 3.2693 2.1999 -2.5616 3.2346 2.2201 -2.6385 1.823 1.9154 -3.0979 1.7472 1.9371 -3.0476 1.7432 1.9365 -2.3057 1.8005 1.9707 -2.5999 1.7497 2.039 -2.3903 1.7235 2.1191 -2.5102 2.7176 2.1616 -2.1034 2.8882 2.2444 -2.1156 3.1115 2.2141 -2.2874 3.1033 2.2806 -2.2539 3.0018 2.1235 -2.2094 1.727 2.1739 -2.603 1.729 2.1831 -2.6501 1.705 2.1102 -2.6441 2.2791 1.6596 -2.1743 2.2278 1.6647 -2.1907 2.0081 1.8274 -2.4209 1.7791 1.9749 -2.7151 1.8567 2.0014 -2.6696 1.8211 1.9325 -2.4469 1.7741 1.9597 -2.4753 1.7869 1.9398 -2.4952 2.0707 1.6037 -2.1114 1.9645 1.7251 -2.2864 1.9546 1.6148 -2.1482 2.0678 1.5683 -2.0751 1.7443 1.6636 -2.0781 2.2435 2.2195 -1.1223 2.1789 2.2497 -1.142 2.0713 2.0544 -1.1667 2.0422 2.1023 -1.202 2.5935 1.8976 -1.5004 2.537 1.9216 -1.392 2.2325 1.5144 -1.8778 2.1362 1.5085 -1.9292 2.2625 1.501 -1.9483 2.1485 1.4923 -1.8533 2.3203 1.5544 -1.6 2.2148 1.5477 -1.5196 2.1577 1.4894 -1.6845 2.2724 1.5227 -1.7301 2.3638 1.8037 -1.3155 2.2829 1.8347 -1.244 2.2792 1.6514 -1.4154 2.1532 1.6947 -1.3485 2.0295 1.4745 -1.847 1.9188 1.5099 -2.0018 2.0332 1.5042 -1.9435 1.8941 1.5001 -1.8579 2.1987 1.9048 -1.196 2.1431 1.964 -1.1634 2.0475 1.7239 -1.3158 1.9529 1.7767 -1.3102 2.5873 2.0937 -2.1479 2.8603 1.8115 -2.3626 2.7959 1.9161 -2.3049 2.6923 1.828 -2.4297 2.6701 1.9079 -2.3338 2.7837 2.2363 -2.0362 2.459 2.0476 -2.1886 2.3782 1.5932 -1.835 2.6024 2.1567 -1.6514 2.5768 2.0965 -1.7127 2.6255 2.1864 -1.7961 2.6 2.1346 -1.8911 2.5261 2.0509 -1.9806 2.5283 2.0716 -2.0067 2.4149 1.9646 -2.0953 2.3086 1.7977 -2.0483 2.4204 1.8711 -1.9646 2.4739 1.7186 -1.674 2.4204 1.6626 -1.7579 2.4374 1.6058 -1.7049 2.3349 1.693 -1.9339 2.4092 2.0027 -2.1443 2.0502 1.9924 -2.4829 2.0006 1.941 -2.4916 1.9308 1.9742 -2.5108 2.2187 2.0348 -2.4722 2.3224 2.0115 -2.406 2.0429 2.0265 -2.652 2.1518 1.9171 -2.4058 2.175 1.8275 -2.4206 1.9262 1.9602 -2.8209 2.6294 2.1893 -1.5006 2.6379 2.2446 -1.6096 2.7208 2.3527 -1.9152 2.679 2.2282 -1.9567 2.6459 2.2977 -1.7705 2.565 2.3095 -1.4062 2.5754 2.3711 -1.5481 2.4802 2.3663 -1.5333 2.4821 2.3516 -1.3805 2.5131 2.1519 -1.2531 2.5555 2.2522 -1.318 2.4778 2.3393 -1.3256 2.3911 2.3532 -1.2543 2.2596 2.3339 -1.2715 2.3246 2.3313 -1.5238 2.2076 2.3396 -1.5203 2.1147 2.3283 -1.5192 2.2137 2.3555 -1.3291 1.8067 2.5387 -1.8508 1.7949 2.5142 -1.8714 1.7778 2.4362 -1.8111 1.9075 2.4054 -1.7104 2.01 2.3902 -1.6767 1.9696 2.4979 -1.8039 2.1928 2.4806 -1.7878 2.2171 2.5446 -1.8489 1.7511 2.1855 -1.7638 1.6892 2.2012 -1.9065 1.7378 2.1086 -1.8923 1.722 2.2698 -1.8119 1.7525 2.4217 -1.9374 1.7202 2.3023 -1.8348 1.7395 2.3422 -1.8079 1.8093 2.2985 -1.7047 1.9625 2.2037 -1.3764 2.129 2.2331 -1.2636 2.0881 2.3017 -1.3502 2.0048 2.1239 -1.3147 1.9027 2.0628 -1.3722 1.6769 2.1978 -2.0332 1.7229 2.1443 -2.0529 1.7872 2.0065 -2.039 1.7645 2.1183 -2.1994 3.0568 2.809 -2.2445 3.0563 2.8566 -2.4702 2.9399 2.8357 -2.2287 2.9428 2.8668 -2.4739 3.0579 2.8335 -2.6316 2.9357 2.837 -2.6135 2.9592 2.5112 -2.9892 2.8266 2.4956 -3.0567 1.8142 2.3037 -2.6199 1.8043 2.2773 -2.541 1.8614 2.3664 -2.4856 1.8445 2.3982 -2.601 1.8656 2.3106 -2.3823 1.8675 2.5111 -2.418 1.8498 2.4254 -2.313 1.8637 2.5349 -2.542 1.8245 2.5647 -2.3904 1.8926 2.7263 -2.6569 1.919 2.7429 -2.6654 1.9153 2.6622 -2.7909 1.9145 2.6157 -2.8491 1.8691 2.5625 -2.8168 1.9184 2.4509 -3.0094 1.7005 2.0441 -2.8338 1.746 2.1016 -2.9761 1.7152 1.9907 -2.9276 1.7412 2.1596 -2.8592 2.1812 1.9846 -3.1926 2.4059 2.08 -3.2553 2.3647 2.0195 -3.2371 2.219 2.0898 -3.1972 2.4431 2.2159 -3.2261 2.4748 2.089 -3.2759 2.646 2.2905 -3.2083 2.4602 2.3068 -3.1922 1.9677 2.2656 -3.1761 1.9663 2.216 -3.1971 1.9086 2.2219 -3.1749 1.8275 2.0191 -3.1605 1.7671 2.0328 -3.103 2.9675 2.325 -3.0723 2.9596 2.2886 -3.1142 3.0485 2.3008 -3.0199 3.3081 2.1307 -2.8336 3.2573 2.1903 -2.8318 3.4073 2.0589 -2.7447 3.4007 1.8606 -2.5773 3.3645 1.8215 -2.5058 2.6778 2.1198 -3.2896 2.8409 2.2049 -3.2465 2.7308 2.1625 -3.2123 2.6527 2.0895 -2.9569 2.9572 2.1936 -2.9852 2.7973 2.0707 -2.8188 2.8103 2.1739 -3.1275 2.5098 2.0616 -3.1713 2.5721 2.0836 -3.0468 2.318 2.0057 -3.0243 2.4006 2.0093 -2.9198 2.5016 2.0099 -2.8075 2.6581 1.9481 -2.6716 2.6829 1.7826 -2.5065 2.5288 1.8188 -2.5562 2.5504 1.8756 -2.6025 2.2248 1.9107 -2.6786 2.4104 1.9375 -2.7062 2.3751 1.8661 -2.6031 2.2909 1.965 -2.7983 2.1221 1.914 -3.0148 2.0405 1.9071 -2.9625 2.1121 1.8779 -3.1601 2.0197 1.8352 -3.0747 2.0443 1.8885 -3.166 1.9892 2.0057 -3.2067 2.065 1.9997 -3.2066 3.1683 2.5346 -2.4837 3.1817 2.5393 -2.3757 3.1866 2.3769 -2.5075 3.1301 2.5002 -2.7853 3.0722 2.5785 -2.8848 3.1519 2.5128 -2.6653 3.1668 2.2744 -2.747 3.1761 2.391 -2.6532 3.0834 2.3257 -2.8473 3.1113 2.4755 -2.8092 2.9672 2.4283 -3.0162 3.0188 2.4004 -2.9721 3.1425 2.2601 -2.9286 3.0586 2.5549 -2.9079 3.0419 2.5051 -2.9412 3.3966 2.0365 -2.7535 3.2965 2.1064 -2.8388 3.1517 2.0062 -2.3216 3.2434 2.0899 -2.3864 2.9349 2.5267 -1.9859 2.9279 2.7325 -2.0005 3.0214 2.7139 -2.0057 3.0299 2.7401 -2.0551 3.2796 1.7539 -2.4471 3.1662 1.7435 -2.402 2.0151 1.9527 -2.811 2.2029 1.9216 -2.6432 2.2171 1.9885 -2.5603 2.8164 2.497 -1.9234 2.8078 2.362 -1.9915 3.4143 2.0063 -2.7174 3.412 1.9206 -2.6432 3.1419 2.7003 -2.4655 3.0834 2.7894 -2.2504 3.1433 2.7035 -2.3232 3.0817 2.8382 -2.4692 3.0793 2.5428 -2.0218 3.1743 2.4161 -2.6423 3.1589 2.5219 -2.5736 1.8266 1.8616 -2.959 1.9377 1.8725 -2.9546 1.9963 1.8914 -2.9673 2.0451 1.9476 -2.8351 2.1886 1.9688 -2.9056 2.4985 2.0465 -3.2693 2.9278 1.7231 -2.437 3.4294 2.0256 -2.6996 3.0958 2.141 -2.8807 3.1519 2.1938 -2.9276 3.0359 2.23 -3.0354 2.3022 2.3089 -3.1815 2.4536 2.3695 -3.1445 2.3197 2.3891 -3.1434 2.8395 2.3446 -3.1392 2.8453 2.3071 -3.184 2.6375 2.3566 -3.1629 2.2679 2.2094 -3.1966 1.7309 2.1795 -2.7235 1.7923 2.2993 -2.717 2.4082 2.6038 -1.8876 2.647 2.4707 -3.0935 2.8226 2.4546 -3.0708 1.8359 2.3727 -2.832 1.8483 2.4529 -2.8302 1.8793 2.3371 -2.9943 1.8602 2.5219 -2.6391 1.8559 2.7349 -2.4783 1.9231 2.8121 -2.4981 1.8398 2.3937 -2.691 1.8349 2.2114 -2.2776 2.4481 2.772 -2.6956 2.3377 2.6323 -2.9186 2.3445 2.7731 -2.7153 2.4557 2.6341 -2.9332 2.1222 2.8394 -2.5464 2.1287 2.7924 -2.7016 1.958 2.8308 -2.5024 1.9524 2.7555 -2.673 1.7645 1.9929 -1.8954 1.737 2.1957 -2.1418 1.7471 2.0101 -1.7993 2.0367 2.1213 -1.2237 1.8374 1.9818 -1.3351 1.9824 2.5428 -1.8258 2.0122 2.3195 -1.5327 2.1699 2.2646 -1.1619 2.5744 2.5194 -1.7937 2.6081 2.5698 -1.8373 2.3509 2.323 -1.1771 2.3174 2.3402 -1.1802 2.627 2.503 -1.7836 2.6851 2.563 -1.8554 2.6381 2.3807 -1.7436 2.7282 2.4494 -1.8434 2.6032 2.4166 -1.7024 2.6508 2.4832 -1.787 2.6106 2.2633 -1.4584 2.3027 1.7812 -2.2991 2.2971 1.7745 -2.0678 2.3053 1.6683 -2.1391 2.4761 1.6618 -1.6094 2.5511 2.0362 -1.7741 2.5236 1.9715 -1.84 2.5727 2.0654 -1.6845 2.3149 1.6831 -1.9749 2.5758 2.114 -2.0704 2.3111 2.1442 -1.1447 1.851 1.8717 -1.3038 1.7071 1.8051 -1.5238 1.8194 1.6757 -1.5132 2.3639 2.0879 -1.1605 1.9385 1.609 -1.478 2.0405 1.4935 -1.6745 2.3548 1.5677 -1.8341 1.8101 1.5746 -2.0332 1.791 1.7011 -2.2403 1.8588 1.7285 -2.285 2.6581 2.6311 -1.9082 3.0004 1.9457 -2.2593 2.2204 2.0283 -2.5069 2.5279 1.8158 -2.5189 2.694 1.7765 -2.4666 1.686 2.2388 -1.9173 1.7108 2.3275 -1.9912 1.6714 2.2316 -2.0217 3.2771 2.1562 -2.4777 1.7972 1.8501 -2.3762 2.4155 1.5862 -1.6911 2.5973 1.8988 -1.5263 2.5859 1.9141 -1.5742 1.7623 2.0145 -1.6022 1.7697 2.0563 -1.6338 1.9179 2.8048 -2.39 1.8735 2.7411 -2.179 1.8978 2.7791 -2.1698 2.0041 2.2697 -3.1827 1.9468 2.6321 -2.865 1.7198 2.059 -2.5794 2.9229 1.7262 -2.4069 3.436 1.9377 -2.6223 2.3195 1.9629 -3.2008 3.2372 1.8644 -2.3777 3.2238 1.8865 -2.3612 3.0861 1.8412 -2.3144 1.8821 2.2552 -3.1379 3.2881 1.7676 -2.4137 3.3797 1.8379 -2.4811 3.0826 2.816 -2.6326 2.7176 2.5476 -1.8697 2.5712 2.4259 -1.6852 1.9985 2.5923 -1.8631 1.8688 2.624 -1.887 2.3851 2.5302 -1.8371 2.3568 2.4777 -1.7813 2.6421 2.1694 -2.003 2.3403 1.9968 -2.4306 3.4202 1.8774 -2.5545 1.8025 2.2099 -2.991 1.8144 2.1307 -3.1288 2.8568 2.2296 -3.2456 2.4823 2.0655 -3.2785 3.1683 1.7545 -2.3598 2.3603 1.871 -2.5678 2.6719 2.1439 -3.2989 1.9366 2.0181 -3.1998 1.9978 2.0955 -3.226 1.9452 2.0908 -3.2137 2.0019 2.2113 -3.2042 1.9097 2.7153 -2.0073 1.9301 2.7968 -2.1634 1.8793 2.6998 -2.0192 1.8412 2.6145 -1.9043 1.6825 2.2579 -2.1095 1.676 2.2856 -2.0875 1.7838 2.488 -2.2785 1.7349 2.3999 -2.1637 1.7738 2.5161 -2.2571 1.7465 2.3763 -2.1852 1.9517 2.8235 -2.392 1.8339 1.9588 -1.3262 1.7106 1.9328 -1.5521 1.7033 1.9035 -1.5413 1.6769 1.8301 -1.7435 1.6859 1.8581 -1.75 2.4586 1.6507 -1.5842 2.5345 1.7711 -1.5225 2.5472 1.7763 -1.549 2.5385 1.978 -1.7165 2.5255 1.8091 -1.6217 1.7639 2.0974 -1.6752 1.7926 2.5564 -2.0713 1.8154 2.5616 -1.9271 1.8495 2.6503 -2.0343 1.7651 2.4655 -1.9787 1.8467 2.7114 -2.3708 1.8176 2.6495 -2.2031 1.7615 2.4725 -2.1256 1.7918 2.5699 -2.2396 1.7229 2.3778 -2.0357 2.3735 1.9344 -2.4829 1.8699 1.8416 -2.3871 2.0638 1.5538 -2.0538 1.6895 1.7094 -1.7122 1.7101 1.6765 -1.8869 2.4203 2.0357 -1.2023 2.4838 1.9921 -1.2797 2.4343 1.7616 -1.4238 2.3725 1.6345 -1.5063 2.0871 1.5596 -1.4863 1.9112 1.5038 -1.691 1.7888 1.5594 -1.8863 1.786 1.5893 -1.7038 2.5108 1.9162 -2.3992 2.6246 2.315 -1.5939 2.5116 2.4215 -1.6715 2.2008 2.4017 -1.6764 2.3448 2.4015 -1.6654 2.0599 2.7174 -1.9971 2.2965 2.7014 -2.0221 2.4373 2.6973 -2.0181 2.6898 2.711 -2.0021 2.1089 2.8145 -2.2096 2.3393 2.7874 -2.2091 2.4632 2.7802 -2.2058 2.7271 2.8221 -2.2234 2.1284 2.8458 -2.4227 2.3413 2.8194 -2.4334 2.4796 2.8333 -2.4526 2.7029 2.8626 -2.4653 2.3419 2.8107 -2.5525 2.6909 2.8436 -2.6003 2.4657 2.8176 -2.5633 2.6704 2.7918 -2.7383 2.1209 2.6498 -2.9273 2.6665 2.6398 -2.9564 2.1153 2.4978 -3.0649 2.3389 2.4738 -3.0775 2.462 2.4614 -3.0848 1.7948 2.2867 -2.8517 1.8181 2.3058 -2.2191 1.7071 2.0916 -2.7184 2.0837 2.1172 -3.2272 1.8604 2.0989 -3.1724 2.1154 2.2164 -3.2205 2.1244 2.3026 -3.2023 2.1182 2.4025 -3.155 2.8035 1.879 -2.5817 2.9489 2.0089 -2.7205 3.1347 2.6845 -2.6191 2.939 2.2344 -3.1596 1.905 2.2427 -1.5362'/>
          </IndexedFaceSet>
        </Shape>
        <Shape DEF='lcalc'>
          <Appearance>
            <Material ambientIntensity='0.965' diffuseColor='1 0.9765 0.8667' emissiveColor='0 0 0' shininess='0.05' specularColor='0.349 0.349 0.349'/>
          </Appearance>
          <IndexedFaceSet DEF='lcalc_Geo' coordIndex='0 1 2 -1 3 4 5 -1 3 6 4 -1 7 8 9 -1 10 11 12 -1 13 14 15 -1 13 16 14 -1 17 18 19 -1 20 21 22 -1 20 23 21 -1 24 25 26 -1 26 27 24 -1 28 29 30 -1 31 32 33 -1 34 35 36 -1 35 37 36 -1 35 38 37 -1 39 40 41 -1 41 42 39 -1 43 44 45 -1 44 46 45 -1 47 48 49 -1 50 51 52 -1 53 54 55 -1 55 56 53 -1 57 58 59 -1 57 60 58 -1 61 47 62 -1 63 64 65 -1 66 67 68 -1 69 70 71 -1 69 72 70 -1 62 47 73 -1 73 74 62 -1 75 76 77 -1 78 79 80 -1 81 82 83 -1 84 85 86 -1 86 87 84 -1 77 88 89 -1 89 90 77 -1 91 92 93 -1 91 94 92 -1 95 96 83 -1 83 82 95 -1 97 98 99 -1 100 101 102 -1 103 104 105 -1 106 107 108 -1 107 109 108 -1 110 111 112 -1 112 113 110 -1 114 115 116 -1 116 117 114 -1 118 119 120 -1 121 19 122 -1 121 21 19 -1 123 124 125 -1 16 13 126 -1 126 127 16 -1 128 129 130 -1 29 28 131 -1 132 133 134 -1 135 136 137 -1 135 138 136 -1 139 14 1 -1 14 140 1 -1 129 141 142 -1 141 143 142 -1 144 145 146 -1 145 147 146 -1 148 149 127 -1 149 16 127 -1 150 24 151 -1 150 152 24 -1 153 154 155 -1 156 157 158 -1 157 159 158 -1 160 161 162 -1 160 163 161 -1 164 41 120 -1 165 166 167 -1 74 64 63 -1 168 169 170 -1 171 172 173 -1 171 174 172 -1 175 176 177 -1 175 178 176 -1 175 179 178 -1 118 38 52 -1 118 40 38 -1 62 180 181 -1 181 182 62 -1 183 184 185 -1 186 187 188 -1 189 188 190 -1 87 191 192 -1 192 193 87 -1 184 194 195 -1 90 196 197 -1 197 77 90 -1 51 61 52 -1 51 47 61 -1 198 199 200 -1 201 104 202 -1 104 103 202 -1 203 204 205 -1 206 207 208 -1 209 210 211 -1 209 212 210 -1 26 213 30 -1 26 214 213 -1 107 215 113 -1 107 216 215 -1 217 218 219 -1 220 221 222 -1 222 223 220 -1 224 43 45 -1 45 225 224 -1 226 227 228 -1 228 221 226 -1 229 230 231 -1 231 232 229 -1 233 234 235 -1 236 99 237 -1 237 238 236 -1 239 240 241 -1 239 242 240 -1 242 237 243 -1 237 244 243 -1 245 246 247 -1 245 248 246 -1 249 250 251 -1 252 250 253 -1 244 237 99 -1 7 9 97 -1 97 78 7 -1 254 255 256 -1 256 257 254 -1 258 259 260 -1 258 261 259 -1 262 263 264 -1 264 265 262 -1 262 265 266 -1 266 267 262 -1 268 269 270 -1 270 271 268 -1 45 272 273 -1 273 225 45 -1 274 275 276 -1 275 277 276 -1 260 188 258 -1 260 186 188 -1 278 273 279 -1 273 274 279 -1 280 187 281 -1 280 282 187 -1 283 279 284 -1 279 285 284 -1 8 7 191 -1 7 192 191 -1 286 287 288 -1 286 289 287 -1 290 291 218 -1 218 292 290 -1 293 89 294 -1 293 295 89 -1 296 288 287 -1 297 298 193 -1 185 288 183 -1 185 299 288 -1 300 301 302 -1 300 303 301 -1 304 305 306 -1 304 307 305 -1 184 308 309 -1 310 100 311 -1 312 313 314 -1 313 205 314 -1 315 316 317 -1 317 318 319 -1 317 316 318 -1 171 320 321 -1 174 171 322 -1 323 162 161 -1 324 325 124 -1 124 0 324 -1 326 327 125 -1 328 329 327 -1 329 330 327 -1 331 0 123 -1 331 332 0 -1 333 334 335 -1 336 337 338 -1 336 339 337 -1 0 2 340 -1 340 324 0 -1 19 15 122 -1 341 342 343 -1 344 345 156 -1 346 158 347 -1 347 348 346 -1 349 350 351 -1 352 213 353 -1 353 354 352 -1 355 24 27 -1 355 151 24 -1 214 199 198 -1 214 356 199 -1 357 109 112 -1 357 358 109 -1 358 359 360 -1 358 361 359 -1 347 362 363 -1 363 359 347 -1 364 365 360 -1 365 108 360 -1 366 367 368 -1 367 177 368 -1 369 370 371 -1 372 55 373 -1 372 371 55 -1 374 375 376 -1 374 377 375 -1 378 379 380 -1 378 252 379 -1 373 55 54 -1 105 381 382 -1 381 383 382 -1 73 49 384 -1 385 386 387 -1 200 388 198 -1 200 389 388 -1 390 391 392 -1 392 393 390 -1 394 395 396 -1 396 136 394 -1 397 398 399 -1 400 401 402 -1 228 403 404 -1 404 405 228 -1 141 129 406 -1 32 407 33 -1 61 62 182 -1 134 393 132 -1 393 392 132 -1 408 409 132 -1 408 410 409 -1 72 48 47 -1 47 51 72 -1 411 410 167 -1 411 409 410 -1 412 413 414 -1 415 416 417 -1 415 418 416 -1 67 416 412 -1 412 414 67 -1 66 165 419 -1 66 68 165 -1 420 421 422 -1 421 423 422 -1 424 425 110 -1 426 169 427 -1 426 170 169 -1 428 429 430 -1 431 432 433 -1 431 178 432 -1 179 434 435 -1 179 175 434 -1 436 437 438 -1 439 440 441 -1 439 442 440 -1 443 444 441 -1 179 445 446 -1 445 447 446 -1 434 448 449 -1 449 435 434 -1 433 450 106 -1 433 432 450 -1 451 452 453 -1 427 430 429 -1 427 169 430 -1 170 454 168 -1 423 408 455 -1 408 456 455 -1 419 457 421 -1 419 165 457 -1 458 420 201 -1 420 116 201 -1 116 420 117 -1 420 422 117 -1 202 458 201 -1 416 66 459 -1 416 67 66 -1 410 457 167 -1 457 165 167 -1 460 418 415 -1 415 461 460 -1 462 463 464 -1 392 456 408 -1 408 132 392 -1 395 394 465 -1 394 466 465 -1 467 468 42 -1 467 469 468 -1 467 143 469 -1 467 46 143 -1 401 470 471 -1 471 402 401 -1 472 397 473 -1 398 474 475 -1 354 476 135 -1 354 353 476 -1 477 137 136 -1 136 396 477 -1 394 390 393 -1 394 138 390 -1 388 391 390 -1 390 476 388 -1 385 387 389 -1 389 200 385 -1 478 387 386 -1 478 479 387 -1 111 478 386 -1 73 480 481 -1 73 384 480 -1 63 482 483 -1 484 485 482 -1 484 486 485 -1 63 65 487 -1 487 482 63 -1 382 59 488 -1 382 383 59 -1 489 490 252 -1 252 378 489 -1 491 376 492 -1 376 375 492 -1 175 493 434 -1 175 494 493 -1 363 364 359 -1 364 360 359 -1 112 386 357 -1 112 111 386 -1 385 357 386 -1 385 495 357 -1 496 347 359 -1 359 361 496 -1 26 25 214 -1 25 356 214 -1 352 28 30 -1 30 213 352 -1 497 351 498 -1 497 349 351 -1 126 350 127 -1 350 349 127 -1 496 348 347 -1 348 25 346 -1 348 356 25 -1 499 343 342 -1 23 151 355 -1 355 17 23 -1 14 139 15 -1 139 122 15 -1 332 122 139 -1 139 0 332 -1 500 501 502 -1 500 337 501 -1 333 335 157 -1 503 362 159 -1 159 102 503 -1 0 124 123 -1 504 505 506 -1 506 507 504 -1 508 321 509 -1 321 310 509 -1 510 511 318 -1 510 512 511 -1 205 513 314 -1 205 204 513 -1 514 316 315 -1 515 173 172 -1 172 516 515 -1 366 517 173 -1 173 515 366 -1 518 519 307 -1 518 520 519 -1 75 77 197 -1 197 521 75 -1 296 297 522 -1 522 308 296 -1 523 79 94 -1 523 303 79 -1 296 287 297 -1 287 298 297 -1 524 525 526 -1 524 527 525 -1 528 529 530 -1 529 531 530 -1 218 291 219 -1 291 529 219 -1 288 299 286 -1 299 532 286 -1 266 191 86 -1 266 265 191 -1 271 533 267 -1 271 534 533 -1 535 279 283 -1 535 278 279 -1 266 86 85 -1 85 268 266 -1 536 537 485 -1 277 182 538 -1 277 61 182 -1 533 262 267 -1 533 539 262 -1 186 540 541 -1 186 260 540 -1 260 542 540 -1 260 259 542 -1 256 261 258 -1 258 536 256 -1 248 543 246 -1 248 544 543 -1 249 253 250 -1 249 545 253 -1 247 246 545 -1 546 248 245 -1 245 243 546 -1 241 547 93 -1 241 548 547 -1 234 549 548 -1 548 251 234 -1 252 235 250 -1 252 490 235 -1 550 511 551 -1 551 511 512 -1 211 210 552 -1 224 553 554 -1 224 225 553 -1 219 555 217 -1 219 556 555 -1 190 181 537 -1 537 189 190 -1 557 558 559 -1 98 560 561 -1 562 97 9 -1 562 98 97 -1 563 564 565 -1 565 88 563 -1 238 566 236 -1 312 314 567 -1 521 568 569 -1 561 243 244 -1 561 546 243 -1 468 570 42 -1 570 39 42 -1 90 571 196 -1 90 572 571 -1 573 574 95 -1 574 96 95 -1 183 288 296 -1 188 189 536 -1 536 258 188 -1 35 50 52 -1 52 38 35 -1 451 442 447 -1 320 171 517 -1 171 173 517 -1 322 575 174 -1 576 551 512 -1 512 577 576 -1 434 369 448 -1 578 579 580 -1 579 581 580 -1 408 457 410 -1 156 346 344 -1 156 158 346 -1 582 160 583 -1 583 121 582 -1 161 154 323 -1 154 153 323 -1 472 584 397 -1 465 144 146 -1 585 130 142 -1 130 129 142 -1 586 587 578 -1 586 325 587 -1 497 588 349 -1 588 589 349 -1 13 131 126 -1 13 18 131 -1 570 590 147 -1 147 145 570 -1 468 469 33 -1 469 31 33 -1 148 127 349 -1 349 589 148 -1 5 477 396 -1 396 3 5 -1 395 465 591 -1 394 136 138 -1 32 31 141 -1 128 130 592 -1 0 139 1 -1 11 401 340 -1 111 110 425 -1 425 593 111 -1 503 102 368 -1 368 362 503 -1 102 101 368 -1 112 109 113 -1 109 107 113 -1 436 438 594 -1 179 435 445 -1 347 159 362 -1 347 158 159 -1 88 77 76 -1 76 563 88 -1 527 232 231 -1 527 524 232 -1 76 231 563 -1 76 527 231 -1 530 595 596 -1 595 209 596 -1 191 87 86 -1 208 91 206 -1 166 464 167 -1 166 414 464 -1 481 65 64 -1 481 461 65 -1 73 481 74 -1 481 64 74 -1 105 382 597 -1 73 47 49 -1 74 180 62 -1 56 55 371 -1 371 370 56 -1 418 412 416 -1 165 68 166 -1 598 43 599 -1 598 44 43 -1 403 581 600 -1 600 404 403 -1 39 38 40 -1 39 37 38 -1 580 581 403 -1 146 591 465 -1 537 536 189 -1 152 346 25 -1 25 24 152 -1 341 20 601 -1 20 22 601 -1 18 15 19 -1 18 13 15 -1 16 140 14 -1 16 149 140 -1 125 327 123 -1 256 255 261 -1 591 6 3 -1 602 589 588 -1 602 603 589 -1 10 148 604 -1 148 10 149 -1 140 2 1 -1 140 12 2 -1 542 605 606 -1 542 259 605 -1 263 607 608 -1 263 609 607 -1 562 8 264 -1 562 9 8 -1 601 342 341 -1 342 601 501 -1 344 152 499 -1 152 344 346 -1 45 467 164 -1 46 467 45 -1 600 599 404 -1 600 598 599 -1 460 412 418 -1 460 413 412 -1 610 49 48 -1 610 384 49 -1 463 167 464 -1 463 411 167 -1 597 488 417 -1 597 382 488 -1 166 67 414 -1 68 67 166 -1 528 596 611 -1 528 530 596 -1 555 612 613 -1 612 555 556 -1 286 614 289 -1 286 615 614 -1 82 532 95 -1 532 82 616 -1 295 617 572 -1 617 295 212 -1 99 78 97 -1 78 99 236 -1 232 618 619 -1 524 618 232 -1 78 566 79 -1 566 78 236 -1 433 364 431 -1 433 365 364 -1 452 435 449 -1 452 445 435 -1 620 374 376 -1 620 453 374 -1 429 491 381 -1 429 428 491 -1 116 621 201 -1 116 115 621 -1 622 362 368 -1 363 362 622 -1 201 426 104 -1 426 201 621 -1 623 624 11 -1 399 624 623 -1 498 352 354 -1 352 498 351 -1 3 395 591 -1 3 396 395 -1 5 497 477 -1 5 588 497 -1 587 579 578 -1 579 587 625 -1 590 468 33 -1 570 468 590 -1 626 134 133 -1 626 466 134 -1 126 28 350 -1 126 131 28 -1 592 585 627 -1 585 592 130 -1 143 31 469 -1 143 141 31 -1 584 602 4 -1 584 472 602 -1 121 22 21 -1 583 22 121 -1 628 501 601 -1 628 502 501 -1 629 336 630 -1 334 336 629 -1 338 631 632 -1 338 633 631 -1 154 163 634 -1 163 154 161 -1 20 343 150 -1 20 341 343 -1 335 629 311 -1 335 334 629 -1 224 599 43 -1 599 224 635 -1 600 579 627 -1 579 600 581 -1 377 369 371 -1 377 448 369 -1 551 636 550 -1 576 636 551 -1 321 322 171 -1 321 508 322 -1 637 441 440 -1 637 443 441 -1 454 638 168 -1 454 639 638 -1 629 310 311 -1 629 509 310 -1 100 517 101 -1 100 320 517 -1 447 439 446 -1 442 439 447 -1 561 99 98 -1 99 561 244 -1 521 640 568 -1 640 521 197 -1 309 194 184 -1 309 641 194 -1 582 331 642 -1 331 582 332 -1 494 643 493 -1 643 494 567 -1 566 239 92 -1 566 238 239 -1 550 564 230 -1 564 550 636 -1 8 265 264 -1 265 8 191 -1 548 240 644 -1 241 240 548 -1 79 300 80 -1 303 300 79 -1 523 207 645 -1 208 207 523 -1 559 646 647 -1 558 646 559 -1 388 353 198 -1 353 388 476 -1 230 233 550 -1 229 233 230 -1 211 596 209 -1 596 211 648 -1 649 405 635 -1 405 649 222 -1 223 650 648 -1 223 651 650 -1 650 612 611 -1 612 650 652 -1 649 653 651 -1 554 653 649 -1 554 654 653 -1 554 553 654 -1 652 613 612 -1 652 655 613 -1 646 293 294 -1 646 656 293 -1 559 577 557 -1 559 576 577 -1 558 656 646 -1 656 558 657 -1 658 659 660 -1 658 557 659 -1 657 552 656 -1 552 657 661 -1 660 226 658 -1 226 660 227 -1 661 211 552 -1 211 661 220 -1 230 563 231 -1 563 230 564 -1 619 229 232 -1 549 229 619 -1 235 251 250 -1 235 234 251 -1 547 549 619 -1 549 547 548 -1 545 644 247 -1 545 249 644 -1 546 544 248 -1 546 662 544 -1 246 254 545 -1 246 543 254 -1 662 608 607 -1 560 608 662 -1 544 605 543 -1 544 606 605 -1 486 536 485 -1 486 256 536 -1 539 542 609 -1 540 542 539 -1 533 540 539 -1 541 540 533 -1 275 61 277 -1 119 61 275 -1 538 181 190 -1 182 181 538 -1 292 217 574 -1 218 217 292 -1 573 532 299 -1 573 95 532 -1 655 83 613 -1 655 663 83 -1 81 664 665 -1 666 664 81 -1 665 667 668 -1 664 667 665 -1 668 614 615 -1 668 269 614 -1 267 268 271 -1 267 266 268 -1 190 669 538 -1 669 190 282 -1 669 285 276 -1 285 669 670 -1 535 553 278 -1 654 553 535 -1 671 280 672 -1 671 670 280 -1 534 541 533 -1 534 281 541 -1 535 666 663 -1 535 283 666 -1 664 671 667 -1 664 284 671 -1 270 534 271 -1 270 672 534 -1 193 84 87 -1 193 298 84 -1 291 306 305 -1 306 291 290 -1 299 673 573 -1 299 185 673 -1 531 291 305 -1 291 531 529 -1 531 595 530 -1 531 519 595 -1 572 520 571 -1 572 617 520 -1 564 647 565 -1 636 647 564 -1 569 674 675 -1 569 568 674 -1 76 525 527 -1 75 525 76 -1 676 524 526 -1 618 524 676 -1 78 677 7 -1 78 80 677 -1 678 80 300 -1 677 80 678 -1 522 679 680 -1 297 679 522 -1 645 676 681 -1 645 207 676 -1 682 678 683 -1 678 682 680 -1 309 522 684 -1 522 309 308 -1 197 685 640 -1 685 197 196 -1 571 518 686 -1 571 520 518 -1 519 305 307 -1 519 531 305 -1 687 640 685 -1 688 640 687 -1 686 689 690 -1 686 518 689 -1 691 674 688 -1 692 674 691 -1 693 690 694 -1 693 687 690 -1 641 689 304 -1 695 689 641 -1 301 681 692 -1 645 681 301 -1 693 302 691 -1 302 693 683 -1 694 684 682 -1 694 695 684 -1 313 515 516 -1 312 515 313 -1 696 643 513 -1 696 697 643 -1 512 204 203 -1 510 204 512 -1 510 513 204 -1 510 696 513 -1 318 696 510 -1 316 696 318 -1 320 310 321 -1 320 100 310 -1 698 329 699 -1 329 698 700 -1 630 701 702 -1 630 632 701 -1 631 700 698 -1 700 631 703 -1 704 516 705 -1 516 704 313 -1 706 702 701 -1 707 702 706 -1 708 706 699 -1 708 709 706 -1 506 710 507 -1 710 506 711 -1 705 712 704 -1 705 713 712 -1 330 642 331 -1 642 330 714 -1 700 330 329 -1 714 330 700 -1 504 708 328 -1 708 504 507 -1 715 506 505 -1 506 715 713 -1 712 659 716 -1 712 717 659 -1 718 715 719 -1 715 718 717 -1 326 586 720 -1 326 125 586 -1 720 578 719 -1 578 720 586 -1 580 719 578 -1 719 580 718 -1 101 366 368 -1 517 366 101 -1 157 345 333 -1 157 156 345 -1 342 333 345 -1 339 333 342 -1 323 500 502 -1 153 500 323 -1 162 502 628 -1 162 323 502 -1 121 332 582 -1 121 122 332 -1 12 340 2 -1 340 12 11 -1 356 496 199 -1 356 348 496 -1 200 495 385 -1 200 199 495 -1 358 495 361 -1 358 357 495 -1 176 431 622 -1 431 176 178 -1 697 493 643 -1 493 697 721 -1 722 315 723 -1 315 722 514 -1 434 721 369 -1 434 493 721 -1 375 57 492 -1 375 372 57 -1 490 319 724 -1 319 490 489 -1 725 319 489 -1 317 319 725 -1 380 53 378 -1 53 380 54 -1 723 317 725 -1 315 317 723 -1 381 492 383 -1 381 491 492 -1 58 488 59 -1 58 726 488 -1 60 487 58 -1 60 727 487 -1 727 482 487 -1 727 484 482 -1 482 537 483 -1 482 485 537 -1 481 460 461 -1 460 481 480 -1 180 63 483 -1 180 74 63 -1 728 392 391 -1 728 456 392 -1 387 728 389 -1 728 387 479 -1 729 479 478 -1 729 455 479 -1 138 476 390 -1 138 135 476 -1 603 623 604 -1 603 473 623 -1 470 11 624 -1 470 401 11 -1 399 475 624 -1 399 398 475 -1 32 474 407 -1 32 730 474 -1 407 731 732 -1 407 474 731 -1 731 584 733 -1 731 397 584 -1 6 734 733 -1 591 734 6 -1 472 603 602 -1 473 603 472 -1 470 735 471 -1 470 736 735 -1 141 730 32 -1 141 406 730 -1 128 471 735 -1 128 592 471 -1 44 585 142 -1 44 598 585 -1 33 732 590 -1 407 732 33 -1 590 734 147 -1 590 732 734 -1 591 147 734 -1 147 591 146 -1 39 145 37 -1 39 570 145 -1 36 626 34 -1 36 144 626 -1 70 737 71 -1 737 70 34 -1 610 463 462 -1 610 69 463 -1 597 103 105 -1 597 459 103 -1 103 66 202 -1 459 66 103 -1 117 729 593 -1 729 117 422 -1 437 115 114 -1 437 639 115 -1 421 408 423 -1 421 457 408 -1 419 202 66 -1 202 419 458 -1 594 424 110 -1 594 438 424 -1 436 639 437 -1 436 638 639 -1 738 453 620 -1 453 738 451 -1 107 450 216 -1 106 450 107 -1 440 451 738 -1 442 451 440 -1 169 637 430 -1 637 169 168 -1 444 638 436 -1 444 443 638 -1 216 439 441 -1 450 439 216 -1 436 215 444 -1 215 436 594 -1 216 444 215 -1 216 441 444 -1 446 450 432 -1 446 439 450 -1 440 430 637 -1 440 738 430 -1 215 110 113 -1 110 215 594 -1 432 179 446 -1 432 178 179 -1 738 428 430 -1 428 738 620 -1 425 437 114 -1 425 438 437 -1 424 438 425 -1 422 455 729 -1 422 423 455 -1 458 421 420 -1 458 419 421 -1 597 416 459 -1 417 416 597 -1 71 409 411 -1 71 737 409 -1 69 48 72 -1 610 48 69 -1 50 34 70 -1 35 34 50 -1 737 132 409 -1 133 132 737 -1 133 34 626 -1 34 133 737 -1 37 144 36 -1 37 145 144 -1 394 134 466 -1 394 393 134 -1 118 61 119 -1 61 118 52 -1 120 275 272 -1 275 120 119 -1 142 46 44 -1 143 46 142 -1 627 598 600 -1 598 627 585 -1 228 580 403 -1 228 227 580 -1 402 592 625 -1 471 592 402 -1 129 735 406 -1 735 129 128 -1 406 736 730 -1 735 736 406 -1 4 733 584 -1 6 733 4 -1 732 733 734 -1 732 731 733 -1 474 397 731 -1 474 398 397 -1 475 730 736 -1 730 475 474 -1 624 736 470 -1 475 736 624 -1 11 604 623 -1 10 604 11 -1 728 455 456 -1 455 728 479 -1 389 391 388 -1 391 389 728 -1 483 181 180 -1 483 537 181 -1 65 58 487 -1 65 726 58 -1 59 492 57 -1 59 383 492 -1 373 727 60 -1 373 54 727 -1 725 56 723 -1 725 53 56 -1 484 54 380 -1 54 484 727 -1 489 53 725 -1 489 378 53 -1 486 380 379 -1 380 486 484 -1 60 372 373 -1 57 372 60 -1 371 375 377 -1 371 372 375 -1 723 370 722 -1 370 723 56 -1 377 449 448 -1 374 449 377 -1 369 722 370 -1 722 369 721 -1 514 721 697 -1 514 722 721 -1 367 175 177 -1 367 494 175 -1 567 367 312 -1 367 567 494 -1 108 358 360 -1 358 108 109 -1 199 361 495 -1 199 496 361 -1 340 400 324 -1 401 400 340 -1 153 633 500 -1 633 153 155 -1 500 338 337 -1 338 500 633 -1 501 339 342 -1 501 337 339 -1 339 334 333 -1 336 334 339 -1 718 227 660 -1 227 718 580 -1 324 587 325 -1 324 400 587 -1 400 625 587 -1 400 402 625 -1 331 327 330 -1 327 331 123 -1 327 504 328 -1 327 326 504 -1 504 720 505 -1 504 326 720 -1 717 660 659 -1 717 718 660 -1 505 719 715 -1 505 720 719 -1 713 717 712 -1 713 715 717 -1 699 328 708 -1 699 329 328 -1 703 714 700 -1 703 634 714 -1 634 642 714 -1 642 634 163 -1 704 716 203 -1 704 712 716 -1 711 713 705 -1 711 506 713 -1 507 709 708 -1 710 709 507 -1 701 699 706 -1 701 698 699 -1 711 174 710 -1 172 174 711 -1 705 172 711 -1 172 705 516 -1 632 698 701 -1 698 632 631 -1 630 509 629 -1 509 630 702 -1 509 707 508 -1 707 509 702 -1 709 707 706 -1 709 575 707 -1 511 319 318 -1 319 511 724 -1 514 696 316 -1 514 697 696 -1 203 313 704 -1 205 313 203 -1 314 643 567 -1 643 314 513 -1 710 575 709 -1 710 174 575 -1 684 641 309 -1 684 695 641 -1 694 683 693 -1 683 694 682 -1 302 692 691 -1 301 692 302 -1 304 194 641 -1 304 306 194 -1 689 694 690 -1 694 689 695 -1 691 687 693 -1 691 688 687 -1 692 675 674 -1 681 675 692 -1 304 518 307 -1 689 518 304 -1 690 685 686 -1 687 685 690 -1 688 568 640 -1 674 568 688 -1 686 196 571 -1 685 196 686 -1 684 680 682 -1 680 684 522 -1 300 683 678 -1 300 302 683 -1 523 301 303 -1 523 645 301 -1 526 681 676 -1 526 675 681 -1 680 677 678 -1 679 677 680 -1 679 7 677 -1 192 7 679 -1 207 618 676 -1 206 618 207 -1 525 675 526 -1 525 569 675 -1 521 525 75 -1 525 521 569 -1 565 89 88 -1 294 89 565 -1 293 212 295 -1 293 210 212 -1 519 617 595 -1 519 520 617 -1 292 195 290 -1 673 195 292 -1 290 194 306 -1 195 194 290 -1 298 289 84 -1 289 298 287 -1 672 667 671 -1 667 672 270 -1 666 284 664 -1 666 283 284 -1 663 654 535 -1 655 654 663 -1 281 672 280 -1 672 281 534 -1 284 670 671 -1 284 285 670 -1 281 186 541 -1 281 187 186 -1 670 282 280 -1 670 669 282 -1 279 276 285 -1 279 274 276 -1 225 278 553 -1 225 273 278 -1 188 282 190 -1 282 188 187 -1 538 276 277 -1 276 538 669 -1 272 274 273 -1 272 275 274 -1 614 268 85 -1 614 269 268 -1 668 270 269 -1 667 270 668 -1 615 665 668 -1 665 615 616 -1 616 81 665 -1 82 81 616 -1 81 663 666 -1 83 663 81 -1 555 574 217 -1 555 96 574 -1 573 292 574 -1 292 573 673 -1 164 272 45 -1 164 120 272 -1 539 263 262 -1 539 609 263 -1 486 257 256 -1 379 257 486 -1 255 543 605 -1 543 255 254 -1 607 544 662 -1 607 606 544 -1 560 562 608 -1 98 562 560 -1 257 545 254 -1 545 257 253 -1 546 560 662 -1 561 560 546 -1 253 379 252 -1 379 253 257 -1 644 251 548 -1 644 249 251 -1 242 245 240 -1 242 243 245 -1 247 240 245 -1 247 644 240 -1 229 234 233 -1 234 229 549 -1 233 490 724 -1 490 233 235 -1 226 220 661 -1 220 226 221 -1 658 661 657 -1 661 658 226 -1 656 210 293 -1 210 656 552 -1 557 657 558 -1 657 557 658 -1 716 557 577 -1 557 716 659 -1 647 576 559 -1 647 636 576 -1 577 203 716 -1 203 577 512 -1 655 653 654 -1 653 655 652 -1 554 635 224 -1 635 554 649 -1 651 652 650 -1 652 651 653 -1 611 648 650 -1 596 648 611 -1 651 222 649 -1 222 651 223 -1 228 222 221 -1 222 228 405 -1 220 648 211 -1 648 220 223 -1 724 550 233 -1 724 511 550 -1 498 477 497 -1 498 137 477 -1 198 213 214 -1 198 353 213 -1 27 131 355 -1 27 29 131 -1 294 647 646 -1 294 565 647 -1 91 523 94 -1 91 208 523 -1 238 242 239 -1 242 238 237 -1 92 241 93 -1 92 239 241 -1 642 160 582 -1 642 163 160 -1 528 219 529 -1 528 556 219 -1 447 452 451 -1 447 445 452 -1 593 478 111 -1 593 729 478 -1 193 679 297 -1 192 679 193 -1 185 195 673 -1 184 195 185 -1 308 183 296 -1 308 184 183 -1 621 170 426 -1 621 454 170 -1 177 622 368 -1 177 176 622 -1 366 312 367 -1 366 515 312 -1 102 311 100 -1 311 102 159 -1 575 508 707 -1 322 508 575 -1 621 639 454 -1 621 115 639 -1 168 443 637 -1 168 638 443 -1 414 462 464 -1 414 413 462 -1 635 404 599 -1 404 635 405 -1 41 118 120 -1 41 40 118 -1 628 160 162 -1 160 628 583 -1 583 601 22 -1 583 628 601 -1 155 634 703 -1 155 154 634 -1 633 703 631 -1 633 155 703 -1 336 632 630 -1 336 338 632 -1 159 335 311 -1 157 335 159 -1 150 499 152 -1 343 499 150 -1 23 150 151 -1 23 20 150 -1 144 466 626 -1 144 465 466 -1 625 627 579 -1 627 625 592 -1 125 325 586 -1 125 124 325 -1 137 354 135 -1 354 137 498 -1 352 350 28 -1 352 351 350 -1 18 355 131 -1 355 18 17 -1 399 473 397 -1 623 473 399 -1 426 105 104 -1 426 427 105 -1 593 114 117 -1 425 114 593 -1 429 105 427 -1 429 381 105 -1 428 376 491 -1 428 620 376 -1 453 449 374 -1 453 452 449 -1 363 431 364 -1 622 431 363 -1 106 365 433 -1 106 108 365 -1 547 91 93 -1 547 206 91 -1 92 79 566 -1 92 94 79 -1 206 619 618 -1 206 547 619 -1 572 89 295 -1 572 90 89 -1 212 595 617 -1 595 212 209 -1 532 615 286 -1 532 616 615 -1 289 85 84 -1 289 614 85 -1 96 613 83 -1 613 96 555 -1 556 611 612 -1 611 556 528 -1 415 65 461 -1 65 415 726 -1 70 51 50 -1 72 51 70 -1 411 69 71 -1 411 463 69 -1 488 415 417 -1 415 488 726 -1 480 413 460 -1 413 480 462 -1 462 384 610 -1 462 480 384 -1 42 164 467 -1 42 41 164 -1 26 29 27 -1 29 26 30 -1 345 499 342 -1 499 345 344 -1 19 23 17 -1 23 19 21 -1 608 264 263 -1 562 264 608 -1 606 609 542 -1 607 609 606 -1 259 255 605 -1 259 261 255 -1 149 12 140 -1 12 149 10 -1 604 589 603 -1 589 604 148 -1 5 602 588 -1 5 4 602 -1' creaseAngle='1.571'>
            <Coordinate DEF='lcalc_Coord' point='1.9844 1.8832 -2.8494 2.074 1.8883 -2.7885 2.091 1.8971 -2.7946 3.0379 1.7855 -2.5544 2.8679 1.7404 -2.5268 2.8727 1.7227 -2.5175 3.0285 1.8001 -2.5659 3.2013 0.545 -4.046 3.299 0.5491 -3.9918 3.2819 0.5142 -3.9755 2.3421 1.8797 -2.6923 2.3417 1.9188 -2.7684 2.2472 1.8868 -2.7203 2.2334 1.8198 -2.6134 2.2273 1.8636 -2.6955 2.129 1.8621 -2.6268 2.3218 1.8506 -2.6731 2.2096 1.8222 -2.5563 2.2258 1.8167 -2.5916 2.1224 1.8663 -2.6071 2.1884 1.8796 -2.4455 2.1174 1.8828 -2.5545 2.1117 1.9011 -2.4955 2.1992 1.8503 -2.5025 2.3342 1.7828 -2.3772 2.3799 1.745 -2.3071 2.4215 1.7236 -2.3848 2.3594 1.7503 -2.4442 2.4868 1.7054 -2.5418 2.395 1.7317 -2.5298 2.4605 1.6981 -2.483 2.957 2.1901 -3.1884 2.9202 2.1836 -3.1689 3.0724 2.1696 -3.0347 3.3821 1.6844 -2.614 3.3676 1.77 -2.7401 3.3608 1.7862 -2.7279 3.3416 1.8798 -2.8275 3.3445 1.8657 -2.8429 3.2464 2.0578 -3.0021 3.2459 2.043 -3.0175 3.1122 2.1325 -3.1277 3.1194 2.1462 -3.0908 2.7044 2.0558 -3.4462 2.6937 2.0687 -3.4313 2.8937 2.11 -3.3315 2.8833 2.1247 -3.3207 3.4491 1.593 -2.8412 3.491 1.5071 -2.6881 3.4947 1.4776 -2.6945 3.3921 1.7116 -2.7736 3.4104 1.6722 -2.7964 3.3317 1.8522 -2.9635 2.9952 0.8022 -2.3013 3.1083 0.8629 -2.3215 3.0663 0.8711 -2.1557 2.9678 0.8334 -2.1621 3.2055 0.9767 -2.0312 3.3045 1.0919 -2.1637 3.2929 1.0975 -2.0445 3.1974 0.9766 -2.1583 3.3187 1.8393 -3.0764 3.4404 1.5466 -2.8758 3.3941 1.1991 -2.5939 3.4197 1.2796 -2.5505 3.3979 1.1824 -2.3438 3.3756 1.4242 -1.9415 3.4019 1.3586 -2.1398 3.4016 1.3794 -2.1465 3.4726 1.4984 -2.51 3.4232 1.6148 -2.6484 3.4651 1.53 -2.4969 3.442 1.5794 -2.6658 3.4374 1.3696 -2.7085 3.43 1.3564 -2.724 2.2268 0.3653 -3.6242 2.2858 0.4551 -3.4863 2.1947 0.4669 -3.7776 3.1246 0.4117 -3.9155 2.977 0.2817 -3.7511 3.0226 0.3771 -3.9619 2.9754 1.8018 -4.0744 2.9567 1.7909 -4.1179 2.8496 1.8824 -4.0934 3.2505 0.8913 -4.1355 3.2758 0.9147 -4.0829 3.2999 0.7391 -4.0052 3.2586 0.7572 -4.0711 2.2003 0.4968 -3.7562 2.1547 0.674 -3.9391 2.1541 0.6542 -3.9682 2.8665 0.2586 -3.5348 2.9306 0.288 -3.611 2.8769 0.2767 -3.5276 2.9192 0.2714 -3.625 2.9417 1.7887 -4.1353 2.8409 1.8712 -4.1098 3.1902 0.4398 -3.8896 3.2637 0.406 -3.7756 3.1769 0.4335 -3.8734 2.1105 1.5065 -2.0944 2.2068 1.5263 -2.1057 2.2048 1.5463 -2.0969 3.3385 1.3515 -1.7726 3.3315 1.3592 -1.7419 3.2816 1.2364 -1.7566 2.5836 1.6113 -1.7351 2.6923 1.7023 -1.714 2.5732 1.6384 -1.752 2.6874 1.7131 -1.725 2.9554 1.9061 -1.657 2.9602 1.9274 -1.6845 2.8132 1.8054 -1.7068 2.8165 1.7976 -1.695 3.251 1.8441 -1.7029 3.3164 1.6834 -1.7205 3.3283 1.6888 -1.7338 3.2722 1.8629 -1.7411 3.2316 2.0227 -3.0854 3.2155 2.0242 -3.1731 3.0869 2.112 -3.2029 2.0031 1.9012 -2.6248 2.0092 1.8936 -2.6724 1.8849 1.8651 -2.8747 1.9623 1.8568 -2.9063 1.9613 1.8314 -2.9098 2.338 1.7765 -2.6003 2.4162 1.8376 -2.6507 2.5548 2.0446 -3.3411 2.6886 2.1206 -3.366 2.5557 2.0378 -3.367 2.3293 1.7653 -2.5765 3.3948 1.7149 -2.3278 3.3992 1.7134 -2.418 3.3784 1.7278 -2.407 2.9087 1.6616 -2.4616 3.0673 1.69 -2.5046 2.9053 1.6714 -2.4807 3.0759 1.6739 -2.4861 2.0655 1.8781 -2.7857 2.2403 1.8748 -2.706 2.8549 2.1709 -3.2796 2.6892 2.1057 -3.4 2.869 2.1567 -3.2998 3.3454 1.8558 -2.6585 3.3247 1.9364 -2.758 3.3112 1.871 -2.6431 3.2889 1.9534 -2.7198 2.4298 1.8575 -2.6532 2.3365 1.8655 -2.6785 2.2553 1.8385 -2.3927 2.2709 1.8007 -2.4471 2.3065 1.8064 -2.3059 1.7837 1.9175 -2.4706 1.7428 1.9443 -2.513 1.7127 1.908 -2.4617 2.2693 1.6852 -2.1019 2.1865 1.6447 -2.0584 2.2798 1.6692 -2.1014 2.1926 1.6233 -2.0621 1.8889 1.9496 -2.5792 1.8019 1.9758 -2.537 1.8686 1.9673 -2.5372 1.7817 1.974 -2.5777 3.0363 2.1268 -3.2102 3.4134 1.473 -2.1725 3.4517 1.384 -2.2863 3.4659 1.4494 -2.379 3.186 1.5017 -1.7146 3.2534 1.3162 -1.7054 3.2697 1.4231 -1.7101 2.0854 1.3552 -2.2398 2.1375 1.3934 -2.331 2.1588 1.3538 -2.2401 2.0645 1.4089 -2.335 2.5059 1.3748 -1.955 2.4527 1.4943 -1.9246 2.434 1.4615 -1.9973 2.4988 1.5191 -1.8076 2.5789 1.4023 -1.8377 3.4467 1.3369 -2.824 3.4519 1.2727 -3.0003 3.4075 1.5059 -3.0526 3.0274 1.345 -4.2612 2.9051 1.3428 -4.2834 2.9662 1.4746 -4.2274 3.4381 0.873 -3.3438 3.3735 0.9935 -3.3465 3.4207 1.0141 -3.2025 3.4293 1.0247 -3.1231 3.3942 1.228 -3.2077 3.3068 0.6346 -4.0013 3.2086 0.6612 -4.0878 3.2032 0.7917 -4.1491 2.7228 1.3372 -4.2936 2.7983 1.4998 -4.2379 2.1708 0.6142 -4.011 2.1892 0.4218 -3.8431 2.6653 1.6356 -2.3056 2.6093 1.6645 -2.1537 2.8049 1.6915 -2.1936 3.3589 1.5913 -1.7318 3.3522 1.5107 -1.7977 2.3522 1.2012 -2.6904 2.409 1.1036 -2.4982 2.3497 1.1685 -2.4475 2.8144 0.2567 -3.4735 2.7858 0.1966 -3.5501 2.8397 0.2243 -3.5382 2.256 1.4506 -3.9948 2.2419 1.2697 -3.8351 2.3141 1.5109 -3.8332 2.2067 1.1883 -3.9956 2.5846 1.7058 -2.4337 2.5515 1.7003 -2.3384 2.8863 1.7745 -1.6731 2.7428 1.6599 -1.7061 2.6667 1.8349 -4.1418 2.5954 1.7352 -4.1577 2.5775 1.7586 -4.1189 2.3467 1.5608 -3.6345 2.3274 1.6413 -3.4471 2.4327 1.7431 -3.5149 2.4104 1.6657 -3.686 2.6838 1.9922 -3.5112 2.8288 2.0294 -3.4518 2.2966 1.5003 -3.3569 2.2636 1.6435 -3.2116 2.3163 1.7215 -3.3041 2.6432 0.4913 -3.1813 2.5132 0.5622 -3.2513 2.4371 0.385 -3.3266 2.5629 0.3097 -3.2967 2.6845 0.601 -3.0603 2.8129 0.5509 -3.1084 2.831 0.5996 -3.0106 3.1197 0.4085 -3.8957 3.0946 0.4377 -3.7427 3.0373 0.3619 -3.7402 2.9897 0.379 -3.6218 3.0213 0.4995 -3.4883 2.9303 0.3972 -3.4921 3.0459 0.4643 -3.6219 3.1431 0.4622 -3.5875 3.1592 0.4256 -3.7141 3.1334 0.5073 -3.4557 3.1682 0.5383 -3.314 3.1181 0.559 -3.3316 3.2121 0.4807 -3.4516 3.012 0.5906 -3.199 2.9755 0.6418 -3.0218 2.9403 0.5427 -3.1799 2.9737 0.7242 -2.8519 3.0378 0.6681 -3.0168 3.2195 0.622 -3.1688 3.3532 0.6539 -3.1635 3.3086 0.7568 -3.0365 3.1689 0.6779 -3.0126 3.4184 0.7792 -3.1751 3.4541 0.5961 -3.3085 3.4645 0.6715 -3.3173 3.3838 0.6813 -3.1648 3.4875 0.5906 -3.7724 3.4942 0.4891 -3.7295 3.412 0.5179 -3.8917 3.3977 0.6073 -3.9107 3.3408 0.7316 -3.93 3.3778 0.7532 -3.7921 3.2899 0.9264 -3.9695 3.255 1.1093 -4.0106 3.2549 1.1182 -3.8489 3.315 0.9446 -3.8253 3.0542 2.0889 -3.2987 3.0019 2.032 -3.4241 3.1436 1.9279 -3.4144 3.1946 2.0004 -3.2742 3.2639 1.7597 -3.3967 3.3009 1.8071 -3.2242 2.9851 1.9847 -3.5673 3.0826 1.8863 -3.5618 3.3014 1.1577 -3.51 3.3541 0.9758 -3.5043 3.3461 1.1988 -3.3441 3.0601 1.8553 -3.746 3.1383 1.6856 -3.7119 3.1941 1.7079 -3.5509 3.1402 1.3412 -4.1784 3.1707 1.0937 -4.2607 3.0833 1.3433 -4.2404 3.2227 1.0923 -4.1828 2.6748 1.5525 -4.2292 2.5449 1.6238 -4.1799 2.7387 1.6861 -4.1688 2.203 0.945 -3.8529 2.2165 0.7639 -3.7538 2.1872 0.884 -3.993 3.1019 1.1027 -4.3123 3.0956 0.9039 -4.3165 3.1929 0.9022 -4.2055 3.005 1.5461 -4.2118 2.9076 0.3346 -3.998 2.7436 0.2001 -3.812 2.7348 0.2969 -4 2.8773 0.2402 -3.7803 2.5107 1.2064 -4.3328 2.4516 1.4392 -4.2351 2.5787 1.3829 -4.2814 2.3909 1.2709 -4.2628 2.9723 1.1146 -4.3388 2.8466 1.1284 -4.3435 2.0284 1.5082 -2.119 2.0937 1.5985 -2.0504 2.2745 1.2581 -2.2398 2.2798 1.2848 -2.3661 2.3531 1.1952 -2.2691 2.6843 0.8087 -2.2392 2.6292 0.8278 -2.3481 2.7247 0.7832 -2.3474 2.6385 0.8221 -2.5876 2.7429 0.7411 -2.5927 2.1094 1.4106 -2.1611 1.995 1.4046 -2.2081 1.9925 1.3981 -2.2976 1.8512 1.9432 -2.506 2.0666 1.8557 -2.9359 2.0419 1.8369 -2.9538 1.9673 1.7711 -2.895 1.8375 1.8201 -2.8714 1.7991 1.7345 -2.8064 1.7079 1.8041 -2.731 1.7612 1.8815 -2.7716 1.8393 1.9388 -2.7702 1.9464 1.9302 -2.7181 2.0806 1.6783 -2.1307 1.9754 1.6459 -2.1015 2.0909 1.6183 -2.046 1.8786 1.6765 -2.1843 1.8908 1.7753 -2.346 1.7847 1.7465 -2.294 1.9815 1.7224 -2.2262 2.1869 1.9248 -2.8293 2.1808 1.89 -2.4308 2.086 1.7631 -2.2761 2.2467 1.8491 -2.3784 2.3273 1.7636 -2.206 2.1889 1.7176 -2.1675 2.3401 1.7544 -2.2188 2.3558 1.6206 -2.0794 2.4177 1.6726 -2.1393 2.5541 1.7797 -2.591 2.4993 1.7172 -2.5615 2.5933 1.7086 -2.5352 2.5945 1.6986 -2.512 2.7074 1.649 -2.4006 2.7415 1.6671 -2.4791 2.2963 1.7824 -2.5029 2.4928 1.6977 -2.2138 2.7702 1.7584 -1.8452 2.6363 1.7026 -1.8321 2.4523 1.6118 -1.9239 2.5361 1.6262 -1.8146 2.5752 1.667 -1.97 2.3147 1.568 -2.0864 2.4251 1.5787 -1.9087 2.4895 1.5964 -1.8023 2.5253 1.6055 -1.7707 2.2739 1.4429 -2.1347 2.387 1.4063 -2.0915 2.3095 1.5458 -2.0872 2.8411 1.0275 -1.9769 2.9202 0.9021 -2.0662 3.0202 0.8884 -2.0639 3.11 0.882 -2.0504 3.0999 0.8814 -2.1521 3.0078 0.9322 -1.7966 3.1153 0.9142 -1.8651 3.1466 0.9448 -1.772 3.0009 0.918 -1.8803 2.9948 0.7463 -2.5806 3.1299 0.7457 -2.8681 3.1095 0.8106 -2.5926 3.2739 1.0689 -1.7452 3.3146 1.2188 -1.9045 3.2788 1.1021 -1.8731 3.5125 1.4256 -2.5724 2.927 1.7347 -2.0256 2.9756 1.8185 -1.8567 2.9731 1.731 -2.0405 2.9768 1.5811 -2.3115 2.9705 1.6346 -2.2072 3.1323 1.613 -2.4229 3.145 1.6261 -2.3243 3.2857 1.679 -2.3411 3.2828 1.6861 -2.4261 3.2523 1.7391 -2.541 3.2206 1.8073 -2.6146 3.0526 1.7499 -2.5402 2.7347 1.9114 -2.7314 2.6654 2.0038 -2.8597 2.5649 1.9515 -2.7849 2.1896 1.8769 -2.9999 2.284 1.9442 -2.8851 2.2691 1.9188 -3.063 2.3004 1.7792 -3.2419 2.4271 1.8566 -3.3696 2.4298 1.8031 -3.4381 2.7002 2.1378 -3.2606 2.9753 2.1402 -2.9897 3.3626 1.7246 -2.2392 3.4221 1.5902 -2.3637 3.4308 1.5948 -2.2809 3.4637 1.4854 -2.4191 3.4425 1.2787 -2.2415 3.4954 1.2946 -2.3367 3.4622 1.3292 -2.2996 3.3931 1.2041 -2.2117 3.4123 1.2735 -2.1089 3.3769 1.2167 -2.0781 3.4361 1.2495 -2.2442 3.411 1.5347 -1.9798 3.379 1.6891 -1.8401 3.4165 1.6451 -1.9921 3.2985 1.8375 -1.8781 3.317 1.7767 -2.0534 3.1001 1.8901 -1.6665 3.1125 1.9225 -1.6775 3.3198 1.3611 -1.728 3.2699 1.2396 -1.7422 3.2269 1.0195 -1.7378 3.2639 1.0706 -1.7325 3.1801 1.1778 -1.715 2.4823 1.56 -1.7971 2.5383 1.538 -1.781 2.5293 1.572 -1.7591 2.699 1.1759 -1.9296 2.7269 1.2004 -1.8476 3.1067 1.739 -1.6762 3.1936 1.8009 -1.6793 3.0972 1.8689 -1.6616 2.7096 1.4651 -1.7632 2.9495 1.3277 -1.7467 2.8469 1.5335 -1.7438 2.8213 1.2726 -1.7893 2.9853 1.587 -1.7139 2.958 1.6317 -1.7134 2.7346 1.2069 -1.8328 2.6368 1.4265 -1.7934 2.7801 1.2412 -1.8116 2.8491 1.0298 -1.9157 2.859 1.0275 -1.8352 2.6203 1.5808 -1.7338 2.9286 1.0953 -1.7697 2.8699 1.0422 -1.8108 3.0071 0.9483 -1.7806 3.2621 1.5384 -1.7059 3.2249 1.8123 -2.0685 3.2615 1.7277 -2.2641 3.4396 1.5997 -2.19 3.3704 1.573 -1.8085 3.3738 1.3273 -1.9306 3.4922 1.2709 -2.3464 3.4126 1.1978 -2.343 3.5136 1.3812 -2.4659 3.4656 1.4654 -2.4294 3.4663 1.4325 -2.394 3.3118 1.861 -2.6345 3.3266 1.8129 -2.571 3.0235 2.1397 -3.1995 3.1026 2.1678 -3.0584 2.983 2.1745 -3.2089 2.4213 1.9989 -3.0035 2.3894 1.997 -3.1429 2.7087 1.8268 -2.6352 2.6107 1.8554 -2.6671 2.806 2.0818 -2.9512 2.6409 2.0359 -2.9194 2.9499 1.6057 -2.3936 2.8833 1.6843 -2.5129 3.0644 1.8674 -1.8713 3.1025 1.7688 -2.0537 3.5109 1.3609 -2.4833 3.4306 1.2951 -2.5428 3.3156 1.0306 -2.644 3.4047 1.1661 -2.7513 3.2187 0.902 -2.6033 3.3557 0.9416 -2.9206 3.2536 0.8401 -2.8788 3.2979 1.0721 -2.3525 3.3652 1.1978 -2.071 2.8779 0.7291 -2.5726 2.8293 0.6643 -2.8328 3.2349 1.0135 -1.7493 3.2198 1.0148 -1.8606 2.5998 1.1215 -2.0088 2.4422 1.3251 -2.0488 2.7306 1.7265 -2.0136 2.5211 1.6276 -2.0816 2.6921 1.6923 -2.5419 2.7389 1.6762 -2.4986 2.2959 1.8163 -2.2923 1.8363 1.8515 -2.4113 1.9929 1.8358 -2.3966 1.9277 1.8854 -2.4554 2.2152 1.5489 -2.0999 1.9706 1.7033 -2.8306 2.0715 1.6503 -2.8586 2.1188 1.5447 -2.679 2.0211 1.5716 -2.6734 1.9344 1.426 -2.2596 1.9292 1.5293 -2.1706 2.503 0.9634 -2.5499 2.5996 0.7507 -2.8923 2.4586 1.0006 -2.7593 2.4311 1.0764 -2.2828 2.6419 0.8588 -2.1826 2.2142 1.3291 -2.2263 2.2067 1.3585 -2.3358 2.1995 1.434 -2.1547 2.3159 1.0444 -4.2606 2.3004 1.3702 -4.1511 2.2389 1.1239 -4.1344 2.2373 0.3036 -3.6803 3.0001 0.8954 -4.3512 2.8741 0.2132 -3.6562 2.5545 0.2884 -3.3191 2.3597 0.2751 -3.4776 2.5278 0.2055 -3.4659 2.4302 0.358 -3.3444 2.4197 1.7484 -4.0521 2.4777 1.6527 -4.1274 2.3425 1.6173 -4.0278 2.3961 1.5223 -4.1446 3.0378 1.6126 -4.1627 3.4134 0.7783 -3.6369 3.3308 0.9542 -3.661 2.9304 1.9349 -3.7485 3.3976 0.8587 -3.07 3.4338 1.0704 -2.9714 3.3548 1.4898 -3.2165 3.5017 0.5814 -3.5938 3.485 0.6252 -3.4331 3.4288 0.8022 -3.4685 3.4859 0.5581 -3.4026 3.2812 0.5388 -3.308 3.3412 0.4638 -3.4218 3.0884 0.6093 -3.1817 3.2428 0.4211 -3.5437 2.8237 0.2765 -3.4577 2.8921 0.4236 -3.3575 2.7712 0.4415 -3.2218 2.578 0.6821 -3.0763 2.5524 0.7928 -2.9532 2.2637 1.3162 -3.7398 2.7897 1.9731 -3.5932 2.6638 1.9264 -3.587 2.6999 1.8857 -4.0964 2.5518 1.8349 -4.0687 2.3584 1.2379 -3.1617 2.3455 1.0928 -3.3381 2.3887 1.0081 -3.2536 3.3102 0.3826 -3.6769 3.245 0.4106 -3.6924 3.3719 0.469 -3.8783 2.2977 0.4885 -3.47 2.3826 0.6447 -3.3793 2.2802 0.6571 -3.5529 2.9912 0.2951 -3.7434 2.3557 1.2314 -2.1612 2.2623 0.2476 -3.7316 2.3287 0.2354 -3.5988 3.236 2.104 -2.9304 2.1948 0.8167 -4.0914 2.1856 0.8725 -4.0265 2.9029 1.7376 -4.1751 2.8117 1.8287 -4.1535 1.9616 1.4122 -2.3169 2.459 0.858 -3.1063 2.4022 1.08 -2.9657 2.1703 1.808 -3.0661 2.2681 1.845 -3.1773 2.2438 1.6762 -3.1443 2.2943 1.7949 -3.2262 1.9189 1.947 -2.6363 2.0018 1.924 -2.5549 2.7978 1.812 -2.6189 2.5635 2.0178 -3.3925 2.0401 1.8051 -2.9573 2.1687 1.8313 -3.0504 2.6903 1.7108 -2.5431 2.5568 1.8001 -2.6032 3.2063 2.1047 -2.8917 3.2047 1.8585 -2.6298 2.3905 1.9547 -3.2635 3.1162 1.9409 -1.7168 3.0111 1.8628 -1.6451 2.2519 1.4464 -4.0189 2.3399 1.6242 -4.0134 3.3232 1.2383 -1.9095 2.5731 1.9843 -3.4235 2.5771 1.9708 -3.4395 2.4256 1.872 -3.3549 2.1022 1.9083 -2.4785 2.6979 1.7294 -2.5521 2.5684 1.8145 -2.6126 2.4395 1.872 -2.6643 3.4192 0.5618 -3.304 3.4455 0.5043 -3.3956 3.4642 0.4377 -3.545 3.452 0.4336 -3.7194 3.5044 0.4903 -3.5605 3.5135 1.4485 -2.5575 2.4193 1.7559 -4.0383 2.5519 1.8428 -4.0549 2.7043 1.8928 -4.0818 3.2317 1.1018 -4.158 3.1501 1.346 -4.1567 3.0501 1.6165 -4.1433 2.2051 1.1823 -4.0205 2.7047 0.2568 -3.3747 2.7152 0.2769 -3.3574 3.1389 0.9547 -1.7603 3.3472 1.5922 -1.7191 2.4229 1.5609 -1.9076 2.4869 1.9099 -2.7251 2.4843 1.9728 -2.8504 2.2625 1.875 -3.1555 3.356 1.7993 -2.5834 2.4002 1.9302 -3.2875 2.0005 1.934 -2.5157 1.9703 1.6276 -2.1084 1.8718 1.6593 -2.1919 1.7241 1.8062 -2.3992 1.7655 1.7187 -2.3088 1.7442 1.8317 -2.3851 1.7242 1.9416 -2.5477 2.5689 1.9147 -3.5012 2.4345 0.755 -3.2545 3.0881 1.4143 -1.7228 3.1373 1.6485 -1.6907 3.2285 1.6706 -1.6926 2.2024 0.3693 -3.9261 2.6771 1.1403 -4.3465 1.777 1.9707 -2.6389 2.4597 1.0732 -2.1316 3.022 0.544 -3.3499 2.7493 0.1641 -3.6618 2.292 0.9226 -3.546 2.3457 0.8084 -3.4193 2.3709 1.629 -3.8683 2.5595 1.8528 -3.5719 2.4716 1.7807 -3.9006 2.5202 1.7898 -3.7308 2.5838 1.859 -3.9232 2.6281 1.8674 -3.7519 2.7725 1.9405 -3.7497 2.7444 1.9217 -3.9431 2.2511 1.0624 -3.6474 2.3038 1.2311 -3.465 2.3084 1.3749 -3.2674 2.2993 1.4118 -3.0277 2.2588 1.5323 -3.1286 2.3085 1.3966 -3.5536 3.3403 0.397 -3.5411 2.8865 1.9163 -3.9347 3.1063 1.6646 -3.8987 3.0835 1.6283 -4.0442 3.0194 1.8319 -3.9275 3.1832 1.3834 -3.8834 3.179 1.3551 -4.0377 3.3101 1.4558 -3.3548 3.2501 1.4237 -3.5446 3.2116 1.4046 -3.6931 3.2812 1.1292 -3.6675 2.8553 1.6358 -4.1874 2.3851 0.1941 -3.8114 2.4768 0.1594 -3.6029 2.6873 0.1689 -3.5201 3.0509 0.532 -4.1249 2.9516 0.5135 -4.1594 3.0701 0.6839 -4.2166 2.9821 0.6702 -4.2542 2.6265 0.1406 -3.6541 2.783 0.6583 -4.2996 2.7551 0.4901 -4.1886 2.7957 0.9045 -4.3721 2.1892 0.565 -4.0654 2.2266 0.7362 -4.1581 2.3588 0.5109 -4.1512 2.3457 0.3129 -4.0036 2.4504 0.989 -4.3489 2.3957 0.67 -4.2606 2.538 0.2926 -4.0156 2.5535 0.1832 -3.8268 2.569 0.4887 -4.1797 2.5931 0.6818 -4.307 2.6185 0.9272 -4.3746 2.5396 0.9364 -2.3216 2.5621 0.945 -2.1418 1.6871 1.7335 -2.497 1.7342 1.6452 -2.5743 1.6622 1.8579 -2.5893 1.7377 1.6159 -2.3693 1.8477 1.5552 -2.2535 1.6898 1.8931 -2.4804 2.2818 1.332 -2.6284 2.1904 1.4342 -2.5426 1.7723 1.526 -2.4291 1.8713 1.4618 -2.3125 1.8395 1.5753 -2.6322 1.8728 1.4709 -2.4717 2.0383 1.4927 -2.5178 2.1189 1.4813 -2.5327 2.2641 1.4014 -2.7688 2.1859 1.5053 -2.7288 1.7109 1.9338 -2.6282 2.1706 1.5988 -2.9035 2.3252 1.2801 -2.8327 2.2392 1.5217 -2.9658 2.2201 1.6037 -3.0629 2.1487 1.6932 -2.9968 2.0489 1.7384 -2.9356 2.6942 0.9783 -2.0505 2.7384 0.8736 -2.1199 2.7893 0.8037 -2.2115 2.6885 0.6822 -2.8738 2.8403 0.7615 -2.3257 3.3794 1.1871 -2.2037 3.1907 0.947 -2.3409 3.1377 1.6795 -2.22 3.1968 1.8906 -1.8987 2.7586 2.1266 -3.1256 2.893 1.9596 -2.7736 3.091 2.0466 -2.8246 2.9703 1.8539 -2.6473 3.1712 1.9259 -2.703 2.5608 2.0774 -3.2187 2.5898 2.066 -3.078 3.425 1.6147 -2.4627 3.0621 1.1131 -1.741'/>
          </IndexedFaceSet>
        </Shape>
        <Shape DEF='lcuboid'>
          <Appearance>
            <Material ambientIntensity='0.98' diffuseColor='1 0.9765 0.8667' emissiveColor='0 0 0' shininess='0.05' specularColor='0.349 0.349 0.349'/>
          </Appearance>
          <IndexedFaceSet DEF='lcuboid_Geo' coordIndex='0 1 2 -1 3 1 0 -1 4 5 6 -1 7 8 9 -1 9 10 7 -1 2 1 11 -1 12 13 14 -1 15 16 17 -1 18 19 20 -1 21 22 23 -1 22 24 23 -1 25 26 27 -1 27 28 25 -1 29 30 31 -1 32 33 34 -1 32 35 33 -1 36 37 38 -1 39 40 41 -1 42 43 44 -1 45 8 46 -1 47 48 49 -1 50 51 52 -1 53 54 55 -1 56 57 58 -1 59 60 61 -1 62 63 64 -1 64 65 62 -1 66 67 68 -1 69 70 71 -1 25 72 73 -1 25 28 72 -1 43 74 75 -1 76 77 78 -1 76 40 77 -1 79 80 81 -1 79 82 80 -1 83 80 84 -1 84 85 83 -1 86 87 88 -1 86 89 87 -1 90 91 92 -1 91 93 92 -1 94 95 2 -1 94 96 95 -1 97 98 99 -1 99 100 97 -1 101 102 103 -1 103 104 101 -1 105 106 107 -1 108 109 110 -1 111 48 47 -1 112 69 71 -1 113 96 114 -1 115 116 117 -1 70 69 118 -1 119 117 116 -1 119 120 117 -1 121 122 123 -1 124 125 126 -1 125 48 126 -1 127 128 129 -1 129 130 127 -1 131 132 133 -1 134 135 121 -1 136 137 138 -1 138 139 136 -1 137 136 140 -1 141 142 143 -1 142 144 143 -1 145 146 147 -1 145 148 146 -1 38 51 149 -1 38 52 51 -1 150 151 1 -1 152 153 154 -1 118 123 153 -1 155 156 157 -1 156 158 157 -1 18 159 160 -1 161 162 163 -1 163 164 161 -1 165 163 16 -1 16 15 165 -1 166 160 167 -1 167 168 166 -1 169 170 32 -1 170 171 32 -1 41 172 39 -1 173 174 175 -1 176 177 169 -1 177 170 169 -1 178 175 179 -1 178 180 175 -1 181 182 183 -1 182 184 183 -1 185 186 187 -1 0 2 85 -1 2 83 85 -1 188 189 190 -1 188 191 189 -1 192 193 194 -1 194 195 192 -1 196 197 198 -1 197 199 198 -1 200 201 202 -1 15 17 203 -1 204 205 206 -1 207 148 208 -1 207 146 148 -1 145 209 143 -1 145 210 209 -1 114 211 212 -1 114 213 211 -1 214 215 216 -1 215 217 216 -1 79 117 218 -1 11 219 213 -1 213 94 11 -1 220 80 83 -1 220 81 80 -1 3 221 222 -1 222 223 3 -1 224 225 226 -1 225 227 226 -1 228 229 230 -1 231 232 233 -1 233 234 231 -1 235 236 76 -1 235 237 236 -1 40 39 77 -1 238 45 46 -1 46 239 238 -1 240 241 10 -1 122 130 242 -1 122 121 130 -1 125 127 135 -1 135 243 125 -1 38 58 57 -1 38 37 52 -1 184 244 183 -1 65 245 62 -1 246 247 248 -1 248 249 246 -1 184 182 246 -1 244 184 171 -1 250 251 174 -1 174 169 250 -1 252 176 173 -1 252 228 176 -1 177 253 254 -1 255 256 257 -1 152 258 153 -1 152 158 258 -1 69 259 260 -1 69 112 259 -1 118 153 258 -1 258 70 118 -1 261 262 263 -1 262 110 263 -1 264 265 266 -1 259 136 260 -1 267 268 269 -1 267 270 268 -1 133 271 244 -1 244 254 133 -1 224 226 272 -1 35 32 273 -1 273 184 246 -1 246 249 273 -1 248 274 249 -1 275 276 277 -1 277 245 275 -1 62 277 278 -1 62 245 277 -1 62 279 63 -1 280 281 282 -1 283 284 285 -1 284 286 285 -1 280 282 54 -1 111 287 149 -1 49 125 243 -1 49 48 125 -1 288 129 289 -1 55 256 255 -1 255 290 55 -1 291 154 292 -1 154 122 292 -1 45 293 240 -1 240 9 45 -1 40 76 236 -1 237 235 263 -1 263 110 237 -1 294 231 234 -1 234 295 294 -1 296 297 298 -1 90 299 142 -1 299 144 142 -1 300 301 188 -1 191 302 189 -1 303 304 305 -1 303 306 304 -1 307 308 309 -1 221 3 0 -1 11 1 310 -1 1 151 310 -1 311 81 220 -1 311 115 81 -1 312 313 116 -1 314 145 147 -1 315 316 317 -1 315 318 316 -1 14 319 12 -1 201 320 321 -1 322 200 202 -1 323 324 22 -1 160 325 19 -1 326 92 327 -1 16 328 17 -1 104 329 330 -1 330 101 104 -1 331 194 332 -1 331 195 194 -1 333 334 335 -1 333 336 334 -1 102 337 338 -1 339 275 340 -1 339 276 275 -1 277 341 278 -1 332 342 343 -1 344 266 119 -1 266 120 119 -1 173 176 174 -1 176 169 174 -1 233 257 132 -1 233 345 257 -1 250 68 251 -1 250 34 68 -1 175 174 251 -1 167 93 168 -1 93 91 168 -1 98 24 324 -1 24 22 324 -1 320 201 346 -1 201 347 346 -1 167 160 348 -1 349 319 14 -1 156 106 158 -1 350 4 351 -1 351 352 350 -1 242 292 122 -1 4 350 232 -1 353 303 354 -1 353 355 303 -1 356 216 217 -1 248 247 357 -1 358 37 357 -1 357 247 358 -1 215 359 217 -1 171 170 244 -1 143 144 145 -1 144 148 145 -1 346 347 329 -1 347 330 329 -1 47 49 360 -1 47 360 138 -1 360 139 138 -1 219 310 361 -1 219 11 310 -1 301 191 188 -1 301 304 191 -1 129 288 130 -1 288 242 130 -1 256 271 133 -1 133 257 256 -1 133 132 257 -1 362 117 120 -1 314 210 145 -1 363 364 365 -1 365 218 363 -1 265 137 140 -1 265 366 137 -1 333 367 368 -1 367 369 368 -1 370 371 372 -1 372 373 370 -1 374 99 166 -1 374 100 99 -1 335 334 375 -1 334 376 375 -1 11 94 2 -1 93 327 92 -1 93 377 327 -1 315 378 379 -1 379 318 315 -1 143 212 141 -1 220 2 95 -1 220 83 2 -1 117 81 115 -1 117 79 81 -1 263 380 381 -1 381 261 263 -1 235 76 382 -1 76 78 382 -1 355 353 383 -1 217 359 384 -1 385 386 387 -1 388 53 389 -1 390 283 285 -1 391 64 178 -1 391 65 64 -1 65 391 275 -1 275 245 65 -1 283 126 48 -1 256 282 271 -1 183 286 181 -1 282 256 55 -1 55 54 282 -1 283 48 284 -1 48 51 284 -1 392 42 172 -1 42 39 172 -1 240 10 9 -1 77 39 307 -1 39 44 307 -1 51 50 284 -1 31 27 393 -1 394 395 396 -1 342 332 397 -1 30 27 31 -1 30 28 27 -1 398 300 369 -1 369 367 398 -1 399 22 21 -1 400 401 15 -1 19 18 160 -1 188 369 300 -1 45 9 8 -1 0 85 221 -1 1 3 150 -1 44 39 42 -1 399 323 22 -1 402 323 399 -1 367 403 398 -1 404 403 367 -1 405 187 394 -1 185 187 405 -1 342 396 395 -1 342 397 396 -1 406 394 396 -1 405 394 406 -1 26 393 27 -1 26 407 393 -1 274 29 249 -1 274 30 29 -1 183 281 286 -1 183 244 281 -1 54 388 390 -1 53 388 54 -1 271 281 244 -1 281 271 282 -1 408 409 410 -1 408 411 409 -1 264 366 265 -1 264 412 366 -1 226 297 296 -1 297 226 227 -1 297 413 414 -1 413 297 415 -1 416 417 418 -1 239 417 416 -1 419 238 420 -1 421 238 419 -1 178 422 391 -1 422 178 179 -1 390 280 54 -1 390 285 280 -1 389 290 423 -1 389 55 290 -1 389 53 55 -1 289 267 288 -1 289 270 267 -1 340 424 339 -1 425 424 340 -1 426 427 428 -1 426 429 427 -1 430 73 429 -1 186 73 430 -1 431 107 108 -1 105 107 431 -1 355 432 433 -1 355 383 432 -1 434 43 435 -1 43 434 74 -1 235 380 263 -1 235 382 380 -1 84 261 381 -1 436 261 84 -1 380 221 381 -1 222 221 380 -1 437 78 309 -1 437 382 78 -1 438 394 187 -1 394 438 395 -1 439 89 440 -1 89 439 87 -1 95 311 220 -1 311 95 441 -1 409 442 443 -1 444 442 409 -1 141 211 411 -1 212 211 141 -1 378 203 17 -1 315 203 378 -1 377 379 327 -1 377 318 379 -1 210 445 446 -1 445 210 314 -1 338 447 448 -1 338 337 447 -1 449 450 451 -1 450 449 452 -1 453 454 455 -1 454 453 456 -1 343 395 438 -1 342 395 343 -1 88 204 457 -1 204 88 87 -1 439 359 205 -1 359 439 458 -1 384 459 460 -1 384 461 459 -1 462 113 463 -1 113 462 441 -1 334 347 376 -1 334 330 347 -1 404 375 23 -1 404 335 375 -1 443 371 370 -1 443 442 371 -1 373 300 398 -1 373 372 300 -1 368 336 333 -1 336 368 337 -1 364 464 465 -1 466 464 364 -1 467 431 262 -1 465 431 467 -1 138 366 287 -1 366 138 137 -1 265 468 362 -1 265 140 468 -1 82 467 436 -1 82 365 467 -1 363 117 362 -1 363 218 117 -1 469 470 313 -1 469 471 470 -1 269 345 350 -1 269 268 345 -1 267 350 352 -1 267 269 350 -1 304 472 305 -1 304 301 472 -1 473 361 310 -1 361 473 474 -1 243 360 49 -1 243 475 360 -1 468 112 476 -1 468 259 112 -1 195 477 198 -1 195 331 477 -1 478 199 479 -1 478 192 199 -1 161 480 481 -1 161 164 480 -1 411 142 141 -1 411 408 142 -1 209 212 143 -1 114 212 209 -1 205 215 206 -1 205 359 215 -1 37 50 52 -1 50 37 358 -1 58 149 412 -1 58 38 149 -1 482 429 426 -1 482 430 429 -1 384 356 217 -1 356 384 460 -1 386 344 387 -1 386 266 344 -1 457 206 483 -1 457 204 206 -1 484 387 344 -1 485 387 484 -1 383 308 432 -1 383 486 308 -1 44 75 307 -1 43 75 44 -1 242 351 292 -1 352 351 242 -1 110 487 237 -1 110 109 487 -1 41 236 488 -1 236 41 40 -1 489 319 349 -1 489 490 319 -1 491 14 13 -1 491 197 14 -1 346 13 320 -1 346 491 13 -1 375 21 23 -1 375 322 21 -1 160 99 325 -1 99 160 166 -1 207 492 493 -1 208 492 207 -1 328 163 162 -1 328 16 163 -1 200 375 376 -1 200 322 375 -1 299 492 208 -1 299 326 492 -1 68 175 251 -1 68 179 175 -1 417 46 494 -1 46 417 239 -1 495 7 294 -1 7 495 8 -1 350 233 232 -1 345 233 350 -1 496 63 272 -1 496 64 63 -1 5 294 7 -1 231 294 5 -1 497 302 435 -1 497 225 302 -1 471 484 470 -1 471 459 484 -1 498 461 458 -1 498 485 461 -1 57 386 385 -1 56 386 57 -1 481 483 214 -1 480 483 481 -1 214 147 481 -1 147 214 216 -1 499 277 276 -1 499 341 277 -1 500 339 424 -1 500 501 339 -1 456 501 500 -1 501 456 453 -1 499 453 452 -1 499 501 453 -1 279 278 502 -1 62 278 279 -1 194 455 454 -1 455 194 193 -1 451 503 103 -1 451 450 503 -1 278 449 448 -1 341 449 278 -1 337 190 447 -1 337 368 190 -1 336 330 334 -1 336 101 330 -1 478 103 503 -1 478 104 103 -1 477 163 165 -1 163 477 164 -1 329 491 346 -1 479 491 329 -1 328 378 17 -1 328 493 378 -1 326 379 492 -1 379 326 327 -1 377 167 348 -1 167 377 93 -1 159 348 160 -1 159 316 348 -1 19 324 323 -1 325 324 19 -1 399 322 202 -1 399 21 322 -1 12 320 13 -1 320 12 321 -1 504 201 321 -1 201 504 202 -1 490 12 319 -1 12 490 505 -1 315 506 203 -1 315 317 506 -1 20 504 505 -1 504 20 402 -1 316 489 317 -1 489 316 159 -1 86 186 430 -1 86 187 186 -1 161 207 162 -1 207 161 146 -1 313 462 469 -1 313 312 462 -1 114 94 213 -1 114 96 94 -1 168 374 166 -1 410 374 168 -1 354 310 151 -1 354 473 310 -1 370 374 443 -1 370 100 374 -1 472 371 474 -1 371 472 372 -1 309 486 437 -1 308 486 309 -1 191 435 302 -1 191 434 435 -1 303 433 306 -1 433 303 355 -1 372 301 300 -1 372 472 301 -1 304 434 191 -1 306 434 304 -1 368 188 190 -1 368 369 188 -1 335 367 333 -1 367 335 404 -1 507 42 392 -1 497 42 507 -1 227 415 297 -1 227 507 415 -1 508 509 252 -1 508 414 509 -1 494 413 417 -1 413 494 510 -1 509 511 229 -1 509 510 511 -1 511 294 295 -1 511 495 294 -1 230 234 131 -1 230 295 234 -1 512 513 241 -1 513 512 291 -1 512 158 152 -1 512 157 158 -1 109 61 487 -1 61 109 59 -1 60 293 421 -1 60 155 293 -1 488 420 41 -1 420 488 419 -1 513 292 351 -1 291 292 513 -1 268 290 255 -1 290 268 270 -1 289 128 423 -1 129 128 289 -1 514 121 123 -1 514 134 121 -1 475 139 360 -1 139 475 515 -1 48 149 51 -1 48 111 149 -1 388 124 126 -1 388 389 124 -1 286 280 285 -1 286 281 280 -1 502 448 447 -1 502 278 448 -1 391 340 275 -1 391 422 340 -1 67 393 425 -1 67 66 393 -1 516 426 517 -1 426 516 482 -1 427 274 248 -1 427 72 274 -1 186 25 73 -1 185 25 186 -1 30 72 28 -1 72 30 274 -1 29 273 249 -1 29 35 273 -1 496 298 180 -1 296 298 496 -1 6 351 4 -1 6 513 351 -1 139 260 136 -1 139 515 260 -1 287 412 149 -1 287 366 412 -1 120 265 362 -1 265 120 266 -1 112 466 476 -1 466 112 71 -1 436 262 261 -1 467 262 436 -1 485 385 387 -1 498 385 485 -1 344 470 484 -1 344 119 470 -1 447 189 502 -1 189 447 190 -1 158 105 258 -1 158 106 105 -1 258 464 70 -1 464 258 105 -1 123 69 514 -1 118 69 123 -1 476 362 468 -1 476 363 362 -1 514 260 515 -1 260 514 69 -1 154 123 122 -1 154 153 123 -1 132 234 233 -1 132 131 234 -1 228 177 176 -1 177 228 253 -1 180 508 175 -1 180 298 508 -1 171 273 32 -1 273 171 184 -1 247 182 358 -1 247 246 182 -1 407 425 393 -1 407 424 425 -1 500 396 456 -1 500 406 396 -1 36 357 37 -1 36 428 357 -1 66 31 393 -1 66 33 31 -1 181 358 182 -1 358 181 50 -1 36 57 517 -1 36 38 57 -1 134 515 475 -1 134 514 515 -1 130 135 127 -1 130 121 135 -1 124 423 128 -1 389 423 124 -1 241 6 10 -1 241 513 6 -1 41 416 172 -1 41 420 416 -1 421 45 238 -1 45 421 293 -1 487 419 488 -1 487 61 419 -1 59 155 60 -1 156 155 59 -1 152 291 512 -1 154 291 152 -1 241 157 512 -1 157 241 240 -1 131 254 253 -1 254 131 133 -1 295 229 511 -1 229 295 230 -1 510 495 511 -1 510 494 495 -1 229 252 509 -1 252 229 228 -1 414 510 509 -1 414 413 510 -1 507 418 415 -1 507 392 418 -1 225 507 227 -1 225 497 507 -1 398 97 373 -1 403 97 398 -1 306 74 434 -1 306 433 74 -1 437 223 222 -1 486 223 437 -1 473 303 305 -1 354 303 473 -1 373 100 370 -1 373 97 100 -1 474 442 361 -1 474 371 442 -1 444 361 442 -1 361 444 219 -1 211 219 444 -1 211 213 219 -1 82 218 365 -1 82 79 218 -1 446 209 210 -1 463 209 446 -1 498 516 385 -1 498 440 516 -1 147 356 314 -1 147 216 356 -1 299 148 144 -1 208 148 299 -1 440 482 516 -1 89 482 440 -1 343 483 332 -1 343 457 483 -1 20 490 18 -1 505 490 20 -1 202 402 399 -1 202 504 402 -1 349 317 489 -1 349 506 317 -1 321 505 504 -1 321 12 505 -1 506 14 400 -1 506 349 14 -1 348 318 377 -1 348 316 318 -1 378 492 379 -1 493 492 378 -1 197 479 199 -1 197 491 479 -1 198 165 196 -1 165 198 477 -1 192 503 193 -1 192 478 503 -1 338 103 102 -1 103 338 451 -1 341 452 449 -1 341 499 452 -1 454 332 194 -1 397 332 454 -1 279 189 302 -1 279 502 189 -1 193 450 455 -1 193 503 450 -1 424 406 500 -1 407 406 424 -1 276 501 499 -1 339 501 276 -1 214 206 215 -1 206 214 483 -1 480 332 483 -1 480 331 332 -1 508 173 175 -1 173 508 252 -1 385 517 57 -1 385 516 517 -1 445 459 471 -1 445 460 459 -1 250 32 34 -1 250 169 32 -1 302 224 279 -1 225 224 302 -1 177 244 170 -1 177 254 244 -1 279 272 63 -1 272 279 224 -1 180 64 496 -1 180 178 64 -1 231 4 232 -1 4 231 5 -1 46 495 494 -1 8 495 46 -1 172 418 392 -1 416 418 172 -1 435 42 497 -1 435 43 42 -1 162 493 328 -1 207 493 162 -1 90 326 299 -1 90 92 326 -1 325 98 324 -1 98 325 99 -1 201 376 347 -1 200 376 201 -1 197 400 14 -1 197 196 400 -1 15 196 165 -1 401 196 15 -1 400 196 401 -1 159 490 489 -1 159 18 490 -1 155 240 293 -1 157 240 155 -1 237 488 236 -1 488 237 487 -1 486 353 223 -1 383 353 486 -1 307 432 308 -1 432 307 75 -1 223 150 3 -1 223 353 150 -1 386 264 266 -1 386 56 264 -1 461 484 459 -1 461 485 484 -1 89 430 482 -1 89 86 430 -1 248 428 427 -1 248 357 428 -1 331 164 477 -1 331 480 164 -1 410 91 408 -1 410 168 91 -1 161 147 146 -1 147 161 481 -1 479 104 478 -1 329 104 479 -1 192 198 199 -1 192 195 198 -1 140 259 468 -1 140 136 259 -1 475 135 134 -1 475 243 135 -1 474 305 472 -1 305 474 473 -1 128 125 124 -1 125 128 127 -1 288 352 242 -1 288 267 352 -1 255 345 268 -1 345 255 257 -1 312 115 311 -1 115 312 116 -1 313 119 116 -1 313 470 119 -1 446 471 469 -1 471 446 445 -1 463 114 209 -1 114 463 113 -1 70 466 71 -1 464 466 70 -1 230 253 228 -1 230 131 253 -1 287 47 138 -1 287 111 47 -1 365 465 467 -1 364 465 365 -1 262 108 110 -1 431 108 262 -1 476 364 363 -1 476 466 364 -1 465 105 431 -1 464 105 465 -1 107 156 59 -1 106 156 107 -1 337 101 336 -1 101 337 102 -1 98 403 24 -1 97 403 98 -1 95 113 441 -1 96 113 95 -1 469 463 446 -1 463 469 462 -1 384 458 461 -1 384 359 458 -1 205 87 439 -1 205 204 87 -1 438 457 343 -1 457 438 88 -1 456 397 454 -1 397 456 396 -1 452 455 450 -1 455 452 453 -1 448 451 338 -1 451 448 449 -1 460 314 356 -1 460 445 314 -1 408 90 142 -1 408 91 90 -1 444 411 211 -1 444 409 411 -1 441 312 311 -1 312 441 462 -1 458 440 498 -1 440 458 439 -1 88 187 86 -1 187 88 438 -1 309 77 307 -1 309 78 77 -1 222 382 437 -1 222 380 382 -1 85 381 221 -1 85 84 381 -1 80 436 84 -1 82 436 80 -1 353 151 150 -1 354 151 353 -1 433 75 74 -1 433 432 75 -1 108 59 109 -1 107 59 108 -1 428 517 426 -1 517 428 36 -1 72 429 73 -1 72 427 429 -1 425 422 67 -1 425 340 422 -1 270 423 290 -1 289 423 270 -1 33 68 34 -1 33 66 68 -1 67 179 68 -1 67 422 179 -1 61 421 419 -1 60 421 61 -1 420 239 416 -1 238 239 420 -1 417 415 418 -1 417 413 415 -1 298 414 508 -1 414 298 297 -1 272 296 496 -1 296 272 226 -1 412 56 58 -1 264 56 412 -1 410 443 374 -1 410 409 443 -1 126 390 388 -1 126 283 390 -1 286 50 181 -1 50 286 284 -1 405 407 26 -1 405 406 407 -1 33 29 31 -1 35 29 33 -1 26 185 405 -1 25 185 26 -1 24 404 23 -1 24 403 404 -1 323 20 19 -1 20 323 402 -1 203 400 15 -1 203 506 400 -1 10 5 7 -1 6 5 10 -1' creaseAngle='1.571'>
            <Coordinate DEF='lcuboid_Coord' point='2.8343 1.1148 -1.0658 2.8767 1.1199 -1.0457 2.8324 1.1821 -1.0028 2.8988 1.0401 -1.1347 2.4517 1.4033 -1.7854 2.5615 1.362 -1.8079 2.548 1.3178 -1.7807 2.6827 1.3208 -1.7602 2.7429 1.2989 -1.7492 2.7363 1.2671 -1.7051 2.663 1.2777 -1.7372 2.9275 1.1519 -1.0125 3.4861 1.3884 -1.0645 3.5386 1.4669 -1.0789 3.4877 1.5257 -0.9786 3.3196 1.7109 -0.7923 3.2203 1.7025 -0.7499 3.2247 1.6515 -0.7392 3.2928 1.183 -0.9409 3.2977 1.1215 -1.0341 3.3444 1.1845 -1.0487 3.4967 1.0445 -1.3208 3.4465 1.0222 -1.2662 3.4897 1.0386 -1.349 3.4349 1.0093 -1.2906 2.9797 1.9204 -1.232 3.0533 1.8936 -1.2795 3.0226 1.9124 -1.3836 2.9303 1.9253 -1.3233 2.8964 1.9287 -1.4011 2.9063 1.9281 -1.3807 3.0152 1.9072 -1.4197 2.862 1.9163 -1.6196 2.9855 1.893 -1.5358 2.9614 1.9278 -1.6207 2.8678 1.9032 -1.5364 2.7116 1.8066 -1.2549 2.6023 1.8426 -1.3643 2.6317 1.6738 -1.2855 3.1877 1.0385 -1.7082 3.059 1.0255 -1.6103 3.0129 1.0873 -1.6338 3.2096 1.0481 -1.7131 3.2256 1.0386 -1.6969 3.2048 1.034 -1.706 2.8108 1.2373 -1.6795 2.8507 1.2555 -1.7374 2.5805 1.5718 -1.3483 2.5304 1.6489 -1.4557 2.5651 1.5681 -1.3722 2.5804 1.7735 -1.4344 2.5775 1.744 -1.4328 2.5755 1.7641 -1.4241 2.467 1.5892 -1.5383 2.4795 1.5981 -1.5516 2.4624 1.5842 -1.5581 2.7149 1.5017 -1.1776 2.7122 1.6537 -1.1952 2.6996 1.5851 -1.2082 2.7188 1.1562 -1.384 2.7778 1.1706 -1.5193 2.8035 1.1496 -1.5013 3.3729 1.5034 -1.6463 3.3412 1.5243 -1.6868 3.2572 1.6746 -1.6882 3.2826 1.6559 -1.636 3.1237 1.8546 -1.5604 3.1377 1.8425 -1.5671 3.1312 1.8809 -1.6341 2.5037 1.3127 -1.254 2.5688 1.2254 -1.2541 2.587 1.2746 -1.2445 2.8651 1.9343 -1.2809 2.9404 1.9347 -1.2068 3.2393 1.0249 -1.6083 3.2001 0.9814 -1.6286 3.0038 0.9926 -1.5307 3.1004 0.9767 -1.618 3.0379 0.9525 -1.5217 2.73 1.2325 -1.1476 2.7516 1.1841 -1.102 2.7567 1.2219 -1.0987 2.7198 1.1933 -1.1447 2.7998 1.1803 -1.0412 2.7522 1.1307 -1.1226 2.8042 1.1197 -1.085 3.0256 1.892 -1.0508 3.0392 1.8633 -1.0049 3.0539 1.8743 -1.0151 3.0068 1.8822 -1.0373 2.9568 1.2081 -0.804 2.9903 1.1564 -0.8445 2.9778 1.2108 -0.7845 3.0054 1.1569 -0.8257 2.8712 1.1855 -0.9679 2.8253 1.2152 -0.9912 2.858 1.2255 -0.9469 3.2942 1.0393 -1.157 3.3095 1.0142 -1.1494 3.2322 1.0621 -1.0231 3.2112 1.0731 -1.0367 3.5262 1.3501 -1.3383 3.5057 1.3888 -1.407 3.4704 1.5098 -1.2682 3.5078 1.4696 -1.2203 2.6207 1.1619 -1.257 2.6532 1.1641 -1.3656 2.6866 1.1387 -1.3479 2.735 1.1069 -1.329 2.7694 1.121 -1.3701 2.7632 1.0878 -1.3195 2.6006 1.6155 -1.3276 2.5963 1.2924 -1.2485 2.8578 1.2497 -0.9414 2.891 1.2359 -0.9025 2.7732 1.2798 -1.0917 2.7867 1.3315 -1.0965 2.7503 1.2985 -1.1629 2.4895 1.2472 -1.291 2.7976 1.405 -1.1057 2.7533 1.3591 -1.1647 2.4083 1.2767 -1.4525 2.423 1.2508 -1.5125 2.4606 1.2577 -1.3201 2.4595 1.5362 -1.4564 2.4703 1.5195 -1.4432 2.5136 1.6422 -1.4668 2.415 1.4066 -1.4443 2.402 1.4173 -1.4582 2.3735 1.3231 -1.5148 2.3807 1.3062 -1.5039 2.5787 1.63 -1.6749 2.4803 1.6034 -1.692 2.5164 1.6515 -1.6333 2.4363 1.3505 -1.3808 2.4267 1.3727 -1.4164 2.6293 1.458 -1.2515 2.6622 1.4873 -1.2433 2.5954 1.558 -1.3262 2.5589 1.5166 -1.313 2.6834 1.4521 -1.2318 2.9278 1.2275 -0.8491 2.946 1.2217 -0.8255 2.9376 1.3047 -0.849 2.9523 1.2998 -0.8004 3.0139 1.4473 -0.8347 3.0811 1.533 -0.7846 3.0715 1.5426 -0.831 3.0146 1.4442 -0.7846 2.6344 1.6633 -1.2997 2.9345 1.0614 -1.1132 2.9606 1.0841 -1.0989 2.5296 1.185 -1.4454 2.4919 1.2158 -1.3277 2.4594 1.2142 -1.5095 2.7376 1.2036 -1.5476 2.6806 1.1902 -1.4152 2.6985 1.2164 -1.5651 2.6239 1.1872 -1.3925 3.2757 1.193 -0.9141 3.1937 1.0817 -0.9233 3.1331 1.6375 -0.7888 3.1482 1.6549 -0.7394 3.2095 1.7181 -0.764 3.1968 1.7183 -0.8055 3.3185 1.7304 -0.8071 3.1665 1.0701 -0.9413 3.0474 1.1277 -0.8543 3.0312 1.1216 -0.872 2.8848 1.9062 -1.6501 2.7643 1.8722 -1.6286 2.7601 1.8767 -1.6037 3.0821 1.0714 -1.717 3.0545 1.8399 -1.6723 3.0836 1.8655 -1.6721 3.186 1.79 -1.6822 2.8788 1.8737 -1.6738 2.7526 1.8481 -1.6539 3.2259 1.7391 -1.68 3.1951 1.7975 -1.6621 3.2138 1.7336 -1.692 2.5842 1.7772 -1.5009 2.6072 1.8618 -1.4396 2.5884 1.7778 -1.5209 2.7447 1.8756 -1.5488 3.0297 1.905 -1.1462 3.0168 1.9114 -1.1351 3.0653 1.895 -1.0792 3.3726 1.1677 -1.5293 3.3853 1.2454 -1.623 3.4161 1.2382 -1.576 3.3403 1.1476 -1.5624 3.4249 1.5796 -1.0671 3.398 1.6222 -1.13 3.3218 1.6956 -1.0309 3.3453 1.6728 -0.9726 3.4015 1.6543 -0.8879 3.4868 1.5426 -0.9904 3.368 1.6592 -0.9305 3.4535 1.5627 -1.0284 3.561 1.1863 -1.2995 3.5642 1.2965 -1.249 3.5122 1.1711 -1.2647 3.2916 1.6129 -0.7848 3.0854 1.8137 -0.9413 3.0507 1.7607 -0.9393 3.1239 1.7654 -0.8835 3.0888 1.5204 -0.7331 3.0041 1.4489 -0.7318 2.9106 1.307 -0.8947 2.9832 1.4368 -0.9035 2.9413 1.1863 -0.903 2.9168 1.2307 -0.8681 2.911 1.1892 -0.9318 3.0759 1.6409 -0.8696 3.056 1.6403 -0.8733 3.0384 1.5784 -0.8906 3.0282 1.5811 -0.8957 2.709 1.2408 -1.1863 2.9575 1.1497 -0.9804 2.8004 1.2148 -1.0277 2.83 1.0413 -1.1478 2.9077 0.9953 -1.2352 2.9712 1.0069 -1.2194 3.3647 1.401 -1.6686 3.3295 1.2363 -1.6945 3.2999 1.462 -1.7052 3.2209 1.3206 -1.71 2.846 1.7468 -1.6913 2.8063 1.5631 -1.7072 2.704 1.6011 -1.6961 2.5653 1.385 -1.8073 2.4474 1.4246 -1.7857 2.4283 1.4768 -1.762 2.5682 1.4906 -1.7364 2.9146 1.0108 -1.4311 2.9821 1.043 -1.528 2.8895 1.0647 -1.4422 2.869 1.2026 -1.6589 2.9131 1.1996 -1.7327 2.7215 1.2397 -1.6468 2.6434 1.2347 -1.7143 2.4087 1.2835 -1.608 2.4748 1.4663 -1.3888 2.6115 1.7679 -1.5895 3.3058 1.6353 -1.5856 2.7004 1.9525 -1.3916 2.6946 1.949 -1.3298 2.7177 1.9563 -1.3156 2.7759 1.95 -1.3823 2.9489 1.9211 -1.6379 3.126 1.8785 -1.6464 2.9882 1.7013 -1.7109 2.7021 1.7535 -1.6577 2.6107 1.7621 -1.6019 2.4367 1.5898 -1.6716 2.4919 1.6442 -1.6257 2.4519 1.5949 -1.691 2.5673 1.1916 -1.2798 2.6277 1.371 -1.2583 2.548 1.3889 -1.2442 2.7255 1.091 -1.2065 2.6828 1.1167 -1.2396 2.8046 1.0485 -1.2894 2.7197 1.4843 -1.1876 2.7123 1.4455 -1.1922 2.7468 1.4653 -1.1543 2.4069 1.3577 -1.7076 2.4034 1.4597 -1.7412 2.4142 1.4265 -1.7591 2.4064 1.4109 -1.6632 2.5098 1.6503 -1.6252 3.3316 1.516 -1.6984 2.8232 1.907 -1.5366 2.7965 1.9489 -1.3417 3.2668 1.7032 -1.5576 3.3012 1.6835 -1.4421 3.3518 1.6284 -1.4819 3.4288 1.5011 -1.5735 3.3778 1.4101 -1.6561 2.5575 1.6654 -1.557 2.5925 1.7415 -1.5734 2.5105 1.6485 -1.6079 2.5294 1.6557 -1.4791 2.5689 1.7416 -1.4499 2.5385 1.661 -1.5009 2.573 1.7428 -1.5131 2.6109 1.606 -1.3123 2.3943 1.2981 -1.6125 2.39 1.367 -1.5892 2.4297 1.5067 -1.5979 2.4951 1.2233 -1.6475 2.4373 1.2535 -1.6307 2.7728 1.2204 -1.6146 2.6816 1.3466 -1.7659 2.6789 1.4639 -1.7402 3.1963 1.5699 -1.7092 3.0869 1.4155 -1.717 3.1669 1.5988 -1.7103 2.9491 1.3016 -0.7548 3.3514 1.0812 -1.347 3.2878 1.1054 -1.3881 3.3424 1.2286 -1.6826 3.128 1.0556 -1.3145 3.255 1.0933 -1.4128 3.1625 1.0896 -1.2891 3.225 1.046 -1.4421 3.1728 0.9717 -1.6379 3.1344 0.947 -1.4863 3.0856 0.9395 -1.5017 2.9982 1.1166 -1.0781 2.805 1.2668 -1.0174 2.8161 1.3183 -1.0222 2.8453 1.3828 -1.0353 3.0004 1.4673 -0.9022 3.1978 1.4528 -0.7788 3.1742 1.2842 -0.8119 3.2542 1.4169 -0.8205 3.1148 1.3244 -0.781 3.4589 1.4375 -0.9654 3.5666 1.4143 -1.1625 3.5214 1.3501 -1.1642 3.5216 1.0903 -1.3352 3.3833 1.0859 -1.17 3.3343 1.0197 -1.1426 3.2583 1.0719 -1.0118 2.9679 1.2981 -0.7396 2.9912 1.2694 -0.7582 3.1663 1.6569 -0.7288 3.5319 1.4544 -1.1958 3.5422 1.3283 -1.3003 3.2818 1.739 -0.8851 3.2566 1.7743 -0.9138 3.476 1.1436 -1.4021 3.5397 1.2229 -1.3588 3.4934 1.1173 -1.3794 3.5207 1.2499 -1.3927 3.4953 1.3028 -1.4602 3.4931 1.4118 -1.4371 3.25 1.7379 -1.4023 3.2241 1.7679 -1.5294 3.3688 1.6174 -1.4557 3.1966 1.8149 -1.0126 3.1722 1.8308 -0.9793 2.8158 1.532 -1.0989 2.4168 1.4694 -1.7542 3.5651 1.4385 -1.1794 3.5672 1.3086 -1.2668 3.1108 1.1992 -0.8145 3.4451 1.4559 -0.9402 2.4324 1.4243 -1.7763 2.4474 1.3213 -1.7369 2.425 1.3462 -1.7165 3.005 1.0319 -1.1942 3.0326 1.0596 -1.1738 3.0997 1.0136 -1.3239 3.0289 1.57 -0.9022 2.6997 1.9461 -1.306 2.6022 1.8568 -1.3847 2.9959 1.6452 -0.9294 2.5647 1.5395 -1.3477 3.0345 1.1274 -1.0477 2.7308 1.3264 -1.2008 2.6947 1.2483 -1.2063 2.6702 1.2134 -1.1997 2.6881 1.2026 -1.1875 2.679 1.5204 -1.2301 3.4467 1.0844 -1.3766 3.4513 1.1984 -1.4585 3.4067 1.1437 -1.4199 3.1903 1.0841 -1.0504 3.1472 1.0954 -1.0787 3.2315 1.0819 -1.1931 3.2722 1.0524 -1.1698 3.1442 1.0912 -0.9568 3.5189 1.0913 -1.3671 3.5677 1.1979 -1.3294 3.0517 1.235 -0.7864 3.1396 1.4868 -0.737 3.0536 1.3629 -0.7501 2.846 1.0091 -1.2593 2.7681 1.0652 -1.1734 2.9537 0.975 -1.4099 3.0822 0.9876 -1.3296 2.9841 1.5704 -0.9367 2.8365 1.6462 -1.0861 2.7372 1.4852 -1.1497 2.8132 1.5504 -1.0919 2.4888 1.6172 -1.4955 2.4627 1.5661 -1.5038 2.5135 1.6392 -1.4993 3.2349 1.712 -1.6159 3.1006 1.0845 -1.7274 3.1358 1.8548 -1.4843 3.126 1.8595 -1.1287 3.139 1.854 -1.1142 3.1862 1.8238 -1.1782 3.2207 1.7987 -1.0459 3.3935 1.0541 -1.3135 3.4699 1.0767 -1.2657 3.4013 1.64 -0.8736 3.3611 1.676 -0.833 3.4095 1.1353 -1.1673 3.4145 1.0361 -1.2994 3.4666 1.065 -1.3595 3.0905 1.8747 -1.1991 3.1639 1.8379 -1.263 3.1518 1.8405 -1.3457 2.9819 1.1745 -0.8558 3.0165 1.1399 -0.904 3.0266 1.1351 -0.8871 2.9668 1.177 -0.8759 2.7042 1.5681 -1.2178 2.9657 1.3192 -1.7363 3.0038 1.4544 -1.7177 3.0482 1.2878 -1.7284 2.9753 1.1437 -1.7279 2.9262 1.2154 -1.7432 2.9897 1.1565 -1.739 2.8677 1.1483 -1.5784 2.9297 1.1528 -1.6483 2.8227 1.1824 -1.5939 3.1977 1.7735 -1.5922 2.4159 1.462 -1.528 3.2053 1.7997 -1.372 3.1637 1.8305 -1.4978 2.8651 1.9239 -1.1619 2.8048 1.9318 -1.2478 2.7817 1.9222 -1.2373 2.8859 1.9337 -1.1743 2.971 1.9133 -1.0991 2.6518 1.1393 -1.2483 3.1639 0.9609 -1.4744 3.1944 1.0036 -1.4583 3.2951 1.0866 -1.5792 3.2857 1.1228 -1.6874 2.7159 1.1462 -1.1632 3.0016 0.9597 -1.3764 3.0916 1.8839 -1.0503 2.9837 1.7561 -0.9938 2.9461 1.7668 -1.0292 2.8247 1.2635 -0.9803 3.0755 1.1153 -1.0041 3.1191 1.1021 -0.9739 2.993 1.1461 -0.9373 2.9599 1.4662 -0.9451 2.9428 1.427 -0.9445 3.452 1.362 -1.5671 3.4568 1.4794 -1.5254 3.3993 1.5972 -1.4085 3.391 1.6091 -1.2758 3.4346 1.5534 -1.3384 3.3486 1.6525 -1.3526 3.2977 1.7073 -1.2966 3.2863 1.7343 -1.1426 3.3476 1.6647 -1.2133 3.2452 1.7652 -1.2545 3.105 1.8214 -0.948 2.9464 1.6511 -0.9826 2.9354 1.5647 -0.9871 2.9885 1.5574 -0.9415 2.9316 1.5768 -0.9814 2.8374 1.3136 -0.98 2.8739 1.3103 -0.9374 2.6313 1.1914 -1.2276 2.6554 1.1766 -1.2157 2.6467 1.2276 -1.2158 2.6795 1.1618 -1.2038 2.6967 1.3457 -1.2357 2.9025 1.4173 -0.9855 2.8622 1.4393 -1.0396 2.9196 1.4652 -0.9881 3.2016 1.0997 -1.259 3.0652 1.0923 -1.1497 3.1043 1.1096 -1.1177 2.4857 1.4478 -1.3513 2.67 1.2642 -1.229 3.3055 1.7276 -0.8455 3.4783 1.5174 -1.1434 3.5066 1.4975 -1.1149 3.1818 1.7297 -0.8413 3.1148 1.6444 -0.835 2.9522 1.9042 -1.085 3.1491 1.7652 -0.8775 2.8832 1.5664 -1.0362 2.8811 1.5805 -1.0298 3.0572 0.973 -1.342 2.8564 1.1035 -1.4649 2.9303 1.0946 -1.5405 3.3543 1.3144 -0.914 3.3685 1.2986 -0.9397 3.537 1.482 -1.0884 3.017 1.4379 -0.719 3.1009 1.5112 -0.7245 2.8626 1.2742 -1.7475 2.7508 1.3202 -1.7566 3.2459 1.6659 -1.7003 3.2769 1.1344 -1.6997 2.8988 1.6504 -1.0274 3.3249 1.6681 -1.3973 3.224 1.7836 -1.3169 3.2739 1.7226 -1.3495 3.4213 1.3863 -1.6131 3.434 1.5659 -1.1991 3.4517 1.2132 -1.1629 3.4012 1.2631 -1.0586 3.35 1.5576 -0.8453 3.1761 1.2112 -1.7193 3.09 1.6433 -1.7106 2.9202 1.4932 -1.7183 2.8828 1.3506 -1.7442 2.769 1.4007 -1.7422 2.5985 1.2028 -1.6096 2.5309 1.2618 -1.7464 2.4618 1.3306 -1.2948 2.4941 1.4263 -1.2934 2.8883 1.7831 -1.0836 2.7939 1.8013 -1.1741'/>
          </IndexedFaceSet>
        </Shape>
        <Shape DEF='llcun'>
          <Appearance>
            <Material ambientIntensity='0.965' diffuseColor='1 0.9765 0.8667' emissiveColor='0 0 0' shininess='0.05' specularColor='0.349 0.349 0.349'/>
          </Appearance>
          <IndexedFaceSet DEF='llcun_Geo' coordIndex='0 1 2 -1 3 4 5 -1 0 6 1 -1 7 8 9 -1 10 11 12 -1 13 14 15 -1 13 16 14 -1 12 17 18 -1 19 20 21 -1 21 22 19 -1 2 23 0 -1 24 25 26 -1 27 28 29 -1 27 30 28 -1 27 31 30 -1 32 33 34 -1 34 35 32 -1 36 37 38 -1 39 40 41 -1 40 42 41 -1 43 44 45 -1 43 46 44 -1 47 48 38 -1 38 37 47 -1 49 50 51 -1 49 52 50 -1 52 53 50 -1 54 55 56 -1 57 56 58 -1 56 59 58 -1 60 61 62 -1 62 40 60 -1 57 54 56 -1 63 64 65 -1 66 67 68 -1 68 69 66 -1 70 71 72 -1 73 74 75 -1 73 76 74 -1 77 78 79 -1 79 80 77 -1 81 82 83 -1 84 85 86 -1 87 88 89 -1 87 90 88 -1 47 37 91 -1 92 93 94 -1 92 95 93 -1 67 96 97 -1 50 98 51 -1 99 10 20 -1 100 101 102 -1 103 33 104 -1 105 106 32 -1 107 108 14 -1 109 110 27 -1 111 105 32 -1 111 112 105 -1 28 35 113 -1 28 111 35 -1 114 115 116 -1 117 69 118 -1 69 119 118 -1 97 68 67 -1 120 121 17 -1 120 122 121 -1 123 124 51 -1 125 84 86 -1 125 126 84 -1 127 43 45 -1 128 129 130 -1 131 104 132 -1 106 105 133 -1 133 134 106 -1 134 135 136 -1 134 137 135 -1 138 139 140 -1 9 135 7 -1 141 142 143 -1 143 144 141 -1 145 146 60 -1 82 81 147 -1 81 53 147 -1 81 148 53 -1 58 149 150 -1 151 60 146 -1 51 59 49 -1 152 153 55 -1 154 155 149 -1 155 150 149 -1 55 54 156 -1 91 157 158 -1 92 94 44 -1 44 46 92 -1 159 160 161 -1 159 162 160 -1 163 164 165 -1 161 160 166 -1 95 162 93 -1 95 160 162 -1 91 167 157 -1 167 168 157 -1 138 169 170 -1 138 143 169 -1 156 54 57 -1 56 49 59 -1 59 51 171 -1 57 58 150 -1 83 122 81 -1 146 172 151 -1 3 5 173 -1 5 174 173 -1 2 1 175 -1 9 8 176 -1 9 138 135 -1 138 136 135 -1 139 170 177 -1 139 138 170 -1 178 106 136 -1 106 134 136 -1 134 133 179 -1 179 137 134 -1 104 131 103 -1 180 181 140 -1 140 139 180 -1 182 125 41 -1 182 126 125 -1 85 183 184 -1 19 101 185 -1 124 123 186 -1 66 51 124 -1 117 66 69 -1 33 187 34 -1 28 30 188 -1 189 15 190 -1 189 13 15 -1 191 190 22 -1 22 192 191 -1 193 80 79 -1 79 194 193 -1 195 196 31 -1 195 197 196 -1 35 111 32 -1 198 130 129 -1 199 200 201 -1 199 202 200 -1 27 29 203 -1 148 50 53 -1 148 98 50 -1 204 52 49 -1 205 206 61 -1 69 207 119 -1 208 108 209 -1 108 107 209 -1 123 210 186 -1 123 211 210 -1 212 197 213 -1 46 214 92 -1 182 42 215 -1 182 41 42 -1 49 56 204 -1 65 76 73 -1 73 63 65 -1 19 22 190 -1 190 101 19 -1 193 216 80 -1 216 77 80 -1 65 64 207 -1 210 217 70 -1 210 70 186 -1 70 72 186 -1 171 218 149 -1 218 154 149 -1 59 149 58 -1 59 171 149 -1 151 205 61 -1 61 60 151 -1 88 219 36 -1 36 38 88 -1 62 220 215 -1 215 42 62 -1 37 36 155 -1 155 221 37 -1 66 171 51 -1 145 39 222 -1 222 142 145 -1 53 172 147 -1 53 52 172 -1 184 177 170 -1 170 85 184 -1 62 42 40 -1 35 34 223 -1 223 114 35 -1 159 224 163 -1 163 162 159 -1 225 114 223 -1 225 115 114 -1 178 140 128 -1 128 132 178 -1 28 113 29 -1 113 202 29 -1 202 113 200 -1 113 226 200 -1 79 78 227 -1 228 201 229 -1 228 199 201 -1 27 203 109 -1 230 1 6 -1 230 231 1 -1 22 21 192 -1 23 2 232 -1 232 176 23 -1 102 15 14 -1 12 11 17 -1 14 16 107 -1 190 191 189 -1 233 191 234 -1 189 191 233 -1 235 236 237 -1 238 236 235 -1 239 240 241 -1 242 240 239 -1 243 173 7 -1 243 244 173 -1 174 176 8 -1 174 23 176 -1 2 245 232 -1 175 245 2 -1 246 247 248 -1 246 121 247 -1 249 166 168 -1 166 249 250 -1 251 252 253 -1 251 254 252 -1 255 256 257 -1 255 258 256 -1 259 213 260 -1 259 261 213 -1 262 263 212 -1 262 264 263 -1 265 266 267 -1 268 266 265 -1 185 269 99 -1 270 269 185 -1 21 271 192 -1 21 272 271 -1 230 273 231 -1 274 273 230 -1 203 228 109 -1 203 199 228 -1 25 201 26 -1 25 229 201 -1 275 226 276 -1 200 226 275 -1 24 275 276 -1 24 26 275 -1 132 106 178 -1 104 106 132 -1 224 115 225 -1 224 159 115 -1 165 181 93 -1 165 129 181 -1 162 165 93 -1 162 163 165 -1 169 85 170 -1 85 169 86 -1 125 39 41 -1 222 39 125 -1 277 45 44 -1 278 45 277 -1 146 142 82 -1 142 146 145 -1 150 156 57 -1 150 219 156 -1 219 90 156 -1 90 219 88 -1 279 215 220 -1 215 279 280 -1 204 205 151 -1 204 153 205 -1 221 154 218 -1 221 155 154 -1 65 69 68 -1 69 65 207 -1 124 72 96 -1 124 186 72 -1 281 70 217 -1 281 71 70 -1 282 283 284 -1 283 282 285 -1 286 11 10 -1 11 286 287 -1 15 101 190 -1 15 102 101 -1 108 288 289 -1 108 208 288 -1 193 110 216 -1 195 110 193 -1 63 258 64 -1 256 258 63 -1 27 195 31 -1 27 110 195 -1 290 291 278 -1 290 292 291 -1 290 183 292 -1 280 182 215 -1 182 280 293 -1 292 294 291 -1 292 295 294 -1 296 127 297 -1 127 296 43 -1 262 75 281 -1 75 262 261 -1 98 123 51 -1 98 211 123 -1 264 281 217 -1 281 264 262 -1 286 267 285 -1 267 286 269 -1 239 189 233 -1 239 13 189 -1 298 107 299 -1 107 298 209 -1 112 28 188 -1 112 111 28 -1 300 263 268 -1 300 196 263 -1 210 301 284 -1 210 211 301 -1 116 251 276 -1 116 250 251 -1 252 64 258 -1 119 64 252 -1 119 207 64 -1 181 94 93 -1 94 181 180 -1 172 204 151 -1 172 52 204 -1 148 211 98 -1 301 211 148 -1 120 282 302 -1 287 282 120 -1 78 229 25 -1 78 77 229 -1 29 199 203 -1 29 202 199 -1 300 31 196 -1 288 31 300 -1 195 194 197 -1 194 195 193 -1 257 194 79 -1 257 260 194 -1 75 259 73 -1 261 259 75 -1 289 300 303 -1 289 288 300 -1 273 18 246 -1 18 273 272 -1 271 236 234 -1 271 274 236 -1 233 242 239 -1 233 238 242 -1 240 299 241 -1 299 240 179 -1 133 112 298 -1 133 105 112 -1 113 114 226 -1 114 113 35 -1 276 253 24 -1 253 276 251 -1 249 118 254 -1 304 118 249 -1 218 66 117 -1 171 66 218 -1 284 302 282 -1 301 302 284 -1 303 102 289 -1 100 102 303 -1 101 270 185 -1 101 100 270 -1 126 293 295 -1 126 182 293 -1 87 295 293 -1 87 294 295 -1 127 278 291 -1 127 45 278 -1 277 94 180 -1 94 277 44 -1 7 137 243 -1 137 7 135 -1 305 33 103 -1 305 187 33 -1 164 129 165 -1 164 198 129 -1 140 136 138 -1 140 178 136 -1 9 143 138 -1 143 9 144 -1 0 174 5 -1 174 0 23 -1 244 3 173 -1 244 235 3 -1 274 237 236 -1 230 237 274 -1 83 245 247 -1 83 141 245 -1 246 231 273 -1 248 231 246 -1 221 91 37 -1 221 167 91 -1 155 219 150 -1 155 36 219 -1 62 206 220 -1 62 61 206 -1 169 142 222 -1 143 142 169 -1 168 304 249 -1 167 304 168 -1 161 250 116 -1 250 161 166 -1 225 305 224 -1 225 187 305 -1 116 159 161 -1 115 159 116 -1 305 163 224 -1 164 163 305 -1 157 95 158 -1 160 95 157 -1 60 39 145 -1 60 40 39 -1 152 220 206 -1 220 152 279 -1 214 91 158 -1 214 47 91 -1 218 167 221 -1 218 304 167 -1 153 206 205 -1 153 152 206 -1 82 141 83 -1 82 142 141 -1 247 122 83 -1 247 121 122 -1 248 1 231 -1 248 175 1 -1 230 4 237 -1 6 4 230 -1 244 238 235 -1 244 242 238 -1 141 232 245 -1 141 144 232 -1 131 128 130 -1 131 132 128 -1 177 180 139 -1 177 277 180 -1 130 103 131 -1 198 103 130 -1 198 305 103 -1 305 198 164 -1 243 179 240 -1 137 179 243 -1 294 89 297 -1 294 87 89 -1 184 290 278 -1 184 183 290 -1 48 297 89 -1 48 296 297 -1 81 301 148 -1 81 302 301 -1 17 287 120 -1 287 17 11 -1 68 76 65 -1 76 68 97 -1 117 304 218 -1 118 304 117 -1 254 119 252 -1 118 119 254 -1 26 200 275 -1 201 200 26 -1 223 187 225 -1 223 34 187 -1 77 228 229 -1 77 216 228 -1 109 216 110 -1 109 228 216 -1 30 209 188 -1 30 208 209 -1 133 299 179 -1 298 299 133 -1 272 12 18 -1 12 272 21 -1 260 197 194 -1 213 197 260 -1 283 267 266 -1 267 283 285 -1 63 259 256 -1 259 63 73 -1 122 302 81 -1 120 302 122 -1 265 100 303 -1 100 265 270 -1 24 255 227 -1 255 24 253 -1 276 114 116 -1 226 114 276 -1 217 266 264 -1 266 217 283 -1 188 298 112 -1 209 298 188 -1 299 16 241 -1 16 299 107 -1 234 192 271 -1 234 191 192 -1 10 269 286 -1 269 10 99 -1 303 268 265 -1 300 268 303 -1 212 196 197 -1 263 196 212 -1 97 74 76 -1 97 96 74 -1 297 291 294 -1 291 297 127 -1 84 295 292 -1 84 126 295 -1 92 158 95 -1 214 158 92 -1 89 38 48 -1 89 88 38 -1 90 293 280 -1 293 90 87 -1 85 292 183 -1 292 85 84 -1 227 257 79 -1 227 255 257 -1 288 30 31 -1 288 208 30 -1 14 289 102 -1 108 289 14 -1 20 12 21 -1 20 10 12 -1 287 285 282 -1 287 286 285 -1 210 283 217 -1 210 284 283 -1 281 74 71 -1 75 74 281 -1 72 74 96 -1 72 71 74 -1 96 66 124 -1 66 96 67 -1 55 204 56 -1 204 55 153 -1 156 280 279 -1 280 156 90 -1 279 55 156 -1 279 152 55 -1 147 146 82 -1 147 172 146 -1 43 214 46 -1 214 43 296 -1 47 296 48 -1 47 214 296 -1 184 277 177 -1 278 277 184 -1 222 86 169 -1 86 222 125 -1 129 140 181 -1 129 128 140 -1 104 32 106 -1 104 33 32 -1 227 25 24 -1 25 227 78 -1 176 144 9 -1 176 232 144 -1 274 272 273 -1 271 272 274 -1 99 19 185 -1 99 20 19 -1 267 270 265 -1 267 269 270 -1 268 264 266 -1 263 264 268 -1 212 261 262 -1 213 261 212 -1 256 260 257 -1 256 259 260 -1 258 253 252 -1 253 258 255 -1 250 254 251 -1 250 249 254 -1 168 160 157 -1 160 168 166 -1 17 246 18 -1 17 121 246 -1 175 247 245 -1 175 248 247 -1 7 174 8 -1 7 173 174 -1 244 240 242 -1 240 244 243 -1 13 241 16 -1 239 241 13 -1 6 5 4 -1 5 6 0 -1 237 3 235 -1 237 4 3 -1 238 234 236 -1 233 234 238 -1' creaseAngle='1.571'>
            <Coordinate DEF='llcun_Coord' point='2.6132 1.2661 -1.0487 2.5925 1.2699 -0.9965 2.5826 1.3169 -1.0549 2.6973 1.2411 -1.0407 2.6561 1.2237 -1.0166 2.6513 1.2569 -1.0615 2.6196 1.2371 -1.0071 2.7392 1.2968 -1.0559 2.664 1.3347 -1.0839 2.6526 1.4281 -1.1126 2.6967 1.2472 -0.5603 2.6796 1.2632 -0.5647 2.6822 1.2423 -0.5771 2.8648 1.2085 -0.6811 2.9163 1.2391 -0.6077 2.8963 1.2207 -0.6129 2.8739 1.2273 -0.6855 2.6662 1.2794 -0.6475 2.6584 1.2574 -0.6495 2.7692 1.1801 -0.5996 2.7095 1.2021 -0.5909 2.694 1.1928 -0.6112 2.762 1.1735 -0.6198 2.6179 1.3149 -1.0683 3.1577 1.8713 -0.5401 3.1941 1.8599 -0.5476 3.183 1.8714 -0.5683 3.0419 1.485 -0.5628 3.0773 1.6058 -0.673 3.099 1.5955 -0.6519 3.0199 1.4601 -0.5679 3.0201 1.48 -0.5456 3.0308 1.6154 -0.8319 3.0482 1.6327 -0.8522 3.1555 1.7087 -0.8014 3.1341 1.7264 -0.769 2.5952 2.1089 -0.8547 2.6179 2.1066 -0.8641 2.6107 2.0997 -0.8777 2.5205 1.61 -1.0752 2.4889 1.6098 -1.0343 2.5179 1.6292 -1.0789 2.4843 1.6276 -1.0398 2.775 2.0405 -1.0989 2.8226 1.9855 -1.1687 2.8039 1.982 -1.1672 2.7955 2.0533 -1.0963 2.6736 2.1077 -0.9359 2.6605 2.0951 -0.9441 2.6394 1.7779 -0.8003 2.6454 1.7569 -0.7806 2.6679 1.7904 -0.6163 2.6147 1.681 -0.8276 2.6272 1.669 -0.8102 2.5408 1.8396 -0.8432 2.535 1.8179 -0.8478 2.552 1.832 -0.8375 2.545 1.8532 -0.8344 2.588 1.8652 -0.7233 2.624 1.8597 -0.7293 2.5108 1.5605 -0.9729 2.497 1.5737 -0.956 2.4757 1.6181 -1.0269 2.8739 1.9274 -0.2549 2.8712 1.942 -0.2592 2.8457 1.9357 -0.2537 2.709 1.8877 -0.4627 2.6968 1.8876 -0.4385 2.7558 1.9471 -0.3384 2.771 1.9619 -0.359 2.7064 1.5968 -0.3915 2.7356 1.6701 -0.3712 2.7045 1.685 -0.4126 2.8425 1.8501 -0.2961 2.7639 1.7388 -0.351 2.7913 1.7275 -0.3532 2.8215 1.8603 -0.2989 3.2985 1.7716 -0.5262 3.2323 1.8079 -0.4729 3.2211 1.7832 -0.444 3.2781 1.7451 -0.5038 2.6519 1.4978 -0.7413 2.586 1.522 -0.8847 2.6158 1.3969 -0.8678 2.6041 1.679 -1.1348 2.6457 1.6568 -1.1796 2.5665 1.6231 -1.1428 2.5815 1.8886 -1.0037 2.5751 2.0173 -0.9133 2.6221 2.012 -0.9669 2.5282 1.8999 -0.9576 2.7042 2.1319 -0.862 2.8107 2.0624 -1.0833 2.8714 1.9792 -1.136 2.8376 1.975 -1.144 2.8535 2.0716 -1.0441 2.6992 1.7804 -0.4291 2.7304 1.8759 -0.3864 2.6492 1.684 -0.6462 2.7226 1.2297 -0.5735 2.8611 1.2424 -0.5807 2.8414 1.202 -0.605 2.9 1.2332 -0.5926 2.978 1.6782 -0.9299 2.9291 1.5506 -0.9413 2.9538 1.5359 -0.8361 2.9148 1.5366 -0.9216 2.9113 1.3066 -0.6675 2.9665 1.3104 -0.5922 3.1415 1.5328 -0.6132 3.1313 1.5293 -0.549 3.055 1.6279 -0.755 2.9827 1.5217 -0.7427 3.1425 1.7109 -0.688 3.2037 1.8119 -0.7828 3.1698 1.8498 -0.8278 3.0668 1.9264 -0.7042 2.7694 1.9755 -0.4461 2.8066 1.9977 -0.4405 2.83 1.9761 -0.3632 2.6664 1.3393 -0.6097 2.6332 1.302 -0.7654 2.6415 1.3652 -0.759 2.7013 1.6882 -0.4604 2.7092 1.7676 -0.4448 2.5264 1.6278 -1.089 2.553 1.6976 -1.0825 2.7531 1.9954 -1.1098 2.7904 1.6298 -1.1494 2.8363 1.8204 -1.1611 2.8695 1.7152 -1.0866 2.9186 1.6019 -0.9728 2.8531 1.5634 -1.0409 2.9029 1.4458 -0.8424 2.843 1.4608 -0.9314 2.7543 1.3708 -1.0393 2.7759 1.4935 -1.02 2.7876 1.3318 -0.9514 2.6587 1.5651 -1.1398 2.7501 1.7192 -1.1768 2.765 1.6333 -1.1478 2.5959 1.4279 -0.9923 2.5706 1.5463 -1.032 2.5962 1.5452 -1.0958 2.6041 1.4295 -1.0982 2.5539 1.5653 -1.0286 2.5712 1.5418 -0.8936 2.6087 1.5729 -0.8402 2.6505 1.5909 -0.6937 2.6312 1.9228 -0.5976 2.594 1.9781 -0.7763 2.5403 1.5736 -0.8466 2.5099 1.7339 -0.8737 2.5394 1.7036 -0.8204 2.6819 2.0104 -0.5776 2.6396 2.0689 -0.7224 2.5204 1.8954 -0.9377 2.7908 2.1094 -0.8751 2.7756 2.1163 -0.9409 3.1166 1.902 -0.8982 2.9089 2.0555 -0.9265 2.9877 1.9846 -0.8186 3.0011 1.9532 -1.0046 3.0099 1.9317 -1.022 2.9789 1.8676 -1.0252 2.8903 1.9586 -1.1423 2.9356 2.0067 -0.7916 2.7415 2.0896 -0.7136 2.8366 2.0479 -0.7409 2.5701 1.6044 -1.1426 2.6566 1.6421 -1.1825 2.6571 1.9048 -0.5882 2.5933 1.5864 -0.853 2.7318 1.2771 -1.0557 2.6575 1.3098 -1.0843 2.5776 1.3191 -0.9886 2.6215 1.3389 -1.0692 2.754 1.7647 -1.2081 2.8301 1.549 -1.0304 2.8174 1.3133 -0.8621 2.7921 1.8536 -1.1679 2.8105 1.8347 -1.1629 2.5262 1.7008 -1.0595 2.7226 1.7715 -1.1919 2.7398 1.7725 -1.2067 2.7827 1.2134 -0.5847 2.7167 1.6772 -0.4303 3.121 1.7423 -0.8502 3.0058 1.4978 -0.6478 2.8403 1.1834 -0.6729 2.8344 1.184 -0.6269 2.8079 1.1671 -0.6627 2.7479 1.1704 -0.6382 3.2137 1.6396 -0.5179 3.128 1.6993 -0.4627 3.1259 1.534 -0.5306 2.9782 1.507 -0.5117 3.0379 1.5896 -0.4901 2.9029 1.7681 -1.0528 3.2112 1.6506 -0.643 3.2524 1.8215 -0.6555 3.2985 1.7969 -0.6091 3.1564 1.6971 -0.664 3.1338 1.5479 -0.6354 2.5586 1.706 -0.8101 2.5237 1.589 -0.8491 2.4955 1.6297 -0.9125 2.8524 1.9526 -0.2789 2.995 1.3925 -0.5786 2.9665 1.4092 -0.6579 2.7019 1.5573 -0.4126 2.6903 1.5955 -0.4862 2.9671 1.6129 -0.4562 2.9742 1.6282 -0.4497 2.7364 2.0886 -1.0106 2.4749 1.698 -1.0193 3.2197 1.6368 -0.5359 2.7183 1.5635 -0.3992 2.7072 2.0013 -0.562 2.5674 2.0148 -0.8907 2.4666 1.6922 -0.9986 2.6632 2.0695 -0.7292 2.5286 1.61 -1.0857 3.1978 1.8014 -0.8104 3.1305 1.8893 -0.9173 3.1827 1.8379 -0.8477 3.2297 1.8151 -0.6804 3.2121 1.8057 -0.4427 3.2253 1.6374 -0.615 3.3073 1.7863 -0.5811 2.644 1.2095 -0.921 2.6077 1.2393 -0.9036 2.5941 1.3414 -1.055 2.8034 1.1771 -0.7558 2.77 1.1638 -0.74 2.7295 1.2088 -0.956 2.7306 1.1769 -0.8342 2.6896 1.1992 -0.9373 2.7643 1.1881 -0.8513 2.8312 1.1997 -0.7668 2.7996 1.2329 -0.8664 2.8403 1.2176 -0.7682 2.7914 1.2142 -0.8641 2.7711 1.2556 -0.9654 2.7627 1.237 -0.9655 2.5892 1.339 -0.9889 2.6236 1.2807 -0.7681 2.6012 1.3151 -0.8735 2.59 1.2953 -0.8737 2.8951 1.9955 -0.583 2.9816 1.9611 -0.6436 3.034 1.9288 -0.5475 2.9667 1.9389 -0.4265 3.063 1.9053 -0.4833 2.9387 1.9623 -0.4864 3.116 1.8508 -0.3802 3.0173 1.88 -0.3121 3.1202 1.8319 -0.3781 3.0182 1.8954 -0.3176 2.964 1.7831 -0.3603 3.0466 1.7414 -0.4115 2.9098 1.6665 -0.4093 2.8957 1.636 -0.4221 2.9185 1.5259 -0.484 2.8582 1.5446 -0.4563 2.8413 1.3345 -0.5433 2.8196 1.4474 -0.4888 2.782 1.3474 -0.5264 2.879 1.4302 -0.5089 2.7563 1.2834 -0.547 2.809 1.2628 -0.5639 2.718 1.1727 -0.7126 2.6744 1.1958 -0.6863 2.6426 1.2161 -0.7988 2.6834 1.1889 -0.8164 3.1641 1.886 -0.6023 3.1278 1.895 -0.6086 2.7839 1.8711 -1.1873 2.7692 1.8748 -1.1858 2.4865 1.7811 -0.9693 2.4942 1.7865 -0.9893 2.762 1.6617 -0.3716 2.6768 1.3876 -0.503 2.7039 1.4708 -0.4473 2.6901 1.4784 -0.4547 2.6905 1.3819 -0.4938 2.6935 1.3149 -0.527 2.6782 1.3173 -0.5377 2.9886 1.394 -0.5601 2.9588 1.3115 -0.5756 2.7278 1.7813 -1.1921 2.7107 1.875 -1.1261 2.6593 1.7781 -1.1324 2.5427 1.7854 -1.0294 2.641 1.8771 -1.0621 2.601 1.784 -1.0782 2.7244 2.0758 -1.0205 2.6957 2.0032 -1.0498 2.9341 1.4285 -0.7491 2.8621 1.3032 -0.7589 2.9364 1.4149 -0.5337 2.6821 1.5112 -0.5309 2.6741 1.4269 -0.5756 2.9001 1.3216 -0.5602 2.774 2.0252 -0.5413 3.0676 1.79 -0.9197'/>
          </IndexedFaceSet>
        </Shape>
        <Shape DEF='lmcun'>
          <Appearance>
            <Material ambientIntensity='0.965' diffuseColor='1 0.9765 0.8667' emissiveColor='0 0 0' shininess='0.05' specularColor='0.349 0.349 0.349'/>
          </Appearance>
          <IndexedFaceSet DEF='lmcun_Geo' coordIndex='0 1 2 -1 3 4 5 -1 3 6 4 -1 7 8 5 -1 8 9 5 -1 1 10 2 -1 11 12 13 -1 11 14 12 -1 15 16 17 -1 18 19 20 -1 21 22 23 -1 24 25 26 -1 27 28 29 -1 30 31 32 -1 30 33 31 -1 34 35 36 -1 37 38 39 -1 40 41 42 -1 43 27 44 -1 43 28 27 -1 45 46 6 -1 46 4 6 -1 47 48 49 -1 47 50 48 -1 51 52 53 -1 53 52 54 -1 52 55 54 -1 56 57 26 -1 58 59 60 -1 61 62 63 -1 63 25 61 -1 64 65 66 -1 65 67 66 -1 68 69 70 -1 71 72 73 -1 71 74 72 -1 75 76 77 -1 77 78 75 -1 77 79 78 -1 80 81 82 -1 83 84 85 -1 86 85 84 -1 86 87 85 -1 81 37 88 -1 37 89 88 -1 90 91 92 -1 23 93 21 -1 32 94 30 -1 95 45 96 -1 97 94 29 -1 98 99 100 -1 100 101 98 -1 102 46 103 -1 102 104 46 -1 105 106 107 -1 105 108 106 -1 109 110 111 -1 112 110 113 -1 114 110 115 -1 116 110 117 -1 118 119 120 -1 118 121 119 -1 122 123 120 -1 120 119 122 -1 15 124 125 -1 126 71 127 -1 128 129 130 -1 130 131 128 -1 25 132 26 -1 114 133 134 -1 114 115 133 -1 135 136 137 -1 135 138 136 -1 139 125 140 -1 141 136 138 -1 141 16 136 -1 142 143 144 -1 144 145 142 -1 120 146 118 -1 120 147 146 -1 148 149 150 -1 148 151 149 -1 152 153 154 -1 154 48 152 -1 25 24 61 -1 155 156 157 -1 158 37 159 -1 160 124 161 -1 160 125 124 -1 130 162 163 -1 131 130 163 -1 163 143 131 -1 72 74 164 -1 75 165 76 -1 166 167 140 -1 168 169 170 -1 169 171 172 -1 160 161 173 -1 173 174 160 -1 153 175 176 -1 153 152 175 -1 118 146 167 -1 177 80 82 -1 177 178 80 -1 179 82 180 -1 179 177 82 -1 181 182 183 -1 181 184 182 -1 185 186 187 -1 187 188 185 -1 15 17 189 -1 190 19 18 -1 190 191 19 -1 18 192 193 -1 18 194 192 -1 195 111 196 -1 197 198 199 -1 197 200 198 -1 60 65 64 -1 201 202 41 -1 21 40 22 -1 35 141 203 -1 141 138 203 -1 7 204 205 -1 7 206 204 -1 207 143 163 -1 207 144 143 -1 208 207 209 -1 207 210 209 -1 208 144 207 -1 211 8 212 -1 211 9 8 -1 206 5 4 -1 206 7 5 -1 100 99 213 -1 213 214 100 -1 215 216 217 -1 103 218 102 -1 103 219 218 -1 217 220 221 -1 217 216 220 -1 9 211 222 -1 222 223 9 -1 205 224 225 -1 205 204 224 -1 226 227 228 -1 226 229 227 -1 230 225 224 -1 231 34 36 -1 232 21 231 -1 233 35 34 -1 233 141 35 -1 22 40 42 -1 234 60 235 -1 236 43 237 -1 238 239 240 -1 239 241 240 -1 196 111 242 -1 111 110 243 -1 20 244 194 -1 185 245 186 -1 177 246 178 -1 123 14 247 -1 14 248 247 -1 84 167 166 -1 84 83 167 -1 171 169 168 -1 170 169 249 -1 70 69 78 -1 78 79 70 -1 73 250 71 -1 251 16 15 -1 251 136 16 -1 157 252 253 -1 254 159 255 -1 254 158 159 -1 26 132 56 -1 57 254 150 -1 256 257 258 -1 257 259 258 -1 37 252 38 -1 149 26 57 -1 57 150 149 -1 180 260 179 -1 12 123 122 -1 12 14 123 -1 89 39 261 -1 262 75 263 -1 263 264 262 -1 135 137 265 -1 140 125 166 -1 125 160 166 -1 266 203 138 -1 138 135 266 -1 86 267 87 -1 86 268 267 -1 26 149 24 -1 269 270 63 -1 269 155 270 -1 271 47 272 -1 47 55 272 -1 243 110 116 -1 117 110 114 -1 115 110 112 -1 113 110 109 -1 273 274 275 -1 42 65 276 -1 92 277 202 -1 92 91 277 -1 223 5 9 -1 223 3 5 -1 278 1 0 -1 21 232 40 -1 81 88 279 -1 279 82 81 -1 280 121 281 -1 280 119 121 -1 282 260 283 -1 37 39 89 -1 167 146 169 -1 146 249 169 -1 72 248 73 -1 164 247 72 -1 247 248 72 -1 284 285 286 -1 252 37 158 -1 25 270 132 -1 25 63 270 -1 67 42 41 -1 67 65 42 -1 62 61 64 -1 64 66 62 -1 254 257 150 -1 200 237 240 -1 237 287 240 -1 288 272 55 -1 55 52 288 -1 43 287 237 -1 289 209 238 -1 289 290 209 -1 224 291 292 -1 292 230 224 -1 201 41 40 -1 194 18 20 -1 293 294 230 -1 32 31 295 -1 94 32 29 -1 58 61 24 -1 21 93 296 -1 125 251 15 -1 297 227 229 -1 229 265 297 -1 298 73 286 -1 298 250 73 -1 167 83 118 -1 234 23 276 -1 299 194 300 -1 2 301 0 -1 230 226 225 -1 230 294 226 -1 225 228 205 -1 225 226 228 -1 302 188 187 -1 303 188 302 -1 299 192 194 -1 304 192 299 -1 244 300 194 -1 300 244 305 -1 306 307 308 -1 307 306 309 -1 23 235 310 -1 235 23 234 -1 276 22 42 -1 276 23 22 -1 311 145 312 -1 311 313 145 -1 73 284 286 -1 73 248 284 -1 314 283 315 -1 283 314 282 -1 316 181 246 -1 316 317 181 -1 265 165 297 -1 137 165 265 -1 296 318 319 -1 318 296 93 -1 320 321 322 -1 321 320 323 -1 64 58 60 -1 64 61 58 -1 295 1 324 -1 295 31 1 -1 99 40 232 -1 99 98 40 -1 204 291 224 -1 204 325 291 -1 104 4 46 -1 4 104 206 -1 1 33 10 -1 1 31 33 -1 326 274 327 -1 274 326 328 -1 329 99 232 -1 329 213 99 -1 330 331 332 -1 331 330 271 -1 210 238 209 -1 238 210 239 -1 290 44 324 -1 44 290 289 -1 241 200 240 -1 241 198 200 -1 333 272 288 -1 333 334 272 -1 39 53 54 -1 53 39 38 -1 335 62 66 -1 335 336 62 -1 318 306 322 -1 310 306 318 -1 270 56 132 -1 253 56 270 -1 337 247 164 -1 337 147 247 -1 172 76 338 -1 172 77 76 -1 249 147 337 -1 147 249 146 -1 74 126 68 -1 71 126 74 -1 119 339 122 -1 339 119 280 -1 281 85 87 -1 85 281 121 -1 268 173 340 -1 173 268 174 -1 186 341 193 -1 245 341 186 -1 258 183 182 -1 259 183 258 -1 80 255 159 -1 80 178 255 -1 342 82 279 -1 342 180 82 -1 283 343 13 -1 343 283 260 -1 324 278 290 -1 324 1 278 -1 301 3 223 -1 3 301 2 -1 197 237 200 -1 237 197 236 -1 67 202 277 -1 202 67 41 -1 214 344 100 -1 214 345 344 -1 327 273 97 -1 327 274 273 -1 346 275 274 -1 275 346 347 -1 325 217 291 -1 217 325 215 -1 348 196 349 -1 196 348 195 -1 345 350 344 -1 350 345 133 -1 351 220 216 -1 134 220 351 -1 352 218 219 -1 353 218 352 -1 354 355 356 -1 354 357 355 -1 358 164 74 -1 337 164 358 -1 338 359 139 -1 359 338 76 -1 79 168 70 -1 79 171 168 -1 360 298 361 -1 360 250 298 -1 330 362 50 -1 162 362 330 -1 52 363 288 -1 52 51 363 -1 156 269 364 -1 156 155 269 -1 149 365 24 -1 149 151 365 -1 320 244 20 -1 308 244 320 -1 174 166 160 -1 166 174 84 -1 266 293 203 -1 294 293 266 -1 34 319 233 -1 34 296 319 -1 75 297 165 -1 297 75 262 -1 366 264 263 -1 264 366 367 -1 175 128 285 -1 129 128 175 -1 238 287 289 -1 238 240 287 -1 261 54 49 -1 54 261 39 -1 342 368 343 -1 176 368 342 -1 316 260 282 -1 179 260 316 -1 356 369 370 -1 355 369 356 -1 371 268 340 -1 371 267 268 -1 269 62 336 -1 63 62 269 -1 53 156 51 -1 53 157 156 -1 372 373 199 -1 372 374 373 -1 257 255 259 -1 257 254 255 -1 256 304 299 -1 256 258 304 -1 256 300 148 -1 300 256 299 -1 59 24 365 -1 58 24 59 -1 254 56 158 -1 56 254 57 -1 38 157 53 -1 252 157 38 -1 271 334 331 -1 271 272 334 -1 152 50 362 -1 48 50 152 -1 298 285 128 -1 286 285 298 -1 360 366 127 -1 360 375 366 -1 358 68 70 -1 68 358 74 -1 176 279 153 -1 342 279 176 -1 284 368 285 -1 11 368 284 -1 281 355 280 -1 355 281 369 -1 370 303 356 -1 370 188 303 -1 340 185 371 -1 185 340 245 -1 161 341 173 -1 161 190 341 -1 308 322 306 -1 322 308 320 -1 113 105 107 -1 113 109 105 -1 133 112 350 -1 112 133 115 -1 116 351 353 -1 116 117 351 -1 242 243 352 -1 242 111 243 -1 241 331 334 -1 239 331 241 -1 44 287 43 -1 44 289 287 -1 326 236 90 -1 326 43 236 -1 328 202 201 -1 202 328 92 -1 310 93 23 -1 318 93 310 -1 233 321 17 -1 319 321 233 -1 329 231 36 -1 329 232 231 -1 35 293 36 -1 293 35 203 -1 266 265 229 -1 266 135 265 -1 294 229 226 -1 294 266 229 -1 262 227 297 -1 262 212 227 -1 367 211 264 -1 222 211 367 -1 142 313 375 -1 313 142 145 -1 106 347 101 -1 106 108 347 -1 295 29 32 -1 295 27 29 -1 376 96 349 -1 376 95 96 -1 273 348 349 -1 273 275 348 -1 94 273 349 -1 94 97 273 -1 30 349 96 -1 30 94 349 -1 376 103 95 -1 376 219 103 -1 215 218 216 -1 102 218 215 -1 344 101 100 -1 344 106 101 -1 347 348 275 -1 347 108 348 -1 311 223 222 -1 223 311 301 -1 208 290 278 -1 208 209 290 -1 210 163 332 -1 207 163 210 -1 144 312 145 -1 144 208 312 -1 313 222 367 -1 313 311 222 -1 264 212 262 -1 264 211 212 -1 212 228 227 -1 212 8 228 -1 230 36 293 -1 36 230 329 -1 231 296 34 -1 231 21 296 -1 364 336 374 -1 364 269 336 -1 91 199 373 -1 91 197 199 -1 333 199 198 -1 199 333 372 -1 105 111 195 -1 111 105 109 -1 243 353 352 -1 243 116 353 -1 117 134 351 -1 134 117 114 -1 350 113 107 -1 350 112 113 -1 193 190 18 -1 193 341 190 -1 17 323 189 -1 17 321 323 -1 191 161 124 -1 161 191 190 -1 182 303 302 -1 182 184 303 -1 188 371 185 -1 371 188 370 -1 184 317 354 -1 184 181 317 -1 246 179 316 -1 177 179 246 -1 357 315 339 -1 314 315 357 -1 87 369 281 -1 369 87 267 -1 11 343 368 -1 11 13 343 -1 176 285 368 -1 176 175 285 -1 154 279 88 -1 154 153 279 -1 139 167 338 -1 140 167 139 -1 249 358 170 -1 358 249 337 -1 126 366 263 -1 127 366 126 -1 361 375 360 -1 361 142 375 -1 362 175 152 -1 175 362 129 -1 76 137 359 -1 165 137 76 -1 332 162 330 -1 332 163 162 -1 55 49 54 -1 49 55 47 -1 372 288 363 -1 288 372 333 -1 309 365 307 -1 309 59 365 -1 148 257 256 -1 148 150 257 -1 305 148 300 -1 305 151 148 -1 363 374 372 -1 364 374 363 -1 277 66 67 -1 66 277 335 -1 270 157 253 -1 157 270 155 -1 370 267 371 -1 370 369 267 -1 354 314 357 -1 317 314 354 -1 83 121 118 -1 121 83 85 -1 373 277 91 -1 335 277 373 -1 131 142 361 -1 143 142 131 -1 375 367 366 -1 367 375 313 -1 233 16 141 -1 233 17 16 -1 359 136 251 -1 137 136 359 -1 221 213 292 -1 214 213 221 -1 189 19 191 -1 323 19 189 -1 307 151 305 -1 365 151 307 -1 51 364 363 -1 51 156 364 -1 162 129 362 -1 130 129 162 -1 128 361 298 -1 361 128 131 -1 250 127 71 -1 127 250 360 -1 70 170 358 -1 70 168 170 -1 77 171 79 -1 77 172 171 -1 139 251 125 -1 251 139 359 -1 124 189 191 -1 189 124 15 -1 147 123 247 -1 120 123 147 -1 357 280 355 -1 357 339 280 -1 184 356 303 -1 184 354 356 -1 242 219 376 -1 352 219 242 -1 353 216 218 -1 351 216 353 -1 220 133 345 -1 133 220 134 -1 350 106 344 -1 107 106 350 -1 108 195 348 -1 195 108 105 -1 349 242 376 -1 242 349 196 -1 325 102 215 -1 325 104 102 -1 217 292 291 -1 221 292 217 -1 101 346 98 -1 347 346 101 -1 96 33 30 -1 96 45 33 -1 95 46 45 -1 103 46 95 -1 278 312 208 -1 312 278 0 -1 90 328 326 -1 92 328 90 -1 221 345 214 -1 221 220 345 -1 90 197 91 -1 236 197 90 -1 302 258 182 -1 302 304 258 -1 260 342 343 -1 260 180 342 -1 81 159 37 -1 81 80 159 -1 259 178 183 -1 255 178 259 -1 187 193 192 -1 186 193 187 -1 341 340 173 -1 340 341 245 -1 174 86 84 -1 174 268 86 -1 122 315 12 -1 315 122 339 -1 75 69 263 -1 75 78 69 -1 169 338 167 -1 169 172 338 -1 263 68 126 -1 263 69 68 -1 158 253 252 -1 56 253 158 -1 235 59 309 -1 60 59 235 -1 374 335 373 -1 374 336 335 -1 198 334 333 -1 334 198 241 -1 49 154 261 -1 49 48 154 -1 332 239 210 -1 239 332 331 -1 271 50 47 -1 271 330 50 -1 88 261 154 -1 88 89 261 -1 292 329 230 -1 329 292 213 -1 98 201 40 -1 98 346 201 -1 326 28 43 -1 326 327 28 -1 45 10 33 -1 10 45 6 -1 206 325 204 -1 206 104 325 -1 346 328 201 -1 346 274 328 -1 324 27 295 -1 324 44 27 -1 28 97 29 -1 28 327 97 -1 60 276 65 -1 276 60 234 -1 20 323 320 -1 323 20 19 -1 322 319 318 -1 322 321 319 -1 246 183 178 -1 246 181 183 -1 317 282 314 -1 282 317 316 -1 315 13 12 -1 13 315 283 -1 14 284 248 -1 284 14 11 -1 312 301 311 -1 0 301 312 -1 310 309 306 -1 309 310 235 -1 308 305 244 -1 305 308 307 -1 187 304 302 -1 187 192 304 -1 8 205 228 -1 205 8 7 -1 2 6 3 -1 2 10 6 -1' creaseAngle='1.571'>
            <Coordinate DEF='lmcun_Coord' point='1.7536 1.9091 -0.5853 1.7476 1.9192 -0.6609 1.7209 1.8435 -0.6438 1.6873 1.7734 -0.6671 1.6146 1.6681 -0.7696 1.6273 1.6462 -0.746 1.6831 1.7913 -0.692 1.6086 1.4913 -0.8326 1.592 1.4629 -0.8104 1.619 1.6272 -0.7174 1.7145 1.8554 -0.6773 1.8036 1.6324 0.1596 1.7261 1.5638 0.2045 1.8119 1.6011 0.2178 1.733 1.5869 0.1423 1.9936 1.0173 -0.5403 1.9843 1.0608 -0.6654 2.0901 1.0942 -0.6754 2.2809 1.0734 -0.2853 2.2468 1.0797 -0.4116 2.2691 1.1277 -0.3797 2.0808 1.3557 -0.8989 2.0982 1.4675 -0.7869 2.117 1.4356 -0.7212 2.1475 1.5812 -0.287 2.132 1.6551 -0.2583 2.1464 1.6068 -0.1741 1.8692 1.9457 -0.6918 1.9267 1.9108 -0.6922 1.8671 1.915 -0.6911 1.7838 1.8466 -0.6955 1.7616 1.9095 -0.6785 1.8203 1.9147 -0.6872 1.7296 1.8512 -0.6934 2.0478 1.2306 -0.8919 1.9144 1.155 -0.9064 1.9062 1.2272 -0.9953 2.2177 1.7447 0.2346 2.2238 1.7708 0.152 2.1957 1.7897 0.1625 2.0954 1.5079 -0.8561 2.108 1.5708 -0.7207 2.083 1.5408 -0.7276 1.9413 1.9256 -0.6795 1.8672 1.9644 -0.678 1.6974 1.7868 -0.7073 1.6281 1.6754 -0.7787 2.0917 1.9539 -0.1026 2.1152 1.9068 0.053 2.1409 1.9011 0.0341 2.0625 1.9547 -0.0852 2.1673 1.8651 -0.1542 2.1481 1.9139 -0.1372 2.2075 1.812 0.0183 2.1802 1.8321 0.0279 2.1108 1.9176 -0.115 2.187 1.653 -0.0184 2.1679 1.572 -0.0474 2.1172 1.5742 -0.4097 2.129 1.498 -0.4495 2.1039 1.5261 -0.5253 2.1056 1.6474 -0.3701 2.1161 1.665 -0.3718 2.1501 1.6721 -0.2807 2.0856 1.6003 -0.4933 2.0783 1.5704 -0.6002 2.1136 1.6329 -0.493 2.1108 1.5953 -0.6127 1.604 1.4726 -0.329 1.5932 1.4252 -0.4129 1.5916 1.323 -0.3392 1.6392 1.57 -0.182 1.6439 1.644 0.0593 1.6696 1.6618 0.0612 1.6193 1.5582 -0.158 1.5809 1.2611 -0.5265 1.6658 1.1126 -0.4724 1.6467 1.1087 -0.4592 1.5705 1.2565 -0.5052 1.5955 1.2124 -0.432 2.1912 1.6671 0.216 2.1863 1.7331 0.2597 2.0829 1.7044 0.2552 1.7558 1.1131 -0.0925 1.8129 1.0373 -0.1358 1.766 1.1074 -0.0791 1.8268 1.043 -0.107 1.7953 1.1076 -0.0657 2.1845 1.7667 0.2544 2.2005 1.7765 0.2231 1.9906 1.848 -0.6251 2.0263 1.8224 -0.5458 1.9984 1.8227 -0.6312 2.1203 1.3372 -0.8022 1.8384 1.8417 -0.6964 1.7154 1.7611 -0.7128 1.7358 1.7844 -0.7049 1.8894 1.8533 -0.7014 2.0755 1.5168 -0.8539 1.9978 1.394 -0.946 1.9855 1.4129 -0.9236 2.0471 1.5234 -0.8458 1.6527 1.5383 -0.8554 1.6594 1.6648 -0.7755 1.6203 1.53 -0.8622 1.9435 1.6059 -0.7741 2.0019 1.5327 -0.8288 1.9655 1.5369 -0.8054 1.9847 1.6256 -0.781 1.9066 1.5821 -0.7682 1.855 1.5502 -0.7894 1.8552 1.6082 -0.7473 1.8951 1.5125 -0.8148 1.9179 1.5458 -0.7866 1.8459 1.505 -0.8261 1.8628 1.5056 -0.8304 1.8054 1.5472 -0.8023 1.8285 1.5162 -0.8181 1.6729 1.282 -0.0202 1.6634 1.3697 0.0782 1.6437 1.4056 0.0361 1.7055 1.2435 0.0082 1.6473 1.438 0.1185 1.6421 1.4716 0.057 1.9992 0.9818 -0.4215 1.8894 1.0436 -0.3682 1.6229 1.4966 -0.3333 1.6559 1.5973 -0.2817 1.8433 1.87 -0.0619 1.9291 1.907 -0.0607 1.9105 1.935 -0.1318 1.8395 1.8843 -0.144 2.1366 1.659 -0.1591 1.866 1.4586 -0.888 1.8299 1.4694 -0.8708 1.7255 1.1266 -0.7291 1.835 1.0738 -0.6149 1.7337 1.0887 -0.591 1.8059 1.1009 -0.7552 1.7784 1.052 -0.3829 1.7914 1.0549 -0.2717 1.9469 1.1079 -0.7859 1.7688 1.8232 -0.2546 1.8352 1.9005 -0.2253 1.8163 1.9364 -0.3344 1.7606 1.8498 -0.371 1.6392 1.262 -0.0692 1.6164 1.424 -0.013 2.1748 1.3543 -0.1452 2.1683 1.5369 -0.1975 2.1755 1.471 -0.0894 2.1932 1.4024 -0.2538 2.0311 1.8675 0.0961 2.0701 1.7954 0.1832 2.1552 1.8391 0.1708 2.1791 1.7287 -0.173 2.1777 1.766 -0.1672 2.219 1.7352 -0.0173 2.2153 1.701 0.1481 2.2108 1.6741 0.1985 1.8929 0.9632 -0.2684 2.0301 0.9277 -0.3277 1.9261 1.9415 -0.1325 1.8915 1.9648 -0.2022 1.5903 1.5177 -0.0186 1.6524 1.1416 -0.5621 1.7986 1.0248 -0.2202 1.7089 1.092 -0.1775 1.6149 1.2121 -0.2682 1.6785 1.0931 -0.1842 1.6158 1.2539 -0.1843 1.6228 1.152 -0.339 1.6657 1.0854 -0.3682 2.016 0.9306 -0.2499 1.8918 0.9864 -0.1857 1.9478 1.8321 0.1115 1.9914 1.7505 0.1718 2.039 1.5884 0.1871 2.1728 1.5418 0.1055 1.9745 1.6084 0.2109 2.016 1.6754 0.2412 1.9839 1.4777 0.1362 2.1105 1.3277 -0.0112 2.1276 1.4315 0.0375 1.9713 1.3587 0.0606 2.0857 1.064 -0.139 2.2536 1.0596 -0.2324 2.2217 1.1852 -0.1409 2.0197 1.2022 -0.0569 2.1138 1.0357 -0.5591 2.1582 0.9315 -0.3421 2.1373 0.9829 -0.4426 2.2414 1.1909 -0.1613 2.2711 1.0631 -0.2501 2.2424 1.1873 -0.2147 1.8888 1.6863 -0.7297 1.8441 1.6957 -0.7167 1.9987 1.9244 -0.5135 2.0157 1.9984 -0.3554 2.0427 1.9295 -0.3862 1.9845 2.0022 -0.4846 2.0781 1.6488 -0.7802 2.0669 1.6834 -0.6803 1.8014 1.1316 -0.897 1.6298 1.4185 -0.9044 1.6409 1.4009 -0.8771 1.6041 1.5225 -0.8503 1.8445 1.9803 -0.3147 1.8053 1.9594 -0.4715 1.8957 2.0106 -0.4579 1.9324 2.0164 -0.3293 1.6201 1.5795 -0.6517 1.5782 1.405 -0.7312 1.8727 1.3375 -1.0012 1.8706 1.3703 -0.9731 1.6982 1.4453 -0.909 1.7608 1.4589 -0.8975 1.7338 1.4021 -0.9391 1.6991 1.5455 -0.8477 1.7041 1.6495 -0.7703 1.8131 1.4303 -0.9119 1.8025 1.3862 -0.9562 1.6571 1.7287 -0.5746 1.6721 1.7647 -0.6405 1.7005 1.3283 -0.9695 1.7059 1.3111 -0.9437 1.6862 1.2828 -0.9288 1.6169 1.2971 -0.7873 1.6271 1.3721 -0.8598 1.6885 1.2036 -0.8411 1.7827 1.2986 -1.0028 2.0314 1.3074 -0.9503 2.0147 1.3753 -0.9513 2.0744 1.1587 -0.7885 2.1096 1.4864 -0.6196 2.1202 1.4599 -0.5689 1.9739 1.9277 -0.6026 1.9624 1.9633 -0.5917 1.9228 2.0149 -0.4664 1.9685 2.0213 -0.3366 1.951 1.9989 -0.4739 1.9828 1.9957 -0.3418 1.8008 1.6765 -0.7267 1.8116 1.5887 -0.7783 2.2596 1.2358 -0.3352 2.1535 0.9491 -0.2515 2.0189 1.5451 0.1649 1.6183 1.5042 0.0038 1.6767 1.645 0.1022 1.6091 1.2664 -0.0981 1.6895 1.7215 -0.1166 1.858 1.0504 -0.5102 2.2347 1.7246 0.135 2.2236 1.6722 -0.0352 2.1736 1.5482 0.0277 2.1897 1.5403 0.0872 2.1461 1.3309 -0.0985 2.1333 1.4502 -0.0314 2.1331 1.3341 -0.0285 2.1512 1.4337 0.0155 1.9296 1.6284 0.2299 2.1795 1.8284 0.1606 1.5663 1.3389 -0.6272 1.611 1.4463 -0.4265 1.6164 1.5108 -0.5371 1.7052 1.1449 -0.7183 1.7236 1.1711 -0.8669 1.8298 1.1059 -0.0644 1.895 0.997 -0.1602 2.136 1.7279 -0.257 2.1832 1.6799 -0.1886 2.0561 1.9821 -0.1659 2.0788 1.9536 -0.1786 1.9254 1.7992 -0.7137 1.9602 1.8077 -0.7189 1.9478 1.7817 -0.7226 2.0972 1.5065 -0.6579 2.0677 1.7014 -0.5744 1.7772 1.9438 -0.5727 2.0874 1.7426 0.2555 1.6905 1.3626 0.0956 1.7338 1.2438 0.0255 1.8777 1.5653 0.2063 1.8442 1.5739 0.217 1.7633 1.7009 0.1122 1.8531 1.7709 0.1157 1.7627 1.7134 0.0933 1.9314 1.9714 -0.5767 2.1112 1.9506 -0.1854 1.8953 1.99 -0.5761 1.8634 1.9904 -0.5693 1.7099 1.353 -0.9714 1.7889 1.3332 -0.9958 1.795 1.1983 -0.9798 1.7427 1.2363 -0.96 1.8256 1.9459 -0.6883 2.1028 1.2844 -0.8477 1.6248 1.2165 -0.6764 1.7601 1.8033 -0.0888 2.1947 1.2603 -0.1579 2.2087 1.2728 -0.18 1.7082 1.8406 -0.6084 2.1665 1.2571 -0.0777 1.9911 1.2925 0.0094 2.1877 1.2634 -0.0966 2.2264 1.3211 -0.2939 2.1751 1.3459 -0.5272 2.1839 1.3708 -0.3887 2.2095 1.2884 -0.43 2.1519 1.4238 -0.4862 2.1374 1.3878 -0.6176 1.7009 1.8211 -0.5246 1.7528 1.8911 -0.499 1.7173 1.7725 -0.4051 1.8262 1.5157 0.1882 1.7601 1.5359 0.2068 1.9432 1.5515 0.1841 1.9049 1.4939 0.1609 2.1512 1.2903 -0.7208 2.1368 1.2296 -0.7458 2.2321 1.1793 -0.4966 2.1752 1.168 -0.6299 2.1934 1.2262 -0.6063 2.2143 1.1214 -0.5169 1.8306 1.9637 -0.6741 1.6468 1.4316 -0.9149 1.9609 1.8659 -0.6934 1.9405 1.8651 -0.705 1.9775 1.811 -0.7067 1.8756 1.3136 -1.0101 2.0263 1.9775 -0.1469 2.0194 2.0073 -0.2259 1.9887 2.0033 -0.2082 2.0707 1.9673 -0.2515 2.0378 1.9691 -0.2391 2.0861 1.7166 -0.4622 2.1036 1.7294 -0.3458 1.5857 1.4323 -0.0384 1.6915 1.0875 -0.3736 1.6854 1.4186 0.1258 2.0234 0.9427 -0.2277 2.159 0.9377 -0.2757 2.0106 1.7107 0.2408 1.8998 1.6549 0.2296 1.9623 1.4397 -0.8943 1.867 1.4144 -0.9364 2.0586 1.6499 -0.791 2.0298 1.6403 -0.7863 1.9178 1.7365 -0.7264 1.8339 1.7657 -0.6999 1.9294 1.4764 -0.853 1.7949 1.4893 -0.8598 1.7482 1.6267 -0.7712 1.7486 1.5507 -0.8231 1.8629 1.3796 0.0909 1.7677 1.3355 0.0858 1.8788 1.3145 0.0483 1.756 1.3954 0.1173 1.5988 1.4189 -0.1643 1.7548 1.0626 -0.4929 1.7078 1.7321 -0.2147 1.7658 1.8119 -0.1746 1.9606 1.9194 -0.0628 2.1266 1.888 -0.217 2.1307 1.7852 -0.2428 2.1584 1.4497 -0.351 1.6689 1.6239 -0.362 1.6653 1.6657 -0.4569 1.8915 1.6894 0.1662 1.7915 1.2294 0.0248 1.9072 1.2125 -0.0171 1.9577 1.0911 -0.1021 2.0856 1.9127 -0.2798 2.0608 1.8151 -0.4369 2.0942 1.8074 -0.3234 1.7233 1.7453 -0.3072 1.7461 1.7287 -0.7185'/>
          </IndexedFaceSet>
        </Shape>
        <Shape DEF='lnaviclr'>
          <Appearance>
            <Material ambientIntensity='0.098' diffuseColor='1 0.9765 0.8667' emissiveColor='0 0 0' shininess='0.05' specularColor='0.349 0.349 0.349'/>
          </Appearance>
          <IndexedFaceSet DEF='lnaviclr_Geo' coordIndex='0 1 2 -1 3 4 5 -1 6 7 8 -1 9 10 11 -1 9 12 10 -1 13 14 15 -1 16 17 18 -1 19 20 21 -1 21 22 23 -1 24 25 26 -1 27 28 19 -1 29 30 31 -1 32 33 7 -1 33 34 7 -1 35 36 24 -1 24 26 35 -1 6 32 7 -1 37 38 39 -1 39 27 37 -1 40 41 42 -1 40 42 43 -1 43 44 40 -1 45 46 47 -1 47 48 45 -1 49 33 50 -1 51 52 53 -1 51 54 52 -1 55 56 57 -1 58 59 60 -1 58 61 59 -1 62 63 64 -1 62 60 63 -1 65 66 67 -1 68 69 70 -1 70 71 68 -1 72 73 74 -1 74 75 72 -1 76 77 78 -1 77 79 78 -1 80 81 82 -1 81 83 82 -1 4 84 5 -1 85 86 87 -1 88 89 90 -1 66 65 91 -1 92 93 94 -1 92 94 95 -1 67 96 97 -1 67 66 96 -1 98 99 100 -1 101 102 103 -1 104 98 100 -1 104 105 98 -1 106 107 108 -1 109 110 111 -1 109 112 110 -1 111 113 114 -1 111 110 113 -1 115 116 117 -1 116 118 117 -1 107 102 101 -1 119 120 121 -1 121 122 119 -1 123 124 125 -1 124 126 125 -1 127 128 129 -1 128 130 129 -1 131 132 133 -1 134 135 136 -1 137 21 31 -1 21 20 31 -1 138 137 30 -1 137 31 30 -1 139 30 140 -1 141 142 143 -1 141 144 142 -1 141 145 144 -1 146 147 148 -1 146 149 147 -1 150 151 152 -1 153 154 155 -1 133 156 157 -1 156 158 157 -1 159 153 160 -1 153 155 160 -1 151 150 161 -1 158 156 162 -1 162 163 158 -1 164 151 161 -1 165 166 167 -1 168 169 170 -1 168 171 172 -1 171 173 172 -1 174 175 176 -1 175 177 176 -1 165 178 166 -1 165 179 178 -1 173 171 180 -1 181 145 182 -1 181 183 145 -1 184 185 186 -1 186 187 184 -1 188 167 189 -1 167 166 189 -1 190 191 192 -1 193 194 195 -1 196 197 198 -1 22 137 138 -1 138 199 22 -1 200 201 199 -1 199 138 200 -1 159 202 153 -1 121 203 204 -1 204 205 121 -1 206 207 208 -1 209 210 211 -1 209 212 210 -1 213 214 125 -1 215 216 127 -1 215 217 216 -1 218 132 219 -1 219 220 218 -1 221 222 223 -1 18 122 16 -1 119 224 225 -1 226 144 227 -1 226 142 144 -1 36 228 64 -1 229 230 231 -1 231 232 229 -1 233 234 235 -1 233 236 234 -1 237 238 94 -1 237 239 238 -1 240 241 242 -1 240 243 241 -1 244 245 181 -1 244 246 245 -1 247 248 249 -1 248 250 249 -1 165 167 194 -1 167 251 194 -1 252 188 253 -1 188 189 253 -1 251 169 254 -1 251 170 169 -1 255 256 257 -1 258 83 259 -1 259 260 258 -1 261 259 262 -1 262 263 261 -1 264 265 266 -1 267 268 255 -1 269 270 255 -1 146 255 271 -1 272 273 255 -1 274 275 255 -1 276 273 277 -1 278 279 280 -1 281 190 96 -1 281 282 190 -1 283 284 285 -1 284 88 285 -1 286 287 288 -1 91 289 66 -1 290 74 291 -1 263 187 186 -1 254 195 194 -1 194 251 254 -1 292 256 275 -1 292 293 256 -1 294 295 296 -1 296 276 294 -1 297 69 298 -1 297 70 69 -1 76 299 77 -1 247 193 176 -1 193 195 176 -1 196 250 197 -1 196 249 250 -1 300 301 302 -1 268 267 303 -1 303 304 268 -1 305 269 219 -1 306 146 271 -1 306 149 146 -1 142 307 308 -1 142 226 307 -1 156 309 310 -1 156 311 309 -1 242 312 313 -1 134 27 19 -1 38 314 39 -1 314 315 39 -1 314 316 315 -1 21 137 22 -1 317 318 50 -1 317 319 318 -1 54 320 321 -1 54 46 320 -1 322 24 36 -1 36 64 322 -1 323 265 324 -1 325 326 327 -1 325 328 326 -1 59 329 330 -1 59 331 329 -1 332 331 333 -1 265 334 206 -1 113 110 335 -1 110 207 335 -1 336 237 93 -1 336 337 237 -1 338 339 340 -1 92 17 93 -1 16 205 341 -1 341 17 16 -1 342 222 55 -1 342 223 222 -1 37 343 344 -1 343 345 344 -1 346 123 103 -1 346 216 123 -1 347 348 349 -1 348 117 349 -1 214 350 125 -1 214 351 350 -1 352 107 101 -1 352 108 107 -1 353 344 354 -1 344 345 354 -1 355 354 356 -1 356 357 355 -1 206 266 265 -1 256 255 275 -1 358 359 297 -1 359 70 297 -1 252 171 168 -1 360 351 13 -1 351 214 13 -1 115 348 11 -1 115 117 348 -1 361 209 211 -1 361 14 209 -1 124 217 235 -1 235 362 124 -1 102 346 103 -1 136 128 102 -1 128 346 102 -1 134 343 27 -1 363 364 184 -1 364 365 184 -1 366 105 361 -1 366 98 105 -1 212 18 210 -1 367 112 0 -1 367 208 112 -1 56 368 369 -1 332 333 368 -1 370 371 325 -1 327 326 6 -1 318 49 50 -1 318 372 49 -1 373 25 52 -1 373 26 25 -1 321 320 372 -1 314 374 316 -1 314 375 374 -1 375 38 376 -1 375 314 38 -1 32 317 50 -1 29 315 377 -1 315 316 377 -1 19 28 20 -1 378 22 199 -1 243 135 241 -1 379 312 242 -1 242 241 379 -1 243 240 131 -1 218 156 133 -1 218 311 156 -1 156 310 162 -1 152 153 380 -1 380 150 152 -1 380 381 173 -1 382 383 384 -1 385 270 386 -1 269 268 304 -1 304 220 269 -1 387 21 379 -1 177 248 247 -1 247 176 177 -1 249 388 389 -1 249 196 388 -1 5 390 3 -1 258 391 392 -1 258 393 391 -1 78 391 394 -1 78 79 391 -1 42 244 395 -1 42 41 244 -1 44 47 51 -1 51 396 44 -1 183 294 397 -1 183 398 294 -1 399 296 400 -1 296 295 400 -1 257 401 402 -1 292 275 399 -1 184 187 363 -1 263 186 178 -1 178 261 263 -1 291 73 403 -1 291 74 73 -1 2 404 264 -1 2 405 404 -1 2 367 0 -1 232 406 229 -1 232 407 406 -1 283 285 282 -1 282 281 283 -1 363 67 408 -1 363 187 67 -1 402 382 257 -1 409 399 400 -1 273 274 255 -1 148 272 255 -1 270 271 255 -1 268 269 255 -1 257 267 255 -1 261 260 259 -1 392 82 83 -1 83 258 392 -1 410 411 412 -1 171 252 253 -1 167 188 251 -1 188 170 251 -1 193 249 389 -1 193 247 249 -1 172 173 383 -1 270 306 271 -1 270 385 306 -1 134 102 343 -1 93 237 94 -1 364 413 238 -1 238 239 364 -1 180 414 185 -1 185 415 180 -1 416 324 265 -1 417 418 324 -1 406 419 420 -1 420 229 406 -1 421 339 95 -1 339 338 95 -1 10 422 423 -1 10 104 422 -1 269 220 219 -1 218 133 132 -1 340 339 424 -1 425 426 427 -1 428 92 429 -1 428 17 92 -1 155 430 160 -1 431 378 199 -1 199 201 431 -1 31 20 28 -1 201 200 432 -1 432 433 201 -1 165 193 389 -1 165 194 193 -1 190 97 96 -1 89 88 434 -1 88 284 434 -1 18 17 428 -1 414 180 253 -1 180 171 253 -1 186 185 414 -1 165 389 179 -1 181 182 435 -1 154 153 152 -1 133 129 131 -1 133 157 129 -1 153 202 380 -1 255 146 148 -1 23 378 436 -1 23 22 378 -1 437 145 141 -1 143 308 436 -1 143 142 308 -1 200 138 139 -1 138 30 139 -1 438 181 435 -1 21 387 19 -1 102 134 136 -1 128 136 130 -1 120 119 225 -1 225 362 120 -1 16 122 205 -1 122 121 205 -1 116 115 423 -1 423 439 116 -1 56 55 222 -1 107 106 356 -1 101 350 352 -1 348 347 360 -1 347 351 360 -1 125 350 101 -1 1 434 419 -1 192 408 97 -1 408 67 97 -1 440 434 1 -1 1 0 440 -1 284 283 420 -1 283 441 420 -1 192 97 190 -1 421 442 339 -1 442 424 339 -1 285 90 443 -1 285 88 90 -1 89 444 90 -1 421 445 442 -1 85 99 86 -1 340 429 338 -1 340 427 429 -1 288 446 286 -1 64 63 322 -1 55 58 342 -1 55 57 58 -1 342 60 62 -1 342 58 60 -1 57 56 369 -1 64 228 62 -1 5 447 390 -1 35 318 319 -1 448 372 320 -1 317 32 326 -1 32 6 326 -1 50 33 32 -1 39 315 28 -1 28 27 39 -1 27 343 37 -1 21 23 379 -1 95 429 92 -1 95 338 429 -1 125 126 213 -1 361 105 12 -1 15 12 9 -1 325 327 370 -1 3 449 4 -1 299 450 77 -1 451 288 287 -1 451 231 288 -1 11 423 115 -1 11 10 423 -1 36 319 328 -1 35 319 36 -1 448 374 372 -1 374 448 452 -1 453 396 454 -1 453 455 396 -1 455 456 457 -1 455 453 456 -1 373 372 318 -1 321 372 373 -1 60 330 63 -1 330 60 59 -1 61 57 369 -1 57 61 58 -1 458 459 359 -1 458 460 459 -1 461 5 84 -1 461 462 5 -1 446 450 286 -1 450 446 463 -1 71 359 459 -1 71 70 359 -1 81 259 83 -1 280 259 81 -1 464 427 340 -1 464 465 427 -1 464 99 465 -1 86 99 464 -1 87 444 85 -1 444 87 90 -1 285 466 282 -1 285 443 466 -1 442 466 424 -1 442 191 466 -1 192 413 408 -1 192 445 413 -1 281 441 283 -1 281 289 441 -1 434 420 419 -1 434 284 420 -1 360 11 348 -1 11 360 9 -1 347 350 351 -1 350 347 352 -1 439 113 56 -1 114 113 439 -1 356 467 357 -1 356 106 467 -1 109 0 112 -1 109 440 0 -1 56 116 439 -1 222 116 56 -1 103 125 101 -1 123 125 103 -1 215 158 233 -1 215 157 158 -1 236 160 430 -1 236 163 160 -1 135 19 387 -1 135 134 19 -1 435 468 438 -1 468 435 432 -1 431 436 378 -1 431 143 436 -1 189 178 186 -1 178 189 166 -1 469 245 470 -1 469 398 245 -1 412 254 169 -1 412 411 254 -1 164 471 154 -1 471 164 472 -1 341 93 17 -1 341 336 93 -1 196 393 388 -1 196 198 393 -1 197 447 473 -1 197 301 447 -1 198 391 393 -1 198 394 391 -1 182 432 435 -1 182 433 432 -1 236 203 234 -1 236 430 203 -1 427 428 429 -1 426 428 427 -1 425 465 366 -1 425 427 465 -1 100 85 474 -1 100 99 85 -1 210 425 211 -1 210 426 425 -1 475 340 424 -1 464 340 475 -1 238 445 421 -1 445 238 413 -1 1 406 2 -1 1 419 406 -1 417 416 476 -1 417 324 416 -1 287 477 290 -1 287 299 477 -1 127 346 128 -1 216 346 127 -1 164 478 472 -1 478 164 161 -1 150 415 479 -1 415 150 180 -1 408 364 363 -1 364 408 413 -1 102 345 343 -1 102 107 345 -1 386 480 313 -1 305 480 386 -1 436 481 23 -1 308 481 436 -1 306 482 307 -1 385 482 306 -1 483 300 302 -1 483 246 300 -1 293 412 401 -1 293 410 412 -1 82 463 446 -1 392 463 82 -1 383 402 172 -1 383 382 402 -1 397 145 183 -1 484 145 397 -1 277 272 485 -1 272 277 273 -1 175 295 469 -1 175 400 295 -1 71 476 486 -1 459 476 71 -1 487 230 229 -1 487 488 230 -1 441 229 420 -1 487 229 441 -1 444 434 440 -1 444 89 434 -1 406 405 2 -1 407 405 406 -1 71 489 68 -1 489 71 486 -1 476 404 486 -1 416 404 476 -1 403 68 489 -1 403 73 68 -1 451 403 407 -1 451 291 403 -1 80 488 81 -1 230 488 80 -1 179 388 260 -1 388 179 389 -1 485 148 147 -1 485 272 148 -1 274 399 275 -1 399 274 296 -1 172 401 412 -1 401 172 402 -1 410 292 490 -1 292 410 293 -1 490 399 409 -1 399 490 292 -1 174 400 175 -1 400 174 409 -1 298 454 297 -1 453 454 298 -1 455 44 396 -1 455 40 44 -1 43 395 491 -1 395 43 42 -1 484 144 145 -1 227 144 484 -1 395 181 438 -1 395 244 181 -1 40 457 41 -1 455 457 40 -1 76 477 299 -1 76 461 477 -1 473 78 394 -1 462 78 473 -1 463 391 79 -1 463 392 391 -1 75 492 72 -1 75 449 492 -1 41 390 300 -1 457 390 41 -1 449 493 4 -1 493 449 75 -1 470 248 177 -1 470 483 248 -1 379 481 312 -1 379 23 481 -1 385 313 482 -1 386 313 385 -1 220 311 218 -1 304 311 220 -1 303 384 309 -1 303 382 384 -1 381 309 384 -1 309 381 310 -1 384 173 381 -1 384 383 173 -1 202 381 380 -1 202 310 381 -1 131 480 132 -1 240 480 131 -1 387 241 135 -1 379 241 387 -1 49 376 33 -1 49 375 376 -1 45 452 448 -1 45 494 452 -1 139 494 495 -1 140 494 139 -1 452 316 374 -1 316 452 377 -1 375 372 374 -1 372 375 49 -1 358 52 25 -1 52 358 53 -1 318 26 373 -1 318 35 26 -1 359 25 458 -1 25 359 358 -1 329 496 330 -1 329 418 496 -1 325 62 228 -1 325 371 62 -1 265 332 334 -1 265 323 332 -1 369 333 61 -1 369 368 333 -1 335 56 113 -1 335 368 56 -1 266 208 367 -1 266 206 208 -1 264 367 2 -1 367 264 266 -1 478 497 337 -1 478 479 497 -1 120 203 121 -1 120 234 203 -1 119 209 224 -1 209 119 212 -1 364 497 365 -1 497 364 239 -1 191 445 192 -1 191 442 445 -1 90 475 443 -1 90 87 475 -1 474 104 100 -1 474 422 104 -1 62 223 342 -1 62 371 223 -1 224 14 213 -1 14 224 209 -1 13 9 360 -1 15 9 13 -1 34 353 498 -1 499 353 34 -1 370 6 8 -1 370 327 6 -1 221 500 222 -1 500 221 501 -1 8 355 501 -1 8 498 355 -1 460 476 459 -1 460 417 476 -1 501 357 500 -1 501 355 357 -1 370 501 221 -1 8 501 370 -1 7 498 8 -1 7 34 498 -1 354 498 353 -1 354 355 498 -1 344 499 37 -1 353 499 344 -1 356 345 107 -1 354 345 356 -1 352 349 108 -1 352 347 349 -1 371 221 223 -1 221 371 370 -1 87 464 475 -1 86 464 87 -1 440 85 444 -1 109 85 440 -1 443 424 466 -1 443 475 424 -1 235 120 362 -1 120 235 234 -1 205 471 341 -1 205 204 471 -1 122 212 119 -1 122 18 212 -1 337 239 237 -1 337 497 239 -1 472 337 336 -1 337 472 478 -1 479 365 497 -1 479 415 365 -1 264 416 265 -1 264 404 416 -1 334 207 206 -1 207 334 335 -1 368 334 332 -1 368 335 334 -1 61 331 59 -1 61 333 331 -1 331 323 329 -1 323 331 332 -1 328 228 36 -1 325 228 328 -1 418 323 324 -1 323 418 329 -1 496 417 460 -1 496 418 417 -1 24 458 25 -1 458 24 322 -1 51 46 54 -1 51 47 46 -1 494 377 452 -1 377 494 140 -1 48 494 45 -1 48 495 494 -1 140 29 377 -1 140 30 29 -1 304 309 311 -1 304 303 309 -1 305 132 480 -1 219 132 305 -1 149 307 226 -1 306 307 149 -1 312 482 313 -1 481 482 312 -1 301 250 302 -1 250 301 197 -1 245 483 470 -1 246 483 245 -1 456 449 3 -1 492 449 456 -1 244 300 246 -1 41 300 244 -1 462 447 5 -1 462 473 447 -1 84 477 461 -1 477 84 502 -1 492 453 298 -1 492 456 453 -1 182 437 433 -1 182 145 437 -1 491 438 468 -1 438 491 395 -1 43 495 48 -1 43 491 495 -1 53 297 454 -1 358 297 53 -1 295 398 469 -1 294 398 295 -1 503 409 174 -1 503 490 409 -1 411 490 503 -1 411 410 490 -1 274 276 296 -1 273 276 274 -1 484 147 227 -1 484 485 147 -1 488 280 81 -1 280 488 278 -1 290 451 287 -1 290 291 451 -1 407 489 405 -1 407 403 489 -1 298 72 492 -1 69 72 298 -1 486 405 489 -1 405 486 404 -1 289 487 441 -1 487 289 91 -1 91 488 487 -1 91 278 488 -1 288 230 80 -1 288 231 230 -1 65 278 91 -1 65 279 278 -1 276 397 294 -1 276 277 397 -1 260 178 179 -1 260 261 178 -1 277 484 397 -1 485 484 277 -1 267 382 303 -1 267 257 382 -1 187 262 67 -1 187 263 262 -1 286 299 287 -1 450 299 286 -1 401 256 293 -1 256 401 257 -1 483 250 248 -1 483 302 250 -1 481 307 482 -1 481 308 307 -1 305 270 269 -1 305 386 270 -1 313 240 242 -1 480 240 313 -1 161 479 478 -1 479 161 150 -1 154 204 155 -1 471 204 154 -1 235 215 233 -1 217 215 235 -1 232 451 407 -1 232 231 451 -1 290 502 74 -1 290 477 502 -1 227 149 226 -1 149 227 147 -1 495 468 139 -1 495 491 468 -1 213 225 224 -1 213 126 225 -1 124 216 217 -1 124 123 216 -1 13 213 14 -1 213 13 214 -1 211 366 361 -1 211 425 366 -1 426 18 428 -1 210 18 426 -1 208 110 112 -1 207 110 208 -1 98 465 99 -1 98 366 465 -1 310 159 162 -1 310 202 159 -1 431 433 437 -1 433 431 201 -1 473 198 197 -1 198 473 394 -1 300 447 301 -1 300 390 447 -1 388 258 260 -1 388 393 258 -1 471 336 341 -1 471 472 336 -1 168 188 252 -1 168 170 188 -1 184 415 185 -1 184 365 415 -1 411 195 254 -1 503 195 411 -1 169 172 412 -1 168 172 169 -1 253 186 414 -1 186 253 189 -1 398 181 245 -1 398 183 181 -1 175 470 177 -1 175 469 470 -1 503 176 195 -1 176 503 174 -1 154 151 164 -1 152 151 154 -1 162 160 163 -1 162 159 160 -1 380 180 150 -1 380 173 180 -1 143 437 141 -1 437 143 431 -1 468 200 139 -1 200 468 432 -1 136 243 130 -1 243 136 135 -1 130 131 129 -1 243 131 130 -1 233 163 236 -1 233 158 163 -1 129 215 127 -1 215 129 157 -1 225 124 362 -1 124 225 126 -1 357 118 500 -1 118 357 467 -1 118 222 500 -1 116 222 118 -1 106 349 467 -1 106 108 349 -1 467 117 118 -1 467 349 117 -1 423 114 439 -1 422 114 423 -1 111 422 474 -1 111 114 422 -1 12 104 10 -1 12 105 104 -1 96 289 281 -1 96 66 289 -1 474 109 111 -1 474 85 109 -1 282 191 190 -1 191 282 466 -1 203 155 204 -1 430 155 203 -1 493 74 502 -1 75 74 493 -1 280 262 259 -1 280 279 262 -1 80 446 288 -1 80 82 446 -1 79 450 463 -1 79 77 450 -1 78 461 76 -1 461 78 462 -1 4 502 84 -1 502 4 493 -1 69 73 72 -1 69 68 73 -1 279 67 262 -1 279 65 67 -1 496 63 330 -1 496 322 63 -1 322 460 458 -1 322 496 460 -1 52 321 373 -1 54 321 52 -1 454 51 53 -1 454 396 51 -1 457 3 390 -1 457 456 3 -1 46 448 320 -1 45 448 46 -1 44 48 47 -1 44 43 48 -1 29 28 315 -1 31 28 29 -1 499 33 376 -1 34 33 499 -1 376 37 499 -1 376 38 37 -1 317 328 319 -1 317 326 328 -1 421 94 238 -1 421 95 94 -1 12 14 361 -1 14 12 15 -1' creaseAngle='1.571'>
            <Coordinate DEF='lnaviclr_Coord' point='2.2021 1.5382 -0.9096 2.2132 1.6703 -0.859 2.1418 1.6735 -0.8069 2.2015 2.2104 -0.8407 2.3126 2.2297 -0.7987 2.3346 2.2363 -0.8116 1.514 1.3744 -1.2157 1.5178 1.3613 -1.2314 1.5677 1.2984 -1.2442 1.8634 1.3936 -1.272 1.9221 1.3845 -1.1829 1.8337 1.3893 -1.2472 1.9527 1.3828 -1.2234 1.8527 1.3933 -1.3096 1.9225 1.3736 -1.3538 1.8781 1.3906 -1.2879 2.2312 1.2619 -1.5908 2.2686 1.2358 -1.5743 2.1858 1.2638 -1.5203 1.5644 1.7687 -1.5981 1.5871 1.8204 -1.5348 1.6041 1.825 -1.5394 1.6634 1.8719 -1.4349 1.6841 1.8618 -1.4529 1.5835 1.6548 -0.8771 1.681 1.8346 -0.7602 1.5826 1.6672 -0.899 1.5264 1.6919 -1.6155 1.5556 1.8078 -1.5102 1.6132 1.876 -1.4054 1.6946 1.9682 -1.2593 1.6148 1.8772 -1.4312 1.5048 1.3875 -1.2346 1.491 1.432 -1.3281 1.4956 1.4173 -1.346 1.5155 1.5632 -0.9952 1.5177 1.5445 -0.9827 1.4924 1.5347 -1.5514 1.4899 1.5497 -1.5364 1.5162 1.6891 -1.5969 1.9863 2.1273 -0.9292 2.099 2.193 -0.9621 1.9814 2.1362 -0.9642 1.8701 2.0679 -0.9645 1.8771 2.0649 -0.9167 1.7417 1.9014 -1.016 1.7309 1.8944 -0.9729 1.7918 1.9846 -0.9388 1.7926 1.9896 -0.987 1.5291 1.5092 -1.2555 1.5134 1.4785 -1.2151 1.7713 1.9959 -0.8637 1.6806 1.8884 -0.8577 1.7713 1.9882 -0.8076 1.696 1.8995 -0.9117 1.8177 1.3289 -1.137 1.897 1.3411 -1.1297 1.8247 1.3309 -1.1181 1.7257 1.3335 -1.093 1.6356 1.3634 -1.0059 1.628 1.3675 -1.0288 1.7303 1.3272 -1.0718 1.6208 1.3655 -1.0485 1.5864 1.5187 -0.9144 1.5706 1.522 -0.9272 2.6551 1.686 -1.1719 2.575 1.6072 -1.1562 2.6584 1.6773 -1.1944 2.0599 2.0154 -0.7132 2.0494 2.0294 -0.7061 1.9224 1.9723 -0.693 1.9424 1.9432 -0.691 2.1361 2.0778 -0.7251 2.1411 2.0578 -0.7301 2.2367 2.1525 -0.7561 2.2261 2.1622 -0.7589 2.4913 2.1376 -0.8282 2.5238 2.0911 -0.8354 2.4945 2.147 -0.8381 2.53 2.0942 -0.8508 2.5534 1.9713 -0.9062 2.6197 1.9359 -0.9847 2.5564 1.9874 -0.9089 2.622 1.951 -0.9914 2.3295 2.2281 -0.8007 2.137 1.4443 -1.0369 2.1724 1.4246 -1.1087 2.189 1.4585 -1.0869 2.2955 1.6206 -0.9764 2.2239 1.6383 -0.9255 2.2515 1.5587 -1.0098 2.5734 1.6844 -1.1082 2.2902 1.2369 -1.5424 2.3099 1.2459 -1.5829 2.3097 1.2455 -1.5408 2.2963 1.2583 -1.4881 2.5724 1.597 -1.1682 2.6202 1.6484 -1.1949 2.0797 1.3884 -1.1551 2.1477 1.4068 -1.1214 2.0765 1.395 -1.1349 1.6739 1.5414 -1.5722 1.6205 1.6187 -1.638 1.6919 1.5584 -1.5776 1.9933 1.3824 -1.1584 1.9951 1.3789 -1.2008 1.6675 1.4523 -1.4945 1.6518 1.5269 -1.5711 1.6797 1.4774 -1.4723 2.1375 1.4275 -1.0137 2.0472 1.3831 -1.0648 2.053 1.3917 -1.0766 2.1274 1.4266 -1.0026 1.9809 1.3666 -1.0969 1.9868 1.3729 -1.1114 1.8107 1.3775 -1.2262 1.8032 1.3352 -1.2174 1.769 1.3802 -1.2787 1.7665 1.3397 -1.2908 2.0911 1.3378 -1.5202 2.0976 1.3693 -1.5398 2.1728 1.3232 -1.5873 2.1739 1.2877 -1.5591 1.8059 1.5051 -1.5213 1.9043 1.4664 -1.5169 1.7891 1.482 -1.4982 1.8881 1.4335 -1.4977 1.8309 1.5624 -1.5367 1.709 1.6019 -1.597 1.8387 1.5749 -1.5591 1.7116 1.6253 -1.607 1.8355 1.5941 -1.5579 1.9379 1.5839 -1.4443 1.9608 1.5449 -1.5377 1.5688 1.6847 -1.6459 1.5992 1.695 -1.6395 1.5962 1.6679 -1.6487 1.6462 1.8839 -1.4315 1.7154 1.973 -1.2765 1.7406 2.0171 -1.1702 1.7097 1.9661 -1.1991 1.8475 2.0698 -1.2014 1.8074 1.9843 -1.2594 1.7948 1.9947 -1.2627 1.8582 2.0636 -1.2068 1.9361 2.1397 -1.1669 2.0872 1.8137 -1.1961 2.0172 1.92 -1.1771 2.093 1.8374 -1.1929 1.9809 1.8717 -1.1977 2.4007 1.4658 -1.6393 2.3621 1.3972 -1.7152 2.3364 1.4156 -1.725 2.3049 1.426 -1.7132 2.3135 1.3854 -1.7272 2.2841 1.4062 -1.7143 2.0563 1.5066 -1.5573 1.9477 1.5354 -1.5465 2.0509 1.4962 -1.5602 2.2148 1.4626 -1.6597 2.2057 1.4508 -1.666 2.362 1.3738 -1.7026 2.1506 1.4846 -1.6029 2.1407 1.4722 -1.6098 2.3524 1.3568 -1.7142 2.6684 1.9695 -1.2318 2.6581 1.8849 -1.2603 2.6323 1.884 -1.2573 2.475 1.6729 -1.4466 2.5342 1.8163 -1.3611 2.5437 1.8048 -1.3466 2.4614 1.5886 -1.5357 2.4594 1.6768 -1.4496 2.4432 1.5902 -1.553 2.5083 2.1744 -1.2098 2.4648 2.2476 -1.1687 2.5213 2.1785 -1.2043 2.473 2.2532 -1.1602 2.6741 1.8796 -1.2513 2.6791 1.9596 -1.2129 2.4667 1.5712 -1.5564 2.103 2.2334 -1.0964 1.9315 2.1524 -1.1435 2.1102 2.2236 -1.1099 2.5525 1.5933 -1.3506 2.5535 1.6154 -1.3985 2.6325 1.7483 -1.2992 2.6505 1.7051 -1.2441 2.5667 1.777 -1.3115 2.6162 1.7574 -1.3101 2.5403 1.6107 -1.2035 2.4706 1.5835 -1.222 2.5151 1.5573 -1.2415 2.6153 2.0256 -1.2457 2.6165 1.99 -1.2612 2.5821 2.0065 -1.3101 2.5418 2.1569 -1.0263 2.4348 2.2207 -0.9581 2.5353 2.1508 -0.9931 1.7278 1.9392 -1.3016 1.762 2.0325 -1.1921 1.7754 2.0077 -1.2004 2.269 1.4478 -1.6466 2.1844 1.3778 -1.6081 2.2625 1.3366 -1.6866 2.2461 1.2729 -1.6213 1.9878 1.472 -0.9025 2.0108 1.4081 -0.9895 2.0683 1.4418 -0.9567 2.0108 1.3477 -1.4074 2.1262 1.2935 -1.4242 2.0726 1.3224 -1.3564 2.1109 1.3105 -1.4658 1.884 1.3965 -1.4337 1.8195 1.4222 -1.4001 1.9418 1.5244 -1.5223 1.8227 1.5377 -1.5281 1.9207 1.4958 -1.5204 2.0089 1.5473 -1.4525 2.0123 1.647 -1.32 2.066 1.6269 -1.3365 1.6749 1.2784 -1.2014 1.7859 1.3195 -1.21 1.7004 1.3126 -1.146 1.9803 1.3738 -1.4746 1.9765 1.3849 -1.4972 1.8498 1.962 -1.2442 1.9027 2.0202 -1.2115 1.5514 1.4428 -1.0013 2.3866 1.7372 -0.9348 2.4901 1.8772 -0.9225 2.4185 1.9201 -0.8089 2.2828 1.7891 -0.8325 2.0467 1.4769 -1.5285 2.1171 1.4109 -1.5577 2.0173 1.4469 -1.531 2.138 1.4448 -1.5739 2.3301 1.2646 -1.5742 2.3689 1.3413 -1.3997 2.3792 1.3626 -1.4636 1.8057 1.6344 -1.5366 1.674 1.707 -1.5667 1.7453 1.7073 -1.484 1.7107 1.6367 -1.6044 2.1041 2.2146 -1.0622 2.2249 2.2865 -1.1141 2.219 2.2588 -1.0511 2.5217 2.1596 -1.1464 2.4504 2.2348 -1.0842 2.5463 2.1596 -1.0865 2.444 2.2371 -1.0265 2.5881 1.8877 -1.2963 2.4951 1.6452 -1.4201 2.5456 1.6354 -1.4274 2.575 1.9233 -1.3495 2.1485 1.7936 -1.2126 2.2289 1.7907 -1.2221 2.2272 1.7683 -1.2334 2.6343 1.9922 -1.0103 2.6982 1.8688 -1.1208 2.6939 1.9338 -1.148 2.6937 1.8733 -1.1817 2.6871 1.7423 -1.1788 2.6674 1.74 -1.2357 2.0238 1.6218 -0.8152 1.8667 1.5549 -0.8011 2.0053 1.5323 -0.8631 2.1937 1.7325 -1.245 2.1582 1.721 -1.2459 2.1251 1.739 -1.2373 2.0963 1.7582 -1.2239 2.0817 1.7898 -1.2 2.1146 1.8506 -1.1883 2.1364 1.8636 -1.1843 2.1745 1.8545 -1.1884 2.2246 1.8117 -1.2113 2.1678 1.9675 -1.1454 2.1189 1.9662 -1.1522 2.6363 1.7756 -1.1039 2.6821 1.7386 -1.166 2.6921 1.8594 -1.1113 2.5191 1.5899 -1.1383 2.4817 1.6101 -1.1642 2.4135 1.5954 -1.0607 2.3205 1.622 -0.9696 2.3846 1.599 -1.0753 2.4945 2.0035 -0.8231 2.4266 2.0474 -0.7943 2.4829 1.9803 -0.817 2.527 1.5997 -1.1266 2.3406 2.0995 -0.7706 2.2962 2.0497 -0.7581 2.348 1.8516 -1.2191 2.3576 1.8173 -1.2456 2.2038 2.1452 -1.1212 2.3016 2.1412 -1.1302 2.2187 1.9536 -1.1438 1.8969 2.0047 -0.7039 2.0153 2.0675 -0.735 2.4631 2.0945 -0.8025 2.2102 2.2425 -0.9605 2.3554 2.2581 -0.9408 2.3567 2.2714 -0.9971 2.2303 1.6267 -1.3381 2.1295 1.6168 -1.3453 1.9752 1.681 -1.2997 1.9483 1.8221 -1.2228 1.818 1.8816 -1.2832 1.7669 1.9102 -1.3212 2.2402 1.5152 -1.4783 2.2484 1.4726 -1.5608 2.0876 1.5285 -1.4697 1.7307 1.7573 -1.4551 1.8275 1.7122 -1.3723 1.5135 1.6249 -1.4319 1.5485 1.7961 -1.4915 1.5585 1.7008 -1.3655 1.4831 1.4381 -1.1868 1.5346 1.5778 -1.106 1.4997 1.4854 -1.1036 1.6356 1.7332 -1.0659 1.6204 1.7239 -1.0306 1.5944 1.6361 -0.8472 1.7624 1.5168 -0.8503 1.7791 1.6198 -0.7654 1.5311 1.3909 -1.0973 1.4832 1.42 -1.1729 1.5197 1.3798 -1.1664 1.5005 1.4639 -1.0948 1.656 1.507 -0.8704 1.5959 1.5037 -0.8976 1.6986 1.3875 -0.9751 1.8165 1.4199 -0.9388 1.7704 1.3497 -1.0257 1.916 1.4241 -0.9282 1.9554 1.3736 -1.0228 2.3249 1.2646 -1.6425 2.3461 1.304 -1.6246 2.2769 1.3058 -1.4024 2.3132 1.3588 -1.3488 2.2437 1.3626 -1.2966 2.2866 1.2524 -1.6388 1.7186 1.3271 -1.1125 1.5339 1.6283 -1.6366 1.5025 1.5192 -1.5614 1.5793 1.5174 -1.5724 1.7056 1.5779 -1.587 1.7427 1.4496 -1.3805 1.7938 1.3988 -1.2834 1.7168 1.4309 -1.3882 1.7345 1.4851 -1.4679 1.7765 1.4512 -1.3783 1.7137 1.4853 -1.4665 1.512 1.4635 -1.4734 1.5964 1.4337 -1.4923 1.6131 1.359 -1.421 1.6545 1.444 -1.4979 1.6877 1.3843 -1.4193 1.7944 1.9439 -0.7079 1.8033 1.9054 -0.6808 1.8204 1.3989 -1.2953 2.0169 1.3564 -1.2698 1.9976 1.4226 -1.5181 2.5515 1.5713 -1.3027 2.4624 1.4808 -1.3744 2.4739 1.5039 -1.4401 2.0916 1.3521 -1.2278 2.1216 1.5398 -0.8974 1.8712 1.3585 -1.0342 1.8332 1.323 -1.0987 1.5815 1.3093 -1.1611 1.6036 1.3415 -1.1068 1.564 1.6257 -1.1313 1.6034 1.7067 -0.982 1.5682 1.6479 -1.255 1.5353 1.5485 -1.339 1.4892 1.4961 -1.4294 1.6121 1.8221 -1.2819 1.7379 1.9239 -1.3092 1.6659 1.7894 -1.5289 2.3924 1.4928 -1.6256 2.3714 1.5166 -1.5578 2.299 1.6739 -1.3227 2.406 1.6145 -1.4584 2.3635 1.5712 -1.4605 1.9417 1.772 -1.249 1.9507 1.7211 -1.2731 1.5993 1.7821 -1.5881 2.6623 2.027 -1.1074 2.6554 2.0272 -1.192 2.2019 2.2217 -0.8788 2.582 2.0603 -0.9185 2.5751 2.02 -0.9138 2.6321 2.0449 -1.0188 2.5173 2.1338 -0.9002 1.9569 2.1695 -1.0533 1.8766 2.0626 -0.8519 2.1244 2.1334 -1.1328 2.2252 2.2774 -1.1256 2.2792 1.9161 -1.1729 2.3869 2.0932 -1.1542 2.3579 1.7803 -1.2719 2.3385 1.7183 -1.3086 2.1865 1.9578 -0.7469 2.0289 1.7555 -0.7484 2.1349 1.7931 -0.7702 2.2306 1.7389 -0.8417 2.2227 1.8528 -0.789 2.5243 1.5567 -1.2519 2.4215 2.0589 -1.1853 2.5162 1.8799 -1.3225 2.5591 1.927 -1.349 2.5213 1.8301 -1.3575 2.4322 1.4689 -1.3007 2.5539 1.6194 -1.4241 2.4718 1.5365 -1.4989 1.8858 1.7017 -0.7405 1.7394 1.7043 -0.7299 1.6668 1.6106 -0.802 2.2257 1.684 -0.8619 2.3293 1.6333 -0.9647 2.3546 1.3405 -1.3857 1.9907 1.3912 -1.1238 1.9142 1.377 -1.1566 2.3595 1.4882 -1.2522 2.1367 1.3188 -1.3289 2.1591 1.3032 -1.3709 2.1871 1.3225 -1.3185 2.2203 1.2639 -1.4738 2.2383 1.2702 -1.4519 2.2033 1.4171 -1.6268 1.7849 2.0004 -1.2302 1.814 2.0908 -1.161 1.827 2.0751 -1.1601 2.2236 1.6609 -0.8842 1.9219 2.1726 -1.1466 1.7519 1.9263 -1.3307 1.8404 2.0708 -1.1861 1.9262 2.186 -1.1183 1.9094 1.3514 -1.1443 2.2124 1.5381 -0.9197 2.4215 1.6044 -1.0538 2.3854 1.4893 -1.279 2.3391 1.5683 -1.0994 2.2139 1.5563 -0.9513 2.4228 1.4695 -1.2905 2.5046 2.0055 -0.8469 2.3424 2.2328 -0.8531 1.6397 1.7404 -1.0888 2.2064 2.1905 -0.7839 2.5275 2.0502 -0.8302 2.3658 1.975 -0.7831 1.6384 1.7713 -1.1739 1.9947 2.1006 -0.8057 1.8811 2.0484 -0.7921 1.9874 2.1167 -0.8631 2.1029 2.1655 -0.8317 2.0977 2.18 -0.8871 1.6838 1.798 -0.7306 1.813 1.874 -0.6742 1.6953 1.7694 -0.7218 2.4197 2.1825 -0.8097 2.4244 2.1904 -0.8203 2.534 2.0436 -0.8539 2.2003 1.3983 -1.1825 2.1531 1.3663 -1.2011 2.4415 1.5875 -1.1917 1.7063 1.4012 -1.4176 1.807 2.0943 -1.1306 2.3502 2.3104 -1.1362 2.3531 2.3175 -1.1267 2.2986 1.3194 -1.6966 2.3397 1.3152 -1.6883 2.4229 2.1893 -0.8751 2.0648 1.409 -1.0863 2.2564 1.477 -1.151 1.8413 1.7962 -0.6875 2.3954 2.1414 -0.7843 2.3578 1.3429 -1.6734 2.4006 1.4367 -1.5858 1.8821 1.6434 -1.4071 1.7346 1.8399 -1.4003 1.8115 1.8044 -1.3313 2.3477 2.2781 -1.054 1.9838 2.0771 -1.1815 2.0558 1.9443 -1.1651 1.9919 1.8608 -0.7042 2.4684 1.7084 -1.0234 2.5496 1.8371 -0.9896 2.1093 1.8988 -0.7313 2.4929 1.9368 -1.2689 1.8427 2.0793 -1.0468 2.1181 2.1386 -0.7619 2.2948 2.2052 -0.7855 1.7366 1.9318 -1.0856 1.787 2.0064 -1.0555 1.6155 1.6236 -0.8259 2.389 1.3938 -1.5251 1.5392 1.3668 -1.375 1.492 1.4761 -1.4395 1.749 1.3165 -1.2821 1.6476 1.2793 -1.2754 2.3071 2.1953 -0.7814 2.5659 2.0061 -1.3117'/>
          </IndexedFaceSet>
        </Shape>
        <Shape DEF='lfmphal'>
          <Appearance>
            <Material ambientIntensity='0.965' diffuseColor='1 0.9765 0.8667' emissiveColor='0 0 0' shininess='0.05' specularColor='0.349 0.349 0.349'/>
          </Appearance>
          <IndexedFaceSet DEF='lfmphal_Geo' coordIndex='0 1 2 -1 0 3 1 -1 4 5 6 -1 7 8 9 -1 10 11 12 -1 13 14 15 -1 13 16 14 -1 17 18 19 -1 17 20 18 -1 21 22 23 -1 21 24 22 -1 25 26 27 -1 28 29 30 -1 28 31 29 -1 32 33 34 -1 33 35 34 -1 36 37 38 -1 38 39 36 -1 40 25 41 -1 25 42 41 -1 43 42 4 -1 42 44 4 -1 15 45 46 -1 47 17 19 -1 46 29 48 -1 29 49 48 -1 50 51 52 -1 53 54 55 -1 54 56 55 -1 57 9 50 -1 58 16 59 -1 58 14 16 -1 60 61 62 -1 63 13 64 -1 63 10 13 -1 65 66 67 -1 68 69 1 -1 1 3 68 -1 70 71 72 -1 73 74 75 -1 38 76 39 -1 76 77 39 -1 78 79 38 -1 79 76 38 -1 80 61 60 -1 80 8 61 -1 81 82 83 -1 83 84 81 -1 0 85 86 -1 85 87 86 -1 88 89 90 -1 88 91 89 -1 19 21 47 -1 92 93 28 -1 94 95 96 -1 15 46 48 -1 97 31 55 -1 55 56 97 -1 10 63 11 -1 98 25 99 -1 98 26 25 -1 89 100 90 -1 101 102 103 -1 66 65 104 -1 9 57 7 -1 87 85 105 -1 106 102 107 -1 106 108 102 -1 81 109 110 -1 81 84 109 -1 51 50 9 -1 111 112 113 -1 111 114 112 -1 115 74 116 -1 117 118 70 -1 119 120 121 -1 122 123 114 -1 114 111 122 -1 124 125 69 -1 61 126 127 -1 127 62 61 -1 128 129 130 -1 128 131 129 -1 132 59 16 -1 132 133 59 -1 48 64 15 -1 64 13 15 -1 60 62 5 -1 87 105 6 -1 134 24 128 -1 134 22 24 -1 135 136 58 -1 135 27 136 -1 63 20 11 -1 63 137 20 -1 106 138 139 -1 106 140 138 -1 90 47 88 -1 28 30 92 -1 96 141 94 -1 69 125 1 -1 12 132 10 -1 41 42 43 -1 142 25 40 -1 68 143 144 -1 68 145 143 -1 146 124 69 -1 147 148 149 -1 16 10 132 -1 16 13 10 -1 15 14 45 -1 104 150 70 -1 150 71 70 -1 118 104 70 -1 118 66 104 -1 2 1 151 -1 1 125 151 -1 103 151 101 -1 152 150 153 -1 71 150 152 -1 73 154 83 -1 73 155 154 -1 116 156 146 -1 116 157 156 -1 125 101 151 -1 124 101 125 -1 158 127 122 -1 158 86 127 -1 7 123 126 -1 123 7 119 -1 74 83 82 -1 74 73 83 -1 57 119 7 -1 57 120 119 -1 159 33 32 -1 159 160 33 -1 161 33 160 -1 162 33 161 -1 91 12 89 -1 91 163 12 -1 17 11 20 -1 11 17 100 -1 55 164 53 -1 164 55 93 -1 95 45 136 -1 94 45 95 -1 94 46 45 -1 46 94 141 -1 145 3 158 -1 3 145 68 -1 144 165 75 -1 144 143 165 -1 165 152 155 -1 152 165 166 -1 113 145 111 -1 113 143 145 -1 167 168 78 -1 167 169 168 -1 170 171 172 -1 170 173 171 -1 149 138 147 -1 149 174 138 -1 99 142 139 -1 99 25 142 -1 160 175 176 -1 175 160 159 -1 2 103 177 -1 2 151 103 -1 178 41 179 -1 178 40 41 -1 129 137 180 -1 131 137 129 -1 31 49 29 -1 97 49 31 -1 47 100 17 -1 100 47 90 -1 47 181 88 -1 47 182 181 -1 52 39 77 -1 39 52 34 -1 141 92 30 -1 96 92 141 -1 140 107 183 -1 107 140 106 -1 99 184 98 -1 99 174 184 -1 64 137 63 -1 64 180 137 -1 26 96 95 -1 26 98 96 -1 135 59 185 -1 135 58 59 -1 163 186 133 -1 161 186 163 -1 23 47 21 -1 23 182 47 -1 128 187 134 -1 187 128 130 -1 188 83 154 -1 84 83 188 -1 109 172 171 -1 109 189 172 -1 56 129 97 -1 56 130 129 -1 186 44 185 -1 186 176 44 -1 134 170 169 -1 134 187 170 -1 188 190 189 -1 191 190 188 -1 2 85 0 -1 2 177 85 -1 179 43 105 -1 41 43 179 -1 123 121 114 -1 121 123 119 -1 118 121 120 -1 118 117 121 -1 115 146 69 -1 146 115 116 -1 75 115 144 -1 74 115 75 -1 114 117 112 -1 114 121 117 -1 113 72 166 -1 113 112 72 -1 51 34 52 -1 34 51 32 -1 78 190 79 -1 78 168 190 -1 110 171 147 -1 109 171 110 -1 147 140 110 -1 138 140 147 -1 108 40 178 -1 142 40 108 -1 108 139 142 -1 139 108 106 -1 4 105 43 -1 4 6 105 -1 57 67 66 -1 57 50 67 -1 104 192 150 -1 65 192 104 -1 156 102 101 -1 107 102 156 -1 8 126 61 -1 7 126 8 -1 54 148 173 -1 54 53 148 -1 161 176 186 -1 176 161 160 -1 14 136 45 -1 136 14 58 -1 128 18 131 -1 24 18 128 -1 23 36 182 -1 23 37 36 -1 12 133 132 -1 133 12 163 -1 25 135 42 -1 27 135 25 -1 174 164 184 -1 164 174 149 -1 22 169 167 -1 22 134 169 -1 33 181 35 -1 162 181 33 -1 86 62 127 -1 86 87 62 -1 82 183 157 -1 81 183 82 -1 150 191 153 -1 150 192 191 -1 60 159 80 -1 60 175 159 -1 102 178 103 -1 178 102 108 -1 183 110 140 -1 183 81 110 -1 79 191 192 -1 79 190 191 -1 76 192 65 -1 76 79 192 -1 67 76 65 -1 76 67 77 -1 112 70 72 -1 70 112 117 -1 144 69 68 -1 69 144 115 -1 166 71 152 -1 166 72 71 -1 105 177 179 -1 105 85 177 -1 188 153 191 -1 153 188 154 -1 189 168 172 -1 190 168 189 -1 175 5 4 -1 175 60 5 -1 42 185 44 -1 135 185 42 -1 173 187 54 -1 173 170 187 -1 189 84 188 -1 109 84 189 -1 54 130 56 -1 54 187 130 -1 88 162 91 -1 181 162 88 -1 133 185 59 -1 186 185 133 -1 184 93 92 -1 184 164 93 -1 180 48 49 -1 48 180 64 -1 98 92 96 -1 98 184 92 -1 107 157 183 -1 156 157 107 -1 52 67 50 -1 52 77 67 -1 35 182 36 -1 181 182 35 -1 97 180 49 -1 129 180 97 -1 137 18 20 -1 18 137 131 -1 103 179 177 -1 103 178 179 -1 4 176 175 -1 4 44 176 -1 139 174 99 -1 138 174 139 -1 173 147 171 -1 173 148 147 -1 172 169 170 -1 168 169 172 -1 38 167 78 -1 38 37 167 -1 34 36 39 -1 34 35 36 -1 158 111 145 -1 111 158 122 -1 143 166 165 -1 166 143 113 -1 155 75 165 -1 75 155 73 -1 136 26 95 -1 136 27 26 -1 141 29 46 -1 30 29 141 -1 93 31 28 -1 93 55 31 -1 149 53 164 -1 53 149 148 -1 167 23 22 -1 167 37 23 -1 21 18 24 -1 19 18 21 -1 11 89 12 -1 89 11 100 -1 91 161 163 -1 91 162 161 -1 8 51 9 -1 51 8 80 -1 32 80 159 -1 51 80 32 -1 5 87 6 -1 87 5 62 -1 66 120 57 -1 66 118 120 -1 123 127 126 -1 123 122 127 -1 0 158 3 -1 0 86 158 -1 124 156 101 -1 146 156 124 -1 82 116 74 -1 82 157 116 -1 155 153 154 -1 155 152 153 -1' creaseAngle='1.571'>
            <Coordinate DEF='lfmphal_Coord' point='3.2327 0.0623 2.9016 3.2752 0.0741 2.8968 3.2755 0.0617 2.9071 3.2346 0.0775 2.8951 3.2579 0.0765 3.1992 3.2191 0.0722 3.1189 3.2293 0.0712 3.1154 3.0748 0.0681 2.9436 3.1017 0.0594 3.0154 3.0882 0.0762 3.0219 3.2599 0.068 3.4584 3.2215 0.0966 3.4828 3.2073 0.072 3.4562 3.3249 0.0595 3.4412 3.379 0.0511 3.4045 3.3864 0.0519 3.4188 3.32 0.0631 3.4287 3.2226 0.1449 3.4794 3.2444 0.1844 3.4589 3.2221 0.1737 3.4539 3.2435 0.1418 3.4887 3.2204 0.1847 3.4108 3.2262 0.1971 3.346 3.2077 0.1805 3.3473 3.2411 0.1985 3.4094 3.3779 0.0799 3.2504 3.3964 0.0761 3.2993 3.3867 0.0677 3.3005 3.4532 0.1681 3.4006 3.4598 0.1309 3.4304 3.4667 0.1316 3.4152 3.4452 0.1757 3.4154 3.1796 0.0875 3.2201 3.1888 0.0904 3.2943 3.1755 0.1181 3.2192 3.1887 0.1106 3.2917 3.1886 0.1519 3.2863 3.1975 0.184 3.2845 3.1788 0.1975 3.2161 3.1755 0.1594 3.2156 3.3532 0.0774 3.1688 3.3234 0.0648 3.1803 3.3432 0.0713 3.2615 3.3025 0.0624 3.1848 3.2888 0.0773 3.282 3.4273 0.0454 3.3863 3.4475 0.0753 3.418 3.1978 0.1393 3.4074 3.403 0.0888 3.4384 3.4158 0.1422 3.438 3.0754 0.1268 3.0409 3.152 0.0834 3.1483 3.1487 0.1253 3.1487 3.3968 0.1991 3.3237 3.3681 0.2097 3.3289 3.4202 0.2013 3.378 3.388 0.2033 3.3827 3.0521 0.1274 2.9946 3.3616 0.0529 3.3624 3.3098 0.0695 3.3851 3.1969 0.0665 3.1288 3.1411 0.0395 3.0075 3.1794 0.0763 2.9991 3.2789 0.1006 3.4744 3.3422 0.1037 3.4513 3.0989 0.2566 3.0671 3.0657 0.2194 2.9944 3.1013 0.1914 3.0643 3.2377 0.1272 2.9258 3.2757 0.1317 2.9252 3.0894 0.2846 2.9608 3.1507 0.322 2.9454 3.148 0.284 2.9479 3.31 0.3171 2.9385 3.3343 0.277 2.9434 3.3006 0.2824 2.946 3.1434 0.2267 3.1526 3.1493 0.1675 3.1475 3.1967 0.2294 3.2126 3.1771 0.2575 3.1465 3.1646 0.0689 3.1433 3.3459 0.2621 3.0232 3.348 0.2747 2.956 3.3197 0.3252 2.9485 3.3076 0.2997 3.0303 3.2452 0.0376 2.9861 3.1925 0.0647 2.8971 3.197 0.0765 2.9954 3.1929 0.1052 3.4062 3.1927 0.0881 3.446 3.1913 0.1058 3.434 3.1898 0.0825 3.4054 3.4338 0.1339 3.3679 3.4333 0.186 3.3711 3.4368 0.0594 3.3752 3.4175 0.0598 3.3438 3.4242 0.0905 3.3538 3.4065 0.1846 3.4205 3.4043 0.1026 3.3043 3.381 0.1147 3.2548 3.2058 0.1094 3.4767 3.3342 0.1027 2.939 3.3326 0.1093 2.9701 3.3129 0.0554 2.9743 3.0771 0.2807 2.9792 3.2607 0.0588 3.1078 3.3479 0.1408 3.0915 3.346 0.1489 2.9811 3.3442 0.1081 3.0911 3.3105 0.2613 3.1201 3.3457 0.2417 3.1079 3.1642 0.1282 2.9325 3.1431 0.2178 2.9454 3.1818 0.2116 2.9442 3.128 0.134 2.9434 3.3016 0.1892 2.9466 3.3426 0.1883 2.9485 3.0873 0.2178 2.9656 3.071 0.2189 2.9741 3.0761 0.0844 2.9319 3.0575 0.1302 2.9737 3.0825 0.1357 2.9575 3.1609 0.0761 2.8957 3.1095 0.0716 2.9144 3.3177 0.1161 2.9239 3.2992 0.0905 2.9086 3.1104 0.0558 2.9219 3.1623 0.0653 2.9014 3.2853 0.203 3.402 3.3522 0.1906 3.4259 3.3434 0.208 3.3914 3.2923 0.1895 3.4454 3.255 0.0665 3.4438 3.2493 0.0649 3.395 3.2712 0.2095 3.3411 3.3536 0.0621 3.3119 3.4019 0.0485 3.3452 3.2949 0.1496 3.4706 3.3727 0.1625 3.1754 3.3662 0.1277 3.1732 3.359 0.1739 3.0927 3.456 0.0859 3.4056 3.3607 0.0929 3.1709 3.2207 0.2055 2.9441 3.2605 0.1966 2.9489 3.203 0.1272 2.9279 3.3303 0.149 2.9353 3.3675 0.2168 3.1889 3.3778 0.2025 3.2714 3.3873 0.1891 3.268 3.1495 0.3324 2.9597 3.3068 0.0723 2.9196 3.2144 0.3415 2.9391 3.2175 0.3524 2.9526 3.2635 0.3513 2.9484 3.2601 0.34 2.936 3.3505 0.1477 2.9542 3.3573 0.186 2.9646 3.1942 0.0752 2.8911 3.1943 0.0726 3.2168 3.2028 0.0784 3.2939 3.2025 0.0786 3.3485 3.1919 0.0883 3.3498 3.2028 0.0697 3.4026 3.4106 0.1808 3.3192 3.2419 0.2825 2.9424 3.1968 0.2836 2.9435 3.2146 0.2017 3.2829 3.244 0.2438 3.2097 3.2571 0.2161 3.2803 3.311 0.2277 3.2773 3.3305 0.2387 3.1976 3.2942 0.2543 3.2048 3.348 0.2161 3.2752 3.3888 0.1516 3.2589 3.2205 0.07 3.2092 3.2389 0.0734 3.2895 3.2815 0.036 2.982 3.3293 0.077 3.0869 3.2998 0.0583 3.0991 3.3558 0.1508 3.4453 3.1918 0.1079 3.3489 3.1943 0.1456 3.3468 3.357 0.1905 2.992 3.4127 0.1427 3.3134 3.2992 0.0734 3.3338 3.2441 0.0691 3.3423 3.3271 0.2179 3.3344 3.2595 0.326 3.042 3.2755 0.2809 3.1323 3.2286 0.2714 3.1388 3.2128 0.3167 3.0458 3.1523 0.2962 3.0551'/>
          </IndexedFaceSet>
        </Shape>
        <Shape DEF='lfmphal2'>
          <Appearance>
            <Material ambientIntensity='0.965' diffuseColor='1 0.9765 0.8667' emissiveColor='0 0 0' shininess='0.05' specularColor='0.349 0.349 0.349'/>
          </Appearance>
          <IndexedFaceSet DEF='lfmphal2_Geo' coordIndex='0 1 2 -1 3 4 5 -1 4 6 5 -1 7 8 9 -1 10 11 12 -1 10 13 11 -1 14 15 16 -1 16 17 14 -1 18 19 20 -1 21 22 23 -1 24 25 26 -1 25 27 16 -1 25 28 27 -1 17 16 27 -1 29 30 18 -1 31 30 32 -1 30 29 32 -1 33 34 35 -1 35 29 33 -1 36 37 38 -1 36 39 37 -1 40 39 41 -1 39 36 41 -1 20 42 43 -1 20 19 42 -1 44 36 45 -1 46 47 48 -1 49 27 21 -1 15 25 16 -1 50 51 4 -1 52 53 3 -1 27 54 21 -1 25 55 26 -1 25 15 55 -1 56 48 57 -1 58 9 46 -1 58 10 9 -1 59 60 61 -1 60 62 61 -1 63 64 65 -1 65 58 63 -1 66 67 68 -1 69 70 71 -1 0 2 40 -1 41 36 72 -1 35 73 32 -1 45 36 74 -1 75 30 76 -1 74 77 45 -1 73 78 79 -1 79 32 73 -1 32 29 35 -1 80 66 81 -1 66 68 81 -1 65 64 13 -1 82 61 83 -1 82 59 61 -1 62 84 61 -1 62 85 84 -1 48 56 46 -1 63 56 24 -1 56 57 24 -1 54 27 28 -1 86 87 88 -1 86 89 87 -1 17 90 14 -1 90 6 14 -1 17 27 49 -1 22 91 69 -1 8 2 70 -1 92 13 64 -1 31 76 30 -1 43 42 38 -1 78 40 41 -1 78 0 40 -1 93 79 72 -1 72 44 93 -1 44 72 36 -1 69 48 47 -1 47 70 69 -1 70 47 8 -1 91 54 28 -1 30 19 18 -1 30 75 19 -1 94 95 96 -1 94 97 95 -1 5 6 87 -1 6 90 87 -1 90 98 87 -1 98 88 87 -1 98 99 88 -1 11 13 67 -1 24 28 25 -1 8 100 2 -1 11 66 60 -1 11 67 66 -1 85 52 101 -1 102 52 85 -1 60 80 62 -1 60 66 80 -1 103 104 105 -1 103 81 104 -1 3 50 4 -1 50 3 53 -1 92 67 13 -1 67 92 68 -1 50 55 51 -1 50 105 55 -1 85 89 84 -1 89 85 101 -1 106 96 95 -1 96 106 86 -1 97 107 108 -1 107 97 94 -1 54 22 21 -1 22 54 91 -1 0 73 109 -1 73 0 78 -1 20 110 108 -1 110 20 43 -1 77 31 93 -1 77 76 31 -1 1 70 2 -1 70 1 71 -1 111 8 112 -1 111 100 8 -1 113 97 114 -1 95 97 113 -1 115 116 99 -1 115 117 116 -1 91 24 57 -1 91 28 24 -1 14 4 51 -1 14 6 4 -1 58 56 63 -1 56 58 46 -1 60 12 11 -1 12 60 59 -1 84 83 61 -1 84 106 83 -1 105 26 55 -1 105 104 26 -1 104 64 26 -1 64 104 92 -1 99 49 115 -1 49 99 98 -1 33 117 34 -1 117 33 116 -1 47 9 8 -1 47 46 9 -1 110 111 114 -1 37 111 110 -1 83 95 113 -1 83 106 95 -1 96 88 99 -1 86 88 96 -1 41 79 78 -1 41 72 79 -1 19 74 42 -1 19 75 74 -1 76 74 75 -1 74 76 77 -1 7 112 8 -1 7 82 112 -1 38 74 36 -1 38 42 74 -1 107 116 33 -1 94 116 107 -1 114 108 110 -1 114 97 108 -1 82 113 112 -1 82 83 113 -1 37 100 111 -1 39 100 37 -1 2 39 40 -1 2 100 39 -1 23 69 71 -1 23 22 69 -1 1 109 118 -1 109 1 0 -1 118 34 117 -1 118 109 34 -1 115 21 23 -1 21 115 49 -1 63 26 64 -1 24 26 63 -1 81 102 80 -1 102 81 103 -1 7 59 82 -1 7 12 59 -1 58 13 10 -1 13 58 65 -1 87 101 5 -1 87 89 101 -1 90 49 98 -1 90 17 49 -1 117 23 118 -1 23 117 115 -1 94 99 116 -1 99 94 96 -1 112 114 111 -1 113 114 112 -1 118 71 1 -1 71 118 23 -1 45 93 44 -1 45 77 93 -1 33 18 107 -1 33 29 18 -1 43 37 110 -1 38 37 43 -1 109 35 34 -1 35 109 73 -1 79 31 32 -1 93 31 79 -1 57 69 91 -1 57 48 69 -1 18 108 107 -1 18 20 108 -1 86 84 89 -1 86 106 84 -1 103 52 102 -1 52 103 53 -1 15 51 55 -1 51 15 14 -1 53 105 50 -1 105 53 103 -1 92 81 68 -1 81 92 104 -1 9 12 7 -1 9 10 12 -1 102 62 80 -1 85 62 102 -1 52 5 101 -1 52 3 5 -1' creaseAngle='1.571'>
            <Coordinate DEF='lfmphal2_Coord' point='3.6571 0.1299 2.6725 3.6967 0.145 2.741 3.6427 0.1912 2.7566 3.8948 0.1368 3.0061 3.8989 0.1204 2.9978 3.9092 0.139 2.9884 3.9096 0.1245 2.9806 3.719 0.2347 2.879 3.694 0.2438 2.829 3.7113 0.221 2.8762 3.7065 0.2087 2.9496 3.6985 0.1918 3.0401 3.7141 0.222 2.9552 3.6942 0.1704 3.0479 3.903 0.0792 2.9518 3.8565 0.0812 2.9529 3.8582 0.0925 2.9178 3.8977 0.1097 2.9066 3.8606 0.2193 2.6387 3.808 0.2527 2.6392 3.8233 0.2664 2.6268 3.8286 0.1205 2.8526 3.816 0.1238 2.8531 3.8178 0.1126 2.8036 3.7923 0.0976 2.9645 3.813 0.0934 2.961 3.7891 0.0936 3.0268 3.8578 0.1014 2.9021 3.8093 0.1062 2.9482 3.859 0.149 2.6387 3.8395 0.1605 2.6359 3.7353 0.1472 2.6262 3.7398 0.129 2.6235 3.869 0.1453 2.6438 3.8231 0.0905 2.6425 3.8119 0.1004 2.6286 3.662 0.261 2.7054 3.7 0.3221 2.6943 3.6978 0.312 2.6836 3.6559 0.2644 2.7198 3.6229 0.1958 2.7116 3.6271 0.1968 2.6971 3.7752 0.2784 2.6434 3.7854 0.3083 2.6363 3.6671 0.2003 2.6694 3.7001 0.202 2.6741 3.7108 0.1764 2.8672 3.6993 0.1805 2.8369 3.7437 0.1512 2.8609 3.8882 0.115 2.8475 3.8678 0.1219 3.0246 3.885 0.0719 2.9941 3.883 0.1755 3.0187 3.8696 0.1392 3.0251 3.8217 0.1212 2.9134 3.8346 0.0757 3.0053 3.7368 0.1296 2.8972 3.7803 0.1235 2.9078 3.6983 0.1584 2.9295 3.7568 0.2598 2.9707 3.7533 0.2531 3.049 3.824 0.2452 2.9666 3.822 0.2277 3.037 3.7303 0.1152 2.949 3.7243 0.1114 3.0233 3.6912 0.1413 2.9947 3.7499 0.2342 3.0646 3.7093 0.1837 3.0576 3.7319 0.1786 3.0684 3.7576 0.1522 2.8501 3.6857 0.1836 2.8145 3.7361 0.1497 2.8123 3.6498 0.1986 2.6748 3.7341 0.0994 2.6285 3.7419 0.2187 2.6673 3.7701 0.2026 2.6556 3.7417 0.1721 2.6481 3.7156 0.1864 2.6588 3.6563 0.1347 2.6576 3.6737 0.1601 2.6414 3.8137 0.2138 3.0509 3.795 0.1608 3.0639 3.7694 0.2748 2.8875 3.8386 0.2746 2.8774 3.8664 0.2312 2.96 3.8556 0.2123 3.0215 3.9138 0.2201 2.8601 3.9184 0.1597 2.9316 3.9131 0.1715 2.8526 3.9043 0.1975 2.9517 3.9161 0.1438 2.9222 3.8079 0.1239 2.9123 3.7307 0.1621 3.0665 3.6832 0.1692 2.6411 3.8992 0.2253 2.7062 3.8902 0.2698 2.7975 3.9197 0.2291 2.7806 3.8695 0.2764 2.7084 3.909 0.1546 2.8506 3.9152 0.1606 2.7787 3.67 0.2569 2.7665 3.8956 0.1875 3.0067 3.8487 0.1979 3.0326 3.8293 0.148 3.0457 3.7919 0.1452 3.0621 3.827 0.1325 3.0449 3.8804 0.2563 2.8709 3.8756 0.223 2.6454 3.84 0.278 2.6332 3.7411 0.0913 2.6416 3.7929 0.3147 2.6412 3.7239 0.308 2.7582 3.7581 0.2923 2.8326 3.8422 0.2915 2.8158 3.818 0.3061 2.7149 3.8855 0.1061 2.792 3.8947 0.1517 2.7064 3.8591 0.0977 2.7137 3.7806 0.1021 2.7169'/>
          </IndexedFaceSet>
        </Shape>
        <Shape DEF='lfmphal3'>
          <Appearance>
            <Material ambientIntensity='0.965' diffuseColor='1 0.9765 0.8667' emissiveColor='0 0 0' shininess='0.05' specularColor='0.349 0.349 0.349'/>
          </Appearance>
          <IndexedFaceSet DEF='lfmphal3_Geo' coordIndex='0 1 2 -1 3 4 5 -1 6 7 8 -1 9 10 11 -1 10 12 11 -1 13 14 15 -1 16 17 18 -1 19 20 21 -1 22 10 23 -1 22 24 10 -1 25 26 27 -1 26 28 27 -1 29 30 31 -1 32 33 34 -1 32 35 33 -1 36 37 38 -1 37 39 38 -1 40 41 42 -1 43 44 45 -1 45 46 43 -1 11 47 9 -1 48 24 49 -1 50 51 52 -1 50 6 51 -1 53 45 54 -1 45 55 54 -1 15 56 13 -1 57 58 59 -1 59 60 57 -1 61 62 57 -1 57 60 61 -1 63 64 65 -1 63 66 64 -1 67 68 69 -1 67 70 68 -1 13 71 72 -1 13 56 71 -1 73 0 2 -1 19 74 20 -1 75 76 4 -1 4 3 75 -1 18 77 16 -1 36 38 33 -1 30 78 35 -1 40 42 79 -1 29 31 80 -1 81 82 83 -1 58 84 85 -1 58 86 84 -1 18 87 88 -1 89 90 91 -1 91 92 89 -1 3 5 93 -1 75 21 76 -1 75 19 21 -1 49 74 48 -1 74 19 48 -1 0 73 70 -1 94 95 96 -1 94 97 95 -1 92 98 99 -1 99 89 92 -1 59 52 100 -1 100 60 59 -1 86 58 57 -1 57 101 86 -1 56 15 8 -1 52 51 102 -1 102 100 52 -1 22 23 103 -1 103 104 22 -1 12 24 48 -1 12 10 24 -1 105 47 11 -1 83 37 81 -1 83 39 37 -1 30 35 106 -1 35 32 106 -1 107 41 91 -1 107 42 41 -1 34 38 108 -1 34 33 38 -1 82 88 109 -1 103 96 104 -1 110 26 25 -1 110 111 26 -1 73 112 70 -1 73 113 112 -1 18 17 87 -1 15 6 8 -1 11 114 105 -1 13 115 14 -1 103 116 96 -1 93 117 3 -1 70 67 0 -1 105 118 63 -1 105 114 118 -1 28 66 27 -1 66 28 72 -1 116 8 7 -1 8 116 119 -1 120 23 121 -1 120 103 23 -1 122 21 20 -1 122 1 21 -1 76 67 4 -1 67 76 0 -1 123 5 69 -1 123 93 5 -1 124 125 126 -1 124 117 125 -1 65 105 63 -1 65 47 105 -1 127 49 128 -1 127 74 49 -1 70 129 68 -1 70 112 129 -1 130 111 110 -1 130 131 111 -1 71 120 64 -1 71 119 120 -1 132 96 95 -1 104 96 132 -1 133 134 135 -1 133 136 134 -1 2 113 73 -1 2 137 113 -1 101 88 87 -1 101 109 88 -1 84 138 139 -1 84 86 138 -1 137 140 141 -1 140 137 136 -1 142 98 106 -1 98 142 99 -1 143 14 144 -1 143 145 14 -1 146 28 26 -1 146 115 28 -1 109 83 82 -1 62 83 109 -1 108 39 61 -1 108 38 39 -1 92 41 80 -1 91 41 92 -1 77 42 107 -1 77 79 42 -1 147 88 82 -1 88 147 18 -1 30 148 78 -1 30 29 148 -1 81 148 149 -1 81 37 148 -1 53 129 150 -1 53 131 129 -1 90 107 91 -1 90 151 107 -1 7 96 116 -1 96 7 94 -1 100 34 108 -1 100 102 34 -1 152 84 140 -1 152 85 84 -1 153 154 155 -1 153 156 154 -1 50 97 94 -1 50 157 97 -1 99 158 89 -1 143 158 99 -1 43 16 151 -1 43 159 16 -1 17 138 87 -1 17 160 138 -1 161 51 162 -1 102 51 161 -1 95 152 133 -1 95 97 152 -1 53 111 131 -1 54 111 53 -1 64 121 65 -1 121 64 120 -1 128 104 132 -1 22 104 128 -1 135 122 127 -1 135 134 122 -1 141 113 137 -1 153 113 141 -1 48 75 12 -1 48 19 75 -1 117 11 3 -1 124 11 117 -1 11 124 114 -1 158 144 55 -1 158 143 144 -1 43 154 159 -1 43 46 154 -1 44 55 45 -1 44 158 55 -1 139 160 156 -1 139 138 160 -1 109 57 62 -1 57 109 101 -1 52 157 50 -1 52 59 157 -1 162 6 15 -1 162 51 6 -1 106 161 142 -1 32 161 106 -1 80 40 29 -1 41 40 80 -1 40 147 149 -1 40 79 147 -1 149 82 81 -1 149 147 82 -1 33 78 36 -1 78 33 35 -1 15 145 162 -1 15 14 145 -1 102 32 34 -1 161 32 102 -1 108 60 100 -1 108 61 60 -1 156 159 154 -1 156 160 159 -1 151 77 107 -1 16 77 151 -1 75 11 12 -1 75 3 11 -1 113 155 112 -1 113 153 155 -1 133 140 136 -1 152 140 133 -1 125 25 126 -1 25 125 110 -1 56 119 71 -1 119 56 8 -1 111 146 26 -1 146 111 54 -1 110 123 130 -1 110 125 123 -1 112 150 129 -1 112 155 150 -1 132 127 128 -1 132 135 127 -1 157 58 85 -1 157 59 58 -1 16 160 17 -1 16 159 160 -1 44 89 158 -1 89 44 90 -1 162 142 161 -1 162 145 142 -1 54 144 146 -1 54 55 144 -1 155 46 150 -1 155 154 46 -1 141 156 153 -1 141 139 156 -1 97 85 152 -1 97 157 85 -1 6 94 7 -1 94 6 50 -1 151 44 43 -1 44 151 90 -1 45 150 46 -1 45 53 150 -1 69 130 123 -1 130 69 68 -1 149 29 40 -1 149 148 29 -1 148 36 78 -1 148 37 36 -1 79 18 147 -1 18 79 77 -1 80 98 92 -1 80 31 98 -1 61 83 62 -1 61 39 83 -1 25 118 126 -1 27 118 25 -1 115 144 14 -1 144 115 146 -1 142 143 99 -1 142 145 143 -1 31 106 98 -1 31 30 106 -1 1 134 2 -1 1 122 134 -1 139 140 84 -1 139 141 140 -1 87 86 101 -1 138 86 87 -1 2 136 137 -1 134 136 2 -1 95 135 132 -1 95 133 135 -1 72 64 66 -1 72 71 64 -1 68 131 130 -1 68 129 131 -1 128 24 22 -1 128 49 24 -1 121 47 65 -1 9 47 121 -1 114 126 118 -1 114 124 126 -1 125 93 123 -1 125 117 93 -1 69 4 67 -1 69 5 4 -1 0 21 1 -1 0 76 21 -1 20 127 122 -1 20 74 127 -1 10 121 23 -1 121 10 9 -1 119 103 120 -1 119 116 103 -1 72 115 13 -1 72 28 115 -1 27 63 118 -1 63 27 66 -1' creaseAngle='1.571'>
            <Coordinate DEF='lfmphal3_Coord' point='4.0798 0.1912 2.0101 4.17 0.1367 2.0175 4.1641 0.1442 2.0413 4.0725 0.3068 2.0248 4.0134 0.2534 2.0217 3.9815 0.2929 2.0441 4.2279 0.2883 2.1759 4.2243 0.3079 2.1256 4.1878 0.3404 2.1383 4.2049 0.3899 1.9967 4.2402 0.3606 1.986 4.131 0.3779 2.0178 4.2016 0.3189 2.0088 4.1428 0.3639 2.1486 4.1163 0.3449 2.2077 4.1784 0.3365 2.1949 4.0782 0.2206 2.3173 4.1682 0.1989 2.3007 4.1607 0.1724 2.3246 4.2055 0.1857 2.0049 4.1924 0.1451 2.0058 4.1724 0.1469 2.0047 4.2986 0.2614 2.0123 4.246 0.3641 2.0007 4.2892 0.2626 2.0019 4.0549 0.3836 2.0788 4.0654 0.3664 2.1219 4.0905 0.4022 2.0698 4.0986 0.3779 2.1112 4.1165 0.2807 2.3762 4.1327 0.3133 2.3688 4.0886 0.3136 2.3712 4.2384 0.3054 2.3124 4.313 0.2547 2.3159 4.2996 0.2617 2.296 4.2458 0.295 2.3335 4.3125 0.2428 2.3217 4.2972 0.2084 2.3279 4.3255 0.231 2.3127 4.3156 0.2023 2.3085 4.0817 0.2406 2.3709 4.0256 0.2712 2.3679 4.0331 0.2431 2.3651 4.0595 0.2512 2.2837 4.0484 0.2744 2.2831 4.0375 0.2771 2.2213 4.0436 0.2512 2.2151 4.1657 0.4153 2.0022 4.2587 0.2415 2.0028 4.2753 0.2149 1.9986 4.2541 0.2552 2.1686 4.2475 0.275 2.2272 4.2629 0.2468 2.2242 4.0117 0.28 2.1687 4.046 0.3228 2.1639 4.0572 0.313 2.2231 4.1609 0.3567 2.1443 4.2639 0.1814 2.2731 4.2407 0.1897 2.2314 4.2532 0.2178 2.2259 4.2936 0.2078 2.2693 4.3163 0.2018 2.2951 4.2916 0.1676 2.3 4.1218 0.4317 2.0345 4.1613 0.4045 2.0469 4.1675 0.4214 2.0158 4.1244 0.4058 2.06 4.0082 0.2413 2.0331 3.9786 0.2735 2.0856 3.9707 0.2836 2.0587 4.0183 0.2349 2.0567 4.1563 0.3786 2.107 4.1302 0.3811 2.1104 4.0905 0.1947 2.0377 4.2366 0.1581 2.0101 4.136 0.2521 2.0124 4.085 0.2006 1.9977 4.0565 0.2066 2.3477 4.2413 0.2788 2.344 4.06 0.2092 2.3582 4.0528 0.2965 2.3719 4.2686 0.1761 2.3271 4.2392 0.1559 2.3217 4.2901 0.1695 2.3131 4.2005 0.1793 2.1704 4.2282 0.1883 2.1727 4.2185 0.1861 2.2356 4.2108 0.1719 2.2819 4.2263 0.1559 2.3116 4.0527 0.3043 2.328 4.0381 0.2724 2.326 4.021 0.2758 2.3572 4.04 0.3017 2.358 3.9811 0.314 2.0481 4.2635 0.2611 2.1129 4.2565 0.2136 2.075 4.2773 0.2647 2.072 4.2513 0.2155 2.1154 4.0839 0.3238 2.3567 4.0821 0.3258 2.3285 4.2966 0.2366 2.2665 4.2375 0.1714 2.2759 4.2764 0.262 2.2704 4.2378 0.3517 2.0305 4.2891 0.2647 2.0365 4.1211 0.4238 2.0185 4.1341 0.3257 2.3472 4.0269 0.242 2.3546 4.3221 0.2319 2.2945 4.2453 0.1556 2.3079 4.0175 0.3575 2.0835 4.0318 0.3379 2.1229 4.033 0.2256 2.0922 4.1034 0.1938 2.0817 4.0793 0.4182 2.032 4.105 0.363 2.151 4.2259 0.3281 2.0863 4.0118 0.367 2.0464 4.0788 0.4243 2.0484 4.1924 0.3542 2.1012 4.1995 0.3799 2.035 4.208 0.3947 2.0078 4.1883 0.1353 2.018 3.9719 0.3151 2.0648 4.0454 0.3999 2.0369 4.007 0.3705 2.0599 4.0428 0.4064 2.054 4.2425 0.1523 2.0226 4.2846 0.2123 2.0096 3.9943 0.2601 2.1224 3.9778 0.2996 2.0918 3.9929 0.2839 2.1296 4.2696 0.2136 2.0366 4.2277 0.1655 2.0766 4.1844 0.1422 2.0416 4.2337 0.1584 2.0445 4.1845 0.1508 2.0761 4.1634 0.1531 2.077 4.1947 0.1892 2.2438 4.173 0.1832 2.1754 4.1875 0.1626 2.1203 4.1628 0.1675 2.1284 4.1286 0.3265 2.3176 4.0916 0.3284 2.2757 4.0831 0.3383 2.2189 4.124 0.3325 2.2699 4.0732 0.352 2.1608 4.1663 0.1741 2.335 4.2236 0.241 2.3552 4.1928 0.2022 2.3483 4.0156 0.255 2.1639 4.0459 0.247 2.3258 4.2272 0.1755 2.1182 4.1175 0.2031 2.1363 4.0733 0.2319 2.2043 4.0538 0.2287 2.1483 4.1324 0.213 2.1907 4.2464 0.2184 2.1719 4.063 0.3103 2.2778 4.0894 0.2301 2.2785 4.1602 0.213 2.2609 4.2225 0.3065 2.2883 4.201 0.3201 2.2487'/>
          </IndexedFaceSet>
        </Shape>
        <Shape DEF='lfmphal4'>
          <Appearance>
            <Material ambientIntensity='0.965' diffuseColor='1 0.9765 0.8667' emissiveColor='0 0 0' shininess='0.05' specularColor='0.349 0.349 0.349'/>
          </Appearance>
          <IndexedFaceSet DEF='lfmphal4_Geo' coordIndex='0 1 2 -1 3 4 5 -1 6 7 8 -1 9 10 11 -1 12 13 14 -1 15 16 17 -1 18 19 20 -1 1 21 22 -1 21 23 22 -1 24 7 6 -1 25 26 27 -1 28 29 30 -1 30 18 28 -1 31 32 33 -1 31 34 32 -1 35 36 37 -1 36 38 37 -1 39 40 41 -1 41 42 39 -1 13 12 43 -1 44 45 46 -1 46 47 44 -1 15 48 16 -1 49 50 51 -1 51 52 49 -1 20 53 54 -1 53 55 54 -1 56 57 58 -1 56 59 57 -1 60 61 62 -1 62 63 60 -1 64 65 57 -1 64 66 65 -1 67 68 69 -1 69 70 67 -1 1 0 21 -1 71 72 73 -1 74 73 75 -1 74 76 73 -1 4 3 77 -1 63 78 35 -1 35 60 63 -1 27 19 18 -1 79 53 36 -1 53 80 36 -1 81 54 55 -1 81 82 54 -1 39 42 26 -1 83 84 85 -1 86 87 38 -1 88 89 90 -1 32 91 33 -1 53 19 80 -1 92 93 94 -1 94 95 92 -1 94 96 97 -1 94 93 96 -1 14 13 3 -1 98 73 72 -1 99 21 0 -1 100 101 102 -1 100 103 101 -1 10 48 104 -1 104 105 10 -1 106 107 108 -1 108 109 106 -1 110 111 112 -1 110 59 111 -1 18 20 54 -1 54 28 18 -1 79 113 55 -1 55 53 79 -1 62 96 63 -1 96 93 63 -1 10 16 48 -1 114 95 94 -1 114 115 95 -1 116 6 117 -1 6 8 117 -1 71 47 46 -1 118 13 43 -1 35 78 36 -1 78 79 36 -1 38 87 37 -1 60 35 37 -1 37 83 60 -1 119 88 32 -1 32 34 119 -1 112 39 26 -1 26 25 112 -1 85 84 89 -1 103 120 121 -1 121 101 103 -1 122 67 123 -1 67 124 123 -1 125 126 45 -1 126 46 45 -1 75 73 98 -1 19 53 20 -1 127 128 125 -1 128 7 125 -1 16 10 9 -1 118 45 44 -1 44 13 118 -1 15 17 117 -1 77 3 129 -1 99 0 130 -1 73 47 71 -1 131 132 133 -1 134 135 136 -1 137 131 138 -1 139 140 141 -1 142 143 135 -1 143 144 135 -1 142 135 145 -1 146 147 148 -1 147 149 148 -1 150 151 152 -1 151 153 152 -1 154 155 156 -1 155 157 156 -1 158 154 156 -1 158 159 154 -1 160 161 162 -1 162 163 160 -1 151 164 165 -1 166 167 168 -1 169 170 171 -1 159 172 173 -1 174 175 170 -1 176 168 167 -1 177 178 179 -1 178 134 179 -1 180 181 146 -1 180 182 181 -1 170 169 162 -1 183 184 140 -1 184 141 140 -1 185 133 145 -1 186 187 143 -1 188 189 155 -1 155 190 188 -1 191 192 193 -1 194 195 196 -1 196 197 194 -1 198 199 196 -1 199 197 196 -1 200 201 202 -1 200 203 201 -1 204 205 206 -1 206 207 204 -1 208 187 205 -1 205 204 208 -1 133 209 131 -1 142 210 211 -1 212 184 183 -1 212 213 184 -1 214 215 216 -1 215 217 216 -1 166 218 167 -1 150 189 164 -1 172 219 169 -1 164 188 220 -1 221 222 223 -1 221 224 222 -1 225 226 227 -1 227 228 225 -1 156 229 158 -1 156 230 229 -1 231 232 233 -1 231 199 232 -1 234 235 236 -1 234 237 235 -1 207 206 237 -1 237 234 207 -1 231 238 239 -1 231 233 238 -1 240 199 231 -1 240 197 199 -1 148 160 163 -1 148 149 160 -1 241 242 243 -1 222 158 229 -1 229 223 222 -1 197 240 244 -1 245 164 220 -1 245 165 164 -1 161 170 162 -1 159 219 172 -1 151 150 164 -1 139 246 140 -1 142 211 186 -1 133 185 209 -1 211 210 202 -1 210 200 202 -1 247 246 204 -1 246 208 204 -1 132 131 137 -1 137 203 132 -1 181 194 197 -1 197 244 181 -1 248 249 250 -1 249 251 250 -1 218 151 167 -1 190 252 188 -1 241 206 253 -1 241 237 206 -1 191 136 135 -1 184 213 254 -1 184 254 141 -1 178 145 134 -1 145 135 134 -1 217 168 255 -1 245 256 257 -1 245 220 256 -1 216 258 174 -1 259 173 172 -1 173 260 261 -1 175 258 262 -1 175 174 258 -1 172 169 171 -1 170 161 174 -1 167 151 165 -1 164 189 188 -1 224 219 222 -1 224 169 219 -1 219 159 158 -1 158 222 219 -1 263 238 250 -1 263 264 238 -1 147 265 149 -1 265 266 149 -1 267 141 254 -1 267 139 141 -1 132 203 200 -1 131 177 138 -1 131 209 177 -1 185 145 178 -1 195 194 268 -1 143 142 186 -1 122 107 269 -1 108 107 122 -1 105 11 10 -1 105 123 11 -1 270 7 128 -1 270 8 7 -1 45 127 125 -1 118 127 45 -1 98 100 102 -1 100 98 72 -1 0 75 130 -1 0 74 75 -1 271 129 2 -1 271 77 129 -1 69 4 272 -1 69 5 4 -1 269 273 68 -1 269 14 273 -1 118 106 127 -1 118 43 106 -1 71 126 274 -1 126 71 46 -1 275 276 277 -1 275 278 276 -1 279 67 70 -1 67 279 124 -1 105 109 108 -1 105 104 109 -1 280 120 103 -1 280 281 120 -1 101 282 99 -1 101 121 282 -1 283 284 285 -1 283 286 284 -1 130 101 99 -1 101 130 102 -1 85 287 61 -1 85 89 287 -1 52 96 62 -1 96 52 51 -1 97 11 288 -1 97 9 11 -1 67 269 68 -1 67 122 269 -1 40 112 111 -1 112 40 39 -1 83 61 60 -1 61 83 85 -1 86 19 289 -1 80 19 86 -1 119 89 88 -1 287 89 119 -1 290 91 90 -1 91 290 41 -1 84 291 290 -1 87 291 84 -1 271 277 272 -1 275 277 271 -1 95 292 293 -1 292 95 115 -1 79 92 113 -1 78 92 79 -1 125 24 126 -1 24 125 7 -1 17 116 117 -1 294 116 17 -1 295 58 296 -1 56 58 295 -1 297 66 298 -1 297 65 66 -1 82 285 284 -1 299 285 82 -1 300 293 292 -1 300 81 293 -1 114 97 288 -1 114 94 97 -1 92 63 93 -1 78 63 92 -1 30 64 110 -1 30 29 64 -1 274 103 100 -1 274 280 103 -1 22 292 278 -1 22 300 292 -1 70 272 277 -1 272 70 69 -1 114 124 279 -1 114 288 124 -1 48 270 104 -1 15 270 48 -1 281 116 297 -1 6 116 281 -1 120 283 121 -1 120 298 283 -1 23 300 22 -1 23 299 300 -1 44 3 13 -1 44 76 3 -1 59 31 111 -1 56 31 59 -1 66 29 286 -1 66 64 29 -1 119 295 49 -1 295 119 34 -1 16 51 50 -1 51 16 9 -1 32 90 91 -1 88 90 32 -1 291 26 42 -1 291 289 26 -1 87 289 291 -1 289 87 86 -1 83 87 84 -1 83 37 87 -1 49 287 119 -1 287 49 52 -1 50 17 16 -1 17 50 296 -1 58 65 294 -1 58 57 65 -1 25 110 112 -1 30 110 25 -1 284 54 82 -1 284 28 54 -1 113 81 55 -1 113 293 81 -1 5 14 3 -1 14 5 273 -1 3 74 129 -1 3 76 74 -1 76 47 73 -1 44 47 76 -1 282 299 23 -1 285 299 282 -1 280 126 24 -1 274 126 280 -1 109 127 106 -1 128 127 109 -1 276 114 279 -1 115 114 276 -1 2 275 271 -1 2 1 275 -1 297 120 281 -1 298 120 297 -1 49 296 50 -1 49 295 296 -1 110 57 59 -1 110 64 57 -1 294 297 116 -1 294 65 297 -1 299 81 300 -1 299 82 81 -1 298 286 283 -1 298 66 286 -1 56 34 31 -1 56 295 34 -1 296 294 17 -1 58 294 296 -1 92 293 113 -1 293 92 95 -1 115 278 292 -1 278 115 276 -1 290 42 41 -1 291 42 290 -1 41 33 91 -1 33 41 40 -1 89 290 90 -1 89 84 290 -1 289 27 26 -1 19 27 289 -1 80 38 36 -1 80 86 38 -1 111 33 40 -1 111 31 33 -1 288 123 124 -1 288 11 123 -1 97 51 9 -1 97 96 51 -1 52 61 287 -1 62 61 52 -1 285 121 283 -1 121 285 282 -1 286 28 284 -1 28 286 29 -1 30 27 18 -1 27 30 25 -1 99 23 21 -1 99 282 23 -1 6 280 24 -1 280 6 281 -1 104 128 109 -1 128 104 270 -1 277 279 70 -1 277 276 279 -1 1 278 275 -1 1 22 278 -1 72 274 100 -1 274 72 71 -1 43 107 106 -1 107 43 12 -1 68 5 69 -1 68 273 5 -1 272 77 271 -1 272 4 77 -1 74 2 129 -1 0 2 74 -1 102 75 98 -1 75 102 130 -1 8 15 117 -1 270 15 8 -1 123 108 122 -1 105 108 123 -1 12 269 107 -1 12 14 269 -1 179 136 301 -1 179 134 136 -1 209 178 177 -1 209 185 178 -1 145 210 142 -1 145 133 210 -1 223 180 221 -1 225 180 223 -1 230 226 229 -1 230 242 226 -1 235 302 303 -1 235 243 302 -1 251 304 305 -1 304 251 236 -1 239 264 306 -1 239 238 264 -1 250 305 263 -1 305 250 251 -1 215 307 308 -1 215 214 307 -1 162 224 163 -1 162 169 224 -1 153 218 309 -1 153 151 218 -1 310 175 262 -1 311 175 310 -1 260 259 312 -1 173 259 260 -1 176 255 168 -1 255 176 313 -1 259 171 311 -1 259 172 171 -1 188 256 220 -1 188 252 256 -1 245 313 176 -1 245 257 313 -1 313 258 255 -1 262 258 313 -1 137 268 194 -1 137 138 268 -1 144 191 135 -1 192 191 144 -1 206 314 253 -1 206 205 314 -1 235 241 243 -1 235 237 241 -1 153 263 305 -1 263 153 309 -1 248 315 249 -1 316 315 248 -1 214 174 161 -1 214 216 174 -1 317 316 232 -1 316 317 318 -1 247 140 246 -1 247 318 140 -1 314 211 202 -1 186 211 314 -1 267 187 208 -1 267 143 187 -1 208 139 267 -1 208 246 139 -1 198 193 212 -1 196 193 198 -1 173 154 159 -1 154 173 261 -1 245 167 165 -1 245 176 167 -1 312 252 260 -1 252 312 256 -1 257 262 313 -1 310 262 257 -1 240 239 265 -1 239 240 231 -1 181 147 146 -1 244 147 181 -1 241 201 227 -1 201 241 253 -1 157 230 156 -1 230 157 302 -1 149 307 160 -1 149 266 307 -1 137 228 203 -1 137 182 228 -1 306 319 308 -1 306 264 319 -1 238 248 250 -1 238 233 248 -1 152 305 304 -1 152 153 305 -1 249 207 234 -1 249 315 207 -1 152 303 320 -1 303 152 304 -1 249 236 251 -1 236 249 234 -1 232 248 233 -1 232 316 248 -1 309 264 263 -1 319 264 309 -1 308 266 306 -1 266 308 307 -1 227 242 241 -1 242 227 226 -1 227 203 228 -1 203 227 201 -1 182 225 228 -1 182 180 225 -1 244 265 147 -1 244 240 265 -1 310 256 312 -1 310 257 256 -1 260 190 261 -1 252 190 260 -1 261 155 154 -1 155 261 190 -1 168 215 166 -1 215 168 217 -1 193 213 212 -1 192 213 193 -1 317 212 183 -1 317 198 212 -1 301 191 193 -1 301 136 191 -1 193 195 301 -1 195 193 196 -1 318 183 140 -1 318 317 183 -1 247 207 315 -1 207 247 204 -1 253 202 201 -1 202 253 314 -1 198 232 199 -1 317 232 198 -1 318 315 316 -1 318 247 315 -1 320 302 157 -1 320 303 302 -1 314 187 186 -1 314 205 187 -1 192 254 213 -1 192 144 254 -1 221 163 224 -1 221 148 163 -1 194 182 137 -1 182 194 181 -1 179 138 177 -1 138 179 268 -1 255 216 217 -1 255 258 216 -1 170 311 171 -1 175 311 170 -1 311 312 259 -1 311 310 312 -1 320 150 152 -1 320 189 150 -1 166 308 319 -1 166 215 308 -1 189 157 155 -1 320 157 189 -1 218 319 309 -1 218 166 319 -1 214 160 307 -1 214 161 160 -1 265 306 266 -1 265 239 306 -1 236 303 304 -1 236 235 303 -1 302 242 230 -1 243 242 302 -1 229 225 223 -1 226 225 229 -1 180 148 221 -1 180 146 148 -1 144 267 254 -1 267 144 143 -1 200 133 132 -1 210 133 200 -1 301 268 179 -1 301 195 268 -1' creaseAngle='1.571'>
            <Coordinate DEF='lfmphal4_Coord' point='4.4668 0.2657 1.545 4.4147 0.307 1.5804 4.4047 0.3142 1.5596 4.4695 0.3733 1.5604 4.3765 0.3834 1.5771 4.4048 0.4321 1.5786 4.629 0.3346 1.5811 4.6273 0.4036 1.5681 4.62 0.3847 1.6045 4.5133 0.3973 1.7066 4.5454 0.4149 1.6683 4.5079 0.4156 1.6705 4.5278 0.4727 1.5743 4.5342 0.4332 1.5605 4.4835 0.4706 1.5852 4.5851 0.393 1.6562 4.5707 0.3886 1.6952 4.6156 0.3471 1.6768 4.5731 0.2415 1.7212 4.536 0.2434 1.7501 4.5419 0.2666 1.7389 4.4786 0.2678 1.5673 4.4294 0.2961 1.6117 4.4913 0.2653 1.6016 4.6316 0.3393 1.5428 4.5958 0.2259 1.736 4.5965 0.2254 1.7473 4.5849 0.2265 1.7382 4.5644 0.2513 1.704 4.5824 0.2487 1.6974 4.5902 0.2405 1.7172 4.672 0.2898 1.7355 4.6662 0.3095 1.7555 4.6705 0.2883 1.7501 4.6555 0.3177 1.7379 4.4341 0.3369 1.7919 4.4403 0.3085 1.7792 4.439 0.3319 1.8014 4.446 0.3087 1.7888 4.6416 0.2339 1.7495 4.6649 0.2625 1.7468 4.6506 0.2678 1.7643 4.6246 0.2402 1.7622 4.5685 0.4629 1.5591 4.5726 0.3635 1.5309 4.6236 0.4087 1.5368 4.6232 0.339 1.5098 4.6032 0.318 1.5099 4.562 0.4081 1.6639 4.5927 0.3623 1.7324 4.5804 0.3746 1.7155 4.5116 0.3871 1.7346 4.5127 0.382 1.7588 4.4763 0.2883 1.7542 4.5372 0.2785 1.722 4.4795 0.292 1.7376 4.6513 0.2972 1.7105 4.6261 0.2779 1.6874 4.6375 0.304 1.6871 4.6462 0.271 1.7118 4.4462 0.3596 1.7937 4.4785 0.3783 1.7936 4.4752 0.382 1.7683 4.4534 0.3636 1.7669 4.6036 0.2521 1.6941 4.6184 0.2803 1.6703 4.5987 0.2534 1.6697 4.4525 0.4424 1.6137 4.4409 0.4636 1.5958 4.3999 0.4348 1.5908 4.4112 0.4214 1.6114 4.6179 0.2899 1.5032 4.5942 0.2362 1.5168 4.5655 0.2699 1.5232 4.4724 0.2745 1.5351 4.5269 0.2308 1.5338 4.5272 0.3195 1.5416 4.3781 0.3635 1.5723 4.4446 0.3354 1.7639 4.4523 0.3125 1.7627 4.4632 0.2765 1.7718 4.4683 0.2968 1.6988 4.5176 0.2786 1.6862 4.4577 0.3536 1.806 4.5088 0.3374 1.8096 4.484 0.3681 1.8062 4.4671 0.278 1.7813 4.4845 0.3028 1.8031 4.6114 0.3479 1.7725 4.5189 0.3667 1.8042 4.6069 0.333 1.7812 4.6652 0.2985 1.7603 4.4507 0.336 1.7437 4.4606 0.3683 1.7404 4.4581 0.3692 1.7187 4.4407 0.3374 1.7156 4.484 0.384 1.7394 4.4816 0.3916 1.7161 4.5492 0.2256 1.5312 4.5196 0.2285 1.5678 4.5971 0.2282 1.5262 4.543 0.2229 1.5652 4.5442 0.2169 1.5434 4.5971 0.2284 1.5592 4.5588 0.4302 1.6285 4.5338 0.4335 1.6343 4.571 0.4679 1.571 4.5291 0.4789 1.5899 4.5308 0.456 1.6065 4.5661 0.4529 1.5929 4.619 0.2482 1.714 4.6651 0.2628 1.7348 4.6421 0.2328 1.7377 4.4565 0.3115 1.743 4.4471 0.3808 1.6803 4.42 0.341 1.6799 4.6286 0.326 1.6311 4.614 0.3632 1.6415 4.5995 0.4396 1.5447 4.6058 0.359 1.7539 4.5948 0.2364 1.5894 4.5499 0.2275 1.596 4.4937 0.4557 1.6121 4.5009 0.4325 1.6375 4.4649 0.4237 1.6454 4.6284 0.4121 1.5491 4.6313 0.337 1.5186 4.6041 0.4429 1.5585 4.5983 0.4296 1.5797 4.4096 0.3259 1.5501 4.5234 0.2215 1.5456 4.5243 0.2805 1.9216 4.526 0.2608 1.9164 4.5165 0.2413 1.9402 4.5139 0.2599 1.9734 4.5413 0.2319 1.9763 4.5225 0.2674 1.978 4.5192 0.2851 1.9096 4.5229 0.2855 1.9228 4.6533 0.2577 1.931 4.6707 0.2782 1.9056 4.6505 0.2687 1.9431 4.5408 0.221 1.9673 4.5759 0.2294 1.9642 4.5728 0.2411 1.9712 4.5372 0.2261 1.9716 4.4422 0.3205 1.8786 4.4857 0.3763 1.8821 4.4224 0.3238 1.8649 4.4716 0.3862 1.8626 4.6413 0.2422 1.7711 4.6611 0.2588 1.7692 4.6528 0.2249 1.7785 4.6758 0.2469 1.7787 4.4805 0.2321 1.7767 4.5342 0.2308 1.7639 4.4813 0.2214 1.7852 4.5369 0.2134 1.7702 4.4421 0.2444 1.8098 4.4397 0.2513 1.804 4.4482 0.3803 1.8439 4.4458 0.3669 1.8285 4.4152 0.3205 1.8427 4.4155 0.3232 1.8545 4.6217 0.2558 1.7757 4.6309 0.2683 1.7768 4.6517 0.3183 1.7667 4.6328 0.2916 1.7788 4.6128 0.3166 1.7816 4.4093 0.3019 1.8412 4.4788 0.3197 1.8226 4.4699 0.2968 1.8268 4.4656 0.2801 1.8189 4.4786 0.2655 1.8026 4.4994 0.3378 1.8142 4.4966 0.3175 1.8189 4.6041 0.2986 1.7896 4.5073 0.2676 1.9442 4.5105 0.2489 1.9565 4.5057 0.2901 1.9508 4.4378 0.2993 1.8748 4.495 0.3148 1.8983 4.4922 0.2918 1.8906 4.6628 0.3105 1.9133 4.6501 0.291 1.9512 4.5137 0.2478 1.9512 4.5535 0.2028 1.9197 4.5952 0.2022 1.9128 4.5844 0.2516 1.7738 4.5986 0.2292 1.7659 4.5469 0.248 1.774 4.5489 0.2834 1.9766 4.5695 0.2885 1.9733 4.559 0.3311 1.9434 4.5214 0.3095 1.9147 4.5297 0.3066 1.9262 4.5627 0.3278 1.9187 4.5579 0.3372 1.9092 4.6155 0.3341 1.9113 4.614 0.3401 1.8979 4.5279 0.254 1.9141 4.5299 0.2413 1.8901 4.5366 0.2362 1.9027 4.5245 0.2637 1.9015 4.6253 0.2394 1.8939 4.5971 0.2204 1.8885 4.5961 0.2258 1.8711 4.6244 0.2431 1.8677 4.6309 0.2194 1.9126 4.5113 0.2632 1.9409 4.521 0.2341 1.9352 4.5345 0.2195 1.929 4.6276 0.3368 1.9302 4.6214 0.2995 1.9634 4.5249 0.373 1.7956 4.5913 0.3652 1.7748 4.5383 0.3482 1.7965 4.5817 0.3429 1.7873 4.6735 0.2818 1.7687 4.4037 0.2826 1.8388 4.5888 0.2659 1.7845 4.4164 0.3019 1.863 4.4035 0.2803 1.8471 4.4163 0.2794 1.8554 4.4074 0.3008 1.851 4.4379 0.2775 1.8658 4.4645 0.2397 1.8335 4.5048 0.2459 1.8657 4.4938 0.2729 1.8812 4.4495 0.2387 1.8188 4.492 0.221 1.7955 4.6119 0.3516 1.8771 4.6484 0.3157 1.8813 4.6566 0.3251 1.858 4.6355 0.2332 1.8399 4.6013 0.2113 1.8091 4.6501 0.2228 1.8143 4.5975 0.2225 1.8426 4.6749 0.3275 1.8365 4.6189 0.3771 1.8544 4.5556 0.3548 1.8909 4.5528 0.2258 1.8432 4.5032 0.2228 1.8131 4.5448 0.2124 1.8024 4.5262 0.3495 1.8972 4.5956 0.2795 1.7899 4.6624 0.2468 1.9059 4.6428 0.2607 1.8926 4.6622 0.287 1.8539 4.6524 0.256 1.8478 4.6868 0.2722 1.8235 4.6724 0.2452 1.8182 4.5505 0.26 1.7822 4.5609 0.2234 1.8745 4.6124 0.2553 1.9616 4.5749 0.3263 1.7943 4.5547 0.2737 1.7923 4.5591 0.288 1.803 4.5349 0.3318 1.8029 4.4861 0.2797 1.8129 4.5104 0.2631 1.7931 4.5026 0.2523 1.7874 4.5314 0.3126 1.8114 4.6933 0.2745 1.8008 4.6755 0.3346 1.8126 4.5517 0.3884 1.8683 4.545 0.3961 1.8465 4.6093 0.2405 1.9552 4.5248 0.3007 1.9265 4.4828 0.4757 1.5985 4.5922 0.4106 1.6185 4.3687 0.3541 1.5847 4.368 0.3838 1.592 4.4437 0.4583 1.5809 4.6266 0.2865 1.513 4.382 0.3449 1.6067 4.3977 0.3485 1.6456 4.3802 0.3665 1.6129 4.399 0.3295 1.6388 4.4293 0.3994 1.6451 4.6239 0.2856 1.542 4.618 0.2831 1.5841 4.5263 0.2328 1.5992 4.5627 0.2391 1.635 4.5493 0.2512 1.6721 4.5361 0.2448 1.6427 4.5734 0.2465 1.6671 4.5183 0.3792 1.7854 4.4751 0.4065 1.6788 4.5416 0.2442 1.7596 4.5912 0.2992 1.7896 4.5657 0.2659 1.7818 4.4227 0.3213 1.6751 4.4449 0.3144 1.7091 4.6298 0.3137 1.6689 4.6365 0.3209 1.7148 4.6227 0.336 1.695 4.6179 0.282 1.6314 4.595 0.2446 1.6341 4.5062 0.2705 1.6506 4.4506 0.2951 1.662 4.5125 0.3016 1.9543 4.5404 0.211 1.7833 4.6022 0.211 1.7883 4.6538 0.2221 1.7939 4.6771 0.2443 1.7968 4.6162 0.3842 1.8311 4.5293 0.3889 1.8083 4.6014 0.3786 1.7847 4.6918 0.2767 1.78 4.5247 0.2929 1.8126 4.4917 0.2955 1.8212 4.5199 0.2781 1.8026 4.5667 0.3075 1.8028 4.5631 0.2188 1.8907 4.6426 0.2621 1.8709 4.6534 0.2875 1.8755 4.6479 0.3131 1.899 4.6527 0.2869 1.8928 4.6707 0.3288 1.7762 4.5981 0.2142 1.773'/>
          </IndexedFaceSet>
        </Shape>
        <Shape DEF='lfpprox'>
          <Appearance>
            <Material ambientIntensity='0.965' diffuseColor='1 0.9765 0.8667' emissiveColor='0 0 0' shininess='0.05' specularColor='0.349 0.349 0.349'/>
          </Appearance>
          <IndexedFaceSet DEF='lfpprox_Geo' coordIndex='0 1 2 -1 0 3 4 -1 0 5 3 -1 6 7 8 -1 9 10 2 -1 11 7 12 -1 11 10 7 -1 6 13 7 -1 14 15 16 -1 17 18 19 -1 19 20 17 -1 19 21 22 -1 23 24 25 -1 24 18 25 -1 26 15 14 -1 27 28 29 -1 30 31 32 -1 30 33 31 -1 34 35 36 -1 34 37 35 -1 29 28 35 -1 38 39 40 -1 41 42 43 -1 44 45 46 -1 47 48 49 -1 50 42 51 -1 12 52 11 -1 52 53 11 -1 0 2 5 -1 13 54 55 -1 13 56 54 -1 57 58 59 -1 58 60 59 -1 59 61 62 -1 59 60 61 -1 63 64 65 -1 65 66 63 -1 67 68 69 -1 70 50 71 -1 72 67 69 -1 50 68 42 -1 12 73 52 -1 73 55 74 -1 75 76 77 -1 76 78 77 -1 79 80 81 -1 79 82 80 -1 83 71 84 -1 41 43 85 -1 86 87 88 -1 74 52 73 -1 74 89 52 -1 3 90 91 -1 4 75 92 -1 8 92 6 -1 66 93 63 -1 47 94 66 -1 94 95 66 -1 96 57 97 -1 57 59 97 -1 98 99 100 -1 100 101 98 -1 102 100 99 -1 102 103 100 -1 104 105 54 -1 54 45 104 -1 46 56 106 -1 107 65 64 -1 108 48 109 -1 70 71 110 -1 58 111 112 -1 112 60 58 -1 113 114 115 -1 116 30 32 -1 117 32 34 -1 118 119 36 -1 120 121 122 -1 123 124 22 -1 22 21 123 -1 20 125 17 -1 125 126 17 -1 127 16 15 -1 39 38 128 -1 23 14 129 -1 129 130 131 -1 129 132 130 -1 133 130 132 -1 132 134 133 -1 135 136 137 -1 138 139 140 -1 139 67 140 -1 141 37 142 -1 141 35 37 -1 143 144 141 -1 27 29 145 -1 146 147 148 -1 149 150 147 -1 150 148 147 -1 61 151 152 -1 152 153 61 -1 154 155 156 -1 157 153 158 -1 153 152 158 -1 159 160 72 -1 160 161 72 -1 162 141 144 -1 143 141 142 -1 137 163 135 -1 136 31 33 -1 33 164 136 -1 132 14 16 -1 132 129 14 -1 165 166 167 -1 128 17 126 -1 21 24 168 -1 168 123 21 -1 124 27 22 -1 169 158 170 -1 156 155 167 -1 171 172 173 -1 173 174 171 -1 175 176 177 -1 121 120 118 -1 119 34 36 -1 119 117 34 -1 32 117 116 -1 30 174 178 -1 30 116 174 -1 173 179 180 -1 181 110 71 -1 49 182 183 -1 184 107 64 -1 64 185 184 -1 56 46 45 -1 41 85 186 -1 186 187 41 -1 66 188 93 -1 66 95 188 -1 77 94 75 -1 94 92 75 -1 9 2 1 -1 189 147 76 -1 147 190 76 -1 2 11 53 -1 191 192 91 -1 191 193 192 -1 194 71 50 -1 62 195 97 -1 81 80 112 -1 80 151 112 -1 195 196 83 -1 197 198 51 -1 197 199 198 -1 159 72 200 -1 200 196 159 -1 71 83 181 -1 61 196 62 -1 196 195 62 -1 193 191 43 -1 191 85 43 -1 115 64 63 -1 115 185 64 -1 66 65 48 -1 48 47 66 -1 6 106 13 -1 106 56 13 -1 89 85 191 -1 89 186 85 -1 201 5 2 -1 202 195 83 -1 103 203 100 -1 103 184 203 -1 48 65 109 -1 65 107 109 -1 44 46 183 -1 51 41 197 -1 51 42 41 -1 71 194 84 -1 45 54 56 -1 97 59 62 -1 164 137 136 -1 118 36 28 -1 36 35 28 -1 118 27 121 -1 118 28 27 -1 118 120 204 -1 155 154 127 -1 38 165 26 -1 19 22 20 -1 19 18 21 -1 18 24 21 -1 16 127 154 -1 12 7 73 -1 2 10 11 -1 8 7 9 -1 7 10 9 -1 4 3 75 -1 90 52 91 -1 2 53 201 -1 90 53 52 -1 201 53 90 -1 205 206 134 -1 205 207 206 -1 167 208 156 -1 167 166 208 -1 26 23 25 -1 26 14 23 -1 155 15 26 -1 127 15 155 -1 168 23 209 -1 23 168 24 -1 204 210 211 -1 204 120 210 -1 130 212 131 -1 212 130 213 -1 178 214 215 -1 180 214 178 -1 123 122 124 -1 122 123 216 -1 180 133 214 -1 133 180 179 -1 122 27 124 -1 27 122 121 -1 207 217 206 -1 207 218 217 -1 219 220 221 -1 220 219 222 -1 223 224 225 -1 224 223 226 -1 227 141 162 -1 227 228 141 -1 229 108 102 -1 229 182 108 -1 99 230 231 -1 98 230 99 -1 194 232 84 -1 198 232 194 -1 233 41 187 -1 197 41 233 -1 45 234 104 -1 234 45 44 -1 183 106 49 -1 183 46 106 -1 103 107 184 -1 109 107 103 -1 101 203 96 -1 100 203 101 -1 195 235 97 -1 235 195 202 -1 1 4 92 -1 4 1 0 -1 83 232 202 -1 83 84 232 -1 43 68 193 -1 42 68 43 -1 89 105 186 -1 74 105 89 -1 47 106 6 -1 47 49 106 -1 185 114 236 -1 185 115 114 -1 200 83 196 -1 181 83 200 -1 202 237 235 -1 232 237 202 -1 72 181 200 -1 72 110 181 -1 112 61 60 -1 112 151 61 -1 149 189 192 -1 147 189 149 -1 78 238 82 -1 78 239 238 -1 88 82 238 -1 82 88 80 -1 79 94 77 -1 94 79 95 -1 188 112 111 -1 188 81 112 -1 113 188 111 -1 188 113 93 -1 230 197 233 -1 199 197 230 -1 104 186 105 -1 104 187 186 -1 183 229 44 -1 182 229 183 -1 68 139 193 -1 68 67 139 -1 174 180 178 -1 174 173 180 -1 216 175 210 -1 175 216 176 -1 240 177 212 -1 240 175 177 -1 213 173 172 -1 213 179 173 -1 117 241 116 -1 241 117 119 -1 171 240 172 -1 171 211 240 -1 116 171 174 -1 171 116 241 -1 239 208 238 -1 239 156 208 -1 158 88 87 -1 158 152 88 -1 224 170 222 -1 224 169 170 -1 125 22 242 -1 22 125 20 -1 222 243 220 -1 243 222 170 -1 244 208 166 -1 86 208 244 -1 220 244 40 -1 220 243 244 -1 126 39 128 -1 126 221 39 -1 245 163 137 -1 245 246 163 -1 144 246 247 -1 163 246 144 -1 136 143 142 -1 136 135 143 -1 140 248 247 -1 140 161 248 -1 29 141 228 -1 29 35 141 -1 249 161 160 -1 249 248 161 -1 153 160 159 -1 160 153 157 -1 249 157 250 -1 157 249 160 -1 227 250 226 -1 250 227 249 -1 29 223 145 -1 223 29 228 -1 217 33 215 -1 164 33 217 -1 251 218 207 -1 251 252 218 -1 134 214 133 -1 134 206 214 -1 253 251 254 -1 146 251 253 -1 253 239 190 -1 156 239 253 -1 138 149 139 -1 149 138 150 -1 61 159 196 -1 61 153 159 -1 148 245 252 -1 148 150 245 -1 146 190 147 -1 190 146 253 -1 254 207 205 -1 251 207 254 -1 206 215 214 -1 206 217 215 -1 146 252 251 -1 146 148 252 -1 252 137 218 -1 252 245 137 -1 242 27 145 -1 27 242 22 -1 145 225 242 -1 145 223 225 -1 226 169 224 -1 226 250 169 -1 250 158 169 -1 250 157 158 -1 249 162 248 -1 249 227 162 -1 72 140 67 -1 140 72 161 -1 136 37 31 -1 37 136 142 -1 143 163 144 -1 135 163 143 -1 138 247 246 -1 138 140 247 -1 150 246 245 -1 150 138 246 -1 129 209 23 -1 129 131 209 -1 166 40 244 -1 166 38 40 -1 165 38 166 -1 154 205 16 -1 154 254 205 -1 243 86 244 -1 243 87 86 -1 87 170 158 -1 87 243 170 -1 221 125 219 -1 221 126 125 -1 219 242 225 -1 242 219 125 -1 238 86 88 -1 238 208 86 -1 241 211 171 -1 211 241 204 -1 118 241 119 -1 204 241 118 -1 172 212 213 -1 172 240 212 -1 122 210 120 -1 210 122 216 -1 114 111 58 -1 114 113 111 -1 191 52 89 -1 91 52 191 -1 149 193 139 -1 193 149 192 -1 102 109 103 -1 108 109 102 -1 44 231 234 -1 44 229 231 -1 185 203 184 -1 203 185 236 -1 231 233 234 -1 231 230 233 -1 236 96 203 -1 236 57 96 -1 235 98 101 -1 98 235 237 -1 92 47 6 -1 47 92 94 -1 63 113 115 -1 113 63 93 -1 95 81 188 -1 81 95 79 -1 152 80 88 -1 152 151 80 -1 78 190 239 -1 76 190 78 -1 192 3 91 -1 189 3 192 -1 247 162 144 -1 247 248 162 -1 82 77 78 -1 77 82 79 -1 189 75 3 -1 189 76 75 -1 73 13 55 -1 7 13 73 -1 70 72 69 -1 110 72 70 -1 50 69 68 -1 69 50 70 -1 236 58 57 -1 236 114 58 -1 74 54 105 -1 55 54 74 -1 198 50 51 -1 198 194 50 -1 3 201 90 -1 3 5 201 -1 8 1 92 -1 8 9 1 -1 97 101 96 -1 101 97 235 -1 234 187 104 -1 233 187 234 -1 198 237 232 -1 198 199 237 -1 98 199 230 -1 98 237 199 -1 102 231 229 -1 99 231 102 -1 48 182 49 -1 108 182 48 -1 228 226 223 -1 226 228 227 -1 225 222 219 -1 222 225 224 -1 221 40 39 -1 40 221 220 -1 218 164 217 -1 218 137 164 -1 209 176 168 -1 209 177 176 -1 216 168 176 -1 216 123 168 -1 37 32 31 -1 32 37 34 -1 30 215 33 -1 178 215 30 -1 133 213 130 -1 213 133 179 -1 131 177 209 -1 177 131 212 -1 240 210 175 -1 211 210 240 -1 25 38 26 -1 128 38 25 -1 26 167 155 -1 26 165 167 -1 128 18 17 -1 128 25 18 -1 254 156 253 -1 156 254 154 -1 16 134 132 -1 16 205 134 -1' creaseAngle='1.571'>
            <Coordinate DEF='lfpprox_Coord' point='2.5107 0.3902 2.9326 2.4882 0.4122 2.9733 2.5784 0.3523 2.9657 2.5417 0.3453 2.8714 2.4885 0.3918 2.9187 2.5557 0.3499 2.8998 2.4602 0.4411 3.0476 2.5589 0.3216 3.0388 2.494 0.3926 3.0201 2.5159 0.3944 3.0064 2.5742 0.333 3.0148 2.5871 0.2764 2.9852 2.5765 0.2509 2.9901 2.564 0.3278 3.081 2.2088 0.6259 2.2344 2.2484 0.6273 2.2726 2.3279 0.6245 2.2675 1.9943 0.514 2.0486 1.9914 0.527 2.0404 1.9777 0.4442 1.9877 1.9683 0.4352 2.0071 1.9836 0.4443 1.978 1.9856 0.3276 1.964 2.0855 0.6049 2.112 2.0029 0.5272 2.0295 2.0749 0.6035 2.1284 2.207 0.6255 2.2758 2.0408 0.2847 1.9286 2.1791 0.2371 1.9666 2.1653 0.1931 1.9785 2.5963 0.3588 2.0312 2.5294 0.252 1.9963 2.5185 0.258 1.9919 2.6048 0.3539 2.0366 2.4313 0.2055 1.9861 2.2985 0.2037 1.9687 2.3 0.2139 1.9672 2.4334 0.1945 1.9911 2.1885 0.6005 2.2698 2.0856 0.5579 2.1972 2.1058 0.52 2.2475 2.4679 0.1578 2.8061 2.4445 0.1851 2.77 2.5091 0.2068 2.7738 2.4127 0.244 3.0739 2.501 0.2306 3.0694 2.4774 0.3436 3.0983 2.3347 0.4264 3.0113 2.322 0.4073 3.0381 2.3468 0.4148 3.0348 2.3706 0.2134 2.7902 2.3863 0.1816 2.8465 2.5748 0.2247 2.9262 2.5826 0.2642 2.9431 2.5838 0.2115 3.0593 2.5931 0.2184 3.0505 2.5542 0.3231 3.0873 2.0845 0.0962 2.8906 2.0701 0.11 2.8927 2.0969 0.1293 2.8439 2.0822 0.1457 2.8508 2.0963 0.1789 2.7986 2.1072 0.1592 2.8095 2.1274 0.2972 3.0903 2.1419 0.2886 3.1012 2.2154 0.3696 3.0706 2.2092 0.3751 3.0535 2.4293 0.2092 2.6375 2.4377 0.2006 2.7645 2.3881 0.2029 2.6881 2.3426 0.2153 2.7499 2.2973 0.2278 2.8118 2.2921 0.2178 2.6622 2.5872 0.2238 2.9978 2.5884 0.1473 2.956 2.4643 0.4117 2.9101 2.4543 0.402 2.8457 2.3452 0.4155 2.9094 2.3514 0.4194 2.8478 2.2241 0.3685 2.9041 2.1284 0.3117 2.8361 2.1131 0.3154 2.8972 2.2258 0.3713 2.8431 2.2344 0.1919 2.8095 2.2924 0.2116 2.845 2.5257 0.1713 2.813 2.1426 0.4007 2.4952 2.1192 0.3672 2.484 2.1406 0.3469 2.6667 2.5558 0.1548 2.8713 2.5564 0.2725 2.8843 2.5542 0.257 2.8663 2.4579 0.4202 2.974 2.1119 0.3058 3.058 2.3393 0.4116 2.971 2.2226 0.3658 2.9651 2.1595 0.098 2.9007 2.1663 0.1184 2.8503 2.3095 0.1824 2.9415 2.3115 0.1879 3.0061 2.2446 0.1612 3.0036 2.2408 0.1387 2.9203 2.3186 0.2539 3.075 2.2558 0.2149 3.0885 2.5027 0.1374 2.9689 2.5768 0.1367 2.9612 2.4531 0.4318 3.0606 2.1925 0.3207 3.097 2.3239 0.354 3.0705 2.258 0.3386 3.0958 2.2945 0.2228 2.737 2.0547 0.1919 2.9386 2.0653 0.2085 2.8809 2.0576 0.2052 3.0342 2.0686 0.1164 2.9977 2.0687 0.1831 3.0698 2.4181 0.3373 2.0722 2.4099 0.2646 2.021 2.1788 0.2537 1.9701 2.2824 0.2442 2.0067 2.1483 0.3251 2.0269 2.0528 0.2913 1.9298 2.0235 0.3438 1.94 1.9953 0.4445 1.9586 2.008 0.3416 1.9397 1.9494 0.4172 2.046 1.9996 0.5047 2.0896 2.3331 0.5967 2.3382 2.0833 0.584 2.1505 2.2107 0.6346 2.1571 2.2993 0.6494 2.1405 2.2092 0.6502 2.1118 2.3099 0.6475 2.1694 2.4361 0.6403 2.1607 2.435 0.6284 2.1938 2.5451 0.1953 2.1451 2.5391 0.2257 2.0748 2.595 0.3599 2.1872 2.4921 0.234 2.4482 2.4938 0.2261 2.6344 2.4192 0.1957 2.429 2.2936 0.1644 2.056 2.4433 0.1765 2.0635 2.4669 0.1527 2.1243 2.4525 0.1684 2.1679 2.0201 0.234 1.9854 2.4882 0.417 2.4989 2.5114 0.351 2.6898 2.5155 0.3779 2.4879 2.527 0.286 2.6702 2.5187 0.3066 2.4675 2.081 0.225 2.8233 2.0949 0.2391 2.6348 2.101 0.1952 2.6264 2.365 0.5664 2.3712 2.3244 0.5691 2.3883 2.3466 0.5009 2.5183 2.0938 0.2078 2.4381 2.0684 0.2577 2.4485 2.1692 0.1698 2.643 2.1547 0.191 2.4404 2.2948 0.1973 2.435 2.2949 0.1721 2.1439 2.5323 0.2097 2.1953 2.6002 0.3583 2.1072 2.2155 0.595 2.3056 2.2311 0.5417 2.3704 2.2951 0.5571 2.3828 2.0007 0.5296 2.0039 2.0176 0.2678 2.2521 2.026 0.2974 2.274 2.2683 0.4478 2.1141 2.2758 0.5485 2.1247 2.4284 0.5479 2.1462 2.4276 0.4642 2.1195 2.1155 0.5425 2.082 2.0119 0.5332 2.0036 2.0964 0.6153 2.0744 2.6038 0.4799 2.0591 2.4329 0.6334 2.1491 2.5607 0.5561 2.1044 2.2551 0.2015 2.7623 2.3472 0.3514 3.0711 2.401 0.3452 3.0786 2.1692 0.1834 3.0838 2.0833 0.1754 3.0767 2.5423 0.1422 2.8707 2.49 0.1412 2.8768 2.1051 0.3124 2.9584 2.5286 0.3418 2.8205 2.4566 0.4211 2.6968 2.5374 0.1956 2.826 2.5428 0.2714 2.7977 2.517 0.233 2.769 2.3149 0.2153 2.8424 2.1757 0.1501 2.8124 2.1769 0.1595 2.8015 2.3874 0.1742 2.8563 2.3228 0.1992 2.8904 2.3245 0.1955 2.9007 2.2132 0.1752 2.7128 2.5673 0.2946 2.907 2.239 0.1671 2.8645 2.1691 0.1113 2.9985 2.1914 0.3261 2.0435 2.4326 0.6025 2.266 2.5562 0.5361 2.1683 2.5444 0.5089 2.2322 2.2373 0.4718 2.5169 2.0921 0.6205 2.0817 2.1253 0.4353 2.0593 2.1967 0.4416 2.0867 2.2125 0.6437 2.1037 2.3022 0.6409 2.131 2.5687 0.5574 2.1124 2.6123 0.4788 2.0657 2.01 0.4464 1.9591 2.5987 0.4651 2.1361 2.584 0.4473 2.2154 1.9581 0.3688 2.1259 2.0485 0.4348 2.2253 2.0138 0.4727 2.162 1.9895 0.337 2.1966 2.0133 0.2021 2.0834 1.9872 0.265 2.1702 1.9571 0.2692 2.0992 2.0307 0.2073 2.159 2.1564 0.171 2.145 2.1557 0.161 2.0618 2.3442 0.2559 3.0732 2.3319 0.1843 2.9399 2.3358 0.1893 3.0043 2.3011 0.1968 2.8925 2.4031 0.1604 2.9091 2.4083 0.1576 2.9809 2.2401 0.1587 2.8791 2.083 0.1053 3.0014 2.3034 0.193 2.9038 2.2399 0.4105 2.6897 2.3559 0.4442 2.6969 2.1955 0.5455 2.1033 2.2682 0.3278 2.0728 1.9568 0.2995 2.0182 2.0844 0.3885 2.3106 2.1343 0.4609 2.3367 2.5476 0.3341 2.3227 2.5197 0.2226 2.294 2.4384 0.1765 2.2706 2.2966 0.1798 2.2319 2.1575 0.1811 2.2281 2.0484 0.2126 2.2345 2.5135 0.4615 2.3566 2.5415 0.4059 2.3471 2.4313 0.4791 2.5093 2.4254 0.5474 2.3704'/>
          </IndexedFaceSet>
        </Shape>
        <Shape DEF='lfpprox2'>
          <Appearance>
            <Material ambientIntensity='0.965' diffuseColor='1 0.9765 0.8667' emissiveColor='0 0 0' shininess='0.05' specularColor='0.349 0.349 0.349'/>
          </Appearance>
          <IndexedFaceSet DEF='lfpprox2_Geo' coordIndex='0 1 2 -1 3 4 5 -1 6 7 8 -1 9 10 11 -1 12 13 14 -1 15 16 17 -1 15 18 16 -1 19 20 21 -1 22 23 24 -1 23 25 26 -1 23 22 25 -1 27 23 28 -1 29 30 31 -1 32 33 34 -1 35 36 9 -1 37 0 2 -1 38 39 40 -1 41 42 43 -1 44 45 46 -1 47 48 46 -1 49 50 51 -1 52 50 53 -1 54 50 55 -1 56 57 51 -1 56 58 57 -1 3 59 60 -1 3 61 59 -1 4 62 5 -1 63 64 65 -1 63 66 64 -1 67 68 69 -1 67 70 68 -1 71 72 73 -1 73 74 71 -1 2 41 43 -1 75 76 77 -1 75 37 76 -1 78 79 80 -1 80 14 78 -1 81 82 24 -1 83 84 85 -1 85 86 83 -1 87 88 89 -1 87 12 88 -1 90 91 92 -1 91 93 92 -1 21 94 95 -1 94 96 95 -1 97 76 43 -1 97 78 76 -1 75 98 99 -1 98 100 99 -1 101 31 102 -1 103 39 38 -1 104 0 105 -1 104 106 0 -1 56 54 58 -1 54 107 58 -1 108 45 109 -1 66 45 64 -1 44 46 48 -1 110 45 111 -1 112 113 114 -1 113 115 114 -1 8 116 117 -1 69 118 67 -1 71 119 120 -1 72 11 121 -1 121 122 72 -1 11 10 121 -1 123 36 124 -1 125 126 127 -1 128 96 129 -1 128 130 96 -1 36 123 9 -1 21 20 15 -1 20 131 15 -1 74 119 71 -1 71 125 127 -1 132 74 133 -1 132 119 74 -1 67 133 74 -1 134 69 135 -1 83 8 84 -1 83 116 8 -1 136 137 68 -1 68 138 136 -1 138 139 136 -1 138 140 139 -1 141 142 73 -1 143 142 144 -1 142 141 144 -1 111 45 44 -1 46 66 47 -1 64 45 108 -1 109 45 110 -1 24 82 65 -1 65 22 24 -1 145 3 5 -1 145 146 3 -1 102 30 34 -1 38 40 1 -1 147 4 105 -1 147 62 4 -1 37 43 76 -1 37 2 43 -1 82 63 65 -1 82 148 63 -1 47 78 48 -1 47 79 78 -1 15 17 21 -1 17 94 21 -1 149 150 13 -1 151 98 152 -1 98 153 152 -1 133 67 118 -1 80 148 82 -1 82 81 80 -1 99 147 75 -1 147 37 75 -1 62 154 28 -1 155 97 43 -1 127 126 9 -1 9 11 127 -1 63 47 66 -1 51 50 56 -1 148 79 47 -1 47 63 148 -1 48 101 102 -1 102 44 48 -1 4 3 60 -1 56 50 54 -1 55 50 52 -1 53 50 49 -1 80 79 148 -1 106 49 156 -1 46 45 66 -1 102 31 30 -1 43 42 155 -1 97 48 78 -1 125 71 120 -1 117 116 157 -1 29 40 39 -1 32 103 158 -1 26 145 23 -1 26 146 145 -1 27 24 23 -1 145 28 23 -1 123 10 9 -1 159 93 152 -1 70 73 142 -1 97 101 48 -1 92 159 113 -1 92 93 159 -1 112 160 161 -1 112 162 160 -1 149 12 87 -1 149 13 12 -1 163 164 165 -1 166 164 163 -1 24 167 81 -1 167 24 27 -1 146 166 168 -1 166 146 26 -1 169 32 158 -1 32 169 163 -1 39 32 29 -1 39 103 32 -1 170 125 120 -1 86 125 170 -1 171 116 83 -1 171 157 116 -1 158 38 172 -1 38 158 103 -1 155 29 31 -1 42 29 155 -1 53 106 104 -1 53 49 106 -1 60 173 4 -1 60 174 173 -1 58 59 175 -1 59 58 107 -1 57 176 156 -1 177 176 57 -1 177 178 172 -1 178 177 175 -1 40 2 1 -1 40 41 2 -1 179 44 102 -1 111 44 179 -1 109 180 181 -1 109 110 180 -1 182 64 108 -1 64 182 65 -1 176 172 38 -1 177 172 176 -1 72 127 11 -1 72 71 127 -1 9 85 35 -1 126 85 9 -1 8 183 84 -1 8 7 183 -1 117 137 184 -1 117 135 137 -1 99 62 147 -1 154 62 99 -1 133 185 132 -1 133 118 185 -1 100 151 186 -1 100 98 151 -1 152 13 150 -1 152 153 13 -1 128 187 188 -1 129 187 128 -1 189 190 191 -1 192 190 189 -1 115 16 18 -1 115 193 16 -1 130 192 194 -1 130 190 192 -1 90 161 195 -1 92 161 90 -1 12 80 88 -1 80 12 14 -1 88 81 187 -1 81 88 80 -1 188 81 167 -1 188 187 81 -1 196 167 154 -1 196 188 167 -1 37 105 0 -1 37 147 105 -1 173 55 52 -1 55 173 174 -1 178 158 172 -1 169 158 178 -1 3 168 61 -1 146 168 3 -1 62 145 5 -1 28 145 62 -1 25 65 182 -1 22 65 25 -1 165 181 180 -1 164 181 165 -1 114 18 124 -1 18 114 115 -1 7 197 183 -1 7 162 197 -1 144 194 143 -1 194 144 95 -1 198 191 190 -1 198 186 191 -1 194 140 143 -1 194 192 140 -1 189 195 139 -1 189 90 195 -1 143 138 142 -1 143 140 138 -1 195 160 199 -1 195 161 160 -1 139 199 136 -1 139 195 199 -1 184 136 199 -1 137 136 184 -1 134 117 157 -1 134 135 117 -1 118 134 185 -1 134 118 69 -1 170 119 132 -1 170 120 119 -1 197 124 36 -1 124 197 114 -1 94 129 96 -1 94 89 129 -1 122 144 141 -1 122 19 144 -1 17 89 94 -1 17 87 89 -1 77 98 75 -1 77 153 98 -1 126 86 85 -1 126 125 86 -1 10 20 121 -1 131 20 10 -1 19 95 144 -1 19 21 95 -1 122 73 72 -1 122 141 73 -1 36 183 197 -1 36 35 183 -1 157 185 134 -1 185 157 171 -1 6 199 160 -1 184 199 6 -1 142 68 70 -1 142 138 68 -1 139 192 189 -1 140 192 139 -1 186 91 191 -1 151 91 186 -1 190 128 198 -1 190 130 128 -1 162 114 197 -1 162 112 114 -1 159 150 193 -1 159 152 150 -1 33 180 179 -1 165 180 33 -1 181 25 182 -1 164 25 181 -1 169 61 168 -1 169 178 61 -1 51 156 49 -1 156 51 57 -1 107 55 174 -1 54 55 107 -1 173 105 4 -1 173 104 105 -1 0 156 176 -1 156 0 106 -1 154 100 196 -1 154 99 100 -1 14 153 77 -1 14 13 153 -1 193 149 16 -1 149 193 150 -1 152 91 151 -1 152 93 91 -1 95 130 194 -1 95 96 130 -1 113 193 115 -1 113 159 193 -1 191 90 189 -1 191 91 90 -1 198 188 196 -1 128 188 198 -1 89 187 129 -1 89 88 187 -1 196 186 198 -1 196 100 186 -1 171 132 185 -1 132 171 170 -1 78 77 76 -1 77 78 14 -1 70 74 73 -1 74 70 67 -1 135 68 137 -1 135 69 68 -1 117 6 8 -1 117 184 6 -1 35 84 183 -1 35 85 84 -1 97 31 101 -1 97 155 31 -1 108 181 182 -1 108 109 181 -1 180 111 179 -1 180 110 111 -1 176 1 0 -1 176 38 1 -1 175 61 178 -1 61 175 59 -1 57 175 177 -1 175 57 58 -1 59 174 60 -1 59 107 174 -1 52 104 173 -1 52 53 104 -1 29 41 40 -1 29 42 41 -1 102 33 179 -1 33 102 34 -1 86 171 83 -1 86 170 171 -1 32 165 33 -1 163 165 32 -1 32 30 29 -1 32 34 30 -1 163 168 166 -1 163 169 168 -1 27 154 167 -1 27 28 154 -1 164 26 25 -1 26 164 166 -1 20 122 121 -1 122 20 19 -1 124 15 131 -1 15 124 18 -1 131 123 124 -1 131 10 123 -1 16 87 17 -1 16 149 87 -1 6 162 7 -1 160 162 6 -1 113 161 92 -1 112 161 113 -1' creaseAngle='1.571'>
            <Coordinate DEF='lfpprox2_Coord' point='3.2824 0.177 2.759 3.2667 0.1564 2.7779 3.2565 0.1714 2.7618 3.2962 0.2785 2.8945 3.2895 0.2787 2.7862 3.2824 0.304 2.7947 3.1267 0.343 1.9217 3.0918 0.3329 1.9417 3.1037 0.3541 1.9138 2.8576 0.4324 2.0237 2.8663 0.4135 2.1278 2.809 0.4983 2.0254 3.0873 0.3153 2.539 3.0966 0.3028 2.5354 3.0957 0.286 2.6128 2.9827 0.3797 2.2998 3.04 0.3343 2.3546 3.024 0.3589 2.3658 3.0035 0.3571 2.2736 2.9522 0.4725 2.2601 2.9339 0.4312 2.2454 2.9886 0.4424 2.3283 3.1228 0.3278 2.8114 3.1866 0.3331 2.8045 3.0997 0.3573 2.7044 3.1226 0.306 2.8798 3.1842 0.2949 2.8827 3.1736 0.3719 2.7071 3.2302 0.3456 2.7025 3.1716 0.1848 2.8317 3.1173 0.1637 2.8338 3.129 0.1819 2.8181 3.1759 0.1523 2.905 3.1108 0.1391 2.9177 3.1206 0.1439 2.8745 2.9146 0.3925 2.0054 2.9194 0.3875 2.0757 3.2486 0.2294 2.6791 3.2716 0.1089 2.8292 3.22 0.1469 2.8305 3.2172 0.1649 2.8165 3.2138 0.1777 2.7947 3.1736 0.1955 2.8042 3.1682 0.2144 2.7744 3.0452 0.1542 2.8346 3.0231 0.2466 2.8538 3.0438 0.2159 2.7739 3.0349 0.288 2.7507 3.068 0.2141 2.7609 3.3156 0.1891 2.8495 3.3234 0.2021 2.8604 3.3192 0.183 2.8644 3.3197 0.2149 2.8496 3.3184 0.2067 2.8436 3.3225 0.2113 2.8786 3.3206 0.2203 2.8637 3.3245 0.1952 2.8787 3.3128 0.149 2.8774 3.3187 0.1867 2.9026 3.3258 0.2275 2.9313 3.3139 0.2671 2.8828 3.3094 0.231 2.9457 3.2588 0.332 2.7001 3.0358 0.3148 2.7505 3.0391 0.3095 2.819 3.057 0.3227 2.8183 3.0282 0.2923 2.7654 3.122 0.6642 2.1292 3.2297 0.6215 2.0755 3.2171 0.6195 2.0657 3.1251 0.6664 2.1406 2.8255 0.5937 2.0217 2.8222 0.5902 2.0394 2.9765 0.6851 2.1259 2.9802 0.6812 2.1144 3.2247 0.2691 2.6029 3.1739 0.2461 2.6904 3.1676 0.2653 2.6065 3.1003 0.272 2.6899 3.0627 0.3116 2.6902 3.065 0.3459 2.6229 3.0806 0.3948 2.6372 3.0718 0.3518 2.7034 2.9823 0.4194 1.9743 2.9846 0.3922 1.9887 2.9153 0.4019 1.9949 2.9146 0.4558 1.9837 3.0553 0.3395 2.4555 3.0531 0.3654 2.5528 3.0441 0.3868 2.4738 3.1808 0.3692 2.2073 3.1843 0.3422 2.3241 3.1407 0.3381 2.2104 3.14 0.3242 2.3264 3.0204 0.4104 2.3983 3.047 0.5231 2.3455 3.0661 0.4946 2.4153 3.098 0.2023 2.7647 3.2114 0.2924 2.5217 3.2559 0.3073 2.6123 3.2336 0.3329 2.531 3.081 0.1903 2.7811 3.0612 0.1425 2.8359 3.2203 0.1271 2.8711 3.3085 0.2163 2.8038 3.3029 0.2279 2.7558 3.3009 0.1852 2.8056 3.3253 0.2182 2.9014 3.0365 0.2997 2.8724 3.0333 0.2668 2.917 3.0259 0.1912 2.9502 3.0275 0.1434 2.9162 3.1108 0.3352 2.1081 3.112 0.3346 2.2181 3.0229 0.3759 2.1661 3.0387 0.358 2.2462 3.1151 0.3899 1.9146 3.1613 0.4172 1.8873 3.1099 0.6261 2.0972 2.8905 0.5743 2.0198 2.8693 0.5207 1.9959 2.8637 0.4507 2.1572 2.8997 0.5151 2.18 2.8865 0.3927 2.0999 2.9636 0.3784 2.2031 2.864 0.499 1.9942 2.86 0.4439 2.0121 2.8122 0.5044 2.0098 3.1517 0.4824 2.4863 3.0794 0.4669 2.4925 3.1423 0.5303 2.408 2.9335 0.404 2.2266 2.9694 0.5446 2.0284 3.0629 0.6499 2.1053 3.1699 0.5237 1.9856 3.208 0.5171 1.9531 3.2356 0.4959 2.061 3.223 0.5088 1.9577 3.2103 0.6005 2.1397 3.218 0.4685 2.138 3.2049 0.5689 2.2219 3.0028 0.61 2.2057 3.1264 0.6438 2.193 3.1227 0.6056 2.271 3.0265 0.5594 2.2796 3.2333 0.3191 2.8005 3.2401 0.289 2.8899 3.2704 0.2721 2.6909 3.0547 0.3333 2.6948 3.0713 0.3159 2.4426 3.0847 0.3154 2.4401 3.1993 0.3176 2.4229 3.147 0.3013 2.4241 3.161 0.2846 2.5225 3.2395 0.3719 2.6266 3.1378 0.1932 2.7961 3.3044 0.1566 2.8423 3.1191 0.4192 1.92 3.2314 0.1233 2.9064 3.1216 0.3224 2.3297 3.13 0.3226 1.9898 3.138 0.3396 2.1089 3.1038 0.3184 1.9925 3.1778 0.1974 2.9384 3.1201 0.2683 2.9325 3.109 0.1897 2.9593 3.1799 0.261 2.9266 3.1658 0.4011 2.6344 3.2433 0.2471 2.9412 3.232 0.1838 2.9502 2.9269 0.4763 1.9858 2.9927 0.4412 1.9756 3.2928 0.1013 2.8998 3.3069 0.2448 2.8192 3.318 0.2405 2.8721 3.3152 0.1758 2.933 3.2899 0.1197 2.8324 3.3082 0.111 2.8912 3.2988 0.1729 2.9456 3.0411 0.133 2.9223 3.0435 0.1848 2.9638 3.0549 0.2732 2.9282 3.0549 0.3125 2.8743 2.9844 0.381 2.0001 3.1795 0.4056 1.8929 3.0475 0.5248 2.0244 3.2218 0.3654 2.4317 3.0809 0.4308 2.569 3.1598 0.4347 2.5645 3.2141 0.4376 2.223 3.1933 0.504 2.3783 3.2078 0.3979 2.3325 3.1996 0.5365 2.3001 3.0582 0.3351 2.3492 3.1318 0.5757 2.33 3.1809 0.3786 2.1106 3.2198 0.4117 2.5529 2.9932 0.3724 2.0468 3.2076 0.4579 2.4656 3.1926 0.386 1.9823'/>
          </IndexedFaceSet>
        </Shape>
        <Shape DEF='lfpprox3'>
          <Appearance>
            <Material ambientIntensity='0.965' diffuseColor='1 0.9765 0.8667' emissiveColor='0 0 0' shininess='0.05' specularColor='0.349 0.349 0.349'/>
          </Appearance>
          <IndexedFaceSet DEF='lfpprox3_Geo' coordIndex='0 1 2 -1 0 3 1 -1 4 5 6 -1 7 8 9 -1 10 11 12 -1 11 13 12 -1 14 15 16 -1 17 18 19 -1 20 21 22 -1 23 24 25 -1 26 27 28 -1 26 29 27 -1 30 31 32 -1 33 34 35 -1 36 37 38 -1 36 39 37 -1 23 40 34 -1 40 41 42 -1 43 44 19 -1 44 17 19 -1 45 46 38 -1 47 48 49 -1 49 50 47 -1 51 52 53 -1 53 54 51 -1 55 56 57 -1 58 59 60 -1 61 62 63 -1 58 64 65 -1 66 67 57 -1 68 69 70 -1 69 71 70 -1 72 73 74 -1 72 75 73 -1 76 77 78 -1 76 79 77 -1 80 81 82 -1 83 74 84 -1 85 86 83 -1 87 88 89 -1 90 91 92 -1 91 93 92 -1 54 94 95 -1 96 97 57 -1 24 98 99 -1 100 101 102 -1 103 104 105 -1 106 107 108 -1 109 110 111 -1 110 112 111 -1 113 110 114 -1 110 115 114 -1 116 110 113 -1 117 118 119 -1 120 121 22 -1 98 33 122 -1 123 124 125 -1 29 26 1 -1 1 3 29 -1 50 126 58 -1 60 127 58 -1 58 128 129 -1 57 130 131 -1 56 96 57 -1 132 131 130 -1 130 133 132 -1 134 14 135 -1 134 136 14 -1 49 137 135 -1 53 94 54 -1 52 51 138 -1 51 139 138 -1 140 92 93 -1 93 4 140 -1 141 142 92 -1 72 74 83 -1 5 143 144 -1 5 87 143 -1 145 146 147 -1 145 62 146 -1 148 48 149 -1 149 61 148 -1 84 150 151 -1 150 7 151 -1 84 151 85 -1 85 83 84 -1 57 97 66 -1 55 57 131 -1 152 128 58 -1 58 65 59 -1 127 47 58 -1 152 58 126 -1 15 153 3 -1 153 29 3 -1 79 154 77 -1 22 155 120 -1 22 21 155 -1 155 21 156 -1 21 157 156 -1 114 115 158 -1 115 89 158 -1 159 160 161 -1 162 88 160 -1 88 161 160 -1 161 88 163 -1 88 87 163 -1 143 89 115 -1 143 87 89 -1 164 165 166 -1 164 39 165 -1 28 167 26 -1 135 137 134 -1 109 115 110 -1 109 143 115 -1 129 64 58 -1 57 67 168 -1 142 90 92 -1 169 170 75 -1 61 171 148 -1 61 63 171 -1 92 170 141 -1 92 140 170 -1 63 69 68 -1 68 139 63 -1 172 173 12 -1 173 95 12 -1 174 79 175 -1 174 154 79 -1 176 86 177 -1 177 70 176 -1 178 179 180 -1 180 181 178 -1 69 145 181 -1 181 71 69 -1 182 111 166 -1 182 8 111 -1 127 48 47 -1 127 149 48 -1 86 85 67 -1 85 168 67 -1 168 85 183 -1 85 151 183 -1 58 47 50 -1 184 118 37 -1 118 117 37 -1 114 185 113 -1 25 107 23 -1 33 35 122 -1 186 31 187 -1 165 39 36 -1 107 25 108 -1 34 33 23 -1 12 188 172 -1 12 13 188 -1 132 11 10 -1 2 1 91 -1 189 91 1 -1 91 189 93 -1 144 150 190 -1 144 191 150 -1 182 132 133 -1 182 11 132 -1 172 192 136 -1 172 188 192 -1 98 156 99 -1 98 155 156 -1 124 193 125 -1 193 124 194 -1 102 82 81 -1 101 82 102 -1 31 45 117 -1 31 186 45 -1 43 195 44 -1 195 43 104 -1 196 105 197 -1 105 196 198 -1 199 35 34 -1 200 35 199 -1 81 201 102 -1 81 202 201 -1 117 32 31 -1 117 119 32 -1 203 159 121 -1 203 160 159 -1 204 114 205 -1 114 204 185 -1 205 158 206 -1 114 158 205 -1 156 123 125 -1 157 123 156 -1 100 106 108 -1 100 207 106 -1 208 209 187 -1 210 209 208 -1 154 46 202 -1 154 174 46 -1 211 208 30 -1 211 212 208 -1 105 213 103 -1 213 105 198 -1 106 41 107 -1 210 41 106 -1 25 99 193 -1 99 25 24 -1 104 211 195 -1 103 211 104 -1 18 113 185 -1 113 18 116 -1 17 184 214 -1 17 118 184 -1 132 94 131 -1 132 10 94 -1 215 96 138 -1 96 215 97 -1 67 177 86 -1 66 177 67 -1 53 131 94 -1 53 55 131 -1 135 16 126 -1 14 16 135 -1 90 129 128 -1 90 142 129 -1 147 65 178 -1 65 147 59 -1 127 146 149 -1 60 146 127 -1 64 142 179 -1 142 64 129 -1 130 9 133 -1 130 183 9 -1 166 112 164 -1 166 111 112 -1 71 176 70 -1 71 169 176 -1 188 175 79 -1 175 188 13 -1 216 95 173 -1 95 216 54 -1 51 63 139 -1 51 171 63 -1 180 170 169 -1 141 170 180 -1 69 62 145 -1 69 63 62 -1 148 216 137 -1 148 171 216 -1 172 134 173 -1 134 172 136 -1 140 6 73 -1 4 6 140 -1 73 170 140 -1 73 75 170 -1 179 141 180 -1 179 142 141 -1 158 88 162 -1 158 89 88 -1 109 144 143 -1 191 144 109 -1 26 161 163 -1 167 161 26 -1 217 187 209 -1 217 186 187 -1 42 198 218 -1 42 213 198 -1 184 39 164 -1 184 37 39 -1 20 28 21 -1 20 167 28 -1 159 167 20 -1 159 161 167 -1 196 206 219 -1 205 206 196 -1 200 121 120 -1 203 121 200 -1 21 27 157 -1 21 28 27 -1 175 36 174 -1 36 175 165 -1 80 124 123 -1 80 82 124 -1 174 38 46 -1 38 174 36 -1 152 2 128 -1 152 0 2 -1 183 57 168 -1 183 130 57 -1 8 109 111 -1 191 109 8 -1 15 76 153 -1 15 192 76 -1 87 189 163 -1 87 5 189 -1 181 147 178 -1 181 145 147 -1 68 177 215 -1 70 177 68 -1 190 73 6 -1 73 190 74 -1 62 149 146 -1 62 61 149 -1 10 95 94 -1 12 95 10 -1 13 165 175 -1 13 11 165 -1 11 166 165 -1 11 182 166 -1 0 126 16 -1 126 0 152 -1 77 202 81 -1 202 77 154 -1 153 27 29 -1 220 27 153 -1 78 153 76 -1 78 220 153 -1 19 197 43 -1 19 204 197 -1 116 112 110 -1 214 112 116 -1 197 205 196 -1 205 197 204 -1 33 24 23 -1 33 98 24 -1 212 210 208 -1 212 41 210 -1 30 195 211 -1 32 195 30 -1 207 102 201 -1 207 100 102 -1 25 194 108 -1 194 25 193 -1 138 68 215 -1 68 138 139 -1 163 1 26 -1 163 189 1 -1 74 150 84 -1 74 190 150 -1 221 219 206 -1 221 199 219 -1 176 83 86 -1 83 176 72 -1 220 80 123 -1 220 78 80 -1 78 81 80 -1 78 77 81 -1 192 79 76 -1 192 188 79 -1 137 173 134 -1 137 216 173 -1 169 181 180 -1 169 71 181 -1 169 72 176 -1 169 75 72 -1 54 171 51 -1 54 216 171 -1 44 118 17 -1 118 44 119 -1 214 164 112 -1 164 214 184 -1 146 59 147 -1 59 146 60 -1 178 64 179 -1 64 178 65 -1 50 135 126 -1 49 135 50 -1 128 91 90 -1 2 91 128 -1 66 215 177 -1 97 215 66 -1 138 56 52 -1 56 138 96 -1 7 183 151 -1 7 9 183 -1 55 52 56 -1 53 52 55 -1 137 48 148 -1 49 48 137 -1 214 18 17 -1 116 18 214 -1 40 218 34 -1 40 42 218 -1 213 41 212 -1 42 41 213 -1 107 40 23 -1 107 41 40 -1 209 201 217 -1 201 209 207 -1 103 212 211 -1 212 103 213 -1 38 117 45 -1 38 37 117 -1 203 199 221 -1 200 199 203 -1 187 30 208 -1 187 31 30 -1 207 210 106 -1 207 209 210 -1 101 108 194 -1 101 100 108 -1 220 157 27 -1 220 123 157 -1 221 160 203 -1 221 162 160 -1 18 204 19 -1 18 185 204 -1 162 206 158 -1 162 221 206 -1 20 121 159 -1 121 20 22 -1 218 199 34 -1 218 219 199 -1 186 46 45 -1 46 186 217 -1 155 122 120 -1 98 122 155 -1 198 219 218 -1 198 196 219 -1 105 43 197 -1 104 43 105 -1 195 119 44 -1 32 119 195 -1 217 202 46 -1 201 202 217 -1 82 194 124 -1 194 82 101 -1 125 99 156 -1 99 125 193 -1 120 35 200 -1 120 122 35 -1 136 15 14 -1 136 192 15 -1 133 8 182 -1 9 8 133 -1 7 191 8 -1 150 191 7 -1 144 6 5 -1 6 144 190 -1 5 93 189 -1 93 5 4 -1 3 16 15 -1 16 3 0 -1' creaseAngle='1.571'>
            <Coordinate DEF='lfpprox3_Coord' point='3.599 0.2907 2.4542 3.6008 0.2924 2.3653 3.5996 0.2635 2.437 3.6054 0.3162 2.3798 3.66 0.2447 2.4173 3.6625 0.2716 2.3421 3.6739 0.2423 2.4126 3.7646 0.2427 2.3672 3.7556 0.278 2.3062 3.7659 0.2519 2.3715 3.7547 0.3274 2.4375 3.742 0.3428 2.3473 3.7248 0.3353 2.4484 3.7133 0.3574 2.3635 3.6152 0.3268 2.4629 3.617 0.3535 2.3816 3.6103 0.3229 2.4606 3.7271 0.406 1.7379 3.6769 0.314 1.7389 3.6763 0.3229 1.7187 3.3692 0.3464 1.8404 3.3481 0.4181 1.8487 3.3549 0.3514 1.8093 3.4396 0.4591 1.7713 3.3749 0.4928 1.7849 3.4188 0.5272 1.8103 3.5561 0.3257 2.1548 3.4669 0.4444 1.9851 3.4583 0.3897 1.9771 3.5476 0.3789 2.1542 3.6898 0.4922 1.7519 3.7126 0.548 1.7946 3.7228 0.4888 1.7203 3.3875 0.4127 1.7412 3.4678 0.3939 1.7208 3.4 0.3778 1.7188 3.7136 0.5213 1.9703 3.7362 0.5251 1.8766 3.7078 0.5749 1.8886 3.7452 0.4905 1.9654 3.5068 0.4277 1.7529 3.5432 0.4603 1.7824 3.5225 0.4223 1.745 3.6751 0.3706 1.6569 3.7217 0.4199 1.6725 3.7001 0.5976 1.8675 3.6488 0.6239 1.9058 3.6123 0.293 2.6364 3.6202 0.3019 2.6399 3.6178 0.3049 2.5953 3.6082 0.2964 2.596 3.7894 0.2945 2.619 3.8444 0.2752 2.5947 3.8163 0.302 2.5604 3.7628 0.3092 2.5812 3.8226 0.2947 2.5494 3.8503 0.2684 2.5826 3.8053 0.2418 2.5035 3.6024 0.2298 2.6099 3.6179 0.1902 2.679 3.6218 0.2267 2.6923 3.6872 0.2645 2.6724 3.6891 0.2414 2.6836 3.7382 0.2534 2.6547 3.6015 0.1541 2.5881 3.6076 0.1586 2.64 3.8552 0.1492 2.5708 3.8356 0.1487 2.5248 3.8031 0.1952 2.647 3.7353 0.205 2.654 3.7813 0.1531 2.6051 3.7224 0.1833 2.6222 3.7352 0.1545 2.5025 3.6915 0.2129 2.4831 3.7251 0.1848 2.459 3.7042 0.1867 2.5341 3.6023 0.4545 2.1531 3.5798 0.5691 1.9897 3.5243 0.5321 1.9962 3.6513 0.4728 2.1491 3.4607 0.6006 1.9034 3.5411 0.6327 1.9089 3.456 0.6304 1.8738 3.7815 0.1641 2.4754 3.7632 0.1983 2.4342 3.7952 0.1768 2.4614 3.8276 0.1392 2.5259 3.6333 0.3018 2.1292 3.54 0.3235 1.9353 3.576 0.3201 1.927 3.6088 0.2227 2.5008 3.6032 0.2576 2.433 3.6289 0.2135 2.4933 3.6208 0.2453 2.4249 3.7803 0.312 2.5277 3.748 0.3185 2.5339 3.8671 0.2388 2.6042 3.8764 0.1969 2.6096 3.343 0.4264 1.7517 3.3486 0.522 1.7955 3.5068 0.6099 1.8747 3.4602 0.6267 1.862 3.5367 0.6286 1.8925 3.625 0.3875 1.6811 3.6633 0.3823 1.6551 3.604 0.3555 1.6661 3.5183 0.5373 1.8404 3.4797 0.4877 1.805 3.4622 0.5685 1.8425 3.7155 0.2982 2.1085 3.6731 0.2913 1.9131 3.7454 0.3294 2.1096 3.7182 0.3578 1.9306 3.6366 0.2839 1.8028 3.5884 0.2924 1.7967 3.6293 0.2925 1.9158 3.6752 0.3039 1.8163 3.7311 0.541 1.7975 3.7431 0.4802 1.7624 3.7377 0.4832 1.7239 3.3545 0.3617 1.7319 3.3892 0.3121 1.793 3.3613 0.379 1.7254 3.3972 0.5474 1.894 3.4026 0.604 1.8501 3.3657 0.57 1.8294 3.608 0.2891 2.5478 3.6203 0.2593 2.6786 3.6024 0.2346 2.5088 3.5994 0.1758 2.5519 3.7866 0.2574 2.4645 3.7931 0.2967 2.5085 3.7622 0.3197 2.4279 3.769 0.2846 2.3951 3.6581 0.3179 2.5522 3.6189 0.2977 2.5528 3.6516 0.3358 2.4638 3.6726 0.3147 2.5986 3.8635 0.2415 2.6166 3.7997 0.249 2.6396 3.6653 0.2177 2.4926 3.6392 0.1671 2.5344 3.6054 0.1693 2.5436 3.6832 0.2894 2.1139 3.709 0.247 2.3104 3.6832 0.1897 2.6785 3.6312 0.2266 2.6989 3.627 0.1866 2.685 3.6832 0.3071 2.6393 3.6292 0.2625 2.6837 3.7453 0.2277 2.3699 3.779 0.2074 2.4282 3.5972 0.2651 2.5285 3.554 0.4361 2.1571 3.6145 0.5746 1.985 3.3308 0.4252 1.767 3.3386 0.52 1.807 3.3702 0.4995 1.8767 3.54 0.3089 1.8093 3.4042 0.3037 1.8243 3.4377 0.2998 1.8114 3.4946 0.3079 1.9467 3.5028 0.3117 1.8136 3.5778 0.3061 2.1484 3.7445 0.4223 1.9476 3.7431 0.4111 2.1256 3.7567 0.3716 2.1166 3.4706 0.3368 1.9593 3.8038 0.1879 2.4671 3.7107 0.1725 2.589 3.6782 0.1896 2.5429 3.732 0.3041 2.6345 3.6921 0.3453 2.4644 3.7063 0.3186 2.5492 3.6645 0.5704 1.978 3.6918 0.4454 2.1387 3.7598 0.1293 2.552 3.8516 0.1434 2.5785 3.6154 0.1506 2.6429 3.6082 0.1446 2.5856 3.6543 0.1391 2.5853 3.6718 0.1533 2.6382 3.7588 0.3117 2.3258 3.782 0.2259 2.4368 3.7406 0.452 1.8551 3.6279 0.2833 1.7632 3.684 0.5995 1.8561 3.6708 0.5638 1.8269 3.6857 0.372 2.3797 3.6169 0.2772 2.3565 3.7129 0.2159 2.3847 3.7338 0.2525 2.3029 3.6517 0.3625 2.3822 3.3728 0.5683 1.8172 3.4101 0.6021 1.8391 3.7091 0.4272 1.6691 3.5561 0.3589 1.6961 3.6082 0.3341 1.6685 3.5582 0.377 1.693 3.4694 0.3758 1.7226 3.4073 0.3584 1.7218 3.5914 0.62 1.8963 3.5953 0.6242 1.9142 3.4266 0.3098 1.7814 3.6199 0.2978 1.7285 3.5783 0.3033 1.7662 3.5297 0.3183 1.779 3.5582 0.5869 1.8757 3.6335 0.5039 1.786 3.6113 0.5759 1.8594 3.5766 0.518 1.8209 3.6528 0.4282 1.7078 3.5973 0.4442 1.7451 3.5732 0.4049 1.713 3.7194 0.3827 1.8343 3.8724 0.1939 2.6205 3.7213 0.3151 2.5959 3.64 0.6216 1.8886 3.505 0.3891 1.7122 3.5042 0.3719 1.7136 3.4881 0.5001 2.0001 3.4928 0.3216 1.7838'/>
          </IndexedFaceSet>
        </Shape>
        <Shape DEF='lfpprox4'>
          <Appearance>
            <Material ambientIntensity='0.965' diffuseColor='1 0.9765 0.8667' emissiveColor='0 0 0' shininess='0.05' specularColor='0.349 0.349 0.349'/>
          </Appearance>
          <IndexedFaceSet DEF='lfpprox4_Geo' coordIndex='0 1 2 -1 3 4 5 -1 6 7 8 -1 5 9 10 -1 11 12 13 -1 11 14 12 -1 11 15 14 -1 16 17 18 -1 16 19 17 -1 19 16 20 -1 13 21 20 -1 14 22 12 -1 23 24 25 -1 26 27 28 -1 28 29 26 -1 30 31 32 -1 1 33 34 -1 1 0 33 -1 35 36 37 -1 37 38 35 -1 39 40 41 -1 41 42 39 -1 43 44 45 -1 43 45 46 -1 46 47 43 -1 48 49 47 -1 50 51 52 -1 53 54 50 -1 55 56 57 -1 58 59 60 -1 60 61 58 -1 30 32 62 -1 32 63 62 -1 64 65 66 -1 65 67 66 -1 68 65 69 -1 20 21 19 -1 70 39 42 -1 70 38 39 -1 71 72 73 -1 22 74 75 -1 22 76 74 -1 77 78 79 -1 79 74 77 -1 80 48 47 -1 80 81 48 -1 82 83 84 -1 83 85 84 -1 86 87 50 -1 88 50 89 -1 53 50 90 -1 91 50 92 -1 93 94 95 -1 95 96 93 -1 97 46 98 -1 99 100 101 -1 99 102 100 -1 103 104 105 -1 106 107 108 -1 109 110 111 -1 7 109 112 -1 7 6 109 -1 23 113 114 -1 113 115 114 -1 116 27 117 -1 118 119 120 -1 119 121 120 -1 9 5 122 -1 2 4 123 -1 113 23 124 -1 23 125 124 -1 25 15 126 -1 15 11 126 -1 36 77 127 -1 127 37 36 -1 34 35 128 -1 35 70 128 -1 35 38 70 -1 129 130 110 -1 129 131 130 -1 8 24 6 -1 106 132 107 -1 100 102 133 -1 104 134 135 -1 104 103 134 -1 136 93 137 -1 93 96 137 -1 51 50 54 -1 138 90 50 -1 89 50 87 -1 91 139 50 -1 140 43 85 -1 52 92 50 -1 120 121 141 -1 121 142 141 -1 143 144 145 -1 143 124 144 -1 20 146 11 -1 146 126 11 -1 3 147 31 -1 28 106 108 -1 18 33 0 -1 18 78 33 -1 11 13 20 -1 57 148 55 -1 145 149 143 -1 149 150 143 -1 151 152 153 -1 151 154 152 -1 55 155 156 -1 156 56 55 -1 121 110 142 -1 153 152 105 -1 152 157 105 -1 69 158 68 -1 98 159 97 -1 50 88 138 -1 49 43 47 -1 50 139 86 -1 85 83 140 -1 144 158 145 -1 39 160 40 -1 42 161 10 -1 42 41 161 -1 160 39 38 -1 38 37 160 -1 162 163 123 -1 110 130 111 -1 79 78 17 -1 22 75 12 -1 78 18 17 -1 21 75 79 -1 16 18 0 -1 12 75 21 -1 21 13 12 -1 74 79 75 -1 1 122 5 -1 111 112 109 -1 161 147 10 -1 164 4 3 -1 4 1 5 -1 2 1 4 -1 19 79 17 -1 21 79 19 -1 111 165 132 -1 111 130 165 -1 166 107 167 -1 166 108 107 -1 8 168 15 -1 117 168 8 -1 70 122 128 -1 122 70 9 -1 31 161 32 -1 147 161 31 -1 149 158 69 -1 145 158 149 -1 169 44 170 -1 169 45 44 -1 171 72 95 -1 172 72 171 -1 173 174 94 -1 174 173 175 -1 83 176 177 -1 82 176 83 -1 178 83 177 -1 83 178 140 -1 102 179 133 -1 179 102 180 -1 181 80 97 -1 181 81 80 -1 172 73 72 -1 73 172 182 -1 86 43 49 -1 86 139 43 -1 175 183 174 -1 184 183 175 -1 172 185 186 -1 172 171 185 -1 187 88 188 -1 138 88 187 -1 84 52 184 -1 84 92 52 -1 139 85 43 -1 91 85 139 -1 188 89 189 -1 89 188 88 -1 53 190 186 -1 90 190 53 -1 87 49 48 -1 49 87 86 -1 164 31 30 -1 164 3 31 -1 157 99 101 -1 157 152 99 -1 103 157 191 -1 105 157 103 -1 61 192 58 -1 193 192 61 -1 194 110 109 -1 142 110 194 -1 195 154 196 -1 197 154 195 -1 59 137 198 -1 59 58 137 -1 192 199 136 -1 192 155 199 -1 151 196 154 -1 200 196 151 -1 119 201 129 -1 202 201 119 -1 109 114 194 -1 109 6 114 -1 203 148 204 -1 203 55 148 -1 205 149 206 -1 205 150 149 -1 67 103 191 -1 103 67 134 -1 148 143 150 -1 143 148 57 -1 24 114 6 -1 114 24 23 -1 125 146 207 -1 125 126 146 -1 163 208 209 -1 208 163 162 -1 210 161 41 -1 161 210 211 -1 7 106 116 -1 112 106 7 -1 22 15 168 -1 15 22 14 -1 128 1 34 -1 1 128 122 -1 131 212 213 -1 214 212 131 -1 112 132 106 -1 111 132 112 -1 160 127 215 -1 37 127 160 -1 29 216 217 -1 29 166 216 -1 218 60 200 -1 118 60 218 -1 214 129 201 -1 131 129 214 -1 219 216 220 -1 216 219 221 -1 124 207 144 -1 124 125 207 -1 206 222 205 -1 222 206 170 -1 98 45 169 -1 45 98 46 -1 158 223 68 -1 223 158 144 -1 219 215 221 -1 224 215 219 -1 201 211 214 -1 63 211 201 -1 225 200 151 -1 225 218 200 -1 224 160 215 -1 224 40 160 -1 26 217 76 -1 26 29 217 -1 118 61 60 -1 118 120 61 -1 82 184 175 -1 84 184 82 -1 156 115 56 -1 156 226 115 -1 68 135 134 -1 68 223 135 -1 180 189 179 -1 180 188 189 -1 186 182 172 -1 182 186 190 -1 95 71 96 -1 95 72 71 -1 120 193 61 -1 141 193 120 -1 156 141 226 -1 156 193 141 -1 227 173 228 -1 227 176 173 -1 227 204 229 -1 204 227 203 -1 177 222 178 -1 177 229 222 -1 57 124 143 -1 113 124 57 -1 159 230 231 -1 230 159 66 -1 100 181 231 -1 181 100 133 -1 224 41 40 -1 224 210 41 -1 211 32 161 -1 211 63 32 -1 135 164 104 -1 162 164 135 -1 33 77 36 -1 77 33 78 -1 76 168 26 -1 76 22 168 -1 0 209 16 -1 209 0 163 -1 162 223 208 -1 223 162 135 -1 30 225 232 -1 225 30 62 -1 165 220 167 -1 165 213 220 -1 141 194 226 -1 194 141 142 -1 114 226 194 -1 114 115 226 -1 28 116 106 -1 28 27 116 -1 231 97 159 -1 97 231 181 -1 230 100 231 -1 230 101 100 -1 104 153 105 -1 104 232 153 -1 66 98 64 -1 66 159 98 -1 229 205 222 -1 229 204 205 -1 56 113 57 -1 56 115 113 -1 176 229 177 -1 176 227 229 -1 136 228 93 -1 199 228 136 -1 232 151 153 -1 225 151 232 -1 233 99 197 -1 233 102 99 -1 96 198 137 -1 96 71 198 -1 174 185 171 -1 174 183 185 -1 190 234 182 -1 234 190 187 -1 179 48 81 -1 179 189 48 -1 164 232 104 -1 164 30 232 -1 228 203 227 -1 199 203 228 -1 216 167 220 -1 216 166 167 -1 73 197 195 -1 233 197 73 -1 62 218 225 -1 62 202 218 -1 210 219 212 -1 210 224 219 -1 74 127 77 -1 127 74 235 -1 144 208 223 -1 208 144 207 -1 169 64 98 -1 64 169 236 -1 170 178 222 -1 178 170 44 -1 76 235 74 -1 217 235 76 -1 220 212 219 -1 220 213 212 -1 118 202 119 -1 118 218 202 -1 195 71 73 -1 198 71 195 -1 217 221 235 -1 217 216 221 -1 235 215 127 -1 235 221 215 -1 130 213 165 -1 131 213 130 -1 42 9 70 -1 9 42 10 -1 7 117 8 -1 7 116 117 -1 214 210 212 -1 211 210 214 -1 162 4 164 -1 162 123 4 -1 207 209 208 -1 207 146 209 -1 23 126 125 -1 23 25 126 -1 65 134 67 -1 134 65 68 -1 66 191 230 -1 66 67 191 -1 236 65 64 -1 236 69 65 -1 204 150 205 -1 204 148 150 -1 199 55 203 -1 199 155 55 -1 129 121 119 -1 129 110 121 -1 63 202 62 -1 63 201 202 -1 200 59 196 -1 60 59 200 -1 58 136 137 -1 58 192 136 -1 196 198 195 -1 196 59 198 -1 197 152 154 -1 99 152 197 -1 193 155 192 -1 156 155 193 -1 191 101 230 -1 191 157 101 -1 183 54 185 -1 54 183 51 -1 90 187 190 -1 187 90 138 -1 189 87 48 -1 87 189 89 -1 85 92 84 -1 92 85 91 -1 187 180 234 -1 187 188 180 -1 54 186 185 -1 186 54 53 -1 173 93 228 -1 173 94 93 -1 184 51 183 -1 52 51 184 -1 234 102 233 -1 102 234 180 -1 140 44 43 -1 140 178 44 -1 182 233 73 -1 182 234 233 -1 133 81 181 -1 81 133 179 -1 80 46 97 -1 47 46 80 -1 176 175 173 -1 175 176 82 -1 174 95 94 -1 171 95 174 -1 206 69 236 -1 69 206 149 -1 236 170 206 -1 236 169 170 -1 36 34 33 -1 34 36 35 -1 2 163 0 -1 123 163 2 -1 25 8 15 -1 8 25 24 -1 117 26 168 -1 27 26 117 -1 28 166 29 -1 108 166 28 -1 167 132 165 -1 132 167 107 -1 16 146 20 -1 146 16 209 -1 3 10 147 -1 3 5 10 -1' creaseAngle='1.571'>
            <Coordinate DEF='lfpprox4_Coord' point='4.006 0.3241 1.904 4.0044 0.3431 1.9095 4.0054 0.3406 1.8895 4.0344 0.3911 1.8448 4.0211 0.3748 1.8452 4.0222 0.3818 1.8632 4.1881 0.2514 1.7863 4.2034 0.2319 1.8334 4.164 0.208 1.8447 4.0194 0.3816 1.9092 4.0571 0.4054 1.9084 4.1112 0.2276 1.8791 4.0995 0.2198 1.9281 4.0952 0.2342 1.9189 4.1202 0.2165 1.8861 4.1472 0.206 1.8535 4.0366 0.2786 1.9019 4.0469 0.2563 1.9443 4.026 0.2817 1.9137 4.0639 0.255 1.9277 4.0866 0.2584 1.8935 4.0883 0.2475 1.9435 4.1228 0.2036 1.9426 4.15 0.2504 1.7163 4.1603 0.2372 1.8017 4.1441 0.2355 1.808 4.2071 0.2027 1.9715 4.217 0.2033 1.9566 4.2354 0.2271 1.978 4.2235 0.2269 1.9889 4.0718 0.4472 1.7566 4.075 0.4194 1.8395 4.0911 0.4241 1.8368 3.9939 0.3127 1.9586 3.9917 0.3263 1.9587 4.0041 0.348 2.0049 4.0076 0.3386 2.0083 4.0321 0.3569 2.0188 4.0255 0.3638 2.0116 4.0463 0.3853 2.0077 4.0565 0.389 2.0055 4.0732 0.4093 1.9577 4.058 0.4015 1.959 3.8915 0.4127 1.2762 3.8939 0.3875 1.272 3.8657 0.4051 1.2809 3.795 0.4226 1.2811 3.8058 0.439 1.2785 3.811 0.5276 1.3325 3.8333 0.4476 1.2877 3.9877 0.4898 1.3276 4.0537 0.4668 1.2918 4.0327 0.4497 1.2838 4.0371 0.5109 1.3343 4.0548 0.4997 1.3191 4.1487 0.276 1.4406 4.1448 0.2781 1.5267 4.1188 0.2629 1.5402 4.2052 0.4639 1.4423 4.18 0.5101 1.4594 4.1972 0.4724 1.5403 4.2118 0.4305 1.5208 4.1287 0.4452 1.7439 4.1364 0.4141 1.8283 3.8524 0.3553 1.4173 3.9112 0.3406 1.5083 3.7871 0.4208 1.4402 3.859 0.4093 1.5276 3.9711 0.3467 1.5759 3.9695 0.344 1.494 4.0182 0.3778 1.9602 4.1659 0.5572 1.3509 4.1644 0.5642 1.3285 4.1039 0.5996 1.3788 4.1117 0.2464 1.9882 4.0929 0.2407 1.9528 4.1638 0.2154 1.9821 4.0508 0.2873 2.0109 4.034 0.2619 1.9612 4.0815 0.248 1.9546 3.7369 0.4918 1.2921 3.7396 0.5767 1.3244 4.0767 0.3519 1.1763 3.9908 0.3179 1.1994 4.0525 0.3992 1.2271 3.9916 0.3824 1.2388 3.9036 0.4708 1.3157 3.9015 0.5054 1.334 3.9788 0.5295 1.3543 3.9329 0.5297 1.3463 4.0195 0.5222 1.3495 3.9907 0.4321 1.2862 4.0222 0.4407 1.2799 4.2181 0.4128 1.2668 4.1854 0.4416 1.2104 4.1956 0.5171 1.2855 4.1984 0.5043 1.3295 3.7222 0.4811 1.2964 3.773 0.387 1.3262 3.9748 0.5925 1.4511 3.8482 0.6077 1.4099 3.8745 0.5663 1.4669 3.9693 0.6176 1.402 3.9265 0.4517 1.5995 3.9898 0.4342 1.6751 3.9508 0.4709 1.5957 4.2529 0.2605 1.8798 4.2701 0.284 1.9651 4.2482 0.2551 1.9889 4.224 0.2867 1.7696 4.2619 0.3398 1.7845 4.2699 0.3264 1.8375 4.237 0.276 1.8249 4.1393 0.2583 1.6232 4.1756 0.2614 1.6987 4.1577 0.2718 1.611 4.2133 0.2143 1.8853 4.1771 0.1885 1.8981 4.2135 0.4339 1.6212 4.2268 0.398 1.7098 4.2294 0.3999 1.6006 4.2543 0.3697 1.6932 4.0105 0.369 1.909 4.0086 0.3451 1.8431 4.0942 0.2803 1.6329 4.108 0.2627 1.7235 4.1158 0.2439 1.8141 4.0788 0.3132 2.0294 4.0003 0.3541 1.9608 4.2389 0.3665 1.8001 4.2666 0.3358 1.8415 4.2378 0.3553 1.8534 4.2821 0.3163 1.8888 3.8343 0.6187 1.3752 3.9253 0.397 1.5901 3.9642 0.3813 1.6666 4.2183 0.3935 1.3447 4.2068 0.4817 1.3848 3.9991 0.5258 1.3519 3.9319 0.4422 1.3011 3.9262 0.3605 1.2358 4.2347 0.3612 1.5933 4.2531 0.3493 1.6891 4.0678 0.2878 1.5525 4.0495 0.3077 1.6427 4.0322 0.318 1.5624 4.0813 0.2729 1.8234 4.0647 0.411 1.8918 4.0892 0.2531 1.4588 3.9997 0.3311 1.4856 4.034 0.2863 1.4737 4.0925 0.5153 1.5755 3.9935 0.5611 1.5088 4.0178 0.51 1.5886 4.0715 0.5563 1.4921 4.1886 0.3186 1.4321 4.1984 0.3129 1.5171 3.9062 0.5264 1.5247 4.0118 0.3303 1.5673 3.7197 0.4391 1.3478 4.051 0.3799 2.015 4.078 0.4124 1.901 3.9933 0.3601 1.7525 4.0093 0.3309 1.8409 4.0156 0.4048 1.7614 4.2762 0.3288 1.8937 4.2386 0.2599 2.0003 4.264 0.2955 1.9731 4.1603 0.1841 1.9107 3.8783 0.3848 1.312 3.9074 0.3709 1.3036 4.1779 0.521 1.2797 4.1486 0.5635 1.3203 4.1398 0.37 1.1714 4.1683 0.4491 1.208 4.126 0.3812 1.171 4.0862 0.3356 1.176 3.9922 0.2983 1.2015 3.9173 0.3498 1.2455 3.8423 0.6127 1.3621 3.968 0.6112 1.3867 3.7283 0.578 1.3333 4.0933 0.5943 1.3653 4.1143 0.4533 1.2493 4.0766 0.4138 1.2301 4.1223 0.5158 1.3021 4.0867 0.5388 1.3331 4.0089 0.5693 1.3691 3.9675 0.5767 1.3741 3.8744 0.5772 1.3576 4.0535 0.56 1.3617 3.846 0.4789 1.5349 4.2149 0.3801 1.4303 4.2253 0.3688 1.5125 4.2161 0.2991 1.6863 4.119 0.5758 1.4232 4.1386 0.5464 1.4782 4.0521 0.5853 1.4358 4.1699 0.5325 1.4045 4.1811 0.3289 1.3241 4.1567 0.4997 1.5585 4.1881 0.3888 1.817 4.1855 0.4221 1.7282 4.1293 0.2873 1.3281 4.0498 0.2542 1.3504 3.9849 0.2923 1.3774 3.9499 0.3527 1.3925 4.0684 0.2909 1.733 4.0251 0.3138 1.7422 4.0407 0.2949 1.8327 4.1272 0.3947 1.9414 4.1296 0.3993 1.8847 4.1926 0.3644 1.9219 4.2412 0.3477 1.9073 4.1904 0.3766 1.8694 4.1051 0.3439 2.0289 4.2071 0.2774 2.0108 4.1864 0.2439 2.0023 4.1761 0.4576 1.6404 4.1778 0.3397 1.9838 4.2287 0.3176 1.9817 4.1613 0.3044 2.0113 3.9481 0.3149 1.2793 4.0048 0.3319 1.6518 4.1171 0.3741 2.0008 4.1155 0.4788 1.6605 4.2031 0.3031 1.6013 4.1113 0.2986 1.2156 4.1684 0.3422 1.2162 4.0195 0.2645 1.2408 3.7799 0.5028 1.4699 3.7323 0.5322 1.4027 4.0493 0.4721 1.6735 4.0398 0.6135 1.3914 4.0349 0.608 1.3777 4.1371 0.2726 2.0066 3.9226 0.365 1.4006'/>
          </IndexedFaceSet>
        </Shape>
        <Shape DEF='lfpprox5'>
          <Appearance>
            <Material ambientIntensity='0.965' diffuseColor='1 0.9765 0.8667' emissiveColor='0 0 0' shininess='0.05' specularColor='0.349 0.349 0.349'/>
          </Appearance>
          <IndexedFaceSet DEF='lfpprox5_Geo' coordIndex='0 1 2 -1 3 4 5 -1 6 7 8 -1 9 10 11 -1 12 13 14 -1 15 16 17 -1 18 19 20 -1 15 21 22 -1 12 14 23 -1 24 25 26 -1 27 28 29 -1 24 30 31 -1 30 32 31 -1 33 34 35 -1 35 36 33 -1 28 37 38 -1 36 35 39 -1 39 40 36 -1 41 42 43 -1 44 45 46 -1 0 47 1 -1 48 49 40 -1 50 51 52 -1 52 53 50 -1 54 55 56 -1 28 38 29 -1 57 15 17 -1 55 58 59 -1 55 54 58 -1 60 61 62 -1 37 28 63 -1 28 8 63 -1 64 21 65 -1 66 67 57 -1 66 68 67 -1 69 70 71 -1 72 73 13 -1 73 74 13 -1 13 74 14 -1 75 76 14 -1 77 9 14 -1 78 79 80 -1 81 79 78 -1 81 82 79 -1 83 84 85 -1 85 86 83 -1 20 57 67 -1 87 88 89 -1 87 90 88 -1 91 92 93 -1 94 95 91 -1 91 93 94 -1 96 97 98 -1 96 99 97 -1 96 98 54 -1 98 100 54 -1 25 24 31 -1 101 26 25 -1 102 103 60 -1 60 27 102 -1 104 105 5 -1 5 106 104 -1 95 107 108 -1 91 109 92 -1 88 110 89 -1 64 111 21 -1 111 112 21 -1 67 18 20 -1 113 81 114 -1 113 115 81 -1 116 78 80 -1 116 117 78 -1 118 69 14 -1 14 76 77 -1 14 74 75 -1 119 70 118 -1 70 69 118 -1 73 120 75 -1 75 74 73 -1 112 22 21 -1 9 118 14 -1 116 80 110 -1 110 121 116 -1 122 123 100 -1 124 64 65 -1 33 7 125 -1 33 126 7 -1 27 62 28 -1 127 58 128 -1 127 59 58 -1 129 125 99 -1 129 130 125 -1 22 16 15 -1 131 132 30 -1 127 128 133 -1 50 134 51 -1 135 136 137 -1 136 138 137 -1 139 140 141 -1 139 35 140 -1 34 125 130 -1 142 36 40 -1 39 35 143 -1 44 130 45 -1 130 129 45 -1 56 42 41 -1 41 144 56 -1 107 95 94 -1 47 40 39 -1 125 34 33 -1 48 40 0 -1 40 47 0 -1 39 145 47 -1 146 147 31 -1 31 32 146 -1 26 101 148 -1 148 149 26 -1 133 128 61 -1 62 27 60 -1 62 61 128 -1 150 151 152 -1 151 153 152 -1 71 70 86 -1 70 83 86 -1 153 154 155 -1 153 151 154 -1 86 85 156 -1 156 157 86 -1 14 69 23 -1 69 158 23 -1 69 71 158 -1 57 20 15 -1 23 158 154 -1 150 72 13 -1 10 82 159 -1 159 11 10 -1 21 160 65 -1 40 49 142 -1 53 161 50 -1 35 139 143 -1 5 132 106 -1 132 5 4 -1 135 162 163 -1 134 162 135 -1 131 164 165 -1 166 164 131 -1 1 166 2 -1 1 164 166 -1 126 49 63 -1 126 142 49 -1 154 157 155 -1 154 158 157 -1 167 156 168 -1 169 156 167 -1 12 154 151 -1 23 154 12 -1 71 157 158 -1 71 86 157 -1 169 153 155 -1 169 170 153 -1 70 171 83 -1 70 119 171 -1 110 73 89 -1 120 73 110 -1 87 150 152 -1 72 150 87 -1 119 159 171 -1 11 159 119 -1 172 110 80 -1 120 110 172 -1 24 149 30 -1 24 26 149 -1 173 101 102 -1 101 173 148 -1 133 147 146 -1 133 61 147 -1 0 37 48 -1 0 38 37 -1 108 141 140 -1 108 107 141 -1 144 45 129 -1 144 41 45 -1 51 109 52 -1 92 109 51 -1 138 107 94 -1 107 138 141 -1 52 42 56 -1 42 52 109 -1 130 35 34 -1 35 130 140 -1 136 141 138 -1 136 139 141 -1 134 137 51 -1 134 135 137 -1 127 146 3 -1 127 133 146 -1 4 30 132 -1 4 32 30 -1 30 166 131 -1 166 30 149 -1 0 148 173 -1 0 2 148 -1 167 22 174 -1 22 167 16 -1 85 168 156 -1 85 66 168 -1 5 175 3 -1 5 105 175 -1 101 103 102 -1 101 25 103 -1 144 99 96 -1 144 129 99 -1 106 176 104 -1 165 176 106 -1 65 177 124 -1 177 65 178 -1 20 6 15 -1 20 179 6 -1 180 123 181 -1 123 180 100 -1 182 100 98 -1 182 122 100 -1 183 111 184 -1 183 112 111 -1 185 121 186 -1 121 185 187 -1 188 117 116 -1 117 188 189 -1 113 190 191 -1 113 114 190 -1 18 68 192 -1 68 18 67 -1 177 188 187 -1 181 188 177 -1 11 118 9 -1 11 119 118 -1 113 193 115 -1 113 192 193 -1 178 62 128 -1 62 178 65 -1 76 120 172 -1 120 76 75 -1 9 194 10 -1 194 9 77 -1 123 190 189 -1 123 122 190 -1 190 182 191 -1 182 190 122 -1 81 159 82 -1 81 115 159 -1 192 84 193 -1 84 192 68 -1 153 195 152 -1 195 153 170 -1 88 121 110 -1 121 88 186 -1 64 185 111 -1 185 64 124 -1 195 184 90 -1 184 195 183 -1 104 163 162 -1 163 104 176 -1 108 46 95 -1 44 46 108 -1 104 161 105 -1 162 161 104 -1 55 175 53 -1 55 59 175 -1 128 180 178 -1 180 128 58 -1 6 28 160 -1 8 28 6 -1 165 145 176 -1 165 164 145 -1 63 48 37 -1 48 63 49 -1 145 143 196 -1 143 145 39 -1 196 176 145 -1 196 163 176 -1 33 142 126 -1 33 36 142 -1 47 164 1 -1 164 47 145 -1 179 7 6 -1 179 125 7 -1 62 160 28 -1 62 65 160 -1 147 60 103 -1 61 60 147 -1 3 59 127 -1 3 175 59 -1 58 100 180 -1 100 58 54 -1 125 97 99 -1 125 179 97 -1 95 43 91 -1 95 46 43 -1 91 42 109 -1 43 42 91 -1 90 152 195 -1 152 90 87 -1 184 88 90 -1 184 186 88 -1 124 187 185 -1 187 124 177 -1 170 183 195 -1 170 174 183 -1 84 66 85 -1 68 66 84 -1 193 83 171 -1 83 193 84 -1 181 189 188 -1 123 189 181 -1 117 81 78 -1 117 114 81 -1 77 172 194 -1 172 77 76 -1 13 151 150 -1 13 12 151 -1 191 19 18 -1 182 19 191 -1 171 115 193 -1 115 171 159 -1 191 192 113 -1 192 191 18 -1 189 114 117 -1 114 189 190 -1 187 116 121 -1 116 187 188 -1 111 186 184 -1 186 111 185 -1 174 112 183 -1 174 22 112 -1 182 97 19 -1 182 98 97 -1 178 181 177 -1 181 178 180 -1 15 160 21 -1 15 6 160 -1 19 179 20 -1 19 97 179 -1 144 54 56 -1 144 96 54 -1 103 31 147 -1 25 31 103 -1 105 53 175 -1 161 53 105 -1 66 17 168 -1 66 57 17 -1 174 169 167 -1 174 170 169 -1 173 38 0 -1 38 173 29 -1 2 149 148 -1 2 166 149 -1 32 3 146 -1 4 3 32 -1 53 56 55 -1 53 52 56 -1 46 41 43 -1 45 41 46 -1 137 92 51 -1 92 137 93 -1 94 137 138 -1 94 93 137 -1 44 140 130 -1 44 108 140 -1 102 29 173 -1 102 27 29 -1 194 80 79 -1 172 80 194 -1 89 72 87 -1 73 72 89 -1 10 79 82 -1 10 194 79 -1 168 16 167 -1 168 17 16 -1 169 157 156 -1 155 157 169 -1 63 7 126 -1 8 7 63 -1 196 139 136 -1 196 143 139 -1 136 163 196 -1 135 163 136 -1 131 106 132 -1 131 165 106 -1 50 162 134 -1 50 161 162 -1' creaseAngle='1.571'>
            <Coordinate DEF='lfpprox5_Coord' point='4.3562 0.3199 1.4744 4.3852 0.3158 1.5225 4.365 0.327 1.5225 4.461 0.4657 1.4705 4.4625 0.4466 1.5334 4.4831 0.4396 1.5304 4.3438 0.3844 1.2066 4.3831 0.3483 1.3131 4.3691 0.3594 1.3179 4.4375 0.4815 0.8253 4.5162 0.4637 0.7852 4.4771 0.421 0.7727 4.219 0.5181 0.8483 4.1751 0.5792 0.868 4.3206 0.5495 0.8864 4.3144 0.3945 1.121 4.2726 0.4077 1.038 4.2852 0.4006 1.0351 4.4306 0.3465 1.0131 4.4271 0.3625 1.0978 4.3756 0.362 1.1072 4.2666 0.4451 1.1344 4.2257 0.422 1.0487 4.2501 0.4744 0.8342 4.4006 0.4367 1.5691 4.333 0.4134 1.5311 4.3522 0.3914 1.5676 4.2933 0.3747 1.4322 4.3324 0.3998 1.3307 4.2988 0.3637 1.431 4.412 0.4375 1.5722 4.3924 0.4598 1.5415 4.4155 0.4548 1.5391 4.4178 0.294 1.3969 4.4288 0.2835 1.3947 4.4345 0.2742 1.4351 4.4256 0.2856 1.4382 4.3603 0.3331 1.4231 4.3425 0.3342 1.4252 4.4406 0.2988 1.5212 4.4226 0.3049 1.5089 4.5325 0.3473 1.3161 4.5911 0.3975 1.3837 4.5561 0.339 1.365 4.4795 0.2676 1.3769 4.5026 0.3136 1.3212 4.5136 0.2947 1.37 4.4239 0.3106 1.5273 4.3774 0.3213 1.4699 4.4008 0.3198 1.4608 4.5916 0.3891 1.515 4.611 0.3668 1.5099 4.6003 0.4087 1.434 4.5639 0.4293 1.4443 4.5168 0.4159 1.2917 4.5453 0.4361 1.3941 4.5793 0.4131 1.3838 4.3264 0.3641 1.0261 4.4703 0.4694 1.3134 4.5033 0.4513 1.4051 4.3199 0.4417 1.4379 4.3752 0.4838 1.4353 4.335 0.4506 1.3379 4.3882 0.3333 1.4209 4.256 0.4972 1.1437 4.3158 0.4771 1.2272 4.2959 0.3535 0.9415 4.3786 0.3303 1.0152 4.3657 0.3222 0.9222 4.3378 0.4355 0.8177 4.3401 0.3588 0.782 4.2832 0.3924 0.7966 4.1032 0.6309 0.8385 4.2013 0.6784 0.9025 4.2388 0.6284 0.8991 4.2984 0.6314 0.9231 4.3634 0.6111 0.9239 4.4361 0.5706 0.8843 4.5076 0.5621 0.9166 4.5141 0.5746 0.8782 4.4192 0.6628 0.9479 4.5307 0.4405 0.8457 4.5222 0.4573 0.7921 4.3426 0.3432 0.7859 4.3546 0.3141 0.829 4.2669 0.3434 0.8526 4.2736 0.3796 0.8019 4.0926 0.6303 0.8429 4.1847 0.6647 0.9451 4.1949 0.682 0.9114 4.0772 0.5728 0.9098 4.5734 0.3296 1.4157 4.6183 0.3561 1.4972 4.5988 0.3224 1.5022 4.5593 0.2699 1.482 4.5271 0.2854 1.4135 4.5109 0.3641 1.2801 4.4369 0.3562 1.1803 4.4737 0.382 1.1756 4.4805 0.3257 1.283 4.4967 0.4325 1.1838 4.3155 0.3735 1.5253 4.2916 0.3701 1.4802 4.3221 0.431 1.4828 4.5313 0.3967 1.5398 4.534 0.4122 1.5194 4.4858 0.4201 1.561 4.4986 0.2529 1.4422 4.4828 0.2564 1.4164 4.6102 0.3947 1.4289 4.2996 0.6989 0.9455 4.1856 0.5334 1.0618 4.1895 0.4636 1.0535 4.4834 0.3878 0.9189 4.514 0.453 0.938 4.4962 0.3914 0.8247 4.427 0.6407 0.9938 4.5015 0.5323 0.9677 4.3953 0.448 0.814 4.4283 0.3932 0.7731 4.2981 0.6948 0.9357 4.3036 0.6551 1.0026 4.4922 0.4459 1.0998 4.4908 0.469 1.1023 4.2754 0.5241 1.1454 4.4274 0.3229 1.2983 4.4063 0.3205 1.4165 4.4408 0.4728 1.4209 4.3883 0.4758 1.3314 4.4871 0.32 1.3071 4.4585 0.2707 1.3788 4.4566 0.4077 1.576 4.4655 0.4305 1.5629 4.3987 0.4832 1.4313 4.5893 0.3757 1.5278 4.5648 0.3425 1.5403 4.5133 0.2769 1.5312 4.5898 0.3282 1.5184 4.5474 0.2689 1.4975 4.4618 0.2612 1.4797 4.464 0.259 1.4214 4.4864 0.2545 1.4566 4.4126 0.3124 1.4538 4.4499 0.2694 1.4935 4.5185 0.3557 1.3015 4.4484 0.3176 1.5493 4.4087 0.478 1.4813 4.3848 0.4775 1.4837 4.3199 0.3601 1.5243 4.3653 0.3819 1.5731 4.103 0.5315 0.8084 4.1568 0.4811 0.8094 4.0906 0.5206 0.8091 4.1435 0.4647 0.814 4.2362 0.4666 0.8244 4.2226 0.4572 0.8286 4.219 0.4044 0.8711 4.2369 0.4498 0.8278 4.2431 0.4608 0.8234 4.4834 0.4092 0.7763 4.311 0.4293 1.2195 4.5741 0.4003 1.5174 4.5722 0.3875 1.5329 4.5487 0.3523 1.5478 4.4168 0.3371 1.5676 4.474 0.3969 1.5731 4.4009 0.3494 1.572 4.2334 0.4115 0.9576 4.2514 0.4011 0.9527 4.2013 0.4154 0.8737 4.134 0.4213 0.8639 4.4348 0.379 0.7756 4.4098 0.6596 0.9364 4.2973 0.3585 1.4792 4.1777 0.4197 0.9594 4.5186 0.4415 1.4546 4.5115 0.3755 1.5523 4.3396 0.5505 1.1412 4.3602 0.5037 1.2242 4.3928 0.3553 1.1922 4.4435 0.5035 1.2117 4.4302 0.5453 1.1281 4.4714 0.3924 1.095 4.1288 0.468 0.958 4.131 0.5523 0.9874 4.2288 0.5777 1.0664 4.2037 0.6233 1.0068 4.3141 0.6163 1.0567 4.427 0.6031 1.0424 4.496 0.5024 1.022 4.5007 0.4511 1.0117 4.4719 0.3843 1.0131 4.4359 0.348 0.9199 4.4426 0.3494 0.8266 4.5028 0.5763 0.8697 4.081 0.4718 0.8771 4.4978 0.2844 1.5401'/>
          </IndexedFaceSet>
        </Shape>
        <Shape DEF='lfmet'>
          <Appearance>
            <Material ambientIntensity='0.965' diffuseColor='1 0.9765 0.8667' emissiveColor='0 0 0' shininess='0.05' specularColor='0.349 0.349 0.349'/>
          </Appearance>
          <IndexedFaceSet DEF='lfmet_Geo' coordIndex='0 1 2 -1 3 4 5 -1 4 6 5 -1 7 8 9 -1 10 11 12 -1 13 14 15 -1 16 17 18 -1 19 20 21 -1 22 23 24 -1 25 26 27 -1 28 29 12 -1 30 31 32 -1 33 31 30 -1 28 32 29 -1 34 35 36 -1 31 37 32 -1 31 38 37 -1 39 40 41 -1 42 43 44 -1 42 45 43 -1 46 47 48 -1 49 50 51 -1 51 52 49 -1 53 54 55 -1 53 56 54 -1 25 57 58 -1 58 26 25 -1 59 60 61 -1 16 62 63 -1 64 65 66 -1 66 67 64 -1 68 69 19 -1 70 71 72 -1 72 73 70 -1 19 74 68 -1 75 76 77 -1 78 79 34 -1 77 80 75 -1 81 78 82 -1 40 44 70 -1 83 84 85 -1 57 86 87 -1 75 88 89 -1 90 91 92 -1 93 94 95 -1 95 7 93 -1 96 97 98 -1 96 99 97 -1 100 101 102 -1 103 104 105 -1 104 106 105 -1 107 108 109 -1 109 110 107 -1 111 112 113 -1 111 114 112 -1 115 116 117 -1 115 118 116 -1 119 120 121 -1 119 122 120 -1 123 124 125 -1 124 126 125 -1 127 128 9 -1 9 129 127 -1 130 131 132 -1 133 134 135 -1 136 137 138 -1 136 139 137 -1 140 141 142 -1 143 144 133 -1 145 146 147 -1 147 148 145 -1 149 150 151 -1 151 152 149 -1 148 153 154 -1 148 147 153 -1 155 156 157 -1 158 159 135 -1 158 160 159 -1 161 162 163 -1 163 164 161 -1 135 134 158 -1 107 160 139 -1 107 165 160 -1 166 145 167 -1 168 169 170 -1 168 171 169 -1 172 173 101 -1 173 174 101 -1 175 6 76 -1 176 177 68 -1 178 7 9 -1 179 180 93 -1 180 181 93 -1 15 60 13 -1 182 183 33 -1 33 184 182 -1 12 29 185 -1 186 28 187 -1 28 186 32 -1 188 189 190 -1 191 192 25 -1 193 194 195 -1 196 188 37 -1 197 198 199 -1 197 200 198 -1 201 202 203 -1 203 199 201 -1 204 51 53 -1 205 196 206 -1 206 207 205 -1 206 48 207 -1 206 46 48 -1 208 209 210 -1 208 211 209 -1 212 34 36 -1 213 214 63 -1 79 213 35 -1 62 16 18 -1 17 215 18 -1 17 216 215 -1 217 45 218 -1 218 215 217 -1 50 218 45 -1 45 56 50 -1 41 87 86 -1 49 218 50 -1 49 219 218 -1 39 86 54 -1 220 221 222 -1 220 223 221 -1 40 70 73 -1 73 21 40 -1 224 176 68 -1 224 225 176 -1 85 226 4 -1 85 84 226 -1 175 105 106 -1 106 227 175 -1 89 88 228 -1 228 229 89 -1 230 80 231 -1 232 233 66 -1 225 234 235 -1 225 224 234 -1 236 87 41 -1 237 184 12 -1 60 59 238 -1 239 240 241 -1 239 242 240 -1 243 14 13 -1 244 87 243 -1 87 236 243 -1 156 245 246 -1 156 247 245 -1 248 133 144 -1 249 247 250 -1 251 252 253 -1 252 141 253 -1 100 2 254 -1 2 1 254 -1 255 256 248 -1 257 258 259 -1 257 260 258 -1 111 261 262 -1 111 263 261 -1 154 264 112 -1 264 113 112 -1 265 266 267 -1 167 109 108 -1 167 114 109 -1 268 269 163 -1 269 270 163 -1 160 161 159 -1 271 272 138 -1 138 273 271 -1 137 158 134 -1 134 274 137 -1 149 152 275 -1 275 276 149 -1 277 102 101 -1 97 278 173 -1 279 172 280 -1 281 282 283 -1 281 284 282 -1 285 286 287 -1 285 288 286 -1 168 155 157 -1 157 289 168 -1 91 90 270 -1 270 269 91 -1 290 264 291 -1 290 292 264 -1 293 294 295 -1 293 296 294 -1 297 157 298 -1 297 289 157 -1 127 91 269 -1 127 129 91 -1 92 171 90 -1 171 168 90 -1 279 280 281 -1 280 284 281 -1 97 172 279 -1 97 173 172 -1 97 99 278 -1 299 169 300 -1 299 170 169 -1 126 174 301 -1 301 302 126 -1 303 304 305 -1 303 306 304 -1 119 307 308 -1 119 309 307 -1 121 120 310 -1 311 151 115 -1 312 313 314 -1 312 153 313 -1 315 149 276 -1 170 299 316 -1 161 317 159 -1 161 164 317 -1 298 164 297 -1 298 317 164 -1 265 318 266 -1 154 112 148 -1 114 262 109 -1 114 111 262 -1 259 258 142 -1 258 319 142 -1 320 256 319 -1 319 258 320 -1 321 322 323 -1 322 324 323 -1 325 326 327 -1 325 328 326 -1 254 329 330 -1 254 1 329 -1 249 250 331 -1 143 140 332 -1 143 333 140 -1 255 248 144 -1 133 135 143 -1 15 223 334 -1 10 185 243 -1 185 244 243 -1 335 336 337 -1 335 59 336 -1 238 335 237 -1 238 59 335 -1 181 61 60 -1 181 180 61 -1 11 238 237 -1 12 185 10 -1 12 184 33 -1 338 80 230 -1 339 68 340 -1 339 69 68 -1 224 72 234 -1 224 74 72 -1 68 74 224 -1 19 21 73 -1 42 39 54 -1 341 219 49 -1 341 62 219 -1 39 41 86 -1 217 43 45 -1 219 18 215 -1 215 218 219 -1 62 18 219 -1 63 62 213 -1 79 214 213 -1 210 209 212 -1 212 36 210 -1 228 88 209 -1 88 212 209 -1 63 214 342 -1 342 67 63 -1 48 343 207 -1 48 344 343 -1 204 52 51 -1 199 198 201 -1 38 345 346 -1 191 25 27 -1 189 26 190 -1 345 193 346 -1 186 30 32 -1 186 187 30 -1 57 244 58 -1 57 87 244 -1 343 204 347 -1 343 344 204 -1 60 15 334 -1 177 295 340 -1 295 294 340 -1 155 348 250 -1 155 316 348 -1 348 286 327 -1 327 250 348 -1 276 349 315 -1 350 351 352 -1 352 353 350 -1 352 354 353 -1 355 356 357 -1 160 162 161 -1 270 297 164 -1 164 163 270 -1 168 289 90 -1 159 317 358 -1 358 135 159 -1 298 157 246 -1 157 156 246 -1 275 314 359 -1 314 318 359 -1 100 102 2 -1 150 149 315 -1 315 309 150 -1 312 151 311 -1 312 152 151 -1 101 307 277 -1 360 361 362 -1 363 364 365 -1 364 366 365 -1 146 145 166 -1 166 272 146 -1 107 110 165 -1 367 368 267 -1 368 322 267 -1 24 369 22 -1 131 365 132 -1 131 370 365 -1 9 22 369 -1 9 8 22 -1 112 114 148 -1 263 113 371 -1 263 111 113 -1 139 136 108 -1 108 107 139 -1 372 103 373 -1 103 105 373 -1 24 23 96 -1 23 99 96 -1 129 369 92 -1 92 91 129 -1 308 122 119 -1 95 94 306 -1 94 304 306 -1 75 89 76 -1 89 373 76 -1 68 177 340 -1 78 374 82 -1 79 35 34 -1 375 215 216 -1 73 72 74 -1 74 19 73 -1 243 13 10 -1 13 60 238 -1 57 25 192 -1 192 86 57 -1 55 86 192 -1 55 54 86 -1 376 344 48 -1 32 190 29 -1 32 188 190 -1 37 188 32 -1 345 183 240 -1 240 193 345 -1 213 377 35 -1 378 196 37 -1 12 33 30 -1 12 187 28 -1 38 31 33 -1 30 187 12 -1 334 181 60 -1 101 174 379 -1 66 65 232 -1 85 380 83 -1 15 221 223 -1 12 11 237 -1 369 129 9 -1 326 381 331 -1 382 328 329 -1 328 382 383 -1 124 174 126 -1 124 379 174 -1 37 346 378 -1 346 37 38 -1 201 208 210 -1 198 208 201 -1 200 242 384 -1 194 242 200 -1 183 38 33 -1 183 345 38 -1 377 376 48 -1 377 341 376 -1 29 26 58 -1 29 190 26 -1 47 377 48 -1 47 35 377 -1 375 385 235 -1 375 216 385 -1 225 380 176 -1 386 380 225 -1 291 293 290 -1 291 117 293 -1 177 387 295 -1 387 177 85 -1 214 231 342 -1 214 81 231 -1 88 374 212 -1 374 88 338 -1 93 334 94 -1 93 181 334 -1 261 363 262 -1 364 363 261 -1 263 5 227 -1 263 371 5 -1 22 388 302 -1 22 8 388 -1 306 388 95 -1 388 306 125 -1 368 324 322 -1 368 271 324 -1 133 274 134 -1 248 274 133 -1 166 138 272 -1 166 136 138 -1 110 389 165 -1 110 370 389 -1 363 370 110 -1 363 365 370 -1 104 366 364 -1 104 390 366 -1 141 259 142 -1 259 141 252 -1 391 392 393 -1 391 257 392 -1 307 315 277 -1 307 309 315 -1 266 314 313 -1 314 266 318 -1 394 276 360 -1 349 276 394 -1 360 275 359 -1 275 360 276 -1 246 317 298 -1 317 246 358 -1 289 270 90 -1 289 297 270 -1 310 116 121 -1 296 116 310 -1 152 314 275 -1 314 152 312 -1 330 284 254 -1 282 284 330 -1 327 288 325 -1 286 288 327 -1 301 99 23 -1 278 99 301 -1 100 172 101 -1 100 280 172 -1 395 132 396 -1 132 395 130 -1 397 398 399 -1 400 398 397 -1 401 229 402 -1 372 229 401 -1 53 347 204 -1 53 55 347 -1 205 26 189 -1 27 26 205 -1 403 196 378 -1 206 196 403 -1 197 194 200 -1 195 194 197 -1 204 376 52 -1 344 376 204 -1 343 191 27 -1 347 191 343 -1 235 404 375 -1 235 234 404 -1 17 66 233 -1 17 16 66 -1 230 81 82 -1 231 81 230 -1 405 406 407 -1 239 406 405 -1 209 408 228 -1 408 209 211 -1 384 239 405 -1 242 239 384 -1 39 44 40 -1 42 44 39 -1 409 21 20 -1 409 236 21 -1 19 222 20 -1 69 222 19 -1 339 305 220 -1 305 339 410 -1 71 234 72 -1 234 71 404 -1 83 386 232 -1 83 380 386 -1 372 89 229 -1 89 372 373 -1 398 401 411 -1 412 401 398 -1 184 335 182 -1 335 184 237 -1 180 413 414 -1 179 413 180 -1 59 415 336 -1 59 61 415 -1 337 182 335 -1 337 241 182 -1 414 397 399 -1 413 397 414 -1 416 415 417 -1 415 416 336 -1 399 411 417 -1 399 398 411 -1 417 418 416 -1 417 411 418 -1 409 15 14 -1 409 221 15 -1 223 94 334 -1 223 304 94 -1 135 333 143 -1 135 358 333 -1 332 144 143 -1 332 255 144 -1 245 140 333 -1 245 419 140 -1 419 331 253 -1 249 331 419 -1 362 394 360 -1 394 362 420 -1 421 392 422 -1 421 393 392 -1 420 382 0 -1 420 421 382 -1 381 422 251 -1 383 422 381 -1 329 325 330 -1 329 328 325 -1 327 331 250 -1 327 326 331 -1 324 320 323 -1 324 423 320 -1 424 265 321 -1 425 265 424 -1 323 258 260 -1 323 320 258 -1 319 255 332 -1 319 256 255 -1 361 424 391 -1 361 425 424 -1 142 332 140 -1 142 319 332 -1 390 396 366 -1 390 400 396 -1 366 132 365 -1 366 396 132 -1 367 153 147 -1 153 367 313 -1 147 368 367 -1 146 368 147 -1 370 268 389 -1 370 131 268 -1 165 162 160 -1 162 165 389 -1 277 349 102 -1 277 315 349 -1 291 154 311 -1 291 264 154 -1 115 291 311 -1 291 115 117 -1 150 115 151 -1 115 150 118 -1 123 310 120 -1 303 310 123 -1 124 308 379 -1 122 308 124 -1 125 303 123 -1 125 306 303 -1 357 283 354 -1 281 283 357 -1 426 97 279 -1 97 426 427 -1 98 355 300 -1 98 356 355 -1 352 428 299 -1 428 352 351 -1 285 354 283 -1 354 285 353 -1 299 348 316 -1 299 428 348 -1 300 96 98 -1 169 96 300 -1 8 95 388 -1 8 7 95 -1 369 171 92 -1 369 24 171 -1 128 178 9 -1 429 178 128 -1 3 371 292 -1 3 5 371 -1 85 3 387 -1 85 4 3 -1 339 294 410 -1 339 340 294 -1 387 292 290 -1 292 387 3 -1 410 296 310 -1 410 294 296 -1 292 113 264 -1 292 371 113 -1 179 429 413 -1 179 178 429 -1 23 302 301 -1 23 22 302 -1 428 286 348 -1 428 287 286 -1 283 288 285 -1 283 282 288 -1 287 353 285 -1 287 350 353 -1 351 287 428 -1 287 351 350 -1 300 352 299 -1 300 355 352 -1 97 356 98 -1 97 427 356 -1 357 279 281 -1 426 279 357 -1 410 303 305 -1 410 310 303 -1 296 117 116 -1 296 293 117 -1 138 274 273 -1 137 274 138 -1 136 167 108 -1 166 167 136 -1 268 162 389 -1 268 163 162 -1 127 268 131 -1 127 269 268 -1 167 148 114 -1 167 145 148 -1 321 267 322 -1 265 267 321 -1 130 429 128 -1 395 429 130 -1 429 397 413 -1 397 429 395 -1 261 227 106 -1 263 227 261 -1 424 257 391 -1 424 260 257 -1 425 360 359 -1 360 425 361 -1 323 424 321 -1 424 323 260 -1 359 265 425 -1 359 318 265 -1 423 256 320 -1 423 248 256 -1 381 253 331 -1 381 251 253 -1 421 383 382 -1 421 422 383 -1 394 0 2 -1 394 420 0 -1 252 422 392 -1 422 252 251 -1 421 362 393 -1 420 362 421 -1 419 141 140 -1 419 253 141 -1 247 419 245 -1 419 247 249 -1 245 358 246 -1 245 333 358 -1 247 155 250 -1 155 247 156 -1 14 236 409 -1 243 236 14 -1 416 407 406 -1 416 418 407 -1 418 408 407 -1 402 408 418 -1 416 337 336 -1 416 406 337 -1 399 415 414 -1 399 417 415 -1 241 406 239 -1 406 241 337 -1 241 183 182 -1 241 240 183 -1 61 414 415 -1 180 414 61 -1 232 385 233 -1 232 386 385 -1 67 77 64 -1 77 67 342 -1 411 402 418 -1 411 401 402 -1 400 412 398 -1 390 412 400 -1 105 76 373 -1 175 76 105 -1 64 76 226 -1 76 64 77 -1 84 232 65 -1 232 84 83 -1 220 69 339 -1 222 69 220 -1 41 21 236 -1 21 41 40 -1 221 20 222 -1 221 409 20 -1 220 304 223 -1 305 304 220 -1 375 217 215 -1 375 404 217 -1 213 341 377 -1 62 341 213 -1 208 405 211 -1 405 208 384 -1 407 211 405 -1 407 408 211 -1 338 82 374 -1 230 82 338 -1 233 216 17 -1 385 216 233 -1 203 206 403 -1 203 46 206 -1 207 27 205 -1 343 27 207 -1 347 192 191 -1 55 192 347 -1 47 203 202 -1 203 47 46 -1 403 199 203 -1 199 403 197 -1 195 403 378 -1 197 403 195 -1 346 195 378 -1 193 195 346 -1 189 196 205 -1 189 188 196 -1 244 29 58 -1 244 185 29 -1 93 178 179 -1 178 93 7 -1 6 227 5 -1 175 227 6 -1 408 229 228 -1 229 408 402 -1 412 372 401 -1 103 372 412 -1 395 400 397 -1 396 400 395 -1 174 278 301 -1 278 174 173 -1 325 282 330 -1 288 282 325 -1 100 284 280 -1 284 100 254 -1 169 24 96 -1 171 24 169 -1 170 155 168 -1 155 170 316 -1 119 150 309 -1 118 150 119 -1 146 271 368 -1 146 272 271 -1 355 354 352 -1 357 354 355 -1 427 357 356 -1 427 426 357 -1 102 394 2 -1 349 394 102 -1 267 313 367 -1 267 266 313 -1 153 311 154 -1 153 312 311 -1 361 393 362 -1 361 391 393 -1 257 252 392 -1 257 259 252 -1 390 103 412 -1 104 103 390 -1 158 139 160 -1 158 137 139 -1 273 248 423 -1 273 274 248 -1 271 423 324 -1 271 273 423 -1 130 127 131 -1 127 130 128 -1 302 125 126 -1 388 125 302 -1 120 124 123 -1 122 124 120 -1 121 118 119 -1 118 121 116 -1 262 110 109 -1 363 110 262 -1 364 106 104 -1 364 261 106 -1 379 307 101 -1 307 379 308 -1 10 238 11 -1 10 13 238 -1 43 404 71 -1 43 217 404 -1 75 338 88 -1 338 75 80 -1 79 81 214 -1 81 79 78 -1 342 80 77 -1 231 80 342 -1 374 34 212 -1 34 374 78 -1 85 176 380 -1 176 85 177 -1 295 290 293 -1 295 387 290 -1 386 235 385 -1 386 225 235 -1 71 44 43 -1 71 70 44 -1 16 67 66 -1 16 63 67 -1 226 65 64 -1 84 65 226 -1 202 35 47 -1 202 36 35 -1 56 51 50 -1 51 56 53 -1 52 341 49 -1 376 341 52 -1 56 42 54 -1 56 45 42 -1 242 193 240 -1 193 242 194 -1 198 384 208 -1 200 384 198 -1 202 210 36 -1 201 210 202 -1 6 226 76 -1 4 226 6 -1 0 329 1 -1 329 0 382 -1 381 328 383 -1 326 328 381 -1' creaseAngle='1.571'>
            <Coordinate DEF='lfmet_Coord' point='2.1844 0.1883 1.6441 2.1305 0.1816 1.6523 2.144 0.2177 1.5218 2.4214 0.8553 0.943 2.3966 0.9458 0.6949 2.4295 0.9285 0.9651 2.3798 1.0439 0.7427 2.0013 0.7596 1.1563 1.9784 0.6849 1.3443 1.9924 0.7616 1.3636 1.7139 1.0554 0.1432 1.6505 1.1251 0.2188 1.6225 1.1519 0.1275 1.7678 1.0521 0.3352 1.8207 1.0289 0.2782 1.8482 0.9989 0.48 2.5025 1.1464 -0.0157 2.4974 1.0948 -0.0436 2.4915 1.1117 -0.1264 2.2239 0.9186 0.2042 2.1061 0.9327 0.196 2.0936 0.9374 0.041 1.9521 0.6347 1.4611 1.9421 0.5997 1.5129 1.9263 0.6475 1.5834 1.9716 0.9931 -0.1492 1.8549 1.0648 -0.0966 1.9639 1.0958 -0.0977 1.7144 1.1659 0.0361 1.7285 1.1319 -0.0072 1.6784 1.2509 0.1234 1.6553 1.3241 0.137 1.7492 1.2349 0.0744 1.6415 1.325 0.1524 2.3504 1.3881 0.0161 2.3277 1.3524 -0.016 2.3496 1.4789 0.0566 1.7544 1.2711 0.1028 1.661 1.3551 0.1409 2.0955 0.8952 -0.1801 2.0764 0.9015 -0.1054 1.9991 0.9197 -0.1261 2.2009 0.8823 -0.1994 2.3047 0.8765 -0.1648 2.2141 0.876 -0.146 2.3522 0.9132 -0.2251 2.2508 1.335 0.0107 2.3011 1.3507 -0.0158 2.2603 1.2585 -0.0687 2.4393 1.0596 -0.174 2.4265 0.9908 -0.2239 2.4082 1.0045 -0.2165 2.4137 1.0592 -0.1696 2.3388 0.9492 -0.2243 2.1777 0.9156 -0.2379 2.176 0.9384 -0.2322 2.3474 0.9316 -0.2316 1.9419 0.9824 -0.1404 1.8475 1.0436 -0.1019 1.7447 1.1748 0.4657 1.8009 1.0276 0.5384 1.8134 1.1091 0.612 2.4564 1.1633 -0.1156 2.4984 1.1927 0.006 2.3941 1.1292 0.3043 2.4024 1.0798 0.2892 2.4796 1.1134 0.1173 2.482 1.1606 0.1279 2.3066 0.8976 0.3721 2.2221 0.9033 0.3601 2.2161 0.8769 -0.1086 2.2849 0.874 -0.1026 2.2675 0.8778 0.0324 2.2007 0.8906 0.0372 2.2683 0.9014 0.2001 2.3914 1.2709 0.3672 2.3554 1.1688 0.5167 2.3956 1.2012 0.3288 2.3902 1.3722 0.0294 2.3559 1.3625 0.0046 2.4237 1.2605 0.3081 2.4872 1.2703 0.0413 2.4764 1.3741 0.0633 2.3894 0.9593 0.4145 2.3769 1.01 0.4401 2.3701 0.8924 0.6541 2.0246 0.9378 -0.1952 1.8923 0.9643 -0.1091 2.4469 1.4057 0.2857 2.3676 1.3452 0.4226 2.0261 0.7525 1.8331 2.0208 0.7275 1.6911 2.0012 0.7071 1.7036 1.97 0.828 0.9946 2.0039 0.7733 0.9754 2.0211 0.6942 1.1471 1.916 0.6265 1.5987 1.9902 0.4672 1.6793 1.9542 0.5081 1.7377 1.9367 0.5796 1.5323 2.0458 0.2282 1.6016 2.0988 0.3261 1.5022 2.1468 0.2325 1.51 2.3428 1.2368 0.8288 2.3609 1.1145 1.0315 2.3735 1.1649 0.7965 2.4061 1.0659 1.0115 2.55 0.8498 1.6298 2.5867 0.8045 1.6048 2.5099 0.8757 1.4591 2.455 0.9139 1.4877 2.4893 0.8637 1.3257 2.5864 0.7261 1.398 2.5064 0.7829 1.2901 2.5487 0.8225 1.4335 2.4584 0.4783 1.4024 2.3221 0.5285 1.2899 2.4096 0.5779 1.2697 2.3376 0.4417 1.4213 2.2499 0.4087 1.4285 2.2027 0.4892 1.3035 2.2337 0.501 1.3009 2.1818 0.4119 1.4148 2.1272 0.5204 1.2946 2.114 0.4357 1.411 2.0765 0.552 1.2951 2.0695 0.4772 1.4139 2.0898 0.8473 1.4917 2.0779 0.8941 1.382 1.9912 0.732 1.4879 2.2234 0.979 1.3916 2.2595 0.9453 1.5025 2.2605 0.9946 1.3913 2.5455 0.8889 1.8388 2.55 0.8918 1.8182 2.4282 0.9347 1.8147 2.6069 0.7465 1.7004 2.5793 0.7923 1.7512 2.5998 0.7226 1.7356 2.5838 0.8074 1.7125 2.331 0.7853 2.0492 2.3409 0.6478 2.1052 2.3723 0.6594 2.0951 2.4598 0.8998 1.9105 2.5561 0.831 1.9071 2.6276 0.7122 1.5773 2.6344 0.6756 1.5832 2.6185 0.675 1.4661 2.6179 0.7105 1.4472 2.3613 0.381 1.5205 2.3514 0.4033 1.5116 2.471 0.4521 1.4644 2.497 0.433 1.4786 2.6074 0.5936 1.4025 2.5975 0.6207 1.3783 1.9871 0.6671 1.9737 2.045 0.7901 1.9552 2.0388 0.7933 1.9334 2.5244 0.8685 1.7384 2.4107 0.94 1.7969 2.5166 0.875 1.71 2.3952 0.9281 1.7569 2.3899 0.9341 1.7243 2.2777 0.9192 1.7459 2.285 0.9253 1.7804 2.4993 0.8838 1.6409 2.6201 0.7097 1.6405 2.5978 0.7539 1.5818 2.0102 0.6848 1.9167 1.943 0.6301 1.7501 2.0025 0.6596 1.9103 1.952 0.6531 1.7442 2.0777 0.328 1.5188 2.0389 0.4288 1.4922 2.0516 0.4363 1.4687 2.3726 1.0887 0.7645 2.3492 0.9008 0.4127 2.3432 0.865 0.6384 1.9936 0.8267 1.2031 1.9639 0.9056 1.0114 1.8963 0.9935 0.8239 1.9058 0.9355 0.7636 1.6174 1.3637 0.2456 1.6357 1.4188 0.1884 1.6089 1.26 0.2084 1.6992 1.0654 0.0193 1.6937 1.1961 0.0567 1.6594 1.1762 0.0775 1.7624 1.2374 0.0765 1.7879 1.1814 0.0139 1.7405 1.1466 -0.0067 2.0062 0.9966 -0.1517 2.0327 0.9543 -0.1988 1.7297 1.5394 0.2168 1.8491 1.6009 0.2482 1.8475 1.5368 0.2156 1.8843 1.2921 0.074 2.0027 1.5661 0.2117 2.1946 1.6492 0.2195 2.1951 1.5822 0.178 2.0082 1.6706 0.2374 2.3098 1.5996 0.172 2.3282 1.4889 0.0616 2.2308 1.4489 0.1092 2.3352 1.0406 -0.151 1.915 1.2071 -0.0177 2.0633 1.3117 0.0385 2.1041 1.2138 -0.0329 2.2062 1.6624 0.2428 2.365 1.6106 0.2694 2.3376 1.6077 0.1897 2.2335 1.6478 0.325 2.4072 1.4839 0.142 2.3945 1.2681 -0.0465 2.4852 1.2369 0.0224 2.4697 0.9979 -0.1344 2.4573 0.9935 -0.0661 2.347 0.8908 -0.1585 2.4626 0.991 -0.2019 2.4963 1.0829 -0.1696 2.1456 0.8514 0.6111 1.9729 0.9523 0.4112 2.1231 0.9063 0.3527 2.0105 0.8629 0.6703 2.3258 0.9013 0.2216 2.3739 0.916 0.2096 2.3683 1.0568 0.4676 2.4225 1.0014 0.9893 2.3719 1.5073 0.4013 2.346 1.4521 0.501 2.4996 1.3247 0.2015 2.4953 1.2538 0.1537 2.4301 1.0077 0.2445 2.4797 1.0615 0.0898 2.3301 0.8897 0.0457 2.4008 0.9309 0.062 1.9586 0.9874 0.0468 1.638 1.187 0.3051 1.7251 1.0944 0.3912 1.8639 1.5904 0.3631 1.7135 1.5478 0.2388 1.7342 1.4918 0.345 1.8415 1.6089 0.2706 1.8115 1.0461 0.0886 1.789 1.0376 -0.0589 2.1516 0.8103 2.0006 2.1259 0.8697 1.9108 2.082 0.7318 2.0175 2.5946 0.7744 1.9014 2.1014 0.6808 2.0638 1.9962 0.5753 2.0394 2.2731 0.4639 2.0769 2.3859 0.4707 2.0735 2.2553 0.6211 2.1187 2.0513 0.1776 1.6807 2.5462 0.7907 1.9464 2.5538 0.7285 1.9902 2.4628 0.2823 1.9571 2.4848 0.5032 2.0617 2.4169 0.4806 2.0645 2.5105 0.3554 1.9306 2.4301 0.9705 1.2117 2.4597 0.9214 1.3512 2.4468 0.9149 1.1847 2.4959 0.6928 1.2706 2.6256 0.4251 1.5516 2.6382 0.5105 1.4638 2.679 0.5561 1.5682 2.2755 0.9048 1.6419 2.1067 0.8107 1.6564 2.124 0.815 1.7992 2.6346 0.5945 1.808 2.616 0.6824 1.6713 2.6318 0.6596 1.8827 2.5979 0.7756 1.8827 2.4999 0.3842 1.5121 2.4022 0.2971 1.5078 2.1607 0.322 1.4866 1.9725 0.5069 1.4901 2.018 0.3458 1.6601 2.0292 0.2453 1.6098 2.004 0.2875 1.7521 2.0277 0.2058 1.8664 2.0123 0.2866 1.8254 2.0349 0.1934 1.6854 2.03 0.3447 1.8911 2.039 0.4344 2.0233 2.0098 0.4401 1.923 2.0557 0.2669 1.9607 2.0308 0.7617 1.8597 2.4092 0.6705 1.1449 2.4482 0.6085 1.2568 2.4372 0.7552 1.1558 2.3813 0.6382 1.1441 2.3215 0.711 0.9319 2.3645 0.7514 0.9187 2.3122 0.6022 1.1504 2.1222 0.8255 1.8318 2.1189 0.8671 1.8901 1.9775 0.5536 1.8868 1.9616 0.5431 1.7973 1.979 0.5225 1.4671 1.9857 0.5537 1.4175 2.1345 0.5895 1.1886 2.0718 0.7353 0.964 2.1491 0.7101 0.957 2.083 0.6188 1.1932 2.1653 0.3422 1.4778 2.1762 0.3986 1.4305 2.2563 0.373 1.4971 2.2231 0.58 1.1651 2.5255 0.5065 1.3917 2.5543 0.5024 1.4125 2.6363 0.5291 1.4455 2.5721 0.4705 1.4274 2.2559 0.3434 1.5121 1.9805 0.6473 1.9574 2.2951 0.9295 1.8271 2.5839 0.4587 1.4465 2.4577 0.6952 2.0544 2.5742 0.5478 2.0244 2.6382 0.4224 1.7089 2.6818 0.5627 1.656 2.6073 0.4413 1.8909 2.6355 0.5776 1.8186 2.0728 0.2557 1.9707 2.1433 0.4237 2.0612 2.0553 0.4351 2.0399 2.1574 0.2473 1.9777 2.1416 0.167 1.8408 2.042 0.189 1.8673 2.1321 0.5962 2.0993 2.4307 0.7937 2.0053 2.3184 0.8768 1.9551 1.9234 0.9023 0.7343 1.6712 1.2758 0.3694 1.8156 1.349 0.5742 1.7661 1.4216 0.4607 2.471 1.383 0.2467 2.243 0.8381 0.6266 2.3015 0.8453 0.64 2.3731 1.1553 -0.1246 2.4887 1.2004 0.1393 2.1445 1.0934 -0.1082 2.3132 1.1248 -0.1253 1.6553 1.4253 0.1709 1.7175 1.4226 0.1665 2.1788 1.0078 -0.1641 1.9857 0.5574 2.027 2.2933 0.257 1.5551 2.0113 0.4505 1.8515 2.0039 0.4676 1.8512 2.0013 0.4855 1.8392 2.0173 0.4222 1.8404 2.0118 0.4049 1.8197 1.9967 0.4817 1.8134 1.9947 0.4701 1.7974 2.0095 0.4041 1.7996 2.3001 0.9279 1.8509 2.5177 0.3736 1.526 2.4179 0.2844 1.5184 2.4462 0.2424 1.6396 2.4166 0.2259 1.6463 2.4141 0.9639 1.3791 2.3843 1.0102 1.2364 2.3481 0.9878 1.3989 2.3322 1.0371 1.2606 2.6816 0.5765 1.5591 2.6809 0.5804 1.6534 1.981 0.6957 1.4959 2.3616 0.9619 1.5087 2.4534 0.8437 1.1703 2.3371 1.3544 0.6486 2.3614 1.2638 0.5824 2.4364 1.4545 0.1391 2.4333 0.9603 -0.0733 2.3506 1.1475 -0.1261 2.2919 1.2603 -0.0704 1.8491 1.4022 0.1557 2.1035 0.4092 1.4456 2.3799 0.9328 0.3982 2.1956 0.4311 2.0693 2.196 0.1708 1.8351 2.2116 0.2469 1.9767 2.0094 1.6837 0.2592 2.4286 0.9608 0.0702 2.4041 0.9446 0.2127 2.3927 0.783 0.9259 1.9978 0.6132 1.3195 2.3959 0.9305 1.6379 2.3016 1.1335 1.0578 2.4612 0.2285 1.7933 2.4357 0.2672 1.9627 2.433 0.2115 1.7985 2.2999 0.241 1.5723 2.1878 1.0127 1.2808 2.2618 1.0439 1.2802 2.1383 1.1038 1.0715 2.1925 1.2591 0.8855 2.0843 1.2241 0.8991 2.2351 1.1346 1.0741 2.2409 1.3936 0.6898 2.2215 1.4863 0.5677 2.0277 1.419 0.138 2.3381 0.8854 -0.097 2.0503 1.6593 0.353 1.8911 1.5111 0.5036 2.0895 1.5614 0.5091 2.2298 1.5434 0.4778 1.9633 0.9862 0.2283 2.232 0.6961 0.9498 2.1482 1.4045 0.711 2.2622 1.2579 0.8659 2.012 1.0332 1.052 1.9652 1.1319 0.8753 1.877 1.2601 0.7009 1.942 1.4429 0.6123 2.0098 1.3469 0.7307 2.1168 1.4952 0.6021 2.2021 0.73 2.0819 2.3168 0.2146 1.6514 2.3247 0.2033 1.8148 2.3057 0.2571 1.9617 2.6308 0.6495 1.9 2.5285 0.3303 1.735 2.5205 0.3369 1.6022 2.0143 0.4197 1.7763 2.0059 0.4566 1.7819 1.9854 0.4959 1.9236 2.0665 0.9409 1.2723'/>
          </IndexedFaceSet>
        </Shape>
        <Shape DEF='lmet2'>
          <Appearance>
            <Material ambientIntensity='0.965' diffuseColor='1 0.9765 0.8667' emissiveColor='0 0 0' shininess='0.05' specularColor='0.349 0.349 0.349'/>
          </Appearance>
          <IndexedFaceSet DEF='lmet2_Geo' coordIndex='0 1 2 -1 2 3 0 -1 4 5 6 -1 4 7 5 -1 8 9 10 -1 8 11 9 -1 4 12 13 -1 13 14 4 -1 7 15 5 -1 15 16 5 -1 12 17 18 -1 19 20 21 -1 22 23 24 -1 24 25 22 -1 26 27 28 -1 26 29 27 -1 30 19 21 -1 30 31 19 -1 32 33 34 -1 35 36 37 -1 38 39 40 -1 39 41 40 -1 42 33 43 -1 37 44 45 -1 37 46 44 -1 47 48 49 -1 47 50 48 -1 1 51 2 -1 1 52 51 -1 53 54 55 -1 56 57 52 -1 57 51 52 -1 10 58 59 -1 60 61 8 -1 8 62 60 -1 63 64 65 -1 64 66 65 -1 67 68 69 -1 69 70 67 -1 71 72 73 -1 74 75 76 -1 77 78 79 -1 78 80 81 -1 82 83 84 -1 85 84 83 -1 85 86 84 -1 87 88 89 -1 90 91 92 -1 90 93 91 -1 94 95 96 -1 63 97 98 -1 96 95 99 -1 95 100 99 -1 101 95 94 -1 101 102 95 -1 103 104 105 -1 105 106 103 -1 107 108 103 -1 103 109 107 -1 110 111 112 -1 104 103 108 -1 113 114 115 -1 68 67 116 -1 117 118 119 -1 119 120 117 -1 38 121 42 -1 122 123 124 -1 124 125 122 -1 126 28 27 -1 126 127 128 -1 126 27 127 -1 129 130 131 -1 132 133 119 -1 134 135 136 -1 135 137 136 -1 138 139 140 -1 141 142 143 -1 141 132 142 -1 144 145 146 -1 146 147 144 -1 148 149 137 -1 149 150 137 -1 151 152 153 -1 153 154 151 -1 155 121 40 -1 121 38 40 -1 129 156 157 -1 157 130 129 -1 32 43 33 -1 32 158 43 -1 159 160 161 -1 162 139 121 -1 113 163 114 -1 113 164 163 -1 165 166 167 -1 167 168 165 -1 169 170 171 -1 171 172 169 -1 173 174 175 -1 176 177 178 -1 176 179 177 -1 66 180 181 -1 66 64 180 -1 182 183 184 -1 185 186 112 -1 187 188 189 -1 190 191 192 -1 192 193 190 -1 194 195 186 -1 196 197 198 -1 196 199 197 -1 200 197 201 -1 200 202 197 -1 203 204 205 -1 204 206 205 -1 203 207 208 -1 203 205 207 -1 209 210 211 -1 209 212 210 -1 213 214 215 -1 214 216 215 -1 78 81 217 -1 217 79 78 -1 218 137 150 -1 218 136 137 -1 219 220 221 -1 65 222 63 -1 223 175 224 -1 223 225 175 -1 187 226 227 -1 187 189 226 -1 187 228 188 -1 228 82 188 -1 68 177 69 -1 177 179 69 -1 229 230 231 -1 232 233 234 -1 60 235 234 -1 61 231 236 -1 237 238 184 -1 239 240 84 -1 240 82 84 -1 239 241 242 -1 243 244 245 -1 246 247 93 -1 229 174 195 -1 195 230 229 -1 174 186 195 -1 87 99 248 -1 99 249 248 -1 174 173 250 -1 97 63 222 -1 106 110 109 -1 105 104 251 -1 100 252 253 -1 186 254 255 -1 256 255 257 -1 256 112 255 -1 100 95 102 -1 102 257 100 -1 107 258 108 -1 107 259 258 -1 108 258 260 -1 260 261 108 -1 89 216 94 -1 262 196 216 -1 262 90 196 -1 263 264 265 -1 77 266 78 -1 267 213 215 -1 268 269 270 -1 268 263 77 -1 167 115 271 -1 167 113 115 -1 272 273 274 -1 273 275 274 -1 220 276 277 -1 220 278 276 -1 279 280 277 -1 279 277 281 -1 277 276 281 -1 282 46 37 -1 20 283 284 -1 20 285 283 -1 43 286 39 -1 43 158 286 -1 287 42 121 -1 47 288 29 -1 29 26 47 -1 289 128 122 -1 165 168 54 -1 290 291 292 -1 292 293 290 -1 294 272 295 -1 272 274 295 -1 18 294 13 -1 294 295 13 -1 296 297 34 -1 296 298 297 -1 151 299 152 -1 299 300 152 -1 301 302 118 -1 301 303 302 -1 120 119 133 -1 133 304 120 -1 302 142 132 -1 132 119 302 -1 134 136 305 -1 306 137 135 -1 306 148 137 -1 120 147 307 -1 307 117 120 -1 143 282 36 -1 282 37 36 -1 32 34 297 -1 161 308 309 -1 310 290 293 -1 310 311 290 -1 28 57 312 -1 313 156 314 -1 156 129 314 -1 125 165 315 -1 125 166 165 -1 26 50 47 -1 316 45 317 -1 45 318 317 -1 319 303 301 -1 301 320 319 -1 41 39 286 -1 286 31 41 -1 23 321 24 -1 23 322 321 -1 285 323 283 -1 323 281 283 -1 309 308 279 -1 226 324 325 -1 226 189 324 -1 326 327 328 -1 326 325 327 -1 268 77 329 -1 201 263 268 -1 268 200 201 -1 268 270 330 -1 268 329 269 -1 267 215 198 -1 206 213 267 -1 267 202 206 -1 263 265 266 -1 263 201 264 -1 216 89 262 -1 208 331 203 -1 208 332 331 -1 332 208 333 -1 333 334 332 -1 257 252 100 -1 112 186 255 -1 105 251 111 -1 106 109 103 -1 335 336 337 -1 98 338 63 -1 75 74 339 -1 339 340 75 -1 224 175 341 -1 175 174 341 -1 93 247 342 -1 342 91 93 -1 343 199 92 -1 179 76 69 -1 84 86 239 -1 86 241 239 -1 182 344 345 -1 346 347 182 -1 346 348 347 -1 349 210 212 -1 212 58 349 -1 231 230 236 -1 235 232 234 -1 350 229 231 -1 236 8 61 -1 236 11 8 -1 69 76 70 -1 76 75 70 -1 219 82 240 -1 219 188 82 -1 221 188 219 -1 221 189 188 -1 351 225 223 -1 351 352 225 -1 353 180 64 -1 278 220 219 -1 219 178 278 -1 266 77 263 -1 343 201 197 -1 197 199 343 -1 354 92 91 -1 354 355 92 -1 353 63 173 -1 353 64 63 -1 217 81 356 -1 356 357 217 -1 192 191 358 -1 343 92 359 -1 92 355 359 -1 237 360 232 -1 91 361 354 -1 91 342 361 -1 339 74 362 -1 362 74 363 -1 225 173 175 -1 225 353 173 -1 72 179 176 -1 72 71 179 -1 364 280 275 -1 364 277 280 -1 22 25 365 -1 319 366 303 -1 319 367 366 -1 317 288 316 -1 317 29 288 -1 368 369 305 -1 370 371 20 -1 371 21 20 -1 365 25 21 -1 21 371 365 -1 372 161 160 -1 160 14 372 -1 279 323 309 -1 279 281 323 -1 312 373 374 -1 373 17 374 -1 375 301 376 -1 375 320 301 -1 146 377 147 -1 377 307 147 -1 153 291 154 -1 153 292 291 -1 35 37 316 -1 37 45 316 -1 378 305 136 -1 304 218 150 -1 304 133 218 -1 379 328 380 -1 379 326 328 -1 55 314 129 -1 131 130 56 -1 381 126 128 -1 128 289 381 -1 166 124 164 -1 166 125 124 -1 302 119 118 -1 53 129 131 -1 53 55 129 -1 223 382 351 -1 223 383 382 -1 384 341 385 -1 384 224 341 -1 371 163 386 -1 386 365 371 -1 370 163 371 -1 370 114 163 -1 370 20 284 -1 387 185 251 -1 109 256 107 -1 110 256 109 -1 110 112 256 -1 258 332 260 -1 258 331 332 -1 58 388 349 -1 96 99 87 -1 255 252 257 -1 338 389 250 -1 390 85 83 -1 193 79 217 -1 83 391 390 -1 355 354 243 -1 76 179 71 -1 234 61 60 -1 234 231 61 -1 57 392 51 -1 57 381 392 -1 165 54 53 -1 2 51 393 -1 51 392 393 -1 366 367 394 -1 316 288 395 -1 395 35 316 -1 320 396 322 -1 396 321 322 -1 35 368 36 -1 22 172 23 -1 374 290 311 -1 311 312 374 -1 32 323 158 -1 32 309 323 -1 30 25 24 -1 30 21 25 -1 312 311 28 -1 311 26 28 -1 20 19 285 -1 397 15 7 -1 397 398 15 -1 18 13 12 -1 4 6 12 -1 399 400 397 -1 399 401 400 -1 355 245 402 -1 245 355 243 -1 348 191 190 -1 346 191 348 -1 403 58 358 -1 59 58 403 -1 356 404 405 -1 356 406 404 -1 402 407 408 -1 407 402 245 -1 12 374 17 -1 6 374 12 -1 401 160 159 -1 399 160 401 -1 398 400 409 -1 400 398 397 -1 127 29 317 -1 27 29 127 -1 410 124 411 -1 410 386 124 -1 158 285 286 -1 285 158 323 -1 16 154 291 -1 15 154 16 -1 151 409 299 -1 409 151 398 -1 291 374 16 -1 374 291 290 -1 386 169 365 -1 386 410 169 -1 159 297 298 -1 159 161 297 -1 377 300 412 -1 300 377 152 -1 292 146 145 -1 153 146 292 -1 413 310 293 -1 413 414 310 -1 412 296 138 -1 412 300 296 -1 396 415 321 -1 155 415 396 -1 319 170 367 -1 319 171 170 -1 46 416 44 -1 394 416 46 -1 34 42 287 -1 42 34 33 -1 417 392 418 -1 393 392 417 -1 419 420 421 -1 420 419 422 -1 423 3 424 -1 3 423 0 -1 418 381 289 -1 418 392 381 -1 424 131 423 -1 131 424 53 -1 315 418 289 -1 315 421 418 -1 354 73 243 -1 354 361 73 -1 193 357 190 -1 193 217 357 -1 348 425 347 -1 426 425 348 -1 405 427 428 -1 405 404 427 -1 338 173 63 -1 173 338 250 -1 389 254 250 -1 429 254 389 -1 89 246 262 -1 246 89 88 -1 334 260 332 -1 260 334 430 -1 258 431 331 -1 258 259 431 -1 432 336 335 -1 432 433 336 -1 111 185 112 -1 111 251 185 -1 340 248 337 -1 434 248 340 -1 284 435 115 -1 284 436 435 -1 169 416 170 -1 169 410 416 -1 70 222 65 -1 70 75 222 -1 370 115 114 -1 370 284 115 -1 385 350 233 -1 341 350 385 -1 383 224 384 -1 224 383 223 -1 379 351 382 -1 351 379 437 -1 438 55 54 -1 55 438 380 -1 380 314 55 -1 380 328 314 -1 372 308 161 -1 439 308 372 -1 378 218 141 -1 378 136 218 -1 117 440 376 -1 307 440 117 -1 24 415 30 -1 24 321 415 -1 31 415 41 -1 30 415 31 -1 369 35 395 -1 369 368 35 -1 366 302 303 -1 366 142 302 -1 372 13 295 -1 372 14 13 -1 274 280 439 -1 275 280 274 -1 441 276 278 -1 441 442 276 -1 443 444 445 -1 444 443 271 -1 352 353 225 -1 353 352 180 -1 342 363 361 -1 362 363 342 -1 247 362 342 -1 339 362 247 -1 184 344 182 -1 184 238 344 -1 86 446 241 -1 446 86 427 -1 242 243 73 -1 243 242 244 -1 447 360 237 -1 447 448 360 -1 449 226 450 -1 226 449 227 -1 402 359 355 -1 359 402 451 -1 358 212 192 -1 358 58 212 -1 406 452 408 -1 452 406 80 -1 186 387 194 -1 186 185 387 -1 207 333 208 -1 453 333 207 -1 266 80 78 -1 266 452 80 -1 451 264 359 -1 265 264 451 -1 196 215 216 -1 198 215 196 -1 68 441 177 -1 116 441 68 -1 384 449 383 -1 449 384 448 -1 176 219 240 -1 176 178 219 -1 454 236 230 -1 454 11 236 -1 388 10 9 -1 58 10 388 -1 448 385 360 -1 448 384 385 -1 235 237 232 -1 237 235 238 -1 345 59 403 -1 345 62 59 -1 403 182 345 -1 403 346 182 -1 228 237 455 -1 447 237 228 -1 451 408 452 -1 408 451 402 -1 407 427 404 -1 407 446 427 -1 72 240 239 -1 176 240 72 -1 201 359 264 -1 201 343 359 -1 9 430 388 -1 430 9 456 -1 339 434 340 -1 339 247 434 -1 389 98 433 -1 389 338 98 -1 429 433 432 -1 429 389 433 -1 430 261 260 -1 456 261 430 -1 207 330 453 -1 330 207 205 -1 431 214 204 -1 431 101 214 -1 269 457 209 -1 329 457 269 -1 453 270 211 -1 330 270 453 -1 267 197 202 -1 267 198 197 -1 268 205 200 -1 330 205 268 -1 444 181 180 -1 444 435 181 -1 438 445 437 -1 445 438 443 -1 382 326 379 -1 382 450 326 -1 328 313 314 -1 328 327 313 -1 325 273 327 -1 325 324 273 -1 324 221 364 -1 189 221 324 -1 289 125 315 -1 122 125 289 -1 410 44 416 -1 44 410 411 -1 386 164 124 -1 386 163 164 -1 396 375 162 -1 375 396 320 -1 440 375 376 -1 140 375 440 -1 28 381 57 -1 126 381 28 -1 56 312 57 -1 56 373 312 -1 311 50 26 -1 311 310 50 -1 156 18 157 -1 156 294 18 -1 458 395 49 -1 369 395 458 -1 148 48 414 -1 48 148 306 -1 145 149 413 -1 145 144 149 -1 376 118 117 -1 118 376 301 -1 144 150 149 -1 144 304 150 -1 135 458 306 -1 458 135 134 -1 368 378 36 -1 305 378 368 -1 134 369 458 -1 369 134 305 -1 282 142 366 -1 282 143 142 -1 412 307 377 -1 307 412 440 -1 149 414 413 -1 148 414 149 -1 49 306 458 -1 49 48 306 -1 300 298 296 -1 298 300 299 -1 313 294 156 -1 313 272 294 -1 17 157 18 -1 17 373 157 -1 393 420 422 -1 393 417 420 -1 140 162 375 -1 140 139 162 -1 23 171 322 -1 23 172 171 -1 46 366 394 -1 282 366 46 -1 44 318 45 -1 44 411 318 -1 436 283 442 -1 283 436 284 -1 116 442 441 -1 116 436 442 -1 220 364 221 -1 277 364 220 -1 364 273 324 -1 364 275 273 -1 327 272 313 -1 327 273 272 -1 443 54 168 -1 443 438 54 -1 437 352 351 -1 352 437 445 -1 435 271 115 -1 435 444 271 -1 211 269 209 -1 269 211 270 -1 79 329 77 -1 79 457 329 -1 214 94 216 -1 214 101 94 -1 456 194 261 -1 454 194 456 -1 261 387 108 -1 194 387 261 -1 256 259 107 -1 257 259 256 -1 257 102 259 -1 252 432 253 -1 252 429 432 -1 250 186 174 -1 250 254 186 -1 222 336 97 -1 222 337 336 -1 249 337 248 -1 249 335 337 -1 247 88 434 -1 247 246 88 -1 210 334 333 -1 210 349 334 -1 194 230 195 -1 194 454 230 -1 239 73 72 -1 239 242 73 -1 245 446 407 -1 446 245 244 -1 183 83 455 -1 183 391 83 -1 455 82 228 -1 455 83 82 -1 184 455 237 -1 184 183 455 -1 238 60 344 -1 238 235 60 -1 360 233 232 -1 385 233 360 -1 62 10 59 -1 10 62 8 -1 229 341 174 -1 341 229 350 -1 447 187 227 -1 447 228 187 -1 383 450 382 -1 450 383 449 -1 218 132 141 -1 218 133 132 -1 266 451 452 -1 266 265 451 -1 209 192 212 -1 209 457 192 -1 457 193 192 -1 79 193 457 -1 333 211 210 -1 211 333 453 -1 214 206 204 -1 214 213 206 -1 331 204 203 -1 331 431 204 -1 206 200 205 -1 206 202 200 -1 92 196 90 -1 92 199 196 -1 11 456 9 -1 11 454 456 -1 428 426 405 -1 428 425 426 -1 325 450 226 -1 325 326 450 -1 448 227 449 -1 227 448 447 -1 244 241 446 -1 244 242 241 -1 85 425 428 -1 85 390 425 -1 182 391 183 -1 347 391 182 -1 445 180 352 -1 180 445 444 -1 271 168 167 -1 271 443 168 -1 177 278 178 -1 177 441 278 -1 442 281 276 -1 442 283 281 -1 439 295 274 -1 439 372 295 -1 113 166 164 -1 167 166 113 -1 155 162 121 -1 155 396 162 -1 373 130 157 -1 56 130 373 -1 147 304 144 -1 147 120 304 -1 121 138 287 -1 121 139 138 -1 412 140 440 -1 138 140 412 -1 36 141 143 -1 36 378 141 -1 279 439 280 -1 279 308 439 -1 122 127 123 -1 122 128 127 -1 437 380 438 -1 380 437 379 -1 66 116 67 -1 116 66 181 -1 337 75 340 -1 337 222 75 -1 181 436 116 -1 435 436 181 -1 434 87 248 -1 88 87 434 -1 251 108 387 -1 104 108 251 -1 111 106 105 -1 106 111 110 -1 100 249 99 -1 100 253 249 -1 433 97 336 -1 433 98 97 -1 335 253 432 -1 249 253 335 -1 101 259 102 -1 101 431 259 -1 334 388 430 -1 349 388 334 -1 96 89 94 -1 89 96 87 -1 93 262 246 -1 93 90 262 -1 255 429 252 -1 255 254 429 -1 81 406 356 -1 81 80 406 -1 86 428 427 -1 428 86 85 -1 390 347 425 -1 347 390 391 -1 363 76 71 -1 363 74 76 -1 361 71 73 -1 361 363 71 -1 65 67 70 -1 65 66 67 -1 231 233 350 -1 234 233 231 -1 53 419 165 -1 53 424 419 -1 423 56 52 -1 56 423 131 -1 165 421 315 -1 165 419 421 -1 52 0 423 -1 0 52 1 -1 3 419 424 -1 422 419 3 -1 421 417 418 -1 417 421 420 -1 49 288 47 -1 49 395 288 -1 416 367 170 -1 416 394 367 -1 320 171 319 -1 171 320 322 -1 155 41 415 -1 40 41 155 -1 39 42 43 -1 42 39 38 -1 50 414 48 -1 310 414 50 -1 145 293 292 -1 145 413 293 -1 146 152 377 -1 146 153 152 -1 296 287 138 -1 296 34 287 -1 32 161 309 -1 161 32 297 -1 19 286 285 -1 19 31 286 -1 318 124 123 -1 124 318 411 -1 298 409 159 -1 298 299 409 -1 154 398 151 -1 154 15 398 -1 22 169 172 -1 22 365 169 -1 123 317 318 -1 127 317 123 -1 400 159 409 -1 401 159 400 -1 399 14 160 -1 4 14 399 -1 6 16 374 -1 5 16 6 -1 62 344 60 -1 62 345 344 -1 408 404 406 -1 404 408 407 -1 405 357 356 -1 426 357 405 -1 190 426 348 -1 190 357 426 -1 358 346 403 -1 358 191 346 -1 399 7 4 -1 399 397 7 -1 2 422 3 -1 422 2 393 -1' creaseAngle='1.571'>
            <Coordinate DEF='lmet2_Coord' point='3.0989 0.7653 1.6568 3.0998 0.7561 1.6775 3.1052 0.7373 1.6884 3.0956 0.7663 1.6429 2.7951 0.782 1.7605 2.815 0.7784 1.8055 2.8199 0.7859 1.7998 2.8101 0.7682 1.807 2.7627 1.9055 -0.1543 2.7794 1.8761 -0.2414 2.7225 1.9259 -0.2131 2.8096 1.8461 -0.1563 2.8179 0.7987 1.7779 2.8188 0.8441 1.68 2.7946 0.7972 1.6651 2.8398 0.7498 1.8592 2.8784 0.7822 1.8551 2.8894 0.8455 1.7855 2.867 0.894 1.7059 2.8264 0.6499 1.4157 2.8567 0.6592 1.419 2.8722 0.5673 1.4783 2.8907 0.4403 1.5837 2.8653 0.4141 1.6201 2.8577 0.4861 1.5512 2.8784 0.4856 1.5489 3.1402 0.7058 1.8369 3.1252 0.6077 1.8463 3.1279 0.6968 1.818 3.1412 0.6007 1.8647 2.851 0.5621 1.4811 2.8064 0.6361 1.4161 2.7498 0.7543 1.412 2.7146 0.7158 1.3983 2.7164 0.6787 1.5516 3.1704 0.5184 1.8782 3.1132 0.4584 1.9182 3.0906 0.4334 1.7128 2.7362 0.6747 1.3846 2.7448 0.6812 1.3764 2.7604 0.6256 1.4011 2.7715 0.6289 1.3967 2.7102 0.7048 1.4026 2.7168 0.7134 1.3963 3.0274 0.4236 1.5274 3.0891 0.4416 1.7032 3.0247 0.4141 1.5376 3.1651 0.6831 1.872 3.1452 0.7377 1.8913 3.1692 0.6716 1.8868 3.1428 0.7391 1.8788 3.1118 0.7136 1.7466 3.0813 0.7903 1.7036 3.0595 0.8378 1.5499 3.0163 0.8779 1.4682 3.015 0.8934 1.4781 3.0662 0.8117 1.7022 3.1109 0.7157 1.7826 2.6743 1.9505 -0.2656 2.7049 1.9348 -0.1943 2.7762 1.8948 -0.0643 2.8036 1.8691 -0.0965 2.741 1.9161 -0.1311 2.7462 1.3697 0.2163 2.7867 1.3078 0.4407 2.6633 1.2958 0.203 2.7363 1.2782 0.4385 2.7092 1.2738 0.4421 2.6812 1.2711 0.4615 2.5913 1.317 0.222 2.6392 1.2931 0.2089 2.4467 1.4919 0.1781 2.4359 1.5235 0.1983 2.3612 1.6028 0.1142 2.5615 1.3261 0.1763 2.6327 1.29 0.1828 2.5842 1.3235 0.2137 2.3244 1.881 -0.1524 2.2142 2.008 -0.0956 2.3477 1.9978 -0.1451 2.2112 2.0045 -0.084 2.2278 2.014 -0.0907 2.5485 1.6296 0.3896 2.5063 1.7177 0.2653 2.4713 1.6941 0.2766 2.4337 1.7976 0.1896 2.3925 1.7763 0.2104 2.4654 1.2209 -0.3531 2.4541 1.2185 -0.3411 2.4486 1.2318 -0.3629 2.3237 1.376 -0.2022 2.3152 1.5089 -0.0947 2.3083 1.5234 -0.1155 2.3342 1.3601 -0.1844 2.471 1.2875 -0.4029 2.5022 1.2912 -0.397 2.4906 1.2713 -0.3903 2.7349 1.3452 0.1565 2.7427 1.3638 0.1399 2.5107 1.2521 -0.3573 2.5286 1.2755 -0.3507 2.5417 1.4119 -0.4215 2.5575 1.4037 -0.4086 2.6733 1.5804 -0.2674 2.6846 1.5895 -0.2519 2.6717 1.5849 -0.1981 2.6615 1.5737 -0.206 2.6293 1.5206 -0.2922 2.6841 1.596 -0.2757 2.6302 1.5245 -0.2792 2.6838 1.5412 -0.1785 2.6938 1.5509 -0.1674 2.6905 1.5315 -0.1621 2.9586 0.6663 1.414 2.9209 0.649 1.3983 2.8566 0.8364 1.2519 2.7484 1.1126 0.7903 2.8689 0.5076 1.9628 2.9047 0.4464 1.95 2.9346 0.5438 2.0481 2.9257 0.6146 2.07 2.7167 0.5702 1.5171 3.0588 0.5443 1.6795 3.0683 0.4981 1.6775 3.0162 0.4807 1.5038 3.0321 0.5674 1.5448 3.1029 0.6303 1.8129 3.0948 0.5661 1.8104 3.0779 0.5837 1.7574 3.0219 0.8783 1.566 3.0528 0.8499 1.6353 3.0661 0.8469 1.6232 2.992 0.4697 2.0047 2.9768 0.5402 2.0538 3.1302 0.5825 1.9996 3.1065 0.627 2.0269 3.0845 0.5621 2.0323 3.0626 0.6534 2.0535 2.744 0.6012 1.6733 2.7305 0.5424 1.6111 2.7447 0.5358 1.6667 3.054 0.461 1.986 2.993 0.406 1.9373 3.052 0.4172 1.9235 2.9172 0.7568 2.0207 2.8967 0.8173 1.9393 2.8581 0.7603 1.9584 2.8842 0.6994 2.0231 3.0444 0.7643 1.9875 2.9712 0.7801 2.0083 3.0058 0.6503 2.0662 2.8272 0.6795 1.8557 2.8195 0.6639 1.911 2.8549 0.7624 1.945 2.8425 0.7453 1.883 2.8008 0.534 1.479 2.9793 0.9199 1.5772 2.9961 0.8724 1.673 2.7576 0.7313 1.387 2.7879 0.691 1.7038 2.7794 0.7484 1.6691 2.7778 0.7628 1.5585 2.7388 0.512 1.5737 2.9383 0.5615 1.4602 2.9868 0.5674 1.4593 3.0282 0.7465 1.5296 3.0124 0.6583 1.4903 2.9749 0.7456 1.4444 3.0014 0.8088 1.4685 2.9389 0.4421 1.5284 2.9371 0.4078 1.5488 2.8787 0.3809 1.6511 2.8777 0.4029 1.633 2.7803 1.4943 0.2303 2.8293 1.5903 0.078 2.7978 1.5581 0.2431 2.4932 1.4587 0.3296 2.627 1.313 0.4952 2.5729 1.3549 0.529 2.5421 1.3879 0.2758 2.8185 1.176 0.7853 2.7706 1.1155 0.7855 2.51 1.8769 0.0366 2.5524 1.8118 0.1398 2.6072 1.8236 0.1133 2.7394 1.6047 -0.1427 2.7674 1.5659 -0.0456 2.6829 1.5853 0.5331 2.6093 1.5287 0.5624 2.7351 1.3625 0.8876 2.4145 1.9506 -0.0934 2.4676 1.9578 -0.1112 2.4772 1.9938 -0.1999 2.3621 2.0117 -0.1465 2.7741 1.6643 -0.1649 2.8287 1.6151 -0.0498 2.2966 1.4456 -0.2756 2.2901 1.5452 -0.235 2.3022 1.4585 -0.287 2.2884 1.5403 -0.2171 2.4226 1.6367 -0.2768 2.3064 1.6339 -0.2041 2.4056 1.5529 -0.3213 2.5327 1.6698 -0.378 2.5252 1.5722 -0.4192 2.5272 1.683 -0.3717 2.5102 1.5742 -0.4126 2.5847 1.6967 -0.4189 2.5926 1.6833 -0.4241 2.5812 1.9867 -0.3087 2.66 1.9191 -0.3903 2.6438 1.9095 -0.3893 2.5933 1.995 -0.3032 2.4519 1.4549 -0.4126 2.4722 1.4485 -0.4227 2.3776 1.3727 -0.402 2.3795 1.3553 -0.4011 2.3417 2.0134 -0.1378 3.0368 0.5462 2.051 2.5692 1.4487 0.5503 2.6267 1.2197 0.8771 2.6486 1.2972 0.8799 2.6574 1.2933 0.1802 2.8535 1.4824 0.4731 2.8159 1.6054 0.2454 2.8496 1.4287 0.4633 2.8269 1.3901 0.8858 2.7645 1.5831 0.5231 2.6435 1.6761 0.3588 2.8532 1.6987 0.0361 2.8375 1.7288 -0.0648 2.8387 1.7993 -0.0142 2.8037 1.7988 0.0966 2.8217 1.7467 0.114 2.8259 1.8219 0.0302 2.7653 1.8581 0.0232 2.8298 1.8195 -0.0995 2.7047 1.7702 0.1904 2.6895 1.8505 0.0819 2.4246 1.6383 0.2969 2.482 1.5601 0.386 2.3488 1.7281 0.2074 2.3446 1.6984 0.1925 2.2818 1.6767 0.0139 2.2648 1.7586 0.088 2.2421 1.7773 0.0491 2.3772 1.2609 -0.28 2.4282 1.2676 -0.0709 2.5612 1.2147 -0.1609 2.5951 1.2558 -0.1785 2.7271 1.4726 0.0564 2.7306 1.6053 -0.155 2.5941 1.3953 -0.2098 2.6087 1.2931 -0.1896 2.675 1.4698 -0.0669 2.6119 1.4255 -0.1919 2.6277 1.512 -0.2871 2.5797 1.3929 -0.3247 2.6162 1.6065 -0.3568 2.6056 1.518 -0.3971 2.6647 1.6587 -0.3766 2.7183 1.6608 -0.2885 2.3673 1.2762 -0.2983 2.2618 1.7912 -0.1607 2.2408 1.7266 -0.1587 2.1854 1.8389 -0.0867 2.1726 1.9354 -0.0852 2.3889 1.4692 -0.3657 2.4388 1.7511 -0.2324 2.5229 1.884 -0.276 2.5559 1.8512 -0.3279 2.916 0.8935 1.2544 2.8655 0.9903 1.479 2.8427 1.0649 1.3678 2.8058 0.9602 1.4665 2.786 1.0265 1.3454 2.7051 1.0292 1.1151 2.7094 1.0667 1.1519 2.6444 1.175 0.8549 2.7341 0.9015 1.3172 2.7598 0.964 1.3313 2.7573 0.8709 1.2908 3.0348 0.3781 1.7441 2.8017 0.8486 1.2712 2.8343 0.8322 1.2567 2.7821 0.7183 1.3588 2.7676 0.7003 1.3672 2.7121 0.6665 1.5483 3.1711 0.5839 1.8888 3.0577 0.604 1.6861 2.911 0.8197 1.8527 2.8864 0.7875 1.8763 2.8919 0.8179 1.9269 2.9513 0.8413 1.9135 2.8646 0.9556 1.5633 2.8133 0.9209 1.5459 2.7483 0.6138 1.6769 2.7722 0.7433 1.5637 2.781 0.6643 1.7014 2.8022 0.6593 1.7927 2.7804 0.6115 1.8017 2.8506 0.3978 1.7916 2.9521 0.4117 1.9403 2.9122 0.3685 1.7716 2.955 0.6369 2.0765 3.1358 0.5342 1.985 3.1346 0.7007 1.9622 2.8479 0.577 1.9659 2.756 0.8307 1.428 2.7559 0.777 1.4016 3.0476 0.8048 1.8932 3.0164 0.7702 1.8377 3.025 0.7617 1.8171 2.9499 0.987 1.4727 2.9852 0.9371 1.4722 3.0334 0.6448 1.5749 3.173 0.5263 1.8677 3.1144 0.5408 1.8419 3.0783 0.4607 1.6807 2.8808 0.375 1.6623 2.8278 0.4129 1.6174 2.8253 0.4695 1.5454 2.8363 0.4147 1.6107 2.7707 0.7436 1.3747 2.8064 1.1988 1.1895 2.8829 1.2067 1.1755 2.934 1.1752 1.1513 2.9252 1.0605 1.353 2.9534 1.0224 1.3412 2.4582 1.9081 -0.2091 2.5542 1.7781 -0.3563 2.5993 1.6185 -0.3703 2.6468 1.6628 -0.3938 2.6387 1.7897 -0.4129 2.6872 1.7932 -0.3711 2.6602 1.2758 -0.0566 2.704 1.3031 0.0725 2.6424 1.2475 0.0158 2.7253 1.4195 0.1138 2.4867 1.2844 0.071 2.5857 1.2367 0.0345 2.8122 1.6612 0.1669 2.3807 1.4113 0.0303 2.2997 1.625 -0.1906 2.666 1.9033 -0.0031 2.6375 1.9238 -0.0557 2.4887 1.9178 -0.0381 2.4769 1.8607 0.0505 2.4456 1.906 -0.0222 2.717 1.9177 -0.3317 2.843 1.7028 0.0901 2.8994 1.294 0.8406 2.8646 1.2434 0.8169 2.8214 1.3697 0.4552 2.2863 1.6544 -0.0036 2.2575 1.6845 -0.0491 2.294 1.971 -0.021 2.3867 1.9513 -0.0807 2.5484 1.9714 -0.1513 2.2364 1.7164 -0.1457 2.768 1.7351 0.194 2.362 1.5708 0.0862 2.4593 1.379 0.1239 2.4448 1.4594 0.15 2.7274 1.13 1.1754 2.9247 0.4732 1.5192 2.975 0.3624 1.7582 2.9456 0.4007 1.5547 3.1647 0.5115 1.9132 3.1724 0.5638 1.9261 2.8972 0.6474 1.3994 2.9118 0.5617 1.4649 2.7831 0.8525 1.5372 3.0115 0.8341 1.7504 2.8987 0.8137 1.8311 2.7612 0.4684 1.6352 2.8107 0.4575 1.803 2.82 0.6532 1.9202 3.0969 0.4896 1.984 2.9468 1.1456 1.1348 2.9763 0.9912 1.3356 3.0837 0.6405 1.7754 2.9006 1.3115 0.8485 2.8514 1.5009 0.4808 2.8085 1.6358 0.2676 2.797 1.6924 0.1869 2.9542 0.4714 1.5063 2.7421 1.615 -0.152 2.7333 1.9125 -0.3119 2.7093 1.4223 0.0548 2.461 1.7855 0.1703 2.4894 1.7876 0.1573 3.0834 0.6618 1.7543 3.101 0.7251 1.6864 2.9643 0.4056 1.5421 3.1758 0.5829 1.9005 2.8134 0.4698 1.5465 2.8036 0.7563 1.8034 2.8279 0.6984 1.8389 2.7915 0.7704 1.7615 2.7982 0.752 1.7902 2.7934 0.7531 1.7695 2.2195 1.7961 0.0102 2.593 1.9474 -0.1032 2.2857 1.905 0.0623 2.3329 1.9192 0.0472 2.2495 1.9537 -0.0052 2.2463 1.8547 0.0695 2.2195 1.8915 0.0211 2.8076 0.6833 1.7898 2.958 0.4432 1.5198 3.0225 0.449 1.5143 2.7785 0.5978 1.8032 2.954 0.8404 1.9257 3.0502 0.805 1.9049 2.8125 0.5353 1.4769 2.9597 0.4133 1.5328 3.0943 0.7167 1.6706 3.0597 0.6293 1.6752 3.0387 0.749 1.5506 3.09 0.7254 1.6505 3.0421 0.665 1.5929 3.089 0.746 1.6401 3.0782 0.8278 1.6186 3.0659 0.832 1.5618 2.4476 1.8615 0.06 2.417 1.9067 -0.0111 2.3218 1.8563 0.1298 2.3719 1.8674 0.1153 2.6619 1.4206 -0.059 2.7033 1.7877 -0.352 2.5886 1.5263 -0.4114 2.6774 1.321 -0.0664 2.7201 1.3392 0.0615 2.508 1.2067 -0.1363 2.824 0.9879 1.0389 2.8021 0.9835 1.0449 2.9449 1.1295 1.1246 2.9768 0.9756 1.3253 2.773 0.8917 1.4474 2.7879 0.5299 1.805 2.7019 1.1405 0.8192 2.7592 1.0038 1.076 2.9486 0.939 1.2919 2.8617 1.0214 1.0457 2.906 1.0791 1.0878 2.2732 1.8179 0.1179 2.7264 1.6901 0.3374 2.7805 1.6675 0.3003 2.82 1.5532 0.5022 2.8784 1.3555 0.8673 2.1824 1.8352 -0.071 2.1702 1.944 -0.0704 2.6216 1.7934 -0.4092 2.8024 1.7636 -0.1647 2.5949 1.7465 0.2435 2.756 1.7786 -0.2637 2.4677 1.9866 -0.2044 3.1696 0.6162 1.9411'/>
          </IndexedFaceSet>
        </Shape>
        <Shape DEF='lmet3'>
          <Appearance>
            <Material ambientIntensity='0.965' diffuseColor='1 0.9765 0.8667' emissiveColor='0 0 0' shininess='0.05' specularColor='0.349 0.349 0.349'/>
          </Appearance>
          <IndexedFaceSet DEF='lmet3_Geo' coordIndex='0 1 2 -1 3 4 5 -1 6 7 8 -1 9 10 11 -1 12 13 14 -1 15 16 17 -1 18 19 20 -1 21 22 23 -1 24 25 26 -1 24 27 25 -1 28 29 30 -1 31 32 33 -1 32 34 33 -1 35 36 37 -1 38 39 40 -1 41 42 43 -1 42 39 43 -1 44 35 45 -1 44 36 35 -1 42 41 46 -1 46 47 42 -1 48 49 50 -1 51 52 53 -1 54 55 56 -1 57 58 59 -1 60 61 62 -1 60 63 61 -1 64 65 66 -1 66 67 64 -1 66 57 67 -1 68 69 70 -1 68 71 69 -1 72 73 74 -1 74 75 72 -1 76 77 30 -1 77 78 30 -1 79 80 81 -1 79 82 80 -1 83 4 3 -1 83 84 4 -1 85 86 87 -1 85 88 86 -1 89 90 91 -1 92 93 94 -1 93 95 94 -1 21 96 22 -1 21 97 96 -1 98 99 100 -1 98 101 99 -1 102 103 104 -1 102 105 103 -1 106 107 108 -1 108 109 106 -1 110 111 112 -1 113 114 115 -1 113 116 114 -1 117 114 116 -1 118 119 90 -1 120 121 122 -1 123 124 14 -1 14 125 123 -1 126 127 128 -1 129 130 131 -1 131 132 129 -1 133 134 135 -1 135 136 133 -1 137 134 133 -1 138 139 140 -1 141 142 143 -1 141 11 142 -1 144 145 146 -1 145 147 146 -1 147 148 146 -1 149 150 151 -1 152 153 50 -1 154 155 156 -1 157 158 8 -1 8 159 157 -1 7 6 160 -1 160 161 7 -1 106 109 162 -1 163 137 164 -1 102 165 166 -1 166 23 102 -1 21 23 167 -1 23 166 167 -1 30 78 28 -1 30 29 168 -1 29 169 168 -1 170 171 172 -1 173 174 175 -1 39 42 176 -1 35 37 177 -1 177 178 35 -1 37 179 180 -1 180 177 37 -1 181 170 174 -1 181 66 170 -1 182 183 184 -1 115 114 185 -1 186 187 188 -1 187 189 188 -1 190 165 191 -1 190 192 165 -1 193 194 109 -1 109 108 193 -1 195 140 196 -1 126 128 197 -1 198 199 200 -1 198 118 199 -1 17 111 110 -1 201 202 203 -1 101 152 204 -1 101 98 152 -1 205 194 193 -1 206 207 208 -1 206 209 207 -1 116 210 211 -1 212 213 214 -1 213 215 214 -1 216 217 218 -1 218 219 216 -1 189 220 221 -1 107 106 100 -1 153 98 222 -1 153 152 98 -1 223 191 224 -1 191 104 224 -1 18 20 225 -1 226 227 228 -1 16 229 17 -1 229 230 17 -1 118 90 199 -1 231 232 233 -1 233 162 231 -1 234 207 235 -1 207 52 235 -1 167 166 236 -1 53 207 209 -1 53 52 207 -1 237 238 148 -1 237 234 238 -1 239 240 241 -1 239 242 240 -1 138 243 244 -1 244 245 138 -1 246 247 248 -1 246 164 247 -1 11 141 249 -1 249 250 11 -1 126 197 141 -1 90 119 95 -1 92 251 93 -1 92 136 251 -1 249 121 252 -1 249 197 121 -1 253 254 120 -1 255 164 137 -1 255 256 247 -1 247 164 255 -1 257 258 184 -1 259 260 160 -1 260 161 160 -1 261 262 263 -1 261 264 262 -1 32 265 266 -1 267 268 269 -1 270 271 272 -1 273 82 71 -1 82 274 71 -1 275 82 276 -1 82 79 276 -1 171 170 66 -1 277 67 57 -1 278 176 213 -1 176 279 213 -1 280 76 281 -1 41 282 46 -1 283 76 280 -1 283 77 76 -1 41 43 180 -1 284 40 285 -1 284 38 40 -1 286 287 288 -1 286 84 287 -1 45 87 86 -1 0 289 1 -1 288 290 284 -1 178 177 43 -1 45 291 292 -1 73 293 294 -1 294 295 73 -1 296 297 270 -1 270 272 296 -1 298 34 75 -1 34 72 75 -1 34 266 72 -1 34 32 266 -1 45 86 291 -1 292 44 45 -1 284 290 38 -1 87 290 288 -1 87 45 290 -1 87 288 287 -1 299 300 284 -1 301 302 303 -1 303 26 301 -1 177 180 43 -1 77 294 293 -1 77 283 294 -1 179 304 282 -1 304 305 282 -1 306 280 281 -1 306 307 280 -1 308 309 310 -1 310 169 308 -1 311 312 313 -1 58 314 315 -1 58 316 314 -1 66 65 171 -1 65 317 171 -1 82 275 274 -1 318 319 69 -1 68 3 71 -1 320 310 309 -1 321 322 323 -1 323 48 321 -1 6 8 261 -1 256 324 160 -1 256 255 324 -1 255 133 324 -1 255 137 133 -1 121 120 254 -1 254 252 121 -1 133 136 92 -1 92 324 133 -1 93 251 91 -1 251 129 91 -1 95 119 325 -1 325 94 95 -1 118 198 326 -1 198 327 326 -1 11 250 9 -1 140 195 246 -1 246 138 140 -1 246 243 138 -1 246 248 243 -1 145 328 147 -1 145 186 328 -1 240 329 241 -1 329 330 241 -1 148 96 146 -1 148 238 96 -1 102 191 165 -1 102 104 191 -1 159 185 157 -1 159 331 185 -1 264 332 262 -1 158 264 261 -1 261 8 158 -1 226 333 334 -1 333 335 334 -1 116 113 210 -1 336 113 337 -1 336 210 113 -1 161 338 159 -1 338 331 159 -1 339 112 211 -1 228 340 49 -1 49 226 228 -1 222 98 100 -1 219 214 216 -1 219 341 214 -1 342 343 344 -1 217 216 345 -1 345 315 217 -1 303 346 347 -1 347 348 303 -1 349 300 299 -1 299 302 349 -1 322 350 323 -1 351 204 50 -1 204 152 50 -1 190 191 223 -1 193 108 352 -1 107 100 99 -1 99 51 107 -1 17 110 15 -1 337 353 336 -1 337 199 353 -1 198 115 327 -1 198 200 115 -1 131 197 128 -1 131 121 197 -1 352 209 354 -1 209 206 354 -1 209 108 53 -1 209 352 108 -1 150 149 236 -1 149 167 236 -1 261 263 6 -1 258 182 184 -1 355 63 313 -1 356 84 286 -1 181 57 66 -1 45 178 290 -1 45 35 178 -1 320 357 310 -1 62 61 358 -1 317 172 171 -1 317 80 172 -1 47 359 42 -1 47 312 359 -1 306 360 307 -1 360 361 307 -1 97 144 146 -1 146 96 97 -1 165 202 236 -1 236 166 165 -1 362 132 363 -1 132 127 363 -1 10 123 137 -1 12 14 124 -1 124 364 12 -1 9 250 364 -1 10 137 163 -1 365 233 156 -1 244 366 194 -1 366 231 194 -1 367 368 256 -1 368 247 256 -1 333 323 350 -1 333 226 323 -1 156 155 222 -1 155 153 222 -1 222 365 156 -1 369 227 229 -1 227 334 229 -1 370 16 15 -1 15 201 370 -1 226 334 227 -1 242 206 208 -1 208 240 242 -1 194 205 371 -1 141 143 126 -1 143 372 126 -1 189 373 188 -1 161 260 338 -1 374 116 211 -1 374 117 116 -1 375 114 117 -1 199 337 200 -1 51 53 108 -1 108 107 51 -1 102 23 22 -1 22 105 102 -1 106 365 222 -1 222 100 106 -1 376 105 22 -1 95 91 90 -1 95 93 91 -1 160 324 259 -1 287 0 87 -1 0 85 87 -1 305 283 280 -1 305 304 283 -1 377 81 355 -1 377 79 81 -1 3 5 172 -1 172 273 3 -1 2 85 0 -1 378 2 1 -1 269 379 267 -1 269 276 379 -1 281 76 30 -1 30 168 281 -1 72 293 73 -1 72 266 293 -1 54 60 62 -1 64 380 65 -1 64 381 380 -1 55 358 382 -1 317 65 380 -1 201 203 19 -1 19 370 201 -1 20 192 225 -1 192 190 225 -1 383 384 385 -1 59 56 57 -1 38 43 39 -1 36 44 294 -1 386 387 307 -1 388 289 0 -1 26 173 301 -1 26 25 173 -1 24 26 348 -1 26 303 348 -1 389 25 27 -1 24 144 97 -1 24 348 144 -1 321 48 155 -1 9 364 124 -1 197 249 141 -1 10 163 11 -1 3 273 71 -1 309 267 320 -1 175 390 391 -1 392 390 175 -1 21 24 97 -1 27 24 21 -1 393 167 149 -1 393 389 167 -1 314 389 393 -1 25 389 314 -1 388 394 289 -1 388 395 394 -1 396 397 398 -1 396 298 397 -1 28 399 29 -1 265 399 28 -1 318 270 319 -1 318 271 270 -1 385 59 383 -1 385 56 59 -1 340 50 49 -1 340 351 50 -1 203 20 19 -1 203 192 20 -1 381 63 380 -1 381 61 63 -1 306 320 360 -1 357 320 306 -1 275 269 271 -1 275 276 269 -1 395 400 401 -1 395 388 400 -1 378 402 2 -1 378 403 402 -1 168 306 281 -1 306 168 357 -1 274 69 71 -1 274 318 69 -1 77 266 78 -1 77 293 266 -1 84 0 287 -1 83 0 84 -1 313 307 361 -1 313 386 307 -1 295 291 404 -1 295 292 291 -1 387 280 307 -1 387 305 280 -1 294 292 295 -1 292 294 44 -1 324 94 259 -1 92 94 324 -1 104 405 224 -1 103 405 104 -1 200 113 115 -1 200 337 113 -1 326 119 118 -1 326 325 119 -1 13 406 407 -1 13 253 406 -1 142 196 408 -1 196 142 11 -1 329 208 237 -1 329 240 208 -1 242 354 206 -1 242 409 354 -1 151 201 15 -1 151 150 201 -1 16 369 229 -1 16 370 369 -1 162 365 106 -1 162 233 365 -1 350 375 333 -1 350 410 375 -1 247 411 248 -1 368 411 247 -1 243 366 244 -1 412 366 243 -1 48 153 155 -1 48 50 153 -1 160 367 256 -1 367 160 6 -1 252 250 249 -1 364 250 252 -1 130 121 131 -1 121 130 122 -1 407 413 135 -1 406 413 407 -1 137 125 134 -1 125 137 123 -1 90 414 199 -1 414 90 89 -1 132 415 129 -1 415 132 362 -1 126 363 127 -1 363 126 373 -1 150 202 201 -1 236 202 150 -1 110 416 417 -1 110 418 416 -1 414 353 199 -1 419 353 414 -1 312 386 313 -1 386 312 47 -1 317 81 80 -1 380 81 317 -1 312 384 359 -1 312 311 384 -1 349 286 300 -1 356 286 349 -1 380 355 81 -1 355 380 63 -1 154 233 232 -1 154 156 233 -1 6 420 367 -1 420 6 263 -1 239 409 242 -1 409 239 421 -1 339 353 418 -1 336 353 339 -1 192 202 165 -1 192 203 202 -1 351 223 204 -1 190 223 351 -1 230 334 335 -1 230 229 334 -1 303 299 346 -1 303 302 299 -1 144 347 187 -1 144 348 347 -1 416 341 219 -1 416 419 341 -1 59 315 345 -1 58 315 59 -1 344 422 423 -1 344 343 422 -1 423 212 424 -1 212 423 422 -1 89 424 414 -1 424 89 423 -1 111 230 374 -1 17 230 111 -1 417 219 218 -1 416 219 417 -1 327 185 331 -1 327 115 185 -1 374 335 117 -1 335 374 230 -1 333 117 335 -1 333 375 117 -1 410 264 158 -1 332 264 410 -1 185 375 157 -1 375 185 114 -1 105 235 103 -1 105 376 235 -1 238 235 376 -1 234 235 238 -1 329 328 330 -1 329 147 328 -1 187 145 144 -1 187 186 145 -1 241 143 142 -1 241 330 143 -1 195 11 163 -1 195 196 11 -1 246 163 164 -1 195 163 246 -1 362 344 415 -1 362 342 344 -1 326 331 338 -1 326 327 331 -1 325 259 94 -1 260 259 325 -1 412 257 366 -1 412 258 257 -1 368 182 411 -1 368 183 182 -1 410 322 332 -1 322 410 350 -1 367 183 368 -1 420 183 367 -1 155 262 321 -1 155 425 262 -1 181 173 316 -1 174 173 181 -1 426 267 309 -1 268 267 426 -1 427 381 64 -1 427 382 381 -1 393 315 314 -1 217 315 393 -1 382 61 381 -1 382 358 61 -1 215 216 214 -1 215 345 216 -1 359 383 279 -1 383 359 384 -1 279 42 359 -1 42 279 176 -1 309 428 426 -1 308 428 309 -1 169 399 308 -1 399 169 29 -1 265 78 266 -1 28 78 265 -1 304 37 36 -1 304 179 37 -1 343 278 422 -1 343 40 278 -1 346 284 285 -1 299 284 346 -1 349 301 391 -1 349 302 301 -1 300 288 284 -1 300 286 288 -1 3 400 83 -1 400 3 68 -1 73 404 74 -1 73 295 404 -1 74 88 402 -1 88 74 404 -1 88 2 402 -1 2 88 85 -1 401 398 395 -1 401 429 398 -1 396 429 430 -1 429 396 398 -1 33 428 31 -1 33 431 428 -1 431 297 296 -1 431 430 297 -1 296 428 431 -1 428 296 426 -1 396 431 33 -1 396 430 431 -1 268 296 272 -1 426 296 268 -1 430 432 297 -1 432 430 429 -1 70 429 401 -1 432 429 70 -1 403 394 397 -1 394 403 378 -1 298 403 397 -1 75 403 298 -1 388 83 400 -1 388 0 83 -1 84 390 4 -1 84 356 390 -1 356 391 390 -1 356 349 391 -1 347 285 220 -1 346 285 347 -1 220 40 343 -1 285 40 220 -1 176 40 39 -1 40 176 278 -1 46 305 387 -1 305 46 282 -1 308 31 428 -1 399 31 308 -1 377 360 379 -1 361 360 377 -1 213 422 278 -1 213 212 422 -1 345 383 59 -1 383 345 215 -1 60 313 63 -1 60 311 313 -1 316 57 181 -1 57 316 58 -1 67 427 64 -1 67 277 427 -1 316 25 314 -1 316 173 25 -1 79 379 276 -1 79 377 379 -1 271 268 272 -1 268 271 269 -1 263 425 420 -1 263 262 425 -1 332 321 262 -1 322 321 332 -1 184 155 154 -1 155 184 425 -1 411 258 412 -1 258 411 182 -1 154 257 184 -1 154 232 257 -1 257 231 366 -1 257 232 231 -1 253 12 254 -1 12 253 13 -1 415 423 89 -1 423 415 344 -1 363 342 362 -1 221 342 363 -1 373 221 363 -1 373 189 221 -1 245 139 138 -1 139 245 421 -1 142 239 241 -1 408 239 142 -1 330 372 143 -1 330 328 372 -1 207 237 208 -1 207 234 237 -1 371 421 245 -1 409 421 371 -1 376 96 238 -1 376 22 96 -1 52 103 235 -1 52 405 103 -1 194 245 244 -1 194 371 245 -1 424 419 414 -1 341 419 424 -1 151 218 149 -1 417 218 151 -1 228 369 18 -1 369 228 227 -1 18 340 228 -1 225 340 18 -1 204 224 101 -1 204 223 224 -1 51 405 52 -1 405 51 99 -1 217 149 218 -1 393 149 217 -1 212 341 424 -1 212 214 341 -1 215 279 383 -1 213 279 215 -1 211 336 339 -1 211 210 336 -1 18 370 19 -1 18 369 370 -1 354 193 352 -1 205 193 354 -1 112 418 110 -1 339 418 112 -1 343 221 220 -1 342 221 343 -1 408 421 239 -1 421 408 139 -1 187 220 189 -1 187 347 220 -1 420 184 183 -1 420 425 184 -1 432 69 319 -1 432 70 69 -1 282 180 179 -1 180 282 41 -1 170 175 174 -1 170 392 175 -1 5 170 172 -1 5 392 170 -1 169 357 168 -1 169 310 357 -1 418 419 416 -1 418 353 419 -1 15 417 151 -1 15 110 417 -1 188 328 186 -1 188 372 328 -1 89 129 415 -1 89 91 129 -1 134 407 135 -1 407 134 125 -1 406 130 413 -1 122 130 406 -1 323 49 48 -1 323 226 49 -1 412 248 411 -1 412 243 248 -1 8 161 159 -1 8 7 161 -1 157 410 158 -1 157 375 410 -1 231 109 194 -1 231 162 109 -1 409 205 354 -1 409 371 205 -1 237 147 329 -1 147 237 148 -1 196 139 408 -1 140 139 196 -1 372 373 126 -1 372 188 373 -1 413 129 251 -1 413 130 129 -1 135 251 136 -1 251 135 413 -1 132 128 127 -1 131 128 132 -1 10 124 123 -1 124 10 9 -1 14 407 125 -1 407 14 13 -1 253 122 406 -1 253 120 122 -1 254 364 252 -1 254 12 364 -1 325 338 260 -1 325 326 338 -1 374 112 111 -1 112 374 211 -1 405 101 224 -1 101 405 99 -1 283 36 294 -1 36 283 304 -1 361 355 313 -1 377 355 361 -1 86 404 291 -1 88 404 86 -1 82 172 80 -1 273 172 82 -1 75 402 403 -1 75 74 402 -1 378 289 394 -1 378 1 289 -1 68 401 400 -1 70 401 68 -1 274 271 318 -1 274 275 271 -1 379 320 267 -1 379 360 320 -1 382 277 55 -1 427 277 382 -1 62 55 54 -1 55 62 358 -1 60 56 385 -1 60 54 56 -1 385 311 60 -1 385 384 311 -1 351 225 190 -1 340 225 351 -1 47 387 386 -1 387 47 46 -1 178 38 290 -1 43 38 178 -1 319 297 432 -1 319 270 297 -1 399 32 31 -1 399 265 32 -1 33 298 396 -1 33 34 298 -1 397 395 398 -1 397 394 395 -1 389 21 167 -1 389 27 21 -1 175 301 173 -1 175 391 301 -1 55 57 56 -1 57 55 277 -1 4 392 5 -1 4 390 392 -1' creaseAngle='1.571'>
            <Coordinate DEF='lmet3_Coord' point='3.3468 0.4715 1.3586 3.3243 0.4232 1.4228 3.3198 0.4403 1.4474 3.5536 0.4336 1.2846 3.5349 0.4558 1.267 3.5543 0.4579 1.2779 2.823 1.7979 -0.2269 2.8155 1.9169 -0.1679 2.9088 1.9482 -0.2178 2.8199 1.473 -0.137 2.8099 1.4845 -0.1716 2.7959 1.31 -0.1417 2.8506 1.5483 -0.0436 2.8452 1.5846 -0.0231 2.8313 1.5876 -0.0633 3.2955 1.5524 0.0187 3.3098 1.6315 -0.0567 3.2801 1.6788 -0.0144 3.2948 1.6129 -0.1765 3.2923 1.5361 -0.0947 3.2777 1.5169 -0.1192 3.262 1.215 0.2613 3.2202 1.2444 0.1217 3.236 1.2725 0.1201 3.3258 1.0556 0.5693 3.4172 0.9216 0.8744 3.3832 0.9087 0.8807 3.3497 1.0683 0.5678 3.3304 0.6823 1.7677 3.3435 0.6925 1.7748 3.3272 0.7589 1.7264 3.405 0.5398 1.8216 3.3843 0.5407 1.8143 3.4075 0.4292 1.7455 3.3902 0.4375 1.7395 3.3016 0.6036 1.5395 3.3377 0.5971 1.6753 3.2511 0.6653 1.5435 3.2605 0.8337 1.2974 3.2645 0.8556 1.3071 3.1835 1.0425 1.013 3.3146 0.8662 1.4527 3.323 0.8803 1.4339 3.2554 0.8346 1.3197 3.3437 0.5766 1.6705 3.3211 0.5718 1.5315 3.3821 0.8367 1.5548 3.4024 0.8413 1.5464 3.1517 1.6287 -0.4542 3.187 1.6239 -0.4351 3.155 1.5878 -0.4407 3.0563 1.3338 -0.362 3.0868 1.2845 -0.29 3.0397 1.3024 -0.3691 3.5254 0.8065 1.4912 3.5798 0.7396 1.4493 3.4858 0.8514 1.3709 3.5149 0.7665 1.2868 3.486 0.8398 1.2182 3.4743 0.8831 1.269 3.497 0.817 1.5194 3.5645 0.7556 1.5454 3.5358 0.7957 1.5151 3.5551 0.7536 1.5701 3.6239 0.6075 1.464 3.6131 0.5797 1.4711 3.5433 0.6271 1.3479 3.5706 0.6489 1.3825 3.5655 0.382 1.3157 3.6605 0.3853 1.3611 3.5698 0.3629 1.3436 3.6503 0.4133 1.3491 3.3813 0.4484 1.7216 3.3846 0.4648 1.7076 3.3736 0.4171 1.6213 3.38 0.3981 1.6277 3.3275 0.7692 1.6986 3.3174 0.6646 1.7297 3.3252 0.6741 1.7585 3.6487 0.5893 1.6185 3.6317 0.5057 1.4966 3.6339 0.602 1.587 3.66 0.468 1.512 3.4127 0.461 1.3189 3.4056 0.4923 1.3021 3.3222 0.459 1.4632 3.3526 0.4505 1.5406 3.3252 0.4812 1.462 3.3528 0.4338 1.5381 3.0483 1.6074 0.2652 3.0085 1.6847 0.1558 2.992 1.654 0.1562 2.8911 1.6887 -0.0337 2.9319 1.6765 0.0595 2.8952 1.7165 -0.0254 2.9406 1.7118 0.0591 3.2049 1.2212 0.1216 3.2353 1.2026 0.2633 2.9601 1.4449 -0.4346 3.0791 1.3903 -0.3452 2.9668 1.4122 -0.435 3.0861 1.4267 -0.3474 3.2024 1.3377 -0.0331 3.145 1.3818 -0.2105 3.1563 1.4161 -0.2048 3.1963 1.3032 -0.0435 2.9735 1.3805 -0.4735 3.0024 1.3842 -0.4148 2.9931 1.3524 -0.4257 2.9661 1.3599 -0.4764 3.2887 1.6113 0.0599 3.2419 1.6881 0.0016 3.2188 1.693 0.009 3.0839 1.8245 -0.0046 3.0967 1.8569 -0.1851 3.0674 1.8365 -0.0117 3.1122 1.8355 -0.1533 3.1151 1.8482 -0.1952 2.9983 1.7871 0.101 2.9721 1.7811 0.0867 2.8649 1.5347 0.0546 2.8807 1.4892 0.102 2.8767 1.5541 0.079 2.8012 1.5675 -0.1182 2.8125 1.5465 -0.0941 2.8316 1.6198 -0.0778 2.9606 1.3252 0.1017 2.9358 1.3675 0.1544 2.9243 1.3727 0.1379 2.9317 1.557 0.1425 2.9185 1.5498 0.1292 2.9224 1.4694 0.1628 2.934 1.4717 0.1812 2.8436 1.6777 -0.1358 2.8425 1.658 -0.1276 2.8742 1.6547 -0.0344 2.8845 1.6739 -0.0357 2.7952 1.5748 -0.2039 2.6751 1.2553 -0.4298 2.7433 1.2715 -0.3787 2.7369 1.2993 -0.3654 2.8552 1.3091 -0.0279 2.8067 1.2808 -0.1407 2.8683 1.2787 -0.0371 3.2008 1.1935 0.2747 3.1514 1.2077 0.1323 3.1801 1.2087 0.124 3.0926 1.1909 0.0153 3.1204 1.1834 -0.0035 3.3488 1.341 0.2866 3.3142 1.4245 0.142 3.3192 1.4562 0.1545 3.0193 1.5187 -0.4316 2.9782 1.5342 -0.4572 2.9002 1.4242 -0.48 2.9573 1.5521 -0.4601 2.9164 1.4083 -0.4932 3.0103 1.9339 -0.2537 3.0015 1.928 -0.2656 2.9188 1.9488 -0.195 2.8076 1.7903 -0.1923 2.8137 1.9196 -0.1217 2.9556 1.3724 -0.4837 2.7918 1.4205 -0.2676 2.721 1.5013 -0.2765 3.2155 1.3938 -0.0176 3.2663 1.3334 0.114 3.3211 1.2551 0.2729 3.3484 0.7794 1.7266 3.3961 0.7199 1.7724 3.524 0.594 1.289 3.5854 0.5421 1.3578 3.6141 0.4789 1.3491 3.4426 0.7473 1.134 3.4799 0.6824 1.2224 3.4606 0.6583 1.1954 3.307 0.9286 1.3295 3.2442 0.7713 1.4006 3.2773 0.7261 1.3807 3.2531 0.739 1.5556 3.2411 0.7996 1.4168 3.5064 0.7141 1.2584 2.6957 1.4588 -0.3811 2.7211 1.5201 -0.3565 2.8213 1.5006 -0.4161 3.0426 1.8978 -0.152 3.0645 1.2355 0.1696 3.1124 1.2145 0.2742 3.0305 1.2856 0.1937 3.0551 1.2762 0.304 3.2174 1.4941 -0.2192 3.1763 1.4647 -0.201 3.2577 1.4851 -0.0901 2.8802 1.2238 -0.4865 2.8482 1.2125 -0.5165 2.7611 1.3585 -0.3402 2.7659 1.2925 -0.3028 2.8872 1.373 0.1159 3.0264 1.7926 0.0908 3.0829 1.722 0.1457 3.069 1.7797 0.0753 3.2898 1.518 0.0085 3.264 1.4597 -0.0066 3.2736 1.495 -0.0436 3.123 1.4698 -0.3219 2.8603 1.2087 -0.4799 2.9348 1.211 -0.3583 3.0587 1.2162 -0.2945 2.9767 1.1848 -0.2504 2.9958 1.2473 -0.3808 3.1336 1.7881 -0.0333 3.1679 1.7579 -0.0399 3.2205 1.345 0.7075 3.2746 1.1484 1.0193 3.2763 1.3338 0.6837 3.336 1.1483 1.0016 3.336 1.2992 0.6592 3.3801 1.231 0.6367 3.3204 1.4421 0.3084 3.2613 1.5089 0.321 3.1432 1.1469 0.6522 3.0335 1.3055 0.3164 2.9409 1.4231 -0.4764 3.1732 1.4722 -0.2237 3.1422 1.425 -0.2404 3.2308 1.5139 -0.2174 3.2439 1.7827 -0.3989 3.2878 1.7533 -0.309 3.26 1.6928 -0.3256 3.3279 1.7132 -0.1351 3.2657 1.7485 -0.0895 2.8417 1.2388 -0.5237 2.8434 1.3303 -0.4976 2.9151 1.3932 -0.4992 3.0937 1.195 -0.1801 3.1231 1.2527 -0.2139 3.2811 1.3711 0.1223 3.0364 1.1628 -0.1247 3.1595 1.1889 -0.0322 2.8255 1.2166 -0.3265 2.9471 1.1855 -0.2341 2.8631 1.2225 -0.1863 2.9044 1.2054 -0.3448 2.6447 1.2816 -0.4461 2.7063 1.2136 -0.4909 2.7465 1.207 -0.4637 2.6974 1.4198 -0.3416 2.6831 1.514 -0.304 2.6532 1.4345 -0.3549 2.8464 1.4132 -0.0134 2.8301 1.4361 -0.0861 2.9089 1.655 0.059 2.8617 1.5128 0.0011 2.8549 1.575 0.022 2.8617 1.5337 0.0065 2.7266 1.6449 -0.2396 2.7173 1.6617 -0.2534 2.7526 1.3313 -0.48 2.694 1.3478 -0.4522 2.8179 1.7841 -0.1468 2.8117 1.8899 -0.0831 2.9019 1.8119 -0.2639 2.9258 1.6889 -0.3693 2.8693 1.7436 -0.29 2.9821 1.8324 -0.3271 3.3651 0.5895 1.8156 3.3443 0.552 1.7875 3.624 0.6478 1.7473 3.672 0.5234 1.7312 3.6996 0.5383 1.6687 3.6986 0.4081 1.6112 3.7244 0.4559 1.5902 3.6926 0.4314 1.6472 3.6348 0.4456 1.3525 3.7102 0.4244 1.4795 3.7203 0.4708 1.5801 3.6952 0.5486 1.6528 3.5921 0.7166 1.4461 3.2327 1.1142 1.0334 3.3543 0.9385 1.3254 3.3467 0.7682 1.6655 3.3409 0.7849 1.7001 3.3307 0.8288 1.5615 3.3207 0.6634 1.6984 3.2798 0.7587 1.2528 3.2168 0.9723 0.9714 3.3774 0.582 1.2536 3.3434 0.5112 1.3401 3.323 0.6279 1.3109 3.3352 0.4083 1.4152 3.2902 0.6989 1.3611 3.3647 0.4616 1.5856 3.3672 0.4898 1.6227 3.3359 0.5547 1.7584 3.3457 0.577 1.7047 3.372 0.4767 1.6399 3.6273 0.4217 1.7239 3.5986 0.3562 1.6197 3.3983 0.3855 1.6492 3.3379 0.7346 1.1789 3.3575 0.6641 1.2078 3.4263 0.737 1.131 3.3825 0.7234 1.1419 3.3414 0.9094 0.8979 3.3118 0.6801 1.6693 3.3435 0.7716 1.6412 3.4181 0.802 1.6974 3.4331 0.7739 1.6584 3.4642 0.6404 1.8289 3.5609 0.6648 1.7957 3.4616 0.7563 1.7573 3.4669 0.8366 1.5332 3.4513 0.8383 1.5362 3.4985 0.7771 1.6168 3.4422 0.975 0.8949 3.4217 1.0539 0.9374 3.4793 0.7915 1.1699 3.6209 0.5534 1.4828 3.7124 0.4084 1.4832 3.6758 0.366 1.4955 3.5168 0.7873 1.7347 3.05 1.6366 -0.4438 3.1166 1.7685 -0.3933 3.2039 1.7902 -0.4169 2.8148 1.7429 -0.1583 2.8956 1.8263 0.0167 2.9185 1.8555 0.0115 2.9875 1.8402 0.0168 3.011 1.2491 0.0654 3.0071 1.1665 -0.1095 2.9177 1.2254 -0.0661 2.9373 1.9134 -0.1255 3.0213 1.8146 -0.3503 3.1688 1.8569 -0.3506 3.2835 1.7823 -0.2939 3.2115 1.8283 -0.2415 3.149 1.7402 0.0451 3.0884 1.7718 0.0682 2.8392 1.9159 -0.0802 3.1917 1.7108 0.023 3.1949 1.5522 -0.3295 3.2156 1.5562 0.3346 3.0078 1.3844 0.3455 3.1133 1.227 0.6978 3.0208 1.443 0.3559 3.4013 1.114 0.9716 3.2772 0.9297 0.934 3.2131 1.0835 0.6119 3.2818 1.0715 0.5947 3.395 0.6587 1.1994 3.158 1.8508 -0.3625 3.1807 1.5319 -0.3311 2.9376 1.2627 -0.4126 3.1643 1.6922 0.1235 2.8966 1.2306 -0.4211 3.5692 0.706 1.6101 3.4021 0.5774 1.2465 3.4183 0.7951 1.7255 3.5884 0.7322 1.4751 3.3918 0.8931 1.4171 3.5208 0.7954 1.7063 3.5039 0.7743 1.6438 2.9684 1.4275 0.2585 2.9887 1.3433 0.2302 2.8499 1.5285 -0.0527 2.924 1.4031 -0.4924 2.7088 1.2335 -0.5042 2.7242 1.6669 -0.2705 2.6889 1.524 -0.3329 3.3246 1.6755 -0.1522 3.3134 1.6099 -0.0793 2.8317 1.2022 -0.4743 2.9815 1.2979 0.0917 3.0113 1.3127 0.2093 3.1807 1.7655 -0.0559 3.0752 1.8897 -0.3144 3.1893 1.2472 -0.0615 3.5693 0.7056 1.6434 3.3257 0.4128 1.4397 3.6181 0.681 1.709 3.6229 0.6273 1.5684 3.6232 0.6489 1.5478 3.5984 0.7173 1.465 3.4001 0.9286 1.3121 3.4314 0.8854 1.4065 3.4394 0.8805 1.4027 3.4281 0.7779 1.6235 3.4147 0.7774 1.6256 3.3534 0.3983 1.4059 3.3779 1.0876 0.5737 3.4722 0.5595 1.23 3.4388 0.6524 1.1898 3.4918 0.5675 1.234 3.4016 1.157 0.6059 3.3376 0.3957 1.431 3.3561 0.3862 1.4218 3.4166 0.3745 1.6529 3.3856 0.3531 1.557 3.4052 0.3413 1.5532 3.3812 0.5985 1.8244 3.4367 0.3714 1.3623 3.444 0.3591 1.3763 3.3585 0.3951 1.5491 3.3649 0.3742 1.5478 3.3685 0.443 1.595 3.1312 1.39 -0.2404 2.8636 1.6043 0.0347 2.8507 1.6174 -0.024 2.7769 1.262 -0.3056 2.8681 1.2217 -0.4053 3.0669 1.8839 -0.327 2.6553 1.4428 -0.372 2.6499 1.2948 -0.4621 2.895 1.6386 0.0525 3.1072 1.647 0.2504 2.9732 1.4992 0.2455 3.2381 1.5845 0.2095 3.3012 1.5248 0.1833 3.2144 1.66 0.0981 3.19 1.6242 0.2291 2.769 1.6504 -0.3037 2.7961 1.2294 -0.4028 3.1689 1.3158 0.7223 3.0879 1.5433 0.3735 3.1316 1.5721 0.355 2.8733 1.5947 -0.3927 3.6186 0.5157 1.7789 3.5976 0.7123 1.4561 3.5149 0.5159 1.8065 3.4755 0.3241 1.5401 3.4927 0.3536 1.6407 3.5146 0.4166 1.7481 3.5801 0.3335 1.5198'/>
          </IndexedFaceSet>
        </Shape>
        <Shape DEF='lmet4'>
          <Appearance>
            <Material ambientIntensity='0.965' diffuseColor='1 0.9765 0.8667' emissiveColor='0 0 0' shininess='0.05' specularColor='0.349 0.349 0.349'/>
          </Appearance>
          <IndexedFaceSet DEF='lmet4_Geo' coordIndex='0 1 2 -1 3 4 5 -1 6 7 8 -1 9 10 11 -1 12 13 14 -1 15 16 17 -1 16 18 17 -1 19 16 20 -1 16 15 20 -1 21 22 23 -1 24 25 26 -1 24 27 25 -1 28 29 30 -1 31 32 33 -1 34 35 36 -1 34 37 35 -1 38 39 28 -1 38 40 39 -1 41 42 43 -1 43 42 44 -1 42 45 44 -1 46 47 48 -1 48 49 46 -1 50 51 52 -1 51 25 52 -1 53 54 55 -1 56 33 57 -1 56 58 33 -1 59 60 61 -1 61 62 59 -1 63 64 65 -1 66 67 68 -1 69 70 71 -1 72 73 74 -1 74 75 72 -1 76 77 78 -1 79 80 81 -1 82 83 84 -1 85 86 76 -1 76 78 85 -1 87 88 89 -1 90 91 89 -1 91 92 89 -1 93 94 95 -1 96 97 98 -1 99 100 101 -1 102 103 104 -1 102 105 103 -1 106 107 108 -1 109 110 111 -1 110 112 111 -1 113 88 114 -1 113 115 88 -1 116 117 118 -1 119 120 121 -1 107 122 108 -1 107 123 122 -1 81 113 124 -1 113 103 124 -1 125 126 127 -1 128 129 125 -1 130 131 132 -1 70 133 134 -1 133 135 134 -1 136 137 138 -1 138 119 139 -1 93 140 141 -1 142 143 144 -1 144 145 142 -1 146 63 147 -1 146 64 63 -1 94 148 95 -1 148 149 95 -1 150 94 93 -1 150 151 94 -1 100 109 101 -1 152 153 154 -1 86 155 90 -1 42 41 156 -1 41 43 157 -1 11 158 9 -1 158 159 9 -1 160 158 161 -1 161 162 160 -1 163 164 165 -1 164 166 165 -1 167 24 168 -1 169 170 171 -1 171 172 169 -1 173 174 175 -1 54 53 176 -1 24 26 177 -1 125 178 179 -1 179 126 125 -1 118 180 181 -1 118 117 180 -1 182 183 184 -1 182 185 183 -1 182 184 186 -1 187 188 189 -1 187 190 188 -1 187 191 192 -1 191 193 192 -1 154 153 194 -1 195 196 197 -1 131 135 133 -1 198 199 200 -1 198 201 199 -1 202 203 204 -1 204 205 202 -1 111 122 206 -1 111 108 122 -1 207 208 110 -1 209 210 211 -1 212 213 214 -1 76 215 216 -1 217 218 219 -1 218 115 219 -1 220 216 221 -1 216 215 221 -1 155 86 85 -1 87 222 223 -1 224 225 213 -1 226 227 228 -1 229 200 230 -1 229 198 200 -1 82 77 231 -1 82 78 77 -1 229 232 233 -1 77 76 216 -1 234 235 236 -1 237 238 95 -1 95 149 237 -1 239 240 241 -1 64 242 142 -1 243 244 97 -1 243 245 244 -1 246 247 248 -1 46 249 250 -1 46 251 249 -1 55 252 53 -1 253 163 254 -1 255 249 251 -1 255 256 249 -1 257 255 258 -1 257 259 255 -1 165 260 261 -1 177 260 262 -1 36 263 264 -1 264 34 36 -1 265 266 267 -1 267 268 265 -1 269 56 29 -1 269 270 56 -1 271 272 273 -1 271 162 272 -1 274 1 275 -1 1 276 275 -1 35 37 159 -1 37 277 159 -1 10 278 279 -1 10 9 278 -1 280 281 282 -1 281 283 282 -1 284 285 286 -1 285 287 286 -1 12 284 288 -1 288 13 12 -1 289 5 290 -1 291 3 292 -1 293 4 294 -1 6 295 48 -1 6 19 295 -1 8 16 6 -1 16 19 6 -1 175 174 296 -1 296 60 175 -1 297 61 298 -1 31 299 32 -1 300 301 302 -1 303 304 305 -1 305 306 303 -1 58 31 33 -1 307 308 61 -1 61 297 307 -1 298 60 296 -1 298 61 60 -1 309 174 310 -1 309 296 174 -1 311 312 313 -1 311 314 312 -1 315 46 250 -1 315 47 46 -1 316 317 318 -1 316 319 317 -1 293 20 320 -1 293 321 20 -1 290 5 320 -1 2 18 16 -1 16 8 2 -1 322 3 291 -1 292 3 323 -1 12 324 281 -1 12 14 324 -1 281 278 283 -1 278 9 283 -1 291 279 322 -1 160 325 35 -1 35 159 160 -1 162 325 160 -1 162 271 325 -1 40 38 326 -1 327 50 267 -1 50 268 267 -1 328 25 27 -1 328 52 25 -1 168 24 177 -1 177 262 168 -1 329 257 258 -1 258 41 329 -1 259 256 255 -1 163 165 261 -1 261 254 163 -1 330 191 331 -1 191 332 331 -1 333 312 314 -1 301 252 302 -1 301 53 252 -1 334 193 330 -1 193 191 330 -1 335 240 336 -1 335 337 240 -1 243 97 248 -1 248 247 243 -1 244 245 151 -1 146 242 64 -1 142 242 143 -1 336 239 338 -1 336 240 239 -1 241 240 339 -1 340 341 234 -1 235 342 236 -1 136 343 233 -1 233 137 136 -1 137 233 232 -1 82 231 83 -1 232 230 83 -1 344 345 230 -1 344 346 345 -1 345 346 347 -1 230 345 83 -1 68 348 349 -1 350 66 351 -1 350 67 66 -1 352 227 226 -1 352 91 227 -1 353 354 224 -1 353 224 213 -1 87 223 88 -1 91 352 92 -1 90 89 218 -1 141 150 93 -1 115 218 88 -1 113 104 103 -1 113 114 104 -1 355 356 357 -1 212 214 209 -1 214 210 209 -1 109 206 101 -1 109 111 206 -1 183 185 110 -1 110 208 183 -1 181 180 106 -1 106 112 181 -1 204 358 359 -1 358 360 359 -1 361 201 198 -1 361 359 201 -1 199 362 363 -1 363 200 199 -1 199 201 69 -1 201 70 69 -1 359 360 70 -1 70 201 359 -1 131 130 135 -1 71 364 365 -1 154 194 195 -1 195 197 154 -1 191 187 332 -1 187 189 332 -1 184 183 188 -1 183 211 188 -1 118 181 185 -1 185 182 118 -1 179 117 126 -1 117 366 126 -1 116 196 117 -1 196 366 117 -1 34 264 367 -1 367 368 34 -1 157 329 41 -1 369 50 327 -1 310 370 311 -1 72 371 372 -1 372 373 72 -1 374 292 375 -1 292 323 375 -1 160 159 158 -1 10 376 11 -1 377 293 294 -1 364 378 192 -1 229 230 232 -1 88 218 89 -1 153 364 379 -1 153 378 364 -1 154 197 152 -1 144 338 380 -1 144 143 338 -1 97 244 98 -1 244 381 98 -1 148 146 149 -1 146 147 149 -1 338 239 380 -1 239 202 380 -1 382 383 380 -1 139 119 145 -1 125 127 384 -1 384 128 125 -1 70 360 133 -1 360 385 133 -1 134 379 70 -1 131 133 385 -1 203 241 386 -1 203 358 204 -1 81 115 113 -1 366 127 126 -1 114 223 356 -1 114 88 223 -1 105 124 103 -1 105 387 124 -1 355 357 388 -1 381 244 389 -1 342 77 236 -1 342 231 77 -1 77 234 236 -1 77 216 234 -1 347 346 349 -1 217 219 215 -1 219 221 215 -1 79 151 150 -1 92 87 89 -1 92 352 87 -1 352 222 87 -1 390 391 365 -1 74 392 75 -1 392 393 75 -1 349 66 68 -1 115 80 219 -1 115 81 80 -1 235 394 342 -1 73 72 373 -1 395 50 52 -1 395 268 50 -1 46 253 251 -1 46 49 253 -1 396 48 47 -1 396 6 48 -1 0 269 397 -1 0 398 269 -1 28 39 29 -1 40 273 39 -1 40 265 273 -1 40 326 266 -1 266 265 40 -1 31 399 299 -1 24 167 23 -1 8 7 0 -1 0 2 8 -1 14 319 400 -1 14 13 319 -1 10 401 376 -1 397 161 0 -1 402 395 403 -1 281 324 278 -1 322 4 3 -1 322 294 4 -1 17 323 289 -1 323 17 375 -1 274 2 1 -1 274 18 2 -1 316 400 319 -1 400 316 321 -1 376 374 275 -1 374 376 401 -1 158 276 161 -1 158 11 276 -1 404 405 406 -1 404 44 405 -1 407 408 51 -1 408 407 45 -1 402 273 265 -1 273 402 271 -1 409 399 410 -1 299 399 409 -1 30 411 412 -1 57 411 30 -1 413 410 414 -1 409 410 413 -1 266 415 267 -1 415 266 414 -1 416 327 417 -1 416 369 327 -1 29 397 269 -1 397 29 272 -1 7 396 418 -1 7 6 396 -1 268 402 265 -1 402 268 395 -1 156 260 177 -1 41 260 156 -1 39 272 29 -1 39 273 272 -1 258 260 41 -1 258 261 260 -1 55 329 157 -1 55 54 329 -1 419 259 420 -1 419 256 259 -1 421 250 249 -1 421 370 250 -1 175 59 422 -1 175 60 59 -1 300 423 304 -1 423 300 424 -1 399 425 410 -1 399 305 425 -1 315 370 173 -1 370 315 250 -1 270 61 308 -1 61 270 62 -1 391 426 287 -1 390 426 391 -1 393 286 427 -1 392 286 393 -1 34 428 37 -1 428 34 368 -1 368 350 428 -1 368 429 350 -1 228 225 224 -1 225 228 67 -1 354 352 226 -1 222 352 354 -1 215 86 217 -1 76 86 215 -1 141 219 80 -1 141 221 219 -1 220 238 340 -1 220 140 238 -1 231 394 430 -1 231 342 394 -1 121 431 432 -1 431 121 120 -1 340 216 220 -1 234 216 340 -1 433 101 206 -1 101 433 99 -1 122 434 435 -1 122 123 434 -1 389 387 381 -1 387 389 124 -1 207 357 353 -1 357 207 100 -1 436 237 437 -1 237 436 341 -1 221 140 220 -1 141 140 221 -1 438 117 179 -1 438 180 117 -1 358 385 360 -1 439 385 358 -1 127 132 384 -1 127 195 132 -1 194 132 195 -1 132 194 130 -1 440 97 96 -1 248 97 440 -1 178 246 441 -1 442 246 178 -1 339 386 241 -1 339 443 386 -1 442 125 129 -1 125 442 178 -1 396 315 422 -1 315 396 47 -1 378 152 190 -1 152 378 153 -1 388 100 99 -1 357 100 388 -1 153 134 194 -1 134 153 379 -1 409 412 411 -1 412 409 413 -1 423 415 425 -1 415 423 417 -1 424 405 416 -1 424 406 405 -1 291 10 279 -1 10 291 401 -1 283 444 282 -1 283 277 444 -1 291 374 401 -1 291 292 374 -1 289 15 17 -1 289 290 15 -1 445 446 171 -1 447 446 445 -1 392 284 286 -1 392 288 284 -1 72 445 371 -1 445 72 75 -1 418 422 59 -1 396 422 418 -1 301 304 303 -1 300 304 301 -1 131 439 448 -1 385 439 131 -1 184 190 152 -1 184 188 190 -1 189 211 210 -1 211 189 188 -1 197 116 186 -1 197 196 116 -1 186 118 182 -1 118 186 116 -1 132 448 384 -1 132 131 448 -1 192 426 390 -1 192 193 426 -1 379 71 70 -1 379 364 71 -1 448 386 443 -1 439 386 448 -1 199 391 362 -1 199 69 391 -1 285 363 362 -1 285 449 363 -1 205 359 361 -1 359 205 204 -1 229 343 450 -1 229 233 343 -1 361 382 205 -1 450 382 361 -1 107 96 123 -1 107 440 96 -1 185 112 110 -1 185 181 112 -1 207 209 208 -1 209 207 212 -1 102 99 433 -1 102 388 99 -1 381 434 98 -1 387 434 381 -1 355 114 356 -1 104 114 355 -1 79 124 389 -1 79 81 124 -1 353 222 354 -1 223 222 353 -1 68 91 348 -1 227 91 68 -1 225 214 213 -1 214 225 429 -1 349 351 66 -1 349 346 351 -1 347 85 84 -1 347 155 85 -1 84 345 347 -1 345 84 83 -1 444 350 351 -1 444 428 350 -1 346 280 282 -1 346 344 280 -1 449 344 363 -1 344 449 280 -1 231 232 83 -1 231 137 232 -1 343 451 383 -1 136 451 343 -1 139 136 138 -1 139 451 136 -1 430 137 231 -1 430 138 137 -1 341 235 234 -1 235 341 436 -1 119 65 145 -1 65 119 121 -1 337 339 240 -1 337 129 339 -1 336 143 242 -1 336 338 143 -1 146 452 242 -1 452 146 148 -1 151 453 94 -1 151 245 453 -1 453 243 454 -1 453 245 243 -1 442 337 455 -1 337 442 129 -1 335 242 452 -1 335 336 242 -1 335 455 337 -1 335 454 455 -1 333 420 456 -1 419 420 333 -1 457 456 420 -1 458 456 457 -1 176 301 459 -1 176 53 301 -1 456 460 461 -1 456 458 460 -1 312 456 461 -1 312 333 456 -1 331 446 330 -1 446 331 462 -1 169 164 170 -1 164 169 166 -1 172 23 167 -1 172 462 23 -1 21 462 331 -1 23 462 21 -1 369 51 50 -1 369 407 51 -1 263 27 22 -1 263 328 27 -1 21 367 264 -1 21 463 367 -1 376 276 11 -1 275 276 376 -1 280 12 281 -1 449 12 280 -1 15 320 20 -1 290 320 15 -1 320 4 293 -1 320 5 4 -1 377 321 293 -1 321 377 400 -1 447 75 393 -1 75 447 445 -1 317 73 318 -1 317 74 73 -1 318 373 295 -1 318 73 373 -1 314 370 421 -1 370 314 311 -1 313 310 311 -1 310 313 309 -1 297 464 465 -1 464 297 298 -1 465 466 467 -1 466 465 464 -1 465 307 297 -1 307 465 468 -1 58 307 31 -1 58 308 307 -1 306 469 303 -1 306 468 469 -1 469 460 459 -1 460 469 467 -1 461 313 312 -1 466 313 461 -1 313 464 309 -1 466 464 313 -1 467 461 460 -1 461 467 466 -1 303 459 301 -1 459 303 469 -1 306 399 31 -1 306 305 399 -1 31 468 306 -1 307 468 31 -1 467 468 465 -1 467 469 468 -1 298 309 464 -1 298 296 309 -1 295 316 318 -1 295 19 316 -1 295 49 48 -1 295 373 49 -1 49 372 253 -1 49 373 372 -1 13 317 319 -1 317 13 288 -1 324 400 377 -1 400 324 14 -1 393 334 447 -1 427 334 393 -1 449 284 12 -1 285 284 449 -1 277 428 444 -1 37 428 277 -1 398 270 269 -1 62 270 398 -1 328 36 403 -1 36 328 263 -1 264 22 21 -1 264 263 22 -1 42 408 45 -1 156 408 42 -1 331 463 21 -1 331 332 463 -1 168 166 169 -1 168 262 166 -1 372 170 164 -1 372 371 170 -1 171 462 172 -1 171 446 462 -1 459 458 176 -1 458 459 460 -1 176 457 54 -1 176 458 457 -1 314 419 333 -1 314 421 419 -1 427 193 334 -1 426 193 427 -1 452 454 335 -1 452 453 454 -1 455 246 442 -1 455 247 246 -1 454 247 455 -1 243 247 454 -1 453 148 94 -1 452 148 453 -1 437 63 432 -1 147 63 437 -1 235 431 394 -1 436 431 235 -1 437 149 147 -1 237 149 437 -1 138 120 119 -1 430 120 138 -1 451 145 144 -1 451 139 145 -1 383 144 380 -1 451 144 383 -1 363 230 200 -1 230 363 344 -1 282 351 346 -1 282 444 351 -1 227 67 228 -1 67 227 68 -1 367 429 368 -1 429 367 214 -1 105 433 435 -1 105 102 433 -1 212 353 213 -1 207 353 212 -1 214 463 210 -1 214 367 463 -1 208 211 183 -1 208 209 211 -1 205 380 202 -1 380 205 382 -1 450 198 229 -1 450 361 198 -1 383 450 343 -1 383 382 450 -1 287 362 391 -1 287 285 362 -1 448 128 384 -1 128 448 443 -1 366 195 127 -1 366 196 195 -1 190 192 378 -1 190 187 192 -1 152 186 184 -1 152 197 186 -1 440 438 441 -1 440 107 438 -1 441 179 178 -1 441 438 179 -1 210 332 189 -1 210 463 332 -1 403 52 328 -1 395 52 403 -1 398 59 62 -1 418 59 398 -1 371 171 170 -1 171 371 445 -1 169 167 168 -1 167 169 172 -1 262 165 166 -1 165 262 260 -1 164 253 372 -1 253 164 163 -1 288 74 317 -1 74 288 392 -1 447 330 446 -1 334 330 447 -1 272 161 397 -1 162 161 272 -1 9 277 283 -1 9 159 277 -1 157 44 404 -1 44 157 43 -1 424 417 423 -1 417 424 416 -1 415 410 425 -1 414 410 415 -1 57 29 56 -1 29 57 30 -1 192 365 364 -1 192 390 365 -1 310 173 370 -1 310 174 173 -1 203 239 241 -1 202 239 203 -1 151 389 244 -1 389 151 79 -1 128 339 129 -1 339 128 443 -1 441 248 440 -1 246 248 441 -1 64 145 65 -1 64 142 145 -1 134 130 194 -1 130 134 135 -1 358 386 439 -1 203 386 358 -1 107 180 438 -1 107 106 180 -1 435 387 105 -1 435 434 387 -1 237 340 238 -1 341 340 237 -1 436 432 431 -1 436 437 432 -1 356 353 357 -1 356 223 353 -1 110 100 207 -1 100 110 109 -1 108 112 106 -1 112 108 111 -1 104 388 102 -1 388 104 355 -1 123 98 434 -1 123 96 98 -1 435 206 122 -1 206 435 433 -1 432 65 121 -1 65 432 63 -1 120 394 431 -1 120 430 394 -1 140 95 238 -1 140 93 95 -1 349 155 347 -1 349 348 155 -1 90 348 91 -1 90 155 348 -1 80 150 141 -1 79 150 80 -1 78 84 85 -1 84 78 82 -1 218 86 90 -1 218 217 86 -1 429 67 350 -1 429 225 67 -1 226 224 354 -1 224 226 228 -1 287 427 286 -1 426 427 287 -1 69 365 391 -1 71 365 69 -1 404 55 157 -1 252 55 404 -1 257 54 457 -1 54 257 329 -1 58 270 308 -1 270 58 56 -1 411 299 409 -1 411 32 299 -1 304 425 305 -1 425 304 423 -1 424 302 406 -1 424 300 302 -1 422 173 175 -1 315 173 422 -1 256 421 249 -1 421 256 419 -1 420 257 457 -1 420 259 257 -1 251 254 255 -1 253 254 251 -1 177 408 156 -1 177 26 408 -1 0 418 398 -1 0 7 418 -1 255 261 258 -1 261 255 254 -1 416 407 369 -1 405 407 416 -1 417 267 415 -1 417 327 267 -1 412 28 30 -1 38 28 412 -1 325 402 403 -1 325 271 402 -1 326 414 266 -1 326 413 414 -1 33 411 57 -1 33 32 411 -1 325 36 35 -1 36 325 403 -1 326 412 413 -1 412 326 38 -1 22 24 23 -1 24 22 27 -1 25 408 26 -1 25 51 408 -1 407 44 45 -1 407 405 44 -1 252 406 302 -1 404 406 252 -1 161 1 0 -1 161 276 1 -1 374 274 275 -1 375 274 374 -1 19 321 316 -1 321 19 20 -1 279 294 322 -1 377 294 279 -1 18 375 17 -1 375 18 274 -1 3 289 323 -1 289 3 5 -1 377 278 324 -1 278 377 279 -1' creaseAngle='1.571'>
            <Coordinate DEF='lmet4_Coord' point='4.0226 0.4732 1.0537 4.0141 0.4955 1.0366 4.0194 0.498 1.0443 4.0197 0.6138 0.9638 4.0217 0.6307 0.9753 4.0273 0.6182 0.9825 4.0052 0.648 1.2029 4.0685 0.5523 1.1287 4.0566 0.5613 1.1113 3.8723 0.7228 0.7849 3.9118 0.6363 0.8812 3.8903 0.5958 0.8709 3.8026 1.025 0.5791 3.8475 0.8631 0.8636 3.8635 0.8409 0.8508 4.0438 0.5742 1.0762 4.0501 0.5601 1.0984 4.0329 0.5359 1.0316 4.024 0.5047 1.0389 3.9797 0.6773 1.1384 3.988 0.6738 1.1124 3.636 0.8429 0.547 3.7023 0.6752 0.8056 3.6973 0.6853 0.8189 3.6906 0.5752 0.8931 3.7057 0.5103 0.9233 3.6929 0.5148 0.937 3.6978 0.5693 0.8778 3.88 0.4194 0.8441 3.9214 0.4271 0.9139 3.8998 0.4066 0.8467 3.9498 0.33 0.9234 3.9141 0.3609 0.8507 3.9259 0.3649 0.8558 3.7268 0.7837 0.4839 3.7981 0.6306 0.7375 3.7775 0.6248 0.737 3.7474 0.793 0.4864 3.8682 0.4157 0.8387 3.8685 0.4313 0.8415 3.8604 0.4251 0.8416 3.6952 0.47 1.0721 3.6677 0.4685 0.984 3.667 0.4488 1.0055 3.6774 0.4149 0.9556 3.6814 0.4442 0.9481 3.8988 0.6782 1.286 3.9705 0.6741 1.2605 3.9612 0.6832 1.2404 3.8882 0.6917 1.2667 3.7587 0.4754 0.8904 3.7071 0.4837 0.9316 3.7571 0.5026 0.8757 3.7098 0.3352 1.0832 3.7016 0.3837 1.1532 3.6699 0.4002 1.031 3.9527 0.3926 0.8985 3.9174 0.3908 0.8469 3.9589 0.3709 0.8973 4.1051 0.5375 1.1612 4.1181 0.5287 1.1796 4.1056 0.423 1.1068 4.0909 0.4405 1.0972 3.4858 1.4099 -0.9207 3.4713 1.4383 -0.9333 3.4952 1.4289 -0.916 3.5233 1.0445 -0.3133 3.4859 1.0031 -0.303 3.496 1.0424 -0.3924 3.4476 1.5662 -0.1312 3.3821 1.6517 -0.2399 3.4155 1.5481 -0.1212 3.7866 0.8094 1.1412 3.8244 0.8182 1.1361 3.7961 0.843 1.0331 3.7691 0.8405 1.0388 3.4229 1.2009 -0.571 3.4748 1.2616 -0.5728 3.4832 1.2483 -0.5327 3.1751 1.0996 -0.8701 3.2399 1.1283 -0.7773 3.1928 1.0909 -0.78 3.538 1.2967 -0.4603 3.5538 1.3321 -0.3874 3.5372 1.281 -0.4396 3.4799 1.2174 -0.4983 3.4008 1.1741 -0.5599 3.3211 1.0273 -0.6152 3.2482 1.0569 -0.6899 3.3261 1.0445 -0.6351 3.4089 1.1062 -0.5702 3.4105 1.0799 -0.5607 3.3425 1.0335 -0.607 3.2537 1.1289 -0.8773 3.2441 1.1461 -0.8955 3.2643 1.1385 -0.8871 2.9896 1.1742 -0.7854 3.003 1.1913 -0.8157 3.0082 1.1509 -0.7986 3.1308 1.0159 -0.5737 3.2153 1.0171 -0.452 3.1161 1.0374 -0.5568 3.118 1.0349 -0.657 3.1558 1.0569 -0.7075 3.1451 1.0263 -0.6637 3.1262 1.0699 -0.697 3.039 1.2203 -0.6149 3.0217 1.2203 -0.6528 3.0462 1.1915 -0.6286 3.1014 1.0968 -0.5107 3.1054 1.1143 -0.4841 3.0732 1.1634 -0.5886 3.0669 1.1894 -0.5702 3.2079 1.0744 -0.7469 3.2187 1.0509 -0.6968 3.2293 1.0841 -0.7374 3.0872 1.3895 -0.4811 3.0858 1.3947 -0.5414 3.0688 1.3453 -0.4883 3.5501 1.4869 -0.8042 3.5457 1.4234 -0.8025 3.5291 1.4316 -0.8446 3.074 1.1232 -0.6531 3.0725 1.1391 -0.6923 3.1415 1.0821 -0.7428 3.1193 1.5535 -0.6446 3.1252 1.4925 -0.5726 3.1091 1.5369 -0.5335 3.1393 1.5746 -0.6447 3.1316 1.559 -0.6621 3.2609 1.5317 -0.2309 3.2479 1.6429 -0.4215 3.1582 1.5428 -0.4064 3.3631 1.6576 -0.2437 3.3335 1.5691 -0.1743 3.3206 1.5792 -0.2006 3.5764 1.5306 -0.6761 3.5952 1.4528 -0.5696 3.5932 1.4803 -0.7148 3.5596 1.5177 -0.7944 3.2971 1.149 -0.8256 3.2716 1.1369 -0.8166 3.4799 1.5429 -0.8911 3.4601 1.5886 -0.8579 3.4791 1.6038 -0.8496 3.515 1.5431 -0.8654 3.4368 1.3975 -0.9284 3.4456 1.3819 -0.9091 3.334 1.2722 -0.91 3.3508 1.2512 -0.9054 3.2034 1.1077 -0.8765 3.1735 1.1208 -0.8867 3.2128 1.3752 -0.2383 3.3206 1.4765 -0.1749 3.2524 1.4366 -0.2427 3.4692 1.1655 -0.476 3.6729 0.4842 0.9786 3.6673 0.4233 1.0296 3.872 0.5889 0.857 3.8373 0.663 0.7565 3.8502 0.5664 0.8373 3.907 0.5007 0.9191 3.8806 0.4859 0.8809 3.7499 0.5832 1.2015 3.7136 0.6446 1.1595 3.7447 0.5339 1.1391 3.7296 0.5853 1.0884 3.6935 0.6308 0.9172 3.6922 0.6119 0.9575 3.7129 0.6584 1.0186 3.708 0.7106 1.0854 3.7187 0.7534 1.0037 3.7067 0.6974 0.9627 3.9947 0.6634 1.2887 4.0569 0.6138 1.2709 4.0531 0.6314 1.2572 3.7431 0.3278 1.1558 3.6775 0.5178 0.9655 3.0268 1.4646 -0.6381 3.0757 1.4103 -0.5744 3.0423 1.2879 -0.5802 3.0497 1.2574 -0.5288 3.1094 1.2752 -0.4238 3.1484 1.1702 -0.3073 3.1616 1.2479 -0.2491 3.0727 1.1921 -0.4679 3.1233 1.359 -0.4191 3.3767 1.2421 0.0461 3.2459 1.1964 -0.1287 3.3666 1.1461 0.0268 3.2864 1.3163 -0.1069 3.4818 1.1633 0.2521 3.4316 1.3601 0.068 3.5061 1.2359 0.2784 3.2581 1.5099 -0.2169 3.1464 1.5178 -0.4078 3.1515 1.4684 -0.4423 3.1662 1.4517 -0.4068 3.4804 1.5859 -0.3884 3.4984 1.5648 -0.1481 3.5258 1.4881 -0.215 3.4407 1.6315 -0.2933 3.383 1.7298 -0.6944 3.3161 1.7418 -0.6679 3.3471 1.73 -0.5846 3.4069 1.7058 -0.6431 3.083 1.0761 -0.6256 3.2394 1.0276 -0.3994 3.1832 1.0845 -0.3797 3.3045 1.0775 -0.1796 3.4033 1.0613 0.0025 3.2717 1.1237 -0.1623 3.3573 1.0063 -0.2013 3.4092 0.9822 -0.2586 3.4923 0.9624 -0.0501 3.3433 1.1849 -0.6333 3.3755 1.1817 -0.6743 3.3273 1.1715 -0.6131 3.312 1.1149 -0.6449 3.2687 1.1386 -0.7327 3.3152 1.1567 -0.785 3.2945 1.1484 -0.7633 3.3369 0.998 -0.5678 3.2848 1.0199 -0.5854 3.3962 0.9717 -0.4441 3.4661 0.9857 -0.297 3.3754 0.9955 -0.5422 3.4352 1.0149 -0.4794 3.4171 0.9859 -0.4528 3.4992 1.5487 -0.4385 3.5477 1.4008 -0.2561 3.5729 1.3788 -0.576 3.5807 1.4393 -0.4151 3.5703 1.5163 -0.5145 3.3787 1.189 -0.6934 3.4661 1.3192 -0.7001 3.4732 1.2698 -0.5905 3.3542 1.2445 -0.8336 3.3073 1.1575 -0.8365 3.3724 1.7237 -0.7045 3.2849 1.6288 -0.7076 3.3024 1.7345 -0.6775 3.4025 1.4993 -0.869 3.0577 1.2349 -0.7933 3.0871 1.1282 -0.8571 3.1388 1.1641 -0.8494 2.9654 1.3394 -0.7 2.9994 1.2929 -0.7365 2.9677 1.2555 -0.7433 3.8153 0.6242 1.3377 3.9248 0.6775 1.3 3.8089 0.6342 1.297 3.6774 0.3555 0.9741 3.7967 0.6378 1.2684 3.7842 0.5357 1.2322 3.7926 0.5183 1.2536 3.7981 0.5352 1.3362 3.7685 0.3982 1.2461 3.7599 0.4672 1.1967 3.7834 0.4492 1.297 3.7091 0.4973 1.0858 3.7599 0.4987 1.185 3.7019 0.544 1.0307 3.7467 0.6339 0.7517 3.6789 0.7925 0.4877 3.8486 0.4305 0.8434 3.8462 0.4098 0.847 3.8275 0.4105 0.8746 3.8024 0.4556 0.8692 3.9612 0.4316 0.9722 4.0261 0.3981 0.9765 3.8477 0.4701 0.8359 3.9096 0.456 0.9195 3.8614 0.4445 0.8409 4.0194 0.5026 1.0323 3.9419 0.5332 0.9309 3.9261 0.5208 0.9245 3.771 0.8387 0.5001 3.9094 0.7806 0.8088 3.9687 0.6994 0.9024 3.6826 1.1595 0.1767 3.8168 0.9452 0.55 3.6811 1.0822 0.1708 3.7982 0.8933 0.5245 3.7549 1.0645 0.6079 3.6246 1.2726 0.2505 3.7085 1.0818 0.6263 3.5747 1.275 0.2755 3.8184 0.8972 0.8835 4.0321 0.5719 1.0075 4.037 0.5969 1.0353 3.9806 0.6103 0.9234 3.9889 0.568 0.9455 3.9977 0.679 0.9964 4.0009 0.6801 0.9446 3.9168 0.7477 1.1877 4.1285 0.5004 1.2289 4.106 0.3623 1.1201 4.1345 0.3966 1.1715 3.891 0.3507 0.8539 3.7164 0.3397 0.9313 3.734 0.3006 1.039 3.6858 0.348 0.96 3.8159 0.2825 0.9825 3.7733 0.3194 0.9409 3.8677 0.3194 0.9039 3.8987 0.3046 0.9475 4.0304 0.3249 1.0147 4.034 0.3766 0.9769 4.0918 0.4781 1.2902 4.0238 0.5796 1.3096 3.9566 0.5723 1.3533 3.9385 0.4648 1.3555 4.0102 0.4509 1.3314 3.8683 0.5901 1.3645 3.9793 0.6771 1.2758 3.92 0.7425 1.0833 3.8362 0.8334 1.0214 3.8765 0.8068 1.12 3.891 0.7846 0.9915 4.013 0.639 1.0332 3.9391 0.7275 1.0643 3.999 0.6669 0.9312 4.0229 0.5605 0.9935 3.9074 0.7987 0.8189 3.8127 0.5371 0.8006 3.8599 0.4094 0.8396 3.7696 0.4222 0.9027 3.741 0.5535 0.8261 3.701 0.4066 1.1594 3.6283 0.991 0.6349 3.6147 0.9162 0.6034 3.4854 1.0861 0.2205 3.8481 0.4978 1.3623 3.6557 1.0419 0.6407 3.2247 1.4223 -0.7766 3.3584 1.5854 -0.7848 3.164 1.5063 -0.7155 3.4093 1.6497 -0.7915 3.2199 1.6578 -0.6561 3.3257 1.1655 -0.7943 3.3602 1.2323 -0.792 3.5599 1.3606 -0.5937 3.5344 1.5778 -0.6309 3.6184 1.262 -0.0169 3.5654 1.2921 -0.2905 3.6058 1.1787 -0.0403 3.5543 1.1914 -0.3244 3.4721 1.1486 -0.4636 3.5518 1.1761 -0.3182 3.5437 0.9824 -0.0601 3.5897 1.0616 -0.0565 3.3616 1.0031 -0.5619 3.2853 0.9951 -0.4545 3.351 0.9876 -0.5401 3.1771 0.9965 -0.5913 3.2563 1.0174 -0.5841 3.2348 0.9999 -0.477 3.3036 1.7457 -0.5427 3.3723 1.6965 -0.4754 3.3355 1.7308 -0.4334 3.4352 1.6607 -0.5506 3.5506 1.3939 0.0592 3.5996 1.3517 0.0152 3.3888 1.5108 -0.1137 3.4524 1.4411 0.0075 3.1312 1.4756 -0.5341 3.5579 0.9369 0.1466 3.5943 0.9262 0.1301 3.7422 0.4311 0.9003 3.9383 0.6651 1.3136 3.7508 0.7803 1.1381 3.7629 0.7189 1.2216 3.8532 0.7553 1.2272 3.9638 0.5547 0.9341 4.0223 0.5264 1.0172 3.919 0.5982 0.8915 3.9708 0.7113 0.9152 3.3525 1.4526 -0.1049 3.3642 1.5355 -0.157 3.4246 1.6619 -0.7805 3.0736 1.1013 -0.8191 3.4406 1.6555 -0.69 3.4888 1.6171 -0.7136 3.1191 1.5618 -0.5312 3.306 1.7192 -0.4272 3.2926 1.7337 -0.66 3.1189 1.0925 -0.7263 3.15 1.001 -0.5856 3.0992 1.0931 -0.8299 3.4689 1.3927 0.0681 3.5034 1.405 0.0616 3.7804 0.8962 0.9221 3.7462 0.887 0.9268 3.5711 1.4036 -0.737 3.7995 0.4802 0.8492 4.022 0.6394 1.2238 3.9474 0.46 0.975 4.04 0.4578 1.0672 3.8803 0.3429 0.8622 3.9119 0.766 0.9781 3.9464 0.6036 0.9058 3.831 0.4623 0.8374 3.7896 0.5343 0.7974 3.6761 0.3716 0.9571 3.6871 0.412 0.9411 3.6846 0.3645 0.9439 3.6933 0.4405 0.9343 3.6935 0.4871 0.9452 3.8706 0.3637 0.8478 3.8575 0.3598 0.8563 3.902 0.3787 0.8393 3.8844 0.3966 0.8373 3.8656 0.3841 0.8424 3.8502 0.3822 0.8516 3.8345 0.3826 0.8823 3.7331 0.4041 0.9064 3.7694 0.3928 0.9099 4.0816 0.5403 1.1403 3.8125 0.5279 1.3526 3.7965 0.4354 1.311 3.8309 0.6162 1.3538 4.0413 0.6399 1.2414 3.7722 0.3368 0.9259 3.7184 0.3558 0.9174 3.8494 0.3361 0.8953 3.5404 1.2632 0.2827 3.6762 1.0754 0.6315 3.6221 0.9466 0.1288 3.5225 0.9674 -0.0574 3.5821 1.4207 -0.7333 3.5341 1.4072 -0.8068 3.5158 1.4133 -0.8537 3.0967 1.0567 -0.6484 3.091 1.1172 -0.706 3.0932 1.1002 -0.6727 3.4516 1.3545 -0.8091 3.4465 1.3654 -0.8516 3.024 1.2929 -0.6186 3.2799 1.7367 -0.5418 2.9639 1.2493 -0.7337 2.9617 1.3355 -0.6888 3.0267 1.462 -0.652 3.2165 1.663 -0.6396 3.6576 1.0104 0.1503 3.755 0.8259 1.0384 3.7098 0.8 0.926 3.7418 0.8751 0.9334 3.2167 1.666 -0.5439 3.669 1.2423 0.2065 3.4609 1.6225 -0.5712 3.5405 1.5644 -0.7534 3.2873 1.322 -0.8577 3.1994 1.2194 -0.8423 3.1322 1.3118 -0.7757 3.0744 1.3871 -0.7155 3.8421 0.3983 1.3144 3.7759 0.3752 1.2506 3.8024 0.344 1.2469 3.8216 0.2647 1.1334 3.873 0.2828 1.214 3.9286 0.3601 1.2985 3.7 0.7436 0.8966 3.5054 1.0142 0.1905 4.0972 0.3659 1.2304 4.0599 0.3154 1.1635 3.997 0.3556 1.2833 3.9524 0.2726 1.1966 3.9867 0.2876 1.0592 3.9094 0.2558 1.1108'/>
          </IndexedFaceSet>
        </Shape>
        <Shape DEF='lmet5'>
          <Appearance>
            <Material ambientIntensity='0.965' diffuseColor='1 0.9765 0.8667' emissiveColor='0 0 0' shininess='0.05' specularColor='0.349 0.349 0.349'/>
          </Appearance>
          <IndexedFaceSet DEF='lmet5_Geo' coordIndex='0 1 2 -1 3 4 5 -1 6 7 8 -1 9 10 11 -1 12 13 14 -1 15 16 17 -1 18 19 20 -1 21 22 23 -1 21 24 22 -1 25 26 27 -1 28 29 30 -1 31 32 33 -1 34 35 36 -1 36 37 34 -1 38 35 39 -1 38 40 35 -1 41 42 43 -1 43 44 41 -1 45 46 47 -1 47 48 45 -1 49 50 45 -1 45 51 49 -1 52 53 54 -1 52 55 53 -1 56 57 12 -1 57 13 12 -1 58 59 60 -1 7 61 62 -1 62 63 7 -1 59 64 60 -1 65 66 67 -1 65 68 66 -1 69 64 70 -1 64 71 70 -1 72 73 74 -1 73 75 74 -1 76 77 78 -1 79 80 78 -1 81 82 78 -1 83 84 78 -1 85 86 87 -1 87 88 85 -1 89 33 90 -1 91 92 93 -1 94 69 95 -1 70 96 97 -1 98 99 100 -1 98 101 99 -1 102 103 73 -1 104 105 106 -1 104 107 105 -1 108 34 109 -1 110 111 112 -1 63 113 114 -1 70 115 96 -1 24 21 32 -1 116 11 117 -1 116 118 11 -1 119 116 120 -1 116 117 120 -1 118 121 122 -1 118 116 121 -1 123 124 125 -1 5 4 126 -1 127 128 129 -1 130 131 132 -1 133 134 135 -1 134 136 135 -1 137 138 139 -1 138 140 139 -1 141 142 143 -1 16 144 145 -1 146 147 148 -1 147 149 148 -1 150 151 152 -1 151 153 152 -1 154 155 156 -1 155 157 156 -1 158 159 160 -1 161 162 163 -1 163 164 161 -1 165 166 167 -1 165 168 166 -1 169 170 171 -1 172 173 174 -1 175 176 177 -1 131 178 179 -1 180 181 182 -1 182 181 183 -1 183 184 182 -1 185 186 187 -1 184 188 189 -1 184 183 188 -1 167 190 162 -1 158 160 173 -1 191 192 193 -1 194 155 195 -1 171 196 197 -1 198 199 200 -1 201 202 203 -1 201 197 202 -1 151 204 154 -1 151 205 204 -1 202 197 196 -1 206 207 175 -1 207 176 175 -1 208 194 195 -1 208 209 194 -1 142 138 210 -1 211 212 213 -1 214 215 3 -1 132 216 217 -1 218 219 220 -1 218 221 219 -1 132 131 179 -1 5 189 3 -1 222 223 202 -1 224 200 225 -1 200 226 225 -1 208 204 227 -1 208 195 204 -1 228 229 230 -1 230 231 228 -1 232 188 233 -1 188 234 233 -1 235 236 237 -1 237 238 235 -1 1 239 240 -1 241 242 2 -1 243 244 234 -1 234 245 243 -1 230 175 231 -1 210 246 142 -1 210 129 246 -1 247 248 249 -1 247 250 248 -1 251 252 253 -1 251 125 252 -1 254 124 242 -1 125 255 123 -1 256 257 258 -1 239 161 240 -1 161 164 240 -1 1 259 260 -1 177 231 175 -1 261 253 252 -1 252 192 261 -1 125 251 255 -1 219 262 263 -1 219 264 262 -1 265 133 129 -1 213 266 211 -1 152 267 268 -1 269 270 205 -1 271 207 272 -1 271 273 207 -1 274 275 276 -1 277 278 194 -1 157 279 280 -1 15 281 16 -1 15 282 281 -1 126 184 5 -1 283 284 140 -1 284 139 140 -1 285 286 287 -1 285 288 286 -1 289 290 291 -1 289 292 290 -1 293 294 295 -1 293 291 294 -1 296 297 143 -1 129 210 127 -1 3 215 298 -1 299 262 132 -1 132 300 216 -1 109 34 301 -1 302 23 303 -1 23 22 303 -1 304 305 306 -1 306 307 304 -1 110 308 111 -1 111 31 309 -1 310 110 112 -1 85 83 82 -1 85 9 83 -1 62 93 92 -1 62 75 93 -1 84 83 9 -1 9 11 84 -1 311 59 121 -1 311 68 59 -1 66 312 313 -1 313 314 66 -1 315 316 317 -1 315 67 316 -1 51 105 107 -1 51 45 105 -1 318 106 319 -1 318 320 106 -1 292 321 322 -1 292 289 321 -1 35 40 323 -1 36 324 325 -1 36 323 324 -1 326 325 327 -1 301 34 37 -1 55 328 329 -1 52 54 50 -1 330 56 331 -1 56 330 49 -1 49 57 56 -1 332 333 334 -1 333 335 334 -1 336 43 42 -1 337 338 339 -1 340 341 342 -1 304 307 37 -1 307 301 37 -1 36 35 323 -1 38 39 343 -1 344 345 346 -1 346 347 344 -1 348 349 350 -1 349 351 350 -1 352 322 353 -1 322 321 353 -1 349 354 351 -1 354 355 351 -1 319 106 105 -1 315 101 98 -1 105 48 319 -1 105 45 48 -1 356 357 358 -1 315 98 67 -1 98 65 67 -1 359 313 360 -1 359 282 313 -1 361 362 71 -1 361 363 362 -1 58 121 59 -1 364 119 120 -1 364 365 119 -1 366 367 368 -1 366 369 367 -1 370 371 372 -1 370 373 371 -1 373 326 371 -1 374 20 19 -1 374 375 20 -1 376 299 132 -1 179 300 132 -1 295 377 378 -1 295 294 377 -1 292 379 290 -1 292 380 379 -1 381 126 4 -1 381 284 126 -1 182 184 126 -1 126 382 182 -1 383 384 385 -1 386 387 388 -1 386 389 387 -1 157 390 156 -1 157 280 390 -1 237 391 243 -1 243 245 237 -1 277 392 278 -1 277 393 392 -1 271 276 394 -1 394 395 271 -1 206 272 207 -1 204 205 227 -1 205 270 227 -1 281 268 267 -1 281 396 268 -1 223 397 202 -1 397 203 202 -1 193 159 191 -1 398 346 399 -1 399 400 398 -1 263 220 219 -1 263 401 220 -1 172 158 173 -1 172 398 158 -1 187 218 249 -1 176 402 177 -1 402 403 177 -1 404 0 225 -1 256 258 197 -1 258 171 197 -1 171 174 169 -1 351 355 405 -1 355 399 405 -1 346 172 347 -1 346 398 172 -1 166 190 167 -1 124 2 242 -1 124 406 2 -1 182 407 180 -1 182 382 407 -1 408 409 410 -1 411 175 233 -1 175 230 233 -1 163 162 190 -1 235 412 236 -1 412 413 236 -1 245 238 237 -1 229 232 233 -1 233 230 229 -1 148 156 390 -1 148 153 156 -1 203 397 269 -1 414 214 3 -1 220 401 247 -1 415 381 416 -1 416 417 415 -1 418 266 213 -1 132 217 376 -1 213 419 418 -1 133 265 134 -1 198 420 199 -1 198 421 420 -1 202 196 170 -1 170 222 202 -1 404 422 222 -1 222 170 404 -1 269 150 268 -1 268 203 269 -1 171 170 196 -1 396 201 268 -1 158 191 159 -1 168 259 170 -1 259 404 170 -1 190 160 163 -1 190 173 160 -1 193 241 159 -1 161 239 165 -1 239 260 165 -1 1 260 239 -1 232 423 189 -1 189 188 232 -1 262 299 263 -1 225 226 404 -1 168 169 166 -1 168 170 169 -1 424 279 157 -1 157 155 424 -1 268 150 152 -1 278 425 424 -1 426 427 130 -1 130 262 426 -1 428 133 135 -1 132 262 130 -1 129 128 265 -1 184 189 5 -1 3 298 4 -1 114 118 8 -1 118 122 8 -1 429 80 79 -1 79 113 429 -1 430 26 25 -1 95 69 431 -1 369 432 367 -1 369 433 432 -1 434 12 14 -1 19 18 32 -1 108 343 39 -1 435 73 72 -1 435 102 73 -1 436 437 93 -1 438 358 320 -1 358 352 320 -1 438 320 318 -1 8 439 6 -1 93 86 91 -1 10 9 440 -1 86 437 87 -1 86 93 437 -1 82 83 78 -1 80 81 78 -1 77 79 78 -1 84 76 78 -1 92 91 429 -1 429 113 92 -1 75 73 93 -1 70 97 441 -1 6 439 95 -1 439 94 95 -1 62 92 63 -1 57 442 443 -1 443 13 57 -1 363 98 100 -1 330 52 50 -1 50 49 330 -1 101 444 445 -1 55 52 330 -1 306 25 307 -1 306 430 25 -1 446 443 43 -1 32 31 111 -1 39 35 34 -1 304 373 305 -1 304 326 373 -1 34 108 39 -1 112 111 309 -1 18 24 32 -1 444 101 315 -1 325 326 36 -1 121 58 122 -1 85 447 86 -1 63 92 113 -1 448 449 257 -1 120 450 364 -1 120 451 450 -1 201 203 268 -1 173 190 174 -1 449 364 450 -1 364 449 448 -1 316 66 314 -1 316 67 66 -1 21 452 90 -1 21 23 452 -1 453 315 317 -1 453 444 315 -1 454 455 456 -1 455 454 457 -1 22 375 303 -1 20 375 22 -1 458 459 460 -1 459 458 461 -1 462 463 464 -1 462 465 463 -1 41 107 104 -1 107 41 44 -1 112 305 373 -1 305 112 309 -1 304 36 326 -1 37 36 304 -1 308 437 19 -1 308 87 437 -1 31 430 306 -1 31 33 430 -1 342 109 301 -1 109 342 341 -1 301 25 342 -1 301 307 25 -1 343 337 339 -1 343 108 337 -1 46 53 466 -1 53 46 54 -1 467 468 47 -1 467 99 468 -1 442 43 443 -1 442 44 43 -1 432 331 29 -1 432 328 331 -1 469 433 96 -1 433 469 329 -1 362 100 470 -1 362 363 100 -1 94 58 60 -1 439 58 94 -1 441 69 70 -1 441 431 69 -1 447 91 86 -1 447 429 91 -1 440 85 88 -1 85 440 9 -1 370 440 310 -1 370 10 440 -1 438 471 472 -1 438 318 471 -1 472 358 438 -1 472 356 358 -1 14 473 474 -1 446 473 14 -1 442 49 51 -1 57 49 442 -1 336 475 473 -1 336 338 475 -1 103 93 73 -1 103 436 93 -1 72 366 435 -1 366 72 441 -1 341 476 477 -1 341 340 476 -1 12 30 29 -1 30 12 434 -1 51 44 442 -1 51 107 44 -1 478 479 327 -1 478 480 479 -1 345 399 346 -1 405 399 345 -1 26 33 89 -1 430 33 26 -1 81 429 447 -1 81 80 429 -1 63 8 7 -1 63 114 8 -1 119 312 311 -1 119 365 312 -1 264 426 262 -1 481 426 264 -1 481 482 483 -1 481 264 482 -1 484 130 427 -1 484 131 130 -1 415 485 486 -1 485 415 417 -1 413 390 280 -1 413 487 390 -1 280 236 413 -1 280 279 236 -1 376 488 401 -1 376 217 488 -1 488 216 214 -1 488 217 216 -1 187 228 185 -1 228 187 249 -1 241 164 159 -1 241 240 164 -1 166 174 190 -1 166 169 174 -1 240 2 1 -1 2 240 241 -1 489 200 199 -1 489 226 200 -1 226 422 404 -1 422 226 489 -1 420 490 491 -1 421 490 420 -1 392 425 278 -1 391 425 392 -1 409 244 243 -1 244 409 408 -1 224 273 492 -1 273 224 402 -1 411 206 175 -1 411 493 206 -1 137 494 127 -1 494 137 486 -1 418 485 484 -1 485 418 419 -1 483 212 481 -1 495 212 483 -1 427 418 484 -1 266 418 427 -1 178 417 416 -1 178 131 417 -1 496 212 495 -1 496 213 212 -1 488 247 401 -1 247 488 250 -1 384 497 386 -1 497 384 383 -1 146 498 388 -1 146 487 498 -1 420 499 500 -1 420 491 499 -1 501 177 403 -1 501 185 177 -1 409 393 410 -1 409 392 393 -1 238 180 235 -1 238 181 180 -1 502 382 283 -1 382 502 407 -1 124 186 406 -1 124 123 186 -1 487 412 498 -1 412 487 413 -1 387 145 147 -1 387 503 145 -1 17 457 454 -1 457 17 16 -1 479 372 371 -1 479 504 372 -1 345 505 480 -1 345 344 505 -1 378 297 296 -1 378 377 297 -1 285 506 288 -1 285 497 506 -1 191 261 192 -1 261 191 507 -1 508 399 355 -1 508 400 399 -1 509 510 511 -1 509 507 510 -1 394 275 512 -1 394 276 275 -1 349 289 354 -1 289 349 321 -1 244 233 234 -1 233 244 411 -1 258 174 171 -1 172 174 258 -1 193 252 254 -1 193 192 252 -1 187 123 218 -1 186 123 187 -1 255 218 123 -1 255 221 218 -1 398 510 158 -1 398 400 510 -1 513 507 509 -1 507 513 261 -1 135 255 251 -1 255 135 136 -1 295 508 293 -1 508 295 511 -1 509 296 513 -1 509 378 296 -1 201 256 197 -1 201 396 256 -1 359 281 282 -1 359 396 281 -1 397 514 515 -1 397 223 514 -1 514 489 500 -1 514 422 489 -1 270 499 227 -1 270 515 499 -1 395 198 492 -1 421 198 395 -1 248 414 423 -1 250 414 248 -1 393 512 275 -1 512 393 277 -1 410 275 274 -1 410 393 275 -1 234 183 245 -1 234 188 183 -1 245 181 238 -1 181 245 183 -1 385 498 412 -1 385 384 498 -1 153 149 152 -1 148 149 153 -1 503 389 516 -1 387 389 503 -1 287 455 516 -1 455 287 379 -1 497 389 386 -1 497 285 389 -1 383 180 407 -1 383 385 180 -1 284 415 139 -1 415 284 381 -1 517 407 502 -1 517 383 407 -1 143 506 517 -1 143 297 506 -1 290 294 291 -1 290 286 294 -1 419 496 494 -1 496 419 213 -1 27 342 25 -1 27 340 342 -1 449 347 257 -1 344 347 449 -1 505 451 504 -1 505 450 451 -1 371 327 479 -1 371 326 327 -1 436 518 374 -1 436 103 518 -1 519 102 435 -1 102 519 520 -1 61 75 62 -1 74 75 61 -1 448 365 364 -1 448 360 365 -1 451 117 521 -1 451 120 117 -1 77 118 114 -1 77 76 118 -1 58 8 122 -1 58 439 8 -1 98 361 65 -1 98 363 361 -1 362 70 71 -1 362 115 70 -1 100 467 470 -1 100 99 467 -1 453 380 357 -1 456 380 453 -1 318 48 471 -1 318 319 48 -1 45 54 46 -1 54 45 50 -1 322 358 357 -1 322 352 358 -1 104 343 41 -1 104 38 343 -1 348 321 349 -1 353 321 348 -1 351 478 350 -1 405 478 351 -1 353 320 352 -1 320 353 522 -1 324 353 348 -1 522 353 324 -1 106 522 40 -1 106 320 522 -1 477 337 341 -1 477 523 337 -1 336 339 338 -1 42 339 336 -1 524 477 476 -1 524 525 477 -1 335 475 523 -1 335 333 475 -1 43 473 446 -1 43 336 473 -1 332 474 333 -1 526 474 332 -1 335 527 334 -1 335 525 527 -1 375 518 458 -1 518 375 374 -1 334 460 459 -1 334 527 460 -1 465 526 332 -1 462 526 465 -1 368 28 464 -1 367 28 368 -1 463 520 519 -1 463 461 520 -1 518 461 458 -1 461 518 520 -1 519 464 463 -1 368 464 519 -1 328 330 331 -1 328 55 330 -1 329 53 55 -1 53 329 469 -1 434 462 30 -1 434 526 462 -1 459 332 334 -1 465 332 459 -1 302 460 527 -1 460 302 303 -1 302 525 524 -1 527 525 302 -1 474 434 14 -1 434 474 526 -1 475 474 473 -1 475 333 474 -1 523 525 335 -1 477 525 523 -1 350 327 325 -1 478 327 350 -1 324 40 522 -1 324 323 40 -1 348 325 324 -1 350 325 348 -1 357 292 322 -1 380 292 357 -1 47 471 48 -1 468 471 47 -1 466 470 467 -1 470 466 528 -1 15 313 282 -1 313 15 314 -1 60 69 94 -1 60 64 69 -1 66 311 312 -1 66 68 311 -1 113 77 114 -1 113 79 77 -1 11 521 117 -1 10 521 11 -1 359 448 257 -1 359 360 448 -1 95 74 61 -1 95 431 74 -1 368 435 366 -1 435 368 519 -1 103 520 518 -1 103 102 520 -1 310 88 110 -1 440 88 310 -1 309 306 305 -1 309 31 306 -1 110 87 308 -1 88 87 110 -1 521 504 451 -1 521 372 504 -1 344 450 505 -1 344 449 450 -1 10 372 521 -1 10 370 372 -1 524 23 302 -1 524 452 23 -1 19 436 374 -1 19 437 436 -1 215 416 298 -1 215 178 416 -1 494 128 127 -1 128 494 496 -1 296 142 246 -1 296 143 142 -1 293 289 291 -1 354 289 293 -1 379 286 290 -1 379 287 286 -1 286 377 294 -1 377 286 288 -1 497 517 506 -1 497 383 517 -1 502 143 517 -1 502 141 143 -1 382 284 283 -1 382 126 284 -1 285 516 389 -1 516 285 287 -1 456 379 380 -1 456 455 379 -1 144 281 267 -1 281 144 16 -1 152 144 267 -1 144 152 149 -1 385 235 180 -1 385 412 235 -1 274 408 410 -1 274 493 408 -1 194 512 277 -1 194 209 512 -1 272 493 274 -1 206 493 272 -1 273 395 492 -1 395 273 271 -1 490 395 394 -1 490 421 395 -1 500 515 514 -1 515 500 499 -1 223 422 514 -1 222 422 223 -1 269 515 270 -1 269 397 515 -1 257 396 359 -1 257 256 396 -1 496 265 128 -1 265 496 495 -1 428 296 246 -1 513 296 428 -1 511 378 509 -1 511 295 378 -1 355 293 508 -1 355 354 293 -1 482 255 136 -1 221 255 482 -1 253 513 428 -1 261 513 253 -1 220 249 218 -1 220 247 249 -1 402 225 403 -1 225 402 224 -1 172 257 347 -1 172 258 257 -1 189 414 3 -1 414 189 423 -1 271 274 276 -1 271 272 274 -1 394 209 490 -1 394 512 209 -1 400 511 510 -1 508 511 400 -1 507 158 510 -1 158 507 191 -1 297 288 506 -1 377 288 297 -1 480 504 479 -1 480 505 504 -1 454 316 17 -1 454 317 316 -1 503 16 145 -1 503 457 16 -1 388 147 146 -1 388 387 147 -1 254 241 193 -1 254 242 241 -1 124 252 125 -1 124 254 252 -1 135 253 428 -1 135 251 253 -1 428 129 133 -1 129 428 246 -1 283 141 502 -1 283 140 141 -1 391 236 425 -1 391 237 236 -1 260 168 165 -1 259 168 260 -1 177 228 231 -1 185 228 177 -1 403 0 501 -1 0 403 225 -1 227 491 208 -1 491 227 499 -1 500 199 420 -1 199 500 489 -1 386 498 384 -1 386 388 498 -1 298 381 4 -1 381 298 416 -1 264 221 482 -1 221 264 219 -1 414 488 214 -1 414 250 488 -1 211 427 426 -1 266 427 211 -1 134 495 483 -1 265 495 134 -1 481 211 426 -1 212 211 481 -1 486 419 494 -1 486 485 419 -1 137 210 138 -1 127 210 137 -1 278 155 194 -1 155 278 424 -1 200 492 198 -1 200 224 492 -1 207 402 176 -1 207 273 402 -1 408 411 244 -1 408 493 411 -1 243 392 409 -1 243 391 392 -1 209 491 490 -1 209 208 491 -1 150 205 151 -1 205 150 269 -1 195 154 204 -1 195 155 154 -1 259 0 404 -1 1 0 259 -1 248 228 249 -1 248 229 228 -1 232 248 423 -1 232 229 248 -1 406 185 501 -1 406 186 185 -1 263 376 401 -1 263 299 376 -1 214 300 215 -1 214 216 300 -1 300 178 215 -1 300 179 178 -1 2 501 0 -1 406 501 2 -1 167 161 165 -1 161 167 162 -1 163 159 164 -1 159 163 160 -1 156 151 154 -1 151 156 153 -1 147 144 149 -1 147 145 144 -1 148 487 146 -1 487 148 390 -1 279 425 236 -1 425 279 424 -1 142 140 138 -1 142 141 140 -1 139 486 137 -1 486 139 415 -1 484 417 131 -1 484 485 417 -1 483 136 134 -1 483 482 136 -1 365 313 312 -1 365 360 313 -1 116 311 121 -1 116 119 311 -1 82 447 85 -1 82 81 447 -1 118 84 11 -1 118 76 84 -1 32 90 33 -1 21 90 32 -1 405 480 478 -1 405 345 480 -1 53 528 466 -1 53 469 528 -1 367 29 28 -1 367 432 29 -1 357 444 453 -1 444 357 356 -1 529 340 27 -1 340 529 476 -1 369 441 97 -1 369 366 441 -1 96 369 97 -1 433 369 96 -1 338 523 475 -1 338 337 523 -1 13 446 14 -1 443 446 13 -1 445 356 472 -1 445 444 356 -1 472 468 445 -1 472 471 468 -1 452 476 529 -1 476 452 524 -1 310 373 370 -1 373 310 112 -1 361 64 59 -1 361 71 64 -1 72 431 441 -1 72 74 431 -1 65 59 68 -1 59 65 361 -1 61 6 95 -1 6 61 7 -1 96 528 469 -1 96 115 528 -1 115 470 528 -1 115 362 470 -1 329 432 433 -1 432 329 328 -1 29 56 12 -1 29 331 56 -1 445 99 101 -1 99 445 468 -1 466 47 46 -1 466 467 47 -1 337 109 341 -1 109 337 108 -1 339 41 343 -1 41 339 42 -1 111 19 32 -1 111 308 19 -1 38 106 40 -1 38 104 106 -1 30 464 28 -1 30 462 464 -1 461 465 459 -1 465 461 463 -1 458 303 375 -1 458 460 303 -1 516 457 503 -1 516 455 457 -1 317 456 453 -1 456 317 454 -1 27 89 529 -1 26 89 27 -1 24 20 22 -1 24 18 20 -1 90 529 89 -1 90 452 529 -1 17 314 15 -1 17 316 314 -1' creaseAngle='1.571'>
            <Coordinate DEF='lmet5_Coord' point='3.6358 1.3933 -0.9978 3.6466 1.3892 -0.9804 3.655 1.3795 -0.9894 3.6925 0.9905 -1.4985 3.6852 0.9204 -1.4269 3.6569 0.9651 -1.3999 4.1401 0.4965 0.7242 4.178 0.521 0.7517 4.1352 0.5476 0.7152 4.172 0.7652 0.7252 4.1514 0.7974 0.6548 4.1066 0.7387 0.6956 4.2923 0.3337 0.6649 4.2923 0.3591 0.5588 4.3165 0.3512 0.5503 3.6664 0.8942 -0.134 3.5984 0.9366 -0.3327 3.6772 0.8696 -0.1415 4.4007 0.7555 0.7718 4.3394 0.733 0.8242 4.4063 0.7275 0.8024 4.4343 0.7688 0.7227 4.4342 0.7297 0.7786 4.4644 0.7463 0.7068 4.4149 0.7547 0.7589 4.4057 0.8162 0.4648 4.4064 0.8222 0.5329 4.4287 0.8006 0.5214 4.2794 0.3395 0.7351 4.253 0.3224 0.6956 4.3082 0.339 0.7113 4.3607 0.8074 0.6563 4.3929 0.7725 0.7351 4.3852 0.8015 0.6494 4.3991 0.6139 0.4135 4.3801 0.6154 0.3916 4.3591 0.727 0.3738 4.3795 0.7292 0.3884 4.3236 0.576 0.3469 4.3932 0.596 0.4054 4.3199 0.5921 0.3356 4.3097 0.4652 0.3698 4.3216 0.4429 0.3873 4.3008 0.4094 0.4192 4.2831 0.4202 0.4203 4.2027 0.4523 0.5183 4.1611 0.4535 0.5641 4.1276 0.5096 0.521 4.1622 0.5049 0.4522 4.2268 0.4132 0.5705 4.21 0.4207 0.5767 4.2172 0.4406 0.5163 4.2022 0.3967 0.6336 4.1626 0.419 0.6154 4.1813 0.423 0.6069 4.2103 0.3748 0.6704 4.2695 0.3383 0.6617 4.2697 0.3696 0.562 4.0628 0.5331 0.6437 3.9549 0.5639 0.5674 4.0514 0.5141 0.6378 4.1819 0.5089 0.7678 4.2103 0.5811 0.7918 4.1996 0.5862 0.7736 4.0268 0.4871 0.6356 3.8901 0.6115 0.4539 3.8207 0.7116 0.3526 3.8265 0.6958 0.3403 3.8863 0.6411 0.4726 4.0723 0.4413 0.6994 4.0643 0.4158 0.6841 4.026 0.4615 0.6175 4.1741 0.4688 0.8396 4.2204 0.5567 0.8766 4.1693 0.4863 0.8209 4.2029 0.5619 0.8569 4.1289 0.678 0.7661 4.1388 0.6718 0.7746 4.144 0.6866 0.7775 4.1485 0.6718 0.7824 4.1576 0.6815 0.7889 4.1575 0.6899 0.7881 4.1494 0.7013 0.7806 4.1404 0.7022 0.7733 4.1307 0.6967 0.7659 4.2005 0.7551 0.7731 4.2159 0.7018 0.8185 4.243 0.7219 0.8151 4.2227 0.7631 0.7706 4.4242 0.7935 0.6271 4.4295 0.79 0.6431 4.1987 0.6648 0.8179 4.2006 0.6279 0.7917 4.2072 0.6535 0.8472 4.1049 0.4839 0.6965 4.1337 0.4805 0.7277 4.1043 0.3821 0.6718 4.0867 0.4006 0.7188 3.9197 0.5881 0.4238 4.0582 0.5621 0.4818 4.0046 0.5229 0.5068 3.9903 0.6104 0.3997 4.2894 0.5395 0.8885 4.2961 0.5724 0.8916 4.2741 0.5313 0.3508 4.2246 0.4875 0.409 4.2583 0.5379 0.3388 4.2421 0.478 0.4083 4.4499 0.5794 0.4297 4.4659 0.6372 0.4505 4.2727 0.7757 0.7542 4.369 0.7682 0.7218 4.3013 0.7915 0.6656 4.1805 0.6417 0.7821 4.153 0.5988 0.7375 4.0759 0.412 0.6327 3.9979 0.7163 0.5795 4.0288 0.7841 0.5869 4.0971 0.6437 0.7003 3.9377 0.7634 0.5096 3.9731 0.8196 0.5115 3.9873 0.6344 0.5653 4.083 0.5804 0.6648 3.8229 1.2375 -1.2505 3.777 1.3007 -1.0958 3.8451 1.2562 -1.0971 3.6997 0.9206 -1.333 3.9171 0.8678 -1.3431 3.9685 0.9508 -1.3022 3.9736 0.9425 -1.1255 3.8694 1.0292 -1.6048 3.8431 0.9799 -1.5807 3.8281 1.0325 -1.6138 4.0064 1.0621 -1.1134 4.0201 1.0852 -1.2896 3.9892 1.0879 -1.1082 3.9952 1.1001 -1.281 3.9059 0.8634 -1.3446 3.8763 0.8574 -1.1595 3.8876 0.8748 -1.3466 3.8596 0.8595 -1.1667 3.8341 0.8761 -1.0504 3.8487 0.8752 -1.0452 3.8186 0.897 -0.9338 3.526 0.9867 -0.5029 3.5362 0.9585 -0.5155 3.4084 0.9771 -0.8225 3.4633 0.9698 -0.6703 3.3889 1.005 -0.8143 3.4505 0.9981 -0.6607 3.4535 1.1026 -0.5918 3.3608 1.0741 -0.7881 3.4622 1.0632 -0.6236 3.3898 1.0501 -0.805 3.3291 1.0715 -0.9016 3.3027 1.0693 -1.0074 3.3647 1.0466 -0.9022 3.3455 1.0321 -0.9955 3.8325 1.1899 -0.5289 3.7908 1.2679 -0.678 3.7965 1.2391 -0.5911 3.7626 1.3118 -0.655 3.7615 1.2705 -0.5767 3.7824 1.2551 -0.589 3.7783 1.2844 -0.6714 3.7216 1.3251 -0.6423 3.7094 1.2724 -0.5679 3.7393 1.2773 -0.5699 3.6701 1.3046 -0.6442 3.6978 1.2649 -0.5544 3.6537 1.3106 -0.6391 3.6816 1.2294 -0.4746 3.8108 1.1623 -0.2994 3.7698 1.2194 -0.4948 3.7497 1.2247 -0.4876 3.6509 1.2144 -1.4209 3.6704 1.3158 -1.333 3.698 1.2833 -1.3093 3.7998 0.9635 -1.5716 3.8049 0.9805 -1.5854 3.5877 0.9405 -1.0854 3.5817 0.9546 -1.1938 3.6229 0.9438 -1.1988 3.5934 0.9864 -1.3024 3.6315 0.9668 -1.3073 3.7364 1.2787 -1.2987 3.7694 1.2618 -1.2807 3.7693 1.2564 -1.3256 3.606 1.0235 -1.3616 3.6338 1.0069 -1.3795 3.7594 1.2295 -0.498 3.8314 1.2228 -0.7031 3.8248 1.2536 -0.8809 3.7748 1.2852 -0.8866 3.2992 1.0912 -1.0146 3.302 1.0962 -0.9931 3.6505 1.2422 -0.4528 3.6439 1.2141 -0.4168 3.5184 1.4296 -0.9939 3.5224 1.4263 -0.969 3.5422 1.4381 -0.9933 3.5867 1.1355 -0.4355 3.6082 1.2437 -0.4564 3.5591 1.1693 -0.4609 3.3285 1.1021 -0.8948 3.3628 1.1045 -0.7905 3.6291 1.2208 -1.4092 3.6484 1.314 -1.3339 3.3163 1.1451 -0.9914 3.319 1.1441 -1.0163 3.888 0.8605 -1.155 3.9205 1.0725 -1.5979 3.9666 1.0795 -1.5241 3.9361 0.9834 -1.52 3.7326 1.0509 -1.5584 3.7412 0.9838 -1.5572 3.7632 1.0498 -1.5846 3.7902 1.0908 -1.5765 3.8273 1.217 -1.4335 3.9082 1.1509 -1.4979 3.8171 1.1887 -1.5004 3.9365 1.1637 -1.4134 3.6113 1.3173 -0.631 3.5641 1.2806 -0.6103 3.5681 1.434 -1.0672 3.5895 1.3916 -1.0316 3.5665 1.4096 -0.9247 3.3481 1.1388 -0.8969 3.7267 1.2046 -1.4092 3.6965 1.1722 -1.4251 3.6763 1.1955 -1.4239 3.6898 1.206 -1.4159 3.654 1.1078 -1.4164 3.6336 1.1243 -1.4092 3.5726 1.0338 -1.3611 3.444 0.9613 -1.0815 3.3839 0.9893 -1.1094 3.4239 0.9764 -1.2062 3.4879 0.9627 -1.1853 3.699 1.378 -0.8509 3.7182 1.3269 -0.8704 3.7276 1.3143 -0.8819 3.7379 1.3142 -0.9816 3.4822 1.0194 -1.3083 3.5436 1.0622 -1.3724 3.5327 1.0075 -1.3067 3.9499 0.946 -1.0073 3.7702 1.1734 -1.4948 3.7158 1.154 -1.446 3.7555 1.1928 -1.4244 3.7414 1.1369 -1.501 3.9244 1.1958 -1.0875 3.8281 1.2591 -0.9908 3.9027 1.181 -0.9884 3.7685 1.2956 -0.9919 3.941 1.1816 -1.256 3.7083 1.1408 -0.2416 3.7633 1.0838 -0.0792 3.7329 1.1537 -0.2489 3.6191 1.37 -0.8165 3.6707 1.3932 -0.8346 3.8842 1.1685 -0.8894 3.8985 1.0915 -1.5895 3.8764 1.1248 -1.565 3.9457 1.1012 -1.5139 4.0223 1.0731 -1.292 3.8948 1.0215 -1.6138 3.538 1.0744 -0.4767 3.5656 1.1275 -0.4628 3.4517 1.1401 -0.5958 3.3855 1.131 -0.7911 3.5286 1.2981 -1.2046 3.5843 1.2565 -1.3285 3.5935 1.3922 -1.1968 3.5381 1.1594 -1.3262 3.4348 1.1218 -1.1968 3.465 1.1931 -1.1958 3.3374 1.0502 -1.1042 3.3445 1.0141 -1.1249 3.3682 1.0091 -1.0679 3.3643 1.0022 -0.9782 3.6098 1.0081 -0.3046 3.6616 0.9477 -0.121 3.7875 0.8702 -1.1984 3.7882 0.8747 -1.3634 3.6801 0.8996 -0.7481 3.7603 0.8643 -0.5891 3.697 0.8873 -0.5717 3.757 0.8855 -0.7387 3.9655 0.8123 -0.2291 3.805 0.8377 -0.4191 3.8781 0.8549 -0.4596 3.8904 0.785 -0.2094 3.9363 0.9432 -0.4352 3.8387 0.8679 -0.6053 3.9201 0.9619 -0.5904 3.921 0.9584 -0.8892 3.8189 0.8935 -0.8852 3.7135 0.9518 -1.5035 3.8653 1.1092 -1.5818 3.7696 0.9978 -1.5833 4.4261 0.7321 0.4117 4.5186 0.671 0.6942 4.478 0.6594 0.8065 4.329 0.7898 0.4341 4.3011 0.8109 0.5547 4.3491 0.8354 0.5414 4.3917 0.8158 0.4515 4.32 0.7339 0.8036 4.329 0.7921 0.6589 4.2363 0.7871 0.6846 3.9106 0.689 0.4851 3.8442 0.7606 0.3632 3.7284 0.868 0.1202 3.7269 0.8192 0.0956 3.8767 0.6836 0.3006 3.7358 0.7975 0.0819 3.7788 0.7569 0.0486 4.1349 0.5544 0.3386 4.1958 0.5013 0.3823 4.2206 0.5746 0.2856 4.0533 0.7624 -0.0599 3.9831 0.7067 -0.0465 4.3567 0.6376 0.3528 4.3126 0.6774 0.2944 4.3143 0.7519 0.3349 4.2976 0.7949 0.42 4.2491 0.8169 0.3756 4.2003 0.3345 0.6967 4.1557 0.3565 0.6812 4.2255 0.375 0.6605 4.2406 0.3299 0.6817 4.4664 0.4296 0.6806 4.4594 0.4407 0.555 4.5156 0.5111 0.687 4.5035 0.5296 0.5814 4.3372 0.4246 0.408 4.4616 0.571 0.4416 4.414 0.4916 0.3999 4.3942 0.5115 0.3757 4.4638 0.7191 0.4859 4.4785 0.6439 0.4628 4.4411 0.7312 0.4287 4.3812 0.5374 0.3585 3.9433 0.9814 0.1186 3.9932 0.9727 0.0834 3.9195 1.0727 -0.1307 3.854 1.0773 -0.1092 4.2065 0.7602 0.1697 4.0864 0.8387 -0.0382 4.2133 0.8083 0.1942 4.0811 0.9073 -0.0075 4.1119 0.6378 0.1499 4.165 0.6936 0.145 4.0032 0.9013 -0.2282 4.0136 0.9763 -0.2016 3.9982 0.6444 0.2253 3.8993 0.7137 -0.0069 4.0339 0.6323 0.2045 3.6883 1.0079 -0.081 3.7744 0.9166 0.1575 3.9584 0.5345 0.5526 4.0342 0.4557 0.5868 3.9826 0.5217 0.5249 3.9191 0.8605 0.3775 3.8741 0.8225 0.3766 4.1593 0.3994 0.8244 4.2017 0.3471 0.7643 4.2426 0.391 0.8226 4.1356 0.3633 0.7603 4.201 0.8027 0.6205 4.2313 0.8179 0.4815 4.1575 0.8303 0.5294 4.2709 0.8078 0.5627 4.373 0.6825 0.8622 4.4509 0.6608 0.83 3.8097 1.1272 -1.5677 3.8222 0.8844 -0.7398 3.9073 0.9558 -0.7248 3.7373 0.8618 -0.3947 3.8136 0.7934 -0.1864 3.7868 0.8855 -1.4579 3.6939 0.913 -1.2098 3.6852 0.9138 -0.9559 3.5746 0.9302 -0.923 3.5753 0.931 -0.9748 3.5663 0.931 -0.86 3.5036 0.9353 -0.6959 3.4582 0.9333 -0.8432 3.586 0.919 -0.71 3.3751 1.0073 -0.8986 3.4057 0.9774 -1.2226 3.3972 0.9927 -1.2246 3.3997 1.0398 -1.2024 3.4172 1.228 -1.1119 3.4863 1.3287 -1.0945 3.6412 1.0661 -0.2568 3.4975 1.2028 -0.5984 3.8575 1.1544 -0.3409 3.9775 1.0536 -0.1576 3.9077 1.1031 -0.3862 3.8027 1.1558 -1.5416 3.611 1.3987 -1.1877 3.6364 1.3547 -1.1558 3.5997 1.371 -0.8114 4.0429 0.964 0.0482 3.715 1.3379 -1.1105 3.6871 0.9116 -1.0828 3.5314 1.0818 -1.3661 3.472 1.0382 -1.3069 3.4897 1.0619 -1.3179 3.6073 1.1441 -1.4115 3.4443 0.9419 -0.9712 3.387 0.9767 -0.9772 3.698 1.0818 -1.502 3.8819 0.8894 -1.4731 3.7916 0.9153 -1.5222 3.8609 0.9248 -1.5279 3.8686 0.9707 -1.5918 3.8887 0.9198 -1.5408 3.4553 1.3528 -0.958 3.4544 1.3528 -0.9837 3.5737 1.361 -0.8017 3.671 1.0884 -1.4399 3.3408 1.007 -1.0958 3.3549 0.9945 -1.1252 3.915 1.0829 -1.5998 3.8857 1.0277 -1.6191 3.9668 1.0568 -0.9969 4.1856 0.6745 0.8042 4.3745 0.8289 0.5422 4.1208 0.4543 0.7756 4.1988 0.3284 0.715 4.1399 0.3539 0.6986 4.3266 0.3425 0.6757 4.221 0.4658 0.8721 4.2826 0.6641 0.8705 4.2493 0.7111 0.8335 4.1183 0.5674 0.3162 4.1161 0.5032 0.6998 4.1856 0.7808 0.703 4.1222 0.4357 0.7932 4.2711 0.3813 0.511 4.2883 0.3697 0.5083 3.9375 0.6641 0.263 4.0034 0.6107 0.3932 4.3091 0.3651 0.5002 4.199 0.6961 0.8057 3.8165 0.9508 0.1631 3.8595 0.9812 0.1669 3.9652 0.8947 0.3766 4.0323 0.8534 0.4883 4.463 0.7596 0.6332 3.839 0.7353 0.0209 3.7141 0.8296 -0.1571 3.6856 0.8794 -0.3803 3.7638 0.8115 -0.1718 3.6341 0.8969 -0.3659 4.4809 0.5929 0.8376 4.4804 0.5045 0.8021 4.5039 0.5933 0.813 4.459 0.507 0.8276 4.3748 0.376 0.7459 4.4142 0.4385 0.809 4.3527 0.38 0.7731 4.4341 0.432 0.782 4.1439 0.4521 0.5738 4.1093 0.5074 0.5328 4.073 0.565 0.4707 4.1396 0.3784 0.6493 4.0651 0.4568 0.5623 4.1065 0.5644 0.3929 4.0756 0.5879 0.3441 4.3578 0.3932 0.4853 4.3766 0.3757 0.5581 4.4407 0.4607 0.4819 4.4947 0.6959 0.5587 4.5107 0.6187 0.5255 4.1572 0.8684 0.2416 4.184 0.834 0.4141 4.1033 0.8813 0.2832 3.963 1.0916 -1.5237 3.978 1.1062 -1.4313 3.9995 1.0969 -1.4381 3.8575 0.9692 -1.5943 3.8781 0.9149 -1.541 3.8999 0.8785 -1.4766 3.3939 0.9799 -0.899 3.7661 1.1105 -1.549 3.5467 1.397 -0.8978 3.3858 1.2543 -1.0126 3.3852 1.2542 -0.9868 3.5495 1.4282 -1.075 3.5913 1.1595 -1.401 3.9107 0.8831 -1.4763 4.0026 1.0848 -1.4391 3.9585 0.9629 -1.452 3.6825 0.9079 -0.8753 3.4496 0.9408 -0.9068 3.4118 1.2382 -0.9018 3.4829 1.3366 -0.8841 3.6932 1.3515 -1.1158 3.7662 0.8815 -1.0753 3.5749 0.9258 -0.5379 4.1176 0.8508 0.4496 4.0492 0.894 0.3247 3.7511 0.8926 -0.8856 3.8836 1.1476 -0.7268 3.9482 1.037 -0.4312 3.9322 1.0526 -0.7277 3.892 1.1244 -0.5566 3.9353 1.0472 -0.5889 3.3685 1.1212 -1.1073 3.9318 1.055 -0.8805 3.5173 1.3189 -0.7976 3.4435 1.2192 -0.8053 3.6357 0.9065 -0.5548 3.7496 0.8965 -0.9522 4.3753 0.5912 0.884 4.292 0.4515 0.8622 4.3527 0.5286 0.8825 4.0908 0.8279 0.5615 4.2681 0.614 0.2827 4.4915 0.5509 0.5084 4.5088 0.6834 0.6123 4.5325 0.6042 0.5938 4.3824 0.367 0.6765 4.5446 0.5946 0.6914 4.1091 0.41 0.6084 4.4537 0.7707 0.6027'/>
          </IndexedFaceSet>
        </Shape>
        <Shape DEF='lfdphal'>
          <Appearance>
            <Material ambientIntensity='0.965' diffuseColor='1 0.9765 0.8667' emissiveColor='0 0 0' shininess='0.05' specularColor='0.349 0.349 0.349'/>
          </Appearance>
          <IndexedFaceSet DEF='lfdphal_Geo' coordIndex='0 1 2 -1 3 4 5 -1 6 7 8 -1 8 9 6 -1 10 3 5 -1 11 12 13 -1 14 15 16 -1 17 18 19 -1 20 21 22 -1 22 23 20 -1 24 25 26 -1 27 17 24 -1 28 29 30 -1 31 32 33 -1 32 34 33 -1 31 33 35 -1 36 37 38 -1 39 36 38 -1 40 36 41 -1 42 43 44 -1 45 46 44 -1 47 48 49 -1 50 51 52 -1 53 54 55 -1 53 56 54 -1 57 58 59 -1 60 61 62 -1 61 63 62 -1 64 58 65 -1 7 66 64 -1 64 65 7 -1 67 68 1 -1 47 56 69 -1 48 70 71 -1 72 73 74 -1 75 76 77 -1 75 78 63 -1 79 26 25 -1 79 80 26 -1 29 81 82 -1 83 84 85 -1 81 86 87 -1 81 88 86 -1 47 89 48 -1 12 8 90 -1 55 51 50 -1 50 91 55 -1 48 92 49 -1 48 87 92 -1 93 52 94 -1 93 50 52 -1 95 35 29 -1 35 33 29 -1 96 97 98 -1 98 99 96 -1 68 100 101 -1 100 68 102 -1 36 40 37 -1 7 77 76 -1 58 57 103 -1 39 58 104 -1 41 2 105 -1 41 104 2 -1 103 106 107 -1 103 78 106 -1 89 69 108 -1 89 47 69 -1 106 109 107 -1 109 110 107 -1 110 0 2 -1 67 111 112 -1 113 112 111 -1 113 114 112 -1 115 116 117 -1 117 118 115 -1 119 120 121 -1 11 13 14 -1 122 123 124 -1 13 90 85 -1 85 125 13 -1 125 126 127 -1 125 128 126 -1 129 130 21 -1 131 132 133 -1 131 134 132 -1 24 133 27 -1 5 131 10 -1 5 134 131 -1 7 135 77 -1 7 6 135 -1 135 136 137 -1 135 6 136 -1 138 139 140 -1 138 141 139 -1 18 142 138 -1 138 143 18 -1 144 122 145 -1 142 146 138 -1 146 141 138 -1 136 6 9 -1 4 147 148 -1 147 149 148 -1 8 12 9 -1 3 150 71 -1 3 10 150 -1 142 151 146 -1 82 10 80 -1 82 150 10 -1 83 90 8 -1 83 85 90 -1 152 153 16 -1 121 154 155 -1 121 120 154 -1 118 156 115 -1 118 121 156 -1 111 67 157 -1 158 159 160 -1 160 109 158 -1 72 161 73 -1 69 162 72 -1 72 108 69 -1 163 164 162 -1 162 91 163 -1 104 58 107 -1 58 103 107 -1 41 36 104 -1 77 165 75 -1 77 70 165 -1 8 65 58 -1 58 64 59 -1 166 167 37 -1 166 100 167 -1 100 102 167 -1 40 100 166 -1 166 37 40 -1 40 101 100 -1 2 1 105 -1 97 168 98 -1 31 44 32 -1 33 94 169 -1 88 81 169 -1 88 52 170 -1 53 69 56 -1 132 27 133 -1 58 39 8 -1 86 88 170 -1 130 171 21 -1 172 167 173 -1 75 61 174 -1 62 103 57 -1 7 65 8 -1 89 165 48 -1 165 70 48 -1 30 29 82 -1 13 12 90 -1 120 175 154 -1 120 176 175 -1 157 160 177 -1 157 0 160 -1 66 7 76 -1 76 174 66 -1 76 75 174 -1 59 62 57 -1 59 60 62 -1 61 75 63 -1 54 56 47 -1 47 49 54 -1 92 87 86 -1 55 91 53 -1 46 42 44 -1 43 32 44 -1 39 104 36 -1 38 8 39 -1 22 21 126 -1 24 178 25 -1 17 178 24 -1 143 144 129 -1 171 130 145 -1 11 153 179 -1 179 12 11 -1 144 140 122 -1 137 4 3 -1 137 147 4 -1 12 179 9 -1 99 102 112 -1 121 118 119 -1 132 148 151 -1 134 148 132 -1 147 136 180 -1 136 147 137 -1 123 140 139 -1 122 140 123 -1 11 16 153 -1 14 16 11 -1 143 19 18 -1 19 143 129 -1 140 143 138 -1 144 143 140 -1 18 27 142 -1 18 17 27 -1 181 25 23 -1 79 25 181 -1 45 31 182 -1 44 31 45 -1 183 184 128 -1 185 184 183 -1 95 186 35 -1 95 187 186 -1 98 173 167 -1 168 173 98 -1 92 170 188 -1 92 86 170 -1 68 105 1 -1 68 101 105 -1 159 177 160 -1 159 189 177 -1 114 175 96 -1 175 114 154 -1 190 191 192 -1 190 119 191 -1 163 116 164 -1 163 117 116 -1 156 161 115 -1 73 161 156 -1 114 99 112 -1 114 96 99 -1 34 43 176 -1 32 43 34 -1 92 54 49 -1 92 188 54 -1 193 89 108 -1 193 165 89 -1 60 64 66 -1 60 59 64 -1 145 124 171 -1 124 145 122 -1 88 94 52 -1 169 94 88 -1 55 188 51 -1 188 55 54 -1 93 176 190 -1 176 93 34 -1 81 33 169 -1 81 29 33 -1 45 96 46 -1 96 45 97 -1 187 173 186 -1 84 173 187 -1 172 8 38 -1 172 83 8 -1 66 61 60 -1 66 174 61 -1 162 53 91 -1 53 162 69 -1 158 193 74 -1 194 193 158 -1 162 161 72 -1 162 164 161 -1 159 74 73 -1 74 159 158 -1 114 155 154 -1 155 114 113 -1 189 121 155 -1 189 156 121 -1 195 14 13 -1 15 14 195 -1 28 95 29 -1 28 185 95 -1 195 171 124 -1 171 195 127 -1 84 183 85 -1 84 187 183 -1 10 26 80 -1 10 131 26 -1 150 48 71 -1 150 87 48 -1 3 135 137 -1 71 135 3 -1 149 151 148 -1 151 149 146 -1 152 179 153 -1 180 179 152 -1 152 146 149 -1 152 141 146 -1 16 141 152 -1 16 139 141 -1 149 180 152 -1 149 147 180 -1 77 71 70 -1 77 135 71 -1 131 24 26 -1 131 133 24 -1 150 81 87 -1 81 150 82 -1 21 127 126 -1 21 171 127 -1 128 85 183 -1 85 128 125 -1 127 13 125 -1 127 195 13 -1 181 185 28 -1 181 184 185 -1 184 23 22 -1 184 181 23 -1 124 15 195 -1 15 124 123 -1 191 118 117 -1 191 119 118 -1 177 155 113 -1 177 189 155 -1 113 157 177 -1 111 157 113 -1 0 109 160 -1 0 110 109 -1 107 2 104 -1 107 110 2 -1 109 194 158 -1 194 109 106 -1 194 165 193 -1 75 165 194 -1 63 103 62 -1 63 78 103 -1 37 172 38 -1 37 167 172 -1 43 175 176 -1 43 42 175 -1 94 34 93 -1 33 34 94 -1 190 50 93 -1 190 192 50 -1 163 50 192 -1 163 91 50 -1 84 172 173 -1 172 84 83 -1 30 80 79 -1 30 82 80 -1 106 75 194 -1 106 78 75 -1 74 108 72 -1 74 193 108 -1 175 46 96 -1 42 46 175 -1 67 102 68 -1 112 102 67 -1 116 161 164 -1 161 116 115 -1 192 117 163 -1 192 191 117 -1 120 190 176 -1 190 120 119 -1 157 1 0 -1 1 157 67 -1 189 73 156 -1 159 73 189 -1 170 51 188 -1 51 170 52 -1 102 98 167 -1 98 102 99 -1 186 168 182 -1 168 186 173 -1 105 40 41 -1 105 101 40 -1 182 35 186 -1 182 31 35 -1 185 187 95 -1 185 183 187 -1 22 128 184 -1 22 126 128 -1 182 97 45 -1 182 168 97 -1 28 79 181 -1 30 79 28 -1 178 19 20 -1 19 178 17 -1 178 23 25 -1 178 20 23 -1 20 129 21 -1 19 129 20 -1 144 130 129 -1 144 145 130 -1 16 123 139 -1 123 16 15 -1 180 9 179 -1 9 180 136 -1 27 151 142 -1 132 151 27 -1 134 4 148 -1 5 4 134 -1' creaseAngle='1.571'>
            <Coordinate DEF='lfdphal_Coord' point='2.4465 0.1308 2.9436 2.5253 0.1643 2.9246 2.536 0.1391 2.9403 2.4541 0.0696 3.5149 2.4669 0.0667 3.5249 2.4578 0.0748 3.526 2.5312 0.1061 3.4358 2.5234 0.0865 3.3594 2.5558 0.1456 3.3253 2.5689 0.1384 3.4176 2.4415 0.1088 3.5312 2.6375 0.1423 3.436 2.5879 0.154 3.4048 2.5788 0.1823 3.4271 2.6478 0.1554 3.4655 2.6512 0.1628 3.4892 2.6482 0.1455 3.4839 2.5711 0.129 3.6976 2.5883 0.1266 3.7026 2.5849 0.1489 3.7055 2.5498 0.2008 3.6733 2.5842 0.2246 3.6628 2.5302 0.2351 3.5984 2.4987 0.2059 3.604 2.5313 0.1318 3.6355 2.4857 0.1807 3.5991 2.4844 0.1477 3.5878 2.5633 0.0919 3.6604 2.425 0.1995 3.4543 2.3624 0.1888 3.3515 2.4139 0.1757 3.4657 2.3703 0.3099 3.1835 2.3483 0.3523 3.1414 2.2803 0.2324 3.2279 2.2193 0.2688 3.153 2.3844 0.2913 3.2131 2.5985 0.138 3.1662 2.5896 0.1805 3.077 2.5773 0.1464 3.2045 2.5868 0.1278 3.2157 2.6198 0.1494 3.0727 2.6191 0.1397 3.0745 2.3504 0.3577 3.129 2.3444 0.3542 3.1375 2.3563 0.3535 3.138 2.368 0.3536 3.1368 2.3626 0.3557 3.1325 2.2186 0.0109 3.2947 2.3307 0.0458 3.3794 2.226 0.0253 3.3186 2.0571 0.1154 3.1553 2.1135 0.0775 3.233 2.1291 0.0924 3.2463 2.1239 0.0391 3.2169 2.1297 0.0288 3.2799 2.1138 0.0539 3.2228 2.14 0.0198 3.2666 2.5729 0.058 3.283 2.5987 0.0651 3.2204 2.5749 0.0635 3.2898 2.533 0.052 3.3319 2.464 0.0363 3.3084 2.5348 0.046 3.323 2.4654 0.0323 3.2995 2.5718 0.0716 3.2935 2.5661 0.0929 3.3028 2.5258 0.0709 3.3404 2.5181 0.1785 2.925 2.5321 0.1778 2.9265 2.1703 0.0017 3.1926 2.388 0.0437 3.3669 2.4269 0.0765 3.4794 2.2012 0.0702 3.0623 2.2213 0.1168 2.9866 2.2593 0.0763 3.0501 2.4117 0.0295 3.2333 2.4548 0.0478 3.3278 2.4474 0.0421 3.3539 2.4637 0.033 3.2262 2.4507 0.1867 3.5367 2.4461 0.155 3.5346 2.3218 0.1281 3.3811 2.4097 0.147 3.4733 2.5085 0.2158 3.3029 2.4773 0.2355 3.3059 2.5232 0.2119 3.4042 2.2172 0.0723 3.3218 2.3122 0.0761 3.3961 2.1936 0.0959 3.2825 2.3053 0.0169 3.2668 2.5722 0.1736 3.4049 2.0624 0.0668 3.1244 2.226 0.0497 3.3306 2.1334 0.196 3.1612 2.2064 0.1659 3.233 2.4231 0.2529 3.318 2.4202 0.3286 3.0435 2.4341 0.3253 3.1139 2.4997 0.2569 3.0759 2.505 0.2621 2.9912 2.5546 0.2022 2.9444 2.5537 0.17 2.9305 2.5171 0.2476 2.9792 2.5265 0.0401 3.2191 2.5734 0.114 3.0778 2.5502 0.1568 2.9297 2.4387 0.0525 3.122 2.4989 0.0887 3.1157 2.2619 0.0266 3.1604 2.3975 0.0911 3.018 2.4722 0.1211 2.9972 2.4764 0.198 2.9629 2.506 0.2464 2.977 2.3958 0.2178 3.0059 2.4108 0.3158 3.0273 2.1267 0.0974 2.9962 2.0883 0.0677 3.0154 2.0439 0.0846 3.0549 2.1143 0.148 3.0497 2.1002 0.2079 3.1008 2.1748 0.2964 3.0817 2.195 0.2111 3.0414 2.6718 0.1628 3.6341 2.6682 0.1572 3.572 2.6532 0.1765 3.5955 2.5386 0.2202 3.4636 2.5458 0.2398 3.5916 2.5841 0.2307 3.57 2.5031 0.2464 3.5014 2.6095 0.1704 3.6932 2.6265 0.2124 3.6731 2.4749 0.0999 3.5751 2.5076 0.0595 3.6213 2.5225 0.086 3.6285 2.4762 0.0537 3.5604 2.4846 0.0642 3.4548 2.5408 0.1131 3.4841 2.4996 0.0618 3.5087 2.6347 0.1059 3.6491 2.6652 0.1374 3.5726 2.668 0.1422 3.631 2.6072 0.0984 3.5826 2.5848 0.0869 3.6629 2.6245 0.1534 3.6883 2.6358 0.1675 3.6833 2.6465 0.199 3.6676 2.5361 0.0532 3.6088 2.5043 0.057 3.5246 2.4861 0.0433 3.556 2.5131 0.0519 3.5523 2.4047 0.1043 3.4844 2.5184 0.0478 3.6153 2.5831 0.1013 3.5289 2.6335 0.1236 3.4491 2.3037 0.3397 3.0421 2.3002 0.242 3.0273 2.2121 0.1352 2.9842 2.4433 0.1486 2.9421 2.3176 0.0824 3.0379 2.2851 0.1205 2.9685 2.3622 0.1098 2.957 2.1352 0.0831 2.9983 2.1157 0.0152 3.0833 2.0419 0.0675 3.0655 2.0901 0.0513 3.0189 2.358 0.0231 3.2501 2.5871 0.1839 3.0621 2.5235 0.2304 3.0964 2.4379 0.2932 3.1597 2.2306 0.1585 3.2587 2.1398 0.068 3.2906 2.6193 0.2212 3.6337 2.5155 0.2208 3.1873 2.4453 0.2739 3.1969 2.4609 0.0445 3.312 2.3082 0.3546 3.0584 2.1795 0.3026 3.0984 2.3588 0.1282 2.9523 2.5377 0.1739 3.6652 2.5851 0.1432 3.4179 2.5524 0.1158 3.4947 2.4615 0.2127 3.5311 2.3945 0.3132 3.1738 2.4771 0.2347 3.4213 2.4836 0.2412 3.5141 2.4546 0.2303 3.4296 2.4087 0.2933 3.2041 2.4464 0.2556 3.3099 2.1289 0.0472 3.2911 2.2818 0.1391 2.9643 2.1014 0.2111 3.1214 2.0415 0.1324 3.0961 2.0358 0.1237 3.1181 2.3154 0.038 3.1484 2.369 0.0495 3.1365 2.619 0.1956 3.5364'/>
          </IndexedFaceSet>
        </Shape>
        <Shape DEF='lfdphal2'>
          <Appearance>
            <Material ambientIntensity='0.965' diffuseColor='1 0.9765 0.8667' emissiveColor='0 0 0' shininess='0.05' specularColor='0.349 0.349 0.349'/>
          </Appearance>
          <IndexedFaceSet DEF='lfdphal2_Geo' coordIndex='0 1 2 -1 3 4 5 -1 6 7 8 -1 9 10 11 -1 11 2 9 -1 12 13 14 -1 1 15 6 -1 15 16 6 -1 17 18 19 -1 3 6 16 -1 20 21 22 -1 20 23 21 -1 24 25 26 -1 27 28 29 -1 30 31 32 -1 33 34 35 -1 36 30 37 -1 28 27 38 -1 39 40 22 -1 22 41 39 -1 32 42 30 -1 43 17 44 -1 43 18 17 -1 1 6 8 -1 45 16 46 -1 45 47 16 -1 48 49 50 -1 48 51 49 -1 52 53 54 -1 2 11 0 -1 15 55 16 -1 43 44 56 -1 56 57 43 -1 58 59 60 -1 58 61 59 -1 62 27 29 -1 51 24 63 -1 64 32 33 -1 48 65 24 -1 66 67 68 -1 67 69 68 -1 70 71 12 -1 70 72 71 -1 73 74 75 -1 75 76 73 -1 75 77 78 -1 78 76 75 -1 79 80 81 -1 80 82 81 -1 83 84 85 -1 85 86 83 -1 87 88 21 -1 21 23 87 -1 89 90 91 -1 74 73 67 -1 73 69 67 -1 92 93 94 -1 30 42 95 -1 64 33 35 -1 63 24 26 -1 57 56 53 -1 53 52 57 -1 96 17 19 -1 55 46 16 -1 8 2 1 -1 96 97 98 -1 96 99 97 -1 11 100 14 -1 40 94 93 -1 40 101 94 -1 102 103 104 -1 102 105 103 -1 26 27 62 -1 106 48 50 -1 107 108 57 -1 57 52 107 -1 4 3 54 -1 57 108 43 -1 108 18 43 -1 109 110 10 -1 10 9 109 -1 6 5 7 -1 6 3 5 -1 28 111 61 -1 65 112 113 -1 65 114 112 -1 115 37 59 -1 34 33 116 -1 117 118 34 -1 32 31 33 -1 95 37 30 -1 26 25 27 -1 51 48 24 -1 64 67 66 -1 66 32 64 -1 51 63 119 -1 63 120 119 -1 29 121 62 -1 29 122 121 -1 123 83 124 -1 83 103 124 -1 70 69 72 -1 69 73 72 -1 19 18 125 -1 18 108 125 -1 1 0 15 -1 0 126 15 -1 10 127 100 -1 100 11 10 -1 39 100 127 -1 110 109 128 -1 128 129 110 -1 101 110 129 -1 14 0 11 -1 109 4 128 -1 5 4 109 -1 47 3 16 -1 47 107 3 -1 69 41 68 -1 41 69 70 -1 76 72 73 -1 76 89 72 -1 130 90 78 -1 90 130 131 -1 105 132 133 -1 105 134 132 -1 84 123 135 -1 83 123 84 -1 103 133 124 -1 103 105 133 -1 58 136 137 -1 60 136 58 -1 63 138 120 -1 26 138 63 -1 75 49 77 -1 49 75 139 -1 42 66 88 -1 32 66 42 -1 138 62 121 -1 26 62 138 -1 139 74 35 -1 139 75 74 -1 95 88 87 -1 95 42 88 -1 140 36 141 -1 36 140 142 -1 117 116 143 -1 116 117 34 -1 38 111 28 -1 38 144 111 -1 116 31 142 -1 116 33 31 -1 48 114 65 -1 48 106 114 -1 113 144 38 -1 113 112 144 -1 144 115 111 -1 115 144 141 -1 9 5 109 -1 7 5 9 -1 127 110 101 -1 10 110 127 -1 107 54 3 -1 54 107 52 -1 79 145 146 -1 79 147 145 -1 131 91 90 -1 131 80 91 -1 138 124 133 -1 138 121 124 -1 148 102 104 -1 149 102 148 -1 129 94 101 -1 129 150 94 -1 60 37 95 -1 59 37 60 -1 150 151 94 -1 151 150 152 -1 153 126 13 -1 153 154 126 -1 79 97 147 -1 79 81 97 -1 155 148 156 -1 155 157 148 -1 98 17 96 -1 157 17 98 -1 147 99 45 -1 99 147 97 -1 145 55 154 -1 55 145 46 -1 125 45 99 -1 125 47 45 -1 99 19 125 -1 96 19 99 -1 152 53 56 -1 53 152 150 -1 34 139 35 -1 34 118 139 -1 38 25 113 -1 38 27 25 -1 143 106 117 -1 143 114 106 -1 112 141 144 -1 141 112 140 -1 92 84 158 -1 92 85 84 -1 40 20 22 -1 20 40 93 -1 91 153 71 -1 91 146 153 -1 23 136 87 -1 23 159 136 -1 12 100 39 -1 12 14 100 -1 151 86 85 -1 151 156 86 -1 135 122 137 -1 135 123 122 -1 83 104 103 -1 83 86 104 -1 120 133 132 -1 138 133 120 -1 149 82 102 -1 149 81 82 -1 82 131 134 -1 80 131 82 -1 120 130 119 -1 120 132 130 -1 102 134 105 -1 102 82 134 -1 156 104 86 -1 148 104 156 -1 121 123 124 -1 123 121 122 -1 85 94 151 -1 94 85 92 -1 137 159 135 -1 137 136 159 -1 71 89 91 -1 71 72 89 -1 71 13 12 -1 71 153 13 -1 39 70 12 -1 41 70 39 -1 93 158 20 -1 92 158 93 -1 140 114 143 -1 140 112 114 -1 117 50 118 -1 50 117 106 -1 24 113 25 -1 24 65 113 -1 118 49 139 -1 118 50 49 -1 28 58 29 -1 28 61 58 -1 155 56 44 -1 155 152 56 -1 128 54 53 -1 128 4 54 -1 154 15 126 -1 15 154 55 -1 53 129 128 -1 53 150 129 -1 157 44 17 -1 155 44 157 -1 98 81 149 -1 98 97 81 -1 146 154 153 -1 146 145 154 -1 152 156 151 -1 156 152 155 -1 157 149 148 -1 98 149 157 -1 78 119 130 -1 119 78 77 -1 80 146 91 -1 80 79 146 -1 46 147 45 -1 147 46 145 -1 68 88 66 -1 68 21 88 -1 39 101 40 -1 127 101 39 -1 111 59 61 -1 115 59 111 -1 30 142 31 -1 142 30 36 -1 142 143 116 -1 142 140 143 -1 115 36 37 -1 115 141 36 -1 29 137 122 -1 29 58 137 -1 67 35 74 -1 35 67 64 -1 119 49 51 -1 77 49 119 -1 60 87 136 -1 95 87 60 -1 158 135 159 -1 84 135 158 -1 134 130 132 -1 131 130 134 -1 78 89 76 -1 89 78 90 -1 41 21 68 -1 22 21 41 -1 20 159 23 -1 158 159 20 -1 107 125 108 -1 107 47 125 -1 0 13 126 -1 14 13 0 -1 2 7 9 -1 8 7 2 -1' creaseAngle='1.571'>
            <Coordinate DEF='lfdphal2_Coord' point='3.33 0.0849 3.6742 3.3381 0.0483 3.7389 3.3048 0.0596 3.7398 3.3653 0.0312 3.7946 3.3244 0.0652 3.7882 3.315 0.0554 3.7827 3.361 0.0239 3.7891 3.3103 0.0418 3.7632 3.3133 0.0407 3.7571 3.2999 0.0644 3.7434 3.3149 0.1061 3.6792 3.3176 0.0988 3.6775 3.274 0.1006 3.5696 3.3154 0.0823 3.6196 3.312 0.0914 3.6231 3.3478 0.04 3.7336 3.3665 0.0175 3.7877 3.5028 0.107 3.7056 3.482 0.0912 3.7532 3.4863 0.0789 3.7395 3.2565 0.2285 3.5497 3.1908 0.1608 3.5312 3.211 0.159 3.5479 3.2421 0.2385 3.5246 3.4255 0.0919 3.4396 3.4343 0.1121 3.4409 3.4712 0.1102 3.4339 3.4331 0.1437 3.4419 3.406 0.1714 3.4402 3.4519 0.1813 3.4286 3.2555 0.1581 3.4784 3.248 0.127 3.4869 3.1813 0.1328 3.5043 3.2463 0.1029 3.48 3.2639 0.0801 3.463 3.224 0.0636 3.4642 3.2752 0.156 3.474 3.2765 0.1829 3.4654 3.3983 0.1452 3.4502 3.2693 0.1252 3.58 3.2701 0.1533 3.5884 3.2081 0.1334 3.5446 3.1859 0.1557 3.5046 3.4791 0.1169 3.7622 3.4893 0.1429 3.7136 3.4238 0.0057 3.7114 3.3756 0 3.7175 3.4035 0.0324 3.7822 3.3834 0.0723 3.4357 3.3308 0.033 3.4224 3.3419 0.0573 3.4343 3.4032 0.0484 3.4277 3.3869 0.1002 3.78 3.3658 0.1517 3.7437 3.3641 0.0918 3.783 3.3507 0.0178 3.7272 3.4453 0.1676 3.7312 3.4448 0.1222 3.7749 3.3758 0.2272 3.4258 3.3179 0.1999 3.4444 3.3014 0.2279 3.4411 3.3666 0.1994 3.4393 3.4824 0.1419 3.4337 3.4504 0.082 3.4354 3.1776 0.1085 3.5025 3.386 0.094 3.4471 3.1781 0.1319 3.516 3.1765 0.1063 3.5122 3.1861 0.1344 3.5302 3.1891 0.1064 3.5223 3.2114 0.1056 3.5351 3.292 0.0635 3.5525 3.2496 0.0516 3.4996 3.235 0.0485 3.4819 3.227 0.0551 3.4712 3.2741 0.0208 3.4448 3.2854 0.0207 3.457 3.3361 0.0123 3.43 3.3399 0.0105 3.4453 3.4055 0.0471 3.5899 3.4033 0.045 3.5302 3.4362 0.0752 3.5869 3.4463 0.0704 3.5288 3.478 0.1957 3.5112 3.4068 0.2447 3.5248 3.4042 0.21 3.5677 3.4577 0.1883 3.55 3.2183 0.2289 3.5016 3.1847 0.1592 3.5187 3.2964 0.0256 3.4779 3.3439 0.0151 3.4676 3.3518 0.0377 3.5288 3.338 0.2066 3.5801 3.3041 0.1972 3.5867 3.346 0.1785 3.6308 3.2172 0.2127 3.483 3.4971 0.0693 3.7059 3.4442 0.0642 3.6505 3.4622 0.0924 3.6495 3.4633 0.0323 3.7125 3.3051 0.109 3.6293 3.3045 0.1419 3.636 3.4629 0.1041 3.5383 3.4993 0.1339 3.4976 3.4703 0.143 3.5453 3.486 0.0985 3.4912 3.3439 0.0749 3.4431 3.3989 0.0457 3.7899 3.4401 0.0688 3.7757 3.2957 0.0908 3.7508 3.3161 0.1227 3.683 3.3607 0.1767 3.4482 3.3484 0.1194 3.4632 3.3913 0.1157 3.4522 3.3461 0.0963 3.453 3.3158 0.1782 3.4536 3.2691 0.1015 3.4732 3.2994 0.0756 3.4535 3.2927 0.0598 3.4475 3.4048 0.0299 3.436 3.4666 0.0653 3.4447 3.5048 0.1396 3.4476 3.4729 0.1964 3.4411 3.4779 0.204 3.4834 3.507 0.1375 3.4717 3.4381 0.0511 3.7684 3.3365 0.071 3.6691 3.3037 0.1168 3.6313 3.3025 0.105 3.7549 3.3214 0.1301 3.6828 3.4096 0.0284 3.4539 3.4079 0.0307 3.4778 3.468 0.0629 3.4626 3.4921 0.098 3.4668 3.463 0.0639 3.486 3.4028 0.2527 3.4959 3.3051 0.2472 3.4566 3.386 0.2442 3.4385 3.4903 0.1003 3.4458 3.2721 0.0336 3.4348 3.3093 0.1225 3.4716 3.314 0.1517 3.4667 3.2723 0.1253 3.4805 3.3068 0.0991 3.4625 3.354 0.1494 3.46 3.3738 0.0261 3.6442 3.3645 0.0369 3.5922 3.4138 0.0348 3.6432 3.4649 0.1345 3.5968 3.4552 0.1029 3.5912 3.3588 0.1588 3.6752 3.4127 0.1892 3.6201 3.4216 0.1732 3.6688 3.3241 0.0579 3.6087 3.339 0.0455 3.6567 3.4599 0.1569 3.6573 3.4536 0.1692 3.6038 3.4708 0.1245 3.6498 3.33 0.2495 3.5344 3.3222 0.2576 3.5058'/>
          </IndexedFaceSet>
        </Shape>
        <Shape DEF='lfdphal3'>
          <Appearance>
            <Material ambientIntensity='0.965' diffuseColor='1 0.9765 0.8667' emissiveColor='0 0 0' shininess='0.05' specularColor='0.349 0.349 0.349'/>
          </Appearance>
          <IndexedFaceSet DEF='lfdphal3_Geo' coordIndex='0 1 2 -1 3 4 5 -1 6 0 7 -1 8 9 10 -1 11 4 12 -1 13 14 15 -1 14 16 15 -1 17 18 19 -1 20 21 22 -1 23 24 25 -1 26 27 28 -1 29 30 24 -1 31 22 21 -1 24 23 32 -1 33 34 9 -1 34 10 9 -1 35 2 12 -1 36 37 38 -1 39 40 14 -1 14 41 39 -1 42 43 44 -1 45 46 47 -1 46 48 47 -1 49 37 50 -1 49 51 37 -1 2 52 0 -1 11 53 54 -1 51 55 8 -1 8 56 51 -1 57 34 33 -1 57 58 34 -1 20 59 21 -1 60 40 18 -1 27 61 23 -1 18 39 62 -1 63 64 65 -1 64 66 65 -1 67 68 69 -1 67 70 68 -1 15 71 72 -1 15 73 71 -1 74 75 76 -1 76 77 74 -1 75 78 79 -1 79 76 75 -1 80 81 82 -1 81 83 82 -1 84 85 86 -1 84 87 85 -1 88 46 84 -1 88 48 46 -1 89 90 91 -1 68 71 69 -1 68 72 71 -1 48 88 63 -1 92 24 32 -1 26 61 27 -1 17 60 18 -1 8 55 9 -1 11 54 36 -1 2 35 52 -1 54 53 93 -1 53 94 93 -1 55 51 49 -1 49 95 55 -1 65 96 48 -1 48 63 65 -1 59 17 21 -1 41 97 39 -1 89 78 98 -1 89 79 78 -1 58 99 100 -1 58 43 99 -1 42 5 4 -1 34 58 100 -1 34 100 10 -1 101 12 3 -1 12 4 3 -1 102 22 103 -1 104 105 29 -1 106 28 27 -1 28 107 108 -1 29 105 109 -1 109 30 29 -1 27 23 25 -1 24 92 29 -1 21 17 19 -1 18 40 39 -1 16 14 40 -1 40 110 16 -1 59 20 82 -1 20 80 82 -1 92 111 112 -1 112 113 92 -1 83 85 114 -1 83 81 85 -1 56 8 10 -1 10 100 56 -1 53 2 94 -1 2 1 94 -1 1 115 94 -1 0 52 116 -1 116 7 0 -1 35 12 101 -1 117 96 118 -1 38 11 36 -1 119 5 120 -1 119 3 5 -1 101 52 35 -1 52 101 116 -1 12 53 11 -1 12 2 53 -1 38 4 11 -1 38 99 4 -1 66 121 122 -1 66 64 121 -1 69 123 67 -1 124 123 69 -1 73 125 71 -1 73 90 125 -1 126 127 128 -1 126 91 127 -1 129 130 131 -1 130 129 132 -1 86 81 133 -1 86 85 81 -1 114 131 83 -1 131 114 129 -1 134 112 135 -1 134 113 112 -1 60 136 137 -1 60 17 136 -1 138 23 70 -1 32 23 138 -1 17 82 136 -1 17 59 82 -1 13 72 26 -1 72 13 15 -1 138 92 32 -1 111 92 138 -1 109 139 30 -1 139 109 140 -1 28 141 107 -1 28 106 141 -1 31 103 22 -1 103 31 142 -1 139 27 25 -1 139 106 27 -1 97 62 39 -1 62 97 143 -1 144 142 31 -1 144 145 142 -1 142 105 103 -1 109 105 142 -1 116 3 119 -1 116 101 3 -1 6 118 96 -1 6 7 118 -1 65 123 146 -1 123 65 66 -1 99 42 4 -1 43 42 99 -1 147 78 50 -1 98 78 147 -1 126 89 91 -1 126 79 89 -1 136 83 131 -1 83 136 82 -1 148 74 77 -1 149 74 148 -1 117 48 96 -1 48 117 47 -1 113 29 92 -1 113 104 29 -1 150 94 115 -1 94 150 93 -1 50 75 49 -1 50 78 75 -1 151 149 152 -1 149 151 153 -1 95 9 55 -1 95 153 9 -1 147 54 93 -1 36 54 147 -1 51 38 37 -1 51 56 38 -1 45 44 57 -1 47 44 45 -1 102 113 134 -1 113 102 104 -1 26 108 13 -1 26 28 108 -1 144 21 19 -1 144 31 21 -1 107 143 97 -1 107 141 143 -1 140 142 145 -1 140 109 142 -1 88 86 154 -1 86 88 84 -1 125 155 124 -1 155 125 156 -1 89 150 156 -1 150 89 98 -1 16 73 15 -1 73 16 127 -1 121 112 111 -1 121 157 112 -1 6 155 115 -1 6 146 155 -1 46 87 84 -1 46 152 87 -1 135 81 80 -1 135 133 81 -1 85 148 114 -1 85 87 148 -1 137 131 130 -1 137 136 131 -1 76 126 132 -1 76 79 126 -1 130 110 137 -1 128 110 130 -1 77 132 129 -1 132 77 76 -1 152 148 87 -1 152 149 148 -1 157 135 112 -1 157 133 135 -1 111 122 121 -1 122 111 138 -1 156 90 89 -1 90 156 125 -1 156 115 155 -1 115 156 150 -1 124 146 123 -1 146 124 155 -1 63 154 64 -1 63 88 154 -1 141 145 143 -1 141 140 145 -1 108 97 41 -1 97 108 107 -1 18 144 19 -1 144 18 62 -1 108 14 13 -1 14 108 41 -1 22 134 20 -1 134 22 102 -1 43 57 44 -1 43 58 57 -1 151 57 33 -1 151 45 57 -1 120 42 44 -1 120 5 42 -1 44 117 120 -1 117 44 47 -1 153 33 9 -1 153 151 33 -1 74 49 75 -1 74 95 49 -1 98 93 150 -1 93 98 147 -1 115 0 6 -1 115 1 0 -1 45 152 46 -1 151 152 45 -1 74 153 95 -1 153 74 149 -1 77 114 148 -1 77 129 114 -1 127 110 128 -1 16 110 127 -1 36 50 37 -1 147 50 36 -1 67 138 70 -1 67 122 138 -1 96 146 6 -1 146 96 65 -1 7 119 118 -1 7 116 119 -1 103 104 102 -1 103 105 104 -1 144 143 145 -1 144 62 143 -1 25 30 139 -1 30 25 24 -1 106 140 141 -1 106 139 140 -1 61 70 23 -1 70 61 68 -1 40 137 110 -1 40 60 137 -1 20 135 80 -1 20 134 135 -1 68 26 72 -1 61 26 68 -1 154 133 157 -1 154 86 133 -1 132 128 130 -1 132 126 128 -1 127 90 73 -1 91 90 127 -1 71 124 69 -1 125 124 71 -1 123 122 67 -1 123 66 122 -1 64 157 121 -1 64 154 157 -1 99 56 100 -1 56 99 38 -1 120 118 119 -1 120 117 118 -1' creaseAngle='1.571'>
            <Coordinate DEF='lfdphal3_Coord' point='3.811 0.1435 3.239 3.8113 0.1202 3.2327 3.8248 0.0921 3.2781 3.8282 0.106 3.3218 3.8688 0.0782 3.3334 3.8368 0.1149 3.3277 3.7963 0.1529 3.21 3.8104 0.1493 3.2404 3.9512 0.1164 3.2802 3.9515 0.1431 3.2471 3.9533 0.1288 3.2942 3.8679 0.0645 3.3262 3.8639 0.0713 3.3277 3.7583 0.0718 3.0295 3.8003 0.0675 3.0166 3.7604 0.0588 3.0393 3.8064 0.0464 3.0239 3.898 0.1356 3.02 3.8587 0.1206 3.0233 3.8644 0.1399 3.0269 3.8901 0.2069 3.0277 3.8646 0.1707 3.0362 3.8483 0.1996 3.0425 3.6988 0.1773 3.071 3.7479 0.1968 3.0674 3.7402 0.1668 3.0689 3.7223 0.1051 3.0488 3.7374 0.143 3.062 3.7483 0.1188 3.0528 3.7644 0.2193 3.0672 3.7593 0.193 3.0699 3.8369 0.1741 3.0499 3.705 0.1996 3.0742 3.9454 0.1797 3.256 3.9557 0.1543 3.3039 3.8204 0.0918 3.2959 3.8549 0.0474 3.2557 3.8906 0.0493 3.25 3.8965 0.0767 3.3212 3.8295 0.1033 3.0267 3.8495 0.0784 3.0166 3.8026 0.0909 3.0287 3.8678 0.1406 3.3277 3.8847 0.1472 3.325 3.8591 0.198 3.2855 3.8848 0.2095 3.2327 3.8715 0.2208 3.2023 3.841 0.1998 3.2384 3.8282 0.2149 3.2124 3.8898 0.1002 3.2117 3.8662 0.0734 3.2036 3.9217 0.0725 3.252 3.8106 0.1113 3.279 3.8274 0.0839 3.2724 3.8384 0.0669 3.2657 3.9467 0.1063 3.2466 3.9207 0.0927 3.3082 3.9173 0.2076 3.2739 3.9303 0.1624 3.3165 3.9096 0.1659 3.0275 3.8813 0.1092 3.0163 3.6938 0.1533 3.0703 3.8274 0.1246 3.0396 3.7998 0.2307 3.1878 3.77 0.2645 3.1523 3.7742 0.1896 3.1868 3.729 0.1999 3.1299 3.7066 0.178 3.0996 3.6945 0.151 3.0803 3.7048 0.1502 3.0917 3.6984 0.1764 3.0828 3.7313 0.0891 3.0689 3.725 0.0963 3.0568 3.7672 0.0579 3.0516 3.8853 0.1324 3.1712 3.8702 0.1065 3.1659 3.8737 0.0959 3.1237 3.8857 0.1281 3.1345 3.851 0.0809 3.1682 3.8449 0.0739 3.1248 3.9102 0.2203 3.0404 3.9111 0.2266 3.0833 3.9279 0.1616 3.0434 3.9253 0.1588 3.0682 3.8618 0.2369 3.169 3.9084 0.2178 3.1109 3.8689 0.271 3.1297 3.8939 0.2117 3.1498 3.8204 0.2379 3.182 3.8098 0.0703 3.1236 3.7732 0.0618 3.0726 3.8072 0.0483 3.0614 3.7337 0.2529 3.0744 3.8175 0.0894 3.2169 3.8126 0.112 3.23 3.903 0.1266 3.2116 3.8004 0.1815 3.2164 3.8007 0.1081 3.0385 3.8244 0.0738 3.1703 3.8949 0.0902 3.3292 3.925 0.11 3.3159 3.8197 0.093 3.302 3.8269 0.2295 3.0491 3.8166 0.2074 3.0561 3.7943 0.233 3.0566 3.7878 0.2117 3.0631 3.7516 0.1397 3.0627 3.7711 0.1117 3.0495 3.7684 0.0965 3.0426 3.7821 0.1856 3.072 3.8526 0.0595 3.0267 3.7392 0.2683 3.0975 3.7982 0.2805 3.0701 3.7911 0.2619 3.0544 3.9154 0.1553 3.0943 3.7981 0.1267 3.2005 3.8085 0.1163 3.2827 3.8171 0.1741 3.245 3.8133 0.1671 3.245 3.809 0.1425 3.2907 3.8156 0.156 3.2953 3.7591 0.2756 3.1263 3.7134 0.2035 3.1054 3.7235 0.1752 3.1214 3.7216 0.1477 3.1103 3.7419 0.091 3.0876 3.8496 0.0595 3.0703 3.8074 0.0442 3.0391 3.8538 0.0575 3.0449 3.9025 0.1214 3.0846 3.8933 0.0881 3.0481 3.9105 0.121 3.0568 3.8864 0.0888 3.0758 3.8676 0.2794 3.1028 3.844 0.2569 3.036 3.8556 0.2729 3.0484 3.9131 0.124 3.0336 3.8953 0.0912 3.0276 3.7069 0.2028 3.0897 3.7546 0.163 3.0713 3.7765 0.1572 3.0722 3.7745 0.1343 3.0606 3.8066 0.1807 3.0647 3.7997 0.1291 3.0506 3.8299 0.1455 3.0474 3.8004 0.1516 3.0639 3.7688 0.1621 3.1765 3.8384 0.0678 3.2041 3.895 0.166 3.1433 3.8966 0.1629 3.1778 3.8012 0.0973 3.1871 3.9087 0.1903 3.2211 3.8944 0.1979 3.1858 3.9114 0.1575 3.2128 3.8185 0.2806 3.1422 3.7675 0.1376 3.1648 3.7746 0.0996 3.1477 3.8132 0.2893 3.1163'/>
          </IndexedFaceSet>
        </Shape>
        <Shape DEF='lfdphal4'>
          <Appearance>
            <Material ambientIntensity='0.965' diffuseColor='1 0.9765 0.8667' emissiveColor='0 0 0' shininess='0.05' specularColor='0.349 0.349 0.349'/>
          </Appearance>
          <IndexedFaceSet DEF='lfdphal4_Geo' coordIndex='0 1 2 -1 3 4 5 -1 6 0 7 -1 8 9 10 -1 11 12 4 -1 12 13 4 -1 11 4 14 -1 15 16 17 -1 17 18 15 -1 19 20 21 -1 20 22 21 -1 23 24 25 -1 24 26 25 -1 27 28 29 -1 29 30 27 -1 20 31 32 -1 33 34 35 -1 36 37 38 -1 39 40 41 -1 42 43 37 -1 44 35 34 -1 45 46 18 -1 45 47 46 -1 37 36 29 -1 48 49 9 -1 49 10 9 -1 50 2 14 -1 51 52 12 -1 53 54 24 -1 24 55 53 -1 56 57 58 -1 59 60 61 -1 61 62 59 -1 63 62 61 -1 63 64 62 -1 65 66 67 -1 66 68 67 -1 69 52 70 -1 70 71 69 -1 2 72 0 -1 11 73 74 -1 69 75 8 -1 8 76 69 -1 77 49 48 -1 77 78 49 -1 79 80 81 -1 80 82 81 -1 33 83 34 -1 19 54 31 -1 40 84 36 -1 31 53 85 -1 86 87 88 -1 86 89 87 -1 90 91 92 -1 92 93 90 -1 25 94 95 -1 25 96 94 -1 25 26 97 -1 97 96 25 -1 98 99 100 -1 100 101 98 -1 102 103 104 -1 103 105 104 -1 106 107 108 -1 106 109 107 -1 110 64 106 -1 110 62 64 -1 17 27 30 -1 17 16 27 -1 111 112 113 -1 87 95 94 -1 94 88 87 -1 62 110 114 -1 115 31 85 -1 115 32 31 -1 28 37 29 -1 39 84 40 -1 20 19 31 -1 8 75 9 -1 11 74 51 -1 2 50 72 -1 74 73 67 -1 73 65 67 -1 116 75 71 -1 75 69 71 -1 1 0 6 -1 6 66 1 -1 117 118 63 -1 118 64 63 -1 46 59 62 -1 62 114 46 -1 119 120 121 -1 120 122 121 -1 83 20 34 -1 55 123 53 -1 111 99 124 -1 111 100 99 -1 56 5 4 -1 49 78 125 -1 49 125 10 -1 126 14 3 -1 14 4 3 -1 82 35 127 -1 115 128 129 -1 115 85 128 -1 81 130 42 -1 131 41 40 -1 41 132 133 -1 43 130 134 -1 43 42 130 -1 40 36 38 -1 37 28 42 -1 34 20 32 -1 31 54 53 -1 89 84 87 -1 89 36 84 -1 84 39 95 -1 95 87 84 -1 28 27 135 -1 135 79 28 -1 105 107 121 -1 105 103 107 -1 91 88 94 -1 91 90 88 -1 15 136 16 -1 136 137 16 -1 76 10 125 -1 76 8 10 -1 73 2 65 -1 2 1 65 -1 1 66 65 -1 0 138 7 -1 0 72 138 -1 50 14 126 -1 60 59 139 -1 12 11 51 -1 140 5 141 -1 140 3 5 -1 72 126 138 -1 72 50 126 -1 14 73 11 -1 14 2 73 -1 90 86 88 -1 90 45 86 -1 96 91 94 -1 96 112 91 -1 142 97 143 -1 142 113 97 -1 122 144 145 -1 144 122 146 -1 108 103 147 -1 108 107 103 -1 121 145 105 -1 145 121 122 -1 80 135 148 -1 80 79 135 -1 29 89 30 -1 29 36 89 -1 22 83 104 -1 22 20 83 -1 23 95 39 -1 95 23 25 -1 149 43 134 -1 150 43 149 -1 132 131 151 -1 41 131 132 -1 127 44 152 -1 127 35 44 -1 131 38 150 -1 131 40 38 -1 128 53 123 -1 85 53 128 -1 152 115 129 -1 44 115 152 -1 152 130 127 -1 134 130 152 -1 138 3 140 -1 138 126 3 -1 6 139 59 -1 6 7 139 -1 13 56 4 -1 57 56 13 -1 99 153 124 -1 99 70 153 -1 100 113 142 -1 113 100 111 -1 22 105 145 -1 105 22 104 -1 154 120 119 -1 154 155 120 -1 79 42 28 -1 79 81 42 -1 99 71 70 -1 71 99 98 -1 118 156 154 -1 118 117 156 -1 116 9 75 -1 116 156 9 -1 51 67 153 -1 51 74 67 -1 76 52 69 -1 76 12 52 -1 63 58 77 -1 61 58 63 -1 41 23 39 -1 23 41 133 -1 44 32 115 -1 44 34 32 -1 151 123 132 -1 123 151 128 -1 134 129 149 -1 134 152 129 -1 136 106 108 -1 136 110 106 -1 46 15 18 -1 114 15 46 -1 111 68 92 -1 68 111 124 -1 16 135 27 -1 16 137 135 -1 6 93 66 -1 6 47 93 -1 106 118 109 -1 106 64 118 -1 148 103 102 -1 148 147 103 -1 107 119 121 -1 107 109 119 -1 21 145 144 -1 21 22 145 -1 120 98 101 -1 120 155 98 -1 101 142 146 -1 101 100 142 -1 144 157 21 -1 143 157 144 -1 120 146 122 -1 146 120 101 -1 118 119 109 -1 118 154 119 -1 137 148 135 -1 137 147 148 -1 92 112 111 -1 112 92 91 -1 92 66 93 -1 66 92 68 -1 93 45 90 -1 47 45 93 -1 114 136 15 -1 114 110 136 -1 149 128 151 -1 149 129 128 -1 132 55 133 -1 123 55 132 -1 133 24 23 -1 24 133 55 -1 35 80 33 -1 80 35 82 -1 58 78 77 -1 57 78 58 -1 117 77 48 -1 117 63 77 -1 141 56 58 -1 141 5 56 -1 58 60 141 -1 60 58 61 -1 156 48 9 -1 156 117 48 -1 116 98 155 -1 98 116 71 -1 124 67 68 -1 67 124 153 -1 156 155 154 -1 156 116 155 -1 97 157 143 -1 26 157 97 -1 153 52 51 -1 153 70 52 -1 57 125 78 -1 57 13 125 -1 86 30 89 -1 86 17 30 -1 6 46 47 -1 6 59 46 -1 140 7 138 -1 7 140 139 -1 127 81 82 -1 127 130 81 -1 37 150 38 -1 43 150 37 -1 150 151 131 -1 150 149 151 -1 54 21 157 -1 54 19 21 -1 33 148 102 -1 33 80 148 -1 157 24 54 -1 157 26 24 -1 83 102 104 -1 83 33 102 -1 136 147 137 -1 136 108 147 -1 146 143 144 -1 146 142 143 -1 97 112 96 -1 113 112 97 -1 45 17 86 -1 45 18 17 -1 13 76 125 -1 76 13 12 -1 141 139 140 -1 141 60 139 -1' creaseAngle='1.571'>
            <Coordinate DEF='lfdphal4_Coord' point='4.1404 0.2513 2.5013 4.1366 0.2302 2.4975 4.1198 0.213 2.5275 4.1235 0.2344 2.5647 4.1474 0.2031 2.5715 4.1354 0.2415 2.5694 4.1366 0.2553 2.4884 4.1404 0.2566 2.5021 4.2801 0.2135 2.5305 4.3045 0.2313 2.4995 4.2774 0.2261 2.5419 4.1441 0.1912 2.5631 4.1869 0.1956 2.5616 4.1855 0.2086 2.5676 4.1412 0.1972 2.5669 4.1318 0.3519 2.4349 4.1217 0.3614 2.4133 4.0449 0.3036 2.4174 4.0646 0.2997 2.4328 4.2855 0.1808 2.3419 4.3107 0.2008 2.3397 4.2948 0.164 2.3515 4.3241 0.1895 2.3513 4.0903 0.1743 2.3385 4.1589 0.1613 2.3293 4.0862 0.1637 2.3481 4.1571 0.143 2.3373 4.0965 0.3559 2.3931 4.0907 0.341 2.3781 4.0374 0.2987 2.3943 4.0378 0.3026 2.4063 4.2649 0.1946 2.3443 4.2771 0.2102 2.3449 4.3089 0.2649 2.3317 4.2828 0.2376 2.345 4.2646 0.2664 2.3445 4.0229 0.2798 2.3938 4.1106 0.2869 2.3777 4.0907 0.2623 2.3833 4.0418 0.211 2.3618 4.0799 0.2415 2.3764 4.092 0.2177 2.362 4.1413 0.3035 2.3689 4.1303 0.2813 2.3752 4.2512 0.2464 2.3537 4.0511 0.2781 2.4302 4.1198 0.2889 2.4645 4.1088 0.2645 2.4582 4.2996 0.2655 2.5043 4.2793 0.2494 2.5484 4.119 0.22 2.5428 4.1555 0.1666 2.5118 4.2072 0.1614 2.5076 4.2215 0.1857 2.3407 4.2358 0.1607 2.3354 4.1753 0.1809 2.339 4.1687 0.2547 2.5684 4.1923 0.2574 2.566 4.1921 0.3 2.5268 4.1466 0.2805 2.4919 4.1544 0.2777 2.5044 4.1964 0.295 2.4972 4.1945 0.3041 2.4865 4.2537 0.2951 2.4925 4.2546 0.3001 2.4782 4.1369 0.2226 2.4959 4.1362 0.2309 2.482 4.1425 0.2005 2.4861 4.136 0.2034 2.4726 4.2522 0.1762 2.5084 4.2141 0.1761 2.4768 4.2506 0.1958 2.4827 4.1203 0.236 2.5262 4.1232 0.2047 2.5232 4.1356 0.1874 2.5188 4.2912 0.2003 2.5016 4.2273 0.2027 2.5537 4.2646 0.2973 2.5172 4.2496 0.2622 2.5583 4.1802 0.3355 2.3487 4.2496 0.3188 2.3323 4.1889 0.3086 2.3524 4.2351 0.298 2.3462 4.3278 0.2258 2.3381 4.0083 0.2596 2.3925 4.2279 0.2048 2.3506 4.0289 0.2818 2.4166 4.0062 0.2585 2.4011 4.0194 0.257 2.4105 4.0193 0.2802 2.4039 4.0423 0.2534 2.4227 4.0613 0.1984 2.3946 4.1079 0.206 2.4373 4.1039 0.2419 2.4502 4.0458 0.1973 2.3786 4.0409 0.2036 2.3684 4.0962 0.1625 2.3593 4.1573 0.142 2.3511 4.253 0.195 2.4556 4.2153 0.1774 2.4587 4.2196 0.1674 2.4217 4.2676 0.1804 2.4204 4.3299 0.2749 2.3419 4.3312 0.284 2.3791 4.3458 0.2206 2.3513 4.3438 0.2202 2.3729 4.2568 0.3118 2.4474 4.3257 0.279 2.4041 4.2713 0.3363 2.4148 4.3014 0.281 2.4334 4.1979 0.3222 2.4576 4.1635 0.1712 2.4192 4.1062 0.1661 2.378 4.1581 0.147 2.3708 4.165 0.3206 2.4627 4.2378 0.2228 2.3553 4.2735 0.2161 2.4809 4.2844 0.2724 2.4844 4.2877 0.2734 2.4661 4.3033 0.2393 2.4319 4.2889 0.2068 2.4275 4.3326 0.2206 2.3958 4.3136 0.1924 2.3917 4.1807 0.1964 2.3466 4.1705 0.1768 2.4601 4.2329 0.218 2.5593 4.1158 0.222 2.548 4.2241 0.2806 2.3543 4.1874 0.2152 2.3558 4.1948 0.2354 2.3657 4.1801 0.2912 2.3601 4.1043 0.2357 2.3717 4.1306 0.2066 2.3548 4.1192 0.1938 2.3493 4.1692 0.2699 2.3702 4.1871 0.3526 2.3609 4.2039 0.3559 2.4238 4.2011 0.3623 2.4004 4.1171 0.2412 2.529 4.1471 0.2723 2.5048 4.1226 0.2649 2.5341 4.1337 0.2762 2.5372 4.2277 0.1486 2.381 4.2325 0.1443 2.3599 4.2929 0.1631 2.3676 4.3221 0.1888 2.3701 4.2858 0.1668 2.3881 4.2731 0.3416 2.3902 4.2615 0.3325 2.3421 4.1543 0.2462 2.3728 4.1158 0.256 2.3792 4.145 0.2259 2.3636 4.2093 0.2596 2.3641 4.1713 0.1766 2.477 4.2909 0.2408 2.4621 4.2762 0.2153 2.4585 4.2878 0.2418 2.4798 4.2312 0.1451 2.3438'/>
          </IndexedFaceSet>
        </Shape>
      </Group>
    </Transform>
  </Scene>
</X3D>