<?xml version="1.0" encoding="UTF-8"?>
<!DOCTYPE X3D PUBLIC "ISO//Web3D//DTD X3D 4.0//EN" "https://www.web3d.org/specifications/x3d-4.0.dtd">
<X3D profile='Immersive' version='4.0' xmlns:xsd='http://www.w3.org/2001/XMLSchema-instance' xsd:noNamespaceSchemaLocation='https://www.web3d.org/specifications/x3d-4.0.xsd'>
  <head>
    <meta content='BonesRightHand.x3d' name='title'/>
    <meta content='Damon Hernandez, Joe Williams' name='creator'/>
    <meta content='Human bone model for Right Hand' name='description'/>
    <meta content='Joe Williams, Don Brutzman' name='translator'/>
    <meta content='5 December 2013' name='created'/>
    <meta content='2 March 2026' name='modified'/>
    <meta content='This model has no HAnim nodes, rather it is purely geometry' name='warning'/>
    <meta content='X3D-Edit 4.0, https://www.web3d.org/x3d/tools/X3D-Edit' name='generator'/>
    <meta content='https://www.web3d.org/x3d/content/examples/HumanoidAnimation/Medical/BonesRightHand.x3d' name='identifier'/>
    <meta content='../license.html' name='license'/>
  </head>
  <Scene>
    <WorldInfo title='BonesRightHand.x3d'/>
    <NavigationInfo type='"EXAMINE" "LOOKAT" "ANY"'/>
    <Transform DEF='RightHandSkeletonParts' scale='0.029 0.029 0.029' translation='0 -0.015 0'>
      <Viewpoint DEF='RightHand' description='Right Hand' position='-5 28 24'/>
      <Group DEF='righthand'>
        <!-- rcaptate rscphoid rhamate rlunate rpisform rtrpzium rtrpzoid rtrqtral rmc rmc2 rmc3 rmc4 rmc5 rpphal rpphal2 rpphal3 rpphal4 rpphal5 rmphal2 rmphal3 rmphal4 rmphal5 rdphal rdphal2 rdphal3 rdphal4 rdphal5 -->
        <Shape DEF='rcaptate'>
          <Appearance>
            <PhysicalMaterial baseColor='1 0.9765 0.8667' metallic='0' roughness='0.72'/>
          </Appearance>
          <IndexedFaceSet DEF='rcaptate_Geo' coordIndex='0 1 2 -1 3 4 5 -1 5 6 3 -1 5 7 6 -1 8 9 10 -1 10 11 8 -1 12 13 14 -1 15 16 17 -1 13 12 18 -1 11 19 20 -1 20 21 11 -1 22 23 24 -1 22 25 23 -1 26 27 14 -1 26 28 27 -1 29 30 31 -1 31 32 29 -1 33 34 35 -1 36 37 38 -1 39 40 41 -1 41 42 39 -1 43 44 45 -1 44 46 45 -1 47 48 49 -1 48 50 49 -1 2 51 0 -1 44 43 52 -1 47 53 54 -1 55 56 57 -1 57 58 55 -1 59 60 61 -1 59 62 60 -1 38 63 36 -1 38 64 63 -1 60 65 61 -1 60 66 65 -1 67 68 69 -1 69 70 67 -1 71 72 68 -1 73 74 75 -1 76 77 78 -1 77 79 78 -1 80 81 82 -1 80 6 81 -1 83 84 85 -1 86 87 88 -1 86 89 87 -1 89 90 91 -1 91 72 89 -1 92 26 93 -1 94 31 30 -1 23 95 96 -1 97 98 99 -1 100 101 102 -1 100 103 101 -1 45 104 39 -1 105 97 106 -1 107 97 108 -1 109 110 24 -1 109 111 110 -1 44 112 46 -1 113 114 115 -1 116 117 118 -1 115 38 113 -1 119 120 7 -1 119 121 120 -1 122 52 123 -1 122 124 52 -1 125 126 127 -1 125 128 126 -1 65 129 130 -1 65 131 129 -1 132 133 134 -1 132 135 133 -1 132 62 136 -1 66 60 134 -1 137 138 127 -1 139 140 141 -1 142 143 144 -1 144 145 142 -1 146 147 148 -1 149 150 73 -1 151 150 152 -1 153 150 154 -1 155 150 156 -1 157 150 158 -1 159 55 58 -1 159 160 55 -1 41 40 161 -1 162 142 163 -1 164 43 45 -1 165 166 167 -1 168 169 170 -1 169 171 170 -1 172 138 173 -1 138 137 173 -1 56 174 175 -1 174 176 175 -1 177 178 179 -1 180 181 179 -1 181 174 179 -1 131 182 129 -1 183 116 118 -1 37 184 185 -1 185 183 37 -1 117 116 159 -1 186 187 49 -1 160 188 189 -1 190 191 192 -1 190 193 194 -1 190 195 193 -1 30 196 197 -1 198 199 200 -1 198 201 199 -1 202 96 203 -1 202 204 96 -1 204 23 96 -1 205 27 206 -1 93 207 92 -1 208 207 10 -1 209 92 207 -1 210 211 212 -1 32 208 213 -1 214 215 216 -1 216 217 214 -1 210 4 211 -1 80 85 218 -1 82 85 80 -1 219 5 220 -1 221 222 121 -1 222 223 121 -1 224 225 219 -1 219 220 224 -1 210 213 4 -1 224 9 226 -1 224 10 9 -1 10 227 11 -1 93 13 228 -1 8 21 229 -1 8 11 21 -1 67 230 231 -1 42 45 39 -1 232 233 234 -1 233 235 234 -1 236 237 116 -1 98 97 238 -1 239 240 116 -1 241 242 239 -1 243 142 162 -1 148 244 146 -1 245 24 246 -1 245 247 24 -1 241 185 184 -1 241 239 185 -1 135 248 133 -1 135 249 248 -1 250 20 251 -1 229 252 253 -1 229 21 252 -1 251 17 250 -1 254 12 146 -1 146 244 254 -1 147 146 22 -1 116 185 239 -1 255 116 240 -1 103 256 101 -1 257 237 236 -1 257 258 237 -1 186 116 237 -1 259 214 51 -1 136 62 260 -1 252 16 253 -1 59 86 88 -1 19 261 20 -1 231 9 8 -1 231 230 9 -1 213 208 224 -1 213 224 220 -1 220 4 213 -1 224 226 225 -1 221 121 119 -1 119 262 221 -1 219 225 5 -1 85 84 78 -1 79 218 85 -1 220 5 4 -1 215 214 259 -1 208 10 224 -1 192 31 94 -1 93 10 207 -1 14 13 93 -1 93 26 14 -1 146 12 14 -1 206 27 28 -1 198 196 201 -1 263 28 191 -1 195 190 192 -1 55 160 189 -1 116 186 160 -1 117 159 264 -1 159 58 264 -1 183 185 116 -1 117 264 265 -1 129 266 128 -1 129 182 266 -1 230 67 267 -1 67 268 267 -1 126 269 270 -1 271 272 273 -1 169 168 274 -1 274 176 169 -1 158 150 275 -1 276 56 175 -1 188 160 186 -1 85 82 83 -1 116 160 159 -1 276 277 57 -1 275 149 278 -1 278 279 275 -1 156 150 157 -1 154 150 155 -1 152 150 153 -1 73 150 151 -1 275 150 149 -1 280 142 145 -1 280 163 142 -1 144 143 36 -1 36 63 144 -1 133 281 282 -1 133 248 281 -1 127 283 125 -1 127 138 283 -1 130 284 65 -1 284 61 65 -1 134 62 132 -1 134 60 62 -1 136 135 132 -1 133 282 66 -1 66 134 133 -1 285 286 287 -1 288 183 118 -1 288 37 183 -1 118 265 288 -1 118 117 265 -1 57 56 276 -1 24 110 246 -1 110 289 246 -1 103 290 256 -1 290 291 256 -1 99 108 97 -1 106 97 107 -1 238 97 105 -1 116 255 236 -1 292 293 294 -1 293 295 294 -1 99 111 291 -1 99 98 111 -1 256 109 101 -1 95 296 203 -1 203 96 95 -1 30 297 94 -1 30 197 297 -1 191 194 263 -1 191 190 194 -1 147 247 148 -1 7 225 119 -1 171 298 170 -1 67 70 268 -1 299 300 301 -1 300 302 301 -1 303 47 304 -1 303 53 47 -1 71 89 72 -1 71 87 89 -1 91 305 306 -1 91 90 305 -1 173 307 172 -1 212 29 210 -1 216 211 217 -1 216 212 211 -1 78 79 85 -1 186 308 187 -1 68 309 69 -1 68 67 231 -1 231 71 68 -1 88 260 62 -1 62 59 88 -1 288 38 37 -1 288 113 38 -1 178 177 189 -1 189 188 178 -1 241 184 142 -1 184 143 142 -1 286 310 311 -1 41 259 42 -1 222 308 232 -1 104 34 39 -1 34 312 39 -1 311 310 313 -1 212 216 196 -1 216 201 196 -1 14 27 205 -1 205 146 14 -1 312 40 39 -1 11 227 19 -1 19 228 261 -1 19 227 228 -1 16 15 136 -1 0 51 214 -1 214 314 0 -1 3 77 211 -1 211 4 3 -1 314 217 76 -1 314 214 217 -1 120 6 7 -1 120 81 6 -1 7 5 225 -1 81 1 0 -1 1 81 120 -1 211 76 217 -1 77 76 211 -1 252 17 16 -1 17 252 250 -1 228 18 261 -1 228 13 18 -1 102 315 316 -1 315 102 317 -1 318 215 161 -1 318 199 215 -1 101 204 202 -1 204 101 109 -1 23 109 24 -1 23 204 109 -1 92 28 26 -1 191 28 92 -1 196 29 212 -1 29 196 30 -1 222 187 308 -1 304 187 222 -1 1 234 2 -1 1 223 234 -1 165 286 285 -1 165 310 286 -1 166 242 243 -1 166 319 242 -1 320 34 104 -1 320 35 34 -1 166 285 319 -1 166 165 285 -1 36 184 37 -1 36 143 184 -1 321 300 322 -1 300 321 302 -1 178 47 54 -1 178 48 47 -1 114 288 265 -1 114 113 288 -1 282 182 131 -1 282 281 182 -1 300 69 322 -1 70 69 300 -1 55 177 56 -1 55 189 177 -1 88 323 260 -1 88 87 323 -1 324 140 325 -1 324 141 140 -1 314 83 0 -1 83 314 84 -1 3 79 77 -1 79 3 218 -1 326 305 90 -1 327 305 326 -1 172 328 329 -1 172 307 328 -1 272 173 273 -1 272 307 173 -1 328 306 305 -1 306 328 330 -1 8 323 231 -1 8 229 323 -1 301 53 303 -1 301 302 53 -1 299 70 300 -1 268 70 299 -1 91 68 72 -1 91 309 68 -1 331 171 332 -1 331 298 171 -1 322 333 321 -1 322 334 333 -1 119 335 262 -1 119 225 335 -1 247 22 24 -1 22 247 147 -1 263 95 336 -1 263 194 95 -1 94 195 192 -1 94 297 195 -1 197 295 297 -1 197 294 295 -1 200 337 292 -1 337 200 33 -1 293 203 296 -1 203 293 338 -1 256 111 109 -1 291 111 256 -1 337 317 338 -1 337 315 317 -1 287 124 122 -1 287 286 124 -1 255 257 236 -1 255 339 257 -1 318 34 33 -1 318 312 34 -1 289 106 340 -1 289 105 106 -1 107 290 313 -1 107 108 290 -1 111 238 110 -1 111 98 238 -1 246 340 341 -1 246 289 340 -1 313 103 311 -1 313 290 103 -1 2 235 164 -1 235 2 234 -1 165 341 310 -1 167 341 165 -1 283 130 125 -1 283 284 130 -1 38 342 64 -1 38 115 342 -1 343 163 280 -1 343 245 163 -1 74 151 344 -1 74 73 151 -1 152 345 346 -1 152 153 345 -1 154 347 348 -1 154 155 347 -1 349 157 350 -1 349 156 157 -1 158 279 351 -1 158 275 279 -1 278 324 352 -1 324 278 75 -1 270 346 137 -1 270 344 346 -1 345 273 173 -1 345 348 273 -1 353 349 170 -1 353 347 349 -1 168 351 274 -1 168 350 351 -1 279 352 354 -1 279 278 352 -1 233 237 258 -1 186 237 233 -1 354 276 175 -1 354 352 276 -1 175 274 354 -1 175 176 274 -1 273 355 271 -1 355 273 353 -1 270 139 141 -1 269 139 270 -1 181 176 174 -1 176 181 169 -1 356 298 331 -1 356 355 298 -1 272 357 330 -1 357 272 271 -1 266 126 128 -1 266 269 126 -1 333 181 180 -1 332 181 333 -1 358 331 334 -1 356 331 358 -1 359 69 309 -1 359 358 69 -1 330 359 306 -1 359 330 357 -1 327 283 329 -1 327 284 283 -1 64 266 182 -1 64 342 266 -1 277 325 114 -1 277 276 325 -1 296 295 293 -1 193 295 296 -1 206 25 205 -1 206 336 25 -1 335 268 299 -1 335 267 268 -1 304 221 303 -1 304 222 221 -1 260 229 253 -1 260 323 229 -1 136 253 16 -1 253 136 260 -1 232 186 233 -1 232 308 186 -1 257 123 258 -1 122 123 257 -1 315 33 35 -1 33 315 337 -1 339 240 319 -1 339 255 240 -1 166 162 167 -1 243 162 166 -1 360 145 249 -1 145 360 280 -1 244 15 254 -1 361 15 244 -1 360 135 136 -1 360 249 135 -1 251 261 18 -1 261 251 20 -1 326 59 61 -1 59 326 86 -1 144 249 145 -1 249 144 248 -1 360 15 361 -1 360 136 15 -1 361 280 360 -1 361 343 280 -1 245 162 163 -1 162 245 246 -1 343 244 148 -1 343 361 244 -1 341 162 246 -1 341 167 162 -1 240 242 319 -1 240 239 242 -1 285 339 319 -1 287 339 285 -1 112 362 100 -1 112 44 362 -1 164 42 2 -1 45 42 164 -1 93 227 10 -1 93 228 227 -1 230 226 9 -1 230 267 226 -1 267 225 226 -1 335 225 267 -1 303 262 301 -1 303 221 262 -1 41 215 259 -1 161 215 41 -1 213 29 32 -1 29 213 210 -1 208 209 207 -1 208 32 209 -1 28 336 206 -1 28 263 336 -1 198 292 294 -1 198 200 292 -1 194 296 95 -1 193 296 194 -1 193 297 295 -1 195 297 193 -1 63 248 144 -1 281 248 63 -1 61 327 326 -1 284 327 61 -1 309 306 359 -1 306 309 91 -1 358 357 356 -1 359 357 358 -1 322 358 334 -1 322 69 358 -1 321 180 54 -1 321 333 180 -1 179 54 180 -1 54 179 178 -1 56 179 174 -1 56 177 179 -1 342 269 266 -1 342 139 269 -1 329 138 172 -1 329 283 138 -1 271 356 357 -1 356 271 355 -1 332 169 181 -1 332 171 169 -1 352 325 276 -1 325 352 324 -1 355 170 298 -1 355 353 170 -1 235 258 123 -1 235 233 258 -1 112 320 46 -1 112 316 320 -1 351 354 274 -1 351 279 354 -1 170 350 168 -1 170 349 350 -1 348 353 273 -1 348 347 353 -1 346 173 137 -1 346 345 173 -1 141 344 270 -1 141 74 344 -1 350 158 351 -1 350 157 158 -1 347 156 349 -1 347 155 156 -1 153 348 345 -1 153 154 348 -1 344 152 346 -1 344 151 152 -1 149 75 278 -1 75 149 73 -1 245 148 247 -1 148 245 343 -1 140 342 115 -1 342 140 139 -1 129 125 130 -1 129 128 125 -1 137 126 270 -1 127 126 137 -1 123 164 235 -1 123 43 164 -1 123 52 43 -1 120 223 1 -1 223 120 121 -1 114 140 115 -1 114 325 140 -1 341 313 310 -1 341 340 313 -1 238 289 110 -1 238 105 289 -1 108 291 290 -1 291 108 99 -1 340 107 313 -1 340 106 107 -1 316 100 102 -1 316 112 100 -1 339 122 257 -1 339 287 122 -1 100 311 103 -1 362 311 100 -1 338 202 203 -1 338 317 202 -1 292 338 293 -1 338 292 337 -1 199 33 200 -1 33 199 318 -1 198 197 196 -1 198 294 197 -1 336 23 25 -1 336 95 23 -1 299 262 335 -1 301 262 299 -1 334 332 333 -1 334 331 332 -1 307 330 328 -1 330 307 272 -1 327 328 305 -1 329 328 327 -1 90 86 326 -1 90 89 86 -1 76 84 314 -1 78 84 76 -1 80 3 6 -1 218 3 80 -1 83 81 0 -1 82 81 83 -1 75 141 324 -1 75 74 141 -1 281 64 182 -1 281 63 64 -1 265 277 114 -1 265 264 277 -1 50 178 188 -1 50 48 178 -1 87 231 323 -1 71 231 87 -1 66 131 65 -1 66 282 131 -1 277 58 57 -1 58 277 264 -1 302 54 53 -1 302 321 54 -1 49 188 186 -1 49 50 188 -1 46 104 45 -1 46 320 104 -1 142 242 241 -1 243 242 142 -1 362 286 311 -1 362 124 286 -1 124 44 52 -1 44 124 362 -1 42 51 2 -1 42 259 51 -1 232 223 222 -1 234 223 232 -1 49 304 47 -1 49 187 304 -1 209 31 192 -1 31 209 32 -1 22 205 25 -1 205 22 146 -1 317 101 202 -1 317 102 101 -1 161 312 318 -1 40 312 161 -1 215 201 216 -1 215 199 201 -1 209 191 92 -1 209 192 191 -1 35 316 315 -1 316 35 320 -1 17 254 15 -1 254 17 251 -1 254 18 12 -1 18 254 251 -1 252 20 250 -1 21 20 252 -1' creaseAngle='1.571'>
            <Coordinate DEF='rcaptate_Coord' point='-7.5916 28.7639 2.643 -7.5846 28.7744 2.641 -7.5882 28.7646 2.6355 -7.4772 28.6692 2.9589 -7.4738 28.6657 2.965 -7.4235 28.7606 2.8305 -7.4315 28.7559 2.8218 -7.4249 28.7667 2.8174 -7.074 28.6558 2.8171 -7.1217 28.6738 2.8474 -7.1869 28.5468 2.8604 -7.069 28.5284 2.8487 -7.0005 28.3071 2.654 -7.0041 28.3115 2.6648 -7.0214 28.2955 2.6595 -6.9326 28.5418 2.5364 -6.9311 28.5457 2.5477 -6.9272 28.5311 2.553 -6.9941 28.3168 2.661 -7.0613 28.516 2.8379 -6.9906 28.5306 2.7331 -6.995 28.5447 2.7342 -7.1653 28.3814 2.4971 -7.2359 28.4168 2.4606 -7.2288 28.4249 2.4562 -7.174 28.3732 2.5042 -7.2161 28.3439 2.7132 -7.0409 28.2929 2.6545 -7.2273 28.3429 2.7076 -7.4916 28.5146 2.8899 -7.4919 28.506 2.8785 -7.3864 28.4752 2.9097 -7.3816 28.4819 2.9187 -7.5951 28.4617 2.5968 -7.6072 28.4753 2.5432 -7.6016 28.4736 2.5432 -7.1507 28.9704 2.366 -7.1637 28.9719 2.3661 -7.1522 28.981 2.3597 -7.6823 28.4997 2.5215 -7.6842 28.5008 2.5302 -7.624 28.6492 2.5971 -7.6144 28.6605 2.5935 -7.4886 28.6199 2.5463 -7.4851 28.6069 2.5428 -7.5571 28.5915 2.553 -7.5491 28.5813 2.5521 -7.4877 28.9887 2.5821 -7.4888 28.9914 2.5746 -7.486 28.9806 2.5758 -7.4873 28.9896 2.5733 -7.5969 28.7518 2.6394 -7.4833 28.6205 2.543 -7.4242 28.9837 2.6859 -7.4221 28.9967 2.686 -7.4101 29.0559 2.4544 -7.4091 29.0653 2.4542 -7.3621 29.0649 2.4177 -7.3635 29.0531 2.4207 -6.9593 28.7946 2.5734 -6.9446 28.8753 2.5298 -6.9398 28.881 2.5371 -6.9605 28.7872 2.5597 -7.0946 28.9633 2.3819 -7.0943 28.9693 2.3802 -6.9694 28.9331 2.4862 -6.9768 28.9233 2.4831 -7.131 28.8456 2.8216 -7.1193 28.8485 2.8159 -7.2333 28.9604 2.8188 -7.2383 28.9484 2.8195 -7.0665 28.7536 2.7691 -7.0624 28.8166 2.7644 -7.1375 29.2066 2.4883 -7.1341 29.1941 2.4538 -7.1583 29.2017 2.4631 -7.5792 28.6431 2.7561 -7.561 28.6289 2.8229 -7.5458 28.6416 2.7613 -7.5334 28.6398 2.796 -7.4651 28.7099 2.7937 -7.4825 28.7632 2.7295 -7.4865 28.7272 2.7376 -7.5437 28.7134 2.6974 -7.5495 28.6686 2.7213 -7.5102 28.668 2.7702 -6.9686 28.7875 2.6358 -7.021 28.7097 2.6807 -6.9984 28.694 2.6187 -7.0132 28.7894 2.6936 -6.9965 28.8621 2.701 -7.0497 28.8865 2.7567 -7.2594 28.4004 2.7733 -7.1444 28.4098 2.7526 -7.3968 28.4575 2.8546 -7.3056 28.3677 2.5521 -7.3138 28.3851 2.5205 -7.3091 28.51 2.5288 -7.3115 28.4753 2.5232 -7.336 28.4824 2.5285 -7.4527 28.5131 2.5387 -7.3871 28.41 2.5135 -7.4837 28.4356 2.5302 -7.4024 28.4897 2.5196 -7.6123 28.4853 2.5349 -7.2674 28.514 2.5055 -7.3119 28.5449 2.5225 -7.3519 28.5418 2.5349 -7.3517 28.5068 2.5348 -7.3179 28.4179 2.5067 -7.2455 28.4499 2.4803 -7.3139 28.4545 2.5169 -7.4923 28.5313 2.5533 -7.1845 29.0093 2.3529 -7.2283 29.0321 2.3584 -7.1589 29.021 2.3394 -7.3412 28.8645 2.5061 -7.3162 28.9558 2.4669 -7.2839 28.937 2.4495 -7.3957 28.8189 2.7489 -7.4797 28.7757 2.7248 -7.46 28.8277 2.6974 -7.4269 28.6597 2.5352 -7.459 28.6764 2.5494 -7.4423 28.6069 2.5332 -6.9611 29.0297 2.4785 -7.0154 29.1284 2.4456 -6.9931 29.1279 2.4906 -6.9944 29.028 2.4319 -6.9869 28.9607 2.4398 -6.9522 28.956 2.4827 -6.9904 28.9447 2.4448 -6.9842 28.8042 2.5193 -7.0039 28.9007 2.4646 -6.9841 28.8842 2.4912 -6.9896 28.8154 2.4803 -6.942 28.6736 2.519 -7.0485 29.1698 2.5135 -6.9836 29.119 2.5434 -7.0967 29.1199 2.3731 -7.1488 29.1141 2.3487 -7.133 29.1834 2.4299 -7.181 28.7832 2.4157 -7.1566 28.8876 2.3733 -7.0966 28.8962 2.3982 -7.1011 28.8062 2.4238 -7.1038 28.3388 2.5422 -7.1484 28.4053 2.49 -7.1049 28.4573 2.4751 -7.1585 29.2156 2.4955 -7.1419 29.2134 2.5157 -7.1241 29.2022 2.4936 -7.1111 29.2024 2.5148 -7.1139 29.2031 2.5261 -7.1282 29.2102 2.5348 -7.1413 29.2142 2.5374 -7.156 29.2178 2.5352 -7.165 29.2213 2.5284 -7.1674 29.2205 2.5143 -7.3619 28.9487 2.4902 -7.4056 28.9419 2.5164 -7.6814 28.4876 2.6206 -7.229 28.6303 2.4512 -7.161 28.6663 2.4229 -7.5197 28.6824 2.5908 -7.3578 28.6142 2.5111 -7.3132 28.655 2.4965 -7.3229 28.6178 2.5029 -7.2181 29.2294 2.5585 -7.2944 29.2073 2.5995 -7.1876 29.2185 2.581 -7.2647 29.2011 2.6345 -6.9891 29.1303 2.5827 -7.0581 29.1734 2.5528 -7.4215 29.124 2.5249 -7.3113 29.1584 2.4469 -7.3207 29.1829 2.5145 -7.4497 29.0489 2.5029 -7.4834 28.9963 2.5721 -7.4676 29.0687 2.5522 -7.403 29.0792 2.6905 -7.3675 29.1591 2.6518 -7.0347 28.9711 2.4124 -7.2648 28.9092 2.4451 -7.1695 28.8882 2.3746 -7.2443 28.8663 2.4443 -7.4193 28.8676 2.5615 -7.4977 28.9246 2.5817 -7.4788 28.991 2.5682 -7.4469 29.0393 2.4991 -7.3168 28.4115 2.7632 -7.2694 28.3964 2.766 -7.3298 28.4307 2.8184 -7.3623 28.4086 2.6603 -7.3113 28.3943 2.6605 -7.3481 28.4274 2.758 -7.5944 28.5089 2.8613 -7.4925 28.4766 2.7981 -7.588 28.4699 2.7503 -7.6907 28.4678 2.719 -7.5848 28.4545 2.6601 -7.6562 28.4962 2.7887 -7.3881 28.3979 2.5187 -7.3807 28.3884 2.5316 -7.3176 28.4051 2.5084 -7.1103 28.3304 2.5501 -7.1854 28.2974 2.634 -7.2209 28.4859 2.8284 -7.2954 28.5237 2.9177 -7.3254 28.4373 2.8295 -7.4892 28.5898 2.9418 -7.5629 28.6216 2.8348 -7.5946 28.5184 2.8711 -7.3718 28.5715 2.985 -7.6021 28.678 2.6805 -7.6947 28.4751 2.7199 -7.6602 28.5045 2.7882 -7.5882 28.6359 2.7572 -7.489 28.6619 2.8662 -7.3551 28.7556 2.8919 -7.3999 28.7167 2.9551 -7.4442 28.8822 2.6775 -7.5066 28.8938 2.5898 -7.538 28.8322 2.6257 -7.292 28.6606 2.9436 -7.3251 28.8103 2.8032 -7.234 28.7404 2.831 -7.0753 28.5229 2.8515 -7.0265 28.4202 2.7747 -7.0241 28.6146 2.7107 -7.1362 28.7796 2.8369 -7.0735 28.7479 2.7787 -7.5064 28.887 2.5844 -7.4627 28.8022 2.5807 -7.5378 28.8271 2.6186 -7.4951 28.7467 2.5907 -7.3816 28.7864 2.5264 -7.3955 28.8063 2.5422 -7.2681 28.4772 2.5049 -7.2856 28.7944 2.4736 -7.3162 28.7677 2.4937 -7.1859 28.7978 2.4165 -7.2596 28.7001 2.4628 -7.2515 28.6884 2.4587 -7.0365 28.463 2.5101 -7.1632 28.5461 2.4416 -7.2059 28.5402 2.4578 -7.1777 28.4558 2.4527 -7.0362 28.9087 2.4376 -7.0323 28.8215 2.4563 -6.9367 28.5148 2.6138 -6.9269 28.4272 2.6028 -6.9417 28.5275 2.6148 -6.9766 28.5775 2.6147 -6.9315 28.4184 2.5953 -7.3669 28.7668 2.5122 -7.3643 28.4486 2.5166 -7.4095 28.7189 2.537 -7.433 28.7395 2.5514 -7.6183 28.665 2.6042 -6.9962 28.6793 2.6094 -7.0163 28.4256 2.7715 -7.3913 28.8735 2.7376 -7.2685 28.367 2.6863 -7.3107 29.0434 2.3904 -7.2348 29.0245 2.3638 -7.0417 29.0242 2.3951 -7.2357 28.8354 2.8212 -7.2343 28.8942 2.8215 -7.0506 29.1206 2.4083 -7.0893 29.1694 2.4472 -7.0875 29.1461 2.69 -7.0452 29.1432 2.657 -7.1028 29.195 2.5799 -7.2263 29.2267 2.5118 -7.1634 29.217 2.5054 -7.2844 29.1333 2.3848 -7.3085 29.0546 2.386 -7.1824 29.2093 2.4724 -7.1925 29.2176 2.4924 -7.0919 28.6698 2.4436 -7.0415 28.9593 2.4129 -6.9964 28.9359 2.445 -6.9417 29.0291 2.5349 -6.9313 28.9567 2.5383 -7.3646 28.6261 2.5132 -7.4041 28.5944 2.5245 -7.3934 28.6421 2.5259 -7.1914 29.0005 2.3604 -7.2368 28.5242 2.4818 -7.379 28.5002 2.5293 -7.3512 28.4688 2.5228 -7.5198 28.4348 2.6245 -7.4652 28.4052 2.5921 -7.4979 28.4453 2.7106 -7.4364 28.4277 2.6823 -7.3703 28.3858 2.5507 -7.4129 28.4492 2.7713 -7.2349 29.195 2.6696 -7.324 28.9237 2.7867 -7.3311 28.9822 2.7894 -7.3816 28.93 2.734 -7.3777 28.983 2.7371 -7.4329 28.9348 2.677 -7.5005 28.9253 2.5885 -6.987 28.9475 2.7034 -7.04 28.9745 2.7449 -7.0091 29.1329 2.6186 -7.5039 28.8926 2.5831 -7.1106 28.9118 2.8024 -7.3948 28.5849 2.5229 -7.4027 28.5794 2.5231 -7.6804 28.4931 2.5289 -7.3803 28.564 2.5307 -7.594 28.6832 2.6852 -7.5345 28.451 2.5484 -7.5335 28.4602 2.5424 -7.4859 28.4262 2.5363 -7.6777 28.4799 2.6197 -7.3198 28.6669 2.4987 -7.599 28.4815 2.5368 -7.3761 28.996 2.737 -7.3283 28.9956 2.7898 -7.0235 28.6976 2.6841 -7.1663 29.1953 2.4416 -7.2184 29.1244 2.3595 -6.9477 28.8658 2.6223 -6.9406 28.9521 2.6274 -6.9801 29.0352 2.6755 -6.9424 29.0368 2.6103 -7.0275 29.0485 2.7168 -7.2931 29.137 2.7336 -7.3303 29.148 2.6927 -7.3617 29.0777 2.7297 -7.3204 29.0764 2.7689 -7.3204 28.8601 2.7924 -7.2485 28.3326 2.5937 -7.5287 28.4384 2.5831 -7.477 28.4114 2.5608 -7.3843 28.6975 2.5282 -7.3192 28.5674 2.515 -7.3274 28.5922 2.5066 -7.0919 29.022 2.3631 -7.0999 28.5428 2.4613 -7.1032 29.1841 2.4661 -7.0804 29.1867 2.5412 -7.0737 29.1845 2.514 -7.1419 29.2113 2.5665 -7.1127 29.2024 2.5608 -7.1745 29.2195 2.5617 -7.1959 29.2273 2.5458 -7.2016 29.2255 2.5129 -7.1998 29.2028 2.4562 -7.1428 29.2072 2.5877 -7.2135 29.2158 2.4832 -7.1735 29.1745 2.703 -7.1963 29.1071 2.7722 -7.0817 29.0581 2.7499 -7.2136 29.0436 2.8016 -7.0994 29.0007 2.7772 -7.0278 28.6741 2.4768 -7.0361 28.5403 2.4858 -7.4447 28.5935 2.5334'/>
          </IndexedFaceSet>
        </Shape>
        <Shape DEF='rscphoid'>
          <Appearance>
            <PhysicalMaterial baseColor='1 0.9765 0.8667' metallic='0' roughness='0.72'/>
          </Appearance>
          <IndexedFaceSet DEF='rscphoid_Geo' coordIndex='0 1 2 -1 3 4 5 -1 6 4 3 -1 7 8 9 -1 10 8 11 -1 12 13 14 -1 12 15 13 -1 16 17 18 -1 16 19 17 -1 20 21 22 -1 22 23 20 -1 24 25 26 -1 24 27 25 -1 28 29 20 -1 20 23 28 -1 30 31 32 -1 31 33 32 -1 34 35 36 -1 37 38 39 -1 40 41 39 -1 42 43 44 -1 45 46 47 -1 48 49 50 -1 51 41 52 -1 53 54 55 -1 56 54 57 -1 58 54 59 -1 60 54 61 -1 62 63 64 -1 65 66 67 -1 65 68 66 -1 69 70 71 -1 72 73 74 -1 74 75 72 -1 76 77 78 -1 76 79 77 -1 80 81 82 -1 83 9 84 -1 9 26 7 -1 0 85 86 -1 87 88 89 -1 89 90 87 -1 91 87 92 -1 93 94 95 -1 28 23 96 -1 23 97 96 -1 98 30 99 -1 100 101 93 -1 102 93 103 -1 104 93 105 -1 106 93 107 -1 95 108 93 -1 109 93 110 -1 111 93 112 -1 113 114 99 -1 115 116 117 -1 116 118 117 -1 117 118 77 -1 5 4 119 -1 5 120 121 -1 11 26 122 -1 79 52 123 -1 52 124 51 -1 125 126 127 -1 128 129 130 -1 130 131 128 -1 132 133 134 -1 135 136 137 -1 138 139 140 -1 138 141 139 -1 142 143 144 -1 14 21 20 -1 20 12 14 -1 19 145 17 -1 19 146 145 -1 147 148 18 -1 148 16 18 -1 149 150 151 -1 151 98 149 -1 32 152 153 -1 154 153 152 -1 154 155 153 -1 1 156 154 -1 143 86 157 -1 158 48 50 -1 159 160 161 -1 159 162 160 -1 163 158 164 -1 163 36 158 -1 165 166 167 -1 168 169 170 -1 170 171 168 -1 75 172 168 -1 168 72 75 -1 173 174 175 -1 173 2 174 -1 74 174 176 -1 177 178 179 -1 178 69 179 -1 71 179 69 -1 180 179 71 -1 180 181 179 -1 71 33 81 -1 71 32 33 -1 82 182 183 -1 82 81 24 -1 81 33 24 -1 37 39 184 -1 185 186 38 -1 186 40 38 -1 187 188 189 -1 187 190 188 -1 36 163 34 -1 35 191 192 -1 193 165 192 -1 194 195 193 -1 193 192 194 -1 196 197 195 -1 197 198 195 -1 40 186 199 -1 186 83 199 -1 186 182 83 -1 197 143 157 -1 197 144 143 -1 173 175 200 -1 157 85 198 -1 24 9 82 -1 24 26 9 -1 123 41 40 -1 196 194 201 -1 194 191 201 -1 194 196 195 -1 167 192 165 -1 191 194 192 -1 35 167 36 -1 35 192 167 -1 202 51 124 -1 202 203 51 -1 40 39 38 -1 185 38 37 -1 162 37 160 -1 185 37 43 -1 152 32 71 -1 44 204 42 -1 70 152 71 -1 205 152 70 -1 205 206 152 -1 177 181 207 -1 177 179 181 -1 2 176 174 -1 73 174 74 -1 72 168 171 -1 171 208 72 -1 163 164 188 -1 209 188 164 -1 189 188 209 -1 210 45 47 -1 211 212 213 -1 214 215 89 -1 216 217 96 -1 217 218 96 -1 85 157 86 -1 155 154 88 -1 154 156 88 -1 93 111 219 -1 206 154 152 -1 206 1 154 -1 149 98 114 -1 98 99 114 -1 121 220 3 -1 220 6 3 -1 220 16 148 -1 148 6 220 -1 17 21 14 -1 17 145 21 -1 221 143 142 -1 191 127 126 -1 67 133 136 -1 136 65 67 -1 222 134 133 -1 55 54 223 -1 118 224 78 -1 118 64 224 -1 225 54 226 -1 223 54 225 -1 125 127 124 -1 52 125 124 -1 52 41 123 -1 121 3 5 -1 77 5 119 -1 117 77 119 -1 117 119 115 -1 89 215 90 -1 92 215 218 -1 92 90 215 -1 23 22 227 -1 227 97 23 -1 112 93 109 -1 228 93 108 -1 94 93 106 -1 107 93 104 -1 105 93 102 -1 103 93 101 -1 99 30 113 -1 96 97 216 -1 97 229 216 -1 228 110 93 -1 92 87 90 -1 88 156 214 -1 214 89 88 -1 93 219 100 -1 221 20 29 -1 182 9 83 -1 182 82 9 -1 78 77 118 -1 205 70 69 -1 69 178 205 -1 222 131 134 -1 230 125 52 -1 140 231 232 -1 233 68 65 -1 65 234 233 -1 226 54 60 -1 61 54 58 -1 59 54 56 -1 57 54 53 -1 189 184 187 -1 189 160 184 -1 203 41 51 -1 203 39 41 -1 82 183 80 -1 170 235 236 -1 170 237 235 -1 198 197 157 -1 37 184 160 -1 40 199 123 -1 188 190 163 -1 25 238 26 -1 238 122 26 -1 153 155 113 -1 33 27 24 -1 33 31 27 -1 22 21 145 -1 145 239 22 -1 8 7 11 -1 19 220 240 -1 19 16 220 -1 18 14 13 -1 18 17 14 -1 11 7 26 -1 241 144 197 -1 242 201 191 -1 10 120 8 -1 10 121 120 -1 46 45 209 -1 209 50 46 -1 45 210 161 -1 161 209 45 -1 161 211 159 -1 161 210 211 -1 205 75 74 -1 178 75 205 -1 159 213 243 -1 159 211 213 -1 244 245 207 -1 244 246 245 -1 75 177 172 -1 177 75 178 -1 165 247 248 -1 193 247 165 -1 50 235 46 -1 49 235 50 -1 200 195 198 -1 200 249 195 -1 248 166 165 -1 248 236 166 -1 6 119 4 -1 6 115 119 -1 250 148 147 -1 250 251 148 -1 128 252 129 -1 252 128 253 -1 254 255 256 -1 255 254 257 -1 201 258 259 -1 201 242 258 -1 121 240 220 -1 121 10 240 -1 15 142 260 -1 15 12 142 -1 86 214 156 -1 86 261 214 -1 239 146 262 -1 239 145 146 -1 263 264 265 -1 264 263 266 -1 153 30 32 -1 153 113 30 -1 0 156 1 -1 156 0 86 -1 267 170 169 -1 267 237 170 -1 204 207 181 -1 204 244 207 -1 180 183 42 -1 80 183 180 -1 39 187 184 -1 187 39 203 -1 209 160 189 -1 209 161 160 -1 225 268 269 -1 226 268 225 -1 270 141 271 -1 139 141 270 -1 224 272 273 -1 224 274 272 -1 275 276 277 -1 275 278 276 -1 234 231 233 -1 232 231 234 -1 140 268 231 -1 139 268 140 -1 126 230 279 -1 126 125 230 -1 280 281 282 -1 281 280 283 -1 284 137 285 -1 137 284 135 -1 134 130 132 -1 134 131 130 -1 12 221 142 -1 12 20 221 -1 266 286 264 -1 287 286 266 -1 288 219 289 -1 100 219 288 -1 110 216 229 -1 216 110 228 -1 151 27 31 -1 290 27 151 -1 291 238 25 -1 292 238 291 -1 264 293 262 -1 293 264 286 -1 227 239 294 -1 227 22 239 -1 96 215 28 -1 96 218 215 -1 150 290 151 -1 150 295 290 -1 88 296 155 -1 88 87 296 -1 297 293 298 -1 293 297 294 -1 222 251 250 -1 251 222 299 -1 299 115 251 -1 299 116 115 -1 199 84 300 -1 199 83 84 -1 11 263 10 -1 11 122 263 -1 271 230 52 -1 230 271 141 -1 76 270 271 -1 76 273 270 -1 269 139 270 -1 268 139 269 -1 78 273 76 -1 78 224 273 -1 63 55 274 -1 63 53 55 -1 116 64 118 -1 116 62 64 -1 57 63 278 -1 63 57 53 -1 56 278 275 -1 56 57 278 -1 68 59 66 -1 68 58 59 -1 60 233 231 -1 233 60 61 -1 133 277 222 -1 277 133 67 -1 256 285 254 -1 285 256 284 -1 232 301 302 -1 301 232 234 -1 283 301 281 -1 283 302 301 -1 126 242 191 -1 242 126 280 -1 242 282 258 -1 280 282 242 -1 260 255 257 -1 260 241 255 -1 240 146 19 -1 240 265 146 -1 303 97 227 -1 303 229 97 -1 286 298 293 -1 286 289 298 -1 291 304 292 -1 291 305 304 -1 114 104 149 -1 104 114 107 -1 102 305 295 -1 103 305 102 -1 304 100 288 -1 304 101 100 -1 297 109 303 -1 109 297 112 -1 228 217 216 -1 108 217 228 -1 87 106 296 -1 106 87 94 -1 143 29 306 -1 29 143 221 -1 217 92 218 -1 217 91 92 -1 212 237 267 -1 237 212 47 -1 267 213 212 -1 267 246 213 -1 47 211 210 -1 47 212 211 -1 244 44 243 -1 244 204 44 -1 164 50 209 -1 158 50 164 -1 208 248 247 -1 248 208 171 -1 73 208 307 -1 73 72 208 -1 174 307 175 -1 73 307 174 -1 183 43 42 -1 183 185 43 -1 43 162 44 -1 37 162 43 -1 203 190 187 -1 190 203 202 -1 34 124 127 -1 202 124 34 -1 201 197 196 -1 197 201 259 -1 259 241 197 -1 259 255 241 -1 127 35 34 -1 127 191 35 -1 163 202 34 -1 202 163 190 -1 182 185 183 -1 182 186 185 -1 71 80 180 -1 71 81 80 -1 249 175 307 -1 249 200 175 -1 245 168 172 -1 168 245 169 -1 247 307 208 -1 247 249 307 -1 171 236 248 -1 236 171 170 -1 158 167 48 -1 36 167 158 -1 162 243 44 -1 159 243 162 -1 47 235 237 -1 46 235 47 -1 143 261 86 -1 306 261 143 -1 108 91 217 -1 91 108 95 -1 229 109 110 -1 303 109 229 -1 103 304 305 -1 101 304 103 -1 104 150 149 -1 105 150 104 -1 296 107 114 -1 296 106 107 -1 295 291 290 -1 305 291 295 -1 292 288 287 -1 292 304 288 -1 303 294 297 -1 294 303 227 -1 13 147 18 -1 13 253 147 -1 252 13 15 -1 253 13 252 -1 284 258 282 -1 284 256 258 -1 138 283 279 -1 138 302 283 -1 281 136 135 -1 136 281 301 -1 140 302 138 -1 302 140 232 -1 234 136 301 -1 136 234 65 -1 254 130 129 -1 254 285 130 -1 133 137 136 -1 137 133 132 -1 226 231 268 -1 231 226 60 -1 61 68 233 -1 68 61 58 -1 66 56 275 -1 66 59 56 -1 277 299 222 -1 299 277 276 -1 276 116 299 -1 116 276 62 -1 279 141 138 -1 230 141 279 -1 123 300 79 -1 199 300 123 -1 10 265 240 -1 10 263 265 -1 120 300 84 -1 120 5 300 -1 79 5 77 -1 79 300 5 -1 131 250 128 -1 250 131 222 -1 298 112 297 -1 111 112 298 -1 155 114 113 -1 155 296 114 -1 105 295 150 -1 105 102 295 -1 262 294 239 -1 294 262 293 -1 292 266 238 -1 287 266 292 -1 25 290 291 -1 25 27 290 -1 98 31 30 -1 151 31 98 -1 289 111 298 -1 111 289 219 -1 95 87 91 -1 95 94 87 -1 287 289 286 -1 288 289 287 -1 15 257 252 -1 257 15 260 -1 8 84 9 -1 84 8 120 -1 79 271 52 -1 271 79 76 -1 132 285 137 -1 132 130 285 -1 282 135 284 -1 135 282 281 -1 279 280 126 -1 283 280 279 -1 67 275 277 -1 67 66 275 -1 278 62 276 -1 278 63 62 -1 64 274 224 -1 64 63 274 -1 273 269 270 -1 273 272 269 -1 272 225 269 -1 225 272 223 -1 274 223 272 -1 223 274 55 -1 181 42 204 -1 180 42 181 -1 246 169 245 -1 246 267 169 -1 166 48 167 -1 166 49 48 -1 306 28 215 -1 306 29 28 -1 1 176 2 -1 1 206 176 -1 238 263 122 -1 266 263 238 -1 265 262 146 -1 262 265 264 -1 215 261 306 -1 214 261 215 -1 74 206 205 -1 74 176 206 -1 142 241 260 -1 144 241 142 -1 259 256 255 -1 259 258 256 -1 257 129 252 -1 257 254 129 -1 128 147 253 -1 128 250 147 -1 115 148 251 -1 148 115 6 -1 195 247 193 -1 249 247 195 -1 85 200 198 -1 173 200 85 -1 49 236 235 -1 49 166 236 -1 173 0 2 -1 173 85 0 -1 172 207 245 -1 207 172 177 -1 243 246 244 -1 243 213 246 -1' creaseAngle='1.571'>
            <Coordinate DEF='rscphoid_Coord' point='-7.155 28.971 2.8705 -7.1517 28.952 2.8641 -7.1494 28.9559 2.8741 -7.147 29.2354 2.1662 -7.1451 29.2434 2.1557 -6.9947 29.1835 2.2651 -7.236 29.3266 2.181 -7.0415 29.1026 2.3349 -7.0377 29.1223 2.3146 -6.988 29.0331 2.4554 -7.1354 29.205 2.2895 -7.0563 29.1086 2.3335 -7.3403 29.3149 2.6691 -7.3738 29.3518 2.585 -7.373 29.3294 2.5858 -7.3371 29.3438 2.6628 -7.3069 29.3175 2.3647 -7.3489 29.3167 2.4699 -7.3537 29.3453 2.4637 -7.3007 29.2934 2.3814 -7.3516 29.2314 2.6903 -7.3688 29.2433 2.5969 -7.3633 29.2362 2.5969 -7.348 29.2279 2.6866 -6.9894 28.9588 2.5451 -7.0264 29.0223 2.4193 -7.0238 29.0245 2.4128 -6.9957 28.962 2.5471 -7.3496 29.1692 2.7164 -7.3512 29.1713 2.7208 -7.0438 28.8775 2.675 -7.0163 28.9059 2.6187 -7.044 28.8687 2.6795 -7.0108 28.9006 2.6172 -6.7076 29.1139 2.7667 -6.7564 29.1171 2.8516 -6.7024 29.0408 2.848 -6.7027 28.882 2.5839 -6.7825 28.949 2.5803 -6.725 29.0205 2.6117 -6.8265 29.0368 2.537 -6.8038 29.1072 2.5881 -6.8932 28.8011 2.6101 -6.7903 28.852 2.587 -6.7563 28.6929 2.6638 -6.5534 28.8328 2.7715 -6.5818 28.8533 2.8258 -6.6382 28.7703 2.8032 -6.6478 28.9323 2.8851 -6.6735 28.9019 2.9209 -6.5832 28.8613 2.8293 -6.7784 29.1482 2.6247 -6.8317 29.2047 2.5061 -7.0734 29.4003 2.3249 -7.0572 29.4093 2.3767 -7.0284 29.3738 2.3371 -7.1084 29.4293 2.3968 -7.1067 29.4209 2.365 -7.0652 29.4236 2.4408 -7.0875 29.4316 2.4316 -7.017 29.4065 2.4358 -7.0429 29.4192 2.4437 -7.1213 29.3834 2.2477 -7.0929 29.384 2.275 -7.0841 29.3585 2.2432 -7.0805 29.435 2.5439 -7.1193 29.446 2.4885 -7.1407 29.4497 2.5097 -7.0736 29.4295 2.5065 -7.0358 28.7296 2.8265 -7.0624 28.7417 2.8299 -6.9988 28.8409 2.6995 -7.0037 28.7758 2.9351 -7.0561 28.8244 2.9395 -7.0747 28.7273 2.8933 -7.0246 28.7077 2.8869 -6.9198 29.2597 2.346 -6.9738 29.2546 2.2487 -6.99 29.2937 2.2738 -6.894 29.2125 2.3472 -6.9413 28.8999 2.5877 -6.9656 28.9113 2.6155 -6.9664 28.969 2.5312 -6.9412 29.0563 2.4552 -6.9579 29.087 2.4088 -7.1679 29.0724 2.8782 -7.1901 29.0744 2.851 -7.1796 29.0794 2.7866 -7.1979 29.0578 2.8134 -7.2697 29.0754 2.7849 -7.259 29.0962 2.7691 -7.2035 29.1042 2.7614 -7.2322 29.1031 2.77 -7.1035 29.0872 2.6608 -7.1415 29.0832 2.7236 -7.1525 29.0976 2.7129 -7.2925 29.1596 2.7193 -7.3003 29.1924 2.6852 -7.0309 28.9246 2.6809 -7.0583 28.9218 2.6985 -7.1088 29.1217 2.5697 -7.0908 29.1038 2.5796 -7.0613 29.0477 2.6293 -7.0767 29.0708 2.6043 -7.0672 29.0334 2.6711 -7.0639 29.0363 2.6491 -7.1139 29.0428 2.7136 -7.0883 29.0298 2.6925 -7.1635 29.112 2.7022 -7.1727 29.1365 2.6478 -7.1715 29.1284 2.6757 -7.1451 29.1417 2.5897 -7.1546 29.1467 2.6105 -7.1035 28.9056 2.7709 -7.073 28.9726 2.7242 -7.2311 29.333 2.1777 -7.152 29.3761 2.2243 -7.1015 29.2719 2.1569 -7.079 29.3275 2.2158 -7.1341 29.266 2.144 -7.02 29.1473 2.2943 -7.1314 29.2141 2.2619 -7.0784 29.1031 2.3537 -6.8436 29.1481 2.4924 -6.7632 29.1876 2.6682 -6.816 29.2621 2.6554 -6.8349 29.2904 2.7278 -6.7829 29.2103 2.7525 -7.3656 29.4122 2.5635 -7.3378 29.4126 2.6313 -7.2468 29.4392 2.5809 -7.2505 29.4363 2.5415 -7.2049 29.4474 2.5559 -7.1627 29.4454 2.5302 -7.2071 29.4459 2.5359 -7.1182 29.4169 2.6503 -7.0896 29.4328 2.581 -7.1536 29.4338 2.6215 -6.886 29.356 2.5983 -6.8955 29.3452 2.5164 -6.9307 29.3796 2.5478 -6.8614 29.3195 2.5615 -7.2774 29.3158 2.7389 -7.2869 29.202 2.7781 -7.2115 29.2819 2.7899 -7.3398 29.2685 2.4789 -7.2885 29.2486 2.4109 -7.3628 29.4069 2.4482 -7.3244 29.392 2.3093 -7.0309 28.9798 2.6815 -7.0242 28.9857 2.6375 -7.0131 28.9437 2.6287 -7.1289 28.8137 2.8386 -7.1072 28.895 2.7784 -7.1499 28.9474 2.8296 -7.1404 28.9713 2.7946 -7.1889 29.0617 2.8448 -7.1709 29.1672 2.8451 -6.6216 28.9659 2.8472 -6.6412 28.7315 2.7181 -6.5751 28.8325 2.6732 -6.5789 28.799 2.7273 -6.6552 28.772 2.644 -6.6317 29.0425 2.7864 -6.5983 28.977 2.8019 -6.7959 28.9813 2.9505 -6.7323 28.9419 2.9417 -6.7312 29.0153 2.8786 -6.9299 28.7341 2.9097 -6.8546 28.7166 2.8802 -6.7976 28.8104 2.9183 -6.8613 28.8424 2.9317 -6.9686 28.7091 2.8759 -7.1638 29.069 2.8832 -7.1108 28.8952 2.9193 -7.1252 29.0315 2.9162 -7.1402 28.8341 2.8772 -6.9712 28.7077 2.8695 -7.0262 28.7061 2.881 -7.0083 28.7208 2.8221 -6.9498 28.8186 2.6508 -6.924 28.7085 2.7676 -6.9124 28.9758 2.5235 -6.9089 28.8956 2.5672 -6.6527 28.9453 2.6329 -6.8413 28.9333 2.5608 -6.8588 28.9913 2.5201 -6.6419 28.996 2.6717 -6.5267 28.9293 2.7389 -6.5509 28.8808 2.706 -6.6395 29.0414 2.7182 -6.8293 29.2016 2.8349 -6.8252 29.0905 2.8784 -6.8822 29.0446 2.9529 -6.898 29.1526 2.8658 -7.0082 29.1059 2.9364 -6.9906 29.1644 2.8499 -7.1164 29.2184 2.829 -7.1354 29.1262 2.8993 -6.8944 29.0797 2.4552 -7.1334 29.1197 2.9028 -6.9579 29.2558 2.8559 -6.6963 29.0956 2.706 -6.7064 29.0608 2.6552 -6.8425 28.6753 2.7274 -7.0725 28.721 2.8849 -7.1426 28.8329 2.867 -6.8974 28.6862 2.8255 -6.944 28.8885 2.9455 -6.551 28.8384 2.7699 -6.5809 28.7966 2.734 -6.6406 28.7299 2.725 -6.6796 28.7079 2.7622 -6.7174 28.6766 2.7298 -7.2678 29.0747 2.7969 -7.3275 29.117 2.7531 -7.2335 29.1488 2.7147 -7.2251 29.1327 2.7404 -7.2697 29.1284 2.7502 -7.1258 29.1322 2.5792 -7.2204 29.277 2.2838 -7.3205 29.2156 2.7332 -7.2596 29.4432 2.4438 -7 29.3605 2.3598 -6.9956 29.3156 2.2843 -6.9856 29.3667 2.3961 -6.9941 29.3898 2.4217 -7.3048 29.2196 2.607 -7.1675 29.1202 2.689 -7.242 29.1652 2.6889 -6.8342 29.2932 2.6078 -6.9793 29.3966 2.4981 -6.9487 29.3865 2.5617 -7.0287 29.4208 2.513 -7.0158 29.4136 2.5685 -6.676 28.896 2.9216 -6.735 28.9363 2.9433 -6.7402 28.7876 2.8857 -7.0823 29.1039 2.3627 -7.3341 29.2617 2.4827 -7.2181 29.2615 2.3091 -7.1942 29.3063 2.7909 -6.9531 29.2659 2.85 -6.7206 28.6764 2.7233 -6.8253 28.6531 2.7862 -6.8937 28.6869 2.8312 -6.8215 28.6543 2.7919 -6.8856 29.0395 2.9553 -6.7982 28.9754 2.9526 -7.0109 29.1005 2.939 -7.3567 29.416 2.4463 -7.3198 29.4003 2.3077 -7.3454 29.4033 2.6351 -7.3728 29.403 2.5648 -7.2528 29.3993 2.7227 -7.171 29.3518 2.7887 -7.1633 29.3607 2.7827 -7.2597 29.3903 2.7287 -7.074 29.3148 2.8265 -7.0799 29.3052 2.8324 -7.2703 29.3452 2.7347 -7.2686 29.0822 2.802 -7.2834 29.2428 2.4178 -7.1487 29.1656 2.3486 -7.2136 29.2152 2.3734 -7.2165 29.2196 2.3641 -7.1483 29.1631 2.3586 -6.7873 28.698 2.8403 -6.9355 29.3659 2.4734 -6.9222 29.3182 2.424 -6.8961 29.2912 2.4432 -6.8739 29.2627 2.4639 -6.9517 29.3043 2.347 -6.9342 29.2832 2.3457 -7.0062 29.3329 2.2989 -7.1603 29.4409 2.419 -7.197 29.4259 2.3389 -7.21 29.446 2.4308 -7.157 29.4241 2.3549 -6.8572 29.3269 2.6638 -6.9245 29.3062 2.7705 -7.0233 29.3754 2.6959 -7.0436 29.343 2.7643 -6.9211 29.342 2.6998 -7.1489 29.3919 2.7159 -7.2017 29.4171 2.6731 -7.1783 29.203 2.4329 -7.1298 29.1673 2.4175 -7.1136 29.153 2.4885 -7.1481 29.1779 2.4978 -7 28.9851 2.5721 -7.0311 29.0401 2.4816 -7.0802 29.1242 2.4215 -7.2339 29.2269 2.4664 -7.27 29.2415 2.5213 -7.0191 29.0085 2.5979 -7.1243 28.9987 2.7664 -7.2058 29.2067 2.5603 -7.1867 29.1967 2.5188 -7.2374 29.42 2.3252 -6.928 29.1413 2.3625 -7.0055 29.3991 2.6231 -6.9213 29.3694 2.625 -7.2419 29.1863 2.635 -7.078 29.1207 2.4985 -7.0498 29.0546 2.5478 -7.3303 29.122 2.7541 -7.0368 28.9584 2.9411'/>
          </IndexedFaceSet>
        </Shape>
        <Shape DEF='rhamate'>
          <Appearance>
            <PhysicalMaterial baseColor='1 0.9765 0.8667' metallic='0' roughness='0.72'/>
          </Appearance>
          <IndexedFaceSet DEF='rhamate_Geo' coordIndex='0 1 2 -1 2 3 0 -1 4 5 6 -1 4 7 5 -1 8 9 10 -1 11 12 13 -1 12 14 13 -1 15 16 17 -1 18 19 20 -1 18 21 19 -1 22 21 18 -1 18 23 22 -1 24 25 26 -1 27 28 29 -1 27 30 28 -1 31 32 33 -1 32 34 33 -1 34 35 33 -1 35 36 33 -1 37 38 39 -1 39 40 37 -1 41 42 43 -1 41 44 42 -1 45 46 47 -1 45 48 46 -1 49 50 51 -1 42 52 53 -1 53 43 42 -1 54 1 55 -1 54 56 1 -1 57 58 59 -1 57 60 58 -1 61 62 63 -1 61 64 62 -1 31 33 65 -1 49 66 67 -1 5 68 6 -1 69 70 71 -1 72 73 74 -1 73 75 74 -1 76 77 78 -1 76 79 77 -1 80 81 82 -1 83 84 85 -1 84 86 85 -1 87 88 89 -1 90 91 92 -1 90 93 91 -1 94 95 96 -1 96 97 94 -1 41 43 98 -1 18 99 23 -1 100 101 102 -1 100 64 101 -1 103 88 104 -1 105 106 107 -1 108 109 110 -1 110 111 108 -1 112 113 114 -1 3 80 82 -1 3 115 80 -1 116 117 118 -1 119 120 118 -1 121 122 118 -1 118 107 123 -1 37 123 124 -1 125 118 126 -1 15 118 127 -1 125 67 66 -1 125 126 67 -1 128 129 130 -1 128 131 129 -1 20 25 132 -1 133 94 134 -1 94 97 134 -1 96 135 136 -1 136 97 96 -1 137 138 135 -1 138 139 135 -1 140 51 141 -1 141 98 140 -1 142 143 144 -1 142 145 143 -1 146 147 148 -1 47 149 150 -1 150 45 47 -1 151 55 1 -1 152 153 72 -1 72 74 152 -1 154 155 156 -1 154 157 155 -1 55 158 159 -1 158 160 159 -1 46 161 59 -1 162 163 148 -1 162 164 163 -1 165 19 21 -1 21 166 165 -1 84 167 168 -1 168 86 84 -1 169 170 171 -1 169 168 170 -1 172 173 174 -1 174 4 172 -1 88 175 176 -1 88 103 177 -1 88 178 179 -1 88 180 181 -1 35 182 183 -1 35 184 182 -1 88 87 185 -1 90 30 186 -1 186 93 90 -1 88 185 180 -1 88 181 178 -1 88 179 104 -1 88 177 175 -1 187 188 34 -1 34 32 187 -1 176 89 88 -1 189 190 191 -1 191 192 189 -1 7 4 174 -1 193 50 194 -1 193 195 50 -1 196 166 22 -1 166 21 22 -1 99 9 23 -1 163 131 148 -1 197 57 59 -1 59 161 197 -1 198 199 200 -1 198 201 199 -1 200 46 48 -1 200 161 46 -1 202 201 203 -1 202 204 201 -1 205 206 207 -1 151 208 153 -1 2 1 52 -1 158 55 209 -1 210 148 147 -1 210 162 148 -1 145 53 56 -1 145 142 53 -1 98 43 211 -1 96 137 135 -1 96 212 137 -1 130 132 25 -1 130 129 132 -1 66 49 111 -1 111 110 66 -1 213 118 125 -1 214 126 118 -1 107 124 123 -1 107 106 124 -1 107 118 122 -1 120 121 118 -1 117 119 118 -1 19 165 215 -1 215 26 19 -1 73 216 75 -1 216 68 75 -1 217 218 171 -1 171 219 217 -1 73 77 220 -1 220 216 73 -1 105 11 191 -1 191 190 105 -1 221 152 74 -1 222 223 224 -1 224 225 222 -1 125 66 110 -1 98 226 140 -1 227 228 229 -1 229 230 227 -1 61 71 231 -1 61 69 71 -1 232 18 20 -1 209 151 153 -1 153 152 209 -1 212 26 233 -1 212 24 26 -1 145 56 54 -1 234 220 77 -1 77 79 234 -1 28 30 90 -1 90 217 28 -1 118 123 214 -1 75 207 221 -1 221 74 75 -1 204 235 236 -1 71 70 237 -1 210 58 162 -1 213 127 118 -1 210 47 46 -1 108 138 238 -1 108 226 138 -1 51 195 141 -1 51 50 195 -1 67 50 49 -1 67 194 50 -1 194 40 39 -1 194 67 40 -1 94 128 130 -1 130 95 94 -1 118 15 116 -1 25 95 130 -1 25 24 95 -1 55 151 209 -1 98 141 41 -1 115 3 2 -1 32 239 240 -1 240 241 32 -1 190 189 242 -1 227 189 192 -1 189 227 230 -1 172 243 173 -1 172 223 243 -1 173 191 174 -1 173 192 191 -1 230 240 189 -1 230 241 240 -1 44 141 195 -1 141 44 41 -1 232 99 18 -1 99 232 102 -1 96 24 212 -1 24 96 95 -1 215 233 26 -1 17 233 215 -1 128 133 146 -1 128 94 133 -1 210 149 47 -1 147 149 210 -1 36 183 244 -1 36 35 183 -1 245 38 37 -1 38 245 246 -1 137 238 138 -1 137 247 238 -1 111 226 108 -1 226 111 140 -1 248 159 249 -1 248 250 159 -1 251 14 8 -1 251 155 14 -1 101 252 10 -1 252 101 231 -1 155 13 14 -1 157 13 155 -1 253 31 65 -1 253 254 31 -1 172 93 186 -1 93 172 4 -1 242 124 106 -1 242 255 124 -1 256 213 109 -1 256 127 213 -1 60 162 58 -1 162 60 164 -1 206 154 156 -1 206 205 154 -1 257 70 258 -1 237 70 257 -1 259 204 202 -1 259 235 204 -1 260 207 261 -1 221 207 260 -1 40 123 37 -1 214 123 40 -1 29 262 27 -1 29 263 262 -1 92 234 218 -1 234 92 220 -1 90 218 217 -1 218 90 92 -1 208 1 0 -1 1 208 151 -1 228 104 229 -1 228 103 104 -1 179 187 264 -1 187 179 178 -1 188 180 184 -1 188 181 180 -1 182 87 263 -1 182 185 87 -1 176 222 225 -1 222 176 175 -1 160 249 159 -1 249 160 198 -1 163 265 266 -1 163 164 265 -1 63 69 61 -1 63 267 69 -1 199 161 200 -1 197 161 199 -1 15 256 16 -1 15 127 256 -1 246 84 38 -1 167 84 246 -1 27 225 224 -1 262 225 27 -1 205 75 68 -1 205 207 75 -1 157 5 7 -1 5 157 154 -1 72 208 78 -1 72 153 208 -1 220 91 216 -1 220 92 91 -1 170 219 171 -1 268 219 170 -1 80 269 85 -1 80 115 269 -1 197 236 267 -1 199 236 197 -1 12 105 114 -1 12 11 105 -1 107 114 105 -1 107 122 114 -1 112 120 196 -1 112 121 120 -1 165 119 117 -1 166 119 165 -1 214 67 126 -1 40 67 214 -1 270 271 136 -1 270 144 271 -1 211 139 98 -1 270 139 211 -1 53 211 43 -1 142 211 53 -1 150 271 272 -1 271 150 134 -1 143 248 272 -1 248 143 250 -1 273 209 152 -1 209 273 158 -1 3 76 0 -1 3 82 76 -1 206 261 207 -1 206 258 261 -1 237 251 252 -1 257 251 237 -1 260 203 273 -1 260 202 203 -1 69 259 70 -1 259 69 235 -1 203 198 160 -1 203 201 198 -1 204 199 201 -1 204 236 199 -1 131 266 129 -1 131 163 266 -1 64 265 62 -1 64 100 265 -1 274 102 232 -1 102 274 100 -1 129 274 132 -1 129 266 274 -1 81 234 79 -1 81 169 234 -1 268 244 219 -1 268 36 244 -1 169 218 234 -1 169 171 218 -1 115 44 269 -1 115 42 44 -1 6 216 91 -1 216 6 68 -1 255 189 240 -1 255 242 189 -1 4 91 93 -1 4 6 91 -1 243 228 227 -1 243 275 228 -1 245 240 239 -1 245 255 240 -1 183 263 29 -1 183 182 263 -1 34 184 35 -1 34 188 184 -1 229 241 230 -1 241 229 264 -1 223 275 243 -1 223 222 275 -1 167 170 168 -1 167 253 170 -1 42 2 52 -1 2 42 115 -1 28 219 244 -1 217 219 28 -1 268 33 36 -1 268 65 33 -1 86 169 81 -1 86 168 169 -1 232 132 274 -1 232 20 132 -1 266 100 274 -1 266 265 100 -1 62 164 60 -1 62 265 164 -1 70 261 258 -1 261 70 259 -1 273 160 158 -1 160 273 203 -1 231 237 252 -1 237 231 71 -1 257 155 251 -1 156 155 257 -1 273 221 260 -1 273 152 221 -1 143 54 250 -1 54 143 145 -1 45 272 248 -1 45 150 272 -1 149 134 150 -1 134 149 133 -1 272 144 143 -1 144 272 271 -1 139 226 98 -1 138 226 139 -1 211 144 270 -1 142 144 211 -1 139 136 135 -1 139 270 136 -1 134 136 271 -1 134 97 136 -1 247 17 16 -1 233 17 247 -1 146 131 128 -1 146 148 131 -1 16 238 247 -1 238 16 256 -1 215 117 116 -1 215 165 117 -1 119 196 120 -1 196 119 166 -1 114 121 112 -1 114 122 121 -1 9 276 23 -1 276 9 8 -1 12 8 14 -1 8 12 276 -1 167 254 253 -1 167 246 254 -1 85 193 83 -1 193 85 269 -1 113 196 22 -1 112 196 113 -1 194 83 193 -1 83 194 39 -1 125 109 213 -1 125 110 109 -1 267 235 69 -1 236 235 267 -1 57 267 63 -1 57 197 267 -1 198 48 249 -1 198 200 48 -1 222 177 275 -1 222 175 177 -1 89 225 262 -1 176 225 89 -1 184 185 182 -1 184 180 185 -1 178 188 187 -1 188 178 181 -1 104 264 229 -1 264 104 179 -1 275 103 228 -1 275 177 103 -1 78 0 76 -1 0 78 208 -1 87 262 263 -1 87 89 262 -1 39 84 83 -1 39 38 84 -1 85 81 80 -1 85 86 81 -1 79 82 81 -1 82 79 76 -1 73 78 77 -1 78 73 72 -1 261 202 260 -1 261 259 202 -1 258 156 257 -1 258 206 156 -1 5 205 68 -1 154 205 5 -1 238 109 108 -1 238 256 109 -1 190 106 105 -1 190 242 106 -1 37 255 245 -1 124 255 37 -1 264 32 241 -1 264 187 32 -1 170 65 268 -1 170 253 65 -1 13 7 174 -1 7 13 157 -1 252 8 10 -1 8 252 251 -1 231 64 61 -1 231 101 64 -1 60 63 62 -1 63 60 57 -1 210 59 58 -1 210 46 59 -1 1 53 52 -1 56 53 1 -1 137 233 247 -1 137 212 233 -1 249 45 248 -1 48 45 249 -1 250 55 159 -1 54 55 250 -1 140 49 51 -1 49 140 111 -1 254 32 31 -1 32 254 239 -1 246 239 254 -1 246 245 239 -1 186 223 172 -1 223 186 224 -1 29 244 183 -1 244 29 28 -1 30 224 186 -1 224 30 27 -1 26 20 19 -1 26 25 20 -1 114 276 12 -1 114 113 276 -1 276 22 23 -1 22 276 113 -1 147 133 149 -1 146 133 147 -1 17 116 15 -1 215 116 17 -1 10 102 101 -1 10 99 102 -1 9 99 10 -1 269 195 193 -1 195 269 44 -1 191 13 174 -1 191 11 13 -1 173 227 192 -1 173 243 227 -1' creaseAngle='1.571'>
            <Coordinate DEF='rhamate_Coord' point='-7.1286 28.7374 2.3002 -7.1273 28.8602 2.3302 -7.1369 28.6934 2.3977 -7.1428 28.6656 2.3699 -7.174 28.4275 1.9914 -7.2635 28.4733 2.0368 -7.2007 28.4761 2.0432 -7.2787 28.4233 1.9991 -7.5907 28.5553 1.9913 -7.6629 28.6067 2.0483 -7.6484 28.6198 2.0425 -7.3976 28.4027 2.0055 -7.499 28.4526 1.9927 -7.3786 28.4373 1.9937 -7.47 28.4872 1.9894 -7.5719 28.4441 2.3849 -7.6008 28.4347 2.4844 -7.6493 28.451 2.4847 -7.7347 28.5305 2.1849 -7.7379 28.4801 2.3282 -7.7335 28.5006 2.3369 -7.7335 28.5081 2.1765 -7.7163 28.526 2.0641 -7.7121 28.5492 2.0647 -7.6824 28.4976 2.495 -7.6935 28.5055 2.475 -7.6893 28.4824 2.4895 -6.9931 28.3849 2.0097 -6.962 28.3735 2.0605 -6.9578 28.3613 2.0443 -7.0009 28.4057 2.0214 -7.1692 28.1938 2.1592 -7.1865 28.1897 2.1439 -7.0856 28.184 2.1691 -7.0713 28.1815 2.1532 -6.9816 28.2402 2.1321 -6.9879 28.2508 2.1431 -7.323 28.3104 2.241 -7.3069 28.3183 2.2561 -7.3142 28.3372 2.323 -7.3318 28.3383 2.3155 -7.2496 28.4851 2.4753 -7.1776 28.5952 2.4534 -7.2023 28.5966 2.4701 -7.2329 28.474 2.4555 -7.4031 28.9975 2.4802 -7.4892 28.9876 2.5136 -7.476 28.9932 2.5257 -7.4164 29.0015 2.465 -7.3393 28.362 2.4476 -7.3204 28.3696 2.4469 -7.3295 28.3738 2.4621 -7.1511 28.7087 2.4223 -7.1652 28.7181 2.435 -7.1573 28.9321 2.3221 -7.1538 28.932 2.3028 -7.139 28.8667 2.3429 -7.5489 28.9014 2.3816 -7.5282 28.9456 2.4766 -7.5181 28.9514 2.4647 -7.5637 28.8937 2.3881 -7.6143 28.7651 2.2067 -7.5988 28.8484 2.308 -7.579 28.8602 2.3054 -7.6375 28.7575 2.2095 -7.1202 28.2066 2.1709 -7.3538 28.3595 2.4355 -7.3351 28.3548 2.391 -7.2366 28.5499 2.0915 -7.5559 28.7943 2.2312 -7.499 28.7205 2.1609 -7.5702 28.7111 2.1463 -7.1799 28.6994 2.2064 -7.1885 28.6364 2.1655 -7.2308 28.7237 2.183 -7.2441 28.6639 2.1528 -7.1485 28.6566 2.2609 -7.1682 28.6153 2.1867 -7.1591 28.6817 2.2334 -7.1668 28.5886 2.2079 -7.1698 28.562 2.3296 -7.1809 28.5301 2.2388 -7.1524 28.6046 2.307 -7.2955 28.3544 2.3377 -7.2849 28.3332 2.2686 -7.2283 28.4422 2.3379 -7.2347 28.419 2.2608 -7.0191 28.2855 2.0071 -7.078 28.2475 1.9963 -7.0372 28.2909 1.9919 -7.0412 28.4356 2.0311 -7.1354 28.4862 2.0525 -7.0914 28.4685 2.0681 -7.0873 28.4445 2.0116 -7.5809 28.7521 2.5812 -7.6235 28.627 2.5416 -7.5903 28.6124 2.5493 -7.5323 28.7283 2.567 -7.3327 28.5034 2.4924 -7.6993 28.6124 2.1051 -7.6612 28.731 2.2419 -7.6427 28.7022 2.1203 -7.689 28.6637 2.1452 -7.1359 28.2473 1.9796 -7.1402 28.2286 1.9951 -7.4057 28.3901 2.0148 -7.3701 28.3342 2.0939 -7.4359 28.395 2.1489 -7.4516 28.4155 2.4869 -7.4629 28.4081 2.4628 -7.3956 28.3846 2.4445 -7.3841 28.3867 2.4755 -7.6232 28.4729 2.0116 -7.6311 28.4877 2.0013 -7.5078 28.4393 2.0024 -7.162 28.5874 2.4206 -7.6116 28.4549 2.3532 -7.6471 28.4588 2.2975 -7.5078 28.4436 2.2478 -7.6533 28.4702 2.1922 -7.6232 28.467 2.1415 -7.5781 28.4544 2.1039 -7.5031 28.4289 2.0943 -7.3956 28.372 2.2176 -7.342 28.3051 2.1739 -7.4113 28.407 2.3629 -7.3849 28.3869 2.3286 -7.5283 28.4315 2.3974 -7.593 28.762 2.5743 -7.6595 28.6924 2.4721 -7.635 28.6386 2.5303 -7.6081 28.7958 2.5113 -7.7015 28.5834 2.4021 -7.5301 28.8629 2.593 -7.4806 28.8435 2.5698 -7.5366 28.5911 2.5445 -7.472 28.7075 2.5473 -7.6012 28.462 2.5309 -7.5159 28.4366 2.521 -7.4418 28.5543 2.5174 -7.3752 28.3996 2.4857 -7.2934 28.424 2.468 -7.2381 28.7518 2.4691 -7.2714 28.9151 2.4463 -7.3271 28.78 2.4932 -7.1793 28.8869 2.3878 -7.5413 28.8732 2.5845 -7.5168 28.9265 2.5638 -7.5514 28.8945 2.5329 -7.4985 28.9308 2.5682 -7.4313 28.9379 2.5389 -7.1421 28.8669 2.2899 -7.2056 28.7835 2.2063 -7.1648 28.7654 2.2344 -7.354 28.4999 2.0383 -7.4577 28.501 1.9966 -7.4257 28.5335 2.0444 -7.3703 28.4561 2.0027 -7.1926 28.9004 2.2569 -7.2465 28.9947 2.326 -7.2763 28.9527 2.2885 -7.5019 28.9556 2.4573 -7.5409 28.9262 2.4922 -7.6102 28.833 2.4481 -7.5837 28.8675 2.41 -7.7234 28.4701 2.3213 -7.7222 28.4881 2.1729 -7.2438 28.2876 2.2144 -7.1903 28.3786 2.182 -7.1443 28.4604 2.1518 -7.1118 28.322 2.1475 -7.0822 28.4022 2.1098 -7.1627 28.4014 1.9696 -7.2631 28.3642 1.9703 -7.2864 28.3918 1.9791 -7.0894 28.2864 1.9674 -7.0544 28.2945 1.9788 -7.1198 28.2679 1.9683 -7.1071 28.2089 2.0295 -7.1274 28.2135 2.0155 -7.0287 28.2355 2.0463 -7.0701 28.2099 2.0473 -6.9531 28.2874 2.074 -6.944 28.3017 2.0908 -6.9905 28.2354 2.1026 -7.0092 28.2633 2.0305 -7.053 28.4197 1.989 -7.1405 28.1841 2.0726 -7.0691 28.1875 2.1028 -7.2869 28.2619 2.0506 -7.3426 28.3307 2.0148 -7.3286 28.3486 1.9924 -7.2988 28.3235 1.9854 -7.2818 28.3824 2.4145 -7.3155 28.3571 2.398 -7.2845 28.4095 2.45 -7.7014 28.501 2.0761 -7.5201 28.9053 2.3808 -7.3531 28.9708 2.3533 -7.4757 28.9183 2.3676 -7.4454 28.9608 2.4267 -7.3963 28.9189 2.3182 -7.3779 28.8308 2.2271 -7.3247 28.8854 2.2521 -7.4441 28.8821 2.2887 -7.3277 28.5666 2.0907 -7.374 28.5907 2.0989 -7.2969 28.6732 2.1462 -7.1456 28.7566 2.2643 -7.1612 28.8806 2.2616 -7.4968 28.9831 2.5245 -7.2879 28.6324 2.5015 -7.6482 28.4799 2.5232 -7.4759 28.4213 2.394 -7.3811 28.3723 2.283 -7.6856 28.4671 2.4529 -7.1853 28.5531 2.1071 -7.0162 28.3984 2.0675 -7.0743 28.44 2.0879 -7.0051 28.3567 2.1021 -7.1525 28.534 2.1169 -7.2541 28.7296 2.176 -7.1085 28.3341 1.9549 -7.1428 28.3761 1.9607 -7.0409 28.3943 1.9789 -7.0414 28.3506 1.9757 -7.4378 28.4253 2.4966 -7.2636 28.2999 1.9802 -7.1981 28.263 1.9761 -7.2042 28.2212 2.0074 -7.2619 28.2477 2.038 -7.6193 28.7084 2.1189 -7.7139 28.6046 2.215 -7.653 28.4642 2.5137 -7.14 28.5032 2.1317 -7.4919 28.8455 2.2594 -7.4894 28.8815 2.3089 -7.5629 28.6674 2.1116 -7.5222 28.4224 2.5102 -7.2154 28.2114 2.1571 -7.2582 28.2278 2.1066 -7.2345 28.2186 2.0856 -7.3318 28.2969 2.0709 -7.2326 28.3352 1.9636 -6.9488 28.3161 2.1059 -7.2774 28.2618 2.1966 -7.2645 28.2687 2.207 -7.605 28.4465 2.5199 -7.3097 29.0053 2.3989 -7.3239 29.0089 2.382 -7.238 28.9919 2.3495 -7.5772 28.5686 1.9993 -7.629 28.632 2.0507 -7.1703 28.2339 2.1785 -7.1991 28.2149 2.1675 -7.3073 28.2677 2.1456 -7.5266 28.4158 2.4788 -7.5155 28.6041 2.0699 -7.4459 28.6523 2.1157 -7.4316 28.7797 2.1971 -7.3166 28.7709 2.1833 -7.3708 28.7202 2.1524 -7.0044 28.3492 1.9996 -6.9713 28.3343 2.0275 -7.1796 28.1975 2.0414 -7.6172 28.8193 2.3318 -7.6514 28.7695 2.3829 -7.5394 28.8658 2.3144 -7.0399 28.2781 2.1405 -7.22 28.4619 2.4185 -7.3795 28.6643 2.522 -7.4123 28.8138 2.5302 -7.3568 28.9305 2.4909 -7.2629 28.8253 2.2091 -7.6842 28.6928 2.2976 -7.174 28.2968 1.9582 -7.6201 28.5063 1.9974'/>
          </IndexedFaceSet>
        </Shape>
        <Shape DEF='rlunate'>
          <Appearance>
            <PhysicalMaterial baseColor='1 0.9765 0.8667' metallic='0' roughness='0.72'/>
          </Appearance>
          <IndexedFaceSet DEF='rlunate_Geo' coordIndex='0 1 2 -1 3 4 5 -1 1 6 7 -1 8 9 10 -1 2 11 12 -1 13 14 15 -1 16 17 18 -1 19 20 21 -1 22 23 24 -1 25 26 27 -1 25 28 26 -1 29 30 31 -1 29 32 30 -1 33 34 35 -1 34 36 35 -1 37 38 39 -1 40 31 30 -1 41 42 43 -1 41 44 42 -1 8 45 9 -1 46 47 48 -1 49 50 51 -1 52 53 54 -1 55 34 33 -1 55 56 34 -1 57 58 9 -1 55 58 59 -1 55 3 58 -1 7 11 2 -1 60 0 2 -1 61 62 63 -1 63 64 61 -1 65 66 67 -1 68 20 69 -1 2 70 71 -1 72 48 73 -1 74 75 35 -1 76 77 78 -1 79 20 80 -1 79 69 20 -1 81 82 83 -1 67 84 85 -1 36 25 86 -1 87 67 88 -1 89 67 90 -1 91 92 67 -1 93 67 94 -1 84 67 95 -1 96 67 97 -1 98 99 56 -1 98 100 99 -1 79 101 69 -1 79 102 101 -1 103 104 105 -1 106 77 107 -1 106 108 77 -1 36 86 109 -1 110 111 64 -1 112 111 110 -1 110 113 112 -1 114 70 115 -1 114 116 70 -1 117 16 118 -1 16 119 118 -1 17 83 82 -1 120 121 18 -1 120 122 121 -1 123 124 71 -1 71 125 123 -1 126 127 128 -1 126 43 127 -1 72 73 129 -1 130 131 132 -1 2 1 7 -1 133 134 90 -1 90 87 133 -1 135 136 137 -1 135 138 136 -1 26 139 140 -1 26 28 139 -1 99 100 133 -1 133 141 99 -1 142 143 144 -1 144 145 142 -1 146 147 148 -1 146 149 147 -1 14 150 15 -1 151 45 152 -1 20 153 154 -1 21 68 155 -1 135 103 105 -1 156 39 157 -1 35 36 158 -1 2 71 124 -1 5 159 160 -1 10 2 8 -1 48 161 162 -1 162 108 48 -1 29 31 163 -1 24 164 22 -1 15 144 143 -1 143 13 15 -1 152 165 166 -1 152 167 165 -1 19 153 20 -1 139 99 141 -1 139 28 99 -1 168 169 170 -1 168 38 169 -1 135 137 171 -1 171 155 135 -1 172 67 96 -1 173 11 130 -1 174 175 176 -1 161 48 72 -1 129 177 178 -1 129 73 177 -1 179 180 181 -1 182 183 17 -1 117 64 16 -1 114 184 185 -1 185 116 114 -1 61 64 111 -1 186 187 188 -1 186 189 187 -1 190 176 191 -1 83 41 81 -1 192 193 176 -1 154 194 20 -1 12 70 2 -1 85 97 67 -1 95 67 93 -1 94 67 92 -1 65 67 89 -1 90 67 87 -1 88 67 172 -1 67 66 91 -1 122 195 121 -1 122 179 195 -1 175 192 176 -1 188 37 196 -1 188 187 37 -1 23 197 198 -1 178 42 191 -1 128 182 126 -1 128 199 182 -1 83 200 41 -1 200 44 41 -1 201 77 76 -1 21 20 68 -1 135 155 103 -1 64 117 110 -1 70 202 115 -1 72 193 203 -1 33 3 55 -1 33 204 3 -1 59 58 57 -1 151 205 57 -1 205 206 57 -1 59 98 55 -1 98 56 55 -1 152 207 151 -1 207 205 151 -1 148 14 146 -1 148 150 14 -1 207 142 205 -1 207 143 142 -1 167 123 165 -1 167 124 123 -1 208 209 210 -1 35 158 74 -1 41 43 81 -1 43 126 81 -1 82 182 17 -1 164 211 212 -1 192 213 214 -1 214 132 192 -1 22 105 23 -1 64 200 83 -1 215 216 209 -1 216 217 209 -1 18 183 120 -1 18 17 183 -1 52 21 155 -1 184 218 219 -1 219 185 184 -1 181 195 179 -1 12 11 220 -1 9 58 160 -1 10 60 2 -1 4 3 204 -1 159 1 0 -1 159 6 1 -1 5 58 3 -1 160 58 5 -1 219 181 185 -1 219 195 181 -1 218 221 222 -1 221 218 184 -1 223 224 225 -1 224 223 226 -1 130 214 173 -1 130 132 214 -1 149 227 166 -1 149 146 227 -1 165 228 229 -1 123 228 165 -1 185 180 116 -1 181 180 185 -1 16 121 119 -1 121 16 18 -1 183 216 120 -1 217 216 183 -1 153 54 230 -1 153 19 54 -1 230 208 153 -1 230 231 208 -1 63 200 64 -1 200 63 232 -1 62 175 174 -1 62 233 175 -1 192 131 193 -1 131 192 132 -1 39 196 37 -1 156 196 39 -1 234 164 24 -1 211 164 234 -1 235 31 40 -1 31 235 163 -1 236 30 237 -1 40 30 236 -1 238 239 240 -1 238 241 239 -1 242 243 127 -1 244 243 242 -1 245 193 131 -1 245 203 193 -1 64 17 16 -1 83 17 64 -1 82 126 182 -1 81 126 82 -1 246 243 239 -1 246 247 243 -1 215 248 249 -1 248 215 231 -1 250 229 228 -1 229 250 251 -1 8 124 167 -1 8 2 124 -1 227 143 207 -1 227 13 143 -1 252 150 148 -1 252 253 150 -1 59 206 98 -1 57 206 59 -1 45 57 9 -1 45 151 57 -1 131 254 245 -1 131 130 254 -1 221 114 115 -1 221 184 114 -1 113 117 118 -1 110 117 113 -1 233 225 213 -1 225 233 255 -1 101 103 155 -1 103 101 104 -1 120 256 122 -1 256 120 216 -1 257 179 258 -1 257 180 179 -1 50 128 247 -1 128 50 199 -1 47 242 177 -1 47 244 242 -1 107 201 259 -1 107 77 201 -1 260 261 262 -1 261 260 237 -1 263 246 264 -1 246 263 51 -1 261 102 79 -1 261 265 102 -1 156 22 164 -1 157 22 156 -1 168 136 138 -1 170 136 168 -1 44 191 42 -1 191 44 190 -1 42 177 242 -1 177 42 178 -1 238 107 266 -1 107 238 106 -1 40 188 235 -1 188 40 186 -1 105 197 23 -1 197 105 104 -1 234 163 211 -1 163 234 29 -1 187 27 37 -1 267 27 187 -1 225 112 223 -1 255 112 225 -1 219 118 119 -1 219 218 118 -1 256 250 258 -1 256 249 250 -1 268 148 147 -1 252 148 268 -1 269 66 15 -1 91 66 269 -1 172 140 139 -1 96 140 172 -1 194 51 263 -1 194 49 51 -1 153 210 154 -1 153 208 210 -1 140 97 169 -1 96 97 140 -1 189 267 187 -1 267 189 270 -1 191 129 178 -1 191 176 129 -1 74 161 75 -1 161 74 162 -1 72 176 193 -1 129 176 72 -1 267 109 86 -1 270 109 267 -1 221 202 226 -1 115 202 221 -1 216 249 256 -1 216 215 249 -1 174 190 232 -1 174 176 190 -1 6 254 7 -1 6 4 254 -1 94 271 272 -1 271 94 92 -1 137 93 171 -1 137 95 93 -1 97 170 169 -1 170 97 85 -1 141 172 139 -1 141 88 172 -1 144 89 145 -1 144 65 89 -1 171 52 155 -1 52 171 272 -1 271 253 53 -1 253 271 269 -1 231 268 248 -1 230 268 231 -1 166 207 152 -1 207 166 227 -1 237 265 261 -1 237 30 265 -1 138 105 22 -1 135 105 138 -1 259 189 186 -1 201 189 259 -1 108 46 48 -1 108 106 46 -1 270 78 109 -1 78 270 76 -1 205 273 206 -1 205 142 273 -1 34 99 28 -1 34 56 99 -1 98 273 100 -1 206 273 98 -1 158 109 78 -1 109 158 36 -1 104 102 197 -1 104 101 102 -1 30 198 265 -1 30 32 198 -1 262 241 260 -1 241 262 264 -1 20 263 80 -1 20 194 263 -1 45 167 152 -1 45 8 167 -1 251 149 229 -1 149 251 147 -1 230 252 268 -1 230 54 252 -1 145 273 142 -1 145 134 273 -1 134 100 273 -1 133 100 134 -1 272 53 52 -1 53 272 271 -1 145 90 134 -1 145 89 90 -1 87 141 133 -1 141 87 88 -1 136 95 137 -1 136 84 95 -1 93 272 171 -1 272 93 94 -1 92 269 271 -1 269 92 91 -1 245 4 204 -1 254 4 245 -1 183 199 217 -1 183 182 199 -1 228 258 250 -1 258 228 257 -1 12 202 70 -1 12 220 202 -1 226 220 224 -1 220 226 202 -1 255 111 112 -1 61 111 255 -1 168 39 38 -1 157 39 168 -1 161 203 75 -1 72 203 161 -1 77 162 74 -1 162 77 108 -1 69 155 68 -1 69 101 155 -1 201 270 189 -1 76 270 201 -1 26 169 38 -1 140 169 26 -1 49 154 210 -1 154 49 194 -1 264 239 241 -1 264 246 239 -1 253 15 150 -1 269 15 253 -1 147 248 268 -1 248 147 251 -1 223 113 222 -1 113 223 112 -1 267 25 27 -1 86 25 267 -1 235 196 212 -1 196 235 188 -1 236 186 40 -1 259 186 236 -1 240 106 238 -1 46 106 240 -1 44 232 190 -1 44 200 232 -1 170 84 136 -1 85 84 170 -1 157 138 22 -1 168 138 157 -1 265 197 102 -1 198 197 265 -1 80 264 262 -1 80 263 264 -1 262 79 80 -1 79 262 261 -1 266 259 236 -1 266 107 259 -1 74 78 77 -1 78 74 158 -1 23 32 24 -1 198 32 23 -1 48 177 73 -1 48 47 177 -1 247 127 243 -1 127 247 128 -1 209 199 50 -1 199 209 217 -1 70 125 71 -1 70 116 125 -1 122 258 179 -1 258 122 256 -1 15 65 144 -1 15 66 65 -1 224 11 173 -1 224 220 11 -1 62 255 233 -1 255 62 61 -1 222 118 218 -1 113 118 222 -1 7 130 11 -1 254 130 7 -1 54 253 252 -1 54 53 253 -1 251 249 248 -1 251 250 249 -1 51 247 246 -1 51 50 247 -1 244 46 240 -1 244 47 46 -1 50 210 209 -1 210 50 49 -1 43 242 127 -1 42 242 43 -1 36 28 25 -1 36 34 28 -1 75 33 35 -1 204 33 75 -1 243 240 239 -1 240 243 244 -1 260 238 266 -1 260 241 238 -1 266 237 260 -1 236 237 266 -1 211 235 212 -1 163 235 211 -1 29 24 32 -1 234 24 29 -1 212 156 164 -1 212 196 156 -1 38 27 26 -1 27 38 37 -1 203 204 75 -1 204 203 245 -1 192 233 213 -1 175 233 192 -1 174 63 62 -1 232 63 174 -1 52 19 21 -1 19 52 54 -1 116 257 125 -1 180 257 116 -1 209 231 215 -1 209 208 231 -1 195 119 121 -1 195 219 119 -1 228 125 257 -1 228 123 125 -1 229 166 165 -1 229 149 166 -1 13 146 14 -1 227 146 13 -1 173 225 224 -1 214 225 173 -1 214 213 225 -1 222 226 223 -1 226 222 221 -1 0 160 159 -1 60 160 0 -1 60 9 160 -1 9 60 10 -1 6 5 4 -1 5 6 159 -1' creaseAngle='1.571'>
            <Coordinate DEF='rlunate_Coord' point='-7.6854 29.2039 2.3357 -7.6815 29.2031 2.3408 -7.7147 29.2537 2.3731 -7.5643 29.0972 2.3443 -7.5655 29.0985 2.3507 -7.5899 29.1102 2.3363 -7.6408 29.1458 2.3223 -7.6526 29.1733 2.3819 -7.7196 29.262 2.3087 -7.6613 29.1417 2.2979 -7.6941 29.2048 2.3263 -7.6641 29.2015 2.4452 -7.6736 29.256 2.4277 -7.5455 29.367 2.1847 -7.5275 29.3711 2.1876 -7.404 29.3086 2.0942 -7.3921 29.3161 2.6151 -7.3802 29.3119 2.6001 -7.3896 29.3272 2.5987 -7.2968 29.3946 2.2197 -7.2383 29.3654 2.2341 -7.2162 29.3607 2.1728 -7.1044 29.0751 2.1431 -7.0652 29.1111 2.1905 -7.0617 29.0779 2.2198 -7.414 29.0346 2.1404 -7.3362 29.0143 2.109 -7.3349 29.0129 2.114 -7.4184 29.0351 2.1354 -7.1012 29.1043 2.2519 -7.135 29.1466 2.2782 -7.1252 29.1289 2.2717 -7.0981 29.1123 2.2491 -7.4782 29.0675 2.2862 -7.462 29.0455 2.2113 -7.4691 29.068 2.2839 -7.4547 29.0455 2.2137 -7.2598 29.0077 2.1055 -7.2594 29.0095 2.1007 -7.2481 29.0086 2.104 -7.139 29.1408 2.2787 -7.3393 29.2173 2.5731 -7.3244 29.2397 2.5188 -7.3223 29.2472 2.5204 -7.3499 29.2065 2.5755 -7.7246 29.2706 2.2445 -7.3146 29.1863 2.3671 -7.3306 29.1955 2.397 -7.3862 29.168 2.379 -7.2813 29.3238 2.3274 -7.2956 29.3101 2.3586 -7.2736 29.3012 2.3318 -7.228 29.3628 2.1631 -7.2922 29.3764 2.17 -7.306 29.395 2.2087 -7.5376 29.0877 2.2705 -7.5087 29.0836 2.1939 -7.6455 29.1524 2.2425 -7.6571 29.1359 2.2951 -7.625 29.1348 2.2373 -7.6899 29.2013 2.3302 -7.4353 29.1898 2.6494 -7.4412 29.1646 2.6473 -7.3965 29.1853 2.6359 -7.3461 29.2088 2.6327 -7.3958 29.2405 2.0542 -7.3759 29.2581 2.062 -7.3479 29.202 2.0414 -7.1735 29.3202 2.19 -7.173 29.2966 2.2082 -7.6831 29.3107 2.4104 -7.6883 29.3056 2.3857 -7.4452 29.1448 2.4298 -7.4011 29.1669 2.4334 -7.4172 29.1067 2.2749 -7.4846 29.0918 2.3597 -7.3438 29.1036 2.2146 -7.3418 29.1384 2.2528 -7.3669 29.1026 2.2143 -7.1708 29.239 2.2381 -7.2101 29.2659 2.2503 -7.3388 29.2348 2.5699 -7.3421 29.2516 2.5697 -7.3435 29.2089 2.6288 -7.2697 29.17 2.0566 -7.2926 29.1475 2.0562 -7.4047 29.0493 2.1568 -7.4093 29.1675 2.0535 -7.3915 29.1476 2.0631 -7.4157 29.2228 2.0463 -7.4238 29.1939 2.0455 -7.3516 29.2629 2.0657 -7.3273 29.2677 2.0693 -7.2573 29.2327 2.0582 -7.2999 29.2641 2.0639 -7.2501 29.2008 2.0584 -7.3429 29.1338 2.0598 -7.3136 29.1362 2.0553 -7.5893 29.1386 2.1785 -7.4757 29.0834 2.1188 -7.5504 29.1462 2.1221 -7.1248 29.246 2.1893 -7.1315 29.2123 2.2259 -7.089 29.2117 2.152 -7.0969 29.197 2.1736 -7.0691 29.1482 2.158 -7.2986 29.1771 2.3372 -7.263 29.1576 2.2815 -7.364 29.153 2.3158 -7.3921 29.067 2.1759 -7.4265 29.2576 2.6527 -7.4283 29.2208 2.6485 -7.471 29.2395 2.6331 -7.4689 29.2852 2.6282 -7.6015 29.3739 2.4751 -7.6207 29.3382 2.4718 -7.5903 29.3829 2.4376 -7.4201 29.2891 2.6438 -7.463 29.3299 2.6195 -7.442 29.3524 2.5852 -7.3729 29.3806 2.4842 -7.431 29.3569 2.5737 -7.4364 29.3884 2.4791 -7.6088 29.3705 2.359 -7.6709 29.303 2.3584 -7.6002 29.377 2.3991 -7.3271 29.2681 2.5192 -7.2949 29.2395 2.4722 -7.3013 29.2656 2.4611 -7.4108 29.1662 2.4681 -7.5717 29.1349 2.4767 -7.5092 29.1228 2.4806 -7.5131 29.1393 2.5983 -7.4689 29.1363 2.078 -7.4934 29.1889 2.071 -7.0974 29.1808 2.1339 -7.2054 29.1454 2.082 -7.1701 29.2004 2.0855 -7.1379 29.1101 2.1186 -7.3991 29.0771 2.0953 -7.3365 29.0699 2.0901 -7.4335 29.098 2.0968 -7.6661 29.2904 2.1523 -7.6357 29.3333 2.1661 -7.4429 29.2754 2.0791 -7.4818 29.2423 2.064 -7.5573 29.3769 2.2216 -7.4768 29.3914 2.247 -7.4608 29.3915 2.221 -7.5793 29.3703 2.2521 -7.4436 29.3802 2.1985 -7.7101 29.2776 2.2105 -7.6814 29.3244 2.2351 -7.3086 29.4029 2.2615 -7.2826 29.3771 2.2826 -7.109 29.2755 2.1462 -7.17 29.0189 2.1589 -7.1782 29.0363 2.1179 -7.4377 29.0746 2.2438 -7.6431 29.1442 2.3165 -7.6566 29.1374 2.3009 -7.4376 29.1288 2.3707 -7.4017 29.1373 2.3269 -7.1069 29.0937 2.2502 -7.0875 29.0432 2.2166 -7.6017 29.3677 2.3033 -7.5941 29.365 2.2459 -7.6761 29.3136 2.2967 -7.1956 29.0558 2.1043 -7.2798 29.074 2.0817 -7.2451 29.1017 2.0753 -7.169 29.2612 2.0876 -7.3746 29.1375 2.0623 -7.5879 29.1708 2.5246 -7.4378 29.1606 2.6418 -7.4698 29.1522 2.626 -7.4394 29.1639 2.5518 -7.3457 29.2011 2.4494 -7.3646 29.2056 2.4963 -7.5082 29.3974 2.4735 -7.5774 29.3882 2.4301 -7.5353 29.3882 2.4783 -7.3342 29.3013 2.5182 -7.3602 29.3727 2.4835 -7.5589 29.366 2.5216 -7.5475 29.3828 2.4876 -7.2173 29.1066 2.229 -7.2788 29.0379 2.1396 -7.1949 29.0643 2.1951 -7.2998 29.0712 2.1772 -7.3957 29.1823 2.5712 -7.3836 29.2015 2.5313 -7.5048 29.141 2.6048 -7.4998 29.1241 2.4813 -7.2669 29.3376 2.2962 -7.4933 29.3884 2.5267 -7.1735 29.0195 2.165 -7.0972 29.1672 2.202 -7.0975 29.1375 2.2305 -7.3125 29.3065 2.4417 -7.3472 29.2041 2.6274 -7.3207 29.1047 2.215 -7.6362 29.3014 2.4645 -7.4928 29.1086 2.4222 -7.494 29.0902 2.3615 -7.6856 29.2837 2.1829 -7.629 29.1725 2.1893 -7.662 29.3334 2.1989 -7.3258 29.3964 2.3098 -7.341 29.39 2.3493 -7.3157 29.386 2.3189 -7.0859 29.0489 2.2239 -7.0931 29.0428 2.2207 -7.5092 29.1446 2.6075 -7.5119 29.141 2.6043 -7.3569 29.3954 2.3534 -7.365 29.3878 2.4197 -7.3523 29.3801 2.4197 -7.5164 29.3583 2.5682 -7.5049 29.3829 2.5377 -7.6521 29.2516 2.4568 -7.5691 29.3221 2.5294 -7.5175 29.3064 2.5872 -7.5153 29.2534 2.6017 -7.5828 29.2237 2.5318 -7.5141 29.1964 2.6064 -7.5756 29.2771 2.5331 -7.5696 29.3718 2.2117 -7.595 29.3779 2.3588 -7.587 29.374 2.3037 -7.3238 29.4072 2.2586 -7.3401 29.4012 2.3053 -7.3936 29.1814 2.6297 -7.4729 29.1562 2.6303 -7.0675 29.0731 2.2253 -7.1151 29.09 2.2484 -7.1631 29.1576 2.2929 -7.1595 29.1632 2.2921 -7.2371 29.1995 2.3564 -7.2551 29.2164 2.3842 -7.2585 29.2105 2.3856 -7.2343 29.2054 2.356 -7.2982 29.2328 2.4733 -7.2759 29.2274 2.4125 -7.2792 29.2212 2.4138 -7.5015 29.1064 2.4209 -7.2632 29.2489 2.3616 -7.2836 29.2594 2.3915 -7.4041 29.3981 2.3049 -7.412 29.3968 2.356 -7.4754 29.3988 2.3568 -7.476 29.395 2.3019 -7.3824 29.3945 2.2171 -7.3679 29.3781 2.1841 -7.5685 29.1161 2.412 -7.4737 29.1951 2.6331 -7.4242 29.3925 2.4175 -7.5857 29.3826 2.3945 -7.4918 29.398 2.4151 -7.2402 29.132 2.2552 -7.1858 29.1807 2.3071 -7.1656 29.1905 2.2701 -7.1968 29.2092 2.2806 -7.2515 29.2924 2.3052 -7.2428 29.2384 2.3317 -7.1344 29.1718 2.2596 -7.188 29.1751 2.3076 -7.341 29.0393 2.1435 -7.3962 29.3995 2.2539 -7.3551 29.318 2.1014 -7.3459 29.069 2.1765 -7.3061 29.3275 2.1087 -7.252 29.3208 2.0983 -7.6085 29.1954 2.1386'/>
          </IndexedFaceSet>
        </Shape>
        <Shape DEF='rpisform'>
          <Appearance>
            <PhysicalMaterial baseColor='1 0.9765 0.8667' metallic='0' roughness='0.72'/>
          </Appearance>
          <IndexedFaceSet DEF='rpisform_Geo' coordIndex='0 1 2 -1 3 4 5 -1 3 6 4 -1 7 8 9 -1 10 11 12 -1 13 11 14 -1 15 11 16 -1 17 11 18 -1 19 11 20 -1 21 11 22 -1 23 11 24 -1 25 11 26 -1 27 28 29 -1 30 28 31 -1 32 28 33 -1 34 28 35 -1 36 28 37 -1 38 28 39 -1 40 28 41 -1 42 28 43 -1 44 28 45 -1 46 28 47 -1 48 28 49 -1 50 28 51 -1 52 28 53 -1 54 28 55 -1 56 28 57 -1 58 28 59 -1 60 28 61 -1 62 28 63 -1 1 64 2 -1 65 0 2 -1 66 67 68 -1 66 69 67 -1 70 71 72 -1 70 73 71 -1 63 28 27 -1 74 75 76 -1 74 77 75 -1 78 79 80 -1 81 82 83 -1 84 85 26 -1 86 87 25 -1 76 75 24 -1 88 89 23 -1 89 22 23 -1 89 90 22 -1 91 92 93 -1 93 8 91 -1 90 94 22 -1 95 96 21 -1 97 98 20 -1 99 100 19 -1 101 102 18 -1 103 104 17 -1 105 106 16 -1 107 108 15 -1 109 110 14 -1 111 112 13 -1 113 114 12 -1 115 116 117 -1 115 2 116 -1 118 119 10 -1 83 11 80 -1 120 5 121 -1 120 3 5 -1 8 7 122 -1 8 123 9 -1 61 28 62 -1 59 28 60 -1 57 28 58 -1 55 28 56 -1 53 28 54 -1 51 28 52 -1 49 28 50 -1 47 28 48 -1 45 28 46 -1 43 28 44 -1 41 28 42 -1 39 28 40 -1 37 28 38 -1 35 28 36 -1 33 28 34 -1 31 28 32 -1 29 28 30 -1 26 11 83 -1 24 11 25 -1 22 11 23 -1 20 11 21 -1 18 11 19 -1 16 11 17 -1 14 11 15 -1 12 11 13 -1 80 11 10 -1 0 124 1 -1 124 125 1 -1 115 65 2 -1 122 91 8 -1 126 124 127 -1 126 125 124 -1 128 129 130 -1 128 131 129 -1 132 131 128 -1 132 133 131 -1 134 135 136 -1 134 137 135 -1 138 139 140 -1 138 141 139 -1 142 143 144 -1 143 142 145 -1 71 146 147 -1 71 148 146 -1 149 150 73 -1 149 151 150 -1 152 153 154 -1 152 155 153 -1 156 157 158 -1 159 157 156 -1 160 161 162 -1 161 160 72 -1 70 163 164 -1 70 165 163 -1 120 166 167 -1 121 166 120 -1 162 168 169 -1 168 162 161 -1 170 171 172 -1 170 173 171 -1 173 174 175 -1 174 173 170 -1 176 177 178 -1 177 176 179 -1 180 181 182 -1 181 180 183 -1 184 115 185 -1 65 115 184 -1 170 134 174 -1 170 140 134 -1 179 132 177 -1 179 136 132 -1 186 130 183 -1 186 128 130 -1 181 124 184 -1 181 127 124 -1 187 188 189 -1 187 190 188 -1 191 192 193 -1 191 194 192 -1 195 196 197 -1 195 198 196 -1 199 200 201 -1 199 202 200 -1 203 204 205 -1 203 206 204 -1 207 8 208 -1 207 123 8 -1 7 156 122 -1 7 154 156 -1 153 120 159 -1 153 3 120 -1 149 121 5 -1 121 149 164 -1 161 143 168 -1 161 147 143 -1 209 138 172 -1 209 145 138 -1 210 119 211 -1 210 78 119 -1 212 213 214 -1 212 215 213 -1 216 217 218 -1 217 216 219 -1 220 221 222 -1 221 220 223 -1 224 225 226 -1 224 227 225 -1 228 229 230 -1 228 231 229 -1 232 190 187 -1 232 233 190 -1 234 235 236 -1 234 237 235 -1 63 238 239 -1 63 27 238 -1 211 118 240 -1 211 119 118 -1 214 241 242 -1 214 213 241 -1 217 243 244 -1 217 219 243 -1 221 245 246 -1 221 223 245 -1 247 226 248 -1 247 224 226 -1 116 230 249 -1 116 228 230 -1 250 187 64 -1 250 232 187 -1 251 236 252 -1 251 234 236 -1 62 239 253 -1 62 63 239 -1 240 114 254 -1 240 118 114 -1 242 255 256 -1 242 241 255 -1 244 257 258 -1 244 243 257 -1 246 259 260 -1 246 245 259 -1 261 248 262 -1 261 247 248 -1 117 249 263 -1 117 116 249 -1 264 64 1 -1 264 250 64 -1 265 252 266 -1 265 251 252 -1 61 253 267 -1 61 62 253 -1 254 113 268 -1 254 114 113 -1 256 269 270 -1 256 255 269 -1 258 271 272 -1 258 257 271 -1 260 273 274 -1 260 259 273 -1 261 275 276 -1 261 262 275 -1 277 263 278 -1 277 117 263 -1 279 1 125 -1 279 264 1 -1 280 266 281 -1 280 265 266 -1 60 267 282 -1 60 61 267 -1 268 112 283 -1 268 113 112 -1 270 284 285 -1 270 269 284 -1 272 286 287 -1 272 271 286 -1 274 288 289 -1 274 273 288 -1 276 290 291 -1 276 275 290 -1 292 277 278 -1 293 277 292 -1 294 125 126 -1 294 279 125 -1 295 281 296 -1 295 280 281 -1 59 282 297 -1 59 60 282 -1 283 111 298 -1 283 112 111 -1 285 299 300 -1 285 284 299 -1 287 301 302 -1 287 286 301 -1 289 303 304 -1 289 288 303 -1 305 291 290 -1 306 291 305 -1 307 293 292 -1 308 293 307 -1 309 126 129 -1 309 294 126 -1 310 296 311 -1 310 295 296 -1 58 297 312 -1 58 59 297 -1 298 110 313 -1 298 111 110 -1 300 314 315 -1 300 299 314 -1 302 316 317 -1 302 301 316 -1 304 318 319 -1 304 303 318 -1 320 306 305 -1 321 306 320 -1 322 308 307 -1 323 308 322 -1 324 129 131 -1 324 309 129 -1 325 311 326 -1 325 310 311 -1 57 312 327 -1 57 58 312 -1 109 313 110 -1 328 313 109 -1 315 329 330 -1 315 314 329 -1 317 331 332 -1 317 316 331 -1 333 319 318 -1 334 319 333 -1 335 321 320 -1 336 321 335 -1 337 323 322 -1 338 323 337 -1 339 131 133 -1 339 324 131 -1 340 326 341 -1 340 325 326 -1 56 327 342 -1 56 57 327 -1 328 108 343 -1 328 109 108 -1 330 344 345 -1 330 329 344 -1 332 346 347 -1 332 331 346 -1 348 334 333 -1 349 334 348 -1 350 336 335 -1 351 336 350 -1 352 338 337 -1 353 338 352 -1 354 133 135 -1 354 339 133 -1 355 341 356 -1 355 340 341 -1 55 342 357 -1 55 56 342 -1 343 107 358 -1 343 108 107 -1 345 359 360 -1 345 344 359 -1 347 361 362 -1 347 346 361 -1 349 363 364 -1 349 348 363 -1 365 351 350 -1 366 351 365 -1 367 353 352 -1 368 353 367 -1 137 354 135 -1 369 354 137 -1 370 355 356 -1 371 355 370 -1 372 55 357 -1 54 55 372 -1 107 373 358 -1 373 107 106 -1 360 374 375 -1 360 359 374 -1 362 376 377 -1 362 361 376 -1 364 378 379 -1 364 363 378 -1 366 380 381 -1 366 365 380 -1 382 368 367 -1 383 368 382 -1 139 369 137 -1 384 369 139 -1 385 371 370 -1 386 371 385 -1 387 54 372 -1 53 54 387 -1 106 388 373 -1 388 106 105 -1 375 389 390 -1 375 374 389 -1 377 391 392 -1 377 376 391 -1 393 379 378 -1 394 379 393 -1 395 381 380 -1 396 381 395 -1 397 383 382 -1 398 383 397 -1 141 384 139 -1 399 384 141 -1 400 386 385 -1 401 386 400 -1 402 53 387 -1 52 53 402 -1 105 403 388 -1 403 105 104 -1 390 404 405 -1 390 389 404 -1 392 406 407 -1 392 391 406 -1 408 394 393 -1 409 394 408 -1 410 396 395 -1 411 396 410 -1 412 398 397 -1 413 398 412 -1 142 399 141 -1 414 399 142 -1 415 401 400 -1 416 401 415 -1 417 52 402 -1 51 52 417 -1 104 418 403 -1 418 104 103 -1 404 419 405 -1 419 404 420 -1 407 421 422 -1 407 406 421 -1 409 423 424 -1 409 408 423 -1 411 425 426 -1 411 410 425 -1 427 413 412 -1 428 413 427 -1 144 414 142 -1 429 414 144 -1 430 416 415 -1 431 416 430 -1 432 51 417 -1 50 51 432 -1 103 433 418 -1 433 103 102 -1 420 434 419 -1 434 420 435 -1 421 436 422 -1 436 421 437 -1 424 438 439 -1 424 423 438 -1 426 440 441 -1 426 425 440 -1 442 428 427 -1 443 428 442 -1 146 429 144 -1 444 429 146 -1 445 431 430 -1 446 431 445 -1 447 50 432 -1 49 50 447 -1 102 448 433 -1 448 102 101 -1 435 449 434 -1 449 435 450 -1 437 451 436 -1 451 437 452 -1 439 453 454 -1 439 438 453 -1 441 455 456 -1 441 440 455 -1 457 443 442 -1 458 443 457 -1 148 444 146 -1 459 444 148 -1 460 446 445 -1 461 446 460 -1 462 49 447 -1 48 49 462 -1 101 463 448 -1 463 101 100 -1 450 464 449 -1 464 450 465 -1 452 466 451 -1 466 452 467 -1 454 468 469 -1 454 453 468 -1 456 470 471 -1 456 455 470 -1 472 458 457 -1 473 458 472 -1 150 459 148 -1 474 459 150 -1 475 461 460 -1 476 461 475 -1 477 48 462 -1 47 48 477 -1 100 478 463 -1 478 100 99 -1 465 479 464 -1 479 465 480 -1 467 481 466 -1 481 467 482 -1 469 483 484 -1 469 468 483 -1 471 485 486 -1 471 470 485 -1 487 473 472 -1 488 473 487 -1 151 474 150 -1 489 474 151 -1 490 476 475 -1 491 476 490 -1 492 47 477 -1 46 47 492 -1 99 493 478 -1 493 99 98 -1 480 494 479 -1 494 480 495 -1 482 496 481 -1 496 482 497 -1 484 498 499 -1 484 483 498 -1 500 486 485 -1 501 486 500 -1 502 488 487 -1 503 488 502 -1 504 151 4 -1 504 489 151 -1 505 490 506 -1 505 491 490 -1 45 492 507 -1 45 46 492 -1 493 97 508 -1 493 98 97 -1 494 509 510 -1 494 495 509 -1 496 511 512 -1 496 497 511 -1 499 513 514 -1 499 498 513 -1 500 515 501 -1 515 500 516 -1 517 502 518 -1 517 503 502 -1 519 4 6 -1 519 504 4 -1 520 506 521 -1 520 505 506 -1 44 507 522 -1 44 45 507 -1 508 96 523 -1 508 97 96 -1 510 524 525 -1 510 509 524 -1 512 526 527 -1 512 511 526 -1 513 528 514 -1 528 513 529 -1 516 530 515 -1 530 516 531 -1 532 518 533 -1 532 517 518 -1 534 6 155 -1 534 519 6 -1 535 521 536 -1 535 520 521 -1 43 522 537 -1 43 44 522 -1 523 95 538 -1 523 96 95 -1 525 539 540 -1 525 524 539 -1 527 541 542 -1 527 526 541 -1 529 543 528 -1 543 529 544 -1 531 545 530 -1 545 531 546 -1 547 533 548 -1 547 532 533 -1 549 155 152 -1 549 534 155 -1 550 536 551 -1 550 535 536 -1 42 537 552 -1 42 43 537 -1 538 94 553 -1 538 95 94 -1 540 554 555 -1 540 539 554 -1 542 556 557 -1 542 541 556 -1 544 558 543 -1 558 544 559 -1 546 560 545 -1 560 546 561 -1 92 548 562 -1 92 547 548 -1 563 152 9 -1 563 549 152 -1 564 551 565 -1 564 550 551 -1 41 552 566 -1 41 42 552 -1 553 90 567 -1 553 94 90 -1 555 568 569 -1 555 554 568 -1 570 556 571 -1 570 557 556 -1 559 572 558 -1 572 559 573 -1 561 574 560 -1 574 561 575 -1 93 562 576 -1 93 92 562 -1 577 9 123 -1 577 563 9 -1 578 565 579 -1 578 564 565 -1 40 566 580 -1 40 41 566 -1 567 89 581 -1 567 90 89 -1 569 582 583 -1 569 568 582 -1 571 584 570 -1 584 571 585 -1 586 573 587 -1 586 572 573 -1 575 588 574 -1 588 575 589 -1 590 576 591 -1 590 93 576 -1 592 123 207 -1 592 577 123 -1 593 579 594 -1 593 578 579 -1 39 580 595 -1 39 40 580 -1 581 88 596 -1 581 89 88 -1 582 597 583 -1 597 582 598 -1 585 599 584 -1 599 585 600 -1 601 587 602 -1 601 586 587 -1 603 589 604 -1 603 588 589 -1 591 605 590 -1 605 591 606 -1 607 207 206 -1 607 592 207 -1 608 594 609 -1 608 593 594 -1 38 595 610 -1 38 39 595 -1 596 75 77 -1 596 88 75 -1 598 611 597 -1 611 598 612 -1 600 613 599 -1 613 600 614 -1 615 602 616 -1 615 601 602 -1 617 604 618 -1 617 603 604 -1 619 606 620 -1 619 605 606 -1 621 206 203 -1 621 607 206 -1 622 609 623 -1 622 608 609 -1 37 610 624 -1 37 38 610 -1 612 625 611 -1 625 612 626 -1 614 627 613 -1 627 614 628 -1 616 629 615 -1 629 616 630 -1 631 618 632 -1 631 617 618 -1 633 620 634 -1 633 619 620 -1 635 203 202 -1 635 621 203 -1 636 622 623 -1 637 622 636 -1 638 37 624 -1 36 37 638 -1 639 76 87 -1 639 74 76 -1 626 640 625 -1 640 626 641 -1 628 642 627 -1 642 628 643 -1 644 630 645 -1 644 629 630 -1 646 632 647 -1 646 631 632 -1 648 634 649 -1 648 633 634 -1 199 635 202 -1 650 635 199 -1 651 637 636 -1 652 637 651 -1 653 36 638 -1 35 36 653 -1 654 87 86 -1 654 639 87 -1 641 655 640 -1 655 641 656 -1 643 657 642 -1 657 643 658 -1 645 659 644 -1 659 645 660 -1 647 661 646 -1 661 647 662 -1 663 649 664 -1 663 648 649 -1 196 650 199 -1 665 650 196 -1 666 652 651 -1 667 652 666 -1 668 35 653 -1 34 35 668 -1 86 669 654 -1 669 86 85 -1 656 670 655 -1 670 656 671 -1 658 672 657 -1 672 658 673 -1 660 674 659 -1 674 660 675 -1 662 676 661 -1 676 662 677 -1 664 678 663 -1 678 664 679 -1 198 665 196 -1 680 665 198 -1 681 667 666 -1 682 667 681 -1 683 34 668 -1 33 34 683 -1 85 684 669 -1 684 85 84 -1 685 671 686 -1 685 670 671 -1 673 687 672 -1 687 673 688 -1 675 689 674 -1 689 675 690 -1 677 691 676 -1 691 677 692 -1 679 693 678 -1 693 679 694 -1 67 680 198 -1 695 680 67 -1 696 682 681 -1 697 682 696 -1 698 33 683 -1 32 33 698 -1 84 699 684 -1 699 84 82 -1 686 700 685 -1 700 686 701 -1 688 702 687 -1 702 688 703 -1 690 704 689 -1 704 690 705 -1 706 692 707 -1 706 691 692 -1 708 694 709 -1 708 693 694 -1 69 695 67 -1 710 695 69 -1 711 697 696 -1 712 697 711 -1 713 32 698 -1 31 32 713 -1 82 714 699 -1 714 82 81 -1 701 715 700 -1 715 701 716 -1 703 717 702 -1 717 703 718 -1 705 719 704 -1 719 705 720 -1 721 707 722 -1 721 706 707 -1 723 708 709 -1 724 708 723 -1 194 710 69 -1 725 710 194 -1 726 712 711 -1 727 712 726 -1 728 31 713 -1 30 31 728 -1 81 729 714 -1 729 81 79 -1 716 730 715 -1 730 716 731 -1 718 732 717 -1 732 718 733 -1 720 734 719 -1 734 720 735 -1 736 722 737 -1 736 721 722 -1 738 723 739 -1 738 724 723 -1 191 725 194 -1 740 725 191 -1 741 727 726 -1 742 727 741 -1 743 30 728 -1 29 30 743 -1 79 210 729 -1 210 79 78 -1 731 212 730 -1 212 731 215 -1 733 218 732 -1 218 733 216 -1 735 222 734 -1 222 735 220 -1 227 737 225 -1 227 736 737 -1 231 739 229 -1 231 738 739 -1 190 740 191 -1 233 740 190 -1 235 742 741 -1 237 742 235 -1 238 29 743 -1 27 29 238 -1 237 743 742 -1 238 743 237 -1 233 741 740 -1 235 741 233 -1 231 193 738 -1 188 193 231 -1 229 736 227 -1 229 739 736 -1 225 734 222 -1 225 737 734 -1 732 220 735 -1 220 732 218 -1 730 216 733 -1 216 730 212 -1 729 215 731 -1 215 729 210 -1 742 728 727 -1 743 728 742 -1 740 726 725 -1 741 726 740 -1 738 192 724 -1 193 192 738 -1 739 721 736 -1 739 723 721 -1 737 719 734 -1 737 722 719 -1 717 735 720 -1 735 717 732 -1 715 733 718 -1 733 715 730 -1 714 731 716 -1 731 714 729 -1 83 79 81 -1 79 83 80 -1 727 713 712 -1 728 713 727 -1 725 711 710 -1 726 711 725 -1 724 66 708 -1 192 66 724 -1 723 706 721 -1 723 709 706 -1 722 704 719 -1 722 707 704 -1 702 720 705 -1 720 702 717 -1 700 718 703 -1 718 700 715 -1 699 716 701 -1 716 699 714 -1 712 698 697 -1 713 698 712 -1 710 696 695 -1 711 696 710 -1 708 68 693 -1 66 68 708 -1 709 691 706 -1 709 694 691 -1 689 707 692 -1 707 689 704 -1 687 705 690 -1 705 687 702 -1 685 703 688 -1 703 685 700 -1 684 701 686 -1 701 684 699 -1 26 82 84 -1 82 26 83 -1 697 683 682 -1 698 683 697 -1 695 681 680 -1 696 681 695 -1 693 195 678 -1 68 195 693 -1 676 694 679 -1 694 676 691 -1 674 692 677 -1 692 674 689 -1 672 690 675 -1 690 672 687 -1 670 688 673 -1 688 670 685 -1 669 686 671 -1 686 669 684 -1 682 668 667 -1 683 668 682 -1 680 666 665 -1 681 666 680 -1 195 663 678 -1 195 197 663 -1 661 679 664 -1 679 661 676 -1 659 677 662 -1 677 659 674 -1 657 675 660 -1 675 657 672 -1 655 673 658 -1 673 655 670 -1 654 671 656 -1 671 654 669 -1 25 85 86 -1 85 25 26 -1 667 653 652 -1 668 653 667 -1 665 651 650 -1 666 651 665 -1 197 648 663 -1 197 201 648 -1 646 664 649 -1 664 646 661 -1 644 662 647 -1 662 644 659 -1 642 660 645 -1 660 642 657 -1 640 658 643 -1 658 640 655 -1 639 656 641 -1 656 639 654 -1 652 638 637 -1 653 638 652 -1 650 636 635 -1 651 636 650 -1 201 633 648 -1 201 200 633 -1 649 631 646 -1 649 634 631 -1 647 629 644 -1 647 632 629 -1 645 627 642 -1 645 630 627 -1 625 643 628 -1 643 625 640 -1 74 641 626 -1 641 74 639 -1 87 24 25 -1 87 76 24 -1 637 624 622 -1 638 624 637 -1 636 621 635 -1 636 623 621 -1 200 619 633 -1 200 205 619 -1 617 634 620 -1 634 617 631 -1 632 615 629 -1 632 618 615 -1 613 630 616 -1 630 613 627 -1 611 628 614 -1 628 611 625 -1 77 626 612 -1 626 77 74 -1 624 608 622 -1 624 610 608 -1 623 607 621 -1 623 609 607 -1 205 605 619 -1 205 204 605 -1 620 603 617 -1 620 606 603 -1 618 601 615 -1 618 604 601 -1 599 616 602 -1 616 599 613 -1 597 614 600 -1 614 597 611 -1 598 77 612 -1 598 596 77 -1 88 24 75 -1 88 23 24 -1 610 593 608 -1 610 595 593 -1 609 592 607 -1 609 594 592 -1 590 204 208 -1 204 590 605 -1 606 588 603 -1 606 591 588 -1 604 586 601 -1 604 589 586 -1 584 602 587 -1 602 584 599 -1 583 600 585 -1 600 583 597 -1 582 596 598 -1 582 581 596 -1 595 578 593 -1 595 580 578 -1 594 577 592 -1 594 579 577 -1 93 208 8 -1 208 93 590 -1 591 574 588 -1 591 576 574 -1 589 572 586 -1 589 575 572 -1 587 570 584 -1 587 573 570 -1 569 585 571 -1 585 569 583 -1 568 581 582 -1 568 567 581 -1 580 564 578 -1 580 566 564 -1 579 563 577 -1 579 565 563 -1 576 560 574 -1 576 562 560 -1 558 575 561 -1 575 558 572 -1 573 557 570 -1 573 559 557 -1 556 569 571 -1 556 555 569 -1 554 567 568 -1 554 553 567 -1 566 550 564 -1 566 552 550 -1 565 549 563 -1 565 551 549 -1 91 547 92 -1 91 158 547 -1 562 545 560 -1 562 548 545 -1 543 561 546 -1 561 543 558 -1 544 557 559 -1 544 542 557 -1 541 555 556 -1 541 540 555 -1 539 553 554 -1 539 538 553 -1 95 22 94 -1 95 21 22 -1 552 535 550 -1 552 537 535 -1 551 534 549 -1 551 536 534 -1 158 532 547 -1 158 157 532 -1 548 530 545 -1 548 533 530 -1 528 546 531 -1 546 528 543 -1 529 542 544 -1 529 527 542 -1 526 540 541 -1 526 525 540 -1 524 538 539 -1 524 523 538 -1 537 520 535 -1 537 522 520 -1 536 519 534 -1 536 521 519 -1 157 517 532 -1 157 167 517 -1 533 515 530 -1 533 518 515 -1 514 531 516 -1 531 514 528 -1 513 527 529 -1 513 512 527 -1 511 525 526 -1 511 510 525 -1 509 523 524 -1 509 508 523 -1 97 21 96 -1 97 20 21 -1 522 505 520 -1 522 507 505 -1 521 504 519 -1 521 506 504 -1 167 503 517 -1 167 166 503 -1 518 501 515 -1 518 502 501 -1 499 516 500 -1 516 499 514 -1 498 512 513 -1 498 496 512 -1 494 511 497 -1 511 494 510 -1 495 508 509 -1 495 493 508 -1 507 491 505 -1 507 492 491 -1 506 489 504 -1 506 490 489 -1 503 163 488 -1 166 163 503 -1 501 487 486 -1 502 487 501 -1 485 499 500 -1 485 484 499 -1 481 498 483 -1 498 481 496 -1 479 497 482 -1 497 479 494 -1 478 495 480 -1 495 478 493 -1 99 20 98 -1 99 19 20 -1 491 477 476 -1 492 477 491 -1 489 475 474 -1 490 475 489 -1 488 165 473 -1 163 165 488 -1 486 472 471 -1 487 472 486 -1 470 484 485 -1 470 469 484 -1 466 483 468 -1 483 466 481 -1 464 482 467 -1 482 464 479 -1 463 480 465 -1 480 463 478 -1 476 462 461 -1 477 462 476 -1 474 460 459 -1 475 460 474 -1 473 160 458 -1 165 160 473 -1 471 457 456 -1 472 457 471 -1 455 469 470 -1 455 454 469 -1 451 468 453 -1 468 451 466 -1 449 467 452 -1 467 449 464 -1 448 465 450 -1 465 448 463 -1 18 100 101 -1 100 18 19 -1 461 447 446 -1 462 447 461 -1 459 445 444 -1 460 445 459 -1 458 162 443 -1 160 162 458 -1 456 442 441 -1 457 442 456 -1 440 454 455 -1 440 439 454 -1 436 453 438 -1 453 436 451 -1 434 452 437 -1 452 434 449 -1 433 450 435 -1 450 433 448 -1 446 432 431 -1 447 432 446 -1 444 430 429 -1 445 430 444 -1 443 169 428 -1 162 169 443 -1 441 427 426 -1 442 427 441 -1 425 439 440 -1 425 424 439 -1 423 436 438 -1 423 422 436 -1 419 437 421 -1 437 419 434 -1 418 435 420 -1 435 418 433 -1 17 102 103 -1 102 17 18 -1 431 417 416 -1 432 417 431 -1 429 415 414 -1 430 415 429 -1 744 428 169 -1 744 413 428 -1 426 412 411 -1 427 412 426 -1 424 410 409 -1 425 410 424 -1 408 422 423 -1 408 407 422 -1 406 419 421 -1 406 405 419 -1 403 420 404 -1 420 403 418 -1 416 402 401 -1 417 402 416 -1 414 400 399 -1 415 400 414 -1 413 171 398 -1 744 171 413 -1 411 397 396 -1 412 397 411 -1 409 395 394 -1 410 395 409 -1 393 407 408 -1 393 392 407 -1 391 405 406 -1 391 390 405 -1 388 404 389 -1 404 388 403 -1 16 104 105 -1 104 16 17 -1 401 387 386 -1 402 387 401 -1 399 385 384 -1 400 385 399 -1 398 173 383 -1 171 173 398 -1 396 382 381 -1 397 382 396 -1 394 380 379 -1 395 380 394 -1 378 392 393 -1 378 377 392 -1 376 390 391 -1 376 375 390 -1 373 389 374 -1 389 373 388 -1 386 372 371 -1 387 372 386 -1 384 370 369 -1 385 370 384 -1 383 175 368 -1 173 175 383 -1 367 381 382 -1 367 366 381 -1 365 379 380 -1 365 364 379 -1 363 377 378 -1 363 362 377 -1 361 375 376 -1 361 360 375 -1 359 373 374 -1 359 358 373 -1 15 106 107 -1 106 15 16 -1 371 357 355 -1 372 357 371 -1 369 356 354 -1 370 356 369 -1 368 176 353 -1 175 176 368 -1 366 352 351 -1 367 352 366 -1 350 364 365 -1 350 349 364 -1 348 362 363 -1 348 347 362 -1 346 360 361 -1 346 345 360 -1 344 358 359 -1 344 343 358 -1 357 340 355 -1 357 342 340 -1 356 339 354 -1 356 341 339 -1 353 178 338 -1 176 178 353 -1 351 337 336 -1 352 337 351 -1 349 335 334 -1 350 335 349 -1 333 347 348 -1 333 332 347 -1 331 345 346 -1 331 330 345 -1 329 343 344 -1 329 328 343 -1 15 109 14 -1 108 109 15 -1 342 325 340 -1 342 327 325 -1 341 324 339 -1 341 326 324 -1 338 745 323 -1 178 745 338 -1 336 322 321 -1 337 322 336 -1 334 320 319 -1 335 320 334 -1 332 318 317 -1 333 318 332 -1 316 330 331 -1 316 315 330 -1 314 328 329 -1 314 313 328 -1 327 310 325 -1 327 312 310 -1 326 309 324 -1 326 311 309 -1 745 308 323 -1 745 180 308 -1 321 307 306 -1 322 307 321 -1 319 305 304 -1 320 305 319 -1 303 317 318 -1 303 302 317 -1 301 315 316 -1 301 300 315 -1 299 313 314 -1 299 298 313 -1 14 111 13 -1 110 111 14 -1 312 295 310 -1 312 297 295 -1 311 294 309 -1 311 296 294 -1 180 293 308 -1 180 182 293 -1 306 292 291 -1 307 292 306 -1 290 304 305 -1 290 289 304 -1 288 302 303 -1 288 287 302 -1 286 300 301 -1 286 285 300 -1 284 298 299 -1 284 283 298 -1 297 280 295 -1 297 282 280 -1 296 279 294 -1 296 281 279 -1 182 277 293 -1 182 185 277 -1 291 278 276 -1 292 278 291 -1 275 289 290 -1 275 274 289 -1 273 287 288 -1 273 272 287 -1 271 285 286 -1 271 270 285 -1 269 283 284 -1 269 268 283 -1 113 13 112 -1 113 12 13 -1 282 265 280 -1 282 267 265 -1 281 264 279 -1 281 266 264 -1 185 117 277 -1 185 115 117 -1 276 263 261 -1 278 263 276 -1 262 274 275 -1 262 260 274 -1 259 272 273 -1 259 258 272 -1 257 270 271 -1 257 256 270 -1 255 268 269 -1 255 254 268 -1 267 251 265 -1 267 253 251 -1 266 250 264 -1 266 252 250 -1 263 247 261 -1 263 249 247 -1 248 260 262 -1 248 246 260 -1 245 258 259 -1 245 244 258 -1 243 256 257 -1 243 242 256 -1 241 254 255 -1 241 240 254 -1 118 12 114 -1 118 10 12 -1 253 234 251 -1 253 239 234 -1 252 232 250 -1 252 236 232 -1 2 228 116 -1 2 189 228 -1 249 224 247 -1 249 230 224 -1 221 248 226 -1 248 221 246 -1 223 244 245 -1 223 217 244 -1 219 242 243 -1 219 214 242 -1 213 240 241 -1 213 211 240 -1 239 237 234 -1 239 238 237 -1 236 233 232 -1 236 235 233 -1 189 231 228 -1 189 188 231 -1 230 227 224 -1 230 229 227 -1 226 222 221 -1 226 225 222 -1 218 223 220 -1 223 218 217 -1 216 214 219 -1 216 212 214 -1 215 211 213 -1 215 210 211 -1 78 10 119 -1 78 80 10 -1 168 145 209 -1 168 143 145 -1 72 147 161 -1 72 71 147 -1 164 73 70 -1 164 149 73 -1 154 159 156 -1 154 153 159 -1 206 208 204 -1 206 207 208 -1 202 205 200 -1 202 203 205 -1 197 199 201 -1 197 196 199 -1 68 198 195 -1 68 67 198 -1 194 66 192 -1 194 69 66 -1 190 193 188 -1 190 191 193 -1 64 189 2 -1 64 187 189 -1 184 0 65 -1 184 124 0 -1 183 127 181 -1 183 130 127 -1 177 128 186 -1 177 132 128 -1 174 136 179 -1 174 134 136 -1 172 140 170 -1 172 138 140 -1 182 184 185 -1 184 182 181 -1 178 186 745 -1 186 178 177 -1 175 179 176 -1 179 175 174 -1 744 172 171 -1 172 744 209 -1 169 209 744 -1 209 169 168 -1 167 159 120 -1 167 157 159 -1 166 164 163 -1 164 166 121 -1 165 72 160 -1 72 165 70 -1 122 158 91 -1 156 158 122 -1 9 154 7 -1 9 152 154 -1 155 3 153 -1 155 6 3 -1 4 149 5 -1 4 151 149 -1 73 148 71 -1 73 150 148 -1 147 144 143 -1 147 146 144 -1 145 141 138 -1 145 142 141 -1 140 137 134 -1 140 139 137 -1 136 133 132 -1 136 135 133 -1 745 183 180 -1 183 745 186 -1 129 127 130 -1 129 126 127 -1' creaseAngle='1.571'>
            <Coordinate DEF='rpisform_Coord' point='-7.3251 28.7204 2.0641 -7.327 28.7207 2.0646 -7.3308 28.7049 2.0702 -7.4559 28.7393 1.9299 -7.4451 28.7542 1.9297 -7.4447 28.7536 1.9276 -7.4558 28.7399 1.9322 -7.4774 28.6948 1.945 -7.4827 28.6789 1.951 -7.477 28.696 1.947 -7.258 28.6061 1.8861 -7.2619 28.6066 1.8753 -7.2559 28.6091 1.8846 -7.2545 28.6118 1.8821 -7.2541 28.6138 1.8788 -7.2547 28.6151 1.8751 -7.2561 28.6152 1.8715 -7.2582 28.6143 1.8683 -7.2608 28.6125 1.866 -7.2634 28.61 1.8649 -7.2659 28.6072 1.8649 -7.2679 28.6042 1.8662 -7.2692 28.6015 1.8685 -7.2696 28.5993 1.8716 -7.2691 28.598 1.8753 -7.2677 28.5978 1.879 -7.2657 28.5987 1.8823 -7.3899 28.7173 2.0076 -7.3949 28.7227 1.999 -7.3914 28.7161 2.0075 -7.3929 28.7151 2.007 -7.3946 28.7142 2.0063 -7.3962 28.7137 2.0054 -7.3978 28.7134 2.0043 -7.3993 28.7134 2.003 -7.4007 28.7137 2.0017 -7.4019 28.7143 2.0002 -7.4029 28.7151 1.9988 -7.4036 28.7161 1.9973 -7.4041 28.7173 1.996 -7.4042 28.7187 1.9947 -7.4041 28.7202 1.9935 -7.4037 28.7218 1.9926 -7.4031 28.7234 1.9918 -7.4022 28.725 1.9912 -7.401 28.7265 1.9909 -7.3997 28.7279 1.9907 -7.3983 28.7292 1.9909 -7.3967 28.7302 1.9912 -7.3951 28.7311 1.9918 -7.3935 28.7316 1.9926 -7.3919 28.7319 1.9936 -7.3905 28.7319 1.9948 -7.3891 28.7316 1.9961 -7.3879 28.7311 1.9976 -7.3869 28.7303 1.999 -7.3862 28.7292 2.0005 -7.3857 28.728 2.002 -7.3855 28.7266 2.0034 -7.3856 28.7251 2.0046 -7.386 28.7235 2.0057 -7.3866 28.7219 2.0065 -7.3875 28.7203 2.0071 -7.3886 28.7187 2.0075 -7.3351 28.7075 2.0695 -7.3237 28.7193 2.0631 -7.3941 28.6456 2.0676 -7.4114 28.6419 2.0601 -7.4098 28.637 2.062 -7.397 28.6495 2.0668 -7.4177 28.7777 1.9238 -7.4051 28.7891 1.9265 -7.404 28.7883 1.9249 -7.4191 28.779 1.9253 -7.3029 28.561 1.8857 -7.2863 28.5812 1.8742 -7.2847 28.5794 1.8798 -7.3063 28.565 1.8772 -7.2573 28.5997 1.9103 -7.2615 28.5954 1.9094 -7.2606 28.6032 1.8862 -7.2656 28.5911 1.9075 -7.2696 28.5872 1.9045 -7.2633 28.6006 1.8848 -7.2733 28.5837 1.9007 -7.2767 28.5811 1.896 -7.2798 28.5794 1.8909 -7.2825 28.5788 1.8854 -7.2873 28.5839 1.869 -7.2877 28.5874 1.8642 -7.2874 28.5915 1.8601 -7.4765 28.6922 1.9413 -7.4781 28.6843 1.9318 -7.4809 28.6692 1.9417 -7.2863 28.5959 1.8566 -7.2846 28.6005 1.8537 -7.2823 28.6049 1.8514 -7.2793 28.6094 1.8498 -7.2759 28.6138 1.849 -7.2723 28.6182 1.849 -7.2685 28.6224 1.8499 -7.2647 28.6263 1.8515 -7.2608 28.6296 1.854 -7.257 28.6324 1.8571 -7.2533 28.6345 1.861 -7.2499 28.6358 1.8653 -7.2468 28.6362 1.8702 -7.2442 28.6358 1.8754 -7.2421 28.6345 1.8807 -7.2408 28.6323 1.8861 -7.2402 28.6295 1.8913 -7.2405 28.626 1.896 -7.2416 28.622 1.9003 -7.2435 28.6176 1.9038 -7.2461 28.6131 1.9067 -7.3214 28.7182 2.0626 -7.3209 28.6992 2.0678 -7.3107 28.7141 2.063 -7.2494 28.6085 1.9088 -7.2531 28.604 1.91 -7.4551 28.7384 1.9282 -7.4433 28.7524 1.9262 -7.4767 28.6938 1.9434 -7.4802 28.6816 1.9552 -7.3178 28.7344 2.0575 -7.32 28.7351 2.0575 -7.3147 28.7492 2.049 -7.3125 28.7487 2.0489 -7.3091 28.7749 2.0275 -7.3117 28.7626 2.0392 -7.3095 28.7624 2.0389 -7.3113 28.7749 2.028 -7.3117 28.7858 2.0145 -7.3139 28.7856 2.0152 -7.3259 28.8017 1.9845 -7.3194 28.7945 2.0008 -7.3174 28.7948 1.9999 -7.3278 28.8014 1.9857 -7.3488 28.8082 1.9557 -7.3382 28.8058 1.9709 -7.3364 28.8062 1.9696 -7.3504 28.8078 1.9572 -7.3638 28.8068 1.946 -7.3765 28.8034 1.9358 -7.3777 28.803 1.9377 -7.3624 28.8072 1.9442 -7.3916 28.7971 1.9322 -7.3908 28.7972 1.93 -7.4057 28.7891 1.9287 -7.4324 28.7671 1.9258 -7.4198 28.7792 1.9273 -7.433 28.7674 1.9279 -7.4722 28.7101 1.9405 -7.4652 28.7243 1.9334 -7.4725 28.7093 1.9382 -7.4651 28.7249 1.9357 -7.4718 28.7083 1.9367 -7.4638 28.7224 1.9294 -7.4713 28.7072 1.9344 -7.4645 28.7234 1.9317 -7.4029 28.7876 1.9226 -7.3896 28.7964 1.9284 -7.3884 28.7959 1.9262 -7.43 28.7651 1.9222 -7.431 28.7659 1.9243 -7.4167 28.7769 1.9217 -7.4424 28.7514 1.9241 -7.4545 28.7374 1.9259 -7.3753 28.8026 1.9343 -7.3739 28.8023 1.9321 -7.3351 28.8055 1.9683 -7.3457 28.8074 1.9525 -7.3475 28.8075 1.9543 -7.3331 28.8054 1.9666 -7.3245 28.801 1.9833 -7.3224 28.8008 1.9819 -7.3138 28.7938 1.9975 -7.3103 28.7849 2.0134 -7.308 28.7846 2.0123 -7.316 28.794 1.9988 -7.3057 28.7608 2.0371 -7.3111 28.7477 2.0479 -7.3088 28.7469 2.0472 -7.3081 28.7615 2.0379 -7.3163 28.7334 2.0565 -7.3141 28.7324 2.0559 -7.3077 28.774 2.0264 -7.3456 28.6945 2.0725 -7.3533 28.6786 2.0747 -7.3415 28.6915 2.0732 -7.3571 28.682 2.074 -7.3696 28.67 2.0737 -7.38 28.6551 2.0722 -7.3662 28.6664 2.0745 -7.383 28.6591 2.0715 -7.4259 28.6309 2.0536 -7.4433 28.6327 2.0421 -7.443 28.6273 2.0433 -7.427 28.6361 2.052 -7.4588 28.6326 2.0298 -7.4725 28.6313 2.0145 -7.4595 28.6272 2.0302 -7.4708 28.6363 2.0155 -7.4778 28.6439 1.9995 -7.4833 28.6513 1.9795 -7.4802 28.6396 1.9971 -7.4807 28.655 1.9829 -7.4811 28.668 1.9675 -7.4837 28.6648 1.9636 -7.3612 28.8065 1.9428 -7.2539 28.595 1.9324 -7.247 28.6021 1.932 -7.2547 28.5931 1.9752 -7.2433 28.6017 1.954 -7.2431 28.6043 1.975 -7.2527 28.5923 1.9546 -7.2599 28.5975 1.9935 -7.2542 28.6188 2.009 -7.2683 28.6052 2.0088 -7.2467 28.6101 1.9937 -7.2796 28.6153 2.0214 -7.278 28.6415 2.0322 -7.2929 28.6268 2.0325 -7.265 28.6296 2.0214 -7.3067 28.6653 2.054 -7.3071 28.6387 2.0435 -7.2922 28.6536 2.0427 -7.3211 28.6505 2.0551 -7.3326 28.685 2.0708 -7.3345 28.6617 2.0663 -7.3207 28.6762 2.0649 -7.3455 28.6712 2.0723 -7.3541 28.6998 2.0648 -7.3641 28.6889 2.0661 -7.369 28.7076 2.0388 -7.3698 28.695 2.054 -7.3617 28.704 2.0529 -7.375 28.7009 2.0395 -7.3813 28.7079 2.0242 -7.3776 28.7121 2.0238 -7.2408 28.6095 1.9301 -7.2345 28.6118 1.9515 -7.2321 28.6163 1.9726 -7.234 28.6235 1.9916 -7.2407 28.6331 2.0071 -7.2512 28.6444 2.0197 -7.2642 28.6566 2.0306 -7.2932 28.6804 2.0519 -7.2783 28.6688 2.041 -7.308 28.6911 2.0623 -7.3452 28.7112 2.062 -7.3637 28.7145 2.037 -7.3545 28.7133 2.0506 -7.3743 28.7165 2.0227 -7.2353 28.6172 1.9269 -7.2269 28.6223 1.9471 -7.2223 28.6291 1.9676 -7.2225 28.6377 1.9867 -7.2281 28.6481 2.0027 -7.2383 28.6599 2.0158 -7.2514 28.6723 2.027 -7.2812 28.6962 2.048 -7.266 28.6846 2.0375 -7.2967 28.7066 2.0579 -7.3374 28.7229 2.0578 -7.3591 28.7218 2.0343 -7.3483 28.7229 2.047 -7.3715 28.721 2.0209 -7.231 28.625 1.9225 -7.2206 28.6329 1.9411 -7.2143 28.6423 1.9601 -7.213 28.6527 1.9787 -7.2174 28.6641 1.9951 -7.227 28.6764 2.0089 -7.2403 28.689 2.0206 -7.2556 28.7013 2.0313 -7.2714 28.7128 2.0416 -7.3024 28.7295 2.0561 -7.2876 28.7229 2.0511 -7.3312 28.7349 2.0519 -7.3556 28.7291 2.0306 -7.3433 28.7327 2.0421 -7.3695 28.7257 2.0185 -7.2281 28.6325 1.9171 -7.2163 28.6433 1.9336 -7.2086 28.6551 1.9509 -7.2061 28.6676 1.9683 -7.2095 28.6805 1.9843 -7.2185 28.6936 1.9983 -7.2318 28.7065 2.0106 -7.2476 28.7188 2.0217 -7.2642 28.7301 2.0322 -7.2809 28.7397 2.0417 -7.2965 28.7454 2.0469 -7.3267 28.7471 2.0443 -7.3531 28.7363 2.0259 -7.3397 28.7424 2.0359 -7.3682 28.7303 2.0155 -7.2267 28.6396 1.9107 -7.2142 28.653 1.925 -7.2058 28.6672 1.9402 -7.2026 28.6816 1.9559 -7.2053 28.6961 1.9713 -7.2138 28.7102 1.9854 -7.2268 28.7237 1.9981 -7.2427 28.7361 2.0097 -7.2598 28.7471 2.0206 -7.277 28.756 2.0304 -7.293 28.7606 2.0361 -7.3242 28.7588 2.0354 -7.3519 28.7433 2.0203 -7.3378 28.7519 2.0285 -7.3677 28.7347 2.0119 -7.2269 28.646 1.9036 -7.2145 28.6618 1.9154 -7.2062 28.6781 1.9283 -7.203 28.6944 1.9421 -7.2055 28.7102 1.9564 -7.2135 28.7253 1.9704 -7.2261 28.7393 1.9834 -7.2417 28.7518 1.9956 -7.2588 28.7625 2.0071 -7.2762 28.7708 2.0173 -7.2924 28.7744 2.0237 -7.3239 28.7694 2.0255 -7.352 28.7497 2.0141 -7.3376 28.7604 2.0203 -7.368 28.7387 2.008 -7.2287 28.6513 1.8958 -7.2175 28.6695 1.9052 -7.2099 28.6875 1.9157 -7.2074 28.7054 1.9274 -7.2103 28.7225 1.9401 -7.2182 28.7385 1.9533 -7.2303 28.7529 1.9665 -7.2454 28.7656 1.9792 -7.262 28.776 1.9912 -7.2791 28.7838 2.0021 -7.2952 28.7865 2.0093 -7.326 28.7787 2.0143 -7.3536 28.7554 2.0073 -7.3394 28.7679 2.0112 -7.3692 28.7423 2.0038 -7.2319 28.6555 1.8876 -7.2228 28.6757 1.8948 -7.2167 28.6952 1.9027 -7.2154 28.7144 1.9123 -7.2191 28.7325 1.9232 -7.2273 28.7493 1.9351 -7.2392 28.7642 1.9477 -7.2535 28.777 1.9604 -7.2693 28.7873 1.973 -7.2859 28.7946 1.9847 -7.3015 28.7966 1.9931 -7.3308 28.7864 2.0019 -7.3566 28.7601 2.0002 -7.3433 28.7742 2.0013 -7.3712 28.7453 1.9994 -7.2363 28.6583 1.8792 -7.2301 28.6803 1.8843 -7.2261 28.7008 1.89 -7.2264 28.7207 1.8977 -7.2311 28.7396 1.907 -7.2397 28.7569 1.9176 -7.2513 28.7724 1.9291 -7.265 28.7856 1.9412 -7.2799 28.7959 1.9538 -7.296 28.8029 1.9662 -7.3109 28.8042 1.976 -7.3381 28.7924 1.9888 -7.3493 28.7792 1.991 -7.3611 28.7639 1.9928 -7.3741 28.7477 1.9949 -7.2416 28.6596 1.8712 -7.2387 28.6827 1.8742 -7.2374 28.7039 1.8783 -7.2395 28.7241 1.8844 -7.2453 28.7432 1.8924 -7.2543 28.7609 1.9018 -7.2656 28.7769 1.9122 -7.2786 28.7905 1.9234 -7.293 28.8012 1.9355 -7.3086 28.8082 1.9483 -7.3226 28.8092 1.9593 -7.3473 28.7964 1.9761 -7.3569 28.7826 1.9809 -7.3669 28.7665 1.9855 -7.3776 28.7493 1.9906 -7.2477 28.6593 1.864 -7.2481 28.6829 1.8651 -7.2499 28.7045 1.8677 -7.2539 28.7245 1.8726 -7.2608 28.7436 1.8794 -7.2702 28.7615 1.8877 -7.2813 28.7776 1.8971 -7.2939 28.7914 1.9078 -7.308 28.8023 1.9196 -7.323 28.8097 1.9323 -7.3362 28.8111 1.9439 -7.3582 28.7983 1.9644 -7.3658 28.7843 1.9716 -7.3734 28.7678 1.979 -7.3816 28.7501 1.9867 -7.2541 28.6575 1.8577 -7.258 28.6811 1.8575 -7.263 28.7028 1.8586 -7.2688 28.7224 1.8619 -7.2766 28.7411 1.8679 -7.2862 28.7587 1.8756 -7.2974 28.7744 1.8849 -7.3099 28.7878 1.8955 -7.3238 28.7989 1.9072 -7.3385 28.8071 1.9196 -7.351 28.8094 1.9314 -7.3699 28.7978 1.9547 -7.3754 28.784 1.964 -7.3805 28.7677 1.9736 -7.3859 28.7501 1.9834 -7.2606 28.6543 1.8524 -7.2757 28.699 1.8515 -7.2678 28.6774 1.8512 -7.2831 28.7179 1.8533 -7.2917 28.7358 1.8587 -7.3019 28.7525 1.8664 -7.3133 28.7674 1.8761 -7.3259 28.7805 1.887 -7.3399 28.792 1.8985 -7.3544 28.8012 1.9106 -7.3662 28.8046 1.9224 -7.3822 28.7948 1.9475 -7.3854 28.7818 1.9583 -7.3879 28.7662 1.9693 -7.3905 28.7492 1.9807 -7.2671 28.6499 1.8479 -7.2875 28.6929 1.8461 -7.277 28.6719 1.846 -7.3065 28.7278 1.8518 -7.2969 28.7111 1.8474 -7.3174 28.7436 1.8599 -7.3291 28.7577 1.8701 -7.342 28.7706 1.8814 -7.3561 28.7827 1.8929 -7.3706 28.7929 1.9046 -7.3818 28.7974 1.9162 -7.3947 28.7898 1.9426 -7.3956 28.7779 1.9543 -7.3955 28.7633 1.9662 -7.3952 28.7474 1.9786 -7.2734 28.6446 1.8442 -7.2986 28.6846 1.8419 -7.2857 28.6648 1.8419 -7.3211 28.7177 1.8476 -7.3102 28.7022 1.8435 -7.3325 28.7324 1.8555 -7.3447 28.746 1.8662 -7.3582 28.7592 1.8778 -7.3726 28.7718 1.8894 -7.3869 28.7828 1.9009 -7.3974 28.7882 1.9125 -7.4072 28.7829 1.9396 -7.4058 28.7724 1.9519 -7.403 28.7592 1.9642 -7.3999 28.745 1.9771 -7.2796 28.6383 1.8416 -7.3089 28.6745 1.8386 -7.294 28.6564 1.8387 -7.335 28.7057 1.8449 -7.3226 28.691 1.8404 -7.3473 28.7196 1.8527 -7.3604 28.7331 1.8636 -7.3743 28.7465 1.8754 -7.389 28.7596 1.8872 -7.4031 28.7712 1.8989 -7.4127 28.7772 1.9108 -7.4194 28.7744 1.9385 -7.4158 28.7654 1.9509 -7.4103 28.754 1.9633 -7.4044 28.7418 1.9763 -7.2856 28.6314 1.84 -7.3186 28.6631 1.8359 -7.3019 28.647 1.8364 -7.348 28.6919 1.8426 -7.334 28.6782 1.8378 -7.3618 28.7054 1.851 -7.3757 28.7188 1.8621 -7.3902 28.7324 1.874 -7.405 28.7458 1.8862 -7.4187 28.7576 1.8987 -7.4274 28.7642 1.911 -7.4309 28.7641 1.939 -7.4251 28.7571 1.9512 -7.4172 28.7479 1.9633 -7.4086 28.7381 1.9761 -7.2913 28.624 1.8395 -7.3277 28.651 1.834 -7.3093 28.637 1.8351 -7.3603 28.677 1.8408 -7.3446 28.6643 1.8356 -7.3755 28.6899 1.85 -7.3906 28.7031 1.8619 -7.4054 28.7164 1.8742 -7.4201 28.7298 1.8871 -7.4333 28.7418 1.9004 -7.4411 28.7492 1.9131 -7.4415 28.7526 1.9405 -7.4235 28.7411 1.964 -7.4337 28.7477 1.9524 -7.4125 28.7339 1.9765 -7.2965 28.6165 1.8402 -7.3163 28.6268 1.8352 -7.3362 28.6383 1.8334 -7.3545 28.6497 1.8348 -7.372 28.6614 1.8405 -7.3887 28.6737 1.8507 -7.4047 28.6863 1.8631 -7.4341 28.7122 1.8895 -7.4197 28.6991 1.8759 -7.4533 28.7332 1.9159 -7.4466 28.7246 1.9032 -7.4509 28.7401 1.9428 -7.429 28.7337 1.9655 -7.4412 28.7377 1.9543 -7.4159 28.7294 1.9775 -7.3012 28.6091 1.8422 -7.3224 28.6165 1.837 -7.3437 28.6255 1.8349 -7.3636 28.6349 1.8365 -7.3828 28.6456 1.8432 -7.4177 28.6689 1.8665 -7.401 28.657 1.8541 -7.4466 28.6941 1.8929 -7.4327 28.6811 1.8793 -7.4639 28.7167 1.9195 -7.4582 28.707 1.9067 -7.4586 28.7272 1.9459 -7.4336 28.726 1.9678 -7.4475 28.7272 1.957 -7.4186 28.7247 1.979 -7.305 28.6018 1.8454 -7.3276 28.6066 1.8405 -7.3499 28.613 1.8388 -7.3714 28.6207 1.8414 -7.3924 28.6301 1.8492 -7.4289 28.6518 1.8718 -7.4118 28.6407 1.8599 -7.457 28.6764 1.8977 -7.4437 28.6634 1.8842 -7.4723 28.7002 1.9245 -7.4677 28.6896 1.9117 -7.4646 28.7142 1.9502 -7.437 28.7183 1.9707 -7.4522 28.7167 1.9607 -7.4207 28.7199 1.9811 -7.3077 28.594 1.8496 -7.3316 28.5961 1.8459 -7.3547 28.6001 1.8452 -7.3776 28.6069 1.8495 -7.3998 28.6156 1.8579 -7.4373 28.6353 1.8796 -7.42 28.6251 1.8683 -7.4647 28.6593 1.905 -7.452 28.6465 1.8917 -7.4745 28.6729 1.919 -7.4686 28.7015 1.9561 -7.4392 28.7107 1.9746 -7.4553 28.7064 1.9655 -7.4219 28.7153 1.9837 -7.3092 28.5859 1.8549 -7.3336 28.5846 1.8533 -7.3579 28.5864 1.8548 -7.4044 28.6003 1.869 -7.3817 28.5919 1.8603 -7.4421 28.6196 1.8905 -7.4247 28.61 1.8795 -7.469 28.6432 1.9156 -7.4568 28.6306 1.9024 -7.478 28.657 1.9294 -7.4705 28.6894 1.9639 -7.4401 28.7034 1.9793 -7.4567 28.6964 1.9719 -7.4224 28.7108 1.9868 -7.3094 28.578 1.8613 -7.3336 28.5727 1.8625 -7.3589 28.5722 1.8672 -7.4054 28.5833 1.8828 -7.3829 28.5757 1.8739 -7.4426 28.6043 1.9046 -7.4255 28.5934 1.8933 -7.4693 28.6283 1.9298 -7.4573 28.6156 1.9168 -7.4815 28.6547 1.9552 -7.4782 28.6422 1.9433 -7.4715 28.6774 1.9744 -7.4399 28.6966 1.985 -7.4573 28.6867 1.98 -7.422 28.7067 1.9903 -7.3084 28.5709 1.869 -7.3577 28.5584 1.8806 -7.3323 28.5618 1.873 -7.4025 28.5655 1.899 -7.3812 28.5595 1.8892 -7.4386 28.5883 1.9218 -7.4217 28.5756 1.9098 -7.4656 28.6146 1.9475 -7.4533 28.6017 1.9344 -7.4806 28.6407 1.9723 -7.4762 28.6281 1.9611 -7.4711 28.6661 1.9872 -7.4386 28.6903 1.9918 -7.4565 28.6778 1.9899 -7.4207 28.7031 1.9942 -7.3541 28.5464 1.8943 -7.3294 28.5528 1.8842 -7.3963 28.5491 1.9153 -7.3764 28.5448 1.9045 -7.4311 28.5734 1.9404 -7.4146 28.5593 1.9274 -7.4592 28.6027 1.9671 -7.4456 28.5887 1.9536 -7.4773 28.6287 1.9908 -7.4716 28.6158 1.9807 -7.4683 28.6565 2.0013 -7.4358 28.685 1.9992 -7.4536 28.6701 2.0007 -7.4186 28.7001 1.9985 -7.3481 28.5375 1.9078 -7.3249 28.5465 1.8956 -7.3871 28.5365 1.9317 -7.3684 28.5333 1.9193 -7.4207 28.5618 1.9592 -7.4047 28.5468 1.9452 -7.4493 28.5936 1.9866 -7.4349 28.5786 1.9728 -7.4694 28.6203 2.0086 -7.4627 28.6069 1.9997 -7.462 28.6498 2.0149 -7.448 28.6647 2.0114 -7.4314 28.6809 2.0068 -7.4157 28.6977 2.0029 -7.2987 28.5592 1.8943 -7.3395 28.5326 1.9208 -7.3187 28.5435 1.9068 -7.3755 28.5298 1.9481 -7.358 28.5272 1.9341 -7.4077 28.5551 1.9777 -7.3922 28.5399 1.9629 -7.4355 28.5883 2.005 -7.4217 28.5723 1.9917 -7.4562 28.6162 2.0246 -7.4489 28.6022 2.0171 -7.4517 28.6466 2.0272 -7.4398 28.6617 2.0214 -7.4255 28.6785 2.014 -7.4121 28.696 2.0073 -7.2938 28.5599 1.9028 -7.3292 28.5326 1.9334 -7.3111 28.5439 1.9176 -7.3619 28.5296 1.9642 -7.3457 28.5271 1.9485 -7.3926 28.5544 1.9949 -7.3776 28.5394 1.98 -7.4195 28.5875 2.021 -7.4066 28.5714 2.0086 -7.4393 28.6161 2.0384 -7.4319 28.6018 2.0321 -7.4386 28.6466 2.0377 -7.4296 28.6615 2.0299 -7.4184 28.6779 2.0205 -7.4081 28.6953 2.0115 -7.2882 28.5628 1.9108 -7.3175 28.5373 1.9451 -7.3024 28.5478 1.9276 -7.3467 28.5357 1.9788 -7.3319 28.5326 1.962 -7.3765 28.5604 2.0085 -7.3617 28.5458 1.9943 -7.4032 28.591 2.0337 -7.3905 28.5762 2.0216 -7.4219 28.6198 2.0495 -7.4146 28.6055 2.044 -7.4245 28.6496 2.0463 -7.4186 28.6637 2.0371 -7.4108 28.679 2.0261 -7.4037 28.6954 2.0152 -7.2821 28.5677 1.9181 -7.305 28.5458 1.9556 -7.293 28.5545 1.9367 -7.331 28.5476 1.9898 -7.3174 28.5431 1.9733 -7.3599 28.5714 2.018 -7.3454 28.5579 2.0045 -7.3867 28.5983 2.043 -7.3738 28.5853 2.0309 -7.4053 28.6262 2.0583 -7.3979 28.6124 2.0533 -7.4108 28.6546 2.0534 -7.4077 28.6676 2.0431 -7.4032 28.6813 2.0309 -7.3992 28.6965 2.0184 -7.2755 28.5739 1.9242 -7.292 28.557 1.9637 -7.2831 28.5633 1.9443 -7.3152 28.5628 1.9973 -7.3028 28.5569 1.9815 -7.3428 28.5849 2.0246 -7.3288 28.5729 2.0114 -7.3696 28.6089 2.0496 -7.3566 28.5966 2.0374 -7.3896 28.6349 2.0654 -7.3813 28.6222 2.0603 -7.3983 28.6611 2.0594 -7.3976 28.6727 2.0482 -7.3958 28.6848 2.0349 -7.3945 28.6984 2.021 -7.2685 28.5808 1.9287 -7.2792 28.5695 1.9695 -7.2727 28.5728 1.9497 -7.2993 28.5784 2.0026 -7.2882 28.5716 1.9872 -7.3254 28.5983 2.0293 -7.3119 28.5878 2.0165 -7.3525 28.6217 2.0538 -7.3392 28.6096 2.0417 -7.3648 28.6342 2.0648 -7.374 28.6457 2.0702 -7.3863 28.6692 2.0637 -7.3879 28.6791 2.0518 -7.3886 28.6893 2.0376 -7.3899 28.701 2.0228 -7.2613 28.5879 1.9314 -7.2667 28.5818 1.9733 -7.2625 28.5826 1.9531 -7.2834 28.5922 2.0066 -7.2737 28.5853 1.9912 -7.3087 28.6123 2.0318 -7.2953 28.6014 2.0199 -7.3364 28.6358 2.0553 -7.3227 28.6239 2.0434 -7.3593 28.658 2.0723 -7.3492 28.6476 2.0665 -7.3748 28.6786 2.0658 -7.3786 28.6867 2.0536 -7.3816 28.6948 2.0391 -7.3855 28.7042 2.0239 -7.3595 28.8063 1.9409 -7.3054 28.7735 2.0255'/>
          </IndexedFaceSet>
        </Shape>
        <Shape DEF='rtrpzium'>
          <Appearance>
            <PhysicalMaterial baseColor='1 0.9765 0.8667' metallic='0' roughness='0.72'/>
          </Appearance>
          <IndexedFaceSet DEF='rtrpzium_Geo' coordIndex='0 1 2 -1 3 1 0 -1 3 4 1 -1 5 6 7 -1 5 7 8 -1 9 10 11 -1 12 13 14 -1 12 15 13 -1 16 17 18 -1 19 20 21 -1 20 22 21 -1 23 24 25 -1 26 27 28 -1 28 29 26 -1 30 31 32 -1 30 33 31 -1 34 35 36 -1 35 37 36 -1 38 39 40 -1 41 42 43 -1 44 45 46 -1 44 47 45 -1 48 49 50 -1 48 51 49 -1 50 49 52 -1 52 53 50 -1 54 55 56 -1 57 58 59 -1 60 61 62 -1 63 33 16 -1 20 64 65 -1 66 67 29 -1 68 39 38 -1 68 69 39 -1 70 71 72 -1 73 74 75 -1 76 77 78 -1 79 52 49 -1 80 81 82 -1 83 84 85 -1 83 86 84 -1 87 15 21 -1 23 25 88 -1 89 90 91 -1 92 93 94 -1 92 95 93 -1 85 96 97 -1 96 98 97 -1 99 100 101 -1 102 103 104 -1 103 105 104 -1 106 107 108 -1 109 110 111 -1 112 113 41 -1 114 115 116 -1 117 118 119 -1 117 120 118 -1 121 122 123 -1 124 72 125 -1 125 126 124 -1 127 128 129 -1 130 103 131 -1 103 132 131 -1 133 134 135 -1 134 136 135 -1 137 138 139 -1 139 140 137 -1 141 127 129 -1 129 142 141 -1 89 143 90 -1 89 144 143 -1 123 145 146 -1 35 147 37 -1 148 149 150 -1 8 151 152 -1 153 154 155 -1 155 7 153 -1 44 46 156 -1 119 46 157 -1 158 159 160 -1 158 161 159 -1 162 2 27 -1 163 164 165 -1 166 69 167 -1 24 31 33 -1 12 14 18 -1 27 65 28 -1 168 169 162 -1 170 55 171 -1 172 173 140 -1 172 174 173 -1 124 126 175 -1 176 78 58 -1 0 2 162 -1 177 178 179 -1 177 180 178 -1 181 182 183 -1 181 184 182 -1 185 186 187 -1 185 188 186 -1 189 190 191 -1 192 193 194 -1 195 196 30 -1 30 32 195 -1 99 160 159 -1 197 26 29 -1 198 141 142 -1 142 199 198 -1 138 200 141 -1 141 198 138 -1 27 101 162 -1 175 201 124 -1 202 163 113 -1 202 164 163 -1 17 30 196 -1 203 34 36 -1 204 71 5 -1 140 173 137 -1 173 205 137 -1 206 56 207 -1 208 158 160 -1 181 209 184 -1 181 210 209 -1 62 211 67 -1 212 213 64 -1 14 214 215 -1 101 40 216 -1 217 218 219 -1 217 220 218 -1 27 40 101 -1 182 14 183 -1 182 214 14 -1 221 74 222 -1 223 114 201 -1 224 225 226 -1 227 228 229 -1 148 108 230 -1 231 232 233 -1 231 234 232 -1 235 172 139 -1 172 140 139 -1 236 237 238 -1 236 105 237 -1 130 131 111 -1 239 141 200 -1 239 127 141 -1 146 145 240 -1 241 242 37 -1 37 147 241 -1 243 244 245 -1 206 207 246 -1 148 150 108 -1 165 164 208 -1 208 160 165 -1 102 247 248 -1 102 104 247 -1 111 110 130 -1 110 237 130 -1 104 236 249 -1 104 105 236 -1 250 103 102 -1 250 132 103 -1 251 159 252 -1 159 161 252 -1 168 100 251 -1 53 173 50 -1 53 205 173 -1 253 254 255 -1 256 185 257 -1 256 258 185 -1 17 196 259 -1 260 261 262 -1 263 264 51 -1 265 264 263 -1 193 192 81 -1 108 107 230 -1 230 107 266 -1 51 79 49 -1 224 267 268 -1 269 225 270 -1 271 218 272 -1 218 220 272 -1 14 215 18 -1 211 62 68 -1 26 197 38 -1 81 192 82 -1 273 274 54 -1 54 56 273 -1 37 186 36 -1 72 124 268 -1 270 201 114 -1 114 275 270 -1 38 40 26 -1 40 27 26 -1 72 268 70 -1 268 267 70 -1 276 277 165 -1 277 271 165 -1 233 278 231 -1 233 279 278 -1 242 280 37 -1 2 281 65 -1 13 282 183 -1 183 14 13 -1 27 2 65 -1 16 18 63 -1 18 215 63 -1 182 283 214 -1 182 284 283 -1 285 1 4 -1 286 184 209 -1 208 227 149 -1 164 227 208 -1 287 288 289 -1 290 291 292 -1 290 293 291 -1 294 288 287 -1 288 294 295 -1 155 8 7 -1 155 151 8 -1 296 80 297 -1 296 298 80 -1 299 300 301 -1 299 302 300 -1 266 303 230 -1 303 266 304 -1 305 150 229 -1 305 108 150 -1 306 307 308 -1 306 309 307 -1 5 152 204 -1 5 8 152 -1 310 230 303 -1 310 148 230 -1 149 310 208 -1 310 149 148 -1 194 309 126 -1 194 307 309 -1 281 1 285 -1 1 281 2 -1 181 311 210 -1 181 312 311 -1 284 184 286 -1 184 284 182 -1 63 214 283 -1 214 63 215 -1 281 20 65 -1 22 20 281 -1 31 313 32 -1 313 31 314 -1 315 195 316 -1 315 317 195 -1 318 319 320 -1 318 167 319 -1 166 277 321 -1 277 166 322 -1 280 323 324 -1 323 280 242 -1 325 231 278 -1 231 325 326 -1 279 327 43 -1 327 279 233 -1 328 279 329 -1 328 278 279 -1 330 325 331 -1 330 324 325 -1 280 186 37 -1 186 280 187 -1 276 321 277 -1 216 321 276 -1 332 333 334 -1 332 143 333 -1 186 144 36 -1 186 188 144 -1 43 335 41 -1 43 327 335 -1 114 336 275 -1 116 336 114 -1 337 70 267 -1 70 337 6 -1 338 339 340 -1 338 191 339 -1 129 146 240 -1 129 128 146 -1 213 29 28 -1 213 66 29 -1 30 16 33 -1 30 17 16 -1 201 268 124 -1 270 268 201 -1 338 189 191 -1 338 121 189 -1 240 341 129 -1 240 342 341 -1 255 262 261 -1 343 262 255 -1 344 154 153 -1 73 154 344 -1 273 206 345 -1 206 273 56 -1 236 245 346 -1 238 245 236 -1 78 347 289 -1 78 77 347 -1 348 349 350 -1 348 134 349 -1 134 351 349 -1 133 351 134 -1 352 73 75 -1 352 154 73 -1 246 353 354 -1 246 243 353 -1 59 355 249 -1 355 59 58 -1 356 51 48 -1 356 263 51 -1 193 80 298 -1 193 81 80 -1 357 207 170 -1 207 357 244 -1 358 245 359 -1 245 358 346 -1 211 38 197 -1 38 211 68 -1 322 271 277 -1 322 218 271 -1 220 360 272 -1 220 361 360 -1 233 336 327 -1 233 232 336 -1 269 275 362 -1 275 269 270 -1 225 268 270 -1 225 224 268 -1 152 82 192 -1 152 151 82 -1 363 171 221 -1 171 363 364 -1 365 366 367 -1 366 365 368 -1 369 370 371 -1 370 369 176 -1 372 287 373 -1 287 372 294 -1 374 293 375 -1 293 374 291 -1 98 376 97 -1 376 98 4 -1 285 22 281 -1 285 377 22 -1 299 107 378 -1 266 107 299 -1 379 298 302 -1 379 193 298 -1 47 380 45 -1 47 381 380 -1 340 382 338 -1 340 383 382 -1 384 385 386 -1 387 385 384 -1 323 388 326 -1 323 389 388 -1 390 256 257 -1 390 391 256 -1 392 315 393 -1 315 392 320 -1 344 156 222 -1 344 44 156 -1 120 394 118 -1 394 120 395 -1 396 397 398 -1 397 396 399 -1 136 400 401 -1 400 136 402 -1 403 350 349 -1 350 403 404 -1 405 406 407 -1 405 408 406 -1 96 409 410 -1 96 411 409 -1 412 413 93 -1 412 414 413 -1 177 94 180 -1 94 177 415 -1 416 235 417 -1 235 416 172 -1 48 418 356 -1 174 418 48 -1 51 419 79 -1 51 264 419 -1 260 52 420 -1 52 260 262 -1 317 196 195 -1 259 196 317 -1 256 421 258 -1 393 421 256 -1 185 330 257 -1 185 187 330 -1 351 422 423 -1 424 422 351 -1 425 255 426 -1 425 253 255 -1 427 255 254 -1 255 427 343 -1 50 174 48 -1 50 173 174 -1 341 142 129 -1 341 428 142 -1 209 9 178 -1 209 210 9 -1 169 251 429 -1 169 168 251 -1 100 159 251 -1 100 99 159 -1 430 420 431 -1 430 260 420 -1 132 252 161 -1 252 132 250 -1 370 358 368 -1 370 57 358 -1 41 432 112 -1 41 335 432 -1 433 434 435 -1 434 433 436 -1 237 103 130 -1 237 105 103 -1 247 295 248 -1 247 288 295 -1 434 113 112 -1 202 113 434 -1 437 114 223 -1 437 115 114 -1 202 227 164 -1 227 202 228 -1 229 436 305 -1 229 228 436 -1 438 241 147 -1 438 439 241 -1 388 440 234 -1 388 386 440 -1 309 441 442 -1 441 309 306 -1 354 300 345 -1 301 300 354 -1 237 353 238 -1 237 110 353 -1 366 357 364 -1 366 359 357 -1 443 425 190 -1 443 253 425 -1 145 439 438 -1 145 444 439 -1 11 406 445 -1 11 86 406 -1 139 198 446 -1 138 198 139 -1 447 177 179 -1 447 417 177 -1 83 375 407 -1 83 374 375 -1 448 250 449 -1 448 252 250 -1 310 158 208 -1 131 158 310 -1 354 110 109 -1 353 110 354 -1 102 449 250 -1 248 449 102 -1 221 394 363 -1 221 222 394 -1 260 117 261 -1 430 117 260 -1 419 431 420 -1 431 419 450 -1 176 57 370 -1 176 58 57 -1 407 372 405 -1 407 375 372 -1 92 415 446 -1 92 94 415 -1 446 199 92 -1 446 198 199 -1 386 451 440 -1 386 385 451 -1 438 240 145 -1 438 342 240 -1 326 234 231 -1 326 388 234 -1 452 391 390 -1 452 217 391 -1 131 303 111 -1 310 303 131 -1 109 301 354 -1 109 304 301 -1 442 126 309 -1 126 442 175 -1 345 296 273 -1 345 300 296 -1 335 115 432 -1 115 335 116 -1 382 444 122 -1 387 444 382 -1 153 381 47 -1 153 7 381 -1 143 88 90 -1 332 88 143 -1 24 284 25 -1 24 283 284 -1 13 87 282 -1 13 15 87 -1 178 11 179 -1 178 9 11 -1 411 312 409 -1 411 311 312 -1 374 85 97 -1 374 83 85 -1 421 313 334 -1 421 316 313 -1 217 392 391 -1 219 392 217 -1 219 320 392 -1 320 219 318 -1 33 283 24 -1 283 33 63 -1 67 60 62 -1 67 66 60 -1 397 367 395 -1 365 367 397 -1 453 417 447 -1 453 416 417 -1 364 170 171 -1 364 357 170 -1 404 347 350 -1 404 373 347 -1 423 453 454 -1 423 422 453 -1 455 254 456 -1 455 427 254 -1 190 380 191 -1 190 425 380 -1 337 383 340 -1 226 383 337 -1 248 290 449 -1 248 295 290 -1 171 54 75 -1 55 54 171 -1 412 90 88 -1 90 412 91 -1 169 0 162 -1 169 3 0 -1 99 165 160 -1 99 276 165 -1 452 329 361 -1 452 328 329 -1 69 62 167 -1 69 68 62 -1 433 437 441 -1 433 435 437 -1 378 106 308 -1 378 107 106 -1 457 203 89 -1 457 428 203 -1 138 455 200 -1 138 137 455 -1 427 53 343 -1 205 53 427 -1 137 427 455 -1 137 205 427 -1 199 428 457 -1 199 142 428 -1 89 36 144 -1 89 203 36 -1 223 175 442 -1 223 201 175 -1 64 19 212 -1 64 20 19 -1 71 6 5 -1 71 70 6 -1 239 128 127 -1 128 239 458 -1 328 390 331 -1 452 390 328 -1 98 410 377 -1 98 96 410 -1 409 282 87 -1 409 312 282 -1 25 286 414 -1 286 25 284 -1 135 265 133 -1 264 265 135 -1 222 73 344 -1 74 73 222 -1 414 209 413 -1 209 414 286 -1 459 448 292 -1 429 448 459 -1 288 355 289 -1 247 355 288 -1 402 369 400 -1 369 402 76 -1 267 226 337 -1 224 226 267 -1 456 253 443 -1 456 254 253 -1 422 416 453 -1 422 418 416 -1 403 454 408 -1 403 423 454 -1 247 249 355 -1 247 104 249 -1 454 447 445 -1 454 453 447 -1 400 371 399 -1 400 369 371 -1 17 61 60 -1 259 61 17 -1 61 167 62 -1 319 167 61 -1 218 318 219 -1 318 218 322 -1 258 334 333 -1 421 334 258 -1 100 162 101 -1 100 168 162 -1 429 252 448 -1 251 252 429 -1 377 21 22 -1 377 410 21 -1 10 86 11 -1 10 84 86 -1 93 91 412 -1 95 91 93 -1 332 23 88 -1 23 332 314 -1 382 121 338 -1 121 382 122 -1 119 156 46 -1 119 118 156 -1 339 7 6 -1 7 339 381 -1 226 385 383 -1 226 451 385 -1 297 352 274 -1 297 460 352 -1 307 193 379 -1 193 307 194 -1 306 433 441 -1 306 461 433 -1 217 361 220 -1 452 361 217 -1 333 185 258 -1 188 185 333 -1 242 389 323 -1 241 389 242 -1 444 384 439 -1 387 384 444 -1 451 362 440 -1 451 269 362 -1 456 458 239 -1 456 443 458 -1 428 34 203 -1 428 341 34 -1 200 456 239 -1 200 455 456 -1 89 95 457 -1 89 91 95 -1 408 445 406 -1 445 408 454 -1 348 76 402 -1 76 348 77 -1 396 450 401 -1 396 431 450 -1 430 120 117 -1 430 398 120 -1 368 359 366 -1 368 358 359 -1 264 450 419 -1 450 264 135 -1 135 401 450 -1 135 136 401 -1 244 246 207 -1 243 246 244 -1 131 161 158 -1 131 132 161 -1 292 449 290 -1 292 448 449 -1 179 445 447 -1 179 11 445 -1 235 446 415 -1 139 446 235 -1 225 451 226 -1 451 225 269 -1 145 122 444 -1 123 122 145 -1 443 189 458 -1 443 190 189 -1 119 261 117 -1 119 157 261 -1 395 363 394 -1 395 367 363 -1 308 379 378 -1 308 307 379 -1 437 442 441 -1 437 223 442 -1 440 232 234 -1 440 362 232 -1 439 389 241 -1 439 384 389 -1 35 438 147 -1 35 342 438 -1 434 228 202 -1 436 228 434 -1 432 437 435 -1 437 432 115 -1 405 373 404 -1 405 372 373 -1 111 304 109 -1 303 304 111 -1 461 436 433 -1 436 461 305 -1 112 435 434 -1 112 432 435 -1 399 365 397 -1 399 371 365 -1 101 276 99 -1 216 276 101 -1 431 398 430 -1 431 396 398 -1 429 3 169 -1 459 3 429 -1 84 311 411 -1 10 311 84 -1 413 178 180 -1 178 413 209 -1 457 92 199 -1 457 95 92 -1 349 423 403 -1 351 423 349 -1 380 426 45 -1 380 425 426 -1 356 422 424 -1 356 418 422 -1 393 316 421 -1 316 393 315 -1 420 79 419 -1 79 420 52 -1 418 172 416 -1 172 418 174 -1 415 417 235 -1 415 177 417 -1 93 180 94 -1 93 413 180 -1 25 412 88 -1 25 414 412 -1 87 410 409 -1 410 87 21 -1 85 411 96 -1 85 84 411 -1 407 86 83 -1 407 406 86 -1 404 408 405 -1 404 403 408 -1 134 402 136 -1 402 134 348 -1 399 401 400 -1 399 396 401 -1 398 395 120 -1 395 398 397 -1 118 222 156 -1 222 118 394 -1 259 319 61 -1 317 319 259 -1 391 393 256 -1 391 392 393 -1 331 257 330 -1 331 390 257 -1 389 386 388 -1 384 386 389 -1 383 387 382 -1 383 385 387 -1 381 191 380 -1 381 339 191 -1 378 302 299 -1 378 379 302 -1 4 377 285 -1 4 98 377 -1 291 97 376 -1 291 374 97 -1 375 294 372 -1 294 375 293 -1 373 289 347 -1 289 373 287 -1 76 176 369 -1 176 76 78 -1 371 368 365 -1 368 371 370 -1 367 364 363 -1 364 367 366 -1 75 221 171 -1 75 74 221 -1 460 154 352 -1 460 155 154 -1 71 125 72 -1 71 204 125 -1 362 336 232 -1 336 362 275 -1 361 42 360 -1 361 329 42 -1 69 321 39 -1 69 166 321 -1 197 67 211 -1 29 67 197 -1 64 28 65 -1 64 213 28 -1 12 212 19 -1 12 18 212 -1 57 346 358 -1 346 57 59 -1 359 244 357 -1 244 359 245 -1 56 170 207 -1 56 55 170 -1 296 274 273 -1 296 297 274 -1 58 289 355 -1 289 58 78 -1 243 238 353 -1 238 243 245 -1 426 261 157 -1 261 426 255 -1 45 157 46 -1 45 426 157 -1 424 263 356 -1 424 265 263 -1 133 424 351 -1 265 424 133 -1 350 77 348 -1 347 77 350 -1 249 346 59 -1 236 346 249 -1 345 246 354 -1 246 345 206 -1 274 75 54 -1 274 352 75 -1 44 153 47 -1 44 344 153 -1 343 52 262 -1 53 52 343 -1 458 121 123 -1 458 189 121 -1 42 113 360 -1 42 41 113 -1 60 18 17 -1 60 212 18 -1 163 271 272 -1 271 163 165 -1 341 35 34 -1 341 342 35 -1 128 123 146 -1 458 123 128 -1 6 340 339 -1 340 6 337 -1 327 116 335 -1 327 336 116 -1 163 360 113 -1 163 272 360 -1 143 188 333 -1 143 144 188 -1 314 334 313 -1 314 332 334 -1 66 212 60 -1 66 213 212 -1 216 39 321 -1 40 39 216 -1 324 187 280 -1 324 330 187 -1 331 278 328 -1 331 325 278 -1 43 329 279 -1 43 42 329 -1 324 326 325 -1 326 324 323 -1 322 167 318 -1 322 166 167 -1 320 317 315 -1 320 319 317 -1 316 32 313 -1 316 195 32 -1 314 24 23 -1 314 31 24 -1 21 12 19 -1 15 12 21 -1 282 181 183 -1 312 181 282 -1 210 10 9 -1 10 210 311 -1 125 152 192 -1 125 204 152 -1 305 106 108 -1 305 461 106 -1 297 82 460 -1 297 80 82 -1 126 192 194 -1 126 125 192 -1 306 106 461 -1 106 306 308 -1 229 149 227 -1 149 229 150 -1 266 301 304 -1 266 299 301 -1 300 298 296 -1 300 302 298 -1 460 151 155 -1 460 82 151 -1 459 4 3 -1 459 376 4 -1 295 293 290 -1 295 294 293 -1 292 376 459 -1 292 291 376 -1' creaseAngle='1.571'>
            <Coordinate DEF='rtrpzium_Coord' point='-6.6482 28.4433 3.1056 -6.6423 28.4466 3.1171 -6.69 28.3793 3.1503 -6.6166 28.4802 3.094 -6.6128 28.485 3.107 -6.429 28.8565 2.6873 -6.4632 28.8706 2.7126 -6.4127 28.869 2.6965 -6.4189 28.8529 2.686 -6.5936 28.6552 3.2045 -6.5905 28.638 3.2021 -6.5318 28.6689 3.1867 -6.7334 28.5068 3.2763 -6.7428 28.548 3.2985 -6.7582 28.5505 3.3017 -6.7198 28.5136 3.2753 -6.8185 28.508 3.241 -6.826 28.5032 3.2313 -6.806 28.4956 3.243 -6.706 28.4652 3.2489 -6.7031 28.421 3.2037 -6.6956 28.478 3.2517 -6.6884 28.4267 3.2012 -6.8009 28.6924 3.2305 -6.8256 28.6383 3.2546 -6.7495 28.6988 3.2247 -6.7648 28.3966 3.0525 -6.7503 28.4004 3.0487 -6.7607 28.4014 3.1516 -6.7735 28.4079 3.1422 -6.8596 28.5633 3.226 -6.8397 28.6446 3.214 -6.8423 28.64 3.2008 -6.8523 28.5694 3.2376 -6.6918 28.9267 2.9601 -6.6908 28.9265 2.9478 -6.7465 28.8792 2.9362 -6.7438 28.8782 2.9262 -6.8118 28.4242 3.0167 -6.8133 28.4303 3.0112 -6.8059 28.4244 3.0054 -6.691 28.6895 2.6979 -6.7012 28.69 2.7089 -6.6949 28.7002 2.6997 -6.3648 28.8886 2.751 -6.3715 28.9089 2.8066 -6.361 28.9025 2.8082 -6.3769 28.8935 2.749 -6.3646 28.8707 3.1376 -6.3698 28.9049 3.0811 -6.3799 28.9085 3.0848 -6.3546 28.8657 3.1311 -6.3697 28.9051 3.0156 -6.379 28.911 3.0199 -6.356 28.7275 2.626 -6.3473 28.707 2.6336 -6.3649 28.6828 2.6121 -6.3625 28.5902 2.8614 -6.3558 28.5766 2.921 -6.376 28.5684 2.8592 -6.7966 28.4551 3.2125 -6.8456 28.4952 3.1781 -6.841 28.472 3.1595 -6.8095 28.5512 3.2577 -6.7525 28.4221 3.1948 -6.7007 28.3805 3.1606 -6.7845 28.4304 3.1791 -6.8043 28.4377 3.1544 -6.827 28.4478 3.0834 -6.8155 28.4773 3.0388 -6.4813 28.8294 2.6799 -6.4628 28.8273 2.6724 -6.4996 28.7923 2.6561 -6.3601 28.8211 2.6722 -6.34 28.8024 2.6854 -6.3506 28.7769 2.6446 -6.3258 28.6435 3.0047 -6.3151 28.6314 3.0413 -6.3336 28.5964 2.9904 -6.3642 28.8946 3.0709 -6.4165 28.7423 2.6155 -6.428 28.755 2.6359 -6.4093 28.7808 2.6338 -6.5211 28.5914 3.1392 -6.5835 28.6029 3.188 -6.575 28.5596 3.1706 -6.524 28.6282 3.1675 -6.7063 28.529 3.263 -6.7763 28.7466 3.2064 -6.6967 28.8516 3.045 -6.7261 28.8113 3.1097 -6.6933 28.8074 3.1138 -6.6145 28.8221 3.1134 -6.655 28.7946 3.1608 -6.6141 28.8129 3.1494 -6.6539 28.8147 3.1136 -6.6078 28.5371 3.1876 -6.5812 28.538 3.1261 -6.6105 28.509 3.1441 -6.7089 28.4623 2.9385 -6.6874 28.4694 2.964 -6.7373 28.4289 2.9859 -6.446 28.5491 2.8562 -6.4622 28.5399 2.8076 -6.4138 28.5608 2.8573 -6.4261 28.5597 2.8086 -6.5389 28.621 2.7471 -6.5247 28.6011 2.7144 -6.5642 28.5833 2.7745 -6.473 28.5578 2.6889 -6.4584 28.5632 2.7242 -6.499 28.5394 2.734 -6.6775 28.6706 2.7087 -6.7127 28.6211 2.7575 -6.6113 28.7631 2.6444 -6.6317 28.7385 2.6477 -6.6422 28.7463 2.6401 -6.3498 28.8696 2.8674 -6.3407 28.8475 2.8051 -6.3569 28.8894 2.8371 -6.3389 28.8259 2.8405 -6.4914 28.9066 2.8307 -6.5187 28.8959 2.8396 -6.5212 28.9143 2.8615 -6.5092 28.7819 2.6556 -6.4632 28.7824 2.671 -6.4861 28.7476 2.6787 -6.5643 28.9293 2.9442 -6.5583 28.9303 2.9087 -6.6034 28.942 2.9454 -6.4783 28.5309 2.759 -6.5691 28.5094 2.8231 -6.5484 28.5305 2.8649 -6.3089 28.7288 3.1408 -6.2987 28.6967 3.1178 -6.3184 28.7783 3.063 -6.3184 28.7378 3.0379 -6.43 28.9043 3.0257 -6.4883 28.8969 3.0323 -6.4731 28.8619 3.0924 -6.4174 28.8903 3.0882 -6.5534 28.907 2.9913 -6.603 28.9094 2.9934 -6.7652 28.7839 3.0849 -6.7546 28.8264 3.005 -6.5954 28.8935 2.8813 -6.5666 28.9273 2.9 -6.6962 28.891 2.9128 -6.5883 28.5453 2.7915 -6.6387 28.5474 2.8178 -6.6071 28.56 2.8007 -6.4155 28.8228 2.6646 -6.4314 28.8228 2.6782 -6.3828 28.8681 2.6953 -6.3719 28.822 2.6649 -6.4024 28.8267 2.6632 -6.3424 28.8691 2.7696 -6.3641 28.9047 2.8576 -6.6245 28.5076 2.8585 -6.6591 28.5029 2.9167 -6.6806 28.4958 2.8911 -6.6045 28.5216 2.8914 -6.683 28.4352 3.052 -6.7335 28.5565 2.8159 -6.7158 28.5538 2.8183 -6.7437 28.52 2.8945 -6.8056 28.4922 3.0227 -6.8179 28.5308 3.0703 -6.6603 28.4725 2.9971 -6.6477 28.4741 3.0319 -6.3479 28.6884 2.6594 -6.3277 28.7324 2.6637 -6.4049 28.8592 3.1431 -6.3943 28.9032 3.0868 -6.3812 28.8659 3.1399 -6.5234 28.7638 2.6664 -6.3442 28.6056 2.9316 -6.5383 28.7893 3.1719 -6.6054 28.7239 3.1977 -6.5363 28.7463 3.1855 -6.6098 28.7683 3.1736 -6.6593 28.6266 3.2358 -6.7163 28.6451 3.2452 -6.7215 28.5969 3.2712 -6.6689 28.676 3.2237 -6.7578 28.7952 2.973 -6.7512 28.8681 2.9314 -6.7434 28.8389 2.9067 -6.7599 28.8186 2.9958 -6.4817 28.9123 2.8388 -6.4506 28.9105 2.8445 -6.4542 28.9057 2.8082 -6.4539 28.7759 2.669 -6.4534 28.7249 2.6412 -6.477 28.7407 2.6761 -6.8411 28.6145 3.1778 -6.8548 28.5417 3.2153 -6.7903 28.4137 3.0784 -6.5426 28.8849 3.0385 -6.5969 28.873 3.0447 -6.5034 28.9027 2.9869 -6.5699 28.7815 2.6448 -6.6842 28.595 2.7731 -6.695 28.8912 2.9994 -6.4427 28.8268 2.6808 -6.4009 28.9081 3.0224 -6.4025 28.6299 2.6234 -6.3776 28.6493 2.6567 -6.6541 28.5401 2.8313 -6.6383 28.7044 3.2096 -6.6274 28.6405 3.2207 -6.8157 28.4427 3.1189 -6.7828 28.4486 3.216 -6.7727 28.4262 3.1862 -6.7792 28.5839 3.2776 -6.7954 28.5447 3.267 -6.7868 28.4508 2.9764 -6.7616 28.6442 2.9343 -6.7722 28.5526 2.955 -6.7917 28.59 3.0016 -6.7511 28.6008 2.8746 -6.3268 28.7798 2.6984 -6.3259 28.8272 2.7332 -6.5801 28.758 2.6557 -6.5177 28.8136 2.6897 -6.5511 28.814 2.6834 -6.5263 28.8398 2.7274 -6.6549 28.5499 2.8206 -6.6293 28.5777 2.7895 -6.614 28.5704 2.7974 -6.5306 28.5684 2.7227 -6.702 28.763 2.7815 -6.6627 28.7645 2.6992 -6.6864 28.7437 2.724 -6.6782 28.7793 2.7622 -6.4668 28.8435 3.1463 -6.3961 28.5716 2.8095 -6.4384 28.5587 2.7599 -6.4046 28.5824 2.763 -6.5185 28.9086 2.9415 -6.6114 28.9403 2.9373 -6.6888 28.8589 2.8776 -6.7122 28.8525 2.8882 -6.4239 28.5852 2.7161 -6.3881 28.6179 2.7087 -6.3956 28.5917 2.7577 -6.4385 28.5891 2.6552 -6.3907 28.5695 2.933 -6.4234 28.5633 2.9378 -6.387 28.5611 2.8604 -6.5277 28.5517 2.9067 -6.6376 28.5101 2.9423 -6.5846 28.5357 2.9244 -6.406 28.9147 2.8965 -6.4054 28.9115 2.9202 -6.3769 28.9133 2.9077 -6.7764 28.7157 3.0096 -6.7547 28.7616 2.9402 -6.7735 28.7478 3.0455 -6.8502 28.5184 3.1967 -6.3652 28.8946 2.9519 -6.3673 28.9068 2.9118 -6.3687 28.9057 2.9631 -6.3397 28.8346 3.1415 -6.3379 28.8255 3.0998 -6.324 28.7967 3.1426 -6.5086 28.5842 2.6789 -6.4938 28.8297 2.6871 -6.5142 28.7908 2.6582 -6.5808 28.7975 2.6905 -6.5744 28.7909 2.6465 -6.7539 28.5215 2.9125 -6.7418 28.5634 2.8194 -6.3735 28.6842 2.6019 -6.3673 28.7315 2.6192 -6.6133 28.7713 2.6489 -6.7662 28.4821 2.9415 -6.7744 28.4899 2.9465 -6.7258 28.7469 2.8009 -6.7102 28.7229 2.7487 -6.7357 28.8461 2.8988 -6.6852 28.3879 3.1616 -6.7114 28.5834 3.27 -6.7947 28.5923 3.2701 -6.7289 28.6571 3.2407 -6.6389 28.4511 3.1273 -6.6734 28.6934 3.217 -6.3664 28.5924 3.0124 -6.3703 28.5867 2.9993 -6.3402 28.5895 2.9985 -6.471 28.565 3.0354 -6.5294 28.5495 3.0673 -6.5328 28.5451 3.0539 -6.4676 28.57 3.0486 -6.3995 28.5818 3.0256 -6.4027 28.5765 3.0123 -6.4127 28.6996 2.5926 -6.4041 28.7417 2.6121 -6.424 28.7031 2.5971 -6.4866 28.6066 2.6452 -6.4451 28.6448 2.6066 -6.4792 28.5979 2.643 -6.4545 28.6506 2.6109 -6.5228 28.5583 2.7211 -6.5019 28.5743 2.6781 -6.57 28.5916 2.7736 -6.5252 28.6625 2.7263 -6.4969 28.6988 2.6994 -6.5164 28.6569 2.7231 -6.5065 28.7035 2.703 -6.5844 28.5329 2.7963 -6.6221 28.6242 3.2183 -6.6536 28.6105 3.2348 -6.8275 28.6826 3.1805 -6.8238 28.6884 3.1926 -6.8259 28.6221 3.1162 -6.827 28.6543 3.1514 -6.8387 28.5861 3.148 -6.8048 28.5604 3.0359 -6.8283 28.5584 3.1091 -6.8153 28.5912 3.076 -6.7948 28.4582 2.9807 -6.7889 28.5224 2.9888 -6.7042 28.8185 2.855 -6.7269 28.8101 2.8675 -6.7264 28.7779 2.8334 -6.7031 28.7904 2.8178 -6.6723 28.7262 2.6721 -6.7322 28.7361 2.8077 -6.7153 28.7107 2.7534 -6.7349 28.8038 2.8769 -6.7336 28.7707 2.843 -6.808 28.7324 3.1711 -6.7712 28.774 3.0773 -6.8129 28.7253 3.1602 -6.6663 28.7179 2.6687 -6.6474 28.7535 2.6437 -6.4733 28.8708 2.7171 -6.4653 28.9001 2.8023 -6.4556 28.8937 2.7551 -6.469 28.8902 2.758 -6.6509 28.934 2.9537 -6.6506 28.9335 2.9425 -6.378 28.912 2.963 -6.3707 28.8643 2.6995 -6.4117 28.6313 2.6148 -6.385 28.5803 2.8106 -6.3211 28.6253 3.0482 -6.2969 28.667 3.0895 -6.3041 28.6912 3.1253 -6.3025 28.6598 3.0955 -6.3152 28.7248 3.1493 -6.3611 28.7788 2.6366 -6.4356 28.5766 2.7187 -6.4504 28.5832 2.6535 -6.3637 28.5704 2.9294 -6.3472 28.8345 3.15 -6.3591 28.6555 2.7138 -6.3664 28.6064 2.8145 -6.3702 28.6228 2.7678 -6.7236 28.6194 2.7704 -6.7343 28.6539 2.8167 -6.6219 28.7813 2.6968 -6.3319 28.7517 2.7466 -6.3395 28.698 2.7202 -6.3419 28.699 2.8405 -6.3513 28.6638 2.7768 -6.3397 28.7229 2.7952 -6.3533 28.6426 2.8217 -6.335 28.6588 2.9434 -6.3553 28.6215 2.8667 -6.3441 28.6753 2.8858 -6.3924 28.6073 3.0638 -6.354 28.6189 3.0538 -6.5256 28.5685 3.1001 -6.4637 28.5912 3.0811 -6.5865 28.5197 3.0882 -6.6383 28.4795 3.1645 -6.502 28.6309 2.6848 -6.4757 28.6746 2.6551 -6.4115 28.907 2.8052 -6.4139 28.8922 2.7471 -6.5221 28.8727 2.8156 -6.5242 28.8562 2.7715 -6.6334 28.8338 2.8351 -6.5855 28.8237 2.7847 -6.6326 28.8133 2.7935 -6.5854 28.8407 2.8278 -6.6798 28.8031 2.8023 -6.6814 28.827 2.8424 -6.7505 28.7272 2.9045 -6.769 28.6799 2.9719 -6.8024 28.6241 3.0429 -6.8131 28.6583 3.0843 -6.3244 28.8057 2.773 -6.3281 28.7822 2.8137 -6.3388 28.7756 2.939 -6.3305 28.7556 2.8594 -6.3402 28.8003 2.8899 -6.3329 28.7291 2.905 -6.3259 28.7121 2.9551 -6.3302 28.758 2.9823 -6.3185 28.6974 3.0128 -6.343 28.6791 3.1323 -6.3398 28.6494 3.1013 -6.3841 28.6371 3.1082 -6.4622 28.6511 3.1508 -6.459 28.6165 3.1198 -6.3858 28.6666 3.1388 -6.6463 28.5663 3.2231 -6.6377 28.5137 3.2092 -6.6156 28.5848 3.2044 -6.6959 28.7765 3.1722 -6.6467 28.7495 3.1852 -6.6835 28.7307 3.1969 -6.5405 28.828 3.1478 -6.4013 28.822 3.1587 -6.4669 28.8081 3.1651 -6.3706 28.829 3.1538 -6.3506 28.8531 3.0428 -6.3605 28.8746 3 -6.8129 28.6942 3.125 -6.3612 28.7894 3.1568 -6.3492 28.7145 3.1545 -6.3311 28.7955 3.1514 -6.4087 28.9108 2.8509 -6.3741 28.9112 2.8561 -6.4031 28.9098 2.9713 -6.649 28.9003 2.9964 -6.6125 28.5132 3.0119 -6.3499 28.845 2.9204 -6.3447 28.8222 2.9731 -6.6546 28.7045 2.6781 -6.5791 28.6495 2.7264 -6.6482 28.6391 2.7252 -6.6253 28.678 2.697 -6.6037 28.6109 2.7526 -6.6025 28.7171 2.6688 -6.6458 28.8922 2.897 -6.6396 28.8629 2.866 -6.6319 28.793 2.7519 -6.5545 28.6881 2.7003 -6.5399 28.7299 2.6805 -6.4425 28.9161 2.8856 -6.5904 28.867 2.8546 -6.4687 28.6908 3.1727 -6.539 28.8432 3.1022 -6.4673 28.769 3.1734 -6.5556 28.5399 2.9922 -6.4953 28.5569 2.9717 -6.3344 28.8041 3.0095 -6.5856 28.8069 2.7417 -6.7463 28.693 2.8689 -6.3986 28.7818 3.1634 -6.3902 28.7022 3.1608 -6.4356 28.907 2.9794 -6.4412 28.9097 2.933 -6.6468 28.8622 3.0449 -6.5116 28.9183 2.8695 -6.59 28.5161 3.0744 -6.3955 28.784 2.6316 -6.548 28.6265 2.7502'/>
          </IndexedFaceSet>
        </Shape>
        <Shape DEF='rtrpzoid'>
          <Appearance>
            <PhysicalMaterial baseColor='1 0.9765 0.8667' metallic='0' roughness='0.72'/>
          </Appearance>
          <IndexedFaceSet DEF='rtrpzoid_Geo' coordIndex='0 1 2 -1 3 4 5 -1 6 7 8 -1 9 10 11 -1 12 13 14 -1 15 16 17 -1 18 19 20 -1 20 21 18 -1 22 16 15 -1 23 24 25 -1 25 26 23 -1 27 28 29 -1 27 30 28 -1 31 32 33 -1 33 34 31 -1 0 35 1 -1 0 36 35 -1 15 37 38 -1 39 9 11 -1 39 40 9 -1 7 26 25 -1 25 8 7 -1 41 42 43 -1 44 43 45 -1 45 46 44 -1 47 1 35 -1 48 49 50 -1 51 52 53 -1 51 54 52 -1 0 23 55 -1 56 54 57 -1 58 59 60 -1 61 62 63 -1 61 64 62 -1 65 66 67 -1 66 68 67 -1 69 70 71 -1 69 72 70 -1 73 74 75 -1 76 77 78 -1 79 80 81 -1 80 82 81 -1 83 84 85 -1 86 34 87 -1 88 89 90 -1 90 91 88 -1 92 93 94 -1 94 95 92 -1 81 96 79 -1 81 97 96 -1 98 19 99 -1 98 100 19 -1 101 102 27 -1 101 103 102 -1 104 105 3 -1 5 106 3 -1 107 24 3 -1 55 36 0 -1 21 108 109 -1 110 111 70 -1 102 103 7 -1 110 112 113 -1 72 114 112 -1 112 110 72 -1 115 71 70 -1 70 5 115 -1 63 116 61 -1 63 20 116 -1 117 21 118 -1 119 78 75 -1 120 78 77 -1 121 78 122 -1 123 78 124 -1 125 78 126 -1 127 128 58 -1 129 95 130 -1 130 131 129 -1 132 133 88 -1 133 60 88 -1 46 134 135 -1 46 45 28 -1 28 134 46 -1 136 29 137 -1 101 27 29 -1 29 138 101 -1 139 140 141 -1 142 139 143 -1 144 139 145 -1 146 139 147 -1 139 148 149 -1 150 151 32 -1 150 16 151 -1 152 22 48 -1 153 49 48 -1 15 154 48 -1 155 156 157 -1 156 98 157 -1 158 85 159 -1 160 67 161 -1 160 65 67 -1 61 116 161 -1 161 67 61 -1 162 152 50 -1 162 84 152 -1 163 164 10 -1 154 153 48 -1 165 49 153 -1 22 15 48 -1 48 50 152 -1 148 139 146 -1 147 139 144 -1 145 139 142 -1 143 139 166 -1 57 167 168 -1 57 54 167 -1 136 138 29 -1 44 41 43 -1 169 112 170 -1 171 172 173 -1 172 174 173 -1 175 89 12 -1 41 44 14 -1 44 135 14 -1 176 97 81 -1 176 174 97 -1 129 92 95 -1 129 177 92 -1 58 60 133 -1 126 78 123 -1 124 78 121 -1 122 78 120 -1 76 78 119 -1 125 75 78 -1 157 99 87 -1 157 98 99 -1 178 179 69 -1 69 71 178 -1 106 8 107 -1 6 110 113 -1 110 6 111 -1 25 24 107 -1 106 107 3 -1 105 4 3 -1 2 104 3 -1 168 180 181 -1 168 167 180 -1 158 182 183 -1 156 100 98 -1 156 184 100 -1 185 186 96 -1 96 97 185 -1 82 80 187 -1 95 9 130 -1 95 94 9 -1 87 34 33 -1 33 157 87 -1 155 84 83 -1 81 74 176 -1 81 82 74 -1 90 188 171 -1 171 173 90 -1 115 5 4 -1 67 64 61 -1 67 68 64 -1 128 59 58 -1 107 8 25 -1 181 101 168 -1 181 103 101 -1 141 166 139 -1 149 140 139 -1 50 49 162 -1 170 134 169 -1 135 44 46 -1 137 189 136 -1 102 7 113 -1 7 6 113 -1 28 45 29 -1 45 137 29 -1 190 40 39 -1 191 192 164 -1 164 153 191 -1 35 36 193 -1 0 194 24 -1 24 23 0 -1 152 84 151 -1 154 191 153 -1 154 195 191 -1 33 32 84 -1 32 151 84 -1 196 31 34 -1 197 198 199 -1 198 200 199 -1 47 201 1 -1 97 202 185 -1 203 190 41 -1 190 42 41 -1 80 159 162 -1 80 79 159 -1 186 185 160 -1 165 204 49 -1 165 93 204 -1 42 190 39 -1 160 182 186 -1 205 178 105 -1 105 206 205 -1 2 194 0 -1 117 108 21 -1 72 110 70 -1 71 115 178 -1 106 6 8 -1 106 111 6 -1 206 104 201 -1 206 105 104 -1 201 2 1 -1 104 2 201 -1 178 108 117 -1 205 108 178 -1 172 65 202 -1 65 172 66 -1 158 79 96 -1 159 79 158 -1 94 165 163 -1 94 93 165 -1 41 13 203 -1 14 13 41 -1 66 171 207 -1 66 172 171 -1 208 175 209 -1 208 188 175 -1 182 96 186 -1 96 182 158 -1 80 49 204 -1 80 162 49 -1 199 201 47 -1 199 200 201 -1 34 197 196 -1 86 197 34 -1 198 18 21 -1 18 198 210 -1 116 184 161 -1 184 116 100 -1 196 211 31 -1 196 212 211 -1 213 214 215 -1 214 213 17 -1 38 154 15 -1 38 195 154 -1 10 192 11 -1 164 192 10 -1 22 151 16 -1 22 152 151 -1 189 42 39 -1 43 42 189 -1 134 30 169 -1 134 28 30 -1 109 205 206 -1 108 205 109 -1 140 216 217 -1 216 140 149 -1 167 218 180 -1 218 167 219 -1 220 141 221 -1 220 166 141 -1 222 136 223 -1 56 136 222 -1 138 168 101 -1 168 138 57 -1 26 103 181 -1 26 7 103 -1 149 224 216 -1 149 148 224 -1 225 147 226 -1 147 225 146 -1 144 227 228 -1 145 227 144 -1 142 229 230 -1 143 229 142 -1 141 217 221 -1 141 140 217 -1 195 231 191 -1 231 195 232 -1 233 11 192 -1 234 11 233 -1 235 189 39 -1 236 189 235 -1 222 54 56 -1 222 52 54 -1 232 226 231 -1 226 232 225 -1 228 234 233 -1 227 234 228 -1 230 236 235 -1 229 236 230 -1 52 221 217 -1 221 52 222 -1 117 179 178 -1 118 179 117 -1 237 238 239 -1 237 114 238 -1 208 240 207 -1 208 241 240 -1 242 90 173 -1 242 91 90 -1 75 243 73 -1 75 125 243 -1 244 119 245 -1 119 244 76 -1 126 133 132 -1 123 133 126 -1 58 121 127 -1 121 58 124 -1 122 129 131 -1 120 129 122 -1 157 84 155 -1 157 33 84 -1 13 59 203 -1 59 13 60 -1 128 9 40 -1 130 9 128 -1 204 187 80 -1 187 204 246 -1 183 184 156 -1 183 182 184 -1 219 215 218 -1 219 213 215 -1 24 2 3 -1 24 194 2 -1 181 23 26 -1 23 181 180 -1 197 212 196 -1 212 197 199 -1 179 238 69 -1 179 62 238 -1 31 150 32 -1 31 211 150 -1 86 99 210 -1 87 99 86 -1 177 246 92 -1 177 244 246 -1 82 245 74 -1 245 82 187 -1 73 176 74 -1 73 242 176 -1 135 209 14 -1 135 247 209 -1 90 175 188 -1 175 90 89 -1 202 174 172 -1 202 97 174 -1 207 68 66 -1 240 68 207 -1 247 237 241 -1 247 170 237 -1 170 114 237 -1 112 114 170 -1 164 165 153 -1 163 165 164 -1 156 83 183 -1 156 155 83 -1 183 85 158 -1 183 83 85 -1 51 213 219 -1 37 213 51 -1 169 113 112 -1 30 113 169 -1 134 247 135 -1 134 170 247 -1 64 240 239 -1 64 68 240 -1 209 241 208 -1 247 241 209 -1 243 88 91 -1 243 132 88 -1 246 245 187 -1 246 244 245 -1 128 131 130 -1 131 128 127 -1 63 21 20 -1 248 21 63 -1 118 21 248 -1 210 19 18 -1 210 99 19 -1 214 211 193 -1 211 214 150 -1 239 62 64 -1 238 62 239 -1 115 105 178 -1 115 4 105 -1 109 198 21 -1 109 200 198 -1 212 47 35 -1 199 47 212 -1 218 36 55 -1 218 215 36 -1 17 150 214 -1 16 150 17 -1 204 92 246 -1 204 93 92 -1 128 203 59 -1 128 190 203 -1 128 40 190 -1 88 12 89 -1 60 12 88 -1 60 13 12 -1 242 174 176 -1 242 173 174 -1 162 85 84 -1 85 162 159 -1 120 177 129 -1 77 177 120 -1 127 122 131 -1 122 127 121 -1 133 124 58 -1 124 133 123 -1 125 132 243 -1 126 132 125 -1 245 75 74 -1 75 245 119 -1 77 244 177 -1 76 244 77 -1 91 73 243 -1 73 91 242 -1 239 241 237 -1 240 241 239 -1 69 114 72 -1 238 114 69 -1 62 248 63 -1 118 62 179 -1 62 118 248 -1 216 249 53 -1 216 224 249 -1 236 220 223 -1 220 236 229 -1 227 235 234 -1 230 235 227 -1 231 228 233 -1 228 231 226 -1 224 232 249 -1 225 232 224 -1 53 37 51 -1 53 38 37 -1 53 249 38 -1 189 223 136 -1 223 189 236 -1 234 39 11 -1 235 39 234 -1 191 233 192 -1 233 191 231 -1 249 195 38 -1 232 195 249 -1 229 166 220 -1 166 229 143 -1 145 230 227 -1 142 230 145 -1 226 144 228 -1 144 226 147 -1 148 225 224 -1 146 225 148 -1 136 57 138 -1 57 136 56 -1 221 223 220 -1 222 223 221 -1 180 55 23 -1 55 180 218 -1 54 219 167 -1 219 54 51 -1 217 53 52 -1 53 217 216 -1 206 200 109 -1 206 201 200 -1 30 102 113 -1 102 30 27 -1 189 45 43 -1 137 45 189 -1 17 37 15 -1 213 37 17 -1 215 193 36 -1 193 215 214 -1 193 212 35 -1 211 212 193 -1 184 160 161 -1 160 184 182 -1 116 19 100 -1 20 19 116 -1 197 210 198 -1 210 197 86 -1 207 188 208 -1 207 171 188 -1 209 12 14 -1 12 209 175 -1 163 9 94 -1 10 9 163 -1 202 160 185 -1 160 202 65 -1 111 5 70 -1 111 106 5 -1' creaseAngle='1.571'>
            <Coordinate DEF='rtrpzoid_Coord' point='-6.9127 28.3795 2.7399 -6.9104 28.3897 2.7376 -6.8915 28.3876 2.7491 -6.8465 28.4046 2.7799 -6.7813 28.4273 2.7921 -6.7818 28.4215 2.8235 -6.9045 28.3159 2.8687 -6.9213 28.3035 2.8622 -6.9129 28.3117 2.8472 -7.3492 28.5499 3.181 -7.3553 28.5477 3.1611 -7.3512 28.5388 3.1803 -7.0318 28.5489 3.3232 -7.0563 28.5359 3.3281 -7.0495 28.5254 3.3256 -7.0961 28.5124 2.9416 -7.0432 28.5257 2.8754 -7.0519 28.4749 2.8749 -6.7844 28.6148 2.7157 -6.8158 28.6524 2.7749 -6.8029 28.6488 2.7837 -6.7717 28.6054 2.7167 -7.0479 28.5322 2.8803 -6.9422 28.3515 2.7553 -6.9318 28.3501 2.76 -6.9231 28.327 2.8079 -6.931 28.3277 2.8101 -6.9433 28.397 3.0627 -6.987 28.4105 3.1306 -6.998 28.4099 3.1268 -6.9357 28.401 3.0686 -6.9737 28.5883 2.6742 -6.9952 28.609 2.7778 -6.9904 28.6168 2.7781 -6.9629 28.5966 2.678 -6.9693 28.4031 2.7218 -6.9729 28.3955 2.7245 -7.0956 28.5041 2.9483 -7.0998 28.5072 2.9487 -7.2945 28.4804 3.2912 -7.2946 28.4852 3.2946 -7.2052 28.4705 3.3188 -7.2775 28.4761 3.2951 -7.1672 28.4456 3.254 -7.118 28.4516 3.2845 -7.0759 28.4279 3.192 -7.0385 28.4643 3.2451 -6.9202 28.4132 2.7265 -7.0976 28.577 2.9137 -7.2065 28.6916 2.9537 -7.1095 28.655 2.9346 -7.0928 28.4838 2.9765 -7.1184 28.4737 3.0353 -7.1231 28.4895 3.0103 -7.0897 28.4602 3.0094 -6.9576 28.3739 2.7379 -7.087 28.4508 3.0767 -7.0673 28.4448 3.0408 -7.2012 28.584 3.2879 -7.208 28.53 3.3106 -7.093 28.5764 3.3089 -6.8047 28.6879 2.8962 -6.7811 28.6092 2.8915 -6.7917 28.6328 2.8345 -6.7863 28.6765 2.9517 -6.7948 28.8038 3.0023 -6.7792 28.7945 3.0352 -6.7884 28.7561 2.9597 -6.7823 28.7407 3.0013 -6.7757 28.5363 2.8882 -6.7796 28.4231 2.8461 -6.7573 28.4637 2.8117 -6.7881 28.4861 2.9309 -7.0213 28.7247 3.149 -7.0355 28.7522 3.0927 -7.1063 28.7093 3.1422 -7.1879 28.6837 3.1189 -7.2185 28.6717 3.129 -7.1739 28.6588 3.1878 -7.0199 28.7474 2.996 -7.0856 28.7172 3.0043 -6.9938 28.7574 3.0336 -7.0615 28.7379 3.0442 -6.9658 28.6792 2.8985 -7.0119 28.634 2.8813 -6.9855 28.7047 2.9291 -6.924 28.5975 2.6759 -6.9313 28.6077 2.6954 -6.9964 28.6528 3.273 -6.932 28.6431 3.2856 -6.9034 28.7082 3.2057 -6.9653 28.7009 3.2046 -7.2869 28.6687 3.0426 -7.3056 28.654 3.0247 -7.3595 28.6159 3.0742 -7.3284 28.6256 3.0973 -6.956 28.7784 2.9867 -6.926 28.7767 3.0231 -6.9152 28.6571 2.8025 -6.8898 28.6231 2.7227 -6.8375 28.6965 2.8433 -7.0093 28.3936 3.0063 -6.8938 28.3874 3.0034 -6.9736 28.358 2.9405 -6.8681 28.4178 2.7416 -6.7989 28.4364 2.767 -6.8391 28.3524 2.8627 -6.9062 28.3409 2.8024 -6.7599 28.545 2.7376 -6.7825 28.528 2.7281 -6.8191 28.3961 2.9505 -6.8334 28.3534 2.8866 -6.8248 28.4725 3.0578 -6.884 28.39 3.0046 -6.8045 28.5338 2.9878 -6.7641 28.4466 2.7999 -6.8245 28.6915 2.8482 -6.754 28.5611 2.7486 -6.7653 28.6005 2.7788 -7.1556 28.6908 3.1242 -7.2328 28.6478 3.1563 -7.2158 28.6161 3.2266 -7.2359 28.6283 3.1934 -7.1553 28.6422 3.2356 -7.1896 28.625 3.2404 -7.1017 28.6801 3.1982 -7.1181 28.6613 3.2229 -7.2533 28.5666 3.2604 -7.2775 28.5257 3.282 -7.2871 28.6298 3.1203 -7.3277 28.5683 3.1912 -7.2936 28.5908 3.1942 -7.0598 28.6563 3.2529 -7.1337 28.6182 3.2779 -6.9591 28.4774 3.2057 -7.004 28.506 3.2818 -7.0912 28.4449 3.1451 -7.0802 28.4274 3.1831 -7.0449 28.4295 3.0723 -7.1977 28.5087 3.0925 -7.1704 28.4973 3.0736 -7.1716 28.4953 3.0891 -7.2205 28.5022 3.1392 -7.1913 28.4937 3.1298 -7.2362 28.5212 3.0813 -7.2356 28.5157 3.1142 -7.1907 28.5153 3.0533 -7.2149 28.5252 3.0575 -7.1737 28.5078 3.0572 -7.1721 28.5026 3.0654 -6.9963 28.5133 2.8005 -7.0125 28.6241 2.8741 -7.0193 28.629 2.8818 -7.264 28.5846 2.9432 -7.1658 28.5378 2.931 -6.9608 28.6657 2.8827 -6.9078 28.7012 2.8863 -6.9552 28.6356 2.7895 -6.9568 28.7735 2.9741 -7.0192 28.7422 2.983 -6.8076 28.8083 2.9765 -6.7962 28.7649 2.9251 -7.0841 28.7101 2.9918 -7.3648 28.6076 3.0665 -7.3611 28.5635 3.0437 -7.3083 28.6461 3.0145 -7.1728 28.4934 3.1046 -7.0411 28.4277 2.9421 -7.0252 28.4106 2.9742 -6.8919 28.4747 3.1317 -6.8594 28.5097 3.1564 -6.8125 28.7534 3.1076 -6.7869 28.7994 3.0392 -6.8981 28.7368 3.1346 -6.9052 28.7643 3.0659 -6.9011 28.6194 3.2919 -6.9765 28.7576 3.0806 -7.2596 28.677 3.066 -6.7391 28.491 2.7816 -6.7613 28.5799 2.8403 -6.9925 28.3955 2.875 -6.9831 28.3767 2.9077 -6.8277 28.8047 2.964 -6.9179 28.7283 2.9181 -6.8091 28.7692 2.9206 -6.8165 28.8117 2.9846 -6.8258 28.8096 2.9747 -7.1103 28.7194 3.0267 -6.8388 28.707 3.1789 -7.1636 28.4449 3.24 -7.2904 28.4812 3.2976 -7.2646 28.5787 2.9458 -7.356 28.5564 3.0441 -6.9762 28.4062 2.7251 -6.9092 28.3759 2.7457 -7.1693 28.5323 2.938 -6.966 28.5847 2.6712 -6.9245 28.5845 2.6699 -6.8756 28.5855 2.6704 -6.9106 28.4916 2.696 -6.8715 28.4968 2.703 -6.8789 28.4268 2.7285 -6.8027 28.808 3.008 -7.2119 28.4798 3.3225 -7.2109 28.6975 2.963 -6.7459 28.4933 2.7657 -6.7979 28.4525 2.7545 -6.8056 28.7462 3.1055 -6.832 28.6983 3.1759 -6.895 28.6091 3.2887 -6.878 28.5981 2.6753 -6.957 28.4869 2.6932 -6.9496 28.4864 2.689 -7.0522 28.4664 2.8801 -7.0102 28.4381 2.8079 -7.0095 28.4295 2.8129 -7.1463 28.4974 3.0385 -7.1434 28.487 3.0553 -7.0022 28.4144 2.8423 -7.0475 28.4489 2.9093 -7.1478 28.4789 3.1175 -7.1405 28.4796 3.0855 -7.1164 28.4641 3.0811 -7.1246 28.4611 3.1288 -7.1493 28.5078 3.0218 -7.1841 28.5231 3.0145 -7.2309 28.5423 3.0226 -7.273 28.5235 3.1359 -7.2737 28.5345 3.07 -7.185 28.4795 3.1676 -7.2431 28.4967 3.186 -7.2495 28.5564 2.9863 -7.1778 28.527 2.9744 -7.3126 28.5442 3.0582 -7.3117 28.5277 3.1576 -7.2667 28.4876 3.2318 -7.1794 28.462 3.2036 -6.8248 28.5785 3.0644 -6.7928 28.5714 2.9397 -6.8056 28.6274 3.0081 -6.8074 28.6961 3.0732 -6.8325 28.6519 3.1451 -6.9647 28.7297 3.1413 -7.0271 28.6938 3.2036 -7.1995 28.7003 3.0464 -7.1339 28.7147 3.0574 -7.2056 28.7008 3.0086 -6.8924 28.5742 3.2636 -6.7829 28.6218 2.8117 -7.1277 28.5053 2.9854'/>
          </IndexedFaceSet>
        </Shape>
        <Shape DEF='rtrqtral'>
          <Appearance>
            <PhysicalMaterial baseColor='1 0.9765 0.8667' metallic='0' roughness='0.72'/>
          </Appearance>
          <IndexedFaceSet DEF='rtrqtral_Geo' coordIndex='0 1 2 -1 3 4 5 -1 6 7 8 -1 9 10 11 -1 12 13 14 -1 13 15 14 -1 16 17 18 -1 18 19 16 -1 20 21 22 -1 20 23 21 -1 24 25 26 -1 27 28 29 -1 27 30 28 -1 31 32 33 -1 34 35 36 -1 37 38 39 -1 40 41 42 -1 43 44 45 -1 46 44 47 -1 47 48 46 -1 49 50 51 -1 52 53 54 -1 52 55 53 -1 56 8 57 -1 58 59 60 -1 61 62 63 -1 63 64 61 -1 65 66 67 -1 68 69 2 -1 70 71 72 -1 72 73 70 -1 74 75 57 -1 76 77 78 -1 79 80 81 -1 79 82 80 -1 83 84 42 -1 85 86 87 -1 85 73 86 -1 88 89 90 -1 91 92 93 -1 93 94 91 -1 52 95 96 -1 95 97 96 -1 98 99 100 -1 101 102 103 -1 101 0 102 -1 104 55 105 -1 106 107 108 -1 106 109 107 -1 57 75 110 -1 111 112 113 -1 114 115 116 -1 115 117 116 -1 9 118 119 -1 9 120 118 -1 121 122 123 -1 1 124 2 -1 33 30 31 -1 33 28 30 -1 108 125 106 -1 76 126 127 -1 128 129 130 -1 131 132 133 -1 112 111 134 -1 135 136 137 -1 69 68 133 -1 138 139 50 -1 138 140 139 -1 141 142 143 -1 63 13 64 -1 63 15 13 -1 109 144 107 -1 109 61 144 -1 145 146 147 -1 145 148 146 -1 149 150 151 -1 152 41 40 -1 153 154 41 -1 88 83 89 -1 88 84 83 -1 6 8 155 -1 108 156 157 -1 156 5 157 -1 92 158 93 -1 91 159 160 -1 161 162 163 -1 14 146 164 -1 14 15 146 -1 165 166 167 -1 168 169 170 -1 171 99 172 -1 173 19 18 -1 173 174 19 -1 175 174 173 -1 173 176 175 -1 17 16 177 -1 178 179 180 -1 181 182 183 -1 7 154 153 -1 7 6 154 -1 74 57 184 -1 57 185 184 -1 186 187 188 -1 187 45 188 -1 19 104 16 -1 19 189 104 -1 190 191 66 -1 191 67 66 -1 192 193 12 -1 192 194 193 -1 195 196 60 -1 196 197 60 -1 48 198 199 -1 200 201 135 -1 135 202 200 -1 198 165 106 -1 106 199 198 -1 136 165 198 -1 136 166 165 -1 125 186 188 -1 46 199 188 -1 107 203 204 -1 204 156 107 -1 14 205 192 -1 192 12 14 -1 142 141 168 -1 141 206 168 -1 16 104 207 -1 207 177 16 -1 19 174 189 -1 174 208 189 -1 209 51 123 -1 210 85 211 -1 85 29 211 -1 90 212 27 -1 27 87 90 -1 39 213 36 -1 214 78 129 -1 90 94 212 -1 215 216 208 -1 208 53 189 -1 208 216 53 -1 217 218 219 -1 217 37 218 -1 63 147 146 -1 146 15 63 -1 218 220 219 -1 158 221 150 -1 8 7 222 -1 110 56 57 -1 41 154 223 -1 88 224 84 -1 88 86 224 -1 30 225 226 -1 226 31 30 -1 181 31 226 -1 95 227 194 -1 62 109 165 -1 62 61 109 -1 65 228 112 -1 172 229 169 -1 230 231 10 -1 120 124 1 -1 120 232 124 -1 233 234 117 -1 234 235 117 -1 44 236 47 -1 44 43 236 -1 109 106 165 -1 237 238 239 -1 240 113 112 -1 80 241 242 -1 80 82 241 -1 243 244 220 -1 244 219 220 -1 108 157 125 -1 31 181 32 -1 224 86 73 -1 73 72 224 -1 124 245 2 -1 2 102 0 -1 246 120 9 -1 246 232 120 -1 134 65 112 -1 134 66 65 -1 107 156 108 -1 192 95 194 -1 192 97 95 -1 104 53 55 -1 104 189 53 -1 247 0 101 -1 247 118 0 -1 140 230 139 -1 140 231 230 -1 58 110 59 -1 248 249 210 -1 249 70 210 -1 242 250 251 -1 252 80 242 -1 242 253 252 -1 42 84 224 -1 224 40 42 -1 204 75 3 -1 75 74 3 -1 71 254 255 -1 255 72 71 -1 85 70 73 -1 85 210 70 -1 204 203 75 -1 48 199 46 -1 56 110 58 -1 155 8 56 -1 53 216 54 -1 50 49 138 -1 45 44 188 -1 44 46 188 -1 115 256 257 -1 115 258 256 -1 259 161 260 -1 218 37 39 -1 261 24 26 -1 212 30 27 -1 212 225 30 -1 262 263 264 -1 105 207 104 -1 105 265 207 -1 266 267 268 -1 269 270 143 -1 146 148 142 -1 142 164 146 -1 196 13 12 -1 12 193 196 -1 271 154 6 -1 8 222 57 -1 272 273 274 -1 275 159 276 -1 275 160 159 -1 277 278 279 -1 278 277 280 -1 176 281 175 -1 176 282 281 -1 283 216 284 -1 216 283 54 -1 197 227 285 -1 227 197 194 -1 148 143 142 -1 148 269 143 -1 209 266 268 -1 209 286 266 -1 267 287 268 -1 267 288 287 -1 289 177 290 -1 289 17 177 -1 291 292 293 -1 291 294 292 -1 295 262 264 -1 295 296 262 -1 297 298 299 -1 297 300 298 -1 183 301 302 -1 303 301 183 -1 304 305 211 -1 304 306 305 -1 128 179 307 -1 128 130 179 -1 308 25 24 -1 25 308 309 -1 310 311 214 -1 310 312 311 -1 313 314 315 -1 316 314 313 -1 317 318 319 -1 317 320 318 -1 321 272 322 -1 272 321 323 -1 324 325 326 -1 325 324 273 -1 259 327 328 -1 327 259 260 -1 329 113 240 -1 329 330 113 -1 114 258 115 -1 114 331 258 -1 256 131 257 -1 256 332 131 -1 333 334 335 -1 334 333 336 -1 337 338 339 -1 340 338 337 -1 167 201 341 -1 167 166 201 -1 229 99 98 -1 172 99 229 -1 342 121 343 -1 121 342 300 -1 344 345 346 -1 347 345 344 -1 265 96 98 -1 265 105 96 -1 56 284 155 -1 56 283 284 -1 348 349 145 -1 348 228 349 -1 245 235 234 -1 350 235 245 -1 33 304 28 -1 33 351 304 -1 255 352 353 -1 255 254 352 -1 354 248 355 -1 248 354 249 -1 356 357 358 -1 356 359 357 -1 360 361 4 -1 360 362 361 -1 4 352 360 -1 4 184 352 -1 363 364 252 -1 364 363 365 -1 255 224 72 -1 40 224 255 -1 359 364 357 -1 364 359 81 -1 366 242 251 -1 253 242 366 -1 126 162 241 -1 163 162 126 -1 355 79 354 -1 178 79 355 -1 293 367 291 -1 293 280 367 -1 295 280 293 -1 295 278 280 -1 60 285 58 -1 60 197 285 -1 110 203 59 -1 110 75 203 -1 368 140 347 -1 368 231 140 -1 247 119 118 -1 369 119 247 -1 370 340 371 -1 370 336 340 -1 372 312 310 -1 372 373 312 -1 374 375 376 -1 374 377 375 -1 237 330 329 -1 237 378 330 -1 206 231 368 -1 10 231 206 -1 379 380 320 -1 381 380 379 -1 191 232 246 -1 191 350 232 -1 103 342 101 -1 103 382 342 -1 233 68 234 -1 133 68 233 -1 383 332 256 -1 384 332 383 -1 286 262 266 -1 263 262 286 -1 353 40 255 -1 353 152 40 -1 371 337 385 -1 340 337 371 -1 386 24 302 -1 386 308 24 -1 387 378 388 -1 387 330 378 -1 315 389 384 -1 315 314 389 -1 250 241 162 -1 250 242 241 -1 252 374 363 -1 374 252 253 -1 339 372 386 -1 338 372 339 -1 384 390 332 -1 389 390 384 -1 115 233 117 -1 115 257 233 -1 240 391 329 -1 202 391 240 -1 43 217 236 -1 217 43 392 -1 341 200 112 -1 201 200 341 -1 122 300 297 -1 300 122 121 -1 337 23 385 -1 337 21 23 -1 385 103 371 -1 385 382 103 -1 0 120 1 -1 0 118 120 -1 350 124 232 -1 350 245 124 -1 368 168 206 -1 368 171 168 -1 265 393 207 -1 265 394 393 -1 228 341 112 -1 228 348 341 -1 270 349 67 -1 349 270 269 -1 13 195 64 -1 196 195 13 -1 351 306 304 -1 351 395 306 -1 70 356 71 -1 70 249 356 -1 360 254 358 -1 360 352 254 -1 58 283 56 -1 283 58 285 -1 264 278 295 -1 396 278 264 -1 276 367 275 -1 276 397 367 -1 282 271 281 -1 282 398 271 -1 150 182 158 -1 182 150 149 -1 221 92 399 -1 158 92 221 -1 314 400 389 -1 401 400 314 -1 334 390 335 -1 334 132 390 -1 328 250 259 -1 328 251 250 -1 326 366 324 -1 326 377 366 -1 38 217 392 -1 38 37 217 -1 239 34 237 -1 35 34 239 -1 147 62 402 -1 63 62 147 -1 48 403 137 -1 48 47 403 -1 236 219 244 -1 236 217 219 -1 346 100 344 -1 346 394 100 -1 404 290 405 -1 404 289 290 -1 406 294 291 -1 294 406 407 -1 159 223 398 -1 83 223 159 -1 89 94 90 -1 91 94 89 -1 27 85 87 -1 85 27 29 -1 211 248 210 -1 248 211 305 -1 355 179 178 -1 355 307 179 -1 130 78 77 -1 130 129 78 -1 25 395 351 -1 395 25 309 -1 33 261 26 -1 261 33 32 -1 226 182 181 -1 226 158 182 -1 226 93 158 -1 93 226 225 -1 126 311 408 -1 126 76 311 -1 161 316 313 -1 161 163 316 -1 318 260 319 -1 327 260 318 -1 273 323 325 -1 273 272 323 -1 222 153 409 -1 222 7 153 -1 361 5 4 -1 157 5 361 -1 376 392 43 -1 392 376 375 -1 39 410 213 -1 410 39 38 -1 281 6 411 -1 281 271 6 -1 174 215 208 -1 174 175 215 -1 290 207 393 -1 207 290 177 -1 287 412 413 -1 412 287 405 -1 49 209 268 -1 51 209 49 -1 122 263 286 -1 122 297 263 -1 299 396 264 -1 396 299 20 -1 151 303 149 -1 151 22 303 -1 51 414 123 -1 51 50 414 -1 369 230 119 -1 369 139 230 -1 141 10 206 -1 141 11 10 -1 168 164 142 -1 170 164 168 -1 9 270 246 -1 9 11 270 -1 111 116 134 -1 111 114 116 -1 331 388 381 -1 387 388 331 -1 322 274 380 -1 322 272 274 -1 144 203 107 -1 144 59 203 -1 204 5 156 -1 5 204 3 -1 135 166 136 -1 135 201 166 -1 415 238 391 -1 415 243 238 -1 220 35 239 -1 220 218 35 -1 35 39 36 -1 218 39 35 -1 243 239 238 -1 239 243 220 -1 135 391 202 -1 391 135 415 -1 199 125 188 -1 199 106 125 -1 60 144 195 -1 60 59 144 -1 196 194 197 -1 196 193 194 -1 380 388 322 -1 388 380 381 -1 387 114 111 -1 331 114 387 -1 190 134 116 -1 190 66 134 -1 246 67 191 -1 270 67 246 -1 170 14 164 -1 170 205 14 -1 119 10 9 -1 230 10 119 -1 139 414 50 -1 139 369 414 -1 182 303 183 -1 182 149 303 -1 396 22 151 -1 396 20 22 -1 264 297 299 -1 297 264 263 -1 122 209 123 -1 122 286 209 -1 268 413 49 -1 413 268 287 -1 405 393 412 -1 393 405 290 -1 175 411 215 -1 411 175 281 -1 375 38 392 -1 38 375 410 -1 43 187 376 -1 187 43 45 -1 125 361 186 -1 125 157 361 -1 3 184 4 -1 184 3 74 -1 409 57 222 -1 409 185 57 -1 36 325 323 -1 213 325 36 -1 327 274 273 -1 327 318 274 -1 313 260 161 -1 260 313 319 -1 408 163 126 -1 163 408 316 -1 76 214 311 -1 76 78 214 -1 94 225 212 -1 94 93 225 -1 183 32 181 -1 32 183 261 -1 26 351 33 -1 351 26 25 -1 129 309 214 -1 129 395 309 -1 179 77 180 -1 77 179 130 -1 305 355 248 -1 355 305 307 -1 91 83 159 -1 83 91 89 -1 154 398 223 -1 271 398 154 -1 397 291 367 -1 291 397 406 -1 294 289 404 -1 294 407 289 -1 394 412 393 -1 346 412 394 -1 344 99 171 -1 344 100 99 -1 171 169 168 -1 171 172 169 -1 47 244 403 -1 47 236 244 -1 137 198 48 -1 198 137 136 -1 167 62 165 -1 62 167 402 -1 322 378 321 -1 322 388 378 -1 377 410 375 -1 326 410 377 -1 324 251 328 -1 324 366 251 -1 162 259 250 -1 161 259 162 -1 133 334 69 -1 334 133 132 -1 335 389 400 -1 335 390 389 -1 316 401 314 -1 408 401 316 -1 91 399 92 -1 91 160 399 -1 296 266 262 -1 267 266 296 -1 407 17 289 -1 407 18 17 -1 282 397 276 -1 397 282 176 -1 150 279 151 -1 221 279 150 -1 176 406 397 -1 406 176 173 -1 411 155 284 -1 155 411 6 -1 83 41 223 -1 41 83 42 -1 409 41 152 -1 409 153 41 -1 341 402 167 -1 341 348 402 -1 61 195 144 -1 195 61 64 -1 229 192 205 -1 229 97 192 -1 269 145 349 -1 269 148 145 -1 346 413 412 -1 346 345 413 -1 2 370 102 -1 370 2 69 -1 101 343 247 -1 101 342 343 -1 385 298 382 -1 385 23 298 -1 302 339 386 -1 302 301 339 -1 243 403 244 -1 243 415 403 -1 200 240 112 -1 200 202 240 -1 69 336 370 -1 69 334 336 -1 256 379 383 -1 256 258 379 -1 373 335 400 -1 373 333 335 -1 310 386 372 -1 310 308 386 -1 81 354 79 -1 81 359 354 -1 377 253 366 -1 377 374 253 -1 373 401 312 -1 400 401 373 -1 320 383 379 -1 320 317 383 -1 357 365 362 -1 365 357 364 -1 185 152 353 -1 185 409 152 -1 317 384 383 -1 384 317 315 -1 257 133 233 -1 133 257 131 -1 300 382 298 -1 382 300 342 -1 414 247 343 -1 369 247 414 -1 116 235 190 -1 116 117 235 -1 258 381 379 -1 381 258 331 -1 11 143 270 -1 11 141 143 -1 345 49 413 -1 49 345 138 -1 321 237 34 -1 321 378 237 -1 363 376 187 -1 376 363 374 -1 372 333 373 -1 372 338 333 -1 102 371 103 -1 102 370 371 -1 171 347 344 -1 171 368 347 -1 98 97 229 -1 96 97 98 -1 227 52 54 -1 227 95 52 -1 296 288 267 -1 296 292 288 -1 399 279 221 -1 277 279 399 -1 277 160 275 -1 277 399 160 -1 292 404 288 -1 404 292 294 -1 86 90 87 -1 86 88 90 -1 127 241 82 -1 126 241 127 -1 358 71 356 -1 358 254 71 -1 187 365 363 -1 365 187 186 -1 252 81 80 -1 81 252 364 -1 82 180 127 -1 79 180 82 -1 178 180 79 -1 362 186 361 -1 186 362 365 -1 358 362 360 -1 358 357 362 -1 359 249 354 -1 249 359 356 -1 128 395 129 -1 395 128 306 -1 353 184 185 -1 353 352 184 -1 2 234 68 -1 245 234 2 -1 350 190 235 -1 191 190 350 -1 67 228 65 -1 349 228 67 -1 145 402 348 -1 147 402 145 -1 105 52 96 -1 105 55 52 -1 98 394 265 -1 100 394 98 -1 347 138 345 -1 140 138 347 -1 343 123 414 -1 123 343 121 -1 205 169 229 -1 170 169 205 -1 415 137 403 -1 137 415 135 -1 301 337 339 -1 337 301 21 -1 333 340 336 -1 333 338 340 -1 132 332 390 -1 131 332 132 -1 113 387 111 -1 113 330 387 -1 329 238 237 -1 329 391 238 -1 328 273 324 -1 273 328 327 -1 213 326 325 -1 213 410 326 -1 323 34 36 -1 323 321 34 -1 320 274 318 -1 320 380 274 -1 319 315 317 -1 313 315 319 -1 312 408 311 -1 312 401 408 -1 214 308 310 -1 309 308 214 -1 180 76 127 -1 180 77 76 -1 307 306 128 -1 305 306 307 -1 28 211 29 -1 28 304 211 -1 261 302 24 -1 183 302 261 -1 303 21 301 -1 22 21 303 -1 23 299 298 -1 299 23 20 -1 293 296 295 -1 293 292 296 -1 173 407 406 -1 173 18 407 -1 288 405 287 -1 288 404 405 -1 285 54 283 -1 54 285 227 -1 284 215 411 -1 215 284 216 -1 275 280 277 -1 280 275 367 -1 279 396 151 -1 396 279 278 -1 398 276 159 -1 398 282 276 -1' creaseAngle='1.571'>
            <Coordinate DEF='rtrqtral_Coord' point='-7.674 28.7231 1.9466 -7.6908 28.7507 1.9861 -7.6701 28.7987 1.9946 -7.3805 28.8443 2.271 -7.3763 28.8536 2.2691 -7.384 28.852 2.2769 -7.3484 28.6988 2.0817 -7.3554 28.7488 2.1299 -7.3822 28.7279 2.1353 -7.7178 28.6643 1.9787 -7.7135 28.6545 1.9758 -7.7158 28.6636 1.9904 -7.5419 28.6765 2.1391 -7.5355 28.6931 2.155 -7.6107 28.6728 2.1186 -7.6131 28.7062 2.1255 -7.4909 28.5953 2.0046 -7.4861 28.5983 1.9918 -7.477 28.6211 1.9822 -7.4712 28.6127 2.0117 -7.4984 28.7779 1.8533 -7.4628 28.866 1.9007 -7.4353 28.8467 1.8757 -7.5209 28.7915 1.8792 -7.3987 28.9678 1.968 -7.3876 28.9826 1.9862 -7.3799 28.9671 1.9669 -7.3344 28.8818 2.0321 -7.3636 28.9391 2.0192 -7.3539 28.9122 2.0673 -7.3459 28.8919 2.0006 -7.3604 28.9048 1.9635 -7.3778 28.9346 1.943 -7.3719 28.9624 1.9702 -7.5479 29.0393 2.4024 -7.5377 29.0143 2.4411 -7.5124 29.0596 2.4047 -7.5023 29.0185 2.4313 -7.4713 29.0227 2.411 -7.5085 29.0567 2.4078 -7.3842 28.8236 2.0751 -7.3592 28.7799 2.08 -7.3757 28.8039 2.0338 -7.4436 28.982 2.3888 -7.4521 28.944 2.3716 -7.4349 28.9457 2.3635 -7.468 28.9041 2.3349 -7.5316 28.9311 2.3799 -7.5625 28.8912 2.3136 -7.6002 28.6068 1.8742 -7.6623 28.6345 1.8632 -7.6338 28.6432 1.8385 -7.4994 28.6452 2.0827 -7.4706 28.6355 2.0574 -7.4665 28.6667 2.0905 -7.4859 28.6232 2.0561 -7.4071 28.6993 2.1534 -7.371 28.7712 2.2144 -7.4456 28.692 2.182 -7.4363 28.7532 2.2498 -7.487 28.6902 2.1973 -7.5184 28.7791 2.2072 -7.6119 28.7985 2.1764 -7.6151 28.7458 2.1348 -7.5287 28.7135 2.1748 -7.7249 28.8344 2.139 -7.7261 28.8406 2.1197 -7.7254 28.7845 2.0821 -7.6771 28.8643 2.0303 -7.6418 28.8784 2.0162 -7.3752 28.9131 2.109 -7.3859 28.8904 2.1292 -7.3853 28.8583 2.0934 -7.3706 28.8831 2.0833 -7.3745 28.8116 2.2467 -7.3841 28.8156 2.2536 -7.4457 29.0566 2.0806 -7.409 29.027 2.0715 -7.4097 29.0251 2.0462 -7.4122 29.003 2.1457 -7.4581 29.0204 2.1994 -7.4252 28.9785 2.1839 -7.454 29.0415 2.1551 -7.3708 28.7835 1.987 -7.364 28.8172 2.0205 -7.3558 28.9045 2.0747 -7.3549 28.8568 2.0473 -7.3358 28.8747 2.0391 -7.332 28.8319 2.016 -7.351 28.8138 1.9895 -7.3204 28.8461 2.0101 -7.3542 28.8116 1.9801 -7.3486 28.8269 1.9707 -7.3288 28.8425 1.9797 -7.3238 28.8434 1.9979 -7.5048 28.6584 2.1205 -7.5114 28.6355 2.0812 -7.526 28.6542 2.1094 -7.5629 28.6153 2.0563 -7.6023 28.624 2.0491 -7.5884 28.616 2.0292 -7.6557 28.7004 1.9076 -7.6495 28.7663 1.9572 -7.6279 28.7371 1.92 -7.49 28.5958 2.0201 -7.4916 28.6182 2.0559 -7.4807 28.8699 2.2868 -7.429 28.8193 2.2714 -7.4151 28.8718 2.2888 -7.5026 28.8303 2.2446 -7.4024 28.7656 2.2353 -7.698 28.9817 2.2119 -7.7135 28.8743 2.2009 -7.6851 28.976 2.2566 -7.6997 28.9846 2.1964 -7.702 28.9838 2.1744 -7.7214 28.8951 2.152 -7.7163 28.8965 2.1249 -7.6942 28.6811 1.9389 -7.7076 28.6478 1.9345 -7.7071 28.7031 1.9801 -7.6175 28.6731 1.8392 -7.6036 28.6775 1.8322 -7.6318 28.6537 1.8352 -7.6953 28.7718 2.0041 -7.4228 28.9075 2.3296 -7.4901 29.093 2.1225 -7.4491 29.0621 2.1123 -7.3981 29.0076 2.0707 -7.4039 29.0165 2.0392 -7.4023 29.0181 2.0708 -7.6781 28.9807 2.1185 -7.6462 28.9696 2.0855 -7.681 28.9063 2.0616 -7.7218 28.8898 2.1637 -7.637 28.886 2.353 -7.6241 28.8625 2.2814 -7.6038 28.8873 2.3327 -7.632 28.6099 1.9035 -7.688 28.6327 1.8989 -7.6686 28.6224 1.935 -7.6996 28.6636 2.0282 -7.6766 28.6628 2.0717 -7.7038 28.6919 2.0513 -7.4443 28.7581 2.2507 -7.6866 28.7476 2.1308 -7.6477 28.7044 2.1117 -7.6524 28.7462 2.1308 -7.6802 28.7032 2.1007 -7.4061 28.8725 1.8948 -7.3898 28.8448 1.9125 -7.4271 28.8425 1.8776 -7.3736 28.7931 2.119 -7.352 28.756 2.1224 -7.3443 28.705 2.0797 -7.3796 28.7022 2.1087 -7.4017 28.8478 2.2737 -7.4037 28.8799 2.3008 -7.353 28.8428 1.9502 -7.3747 28.7801 1.9776 -7.379 28.7977 1.9656 -7.5429 29.1256 2.1763 -7.5212 29.1052 2.1696 -7.5197 29.1112 2.1516 -7.6444 28.6679 2.0953 -7.6045 28.8393 2.2238 -7.6369 28.8572 2.2726 -7.6477 28.8377 2.2203 -7.666 28.6544 2.0706 -7.6296 28.6477 2.0807 -7.6392 28.6586 2.0902 -7.6442 28.6349 2.0368 -7.6143 28.6382 2.0635 -7.4615 28.6559 1.9709 -7.4415 28.6401 2.0199 -7.4189 28.6621 2.0205 -7.4241 28.7094 1.9718 -7.4938 28.5823 1.9965 -7.4038 29.0219 2.1113 -7.4006 29.0194 2.0992 -7.407 29.0286 2.1063 -7.3851 28.9069 1.9162 -7.3888 28.8975 1.9102 -7.3925 28.9106 1.9139 -7.3702 28.8167 2.2401 -7.3687 28.7785 2.2084 -7.4195 28.9145 2.3283 -7.431 28.95 2.3566 -7.4265 28.9156 2.3379 -7.4742 28.6121 2.0212 -7.7248 28.8481 2.1092 -7.726 28.7909 2.0726 -7.5417 28.6695 2.1309 -7.5113 28.6714 2.1512 -7.5058 28.666 2.1436 -7.4959 28.6938 2.1967 -7.5053 28.6835 2.1774 -7.4965 28.6807 2.1766 -7.6013 28.8451 2.2307 -7.4858 28.877 2.2957 -7.6487 28.883 2.3441 -7.6499 28.8793 2.3384 -7.6465 28.8877 2.3488 -7.4224 28.8128 2.2686 -7.3973 28.8399 2.2689 -7.6067 28.6634 2.1141 -7.6933 28.6543 2.0231 -7.4999 28.5786 2.0033 -7.4428 28.6385 2.0314 -7.6237 28.6496 1.8344 -7.3666 28.9314 2.0928 -7.3656 28.9383 2.0833 -7.3206 28.8526 2.0035 -7.5065 29.0621 2.3956 -7.412 29.0191 2.0333 -7.4216 28.6584 2.0312 -7.4405 28.6677 2.0536 -7.5039 28.9951 2.437 -7.5291 29.0103 2.4455 -7.5365 28.9902 2.4491 -7.5504 28.9846 2.4507 -7.3759 28.8268 1.9392 -7.363 28.7591 2.1719 -7.3561 28.7524 2.0235 -7.3792 28.8375 2.054 -7.3273 28.8521 1.9825 -7.3484 28.8504 1.957 -7.4874 28.6683 2.1261 -7.7172 28.8247 2.1517 -7.5843 28.6402 2.0906 -7.7051 28.6396 1.936 -7.6943 28.6382 1.9554 -7.7122 28.7449 2.0181 -7.7026 28.9028 2.0866 -7.7009 28.8541 2.0492 -7.7176 28.8499 2.0816 -7.51 28.9711 2.4334 -7.6008 29.0155 2.3824 -7.5872 28.963 2.4401 -7.5596 28.9888 2.4467 -7.6658 28.9371 2.3109 -7.4954 29.0792 2.1657 -7.4912 29.0595 2.2173 -7.5779 28.9592 2.4438 -7.5444 28.9662 2.4432 -7.6972 28.7954 2.0181 -7.7193 28.7232 2.0326 -7.6795 28.6651 1.8981 -7.3781 28.9593 2.1115 -7.381 28.9427 2.1334 -7.5138 29.0856 2.2139 -7.5097 29.0808 2.2274 -7.4565 28.9988 2.2519 -7.4795 29.0392 2.28 -7.387 28.8681 2.1507 -7.391 28.8385 2.1036 -7.6747 29.0347 2.1691 -7.6929 28.9821 2.1406 -7.6732 29.0313 2.1985 -7.5376 29.1116 2.2091 -7.5545 29.1299 2.2055 -7.3873 28.938 1.9388 -7.5573 28.6839 1.8479 -7.5673 28.6976 1.8335 -7.5327 28.7287 1.8417 -7.5313 28.5954 2.0252 -7.5757 28.6423 1.8602 -7.5665 28.6307 1.8809 -7.5886 28.6105 1.8729 -7.7059 28.714 2.0653 -7.7179 28.715 2.0405 -7.3504 28.7018 2.0684 -7.5578 29.1156 2.2928 -7.5522 29.1189 2.2836 -7.5618 29.1213 2.2756 -7.4058 28.7825 1.9497 -7.4019 28.7631 1.9626 -7.3996 28.7973 1.9416 -7.4645 28.7549 1.9023 -7.4033 28.8088 1.9257 -7.4559 28.7495 1.9179 -7.3802 28.6891 2.042 -7.3872 28.7354 1.993 -7.4397 28.6851 2.1166 -7.4135 28.6875 2.0747 -7.4677 28.6811 2.1518 -7.5986 28.6708 1.8316 -7.5643 28.5978 1.9041 -7.5472 28.619 1.9065 -7.5088 28.606 1.9576 -7.5179 28.587 1.963 -7.4904 28.6829 1.9207 -7.5264 28.6484 1.9074 -7.4975 28.6916 1.9088 -7.514 28.6396 1.9238 -7.5058 28.7017 1.8943 -7.5399 28.6594 1.888 -7.5725 28.7034 1.8342 -7.5717 28.7218 1.858 -7.534 28.7377 1.8427 -7.5965 28.6973 1.8473 -7.4348 28.9024 1.9193 -7.4066 28.9376 1.9386 -7.4152 28.8772 1.8935 -7.3735 28.9604 2.0377 -7.3771 28.9639 2.0999 -7.3831 28.9813 2.0567 -7.3897 28.9935 2.099 -7.4066 28.984 1.9887 -7.3954 28.9984 2.0065 -7.4348 29.0094 2.0205 -7.4564 29.0577 2.0747 -7.4798 29.0444 2.0615 -7.5523 29.1278 2.1726 -7.5565 29.0918 2.1349 -7.5923 29.1064 2.1685 -7.5262 29.1115 2.1453 -7.6037 29.1098 2.1989 -7.5634 29.1275 2.2425 -7.5634 29.1311 2.2038 -7.6005 29.1045 2.2345 -7.5698 29.0681 2.3427 -7.5929 29.0931 2.2856 -7.5359 29.0898 2.3456 -7.514 29.081 2.2884 -7.528 29.0903 2.3415 -7.4879 29.053 2.3507 -7.5546 29.1265 2.2424 -7.5296 29.102 2.2356 -7.6301 28.9765 2.3508 -7.6507 29.0099 2.2923 -7.6704 29.0282 2.2252 -7.6606 29.0322 2.1444 -7.5373 28.9817 2.0252 -7.6072 28.9559 2.048 -7.5798 29.0075 2.0683 -7.5661 28.934 2.0055 -7.4928 28.8878 1.9312 -7.4931 28.9546 1.9851 -7.4584 28.9285 1.9494 -7.523 28.9107 1.9662 -7.6845 28.8413 2.2301 -7.6251 28.6953 1.8711 -7.6451 28.6681 1.8631 -7.6149 28.6157 2.0007 -7.6069 28.6014 1.9352 -7.5814 28.5969 1.9649 -7.6424 28.6172 1.9686 -7.6898 28.8071 2.1847 -7.7112 28.771 2.1042 -7.7164 28.792 2.0458 -7.3799 28.9805 1.9924 -7.3783 28.8397 2.199 -7.3823 28.8095 2.1532 -7.3967 28.973 2.1393 -7.3917 28.9925 2.1112 -7.3903 28.9233 2.1596 -7.41 28.9312 2.2093 -7.3896 28.9043 2.1903 -7.4078 28.9508 2.1713 -7.3825 28.8769 2.2326 -7.3988 28.8849 2.2976 -7.4038 28.9052 2.2582 -7.4408 28.9733 2.3111 -7.4302 28.9577 2.2289 -7.4244 28.9351 2.2812 -7.4956 29.0602 2.2857 -7.4487 28.7454 1.9305 -7.6707 28.6351 1.9971 -7.6898 28.6412 1.8963 -7.6098 28.8516 1.9801 -7.5773 28.8255 1.9446 -7.4634 28.9969 2.0045 -7.5087 29.0279 2.0453 -7.4556 29.0132 2.3398 -7.4531 29.0083 2.3939 -7.4406 28.9887 2.3811 -7.4705 29.0331 2.347 -7.6191 29.0432 2.3244 -7.6462 29.0781 2.2205 -7.5974 29.0986 2.2674 -7.6432 29.0726 2.2509 -7.6046 28.7169 1.8808 -7.6446 29.0824 2.1849 -7.6313 29.0787 2.1575 -7.5524 28.8013 1.9085 -7.4241 28.9673 1.9683 -7.6667 29.0247 2.2425 -7.639 29.0673 2.2687 -7.5922 29.0683 2.1227 -7.6188 29.0195 2.1043 -7.6145 28.925 2.3967 -7.456 29.0033 2.4042 -7.5252 28.5832 1.9676 -7.5565 28.5968 1.9946 -7.3876 28.9967 2.0133 -7.4922 28.7737 1.8542 -7.4384 28.7311 1.9459 -7.361 28.7466 2.0135 -7.3744 28.8124 1.9556 -7.5528 29.0576 2.0886 -7.5238 29.0781 2.1046 -7.6533 28.8028 2.1771 -7.5701 28.9267 2.3932 -7.5296 28.6107 1.9278 -7.5418 28.5897 1.9304 -7.4779 28.6717 1.9414 -7.497 28.6321 1.9498 -7.5 29.095 2.1178 -7.3608 28.7671 2.1654 -7.4683 29.0274 2.3997 -7.3822 28.6856 2.0532 -7.5494 28.5856 1.9344 -7.5732 28.5936 1.9068 -7.6644 28.6433 1.8628 -7.6056 28.923 2.4008'/>
          </IndexedFaceSet>
        </Shape>
        <Shape DEF='rmc'>
          <Appearance>
            <PhysicalMaterial baseColor='1 0.9765 0.8667' metallic='0' roughness='0.72'/>
          </Appearance>
          <IndexedFaceSet DEF='rmc_Geo' coordIndex='0 1 2 -1 3 4 5 -1 6 7 8 -1 9 10 11 -1 12 13 14 -1 15 16 17 -1 18 19 20 -1 20 21 18 -1 22 23 24 -1 22 25 23 -1 26 27 28 -1 26 29 27 -1 30 31 32 -1 20 33 34 -1 35 20 32 -1 36 37 38 -1 37 36 39 -1 40 41 5 -1 42 0 43 -1 42 44 0 -1 45 20 34 -1 46 47 48 -1 49 50 51 -1 49 52 50 -1 53 54 48 -1 55 56 57 -1 58 59 60 -1 59 61 60 -1 61 62 57 -1 63 64 65 -1 66 67 68 -1 69 70 54 -1 54 71 69 -1 54 53 72 -1 72 71 54 -1 73 74 75 -1 74 76 75 -1 77 78 79 -1 79 45 77 -1 69 58 70 -1 58 60 70 -1 80 81 82 -1 80 83 81 -1 84 85 86 -1 87 88 89 -1 89 90 87 -1 86 85 91 -1 85 92 91 -1 93 94 95 -1 84 96 85 -1 97 41 98 -1 13 12 99 -1 99 12 100 -1 101 99 102 -1 12 14 103 -1 104 105 48 -1 106 107 108 -1 93 109 110 -1 111 112 113 -1 111 105 112 -1 114 115 116 -1 117 118 119 -1 119 120 117 -1 121 69 71 -1 34 33 122 -1 33 123 122 -1 57 60 61 -1 124 102 125 -1 102 126 125 -1 101 102 127 -1 128 129 130 -1 128 131 129 -1 33 35 132 -1 32 19 133 -1 31 134 135 -1 31 30 134 -1 136 51 22 -1 119 118 127 -1 118 137 127 -1 138 74 73 -1 57 139 140 -1 48 47 53 -1 27 141 28 -1 111 113 142 -1 48 143 46 -1 108 144 104 -1 109 67 66 -1 145 79 146 -1 146 147 145 -1 140 63 65 -1 148 48 54 -1 106 149 150 -1 106 151 152 -1 106 153 154 -1 106 108 155 -1 106 156 157 -1 106 150 158 -1 159 160 161 -1 159 162 160 -1 163 164 165 -1 163 166 164 -1 167 166 10 -1 89 11 10 -1 10 90 89 -1 168 169 167 -1 170 171 172 -1 173 36 174 -1 175 176 165 -1 176 163 165 -1 176 174 36 -1 173 174 177 -1 177 178 173 -1 39 173 179 -1 177 180 178 -1 181 180 177 -1 182 180 183 -1 182 184 180 -1 185 3 186 -1 187 3 188 -1 189 96 84 -1 41 40 96 -1 171 4 187 -1 6 40 7 -1 190 191 92 -1 92 192 190 -1 4 7 5 -1 193 87 194 -1 82 81 195 -1 195 44 82 -1 196 197 198 -1 198 199 196 -1 82 200 80 -1 82 201 200 -1 202 43 0 -1 202 42 43 -1 0 203 202 -1 204 202 205 -1 204 201 42 -1 204 206 200 -1 204 196 207 -1 204 208 197 -1 205 209 204 -1 210 209 190 -1 210 208 209 -1 204 209 208 -1 204 197 196 -1 204 207 206 -1 204 200 201 -1 204 42 202 -1 202 203 191 -1 191 205 202 -1 44 201 82 -1 44 42 201 -1 80 206 193 -1 80 200 206 -1 207 196 199 -1 199 211 207 -1 0 91 203 -1 0 2 91 -1 212 80 193 -1 193 194 212 -1 213 190 192 -1 3 187 4 -1 98 96 214 -1 96 189 214 -1 215 85 40 -1 85 96 40 -1 3 185 188 -1 216 98 217 -1 98 214 217 -1 177 218 181 -1 39 36 173 -1 179 173 178 -1 174 176 177 -1 171 187 172 -1 187 219 172 -1 170 172 220 -1 172 221 220 -1 10 9 167 -1 10 166 163 -1 222 216 120 -1 222 223 216 -1 106 158 156 -1 106 157 107 -1 106 155 153 -1 106 154 151 -1 152 149 106 -1 155 48 148 -1 148 153 155 -1 148 56 224 -1 148 54 56 -1 154 65 151 -1 154 224 65 -1 55 57 140 -1 65 64 225 -1 150 146 226 -1 143 111 115 -1 115 114 75 -1 121 71 27 -1 71 72 27 -1 121 25 58 -1 58 25 22 -1 62 139 57 -1 227 59 22 -1 26 118 228 -1 26 137 118 -1 73 229 138 -1 230 139 62 -1 231 139 230 -1 232 50 233 -1 50 18 233 -1 234 30 32 -1 19 32 20 -1 229 235 236 -1 127 124 119 -1 127 102 124 -1 125 126 237 -1 126 238 237 -1 77 45 34 -1 34 122 77 -1 239 240 241 -1 240 242 241 -1 243 228 117 -1 228 118 117 -1 57 70 60 -1 76 46 143 -1 143 115 76 -1 66 113 112 -1 244 245 130 -1 130 129 244 -1 103 246 12 -1 247 13 248 -1 12 246 249 -1 249 100 12 -1 41 96 98 -1 45 250 21 -1 103 251 16 -1 103 14 251 -1 252 15 253 -1 252 254 15 -1 15 249 246 -1 15 255 249 -1 6 213 192 -1 192 215 6 -1 256 86 2 -1 86 91 2 -1 89 88 257 -1 257 258 89 -1 40 6 215 -1 210 259 260 -1 212 83 80 -1 232 231 50 -1 232 63 231 -1 77 261 78 -1 261 262 78 -1 95 94 252 -1 252 253 95 -1 250 145 64 -1 64 233 250 -1 235 229 73 -1 46 74 141 -1 46 76 74 -1 59 58 22 -1 133 234 32 -1 121 58 69 -1 55 140 65 -1 54 70 56 -1 70 57 56 -1 18 50 52 -1 136 49 51 -1 27 263 141 -1 115 75 76 -1 126 255 238 -1 264 265 266 -1 266 267 264 -1 182 265 264 -1 41 97 186 -1 36 90 10 -1 268 269 38 -1 38 37 268 -1 22 51 227 -1 268 184 270 -1 268 179 184 -1 35 33 20 -1 29 121 27 -1 20 45 21 -1 136 30 234 -1 234 49 136 -1 18 52 19 -1 52 133 19 -1 29 25 121 -1 29 23 25 -1 27 72 263 -1 40 5 7 -1 265 256 266 -1 271 272 273 -1 272 271 274 -1 133 49 234 -1 52 49 133 -1 136 24 30 -1 22 24 136 -1 16 245 17 -1 16 251 245 -1 26 138 137 -1 138 26 28 -1 236 248 101 -1 248 236 128 -1 194 90 36 -1 194 87 90 -1 97 185 186 -1 97 223 185 -1 222 125 275 -1 222 124 125 -1 195 266 1 -1 195 267 266 -1 255 254 238 -1 255 15 254 -1 75 235 73 -1 235 75 114 -1 114 131 235 -1 131 114 116 -1 244 142 68 -1 142 244 129 -1 64 232 233 -1 232 64 63 -1 94 261 252 -1 261 94 262 -1 51 62 227 -1 51 230 62 -1 276 68 67 -1 276 244 68 -1 79 250 45 -1 79 145 250 -1 277 268 270 -1 269 268 277 -1 81 267 195 -1 277 267 81 -1 278 257 279 -1 278 258 257 -1 280 259 8 -1 260 259 280 -1 215 92 85 -1 215 192 92 -1 212 269 83 -1 212 38 269 -1 15 103 16 -1 246 103 15 -1 247 14 13 -1 14 247 251 -1 281 7 4 -1 7 281 282 -1 100 255 126 -1 100 249 255 -1 113 68 142 -1 66 68 113 -1 112 283 66 -1 283 112 144 -1 141 138 28 -1 74 138 141 -1 237 275 125 -1 284 275 237 -1 228 285 286 -1 228 243 285 -1 287 134 288 -1 134 287 289 -1 242 290 241 -1 242 135 290 -1 239 291 240 -1 239 160 291 -1 77 292 261 -1 122 292 77 -1 291 293 123 -1 291 294 293 -1 294 284 237 -1 294 162 284 -1 292 238 254 -1 292 293 238 -1 17 253 15 -1 17 276 253 -1 242 33 132 -1 242 240 33 -1 18 250 233 -1 18 21 250 -1 63 139 231 -1 139 63 140 -1 295 286 23 -1 295 228 286 -1 295 26 228 -1 286 24 23 -1 286 288 24 -1 142 115 111 -1 142 116 115 -1 95 109 93 -1 95 67 109 -1 262 226 78 -1 226 262 296 -1 156 296 93 -1 158 296 156 -1 78 146 79 -1 226 146 78 -1 149 146 150 -1 149 147 146 -1 152 65 225 -1 152 151 65 -1 56 65 224 -1 65 56 55 -1 154 148 224 -1 154 153 148 -1 289 218 175 -1 287 218 289 -1 181 243 297 -1 243 181 285 -1 164 239 241 -1 298 239 164 -1 185 284 188 -1 185 275 284 -1 217 120 216 -1 217 117 120 -1 161 299 300 -1 299 161 298 -1 159 300 219 -1 300 159 161 -1 300 169 221 -1 299 169 300 -1 258 11 89 -1 258 272 11 -1 273 258 278 -1 272 258 273 -1 170 271 281 -1 170 220 271 -1 37 179 268 -1 179 37 39 -1 270 267 277 -1 267 270 264 -1 189 265 182 -1 189 84 265 -1 217 183 297 -1 217 214 183 -1 278 282 273 -1 282 278 280 -1 198 260 279 -1 198 210 260 -1 211 257 88 -1 211 199 257 -1 206 211 193 -1 206 207 211 -1 198 208 210 -1 198 197 208 -1 205 190 209 -1 205 191 190 -1 199 279 257 -1 199 198 279 -1 190 259 210 -1 259 190 213 -1 171 281 4 -1 171 170 281 -1 91 191 203 -1 92 191 91 -1 41 3 5 -1 41 186 3 -1 182 214 189 -1 183 214 182 -1 84 256 265 -1 84 86 256 -1 264 184 182 -1 264 270 184 -1 297 180 181 -1 183 180 297 -1 184 178 180 -1 178 184 179 -1 175 177 176 -1 177 175 218 -1 36 163 176 -1 36 10 163 -1 220 274 271 -1 220 168 274 -1 9 168 167 -1 274 168 9 -1 221 168 220 -1 221 169 168 -1 167 299 166 -1 167 169 299 -1 221 219 300 -1 221 172 219 -1 187 159 219 -1 187 188 159 -1 166 298 164 -1 166 299 298 -1 117 297 243 -1 117 217 297 -1 188 162 159 -1 188 284 162 -1 298 160 239 -1 161 160 298 -1 241 165 164 -1 241 290 165 -1 287 181 218 -1 285 181 287 -1 290 175 165 -1 175 290 289 -1 152 147 149 -1 152 225 147 -1 145 225 64 -1 147 225 145 -1 158 226 296 -1 150 226 158 -1 93 157 156 -1 93 110 157 -1 93 262 94 -1 296 262 93 -1 283 157 110 -1 283 107 157 -1 105 144 112 -1 144 105 104 -1 30 288 134 -1 30 24 288 -1 135 132 31 -1 132 135 242 -1 17 244 276 -1 245 244 17 -1 248 99 101 -1 13 99 248 -1 254 261 292 -1 254 252 261 -1 293 237 238 -1 293 294 237 -1 160 294 291 -1 162 294 160 -1 292 123 293 -1 123 292 122 -1 123 240 291 -1 33 240 123 -1 289 135 134 -1 135 289 290 -1 285 288 286 -1 288 285 287 -1 120 124 222 -1 120 119 124 -1 295 29 26 -1 29 295 23 -1 235 128 236 -1 235 131 128 -1 283 109 66 -1 109 283 110 -1 144 107 283 -1 107 144 108 -1 105 143 48 -1 105 111 143 -1 48 108 104 -1 108 48 155 -1 100 102 99 -1 126 102 100 -1 98 223 97 -1 223 98 216 -1 211 87 193 -1 87 211 88 -1 213 8 259 -1 6 8 213 -1 279 280 278 -1 280 279 260 -1 38 194 36 -1 194 38 212 -1 277 83 269 -1 83 277 81 -1 263 46 141 -1 46 263 47 -1 62 59 227 -1 62 61 59 -1 95 276 67 -1 253 276 95 -1 129 116 142 -1 129 131 116 -1 72 47 263 -1 53 47 72 -1 50 230 51 -1 230 50 231 -1 0 195 1 -1 44 195 0 -1 223 275 185 -1 223 222 275 -1 31 35 32 -1 31 132 35 -1 130 251 247 -1 245 251 130 -1 229 101 127 -1 229 236 101 -1 247 128 130 -1 247 248 128 -1 137 229 127 -1 137 138 229 -1 281 273 282 -1 281 271 273 -1 274 11 272 -1 11 274 9 -1 282 8 7 -1 282 280 8 -1 1 256 2 -1 1 266 256 -1' creaseAngle='1.571'>
            <Coordinate DEF='rmc_Coord' point='-6.5469 28.4711 2.8497 -6.5992 28.4257 2.7807 -6.6191 28.4132 2.7941 -6.5063 28.2788 3.3051 -6.6208 28.4653 3.261 -6.5908 28.3279 3.2116 -6.6599 28.4504 3.1574 -6.6219 28.4678 3.2554 -6.639 28.5079 3.1645 -6.2797 28.6687 3.2171 -6.1892 28.5851 3.2175 -6.2793 28.6701 3.2096 -6.1156 27.2456 3.6281 -6.1307 27.2761 3.5628 -6.0987 27.2244 3.5885 -6.0856 27.2677 3.7196 -6.0751 27.2124 3.6314 -6.0622 27.2036 3.6301 -5.6052 27.4151 3.6032 -5.6098 27.4203 3.6032 -5.6351 27.4402 3.6767 -5.6308 27.4325 3.6806 -5.741 27.5113 3.4078 -5.8159 27.4191 3.383 -5.7467 27.5157 3.4075 -5.8096 27.417 3.3813 -5.9165 27.3836 3.3887 -5.8316 27.3134 3.3726 -5.9201 27.3743 3.391 -5.8285 27.323 3.374 -5.6768 27.5736 3.4776 -5.6629 27.6401 3.5797 -5.6342 27.5787 3.5986 -5.786 27.6177 3.7029 -5.7235 27.4645 3.7392 -5.6569 27.5976 3.6478 -6.2023 28.5393 3.1253 -6.2223 28.513 2.9648 -6.2403 28.5318 2.9346 -6.214 28.4914 2.988 -6.6297 28.3485 3.1424 -6.5496 28.2645 3.1699 -6.5071 28.5061 2.9099 -6.5458 28.4724 2.8518 -6.5108 28.4867 2.8349 -5.6827 27.3989 3.7832 -5.961 27.2896 3.3157 -5.8501 27.2407 3.3206 -5.8463 27.1616 3.375 -5.6194 27.5252 3.5238 -5.5488 27.3906 3.4833 -5.5817 27.4577 3.4409 -5.6134 27.4957 3.5475 -5.8112 27.2219 3.331 -5.7733 27.2312 3.3457 -5.6079 27.2554 3.3702 -5.6657 27.2369 3.3365 -5.6058 27.291 3.3346 -5.7005 27.3204 3.3068 -5.6642 27.3829 3.3069 -5.6846 27.3094 3.3054 -5.6504 27.3658 3.3099 -5.6103 27.4279 3.3597 -5.53 27.3056 3.4908 -5.545 27.3195 3.5773 -5.6267 27.2412 3.4731 -6.0142 27.1075 3.5485 -6.0404 27.1374 3.6319 -6.0603 27.1463 3.5559 -5.7397 27.2738 3.3231 -5.7179 27.2683 3.3161 -5.7776 27.2403 3.3477 -5.8045 27.2354 3.3346 -6.0957 27.3239 3.352 -6.0424 27.3173 3.3218 -6.0921 27.301 3.3506 -6.0447 27.2988 3.327 -5.8024 27.3633 3.8119 -5.796 27.3476 3.8125 -5.6765 27.3791 3.7883 -6.3344 28.5529 2.9132 -6.4105 28.5082 2.8131 -6.4365 28.5153 2.8428 -6.287 28.5372 2.887 -6.5883 28.3768 2.9208 -6.6644 28.3438 3.0284 -6.642 28.3701 2.8877 -6.2363 28.6299 3.1392 -6.2724 28.6758 3.1613 -6.2678 28.677 3.1772 -6.2274 28.6214 3.16 -6.6589 28.3813 2.8785 -6.6719 28.3624 3.0249 -5.9456 27.182 3.7186 -6.027 27.2198 3.7735 -6.0535 27.19 3.7438 -6.6081 28.2959 3.0529 -6.488 28.2156 3.182 -6.4828 28.2094 3.1325 -6.1541 27.3471 3.5597 -6.1599 27.3678 3.6029 -6.1137 27.3619 3.4599 -6.149 27.4478 3.4807 -6.0954 27.2238 3.634 -5.897 27.1198 3.4599 -5.9331 27.1163 3.4486 -5.7644 27.1979 3.5913 -5.8601 27.1401 3.5628 -5.8518 27.1342 3.5126 -5.9909 27.1312 3.6304 -5.9508 27.1343 3.6313 -6.0086 27.161 3.4175 -5.9572 27.1095 3.4715 -6.0219 27.132 3.4881 -6.109 27.272 3.3788 -6.0532 27.2242 3.3744 -6.0945 27.2326 3.4173 -6.192 27.8789 3.281 -6.0735 27.6223 3.3836 -6.1371 27.6097 3.4249 -6.2479 27.8685 3.3319 -5.823 27.3158 3.3702 -5.8328 27.4382 3.7817 -5.8905 27.5834 3.7174 -6.1773 27.6125 3.46 -6.2073 27.6287 3.5203 -6.171 27.4542 3.5837 -6.1011 27.4058 3.4317 -6.0812 27.2746 3.4891 -6.0753 27.1787 3.5151 -6.0649 27.2102 3.5303 -6.1008 27.2407 3.4267 -5.6858 27.6498 3.6343 -5.6156 27.4997 3.5533 -5.7982 27.7826 3.4558 -5.7736 27.8251 3.5245 -5.6735 27.5644 3.4733 -6.0283 27.4154 3.4007 -6.0296 27.4048 3.4018 -5.5686 27.3478 3.3833 -5.5387 27.2861 3.4245 -5.9588 27.3017 3.3166 -6.0683 27.168 3.5089 -5.977 27.2075 3.3546 -5.9091 27.1151 3.4793 -5.6036 27.3625 3.7144 -5.6887 27.3037 3.7379 -5.6457 27.2899 3.6692 -5.7568 27.1847 3.3909 -5.7133 27.2416 3.6435 -5.7569 27.2224 3.6645 -5.6821 27.2168 3.5151 -5.6885 27.2242 3.5837 -5.7545 27.1888 3.4545 -5.725 27.2088 3.4813 -5.8135 27.1581 3.4587 -5.8465 27.1786 3.6418 -5.871 27.1531 3.6103 -5.8135 27.2048 3.6615 -6.3297 28.1903 3.488 -6.1211 28.017 3.5662 -6.2274 28.2386 3.4847 -6.2204 27.9708 3.5513 -6.1163 28.4433 3.2891 -6.0336 28.3101 3.4212 -6.0136 28.2917 3.3507 -6.1275 28.4737 3.3676 -6.2415 28.6284 3.3226 -6.3537 28.6941 3.2749 -6.3086 28.61 3.3372 -6.559 28.5897 3.2888 -6.5887 28.485 3.3237 -6.5084 28.5364 3.3593 -6.2038 28.4563 3.0306 -6.1939 28.4178 3.1167 -6.0434 28.2337 3.2868 -6.1238 28.3886 3.2123 -6.2186 28.2938 3.1248 -6.2382 28.3988 3.0139 -6.2614 28.4622 2.9513 -6.3363 28.2813 3.0359 -6.1988 28.0852 3.1927 -6.4635 28.3547 2.8997 -6.4053 28.2478 3.0174 -6.3832 28.39 2.9043 -6.4057 28.082 3.3417 -6.5013 28.233 3.224 -6.5188 28.3163 3.3985 -6.4217 28.1419 3.4656 -6.5478 28.3154 2.9566 -6.6344 28.4797 3.0639 -6.624 28.4219 3.0138 -6.6654 28.3945 3.0874 -6.2812 28.5964 3.0281 -6.2171 28.5659 3.084 -6.5228 28.4688 2.7686 -6.4288 28.6232 3.0244 -6.4782 28.6198 3.0373 -6.5163 28.676 3.0825 -6.3638 28.6914 3.0755 -6.3859 28.5587 2.9331 -6.4592 28.5351 2.9132 -6.5555 28.483 2.9522 -6.6006 28.4448 2.923 -6.485 28.5496 2.9739 -6.5691 28.4854 3.0018 -6.362 28.5938 2.9903 -6.3801 28.6183 3.0159 -6.5401 28.5743 3.0339 -6.5615 28.5196 3.02 -6.5994 28.5926 3.0815 -6.3123 28.6503 3.0723 -6.2453 28.5525 2.9468 -6.6605 28.4518 3.1435 -6.4668 28.2162 3.0479 -6.6604 28.3837 3.0994 -6.3621 28.0441 3.2356 -6.3118 28.0479 3.1829 -6.1325 28.141 3.2185 -6.4168 28.3712 3.4205 -6.462 28.681 3.2764 -6.4054 28.5819 3.3539 -6.2946 27.8707 3.3708 -6.3809 28.0575 3.2897 -5.7038 27.212 3.4126 -5.6223 27.2571 3.5908 -5.7822 27.2753 3.7606 -5.6241 27.4451 3.3556 -6.0118 27.6347 3.358 -6.0939 27.3958 3.4294 -5.5782 27.4355 3.4287 -5.5498 27.387 3.4668 -5.5359 27.325 3.498 -5.5491 27.3405 3.5773 -5.6212 27.5296 3.5295 -6.1148 27.2833 3.3884 -6.1017 27.35 3.4526 -6.2047 27.6667 3.6007 -6.1502 27.4811 3.6623 -6.0165 28.0539 3.5403 -5.8748 27.8056 3.6379 -5.9115 28.0787 3.4971 -5.7883 27.8303 3.573 -6.1464 27.8949 3.2669 -6.0675 27.1579 3.5615 -6.0692 27.1978 3.5684 -6.1043 27.2529 3.6826 -6.0831 27.2219 3.536 -6.1017 27.2774 3.5011 -6.1552 27.3656 3.6413 -5.603 27.387 3.7101 -6.0809 27.2058 3.5735 -6.0415 27.2317 3.7742 -6.0626 27.2029 3.7406 -6.0667 27.3059 3.7387 -6.1528 27.423 3.6517 -6.5995 28.3945 2.8003 -6.3485 28.7138 3.1506 -6.3486 28.7144 3.1654 -6.635 28.5235 3.152 -6.6109 28.6007 3.1617 -5.9177 27.3164 3.8096 -5.9101 27.2982 3.8074 -5.8476 27.2517 3.3215 -6.4808 28.4171 2.8477 -6.5185 28.4034 2.8665 -6.5842 28.4059 2.7873 -6.5145 28.4551 2.7731 -6.2768 28.496 2.9159 -6.2722 28.5182 2.8942 -6.4133 28.4384 2.8631 -6.4851 28.685 3.2062 -6.3503 28.7016 3.2129 -6.4875 28.6857 3.1992 -6.3507 28.7002 3.2202 -6.3118 27.8815 3.4191 -6.0492 27.1504 3.6297 -6.4047 28.4929 2.8161 -6.5013 28.6925 3.1595 -6.505 28.6918 3.1454 -6.6093 28.6 3.1759 -6.587 28.5885 3.2318 -6.5904 28.5884 3.225 -5.9294 27.1221 3.556 -6.3078 27.9243 3.523 -6.0974 27.9215 3.2824 -5.9404 27.6631 3.3641 -6.0328 27.9658 3.3127 -5.8709 27.7119 3.3973 -5.9348 28.0257 3.3749 -5.8956 28.0639 3.4457 -5.9886 27.7616 3.6566 -5.9386 27.389 3.7722 -6.0089 27.538 3.6997 -6.0885 27.7218 3.6386 -5.8662 27.4013 3.3858 -5.8713 27.2304 3.7496 -6.2693 28.062 3.172 -6.1363 28.2771 3.4541 -6.2152 28.4399 3.3967 -6.3089 28.413 3.4245'/>
          </IndexedFaceSet>
        </Shape>
        <Shape DEF='rmc2'>
          <Appearance>
            <PhysicalMaterial baseColor='1 0.9765 0.8667' metallic='0' roughness='0.72'/>
          </Appearance>
          <IndexedFaceSet DEF='rmc2_Geo' coordIndex='0 1 2 -1 3 4 5 -1 3 6 4 -1 2 7 8 -1 8 9 2 -1 2 9 10 -1 11 12 13 -1 11 14 12 -1 15 16 17 -1 15 18 16 -1 19 20 21 -1 22 23 24 -1 25 26 27 -1 28 25 29 -1 29 30 28 -1 26 28 31 -1 32 33 34 -1 35 36 37 -1 38 39 40 -1 41 42 43 -1 44 45 46 -1 47 48 49 -1 50 51 52 -1 50 53 51 -1 54 55 56 -1 55 57 56 -1 58 59 60 -1 61 62 63 -1 64 65 66 -1 67 68 27 -1 67 69 68 -1 70 71 72 -1 71 73 72 -1 74 75 76 -1 77 78 79 -1 77 80 78 -1 70 81 82 -1 70 72 81 -1 83 75 84 -1 75 85 84 -1 86 81 84 -1 86 87 81 -1 88 89 90 -1 88 91 89 -1 92 93 94 -1 93 95 94 -1 96 97 98 -1 99 100 101 -1 102 103 104 -1 105 106 107 -1 108 109 110 -1 111 112 113 -1 102 100 111 -1 114 112 115 -1 112 116 113 -1 117 118 119 -1 119 118 120 -1 121 122 123 -1 122 124 125 -1 126 127 128 -1 127 129 130 -1 126 128 131 -1 131 132 126 -1 129 133 130 -1 129 134 133 -1 118 135 136 -1 118 137 135 -1 138 139 10 -1 10 9 138 -1 127 140 135 -1 141 142 143 -1 141 144 142 -1 142 145 143 -1 146 147 143 -1 138 148 149 -1 150 151 152 -1 153 154 155 -1 155 156 153 -1 157 158 159 -1 96 160 159 -1 117 161 118 -1 117 162 161 -1 163 164 165 -1 147 146 151 -1 146 163 151 -1 166 11 167 -1 14 11 168 -1 169 170 171 -1 172 173 169 -1 116 174 175 -1 176 177 178 -1 176 179 177 -1 12 180 181 -1 182 181 183 -1 184 185 183 -1 183 110 184 -1 186 114 187 -1 188 189 178 -1 189 190 178 -1 188 18 189 -1 191 192 193 -1 34 194 32 -1 195 196 197 -1 107 198 199 -1 107 200 198 -1 37 201 35 -1 202 24 203 -1 204 5 4 -1 204 52 5 -1 205 206 207 -1 205 208 206 -1 209 210 211 -1 211 212 209 -1 38 40 213 -1 214 48 47 -1 47 215 214 -1 216 217 218 -1 216 219 75 -1 216 218 30 -1 76 220 74 -1 76 73 220 -1 3 221 222 -1 3 223 221 -1 57 91 56 -1 91 88 56 -1 224 106 225 -1 226 227 228 -1 229 230 231 -1 230 228 231 -1 232 233 234 -1 232 148 233 -1 235 236 237 -1 237 238 235 -1 239 240 241 -1 139 242 243 -1 244 245 246 -1 247 248 246 -1 249 250 246 -1 251 0 252 -1 236 253 254 -1 251 255 256 -1 255 257 256 -1 258 259 260 -1 259 261 260 -1 200 107 106 -1 193 32 262 -1 263 264 265 -1 264 266 265 -1 267 268 269 -1 270 271 272 -1 273 260 261 -1 273 274 260 -1 275 276 277 -1 275 278 276 -1 279 280 281 -1 279 282 280 -1 283 284 65 -1 285 286 287 -1 288 287 286 -1 288 69 287 -1 65 48 289 -1 194 290 291 -1 191 292 192 -1 292 293 192 -1 212 214 209 -1 294 295 296 -1 294 297 295 -1 298 54 299 -1 300 301 298 -1 298 302 300 -1 303 304 299 -1 299 282 303 -1 305 306 307 -1 299 308 282 -1 299 309 308 -1 88 310 309 -1 309 56 88 -1 311 306 90 -1 90 86 311 -1 79 78 312 -1 312 313 79 -1 204 314 207 -1 62 61 58 -1 315 80 316 -1 205 317 318 -1 319 320 321 -1 319 322 323 -1 319 324 325 -1 319 326 45 -1 319 321 327 -1 328 329 330 -1 331 332 333 -1 331 334 332 -1 335 336 337 -1 338 93 92 -1 338 339 93 -1 1 340 341 -1 342 343 344 -1 121 345 346 -1 121 123 345 -1 146 145 163 -1 347 348 257 -1 347 349 348 -1 340 350 341 -1 350 17 341 -1 0 251 351 -1 148 232 149 -1 232 352 149 -1 245 233 353 -1 245 244 233 -1 249 238 239 -1 239 250 249 -1 354 240 237 -1 237 355 354 -1 355 179 356 -1 356 354 355 -1 357 176 190 -1 358 354 359 -1 232 264 352 -1 112 360 115 -1 112 111 360 -1 101 361 133 -1 133 99 101 -1 98 156 362 -1 98 363 156 -1 134 132 98 -1 151 150 147 -1 364 363 98 -1 98 131 364 -1 98 132 131 -1 365 366 367 -1 365 185 366 -1 12 181 182 -1 170 143 171 -1 170 141 143 -1 368 167 11 -1 369 370 371 -1 370 372 371 -1 373 374 375 -1 376 377 378 -1 379 380 381 -1 379 369 371 -1 379 382 383 -1 379 373 384 -1 379 385 376 -1 379 381 385 -1 379 376 373 -1 384 382 379 -1 379 383 369 -1 379 371 380 -1 371 372 380 -1 372 365 380 -1 168 386 387 -1 173 19 169 -1 172 181 180 -1 180 173 172 -1 372 185 365 -1 372 183 185 -1 119 184 110 -1 151 125 108 -1 153 363 388 -1 153 156 363 -1 388 389 153 -1 388 344 389 -1 96 98 362 -1 390 266 111 -1 266 360 111 -1 358 232 241 -1 190 176 178 -1 179 254 177 -1 179 355 254 -1 237 236 254 -1 254 355 237 -1 234 250 239 -1 234 391 250 -1 235 238 249 -1 249 248 235 -1 392 138 9 -1 392 353 138 -1 391 244 246 -1 139 138 149 -1 256 144 393 -1 394 348 349 -1 394 164 348 -1 394 334 395 -1 394 396 334 -1 397 154 121 -1 343 389 344 -1 123 122 165 -1 165 122 163 -1 336 397 337 -1 336 398 397 -1 345 334 331 -1 345 395 334 -1 399 333 400 -1 399 331 333 -1 401 273 261 -1 401 402 273 -1 319 403 326 -1 319 45 324 -1 319 404 322 -1 319 323 320 -1 59 44 60 -1 405 315 316 -1 406 204 4 -1 406 314 204 -1 52 407 5 -1 52 51 407 -1 205 318 82 -1 82 208 205 -1 75 217 216 -1 75 74 217 -1 311 307 306 -1 408 87 89 -1 409 57 55 -1 409 91 57 -1 56 299 54 -1 308 309 410 -1 309 310 410 -1 303 282 279 -1 279 304 303 -1 411 300 302 -1 411 412 300 -1 51 301 407 -1 298 413 54 -1 414 415 231 -1 196 416 197 -1 196 417 416 -1 215 209 214 -1 49 48 65 -1 418 225 29 -1 65 286 285 -1 285 66 65 -1 65 64 283 -1 105 419 106 -1 282 308 280 -1 229 281 230 -1 229 279 281 -1 420 421 422 -1 423 424 425 -1 423 426 424 -1 277 427 428 -1 277 276 427 -1 199 271 258 -1 268 427 429 -1 427 430 429 -1 305 431 410 -1 305 275 431 -1 432 92 330 -1 432 338 92 -1 199 433 271 -1 199 421 433 -1 199 258 260 -1 347 257 255 -1 255 434 347 -1 435 434 149 -1 257 145 142 -1 257 348 145 -1 142 256 257 -1 350 340 351 -1 166 167 15 -1 250 391 246 -1 248 249 246 -1 245 247 246 -1 244 391 233 -1 391 234 233 -1 8 236 392 -1 236 235 392 -1 232 239 241 -1 232 234 239 -1 253 236 8 -1 275 305 436 -1 299 56 309 -1 55 54 413 -1 413 437 55 -1 63 285 312 -1 63 66 285 -1 42 221 438 -1 42 222 221 -1 285 287 312 -1 287 313 312 -1 75 83 76 -1 219 85 75 -1 29 68 418 -1 217 31 218 -1 217 439 31 -1 65 284 49 -1 40 215 47 -1 47 213 40 -1 209 39 210 -1 39 43 210 -1 317 207 314 -1 317 205 207 -1 319 325 404 -1 50 204 437 -1 298 53 413 -1 440 441 442 -1 201 202 35 -1 202 203 35 -1 198 292 416 -1 416 422 198 -1 196 195 443 -1 444 445 446 -1 332 447 448 -1 174 449 175 -1 449 450 175 -1 104 366 451 -1 104 452 366 -1 232 358 264 -1 358 359 360 -1 359 115 360 -1 175 113 116 -1 175 453 113 -1 152 110 183 -1 183 181 152 -1 178 177 188 -1 18 177 16 -1 18 188 177 -1 171 172 169 -1 19 173 20 -1 173 180 20 -1 166 168 11 -1 163 122 151 -1 399 335 337 -1 399 400 335 -1 121 346 397 -1 120 104 451 -1 454 157 159 -1 158 96 159 -1 389 121 154 -1 154 153 389 -1 151 122 125 -1 172 455 181 -1 147 455 143 -1 147 150 455 -1 145 146 143 -1 144 256 142 -1 170 169 19 -1 127 137 128 -1 118 136 120 -1 104 120 136 -1 136 361 104 -1 130 133 361 -1 361 140 130 -1 140 127 130 -1 137 118 161 -1 126 129 127 -1 137 127 135 -1 364 131 161 -1 389 122 121 -1 389 343 122 -1 122 343 342 -1 342 124 122 -1 116 112 114 -1 456 113 453 -1 456 103 113 -1 361 101 104 -1 102 104 101 -1 101 100 102 -1 97 134 98 -1 266 390 457 -1 264 263 352 -1 330 92 94 -1 91 409 89 -1 409 408 89 -1 87 408 81 -1 311 84 85 -1 311 86 84 -1 305 458 436 -1 305 307 458 -1 74 220 217 -1 220 439 217 -1 69 418 68 -1 69 288 418 -1 62 66 63 -1 62 64 66 -1 459 289 48 -1 204 50 52 -1 210 43 42 -1 42 438 210 -1 39 38 43 -1 442 35 460 -1 35 203 460 -1 460 412 411 -1 29 27 68 -1 29 25 27 -1 28 26 25 -1 461 27 26 -1 461 67 27 -1 23 296 462 -1 22 294 296 -1 296 23 22 -1 22 24 202 -1 202 463 22 -1 20 387 21 -1 20 464 387 -1 350 15 17 -1 350 386 15 -1 14 464 12 -1 392 9 8 -1 7 253 8 -1 403 319 327 -1 223 5 407 -1 223 3 5 -1 1 7 2 -1 2 252 0 -1 2 10 252 -1 301 223 407 -1 462 223 301 -1 465 327 406 -1 465 403 327 -1 271 259 258 -1 271 270 259 -1 466 467 468 -1 467 466 469 -1 166 386 168 -1 386 166 15 -1 393 387 351 -1 393 21 387 -1 417 470 420 -1 417 471 470 -1 420 472 473 -1 470 472 420 -1 221 462 296 -1 462 221 223 -1 211 438 295 -1 211 210 438 -1 461 31 439 -1 461 26 31 -1 474 295 297 -1 211 295 474 -1 38 41 43 -1 38 475 41 -1 475 213 476 -1 475 38 213 -1 290 418 288 -1 290 477 418 -1 405 317 315 -1 405 318 317 -1 307 219 458 -1 311 219 307 -1 311 85 219 -1 305 310 306 -1 410 310 305 -1 424 328 478 -1 329 328 424 -1 479 480 481 -1 482 480 479 -1 263 483 352 -1 263 484 483 -1 485 456 377 -1 456 485 452 -1 113 102 111 -1 113 103 102 -1 161 486 364 -1 486 161 162 -1 131 137 161 -1 131 128 137 -1 135 361 136 -1 135 140 361 -1 133 97 99 -1 133 134 97 -1 138 233 148 -1 138 353 233 -1 96 487 160 -1 96 362 487 -1 95 454 159 -1 93 454 95 -1 119 451 184 -1 119 120 451 -1 399 397 346 -1 399 337 397 -1 176 356 179 -1 356 176 488 -1 386 351 387 -1 386 350 351 -1 144 21 393 -1 21 144 141 -1 366 184 451 -1 366 185 184 -1 264 360 266 -1 358 360 264 -1 489 449 357 -1 449 489 450 -1 167 190 189 -1 490 190 167 -1 447 491 448 -1 447 433 491 -1 212 474 492 -1 474 212 211 -1 196 471 417 -1 196 443 471 -1 446 262 459 -1 446 445 262 -1 212 446 214 -1 492 446 212 -1 492 444 446 -1 191 416 292 -1 416 191 197 -1 224 200 106 -1 224 293 200 -1 440 460 411 -1 440 442 460 -1 215 39 209 -1 215 40 39 -1 413 50 437 -1 53 50 413 -1 61 325 58 -1 325 61 404 -1 439 79 461 -1 439 77 79 -1 439 220 77 -1 67 287 69 -1 67 313 287 -1 64 58 283 -1 64 62 58 -1 89 86 90 -1 87 86 89 -1 60 283 58 -1 60 284 283 -1 278 436 493 -1 275 436 278 -1 226 448 491 -1 226 494 448 -1 400 494 495 -1 333 494 400 -1 10 243 252 -1 243 10 139 -1 248 392 235 -1 392 248 247 -1 340 0 351 -1 340 1 0 -1 255 242 434 -1 242 255 243 -1 466 434 435 -1 434 466 347 -1 435 469 466 -1 469 435 401 -1 445 193 262 -1 445 195 193 -1 267 432 268 -1 267 338 432 -1 329 432 330 -1 329 428 432 -1 277 431 275 -1 277 496 431 -1 429 269 268 -1 429 484 269 -1 497 427 276 -1 497 430 427 -1 105 493 419 -1 105 278 493 -1 107 497 105 -1 497 107 274 -1 426 329 424 -1 426 496 329 -1 281 426 423 -1 281 280 426 -1 498 425 495 -1 498 423 425 -1 433 499 491 -1 499 433 421 -1 228 498 226 -1 228 230 498 -1 231 227 414 -1 231 228 227 -1 308 431 280 -1 308 410 431 -1 422 199 198 -1 422 421 199 -1 477 225 418 -1 477 224 225 -1 214 459 48 -1 446 459 214 -1 471 474 470 -1 474 471 492 -1 500 473 472 -1 414 473 500 -1 463 414 500 -1 463 415 414 -1 300 24 23 -1 24 300 412 -1 202 415 463 -1 415 202 201 -1 36 279 229 -1 441 279 36 -1 440 302 304 -1 440 411 302 -1 441 304 279 -1 441 440 304 -1 409 437 206 -1 409 55 437 -1 81 208 82 -1 408 208 81 -1 458 216 30 -1 216 458 219 -1 313 461 79 -1 313 67 461 -1 405 71 70 -1 405 316 71 -1 204 206 437 -1 204 207 206 -1 501 6 502 -1 501 465 6 -1 323 503 315 -1 322 503 323 -1 58 324 59 -1 58 325 324 -1 45 501 46 -1 326 501 45 -1 406 321 314 -1 321 406 327 -1 433 272 271 -1 447 272 433 -1 335 495 425 -1 335 400 495 -1 273 429 430 -1 402 429 273 -1 468 504 396 -1 468 467 504 -1 402 484 429 -1 483 484 402 -1 328 94 482 -1 330 94 328 -1 331 346 345 -1 399 346 331 -1 481 336 479 -1 481 398 336 -1 395 123 165 -1 345 123 395 -1 396 349 468 -1 394 349 396 -1 348 163 145 -1 348 164 163 -1 253 1 341 -1 253 7 1 -1 253 177 254 -1 177 253 16 -1 449 186 488 -1 186 449 174 -1 241 354 358 -1 241 240 354 -1 114 174 116 -1 114 186 174 -1 157 457 390 -1 454 457 157 -1 160 481 480 -1 160 487 481 -1 96 99 97 -1 99 96 158 -1 344 486 342 -1 486 344 388 -1 397 155 154 -1 398 155 397 -1 109 125 124 -1 125 109 108 -1 372 182 183 -1 370 182 372 -1 464 168 387 -1 168 464 14 -1 375 489 490 -1 374 489 375 -1 378 175 450 -1 378 453 175 -1 381 365 367 -1 380 365 381 -1 13 382 11 -1 382 13 383 -1 485 381 367 -1 385 381 485 -1 373 378 374 -1 378 373 376 -1 382 368 11 -1 384 368 382 -1 370 383 13 -1 383 370 369 -1 377 453 378 -1 377 456 453 -1 374 450 489 -1 378 450 374 -1 368 490 167 -1 375 490 368 -1 182 13 12 -1 182 370 13 -1 485 366 452 -1 367 366 485 -1 124 117 109 -1 124 162 117 -1 388 364 486 -1 364 388 363 -1 398 487 155 -1 487 398 481 -1 390 100 99 -1 390 111 100 -1 93 457 454 -1 93 339 457 -1 99 157 390 -1 157 99 158 -1 265 484 263 -1 484 265 269 -1 354 187 359 -1 354 356 187 -1 357 488 176 -1 449 488 357 -1 252 255 251 -1 252 243 255 -1 352 435 149 -1 352 483 435 -1 95 482 94 -1 480 482 95 -1 335 479 336 -1 478 479 335 -1 483 401 435 -1 483 402 401 -1 332 396 504 -1 396 332 334 -1 268 428 427 -1 268 432 428 -1 425 478 335 -1 424 478 425 -1 332 494 333 -1 494 332 448 -1 467 272 504 -1 467 270 272 -1 320 314 321 -1 320 317 314 -1 326 465 501 -1 403 465 326 -1 503 404 61 -1 404 503 322 -1 320 315 317 -1 323 315 320 -1 61 78 503 -1 61 312 78 -1 61 63 312 -1 46 502 41 -1 46 501 502 -1 316 77 71 -1 80 77 316 -1 218 28 30 -1 28 218 31 -1 493 458 30 -1 436 458 493 -1 299 302 298 -1 299 304 302 -1 415 37 231 -1 37 415 201 -1 22 500 294 -1 22 463 500 -1 3 502 6 -1 3 222 502 -1 294 472 297 -1 500 472 294 -1 41 222 42 -1 41 502 222 -1 422 417 420 -1 417 422 416 -1 34 224 477 -1 33 224 34 -1 291 288 286 -1 291 290 288 -1 225 419 29 -1 225 106 419 -1 414 499 473 -1 414 227 499 -1 226 495 494 -1 226 498 495 -1 230 423 498 -1 423 230 281 -1 496 280 431 -1 496 426 280 -1 430 274 273 -1 497 274 430 -1 419 30 29 -1 419 493 30 -1 276 105 497 -1 105 276 278 -1 496 428 329 -1 277 428 496 -1 339 269 265 -1 338 269 339 -1 267 269 338 -1 260 107 199 -1 260 274 107 -1 259 401 261 -1 259 469 401 -1 434 139 149 -1 434 242 139 -1 341 16 253 -1 17 16 341 -1 240 238 237 -1 239 238 240 -1 35 441 36 -1 442 441 35 -1 36 231 37 -1 36 229 231 -1 227 491 499 -1 227 226 491 -1 504 447 332 -1 272 447 504 -1 60 49 284 -1 476 49 60 -1 76 72 73 -1 76 83 72 -1 408 206 208 -1 408 409 206 -1 412 203 24 -1 412 460 203 -1 293 198 200 -1 293 292 198 -1 33 293 224 -1 33 192 293 -1 194 289 459 -1 194 291 289 -1 197 193 195 -1 197 191 193 -1 195 444 443 -1 445 444 195 -1 459 32 194 -1 459 262 32 -1 193 33 32 -1 33 193 192 -1 443 492 471 -1 444 492 443 -1 357 490 489 -1 357 190 490 -1 189 15 167 -1 15 189 18 -1 150 181 455 -1 152 181 150 -1 187 115 359 -1 114 115 187 -1 455 171 143 -1 171 455 172 -1 464 180 12 -1 464 20 180 -1 488 187 356 -1 186 187 488 -1 395 164 394 -1 164 395 165 -1 480 159 160 -1 480 95 159 -1 362 155 487 -1 362 156 155 -1 247 353 392 -1 353 247 245 -1 134 126 132 -1 129 126 134 -1 162 342 486 -1 342 162 124 -1 375 384 373 -1 375 368 384 -1 109 119 110 -1 109 117 119 -1 339 266 457 -1 266 339 265 -1 108 152 151 -1 108 110 152 -1 385 377 376 -1 377 385 485 -1 452 103 456 -1 103 452 104 -1 482 478 328 -1 482 479 478 -1 306 88 90 -1 310 88 306 -1 81 83 84 -1 72 83 81 -1 318 70 82 -1 405 70 318 -1 78 315 503 -1 80 315 78 -1 220 71 77 -1 71 220 73 -1 477 194 34 -1 290 194 477 -1 289 286 65 -1 289 291 286 -1 476 44 475 -1 60 44 476 -1 51 298 301 -1 53 298 51 -1 49 213 47 -1 213 49 476 -1 46 475 44 -1 475 46 41 -1 59 45 44 -1 45 59 324 -1 470 297 472 -1 470 474 297 -1 221 295 438 -1 296 295 221 -1 473 421 420 -1 421 473 499 -1 141 19 21 -1 141 170 19 -1 256 351 251 -1 256 393 351 -1 468 347 466 -1 468 349 347 -1 469 270 467 -1 270 469 259 -1 465 4 6 -1 465 406 4 -1 300 462 301 -1 23 462 300 -1' creaseAngle='1.571'>
            <Coordinate DEF='rmc2_Coord' point='-7.2979 28.3422 3.2407 -7.2943 28.3287 3.2135 -7.2868 28.3157 3.2133 -6.9512 26.6832 4.0973 -6.8464 26.6709 4.1055 -6.8507 26.6896 4.1004 -6.9354 26.6557 4.0988 -7.2965 28.319 3.2011 -7.274 28.2889 3.1652 -7.2727 28.2751 3.1751 -7.2748 28.2529 3.2181 -7.1928 28.4569 3.1393 -7.162 28.4608 3.2521 -7.1291 28.4466 3.217 -7.2174 28.4594 3.1931 -7.2999 28.4819 3.1182 -7.3107 28.477 3.1169 -7.3093 28.477 3.1269 -7.3053 28.4833 3.1034 -7.2321 28.4279 3.2664 -7.2271 28.4611 3.2383 -7.2782 28.465 3.2086 -7.0243 26.8349 4.0998 -6.9846 26.8187 4.1101 -6.9741 26.8879 4.1373 -6.9384 26.7606 3.7286 -6.9037 26.6982 3.722 -6.9464 26.7032 3.7365 -6.9157 26.7678 3.728 -6.9533 26.7978 3.7214 -6.922 26.8077 3.7295 -6.8713 26.718 3.7376 -7.2325 26.7517 3.8182 -7.1897 26.7867 3.78 -7.1742 26.7349 3.7919 -6.9536 26.9405 4.1445 -6.9647 27.0191 4.1027 -6.9828 26.9994 4.1083 -7.1288 26.6133 4.0035 -7.159 26.6368 3.9982 -7.1617 26.6164 3.9709 -7.0952 26.6115 4.0513 -7.1212 26.6473 4.0439 -7.1407 26.644 4.027 -7.0417 26.5477 4.0211 -6.9711 26.5136 4.0402 -7.0386 26.5632 4.0481 -7.1457 26.6039 3.9486 -7.1528 26.6422 3.9093 -7.0988 26.5738 3.9495 -6.7461 26.7244 4.085 -6.8054 26.7186 4.0798 -6.7813 26.7088 4.0904 -6.7535 26.7411 4.0781 -6.6887 26.8192 4.0513 -6.6748 26.8204 4.0375 -6.6708 26.8751 3.9893 -6.6658 26.861 3.9917 -7.0103 26.4922 3.9417 -7.0334 26.515 3.9836 -7.0609 26.5267 3.9653 -6.937 26.4796 3.8925 -6.9733 26.4965 3.8921 -6.9563 26.5083 3.8543 -6.9917 26.5091 3.8873 -6.9896 26.5592 3.9236 -6.9708 26.5258 3.8452 -6.953 26.652 3.7502 -6.9628 26.7074 3.7438 -6.9682 26.6572 3.7664 -6.6842 26.6721 3.8898 -6.7172 26.6428 3.8303 -6.6889 26.7041 3.8642 -6.7195 26.6628 3.8239 -6.7711 26.6797 3.7846 -6.7874 26.708 3.8396 -6.7228 26.6793 3.818 -6.7778 26.6327 3.7848 -6.8513 26.5488 3.8072 -6.8675 26.61 3.7538 -6.7808 26.5724 3.8387 -6.6658 26.7499 3.8928 -6.6698 26.6939 3.9414 -6.6964 26.7157 3.8561 -6.6728 26.7622 3.8849 -6.7546 26.7655 3.8657 -6.665 26.8116 3.9044 -6.6541 26.8037 3.9143 -6.6621 26.8787 3.9413 -6.6471 26.8523 3.9293 -6.6562 26.8628 3.9205 -6.6575 26.8687 3.9519 -6.9544 27.9519 3.2605 -6.9345 28.0245 3.1799 -6.9386 27.9604 3.2791 -6.9031 28.037 3.2042 -6.8554 28.2046 3.1279 -6.8738 28.2553 3.1152 -6.852 28.2774 3.1717 -6.8944 28.2238 3.0315 -6.933 28.2461 3.0056 -6.9127 28.261 3.0217 -6.9332 28.261 2.9927 -6.9293 28.2779 2.9737 -6.9052 28.2977 3.0205 -6.9868 27.1311 3.6422 -7.0579 26.931 3.7189 -7.1064 27.1313 3.6858 -7.0093 28.4813 3.3494 -6.9488 28.4776 3.3319 -6.9784 28.5314 3.2896 -7.0056 28.1932 2.948 -7.0223 28.2196 2.8876 -6.9891 28.252 2.8795 -7.0467 28.2303 2.8122 -7.0578 28.185 2.8799 -7.0276 28.2495 2.8098 -6.869 28.4502 3.2779 -6.858 28.3867 3.1649 -6.8834 28.4914 3.2363 -6.8679 28.3974 3.1456 -6.9491 28.3371 3.4262 -7.0346 28.4243 3.4236 -7.035 28.3525 3.4334 -6.9329 28.4486 3.3546 -7.0223 28.4622 3.3714 -6.8839 28.3114 3.1783 -6.8965 28.3215 3.1732 -6.878 28.3272 3.1889 -6.896 28.3025 3.1548 -6.9015 28.3119 3.1495 -6.837 28.3361 3.2157 -6.8606 28.3006 3.1593 -6.8868 28.2904 3.1045 -6.8756 28.2879 3.1268 -6.9019 28.343 3.1657 -6.883 28.3679 3.129 -6.882 28.3419 3.1848 -7.2569 28.2208 3.1932 -7.2706 28.2455 3.2213 -6.9014 28.3249 3.1512 -7.2597 28.4585 3.2825 -7.2456 28.4476 3.3238 -7.2338 28.4525 3.3312 -7.2673 28.4547 3.2845 -7.2368 28.4484 3.3356 -7.2244 28.4532 3.3426 -7.2076 28.464 3.343 -7.208 28.1797 3.1769 -7.1951 28.1198 3.2398 -7.188 28.4763 3.3408 -7.1586 28.4727 3.3666 -7.1337 28.5025 3.3329 -6.8757 28.34 3.3834 -6.8843 28.3141 3.3922 -6.8553 28.2609 3.3224 -6.8462 28.289 3.2988 -6.9029 28.1478 3.0374 -6.8793 28.1796 3.0513 -6.8668 28.1212 3.1026 -6.8569 28.1611 3.1747 -6.835 28.3608 3.2122 -6.8612 28.4205 3.3108 -7.1621 28.4283 3.3847 -7.1493 28.342 3.3886 -7.1103 28.3544 3.4105 -7.259 28.4741 3.1252 -7.2648 28.4971 3.0365 -7.2412 28.4631 3.167 -7.217 28.4409 3.3057 -7.2364 28.4355 3.2991 -7.2234 28.4436 3.3213 -7.1916 28.4438 3.3167 -7.2051 28.4437 3.294 -7.0383 28.2566 2.8075 -7.0219 28.264 2.8153 -7.2311 28.3628 2.9076 -7.2941 28.4648 3.0225 -7.2863 28.4715 3.0131 -7.2412 28.3528 2.9149 -7.1762 28.4588 3.2684 -7.1336 28.4982 3.3169 -7.0801 28.4917 3.2687 -6.9822 28.5332 3.2642 -6.8916 28.4976 3.2178 -6.9074 28.4979 3.1957 -7.058 28.2405 2.8109 -7.0621 28.23 2.813 -7.2875 28.4765 3.0227 -7.2777 28.4946 3.0289 -7.2113 28.4533 2.9432 -7.2333 26.8154 3.8031 -7.2107 26.8062 3.7869 -7.2364 26.7639 3.8149 -7.1654 26.6968 3.8247 -7.2398 26.7631 3.8262 -7.2317 26.8114 3.8533 -7.2403 26.8152 3.8202 -7.2274 26.9077 3.7895 -7.1893 27.1102 3.7521 -7.1525 26.9233 3.7562 -7.0003 26.9621 4.1174 -7.0051 26.9098 4.1237 -6.9526 26.9295 4.1447 -6.7312 26.6649 4.0792 -6.697 26.6324 4.015 -6.673 26.7324 4.0362 -6.7132 26.6491 4.0603 -6.6688 26.7122 3.9825 -7.1514 26.646 3.986 -7.1403 26.6546 4.0107 -7.1437 26.6988 3.9896 -7.1711 26.688 3.9643 -7.1408 26.5965 3.97 -7.1856 26.6719 3.9342 -7.1563 26.6237 3.9554 -6.8531 26.7369 3.7901 -6.8128 26.6872 3.7607 -6.8622 26.729 3.7419 -6.8044 26.7624 3.8202 -6.7749 26.6625 3.7769 -7.0369 26.6947 4.0899 -7.0304 26.678 4.0949 -6.9563 26.6971 4.0879 -7.1353 26.8184 3.7624 -7.0256 26.8163 3.7255 -7.0652 27.4331 3.8447 -7.0733 27.1685 3.9494 -7.0231 27.199 3.9812 -6.9802 27.0778 4.053 -7.0011 27.2016 3.9774 -7.0004 27.0691 4.0555 -7.1661 28.1437 3.0523 -7.2078 28.1895 3.1683 -7.1679 28.161 3.0726 -7.2633 28.2993 3.0798 -7.2708 28.3074 3.0759 -7.2461 28.2632 3.0094 -7.243 28.2593 3.0197 -7.1812 28.1861 3.0151 -7.1811 28.1861 3.004 -7.1764 28.1774 3.0085 -7.2713 28.2455 3.2285 -7.2752 28.2547 3.2302 -7.2057 28.2109 3.1342 -7.2261 28.2338 3.148 -7.1996 28.2349 3.1021 -7.2318 28.264 3.1344 -7.2279 28.2797 3.0869 -7.198 28.272 3.0562 -7.1722 28.2191 3.0575 -7.2845 28.3541 3.2872 -7.2787 28.2616 3.2276 -7.3166 28.415 3.1552 -7.2964 28.3675 3.0438 -7.2566 28.2713 3.2968 -7.2798 28.3627 3.2951 -7.2486 28.2763 3.3047 -7.1955 27.3677 3.6651 -7.1848 27.6618 3.5452 -7.1869 27.3637 3.6534 -7.1751 27.6476 3.5273 -7.2342 26.7486 3.8227 -7.0827 28.0313 3.1346 -7.1083 28.0897 3.0223 -7.0504 28.0194 3.1294 -7.0714 28.0833 3.0166 -7.0101 27.9357 3.2333 -7.0279 27.8248 3.3029 -7.0364 27.9335 3.2227 -7.1721 27.6712 3.5722 -7.1879 27.3795 3.6862 -7.1578 27.6817 3.6025 -7.1187 27.6142 3.4886 -7.1125 27.3574 3.6126 -6.9144 27.1495 3.6801 -6.9932 27.3577 3.5694 -6.9485 27.3568 3.5927 -6.958 27.1349 3.6481 -6.9271 27.0692 4.0516 -6.9088 27.187 3.8005 -6.9655 27.2021 3.9526 -6.8269 27.0222 3.9254 -7.0308 26.505 3.9324 -7.0594 26.5268 3.945 -6.9629 26.5463 3.8185 -6.9985 26.6043 3.8476 -6.9657 26.6145 3.7831 -6.9999 26.6594 3.7986 -7.1276 26.6519 3.877 -7.1059 26.694 3.8154 -7.1015 26.6625 3.8441 -7.2277 26.8688 3.7962 -7.1777 26.8568 3.7767 -7.0634 26.792 4.0678 -7.117 26.7074 4.019 -7.0463 26.7376 4.076 -7.1251 26.7573 4.0079 -6.8196 26.8012 4.0482 -6.7582 26.9125 3.9941 -6.9284 26.8348 4.1136 -6.8893 26.7352 4.0661 -6.8905 26.8873 4.09 -6.8354 26.9731 4.014 -6.8718 26.9574 4.0726 -6.8295 26.9878 3.789 -6.7149 26.8909 3.8877 -6.7651 26.8713 3.8454 -6.8149 27.0084 3.8819 -6.7251 26.9186 3.9474 -6.721 26.911 3.9087 -6.7304 26.8352 3.8803 -6.948 26.5372 3.8112 -6.9495 26.6106 3.7669 -6.7572 26.5903 4.0723 -6.7565 26.532 3.926 -6.7345 26.5861 3.873 -6.7253 26.5666 4.0211 -6.6924 26.6234 3.9884 -6.8845 26.4865 4.0303 -6.7841 26.5124 4.0218 -6.81 26.5264 4.0573 -6.854 26.4663 3.9475 -6.7951 26.4896 3.9763 -6.9777 26.4942 4.0064 -6.9548 26.4713 3.9782 -6.9311 26.5341 4.0685 -6.8564 26.5451 4.081 -6.9608 27.858 3.3843 -6.9674 27.592 3.4993 -6.9663 27.8405 3.3543 -7.0605 28.1232 3.5168 -7.0988 27.9601 3.5596 -7.0632 27.966 3.5926 -7.0937 28.1148 3.4982 -6.9919 27.9343 3.5427 -6.9493 28.064 3.4519 -6.9704 28.0952 3.4823 -6.9856 27.9376 3.2454 -6.983 28.0201 3.1563 -7.2908 28.4425 3.1772 -7.3153 28.422 3.1653 -6.9345 28.424 3.3883 -6.9705 28.4166 3.4217 -6.9356 28.4074 3.4109 -7.0499 28.2455 3.4705 -6.995 28.2297 3.4556 -7.2145 28.1549 3.3216 -7.2042 28.3063 3.3438 -7.1797 28.189 3.3688 -7.3006 28.4701 3.163 -7.2939 28.4636 3.1973 -7.1318 28.0674 3.1501 -7.2458 28.2255 3.1769 -7.1787 28.2486 2.9038 -7.2416 28.3103 2.9656 -7.1685 28.2883 2.8617 -7.1578 28.397 2.889 -7.1045 28.1109 2.9847 -7.0758 28.1841 2.8779 -7.0839 28.1124 2.9756 -6.889 28.3242 3.0958 -6.849 28.2421 3.2051 -6.8351 28.3229 3.2676 -6.8301 28.3414 3.2389 -6.9652 28.4491 3.1698 -6.8839 28.3972 3.11 -6.929 28.4039 3.1138 -7.1758 28.4506 3.0625 -7.0506 28.4329 3.1716 -7.0688 28.4638 3.2269 -7.016 28.4364 3.1685 -7.0118 28.4811 3.2123 -7.0633 28.3972 3.0548 -7.0976 28.3869 2.9695 -7.1481 28.4271 3.0004 -7.0306 28.3794 3.0517 -6.9853 28.3422 3.0098 -7.0421 28.336 2.9324 -7.0312 28.4041 3.1175 -6.9976 28.4301 3.151 -6.9778 28.4042 3.1233 -7.1048 28.4226 3.1201 -7.0837 28.4259 3.1659 -7.0975 28.4189 3.0886 -6.9939 28.3798 3.0879 -7.2915 28.4757 3.1597 -7.2823 28.4703 3.191 -6.8606 28.3746 3.3628 -6.9351 28.3727 3.4299 -6.9784 28.1739 2.9669 -7.1728 28.1983 3.085 -7.2669 28.2815 3.1563 -7.2881 28.46 3.2123 -7.1359 28.2378 3.4216 -7.0951 28.2534 3.4497 -7.1278 28.0935 3.4642 -6.9367 28.202 3.44 -6.9106 28.1602 3.3808 -7.0183 28.1108 3.4996 -7.035 27.9571 3.5873 -7.1628 27.8827 3.4071 -7.1162 27.8551 3.3532 -6.8895 26.5418 4.0777 -6.9036 26.464 3.9535 -6.7091 26.6074 3.9274 -6.8445 26.6086 4.1027 -6.8613 26.7 4.0855 -6.655 26.7888 3.9504 -6.6611 26.8098 4.0049 -6.8227 26.9958 3.821 -6.9112 26.9089 4.1243 -6.9363 26.8836 4.1369 -6.7133 26.7625 4.0731 -7.0752 26.993 4.0133 -7.0377 26.9776 4.07 -7.2369 26.8672 3.8157 -7.2119 26.8514 3.8644 -6.9964 26.716 3.7553 -6.9669 26.9321 3.6988 -7.1822 26.9412 3.8802 -7.2039 27.1254 3.7752 -7.2303 26.9112 3.8126 -7.01 27.4305 3.8161 -6.9696 27.6201 3.5724 -7.0137 27.6747 3.6911 -6.9406 27.3886 3.6948 -7.0138 27.5845 3.4515 -6.9775 27.5884 3.4789 -7.0523 27.8289 3.3072 -7.0373 27.5833 3.4472 -6.9034 27.1555 3.706 -6.9842 27.8277 3.3321 -7.1778 27.3898 3.709 -7.2115 28.1488 3.3016 -7.1842 27.9892 3.3547 -6.8562 26.965 3.7448 -6.6945 26.7536 4.0775 -7.1187 26.6609 4.0316 -6.8224 26.6675 3.7595 -6.9024 26.9484 4.116 -6.9341 27.0112 4.1075 -6.9397 26.9426 4.1436 -7.2241 26.7864 3.8747 -7.2203 26.7442 3.8868 -7.2386 26.7533 3.8293 -7.2171 26.7103 3.8813 -7.1415 27.689 3.6323 -7.1093 27.7074 3.6708 -7.1026 28.3261 2.8412 -7.088 28.3316 2.8514 -6.8748 28.3926 3.1223 -6.9107 28.3052 3.0217 -6.9894 28.2647 2.8851 -6.9124 28.1065 3.0722 -7.193 28.4715 3.3305 -6.938 28.288 2.9729 -6.9743 28.1048 3.0418 -6.8305 26.8459 3.7904 -7.1975 26.6919 3.8629 -6.9407 26.9309 4.1459 -6.8829 26.6491 3.7373 -6.9658 26.7364 4.071 -7.0393 26.8891 4.0861 -7.2247 28.4636 3.2243 -6.911 26.6009 4.0964 -7.1899 28.0087 3.3723 -7.1585 27.9111 3.4656 -7.1599 28.0496 3.4168 -7.178 27.8935 3.4298 -7.1656 26.8241 3.9451 -7.1972 26.806 3.9056 -7.135 26.8399 3.978 -7.1458 26.964 3.9314 -7.155 26.7487 3.9757 -7.1046 26.5928 4.0095 -7.1076 26.5707 3.9722 -7.1106 26.7288 3.7845 -6.9593 27.8885 3.4373 -6.9349 28.0088 3.37 -6.8968 28.066 3.2479 -6.8941 28.1097 3.3117 -6.9332 27.9787 3.3161 -7.1212 27.9539 3.2692 -7.0616 27.9361 3.229 -6.9531 28.3459 3.0536 -6.8576 28.3958 3.3393 -6.8554 28.2031 3.2427 -7.1587 28.3007 2.8548 -7.1449 28.4004 2.896 -7.2009 28.4563 2.9511 -7.1203 27.4156 3.7871 -7.1886 26.7427 3.942 -6.9328 26.9373 3.7045 -7.0722 27.7092 3.7168 -7.0486 27.6995 3.715 -6.9392 27.3599 3.612 -7.0226 27.3574 3.5633 -7.0404 27.434 3.8397 -7.1347 27.1465 3.8785 -7.0781 26.8727 4.0413 -6.9798 26.593 4.0898 -7.0166 26.6419 4.0927 -6.8432 26.4948 3.8842 -7.1325 27.935 3.5136'/>
          </IndexedFaceSet>
        </Shape>
        <Shape DEF='rmc3'>
          <Appearance>
            <PhysicalMaterial baseColor='1 0.9765 0.8667' metallic='0' roughness='0.72'/>
          </Appearance>
          <IndexedFaceSet DEF='rmc3_Geo' coordIndex='0 1 2 -1 3 4 5 -1 3 6 4 -1 4 7 5 -1 8 9 10 -1 11 12 13 -1 14 15 16 -1 14 17 15 -1 18 19 20 -1 18 21 19 -1 22 23 24 -1 23 25 24 -1 26 27 28 -1 27 29 28 -1 30 31 32 -1 30 33 31 -1 34 35 36 -1 34 37 35 -1 38 39 40 -1 38 41 39 -1 42 43 44 -1 45 46 47 -1 46 48 47 -1 46 49 48 -1 49 50 48 -1 51 52 53 -1 53 54 51 -1 55 56 57 -1 58 59 60 -1 58 61 59 -1 62 63 64 -1 62 65 63 -1 66 59 61 -1 67 60 59 -1 68 63 65 -1 68 69 63 -1 65 67 59 -1 70 71 72 -1 70 73 71 -1 74 75 76 -1 70 77 73 -1 70 78 77 -1 79 77 78 -1 79 80 77 -1 76 2 81 -1 51 82 83 -1 51 55 82 -1 83 52 51 -1 84 82 85 -1 84 86 82 -1 87 88 89 -1 88 90 89 -1 91 89 92 -1 89 93 92 -1 94 95 96 -1 95 97 96 -1 98 99 100 -1 101 102 103 -1 101 104 102 -1 105 104 106 -1 101 107 106 -1 108 109 106 -1 110 105 106 -1 111 112 113 -1 111 114 112 -1 115 111 113 -1 113 116 115 -1 117 118 119 -1 119 120 117 -1 121 122 123 -1 124 125 126 -1 127 128 129 -1 130 131 132 -1 132 133 130 -1 134 115 135 -1 135 136 134 -1 9 137 126 -1 126 138 9 -1 139 140 68 -1 68 141 139 -1 122 121 111 -1 111 142 122 -1 143 58 144 -1 143 145 58 -1 146 147 53 -1 146 148 147 -1 27 26 149 -1 149 150 151 -1 152 153 154 -1 152 155 153 -1 156 157 158 -1 159 160 161 -1 162 160 163 -1 164 160 165 -1 166 167 168 -1 3 169 6 -1 169 22 6 -1 170 171 172 -1 173 158 157 -1 173 174 158 -1 175 176 132 -1 175 177 176 -1 178 179 180 -1 178 181 179 -1 182 183 184 -1 185 186 187 -1 185 188 186 -1 189 190 191 -1 11 192 169 -1 193 194 195 -1 195 196 193 -1 197 198 199 -1 200 182 201 -1 182 202 203 -1 182 204 201 -1 182 205 206 -1 182 207 208 -1 182 209 210 -1 182 211 212 -1 213 214 215 -1 213 216 214 -1 217 14 25 -1 218 17 219 -1 220 171 192 -1 221 222 169 -1 221 223 222 -1 174 154 158 -1 174 224 154 -1 225 226 227 -1 226 156 227 -1 165 228 164 -1 165 229 228 -1 230 162 163 -1 230 231 162 -1 228 232 233 -1 232 226 233 -1 166 47 167 -1 234 235 236 -1 188 185 237 -1 238 239 151 -1 240 241 242 -1 242 243 240 -1 32 43 244 -1 44 245 40 -1 244 43 42 -1 246 43 198 -1 247 43 248 -1 249 43 31 -1 30 244 250 -1 30 32 244 -1 100 251 252 -1 253 254 26 -1 254 149 26 -1 255 256 257 -1 256 258 257 -1 16 259 24 -1 16 260 259 -1 261 262 263 -1 261 264 262 -1 155 265 266 -1 265 267 266 -1 268 269 18 -1 154 224 152 -1 19 21 270 -1 271 272 273 -1 273 274 271 -1 273 275 274 -1 276 136 139 -1 91 277 87 -1 277 278 87 -1 279 120 119 -1 280 2 1 -1 281 282 280 -1 73 2 71 -1 73 81 2 -1 283 284 285 -1 286 287 288 -1 286 289 287 -1 290 180 291 -1 180 179 291 -1 175 292 293 -1 294 9 138 -1 124 295 296 -1 297 124 298 -1 299 124 126 -1 300 124 301 -1 147 301 302 -1 147 148 301 -1 303 127 129 -1 86 127 304 -1 60 144 58 -1 141 305 276 -1 141 147 305 -1 276 305 136 -1 305 306 136 -1 307 308 309 -1 309 310 307 -1 311 312 313 -1 312 314 313 -1 315 316 317 -1 316 318 317 -1 60 67 319 -1 134 136 306 -1 141 320 147 -1 321 130 322 -1 321 323 130 -1 301 124 302 -1 125 124 300 -1 124 299 298 -1 295 124 297 -1 302 124 296 -1 175 293 324 -1 324 177 175 -1 131 292 132 -1 179 325 326 -1 179 75 325 -1 327 79 78 -1 327 328 329 -1 282 2 280 -1 330 331 123 -1 330 332 331 -1 333 334 335 -1 336 337 90 -1 338 339 97 -1 141 276 139 -1 95 274 275 -1 95 340 274 -1 64 341 342 -1 343 344 345 -1 343 346 344 -1 155 347 153 -1 252 248 100 -1 252 247 248 -1 31 33 348 -1 31 43 32 -1 248 43 249 -1 198 43 247 -1 44 43 246 -1 349 246 198 -1 198 197 349 -1 350 351 352 -1 350 353 351 -1 196 195 237 -1 195 354 237 -1 195 230 163 -1 163 159 195 -1 227 153 347 -1 227 156 153 -1 174 355 356 -1 174 173 355 -1 357 355 13 -1 357 356 355 -1 38 358 41 -1 197 359 218 -1 168 360 361 -1 361 362 168 -1 195 49 230 -1 195 194 49 -1 29 27 363 -1 182 210 211 -1 182 208 209 -1 182 206 207 -1 182 184 205 -1 182 200 183 -1 182 203 204 -1 182 212 202 -1 354 233 364 -1 25 16 24 -1 25 14 16 -1 365 359 199 -1 359 197 199 -1 366 15 365 -1 15 359 365 -1 171 220 172 -1 334 367 339 -1 334 368 367 -1 132 292 175 -1 173 232 369 -1 13 192 11 -1 370 371 372 -1 372 373 370 -1 374 160 164 -1 165 160 375 -1 163 160 159 -1 161 160 374 -1 238 234 193 -1 193 376 238 -1 151 239 377 -1 141 66 320 -1 141 68 66 -1 142 115 134 -1 142 111 115 -1 378 140 139 -1 123 122 379 -1 379 330 123 -1 130 323 131 -1 323 380 131 -1 128 84 381 -1 381 382 128 -1 117 120 333 -1 333 383 117 -1 2 282 71 -1 384 385 179 -1 385 291 179 -1 112 336 386 -1 112 114 336 -1 88 336 90 -1 88 386 336 -1 109 110 106 -1 107 108 106 -1 104 101 106 -1 107 101 103 -1 103 387 107 -1 104 105 388 -1 388 102 104 -1 105 389 388 -1 105 110 389 -1 390 391 266 -1 390 392 391 -1 393 18 269 -1 393 21 18 -1 394 315 265 -1 394 395 315 -1 90 396 89 -1 89 91 87 -1 82 55 85 -1 288 287 397 -1 287 398 397 -1 398 399 80 -1 80 397 398 -1 400 401 399 -1 74 76 400 -1 402 283 285 -1 326 384 179 -1 133 125 300 -1 400 398 74 -1 400 399 398 -1 74 325 75 -1 342 60 319 -1 342 144 60 -1 62 319 67 -1 68 140 69 -1 319 64 342 -1 319 62 64 -1 232 173 157 -1 65 62 67 -1 85 143 403 -1 55 57 145 -1 160 162 375 -1 41 253 404 -1 211 37 34 -1 405 406 348 -1 407 353 243 -1 407 351 353 -1 405 240 408 -1 169 192 221 -1 169 23 22 -1 169 222 23 -1 409 268 410 -1 409 269 268 -1 5 7 411 -1 259 260 412 -1 252 251 413 -1 3 5 411 -1 411 12 3 -1 338 414 92 -1 284 8 10 -1 78 328 327 -1 78 70 328 -1 70 72 328 -1 415 416 417 -1 328 415 329 -1 328 416 415 -1 418 280 345 -1 418 281 280 -1 416 72 419 -1 416 328 72 -1 396 337 383 -1 396 90 337 -1 420 118 117 -1 118 420 421 -1 422 423 417 -1 422 424 423 -1 419 417 416 -1 422 417 419 -1 338 93 339 -1 93 338 92 -1 91 414 425 -1 91 92 414 -1 414 97 426 -1 414 338 97 -1 427 251 428 -1 413 251 427 -1 412 7 4 -1 7 412 264 -1 3 11 169 -1 11 3 12 -1 122 429 379 -1 430 429 122 -1 263 427 428 -1 263 262 427 -1 4 259 412 -1 4 6 259 -1 366 262 260 -1 366 427 262 -1 407 193 196 -1 193 407 376 -1 240 353 408 -1 240 243 353 -1 350 408 353 -1 431 408 350 -1 358 214 216 -1 358 38 214 -1 258 50 257 -1 258 432 50 -1 375 231 433 -1 375 162 231 -1 369 172 173 -1 369 170 172 -1 434 435 436 -1 434 437 435 -1 234 194 193 -1 194 234 236 -1 310 397 438 -1 288 397 310 -1 143 55 145 -1 143 85 55 -1 56 61 57 -1 56 66 61 -1 226 157 156 -1 226 232 157 -1 74 287 325 -1 287 74 398 -1 81 400 76 -1 81 401 400 -1 384 292 385 -1 292 384 293 -1 326 293 384 -1 289 293 326 -1 286 439 324 -1 286 309 439 -1 285 307 402 -1 308 307 285 -1 325 289 326 -1 289 325 287 -1 438 327 329 -1 79 327 438 -1 129 382 440 -1 128 382 129 -1 52 304 441 -1 83 304 52 -1 277 425 442 -1 425 277 91 -1 443 390 444 -1 443 445 390 -1 267 315 317 -1 265 315 267 -1 394 446 395 -1 447 446 394 -1 393 313 448 -1 269 313 393 -1 311 449 450 -1 449 311 409 -1 445 451 190 -1 451 445 443 -1 452 453 454 -1 453 452 455 -1 448 314 346 -1 448 313 314 -1 444 266 267 -1 266 444 390 -1 454 456 452 -1 456 454 457 -1 458 123 331 -1 458 121 123 -1 318 459 460 -1 459 318 461 -1 110 462 389 -1 110 109 462 -1 463 107 387 -1 108 107 463 -1 119 464 279 -1 465 464 119 -1 321 129 323 -1 321 303 129 -1 291 380 440 -1 385 380 291 -1 466 421 420 -1 467 421 466 -1 282 72 71 -1 72 282 281 -1 76 0 2 -1 0 76 181 -1 466 337 336 -1 337 466 420 -1 272 342 341 -1 342 272 271 -1 85 381 84 -1 85 403 381 -1 177 138 176 -1 294 138 177 -1 468 378 469 -1 378 468 140 -1 330 470 8 -1 379 470 330 -1 378 136 135 -1 378 139 136 -1 146 303 321 -1 146 441 303 -1 471 358 472 -1 471 254 358 -1 473 457 99 -1 457 473 456 -1 239 376 242 -1 238 376 239 -1 377 363 27 -1 377 241 363 -1 191 474 189 -1 191 475 474 -1 476 477 392 -1 476 478 477 -1 479 350 352 -1 480 350 479 -1 392 481 391 -1 392 477 481 -1 17 359 15 -1 17 218 359 -1 373 482 370 -1 483 482 373 -1 371 484 166 -1 484 371 223 -1 484 221 485 -1 484 223 221 -1 224 486 152 -1 224 487 486 -1 488 417 423 -1 283 417 488 -1 205 489 490 -1 205 184 489 -1 37 210 361 -1 211 210 37 -1 362 208 491 -1 209 208 362 -1 207 492 493 -1 207 206 492 -1 204 494 201 -1 204 215 494 -1 203 495 213 -1 203 202 495 -1 212 34 496 -1 212 211 34 -1 225 233 226 -1 364 233 225 -1 368 497 367 -1 368 450 497 -1 225 481 186 -1 481 225 227 -1 172 355 173 -1 172 220 355 -1 436 171 170 -1 436 485 171 -1 365 252 413 -1 365 199 252 -1 354 374 233 -1 374 354 161 -1 498 499 500 -1 498 501 499 -1 44 349 245 -1 44 246 349 -1 489 183 502 -1 489 184 183 -1 503 363 405 -1 33 363 503 -1 33 29 363 -1 236 257 50 -1 236 235 257 -1 219 504 500 -1 504 219 502 -1 495 505 506 -1 496 505 495 -1 35 361 360 -1 37 361 35 -1 491 168 362 -1 491 372 168 -1 492 507 483 -1 490 507 492 -1 490 508 507 -1 489 508 490 -1 506 256 472 -1 506 505 256 -1 432 360 509 -1 35 360 432 -1 501 214 38 -1 214 501 498 -1 216 472 358 -1 506 472 216 -1 270 356 357 -1 356 270 487 -1 159 354 195 -1 161 354 159 -1 437 433 45 -1 229 433 437 -1 435 485 436 -1 484 485 435 -1 185 351 237 -1 352 351 185 -1 478 187 477 -1 478 479 187 -1 473 510 475 -1 473 511 510 -1 407 242 376 -1 407 243 242 -1 512 251 100 -1 512 513 251 -1 249 348 98 -1 249 31 348 -1 199 247 252 -1 199 198 247 -1 38 245 501 -1 38 40 245 -1 26 404 253 -1 26 28 404 -1 254 41 358 -1 254 253 41 -1 514 251 513 -1 514 428 251 -1 25 482 217 -1 25 23 482 -1 264 515 7 -1 264 261 515 -1 516 443 517 -1 443 516 451 -1 152 447 394 -1 486 447 152 -1 409 518 449 -1 518 409 410 -1 476 190 189 -1 476 445 190 -1 155 391 347 -1 155 266 391 -1 513 410 514 -1 513 518 410 -1 519 513 512 -1 513 519 518 -1 403 520 381 -1 520 403 521 -1 180 520 522 -1 180 290 520 -1 316 280 1 -1 316 523 280 -1 524 525 526 -1 524 178 525 -1 318 1 461 -1 318 316 1 -1 527 459 526 -1 527 528 459 -1 143 521 403 -1 521 143 144 -1 529 144 342 -1 529 521 144 -1 274 528 527 -1 340 528 274 -1 530 95 94 -1 340 95 530 -1 341 140 468 -1 140 341 69 -1 115 442 135 -1 277 442 115 -1 425 426 531 -1 425 414 426 -1 339 96 97 -1 339 367 96 -1 314 279 464 -1 312 279 314 -1 383 335 396 -1 383 333 335 -1 389 112 386 -1 462 112 389 -1 113 387 116 -1 113 463 387 -1 142 306 532 -1 142 134 306 -1 121 114 111 -1 458 114 121 -1 333 279 334 -1 279 333 120 -1 331 488 467 -1 332 488 331 -1 344 465 533 -1 465 344 464 -1 283 415 417 -1 283 402 415 -1 80 401 77 -1 401 80 399 -1 137 379 429 -1 137 470 379 -1 430 299 429 -1 430 298 299 -1 295 532 306 -1 532 295 297 -1 296 306 305 -1 296 295 306 -1 300 130 133 -1 322 130 300 -1 385 131 380 -1 385 292 131 -1 102 88 87 -1 102 388 88 -1 94 516 530 -1 94 534 516 -1 535 536 517 -1 460 536 535 -1 523 315 395 -1 523 316 315 -1 446 346 343 -1 346 446 448 -1 312 450 368 -1 450 312 311 -1 343 395 446 -1 343 523 395 -1 530 517 536 -1 530 516 517 -1 367 537 96 -1 537 367 497 -1 469 135 442 -1 378 135 469 -1 86 83 82 -1 83 86 304 -1 290 440 382 -1 290 291 440 -1 322 301 148 -1 300 301 322 -1 52 146 53 -1 441 146 52 -1 147 296 305 -1 296 147 302 -1 532 298 430 -1 532 297 298 -1 429 126 137 -1 429 299 126 -1 439 9 294 -1 10 9 439 -1 284 439 285 -1 10 439 284 -1 181 75 179 -1 181 76 75 -1 345 533 418 -1 533 345 344 -1 330 284 332 -1 330 8 284 -1 423 467 488 -1 467 423 421 -1 336 458 466 -1 336 114 458 -1 142 430 122 -1 142 532 430 -1 112 463 113 -1 463 112 462 -1 387 278 116 -1 278 387 103 -1 388 386 88 -1 386 388 389 -1 279 368 334 -1 279 312 368 -1 339 335 334 -1 339 93 335 -1 442 531 469 -1 425 531 442 -1 278 102 87 -1 278 103 102 -1 272 468 538 -1 341 468 272 -1 536 340 530 -1 340 536 528 -1 271 527 539 -1 274 527 271 -1 525 529 539 -1 522 529 525 -1 528 460 459 -1 528 536 460 -1 0 461 1 -1 0 524 461 -1 181 524 0 -1 181 178 524 -1 382 520 290 -1 520 382 381 -1 520 529 522 -1 521 529 520 -1 454 512 457 -1 519 512 454 -1 540 18 20 -1 268 18 540 -1 21 487 270 -1 487 21 486 -1 392 445 476 -1 392 390 445 -1 452 191 190 -1 191 452 456 -1 497 453 537 -1 497 541 453 -1 393 486 21 -1 393 447 486 -1 155 394 265 -1 152 394 155 -1 517 444 535 -1 444 517 443 -1 534 451 516 -1 451 534 455 -1 515 20 19 -1 515 261 20 -1 260 15 366 -1 260 16 15 -1 370 23 222 -1 482 23 370 -1 263 20 261 -1 20 263 540 -1 366 413 427 -1 366 365 413 -1 472 255 471 -1 472 256 255 -1 542 234 238 -1 542 235 234 -1 471 542 150 -1 471 255 542 -1 404 39 41 -1 404 250 39 -1 349 218 499 -1 349 197 218 -1 100 249 98 -1 100 248 249 -1 250 42 39 -1 42 250 244 -1 511 99 98 -1 473 99 511 -1 406 98 348 -1 406 511 98 -1 27 151 377 -1 27 149 151 -1 407 237 351 -1 407 196 237 -1 511 431 510 -1 431 511 406 -1 480 478 474 -1 480 479 478 -1 477 186 481 -1 186 477 187 -1 509 50 432 -1 48 50 509 -1 370 223 371 -1 222 223 370 -1 434 232 228 -1 232 434 369 -1 434 229 437 -1 434 228 229 -1 231 49 46 -1 49 231 230 -1 229 375 433 -1 375 229 165 -1 233 164 228 -1 164 233 374 -1 192 485 221 -1 485 192 171 -1 19 357 515 -1 270 357 19 -1 219 499 218 -1 500 499 219 -1 509 168 167 -1 168 509 360 -1 505 258 256 -1 36 258 505 -1 508 502 219 -1 489 502 508 -1 493 483 373 -1 493 492 483 -1 372 493 373 -1 493 372 491 -1 496 36 505 -1 34 36 496 -1 213 506 216 -1 495 506 213 -1 498 215 214 -1 215 498 494 -1 255 235 542 -1 235 255 257 -1 499 245 349 -1 501 245 499 -1 500 494 498 -1 494 500 504 -1 28 250 404 -1 30 250 28 -1 354 188 237 -1 364 188 354 -1 13 220 192 -1 13 355 220 -1 474 510 480 -1 475 510 474 -1 449 519 541 -1 449 518 519 -1 186 364 225 -1 188 364 186 -1 352 187 479 -1 352 185 187 -1 202 496 495 -1 202 212 496 -1 215 203 213 -1 204 203 215 -1 504 201 494 -1 200 201 504 -1 206 490 492 -1 206 205 490 -1 491 207 493 -1 208 207 491 -1 361 209 362 -1 210 209 361 -1 502 200 504 -1 183 200 502 -1 526 461 524 -1 461 526 459 -1 178 522 525 -1 178 180 522 -1 332 283 488 -1 284 283 332 -1 174 487 224 -1 174 356 487 -1 24 6 22 -1 24 259 6 -1 372 166 168 -1 372 371 166 -1 435 166 484 -1 435 47 166 -1 483 217 482 -1 507 217 483 -1 158 153 156 -1 154 153 158 -1 481 347 391 -1 347 481 227 -1 241 405 363 -1 240 405 241 -1 480 431 350 -1 510 431 480 -1 189 478 476 -1 189 474 478 -1 377 242 241 -1 377 239 242 -1 475 456 473 -1 456 475 191 -1 99 512 100 -1 512 99 457 -1 254 150 149 -1 150 254 471 -1 238 150 542 -1 238 151 150 -1 148 321 322 -1 148 146 321 -1 147 54 53 -1 147 320 54 -1 470 9 8 -1 137 9 470 -1 531 543 538 -1 531 426 543 -1 125 132 176 -1 125 133 132 -1 469 538 468 -1 469 531 538 -1 294 324 439 -1 294 177 324 -1 176 126 125 -1 138 126 176 -1 342 539 529 -1 271 539 342 -1 526 539 527 -1 526 525 539 -1 467 458 331 -1 467 466 458 -1 533 424 422 -1 424 533 465 -1 418 422 419 -1 422 418 533 -1 440 323 129 -1 380 323 440 -1 465 118 424 -1 465 119 118 -1 115 278 277 -1 278 115 116 -1 462 108 463 -1 109 108 462 -1 460 317 318 -1 460 535 317 -1 537 455 534 -1 455 537 453 -1 534 96 537 -1 534 94 96 -1 426 95 543 -1 426 97 95 -1 464 346 314 -1 346 464 344 -1 455 190 451 -1 455 452 190 -1 450 541 497 -1 541 450 449 -1 311 269 409 -1 311 313 269 -1 447 448 446 -1 393 448 447 -1 267 535 444 -1 267 317 535 -1 454 541 519 -1 541 454 453 -1 396 93 89 -1 396 335 93 -1 127 441 304 -1 441 127 303 -1 128 86 84 -1 128 127 86 -1 55 54 56 -1 54 55 51 -1 439 308 285 -1 309 308 439 -1 289 324 293 -1 286 324 289 -1 77 81 73 -1 77 401 81 -1 438 307 310 -1 438 329 307 -1 68 59 66 -1 59 68 65 -1 64 69 341 -1 64 63 69 -1 58 57 61 -1 145 57 58 -1 66 54 320 -1 54 66 56 -1 438 80 79 -1 397 80 438 -1 309 288 310 -1 286 288 309 -1 49 236 50 -1 49 194 236 -1 435 45 47 -1 437 45 435 -1 436 369 434 -1 369 436 170 -1 167 48 509 -1 47 48 167 -1 433 46 45 -1 433 231 46 -1 36 432 258 -1 36 35 432 -1 39 44 40 -1 39 42 44 -1 503 348 33 -1 348 503 405 -1 408 406 405 -1 406 408 431 -1 30 29 33 -1 28 29 30 -1 428 540 263 -1 514 540 428 -1 217 508 14 -1 508 217 507 -1 17 508 219 -1 508 17 14 -1 515 411 7 -1 357 411 515 -1 260 264 412 -1 260 262 264 -1 275 543 95 -1 543 275 273 -1 13 411 357 -1 13 12 411 -1 514 268 540 -1 514 410 268 -1 273 538 543 -1 272 538 273 -1 424 421 423 -1 424 118 421 -1 420 383 337 -1 117 383 420 -1 329 402 307 -1 415 402 329 -1 419 281 418 -1 419 72 281 -1 523 345 280 -1 345 523 343 -1' creaseAngle='1.571'>
            <Coordinate DEF='rmc3_Coord' point='-7.3443 28.2123 3.1126 -7.3547 28.0654 3.116 -7.2988 28.195 3.0163 -7.0713 26.5778 3.2825 -7.1265 26.5516 3.2116 -7.0782 26.583 3.2754 -7.1231 26.5452 3.2103 -7.1417 26.6307 3.2102 -7.087 28.3185 2.5974 -7.1471 28.3692 2.6599 -7.1079 28.3145 2.6677 -7.068 26.6718 3.3053 -7.0887 26.6666 3.2918 -7.0867 26.7352 3.312 -7.2135 26.4604 3.0835 -7.2805 26.5671 3.0338 -7.2391 26.5577 3.0508 -7.2576 26.4457 3.0807 -7.2936 27.09 3.1024 -7.2103 26.8729 3.1947 -7.2477 26.8565 3.1303 -7.2699 27.1029 3.1669 -7.0967 26.5173 3.1949 -7.0909 26.5063 3.1929 -7.1573 26.5168 3.1087 -7.1522 26.4887 3.1131 -7.5063 26.3794 3.4072 -7.5446 26.4369 3.4271 -7.5106 26.3863 3.3907 -7.5379 26.4339 3.4078 -7.5092 26.3997 3.3512 -7.5303 26.4846 3.3002 -7.4956 26.4242 3.3175 -7.543 26.4573 3.3625 -7.1521 26.2801 3.3837 -7.1455 26.3173 3.4428 -7.1823 26.2941 3.4456 -7.1367 26.2915 3.3763 -7.3769 26.2726 3.28 -7.4339 26.3185 3.301 -7.408 26.3133 3.2696 -7.4062 26.2837 3.3322 -7.4384 26.3798 3.2853 -7.4595 26.4586 3.2493 -7.4139 26.3879 3.258 -7.1502 26.4832 3.5294 -7.1797 26.4616 3.5419 -7.1187 26.4754 3.5244 -7.1606 26.4328 3.5401 -7.2085 26.4452 3.554 -7.1962 26.421 3.5611 -7.4834 28.6289 2.8604 -7.4757 28.63 2.8546 -7.4869 28.5697 2.8164 -7.5208 28.5638 2.8132 -7.4883 28.6315 2.8797 -7.5308 28.5628 2.8397 -7.5229 28.5669 2.8602 -7.5332 28.5215 2.8899 -7.5626 28.4843 2.8364 -7.5338 28.4963 2.8891 -7.55 28.5164 2.8451 -7.6119 28.3942 2.8138 -7.6323 28.4424 2.7606 -7.6245 28.3912 2.8041 -7.6221 28.4446 2.7731 -7.5625 28.5116 2.81 -7.5732 28.4404 2.839 -7.6336 28.4673 2.724 -7.6501 28.438 2.7416 -7.1572 28.1949 2.8578 -7.2299 28.1387 2.9585 -7.1821 28.1007 2.8882 -7.2121 28.2263 2.9152 -7.2857 28.3238 3.0097 -7.2912 28.3329 3.0213 -7.2907 28.3173 3.0207 -7.2131 28.2349 2.9084 -7.1616 28.2036 2.8508 -7.1992 28.245 2.832 -7.2395 28.2913 2.8664 -7.2445 28.2644 2.9568 -7.4836 28.6373 2.882 -7.4758 28.6365 2.8669 -7.4417 28.6435 2.9257 -7.4865 28.6297 2.8931 -7.4399 28.6481 2.9126 -7.5036 28.1474 2.6596 -7.4702 28.1526 2.6384 -7.5022 28.118 2.6728 -7.4692 28.1265 2.646 -7.5315 28.1368 2.6658 -7.544 28.0359 2.7507 -7.5334 28.0277 2.7499 -7.6499 27.8017 3.023 -7.6495 28.0096 2.9263 -7.6228 27.7847 2.9834 -7.6329 27.9896 2.8866 -7.598 26.5811 3.2938 -7.6352 26.6684 3.258 -7.5073 26.6265 3.1796 -7.4762 28.2434 2.6281 -7.488 28.1915 2.6506 -7.484 28.244 2.6282 -7.4753 28.2148 2.6431 -7.4561 28.2157 2.6357 -7.4527 28.2564 2.6296 -7.4656 28.2796 2.6087 -7.4509 28.2784 2.5989 -7.4435 28.2537 2.6004 -7.4381 28.2243 2.6122 -7.4459 28.3175 2.5328 -7.4275 28.2492 2.5498 -7.4521 28.3061 2.5505 -7.4059 28.2462 2.5286 -7.4892 28.3192 2.5538 -7.4792 28.3092 2.5718 -7.3381 28.0122 2.6122 -7.3046 28.0101 2.6215 -7.3303 27.9645 2.6749 -7.3511 27.9684 2.6744 -7.277 28.3035 2.4477 -7.2764 28.3326 2.4571 -7.2581 28.3028 2.4509 -7.3454 28.4241 2.6898 -7.2818 28.4379 2.7596 -7.2503 28.422 2.7244 -7.4029 28.6513 2.9251 -7.4021 28.6473 2.9431 -7.389 28.6432 2.9306 -7.3342 28.5329 2.8675 -7.3207 28.5146 2.8767 -7.304 28.4515 2.8043 -7.3127 28.4562 2.7954 -7.4956 28.3452 2.5694 -7.612 28.37 2.6163 -7.5986 28.3893 2.6184 -7.1493 28.3782 2.6352 -7.2387 28.4138 2.7387 -7.6654 28.4488 2.6472 -7.6924 28.4462 2.6651 -7.6029 28.4642 2.7191 -7.4306 28.3414 2.5278 -7.5106 28.5686 2.9066 -7.5228 28.5205 2.914 -7.5146 28.567 2.8857 -7.4268 28.5904 2.8466 -7.5001 28.4772 2.7609 -7.4111 28.5318 2.8074 -7.4757 26.3916 3.4596 -7.4479 26.3926 3.4911 -7.4706 26.4284 3.4966 -7.2945 27.1578 3.343 -7.2971 26.9399 3.4841 -7.2358 26.939 3.4305 -7.3595 27.1733 3.4174 -7.2555 26.7832 3.541 -7.1972 26.7788 3.4903 -7.2078 26.8375 3.4729 -7.2574 26.507 3.5363 -7.2435 26.5325 3.5302 -7.2644 26.5256 3.5391 -7.2295 26.5077 3.526 -7.2365 26.502 3.5281 -7.2221 26.5601 3.5264 -7.2162 26.5324 3.5225 -7.0606 26.477 3.4335 -7.0973 26.4306 3.4788 -7.0853 26.3672 3.4033 -7.0456 26.5585 3.297 -7.1164 26.6877 3.5185 -7.0465 26.6805 3.4228 -7.1042 26.733 3.4795 -7.1512 26.7703 3.4637 -7.1855 26.8472 3.4319 -7.2769 28.4211 2.8525 -7.2724 28.4316 2.7718 -7.2367 28.3827 2.8057 -7.3753 28.3192 3.1231 -7.3373 28.3945 3.0842 -7.3729 28.3941 3.0984 -7.3346 28.3181 3.0989 -7.143 26.2934 3.2845 -7.159 26.2953 3.2467 -7.1475 26.3027 3.2464 -7.351 26.5668 3.5612 -7.322 26.6531 3.5849 -7.3635 26.6552 3.5471 -7.328 26.5714 3.5748 -7.5782 26.8498 3.3575 -7.614 27.1174 3.2826 -7.6171 26.8294 3.3211 -7.0488 26.685 3.3293 -7.3358 26.4707 3.5823 -7.2776 26.4618 3.5744 -7.2726 26.4757 3.5522 -7.3302 26.4987 3.5633 -7.3517 26.4459 3.1172 -7.4135 26.4712 3.1793 -7.373 26.4936 3.123 -7.1706 26.2853 3.252 -7.1773 26.2771 3.2644 -7.1754 26.2681 3.3164 -7.1845 26.2661 3.2973 -7.1844 26.2706 3.2774 -7.1356 26.3087 3.2543 -7.1257 26.3127 3.2704 -7.122 26.3122 3.2822 -7.119 26.3097 3.2984 -7.1222 26.3034 3.3127 -7.1286 26.2941 3.3265 -7.1427 26.2852 3.3347 -7.1592 26.2748 3.3315 -7.23 26.2456 3.3099 -7.3123 26.2489 3.2723 -7.2291 26.2547 3.272 -7.2908 26.2437 3.343 -7.1475 26.4588 3.1257 -7.3011 26.4118 3.0974 -7.2308 26.3373 3.1418 -7.0699 26.7491 3.4088 -7.0361 26.5887 3.3461 -7.0414 26.5268 3.2931 -7.0383 26.5259 3.3612 -7.2235 26.9301 3.4016 -7.2759 26.6618 3.5774 -7.2361 26.677 3.5561 -7.2839 26.7794 3.5695 -7.1979 26.5921 3.5218 -7.1776 26.5318 3.5247 -7.2224 26.4664 3.5418 -7.2012 26.4776 3.5336 -7.1844 26.6954 3.5165 -7.2501 26.5795 3.5456 -7.3317 26.4518 3.588 -7.3157 26.4266 3.5844 -7.2841 26.442 3.5838 -7.3324 26.5128 3.5575 -7.3997 26.4584 3.5586 -7.4964 26.4681 3.4995 -7.5527 26.5153 3.4288 -7.5456 26.4895 3.4519 -7.499 26.4818 3.4931 -7.4964 26.5061 3.4716 -7.4582 26.395 3.3038 -7.3916 26.3327 3.2279 -7.3992 26.4159 3.2201 -7.4347 26.5131 3.1791 -7.4785 26.5382 3.2081 -7.5335 26.5252 3.263 -7.4678 26.3463 3.3366 -7.3921 26.7095 3.1053 -7.4149 26.5502 3.151 -7.4548 26.3201 3.3816 -7.427 26.3177 3.4282 -7.3312 26.3491 3.5361 -7.2798 26.3027 3.4957 -7.2758 26.376 3.5679 -7.2257 26.3328 3.5192 -7.1819 26.5444 3.121 -7.2451 26.6043 3.0692 -7.2234 26.731 3.1273 -7.2558 26.6702 3.0852 -7.2665 26.736 3.1012 -7.1999 26.6233 3.1294 -7.377 27.3701 3.3505 -7.4004 27.1663 3.4301 -7.4158 27.3657 3.3737 -7.3247 27.0823 3.0833 -7.3224 27.2796 3.0591 -7.1884 26.8907 3.2577 -7.5928 28.2361 2.934 -7.6625 28.2227 2.8449 -7.6523 28.1147 2.8934 -7.608 28.1389 2.9647 -7.652 28.1109 2.8951 -7.6084 28.438 2.6588 -7.5226 28.2262 2.619 -7.5013 28.2362 2.6225 -7.3635 27.9007 2.7471 -7.3046 28.0097 3.0116 -7.2344 28.0596 2.9414 -7.25 28.0938 2.9779 -7.0967 28.1657 2.7195 -7.0743 28.2477 2.6509 -7.1033 28.1913 2.7689 -7.2057 28.3348 2.8472 -7.2616 28.3232 2.9146 -7.2342 28.3062 2.8577 -7.2522 28.3626 2.9021 -7.3858 28.5308 3.0189 -7.3661 28.5254 3.0032 -7.305 28.4801 2.8837 -7.2538 28.3731 2.8967 -7.2013 28.3694 2.7642 -7.4098 28.412 2.6507 -7.4124 28.4263 2.6903 -7.3864 28.4032 2.6158 -7.3244 28.4016 2.5975 -7.2802 28.4014 2.6244 -7.3328 28.4626 2.7792 -7.3739 28.4602 2.7473 -7.4024 28.4444 2.7172 -7.3999 28.6442 2.9109 -7.441 28.6449 2.8866 -7.5179 28.4182 2.6889 -7.4958 28.3738 2.6016 -7.1137 28.189 2.7855 -7.1104 28.198 2.7778 -7.1613 28.3033 2.8144 -7.1972 28.2574 2.8262 -7.3934 27.4374 2.9889 -7.3742 27.7246 2.8653 -7.3299 27.4469 3.0107 -7.3117 27.7435 2.8961 -7.3871 27.5651 3.2897 -7.38 27.8675 3.1789 -7.4284 27.5699 3.3123 -7.4176 27.8699 3.2124 -7.5757 28.338 2.8899 -7.5589 28.4975 2.7696 -7.3758 28.5996 2.8836 -7.3579 28.5373 2.8443 -7.3576 28.5904 2.9045 -7.2055 28.3453 2.8396 -7.2853 28.3344 3.012 -7.2826 28.38 3.0157 -7.1325 28.1823 2.8043 -7.1255 28.1676 2.8039 -7.118 28.1799 2.7931 -7.141 28.3024 2.5266 -7.2492 28.2293 2.4743 -7.145 28.2342 2.554 -7.4264 27.9892 2.6969 -7.4547 27.9197 2.7783 -7.4636 28.0044 2.7153 -7.4063 28.1562 2.5742 -7.409 28.1048 2.6062 -7.5851 28.0066 2.8178 -7.5382 27.9496 2.8303 -7.616 28.035 3.0085 -7.6618 28.3486 2.7765 -7.5812 28.3204 2.9051 -7.279 27.7841 2.9808 -7.2413 27.9443 2.8824 -7.2443 27.9538 2.9082 -7.2849 27.7692 2.9488 -7.3209 26.9458 3.5179 -7.5676 26.5086 3.3327 -7.3726 26.3653 3.1788 -7.5149 26.5583 3.4476 -7.4033 26.5093 3.523 -7.4176 26.5547 3.514 -7.4984 26.5155 3.4662 -7.2926 26.525 3.5565 -7.1137 26.7924 3.3829 -7.151 26.8363 3.3551 -7.1351 26.7715 3.2865 -7.366 26.2724 3.3834 -7.3217 26.5331 3.0518 -7.1208 26.3337 3.4344 -7.1212 26.303 3.3688 -7.1069 26.3189 3.3421 -7.5517 26.4581 3.4165 -7.2814 26.5773 3.5678 -7.3341 26.5826 3.0616 -7.2908 26.6128 3.054 -7.5556 27.7634 2.9374 -7.4628 27.7364 2.8976 -7.1602 26.6934 3.516 -7.0441 26.5011 3.2902 -7.0419 26.4935 3.3625 -7.0668 26.3905 3.347 -7.0781 26.4017 3.2826 -7.2463 26.5536 3.5352 -7.2213 26.517 3.5237 -7.4009 26.4718 3.5528 -7.5408 26.4734 3.4629 -7.6844 28.4267 2.6429 -7.1511 28.3279 2.5244 -7.3469 28.5551 2.932 -7.4434 28.5895 2.9693 -7.3931 28.5884 2.9821 -7.4116 28.0534 2.6381 -7.2871 28.3976 3.0105 -7.3321 28.5089 2.952 -7.4174 28.1786 2.5876 -7.4725 28.2897 2.5974 -7.4659 28.1901 2.6308 -7.4316 28.21 2.6045 -7.433 27.1574 3.4271 -7.3573 26.9431 3.5243 -7.396 26.925 3.4941 -7.2914 27.2947 3.1103 -7.3177 27.3482 3.2728 -7.3388 27.5301 3.2064 -7.4692 28.0845 2.6684 -7.2376 28.2978 2.8624 -7.2624 28.3153 2.918 -7.2589 28.3077 2.9223 -7.2803 28.3154 2.9975 -7.2429 28.2734 2.9488 -7.1084 28.1814 2.7773 -7.4862 28.5795 2.9376 -7.4584 26.3243 3.3685 -7.5664 26.5 3.3898 -7.5865 26.5471 3.3625 -7.4008 26.5014 3.5257 -7.5562 26.5242 3.4213 -7.3856 27.2645 3.0336 -7.3708 27.0739 3.0741 -7.1033 26.6657 3.2811 -7.1872 26.5568 3.1237 -7.3631 26.6461 3.0835 -7.6068 28.0557 2.7896 -7.1133 28.1725 2.7843 -7.1202 28.1603 2.7935 -7.1194 28.1285 2.7521 -7.2039 28.0233 2.8748 -7.1677 28.079 2.8483 -7.3227 28.0632 2.5726 -7.2898 28.0597 2.5829 -7.1621 28.0618 2.8097 -7.1923 28.0808 2.6683 -7.2161 28.0297 2.7081 -7.6219 28.1618 2.7224 -7.656 28.0798 2.8306 -7.3063 26.6747 3.0719 -7.3218 26.7365 3.0898 -7.216 28.3746 2.5723 -7.2987 28.3727 2.5219 -7.5645 26.5656 3.4033 -7.1738 26.3676 3.5147 -7.1822 26.4929 3.5263 -7.1556 26.6042 3.5254 -7.1127 26.5237 3.5229 -7.113 26.6163 3.5269 -7.1451 26.5279 3.5253 -7.1989 28.2508 2.8296 -7.1592 28.3112 2.8072 -7.3765 28.5809 2.9727 -7.438 28.6381 2.8751 -7.6256 28.2624 2.6707 -7.5372 27.3356 3.316 -7.4527 27.3537 3.3735 -7.5243 27.1438 3.368 -7.2954 27.4828 3.1014 -7.2768 27.3117 3.1593 -7.3031 27.4661 3.0583 -7.4651 27.2672 3.0552 -7.4747 27.4471 3.0119 -7.6177 27.3159 3.2379 -7.6468 27.0938 3.228 -7.6222 27.2797 3.1444 -7.6155 27.0786 3.1859 -7.6474 27.2927 3.1849 -7.6519 26.8112 3.2709 -7.6271 26.8015 3.2269 -7.2841 28.2302 2.4646 -7.458 28.0759 3.1516 -7.4673 27.8635 3.2134 -7.4021 28.0785 3.1494 -7.439 28.2524 2.5862 -7.4528 28.2899 2.584 -7.2792 27.9184 2.8077 -7.2481 27.9758 2.7583 -7.3073 28.1144 2.533 -7.2751 28.1093 2.5442 -7.7049 28.3442 2.7203 -7.6996 28.3285 2.6942 -7.1025 28.3387 2.5873 -7.3968 26.3273 3.4762 -7.3314 26.2806 3.4433 -7.6535 26.6914 3.2994 -7.5564 26.726 3.391 -7.6057 26.7179 3.3528 -7.4758 26.8918 3.4396 -7.3758 26.7548 3.5291 -7.4529 26.7429 3.473 -7.4367 26.6481 3.4923 -7.5337 26.6334 3.4209 -7.3254 26.7742 3.5756 -7.0892 26.4862 3.1954 -7.1019 26.4005 3.2254 -7.0489 26.531 3.4347 -7.0451 26.6087 3.4296 -7.2522 27.1239 3.2243 -7.1939 26.9059 3.3165 -7.1685 28.132 2.6284 -7.1563 26.3179 3.211 -7.1333 26.3294 3.2265 -7.1006 26.3313 3.3139 -7.114 26.337 3.2584 -7.1066 26.3359 3.2819 -7.2202 26.2679 3.2447 -7.2114 26.2498 3.3491 -7.183 26.2613 3.3757 -7.5578 27.4632 3.0499 -7.2995 26.2717 3.2212 -7.3266 26.3293 3.1571 -7.2706 26.2972 3.1734 -7.3517 26.2947 3.2162 -7.179 26.3033 3.2117 -7.5631 26.4944 3.3861 -7.202 26.2836 3.2221 -7.2226 26.2679 3.4335 -7.2651 26.2476 3.3904 -7.1367 26.3879 3.1687 -7.1855 26.3672 3.1384 -7.1402 26.3878 3.5046 -7.5828 26.6287 3.3798 -7.6161 26.6047 3.3329 -7.5206 26.8206 3.1606 -7.4331 26.8488 3.1209 -7.3448 26.8494 3.099 -7.171 26.7424 3.2011 -7.6209 27.5211 3.1878 -7.5492 27.5428 3.2545 -7.4528 27.0749 3.0902 -7.531 27.0729 3.1332 -7.4407 28.5297 3.0088 -7.4904 28.5273 2.9696 -7.4391 28.3859 3.0914 -7.3288 27.8348 3.0819 -7.3881 28.2213 3.1383 -7.444 28.312 3.1179 -7.4513 28.206 3.1345 -7.5336 28.1707 3.0589 -7.5456 28.0582 3.0876 -7.5098 28.3908 3.0264 -7.6211 27.8257 3.0882 -7.6913 28.1964 2.7628 -7.4124 28.37 2.5518 -7.2006 28.0128 2.8432 -7.6475 27.4989 3.136 -7.4716 27.5649 3.3106 -7.5516 27.8553 3.1612 -7.6202 27.4815 3.0935 -7.701 28.2143 2.7932 -7.5207 28.2778 3.0511 -7.2936 26.8535 3.1062 -7.5503 27.271 3.0955 -7.3704 26.4092 3.5563 -7.6686 28.0968 2.8697'/>
          </IndexedFaceSet>
        </Shape>
        <Shape DEF='rmc4'>
          <Appearance>
            <PhysicalMaterial baseColor='1 0.9765 0.8667' metallic='0' roughness='0.72'/>
          </Appearance>
          <IndexedFaceSet DEF='rmc4_Geo' coordIndex='0 1 2 -1 3 4 5 -1 6 4 7 -1 8 4 9 -1 10 4 11 -1 12 4 13 -1 14 15 16 -1 17 15 18 -1 19 15 20 -1 21 15 22 -1 23 15 24 -1 25 26 27 -1 25 28 26 -1 29 30 31 -1 29 32 30 -1 33 34 35 -1 36 37 38 -1 39 40 32 -1 40 41 42 -1 43 44 45 -1 46 47 48 -1 49 50 17 -1 17 18 49 -1 51 52 53 -1 54 55 51 -1 44 56 57 -1 57 58 44 -1 59 60 61 -1 62 63 64 -1 62 60 63 -1 65 66 67 -1 68 69 70 -1 71 72 73 -1 74 75 76 -1 74 77 75 -1 78 79 80 -1 78 81 79 -1 82 83 84 -1 85 86 87 -1 88 89 90 -1 88 91 89 -1 90 89 92 -1 93 94 95 -1 93 86 94 -1 96 92 89 -1 89 97 96 -1 98 99 100 -1 101 102 103 -1 91 104 105 -1 91 106 104 -1 107 63 108 -1 63 59 108 -1 109 110 111 -1 109 112 110 -1 113 114 115 -1 115 116 113 -1 117 118 119 -1 117 120 118 -1 121 122 123 -1 121 124 122 -1 125 126 127 -1 125 128 126 -1 129 130 131 -1 131 132 129 -1 133 132 131 -1 131 134 133 -1 135 136 137 -1 135 138 136 -1 109 139 128 -1 109 111 139 -1 128 125 109 -1 140 26 141 -1 140 142 26 -1 143 144 0 -1 0 145 143 -1 146 147 148 -1 146 149 147 -1 150 151 152 -1 150 153 151 -1 154 155 156 -1 155 157 156 -1 158 159 160 -1 158 161 159 -1 162 163 164 -1 163 165 164 -1 166 167 168 -1 168 169 166 -1 170 103 171 -1 103 172 171 -1 173 174 175 -1 176 177 178 -1 177 179 178 -1 180 181 182 -1 183 184 185 -1 183 186 184 -1 182 187 134 -1 134 131 182 -1 188 189 190 -1 188 178 189 -1 191 189 192 -1 189 179 192 -1 193 194 195 -1 195 196 193 -1 197 198 199 -1 200 201 202 -1 203 204 205 -1 53 206 199 -1 53 207 206 -1 160 208 209 -1 160 210 208 -1 84 211 82 -1 94 212 213 -1 211 157 214 -1 214 102 211 -1 215 216 217 -1 216 218 217 -1 171 174 170 -1 170 174 169 -1 169 174 166 -1 219 48 220 -1 221 48 47 -1 222 48 223 -1 219 224 48 -1 110 225 111 -1 225 192 111 -1 226 227 228 -1 229 230 228 -1 231 232 228 -1 233 234 228 -1 128 235 126 -1 128 177 235 -1 181 187 182 -1 25 236 28 -1 237 238 239 -1 240 241 242 -1 242 241 243 -1 244 245 246 -1 2 145 0 -1 247 245 248 -1 245 249 248 -1 1 250 2 -1 247 2 138 -1 251 252 147 -1 150 253 254 -1 150 146 253 -1 254 255 256 -1 87 257 258 -1 84 259 156 -1 156 259 260 -1 260 154 156 -1 52 51 217 -1 261 260 256 -1 261 262 260 -1 263 241 264 -1 265 206 207 -1 265 266 206 -1 267 268 163 -1 267 161 268 -1 163 162 267 -1 269 162 270 -1 269 267 162 -1 271 272 273 -1 273 263 271 -1 54 78 80 -1 274 69 50 -1 49 274 50 -1 49 275 274 -1 276 277 278 -1 276 279 277 -1 280 281 68 -1 280 282 281 -1 283 284 285 -1 283 286 284 -1 287 198 197 -1 287 288 198 -1 289 290 291 -1 292 293 294 -1 35 295 33 -1 296 297 298 -1 297 299 298 -1 300 301 31 -1 300 296 301 -1 301 302 303 -1 302 304 303 -1 305 294 293 -1 32 306 39 -1 42 41 307 -1 308 307 309 -1 310 311 312 -1 311 313 314 -1 315 316 317 -1 315 318 316 -1 319 320 321 -1 321 306 319 -1 307 322 323 -1 323 309 307 -1 324 4 3 -1 325 13 324 -1 325 323 13 -1 326 6 327 -1 326 5 6 -1 318 314 316 -1 318 312 314 -1 314 312 311 -1 311 328 313 -1 308 329 307 -1 329 330 307 -1 30 32 40 -1 29 331 32 -1 331 306 32 -1 332 330 333 -1 333 334 332 -1 297 335 299 -1 336 302 298 -1 336 337 302 -1 338 34 339 -1 34 340 339 -1 34 33 340 -1 33 292 340 -1 292 33 341 -1 342 343 277 -1 279 282 280 -1 279 276 282 -1 288 287 344 -1 344 345 288 -1 208 197 209 -1 208 289 197 -1 275 49 35 -1 346 347 348 -1 346 349 347 -1 350 349 346 -1 350 351 349 -1 69 274 70 -1 24 15 14 -1 342 352 343 -1 266 353 158 -1 266 265 353 -1 199 206 197 -1 354 79 81 -1 51 53 54 -1 355 272 271 -1 356 357 270 -1 270 162 356 -1 164 356 162 -1 52 207 53 -1 52 358 207 -1 207 359 265 -1 207 358 359 -1 360 361 225 -1 356 164 143 -1 164 362 143 -1 262 154 260 -1 358 217 218 -1 358 52 217 -1 85 87 258 -1 153 256 260 -1 144 143 362 -1 362 253 144 -1 152 363 185 -1 1 146 148 -1 136 138 2 -1 145 364 143 -1 237 365 118 -1 237 366 365 -1 176 239 367 -1 367 368 176 -1 235 177 369 -1 192 179 177 -1 370 371 62 -1 231 228 234 -1 229 228 232 -1 226 228 230 -1 233 228 227 -1 107 231 372 -1 107 232 231 -1 59 225 110 -1 59 61 225 -1 177 139 111 -1 177 128 139 -1 111 192 177 -1 224 373 48 -1 222 46 48 -1 221 220 48 -1 166 174 173 -1 105 104 101 -1 216 214 218 -1 206 209 197 -1 38 343 36 -1 289 287 197 -1 263 374 271 -1 375 178 188 -1 375 176 178 -1 135 376 133 -1 377 180 182 -1 182 378 377 -1 379 122 224 -1 378 130 141 -1 184 149 152 -1 152 185 184 -1 28 141 26 -1 28 378 141 -1 135 137 376 -1 263 273 241 -1 368 177 176 -1 368 369 177 -1 178 179 189 -1 171 175 174 -1 169 103 170 -1 169 168 103 -1 158 160 266 -1 380 355 381 -1 381 382 380 -1 262 155 154 -1 262 359 155 -1 150 152 149 -1 149 146 150 -1 151 153 260 -1 260 257 151 -1 148 147 252 -1 252 58 148 -1 257 259 258 -1 257 260 259 -1 86 83 94 -1 383 186 384 -1 383 385 186 -1 135 246 138 -1 127 126 386 -1 115 387 116 -1 133 134 246 -1 246 135 133 -1 127 388 389 -1 127 386 388 -1 124 120 117 -1 124 121 120 -1 60 59 63 -1 373 223 48 -1 390 242 249 -1 167 97 89 -1 214 216 172 -1 167 91 168 -1 167 89 91 -1 168 101 103 -1 168 105 101 -1 172 215 391 -1 172 216 215 -1 372 92 96 -1 60 371 61 -1 60 62 371 -1 392 66 65 -1 392 393 66 -1 374 195 194 -1 64 63 96 -1 275 394 274 -1 105 168 91 -1 58 57 148 -1 51 370 217 -1 51 55 370 -1 282 276 24 -1 24 14 282 -1 374 263 190 -1 264 241 240 -1 240 395 264 -1 366 396 365 -1 396 114 365 -1 56 44 397 -1 44 43 397 -1 205 398 317 -1 317 203 205 -1 329 399 400 -1 329 401 399 -1 402 290 289 -1 3 325 324 -1 3 403 325 -1 322 307 41 -1 41 404 322 -1 41 40 404 -1 305 405 406 -1 331 407 306 -1 31 30 300 -1 291 287 289 -1 291 344 287 -1 22 15 23 -1 20 15 21 -1 18 15 19 -1 16 15 17 -1 13 4 324 -1 11 4 12 -1 9 4 10 -1 7 4 8 -1 5 4 6 -1 193 196 408 -1 361 192 225 -1 361 191 192 -1 144 1 0 -1 191 408 196 -1 408 191 361 -1 409 293 292 -1 409 410 293 -1 406 407 331 -1 406 405 407 -1 37 411 412 -1 36 411 37 -1 413 411 414 -1 411 413 412 -1 352 67 415 -1 342 67 352 -1 416 11 404 -1 10 11 416 -1 40 332 30 -1 42 332 40 -1 404 12 322 -1 11 12 404 -1 8 321 320 -1 9 321 8 -1 290 400 399 -1 400 290 402 -1 291 399 417 -1 399 291 290 -1 309 314 313 -1 309 418 314 -1 398 202 419 -1 202 398 205 -1 420 421 422 -1 420 201 421 -1 331 303 406 -1 303 331 29 -1 309 328 308 -1 313 328 309 -1 316 203 317 -1 316 423 203 -1 114 424 365 -1 114 113 424 -1 396 395 240 -1 395 396 366 -1 190 264 188 -1 190 263 264 -1 23 276 278 -1 24 276 23 -1 282 16 281 -1 16 282 14 -1 19 425 426 -1 20 425 19 -1 21 38 37 -1 22 38 21 -1 427 275 35 -1 427 394 275 -1 195 190 189 -1 190 195 374 -1 428 328 311 -1 428 401 328 -1 68 284 286 -1 68 70 284 -1 350 72 429 -1 346 72 350 -1 430 61 371 -1 430 431 61 -1 88 432 433 -1 88 434 432 -1 391 98 100 -1 391 215 98 -1 102 172 103 -1 102 214 172 -1 212 104 106 -1 212 82 104 -1 242 396 240 -1 396 242 390 -1 117 373 124 -1 117 223 373 -1 435 116 387 -1 116 435 436 -1 379 437 438 -1 379 439 437 -1 372 388 92 -1 389 388 372 -1 397 440 56 -1 441 440 397 -1 366 375 395 -1 375 366 237 -1 183 384 186 -1 183 442 384 -1 443 93 95 -1 443 444 93 -1 86 84 83 -1 86 85 84 -1 58 45 44 -1 58 252 45 -1 85 259 84 -1 85 258 259 -1 427 445 446 -1 338 445 427 -1 426 35 49 -1 426 295 35 -1 382 447 448 -1 382 381 447 -1 449 450 451 -1 450 449 448 -1 355 452 272 -1 452 355 380 -1 243 273 453 -1 243 241 273 -1 253 255 254 -1 362 255 253 -1 100 175 391 -1 175 100 173 -1 115 249 387 -1 249 115 390 -1 230 108 112 -1 230 229 108 -1 125 226 109 -1 125 227 226 -1 238 367 239 -1 238 454 367 -1 378 236 377 -1 236 378 28 -1 455 456 457 -1 455 376 456 -1 458 459 460 -1 458 461 459 -1 433 462 213 -1 433 432 462 -1 459 384 442 -1 459 457 384 -1 182 130 378 -1 182 131 130 -1 236 235 369 -1 236 25 235 -1 121 181 454 -1 121 123 181 -1 132 376 455 -1 376 132 133 -1 435 244 437 -1 244 435 245 -1 271 194 355 -1 271 374 194 -1 210 159 463 -1 210 160 159 -1 464 415 465 -1 464 414 415 -1 466 467 468 -1 469 467 466 -1 38 277 343 -1 278 277 38 -1 470 66 471 -1 66 470 67 -1 472 473 393 -1 472 474 473 -1 283 475 286 -1 283 472 475 -1 456 137 441 -1 456 376 137 -1 460 442 443 -1 459 442 460 -1 476 142 434 -1 476 477 142 -1 140 461 458 -1 461 140 129 -1 436 221 116 -1 436 220 221 -1 46 119 424 -1 119 46 222 -1 124 224 122 -1 373 224 124 -1 127 227 125 -1 127 233 227 -1 229 107 108 -1 229 232 107 -1 231 389 372 -1 231 234 389 -1 62 98 370 -1 64 98 62 -1 99 98 64 -1 476 92 388 -1 90 92 476 -1 118 238 237 -1 238 118 120 -1 123 187 181 -1 123 438 187 -1 114 390 115 -1 390 114 396 -1 440 2 250 -1 440 136 2 -1 148 250 1 -1 148 57 250 -1 184 385 251 -1 184 186 385 -1 251 149 184 -1 251 147 149 -1 363 151 478 -1 363 152 151 -1 478 257 87 -1 257 478 151 -1 358 155 359 -1 358 218 155 -1 357 143 364 -1 357 356 143 -1 431 225 61 -1 431 360 225 -1 165 268 261 -1 165 163 268 -1 262 265 359 -1 262 353 265 -1 380 270 452 -1 380 269 270 -1 54 430 55 -1 430 54 80 -1 361 354 408 -1 361 360 354 -1 53 479 54 -1 53 199 479 -1 81 480 354 -1 480 81 75 -1 266 209 206 -1 160 209 266 -1 481 161 267 -1 481 159 161 -1 269 382 482 -1 382 269 380 -1 193 483 484 -1 193 480 483 -1 425 412 485 -1 412 425 37 -1 351 70 274 -1 350 70 351 -1 71 429 72 -1 486 429 71 -1 348 483 77 -1 347 483 348 -1 349 487 347 -1 488 487 349 -1 274 489 351 -1 489 274 394 -1 394 446 489 -1 394 427 446 -1 488 490 487 -1 488 491 490 -1 73 492 493 -1 73 74 492 -1 494 486 71 -1 494 495 486 -1 494 288 345 -1 494 493 288 -1 344 496 345 -1 344 497 496 -1 289 498 402 -1 498 289 208 -1 400 330 329 -1 400 333 330 -1 499 497 500 -1 497 499 496 -1 285 495 501 -1 486 495 285 -1 472 502 474 -1 472 283 502 -1 502 499 503 -1 502 501 499 -1 473 504 505 -1 473 474 504 -1 506 473 505 -1 506 471 473 -1 507 471 506 -1 507 470 471 -1 465 67 470 -1 415 67 465 -1 341 409 292 -1 341 413 409 -1 338 35 34 -1 427 35 338 -1 446 508 491 -1 508 446 445 -1 509 292 294 -1 509 340 292 -1 336 339 337 -1 510 339 336 -1 491 447 490 -1 447 491 508 -1 304 337 509 -1 337 304 302 -1 299 336 298 -1 451 336 299 -1 449 481 482 -1 481 449 335 -1 335 159 481 -1 159 335 463 -1 334 498 511 -1 334 333 498 -1 297 463 335 -1 463 297 512 -1 30 334 300 -1 332 334 30 -1 506 513 507 -1 506 315 513 -1 505 315 506 -1 315 505 318 -1 500 503 499 -1 503 500 310 -1 318 504 312 -1 505 504 318 -1 422 305 514 -1 405 305 422 -1 202 204 200 -1 202 205 204 -1 421 306 407 -1 421 319 306 -1 42 330 332 -1 307 330 42 -1 327 200 204 -1 515 200 327 -1 325 423 418 -1 423 325 403 -1 423 326 203 -1 423 403 326 -1 7 320 515 -1 320 7 8 -1 12 323 322 -1 323 12 13 -1 403 5 326 -1 5 403 3 -1 9 416 321 -1 416 9 10 -1 6 515 327 -1 515 6 7 -1 323 418 309 -1 418 323 325 -1 306 416 39 -1 306 321 416 -1 515 319 200 -1 319 515 320 -1 513 419 469 -1 513 398 419 -1 200 421 201 -1 421 200 319 -1 467 422 514 -1 422 467 420 -1 406 304 305 -1 303 304 406 -1 503 312 504 -1 503 310 312 -1 428 310 500 -1 428 311 310 -1 469 507 513 -1 466 507 469 -1 514 468 467 -1 514 410 468 -1 305 509 294 -1 305 304 509 -1 301 29 31 -1 301 303 29 -1 511 300 334 -1 511 512 300 -1 208 511 498 -1 511 208 210 -1 300 297 296 -1 300 512 297 -1 301 298 302 -1 296 298 301 -1 451 335 449 -1 451 299 335 -1 482 448 449 -1 482 382 448 -1 510 451 450 -1 510 336 451 -1 340 337 339 -1 340 509 337 -1 381 490 447 -1 381 516 490 -1 410 464 468 -1 410 409 464 -1 409 414 464 -1 413 414 409 -1 466 470 507 -1 465 470 466 -1 65 279 392 -1 279 65 277 -1 502 504 474 -1 502 503 504 -1 501 283 285 -1 502 283 501 -1 496 501 495 -1 496 499 501 -1 500 417 428 -1 497 417 500 -1 333 402 498 -1 402 333 400 -1 291 497 344 -1 497 291 417 -1 345 495 494 -1 495 345 496 -1 493 198 288 -1 493 492 198 -1 71 493 494 -1 73 493 71 -1 516 487 490 -1 484 487 516 -1 489 491 488 -1 489 446 491 -1 351 488 349 -1 489 488 351 -1 347 484 483 -1 487 484 347 -1 486 284 429 -1 486 285 284 -1 426 485 295 -1 426 425 485 -1 68 50 69 -1 50 68 281 -1 75 483 480 -1 77 483 75 -1 516 355 194 -1 516 381 355 -1 267 482 481 -1 482 267 269 -1 479 78 54 -1 479 76 78 -1 408 480 193 -1 408 354 480 -1 79 360 431 -1 360 79 354 -1 452 357 453 -1 270 357 452 -1 261 353 262 -1 261 268 353 -1 255 261 256 -1 255 165 261 -1 453 364 243 -1 453 357 364 -1 55 371 370 -1 55 430 371 -1 157 84 156 -1 157 211 84 -1 444 478 93 -1 444 363 478 -1 256 150 254 -1 150 256 153 -1 45 251 385 -1 251 45 252 -1 183 363 444 -1 185 363 183 -1 250 56 440 -1 57 56 250 -1 138 245 247 -1 245 138 246 -1 2 248 145 -1 2 247 248 -1 243 145 248 -1 243 364 145 -1 245 387 249 -1 435 387 245 -1 248 242 243 -1 242 248 249 -1 187 246 134 -1 187 244 246 -1 454 120 121 -1 454 238 120 -1 395 188 264 -1 395 375 188 -1 477 388 386 -1 476 388 477 -1 96 99 64 -1 96 97 99 -1 389 233 127 -1 233 389 234 -1 224 439 379 -1 439 224 219 -1 222 117 119 -1 117 222 223 -1 116 47 113 -1 116 221 47 -1 219 436 439 -1 436 219 220 -1 434 458 432 -1 142 458 434 -1 458 142 140 -1 91 433 106 -1 433 91 88 -1 215 370 98 -1 215 217 370 -1 218 157 155 -1 214 157 218 -1 82 101 104 -1 102 82 211 -1 102 101 82 -1 462 443 95 -1 460 443 462 -1 383 457 456 -1 383 384 457 -1 397 456 441 -1 43 456 397 -1 43 383 456 -1 492 199 198 -1 492 479 199 -1 479 74 76 -1 492 74 479 -1 279 475 392 -1 280 475 279 -1 471 393 473 -1 393 471 66 -1 315 398 513 -1 398 315 317 -1 203 327 204 -1 203 326 327 -1 469 420 467 -1 419 420 469 -1 468 465 466 -1 468 464 465 -1 463 511 210 -1 512 511 463 -1 484 194 193 -1 484 516 194 -1 196 189 191 -1 196 195 189 -1 187 437 244 -1 187 438 437 -1 377 367 180 -1 367 377 368 -1 25 126 235 -1 25 27 126 -1 455 129 132 -1 129 455 461 -1 460 432 458 -1 462 432 460 -1 457 461 455 -1 459 461 457 -1 369 377 236 -1 369 368 377 -1 180 454 181 -1 367 454 180 -1 226 112 109 -1 226 230 112 -1 391 171 172 -1 171 391 175 -1 166 100 167 -1 173 100 166 -1 362 165 255 -1 164 165 362 -1 268 158 353 -1 268 161 158 -1 453 272 452 -1 453 273 272 -1 445 450 508 -1 445 510 450 -1 448 508 450 -1 448 447 508 -1 338 510 445 -1 339 510 338 -1 385 43 45 -1 385 383 43 -1 444 442 183 -1 442 444 443 -1 237 176 375 -1 176 237 239 -1 441 136 440 -1 137 136 441 -1 141 129 140 -1 130 129 141 -1 386 27 477 -1 27 386 126 -1 112 59 110 -1 108 59 112 -1 424 118 365 -1 119 118 424 -1 437 436 435 -1 437 439 436 -1 122 438 123 -1 379 438 122 -1 27 142 477 -1 26 142 27 -1 96 107 372 -1 96 63 107 -1 83 212 94 -1 82 212 83 -1 99 167 100 -1 99 97 167 -1 106 213 212 -1 213 106 433 -1 434 90 476 -1 90 434 88 -1 93 87 86 -1 93 478 87 -1 213 95 94 -1 213 462 95 -1 80 431 430 -1 80 79 431 -1 75 78 76 -1 75 81 78 -1 73 77 74 -1 77 73 348 -1 72 348 73 -1 72 346 348 -1 350 284 70 -1 284 350 429 -1 286 280 68 -1 475 280 286 -1 392 472 393 -1 475 472 392 -1 144 146 1 -1 253 146 144 -1 22 278 38 -1 23 278 22 -1 425 21 37 -1 21 425 20 -1 49 19 426 -1 19 49 18 -1 281 17 50 -1 17 281 16 -1 47 424 113 -1 424 47 46 -1 418 316 314 -1 418 423 316 -1 308 401 329 -1 328 401 308 -1 421 405 422 -1 421 407 405 -1 419 201 420 -1 419 202 201 -1 401 417 399 -1 401 428 417 -1 39 404 40 -1 416 404 39 -1 67 277 65 -1 277 67 342 -1 414 352 415 -1 352 414 411 -1 485 413 341 -1 412 413 485 -1 36 352 411 -1 343 352 36 -1 485 33 295 -1 485 341 33 -1 293 514 305 -1 293 410 514 -1' creaseAngle='1.571'>
            <Coordinate DEF='rmc4_Coord' point='-7.3512 28.1978 2.2271 -7.3795 28.1731 2.2004 -7.326 28.3186 2.2564 -7.6476 26.4187 2.5012 -7.6272 26.4443 2.4787 -7.6327 26.4079 2.494 -7.6146 26.4076 2.4809 -7.6004 26.4161 2.4677 -7.5948 26.4358 2.4569 -7.5993 26.4583 2.4527 -7.612 26.4684 2.4585 -7.6251 26.4759 2.4656 -7.6465 26.4791 2.4801 -7.6587 26.4655 2.4936 -7.4471 26.4877 2.8583 -7.4148 26.4871 2.8475 -7.4442 26.5136 2.8557 -7.4313 26.5288 2.8509 -7.4051 26.5304 2.8433 -7.3861 26.5145 2.8389 -7.3715 26.4904 2.8364 -7.3778 26.462 2.8402 -7.4032 26.4446 2.8487 -7.4291 26.4478 2.8559 -7.4467 26.4687 2.8595 -7.5248 28.4072 2.4312 -7.5319 28.4176 2.3579 -7.5304 28.4339 2.448 -7.5223 28.398 2.3758 -7.4428 26.6404 2.3611 -7.5565 26.7254 2.3964 -7.4925 26.7199 2.3982 -7.5293 26.6032 2.3795 -7.2349 26.6285 2.7298 -7.295 26.6732 2.6965 -7.3209 26.6795 2.7703 -7.34 26.3696 2.8428 -7.3202 26.4213 2.8298 -7.3801 26.3869 2.8528 -7.5599 26.5684 2.3832 -7.601 26.6026 2.4051 -7.6736 26.6196 2.4266 -7.6685 26.6573 2.4125 -7.3444 28.3444 2.1312 -7.3079 28.3172 2.1243 -7.3287 28.3135 2.1173 -7.3516 28.3083 2.4929 -7.3389 28.3084 2.4836 -7.3629 28.3549 2.4702 -7.3927 26.5886 2.8352 -7.4498 26.5919 2.863 -7.785 28.1381 2.5267 -7.7718 28.1347 2.4919 -7.765 28.0199 2.507 -7.7486 28.0259 2.6134 -7.763 28.152 2.5977 -7.2967 28.3268 2.1423 -7.3197 28.2698 2.1563 -7.3247 28.2656 2.1387 -7.6953 28.3131 2.6503 -7.72 28.314 2.6531 -7.71 28.2677 2.6566 -7.7513 28.3087 2.6405 -7.7381 28.3832 2.625 -7.7471 28.386 2.6137 -7.4775 26.3301 2.8782 -7.4984 26.3165 2.8659 -7.3878 26.2849 2.8366 -7.5551 26.6 2.9432 -7.5163 26.6763 2.9313 -7.5603 26.7147 2.9349 -7.6657 27.0229 2.8312 -7.6475 27.0369 2.8583 -7.6892 27.3158 2.7667 -7.699 27.5802 2.7085 -7.6762 27.8455 2.6541 -7.6992 27.8434 2.6562 -7.6765 27.5805 2.7116 -7.701 27.9133 2.6534 -7.6864 28.0298 2.66 -7.7189 28.0287 2.6542 -7.6777 27.9126 2.6525 -7.8395 28.4333 2.1984 -7.83 28.4177 2.1558 -7.8638 28.3823 2.162 -7.8497 28.3706 2.1602 -7.817 28.4031 2.155 -7.7892 28.3126 2.1779 -7.7291 28.4591 2.3829 -7.7454 28.4603 2.5005 -7.7249 28.4645 2.4911 -7.7476 28.4606 2.3872 -7.7264 28.4568 2.577 -7.701 28.3941 2.1604 -7.8152 28.4194 2.1563 -7.7003 28.4049 2.1671 -7.7333 28.4503 2.5852 -7.7514 28.4523 2.506 -7.7746 28.3881 2.5273 -7.77 28.3982 2.5317 -7.772 28.3968 2.5217 -7.8288 28.4125 2.3047 -7.8384 28.4026 2.3023 -7.8302 28.4035 2.3115 -7.8036 28.4503 2.2749 -7.7595 28.4532 2.3749 -7.7961 28.4524 2.2719 -7.7254 28.3875 2.6314 -7.6905 28.3275 2.6469 -7.5565 28.2943 2.6038 -7.5995 28.2759 2.6275 -7.5502 28.2832 2.5983 -7.6 28.2893 2.6265 -7.3273 28.2859 2.4848 -7.325 28.2733 2.4813 -7.3108 28.3144 2.4514 -7.3156 28.3276 2.4538 -7.4022 28.3499 2.4953 -7.3856 28.2901 2.5143 -7.377 28.3007 2.5134 -7.4109 28.3466 2.4927 -7.4115 28.3766 2.4743 -7.397 28.4155 2.4467 -7.4058 28.4152 2.4409 -7.4022 28.3774 2.4769 -7.531 28.375 2.5612 -7.5254 28.4334 2.5253 -7.5376 28.4388 2.529 -7.522 28.3682 2.5564 -7.5039 28.4088 2.319 -7.5001 28.405 2.3266 -7.4528 28.4049 2.3315 -7.4508 28.4144 2.3279 -7.394 28.4188 2.3382 -7.392 28.4091 2.3479 -7.3457 28.4038 2.3168 -7.2969 28.3794 2.2262 -7.3061 28.3895 2.2256 -7.3388 28.3984 2.3168 -7.5296 28.3359 2.5747 -7.5374 28.4182 2.3397 -7.5293 28.4126 2.3471 -7.5435 28.4232 2.3518 -7.3911 28.1103 2.2019 -7.389 28.1409 2.2162 -7.3215 28.2272 2.2569 -7.4441 28.1571 2.209 -7.3777 28.1889 2.163 -7.3726 28.1798 2.1706 -7.4428 28.1676 2.2033 -7.5614 28.1524 2.1998 -7.6498 28.1447 2.1895 -7.5627 28.1603 2.1981 -7.6458 28.1348 2.1934 -7.8262 28.1961 2.2222 -7.8547 28.2281 2.27 -7.8823 28.3165 2.1912 -7.8884 28.3427 2.2326 -7.6517 27.7754 2.3705 -7.5645 27.5182 2.399 -7.6525 27.5185 2.4172 -7.5834 27.7696 2.3373 -7.4385 27.9552 2.286 -7.5136 27.946 2.2564 -7.4458 28.0183 2.218 -7.5292 28.01 2.2141 -7.7443 28.4225 2.4497 -7.7524 28.4548 2.4957 -7.7528 28.4537 2.3902 -7.7509 28.4261 2.3959 -7.7703 28.3969 2.3604 -7.7911 28.3724 2.3754 -7.8475 28.3655 2.3335 -7.7585 28.3881 2.4709 -7.7529 28.3951 2.4049 -7.7639 28.3688 2.4229 -7.4657 28.2963 2.4965 -7.4997 28.3212 2.5131 -7.4403 28.2363 2.5367 -7.4763 28.2483 2.5549 -7.462 28.3637 2.4004 -7.4369 28.394 2.4006 -7.4542 28.3834 2.3529 -7.5374 28.3456 2.1597 -7.4699 28.2677 2.1648 -7.5475 28.2775 2.1746 -7.4784 28.3391 2.1412 -7.3891 28.4057 2.3682 -7.3939 28.2163 2.5229 -7.4323 28.1218 2.5949 -7.3882 28.1123 2.5566 -7.5156 28.1426 2.6169 -7.5359 28.2582 2.5962 -7.5316 27.8506 2.6064 -7.477 27.8418 2.5746 -7.4549 27.9963 2.595 -7.519 28.0037 2.6181 -7.7486 27.555 2.4949 -7.7588 27.5794 2.578 -7.7557 27.8318 2.532 -7.5378 26.3359 2.4333 -7.4632 26.292 2.3984 -7.5062 26.2622 2.4323 -7.6369 26.2822 2.5345 -7.5746 26.2906 2.4832 -7.5701 26.2478 2.486 -7.7321 27.7977 2.4502 -7.7581 27.9895 2.4053 -7.7256 27.2486 2.4507 -7.711 27.5322 2.4451 -7.6421 27.2406 2.4371 -7.8696 28.3948 2.2111 -7.8295 28.4359 2.1993 -7.7841 28.4375 2.2021 -7.8575 28.3667 2.3227 -7.7978 28.3505 2.4415 -7.856 28.3563 2.3358 -7.7989 28.2594 2.4694 -7.8402 28.2454 2.3556 -7.359 28.3898 2.4452 -7.3386 28.369 2.4451 -7.3316 28.3357 2.4621 -7.3692 28.3181 2.5008 -7.3876 28.3522 2.4888 -7.3812 28.3967 2.4529 -7.6007 28.2585 2.6239 -7.5807 28.3514 2.5969 -7.5698 28.3931 2.5737 -7.6134 28.4007 2.5932 -7.664 28.3548 2.6298 -7.6048 28.3356 2.6158 -7.6565 28.432 2.5899 -7.6808 28.4005 2.611 -7.5833 28.4286 2.5612 -7.6223 28.4404 2.5715 -7.5184 28.3847 2.4688 -7.5122 28.3761 2.4105 -7.3945 28.2613 2.5016 -7.4374 28.3239 2.4718 -7.4531 28.3018 2.4864 -7.316 28.2216 2.4648 -7.3046 28.18 2.4552 -7.3019 28.2574 2.4157 -7.2882 28.1863 2.368 -7.3495 28.3948 2.3657 -7.3268 28.361 2.3775 -7.3437 28.4019 2.3254 -7.2993 28.3426 2.3208 -7.288 28.2634 2.3432 -7.3019 28.2903 2.3948 -7.3168 28.2859 2.1955 -7.3939 28.2571 2.1423 -7.3362 28.2622 2.1315 -7.446 28.1322 2.222 -7.5492 28.1303 2.2181 -7.5359 28.0987 2.2005 -7.637 28.1153 2.2032 -7.7246 28.1648 2.194 -7.8468 28.3118 2.1713 -7.8601 28.3108 2.1764 -7.7324 28.1493 2.199 -7.6265 28.0185 2.2157 -7.7342 28.0418 2.2293 -7.3532 28.104 2.5265 -7.3562 28.2008 2.5012 -7.7396 27.9734 2.347 -7.6883 27.7827 2.4007 -7.4744 27.7965 2.3438 -7.6036 27.939 2.2605 -7.4303 27.8036 2.3912 -7.376 27.9586 2.3383 -7.3857 27.9829 2.5274 -7.3634 27.9766 2.4842 -7.3086 28.0901 2.4653 -7.4915 26.704 2.9029 -7.4129 26.6854 2.8386 -7.4915 26.4459 2.8859 -7.4563 26.3466 2.8854 -7.4465 26.3939 2.8706 -7.5418 26.4163 2.9085 -7.5642 26.4848 2.9179 -7.4933 26.5533 2.8802 -7.5002 26.4877 2.8807 -7.6307 26.5795 2.8838 -7.5885 26.717 2.933 -7.6319 26.7018 2.8686 -7.5747 26.5931 2.939 -7.7744 27.2596 2.5371 -7.7662 27.2895 2.6226 -7.7659 27.2547 2.4793 -7.788 26.9493 2.4746 -7.7877 26.9513 2.5138 -7.2198 26.5252 2.6311 -7.2516 26.4555 2.52 -7.2522 26.4855 2.5133 -7.2739 26.6256 2.7871 -7.4653 26.8368 2.4299 -7.4781 26.9701 2.4345 -7.4232 26.8427 2.4596 -7.4395 26.9783 2.4516 -7.5461 26.8349 2.4153 -7.437 26.7095 2.4168 -7.3947 26.6979 2.4466 -7.4038 26.643 2.3828 -7.3513 26.6093 2.4318 -7.3066 26.4942 2.4002 -7.5177 26.4899 2.3821 -7.7338 26.6304 2.4299 -7.774 26.6288 2.4619 -7.7515 26.5291 2.5122 -7.755 26.5503 2.6338 -7.7815 26.5487 2.5622 -7.7403 26.4571 2.6476 -7.7623 26.5344 2.5264 -7.761 26.443 2.5888 -7.621 26.2511 2.6162 -7.7174 26.3454 2.5945 -7.632 26.2628 2.5549 -7.7068 26.3504 2.6525 -7.5216 26.4115 2.3989 -7.5557 26.4226 2.4298 -7.5663 26.4776 2.4204 -7.6797 26.534 2.478 -7.7008 26.4899 2.502 -7.6591 26.4429 2.5015 -7.6886 26.4383 2.5218 -7.6381 26.3563 2.5152 -7.5958 26.3513 2.4758 -7.7829 26.6177 2.4869 -7.7773 26.6633 2.4543 -7.7345 26.7047 2.4285 -7.4248 26.5902 2.3328 -7.655 26.7259 2.4116 -7.7346 26.8224 2.4273 -7.6458 26.832 2.4234 -7.4853 27.2435 2.4311 -7.3845 26.8552 2.5147 -7.3563 26.7115 2.5218 -7.3123 26.7295 2.6845 -7.3305 26.7333 2.6064 -7.2759 26.6365 2.6082 -7.2231 26.5034 2.7479 -7.3808 26.3049 2.8507 -7.3735 26.3375 2.8559 -7.781 26.9549 2.5746 -7.7511 26.9727 2.6668 -7.6291 27.0396 2.8558 -7.6045 27.3119 2.7478 -7.6614 27.3171 2.767 -7.5733 27.0362 2.8178 -7.5932 26.8684 2.8945 -7.5323 26.8757 2.8646 -7.34 26.3062 2.8318 -7.6924 27.9442 2.299 -7.6102 28.0151 2.6294 -7.4302 27.8198 2.5136 -7.4033 28.0317 2.2266 -7.3296 28.0614 2.2965 -7.7909 28.1113 2.3804 -7.7881 28.0785 2.3107 -7.6029 28.1438 2.6271 -7.5869 28.1431 2.6225 -7.4441 28.0974 2.1969 -7.5962 28.2863 2.1812 -7.3245 28.1556 2.2669 -7.3493 28.2697 2.5031 -7.3595 28.2505 2.4826 -7.4623 28.3399 2.4364 -7.4887 28.3335 2.4283 -7.5052 28.3537 2.4438 -7.7856 28.2769 2.5714 -7.7437 28.2691 2.6495 -7.7191 28.4549 2.5902 -7.3886 28.3733 2.4746 -7.4188 27.9893 2.5597 -7.3952 28.2452 2.5138 -7.4004 28.3941 2.2421 -7.4939 28.351 2.3966 -7.5055 28.3836 2.3484 -7.3814 28.4201 2.437 -7.4197 27.806 2.4532 -7.437 27.5584 2.5484 -7.439 27.554 2.4961 -7.407 28.3497 2.1354 -7.48 28.3507 2.1472 -7.4039 28.3309 2.1289 -7.5389 28.4426 2.5186 -7.3088 28.3238 2.4433 -7.6261 28.466 2.5377 -7.6234 28.4637 2.5535 -7.3122 28.2719 2.423 -7.7953 28.3585 2.4379 -7.563 26.4022 2.9009 -7.584 26.3907 2.8776 -7.423 26.7143 2.8347 -7.3565 28.2333 2.49 -7.3241 28.2404 2.4631 -7.3109 28.3471 2.1403 -7.5519 26.2271 2.5066 -7.7862 26.8078 2.4731 -7.7753 26.8119 2.4499 -7.7837 26.6505 2.4791 -7.7768 26.948 2.4553 -7.6676 26.3939 2.5284 -7.6176 26.5295 2.4375 -7.3712 26.5063 2.3493 -7.3704 26.5626 2.3453 -7.4264 26.5113 2.337 -7.5884 28.012 2.6254 -7.2301 26.3782 2.6546 -7.2531 26.3571 2.5365 -7.2943 26.3451 2.8118 -7.2592 26.4073 2.7949 -7.2405 26.3993 2.7682 -7.2776 26.3306 2.7837 -7.3312 26.287 2.8127 -7.5903 26.5019 2.4284 -7.7866 26.8019 2.5242 -7.7457 26.4376 2.5634 -7.4763 26.239 2.4584 -7.4244 26.2775 2.4088 -7.4352 26.3879 2.3575 -7.3863 26.3795 2.3713 -7.7089 26.3548 2.5657 -7.3482 28.2853 2.5034 -7.3071 26.4961 2.8245 -7.3344 26.5612 2.826 -7.3471 26.7263 2.7636 -7.7855 26.6501 2.5403 -7.6195 26.8628 2.8965 -7.7299 28.1517 2.6547 -7.6925 28.1527 2.6637 -7.6765 28.431 2.2636 -7.7656 28.4487 2.2669 -7.6568 28.4498 2.3674 -7.3233 28.3721 2.4217 -7.3279 28.373 2.4335 -7.3483 28.4086 2.4149 -7.3836 28.4222 2.4243 -7.3499 28.4073 2.4274 -7.2863 28.3463 2.1695 -7.2975 28.3602 2.1671 -7.5375 28.3571 2.1656 -7.5887 28.3712 2.1675 -7.5916 28.361 2.1618 -7.354 26.8783 2.6622 -7.3965 26.8858 2.7293 -7.4218 27.2854 2.5939 -7.4268 27.2733 2.5327 -7.4413 27.2628 2.4878 -7.3868 27.0038 2.5725 -7.4056 26.9855 2.509 -7.36 27.9662 2.4146 -7.301 28.0823 2.3883 -7.4455 28.3476 2.4403 -7.4732 28.3926 2.252 -7.4043 28.3711 2.189 -7.4793 28.3757 2.2028 -7.5616 28.3993 2.2592 -7.5272 28.3754 2.2083 -7.5752 28.3869 2.2098 -7.522 28.3928 2.2568 -7.6872 28.4182 2.2075 -7.5533 27.2373 2.4251 -7.2812 26.2922 2.6948 -7.3381 26.2539 2.7294 -7.3707 26.2241 2.6303 -7.3574 26.2656 2.4826 -7.3042 26.271 2.5852 -7.4204 26.2191 2.5297 -7.408 26.2442 2.7587 -7.5395 26.294 2.8053 -7.6079 26.4756 2.8817 -7.6238 26.3841 2.8208 -7.649 26.4619 2.8181 -7.58 26.4792 2.9124 -7.6411 28.4635 2.4625 -7.5456 28.4441 2.4517 -7.6876 28.2966 2.183 -7.739 27.8321 2.6193 -7.6136 27.8565 2.6336 -7.4927 27.5258 2.4043 -7.4482 27.5472 2.4489 -7.6081 27.5764 2.6969 -7.522 27.5594 2.6531 -7.2455 26.4984 2.7922 -7.652 26.8459 2.8525 -7.5134 27.2997 2.701 -7.482 27.0316 2.7599 -7.4558 26.8845 2.7961 -7.4548 27.2936 2.6527 -7.4298 27.0259 2.7056 -7.741 27.5881 2.6555 -7.7385 27.3036 2.6994 -7.7135 26.996 2.7497 -7.6936 26.8339 2.7709 -7.7341 26.8189 2.6879 -7.7695 26.8075 2.5927 -7.7318 26.9581 2.4328 -7.721 26.6737 2.7031 -7.7599 26.659 2.6143 -7.6773 26.6866 2.7856 -7.6729 26.5741 2.8039 -7.7178 26.561 2.725 -7.6916 26.4579 2.7345 -7.6728 26.361 2.7438 -7.5805 26.2642 2.7122 -7.4458 26.2136 2.6668 -7.3857 27.0179 2.6382 -7.3124 26.6178 2.5135 -7.3627 26.8691 2.5896 -7.6378 26.9691 2.4305 -7.5477 26.9683 2.427 -7.4962 26.2062 2.5706 -7.3117 26.3586 2.4387 -7.5702 26.3813 2.4486 -7.4704 27.5563 2.611'/>
          </IndexedFaceSet>
        </Shape>
        <Shape DEF='rmc5'>
          <Appearance>
            <PhysicalMaterial baseColor='1 0.9765 0.8667' metallic='0' roughness='0.72'/>
          </Appearance>
          <IndexedFaceSet DEF='rmc5_Geo' coordIndex='0 1 2 -1 3 4 5 -1 6 7 8 -1 9 10 11 -1 12 13 14 -1 15 16 17 -1 18 19 17 -1 20 15 21 -1 22 23 24 -1 24 25 22 -1 26 27 28 -1 29 30 31 -1 32 33 34 -1 35 36 37 -1 38 39 40 -1 41 0 35 -1 0 42 35 -1 43 37 38 -1 44 45 46 -1 47 48 49 -1 50 51 52 -1 53 54 51 -1 55 25 24 -1 56 57 58 -1 57 59 58 -1 60 61 62 -1 20 23 63 -1 20 64 23 -1 65 66 67 -1 59 68 69 -1 59 57 68 -1 70 71 72 -1 65 19 73 -1 65 17 19 -1 25 73 19 -1 74 75 76 -1 31 60 62 -1 77 78 79 -1 0 41 80 -1 51 50 53 -1 81 82 83 -1 81 84 82 -1 85 54 4 -1 86 87 51 -1 51 88 86 -1 89 90 91 -1 90 92 91 -1 82 93 94 -1 93 95 94 -1 96 97 98 -1 96 99 97 -1 100 101 102 -1 103 104 105 -1 103 106 104 -1 107 108 109 -1 110 111 112 -1 111 113 112 -1 114 12 14 -1 114 115 12 -1 116 117 118 -1 116 119 117 -1 8 7 115 -1 120 121 45 -1 122 123 45 -1 124 125 45 -1 126 127 45 -1 128 129 45 -1 130 120 45 -1 44 122 45 -1 131 132 133 -1 51 87 52 -1 32 134 33 -1 135 36 136 -1 137 138 4 -1 139 117 119 -1 140 141 142 -1 143 138 144 -1 145 70 66 -1 114 146 147 -1 147 148 114 -1 8 149 150 -1 151 152 153 -1 52 154 155 -1 86 156 87 -1 156 154 87 -1 157 158 159 -1 158 160 159 -1 161 159 162 -1 159 163 162 -1 164 165 166 -1 164 167 165 -1 139 119 168 -1 169 170 165 -1 171 162 163 -1 163 34 171 -1 43 172 92 -1 173 174 141 -1 141 175 173 -1 175 176 173 -1 175 177 176 -1 113 178 179 -1 179 112 113 -1 5 101 3 -1 5 4 138 -1 91 92 172 -1 180 181 182 -1 180 183 181 -1 28 29 184 -1 184 185 28 -1 26 186 187 -1 26 188 186 -1 187 27 26 -1 29 27 187 -1 69 184 29 -1 189 190 191 -1 192 131 133 -1 48 193 194 -1 195 196 197 -1 197 198 195 -1 199 200 201 -1 201 202 199 -1 199 128 127 -1 199 203 128 -1 22 19 18 -1 195 21 17 -1 195 204 21 -1 205 49 48 -1 48 206 205 -1 207 208 58 -1 209 62 210 -1 209 31 62 -1 211 96 78 -1 96 212 78 -1 96 98 212 -1 98 213 212 -1 62 214 210 -1 62 215 214 -1 64 216 23 -1 216 217 23 -1 218 219 220 -1 221 75 74 -1 74 79 221 -1 59 69 29 -1 17 65 196 -1 196 195 17 -1 222 214 223 -1 222 210 214 -1 121 224 45 -1 124 198 125 -1 198 197 125 -1 21 225 20 -1 21 226 225 -1 227 28 185 -1 228 229 68 -1 30 29 187 -1 30 230 60 -1 60 31 30 -1 213 98 90 -1 90 231 213 -1 138 137 232 -1 40 39 143 -1 143 144 40 -1 233 85 3 -1 3 234 233 -1 88 235 86 -1 88 236 235 -1 103 108 107 -1 237 136 238 -1 237 239 136 -1 177 108 237 -1 177 178 108 -1 176 36 240 -1 176 238 36 -1 119 241 168 -1 119 242 241 -1 34 163 243 -1 243 32 34 -1 171 244 245 -1 171 34 244 -1 165 170 117 -1 117 139 165 -1 246 154 156 -1 246 247 154 -1 160 163 159 -1 160 243 163 -1 248 157 161 -1 157 159 161 -1 54 249 4 -1 54 53 249 -1 9 250 251 -1 115 114 148 -1 233 234 252 -1 252 253 233 -1 241 175 141 -1 241 179 175 -1 180 158 157 -1 180 182 158 -1 254 255 256 -1 220 257 42 -1 166 165 139 -1 34 33 244 -1 207 31 209 -1 121 258 259 -1 259 224 121 -1 129 130 45 -1 127 128 45 -1 125 126 45 -1 123 124 45 -1 224 46 45 -1 260 151 261 -1 12 262 263 -1 264 265 266 -1 267 169 146 -1 110 112 242 -1 250 9 153 -1 9 151 153 -1 268 147 246 -1 147 269 246 -1 235 270 86 -1 270 156 86 -1 101 5 102 -1 5 138 102 -1 92 98 97 -1 92 90 98 -1 186 30 187 -1 186 230 30 -1 96 211 99 -1 211 271 99 -1 85 51 54 -1 85 88 51 -1 254 81 52 -1 81 272 52 -1 36 238 136 -1 136 273 135 -1 136 239 273 -1 212 221 79 -1 79 78 212 -1 145 66 65 -1 65 73 145 -1 274 275 276 -1 274 277 275 -1 132 278 279 -1 279 280 132 -1 131 192 281 -1 192 277 281 -1 191 190 227 -1 227 185 191 -1 74 61 79 -1 61 74 215 -1 215 62 61 -1 59 29 58 -1 29 207 58 -1 31 207 29 -1 206 48 194 -1 135 39 38 -1 52 272 50 -1 249 53 282 -1 154 52 87 -1 283 171 284 -1 283 162 171 -1 23 22 63 -1 44 46 285 -1 285 286 44 -1 287 55 218 -1 220 2 288 -1 245 289 290 -1 290 291 245 -1 174 142 141 -1 292 293 294 -1 27 29 28 -1 193 295 274 -1 19 22 25 -1 16 18 17 -1 21 15 17 -1 288 296 287 -1 76 297 74 -1 261 298 260 -1 4 3 85 -1 25 55 299 -1 151 252 152 -1 151 260 252 -1 218 288 287 -1 220 288 218 -1 294 300 301 -1 294 293 300 -1 299 49 25 -1 47 49 299 -1 73 206 145 -1 205 206 73 -1 276 193 274 -1 194 193 276 -1 302 295 303 -1 295 302 274 -1 304 305 306 -1 305 304 307 -1 274 281 277 -1 302 281 274 -1 168 134 139 -1 134 168 140 -1 76 308 216 -1 76 309 308 -1 80 1 0 -1 1 80 310 -1 174 245 244 -1 245 174 289 -1 219 291 290 -1 219 311 291 -1 55 300 299 -1 55 287 300 -1 286 222 223 -1 286 285 222 -1 283 312 217 -1 283 284 312 -1 282 50 272 -1 282 53 50 -1 207 313 208 -1 207 209 313 -1 292 193 48 -1 193 292 295 -1 314 315 316 -1 314 317 315 -1 296 318 301 -1 318 296 319 -1 225 74 297 -1 225 215 74 -1 184 68 229 -1 184 69 68 -1 227 280 279 -1 190 280 227 -1 277 320 275 -1 192 320 277 -1 278 131 281 -1 132 131 278 -1 280 189 321 -1 190 189 280 -1 67 196 65 -1 67 201 196 -1 322 212 213 -1 212 322 221 -1 323 324 183 -1 231 324 323 -1 310 325 326 -1 310 80 325 -1 271 327 328 -1 271 211 327 -1 249 83 329 -1 282 83 249 -1 111 251 330 -1 251 111 331 -1 178 109 108 -1 109 178 113 -1 332 11 266 -1 261 11 332 -1 9 261 151 -1 11 261 9 -1 333 235 236 -1 235 333 334 -1 156 268 246 -1 270 268 156 -1 269 146 169 -1 147 146 269 -1 170 118 117 -1 335 118 170 -1 106 250 153 -1 336 250 106 -1 336 103 107 -1 336 106 103 -1 266 10 264 -1 11 10 266 -1 265 262 266 -1 265 263 262 -1 337 261 332 -1 298 261 337 -1 189 228 338 -1 189 229 228 -1 229 189 191 -1 339 42 257 -1 339 240 42 -1 340 183 324 -1 340 181 183 -1 248 180 157 -1 341 180 248 -1 255 158 182 -1 255 155 158 -1 263 342 343 -1 263 265 342 -1 253 236 233 -1 333 236 253 -1 270 149 268 -1 149 270 150 -1 335 343 118 -1 343 335 13 -1 344 111 110 -1 331 111 344 -1 106 152 104 -1 152 106 153 -1 263 13 12 -1 263 343 13 -1 264 331 344 -1 264 10 331 -1 298 333 253 -1 333 298 337 -1 334 8 150 -1 6 8 334 -1 324 93 340 -1 324 89 93 -1 84 254 256 -1 81 254 84 -1 345 243 160 -1 345 164 243 -1 345 167 164 -1 345 247 167 -1 247 269 167 -1 247 246 269 -1 244 142 174 -1 142 244 33 -1 240 173 176 -1 173 240 339 -1 177 238 176 -1 177 237 238 -1 108 239 237 -1 108 100 239 -1 273 100 102 -1 273 239 100 -1 172 95 91 -1 346 95 172 -1 232 329 94 -1 137 329 232 -1 232 144 138 -1 232 346 144 -1 325 92 97 -1 43 92 325 -1 341 322 323 -1 341 347 322 -1 162 308 161 -1 162 283 308 -1 289 257 290 -1 289 339 257 -1 188 317 314 -1 188 348 317 -1 133 349 350 -1 349 133 321 -1 307 281 302 -1 307 278 281 -1 306 351 348 -1 351 306 305 -1 301 351 294 -1 351 301 318 -1 215 226 214 -1 226 215 225 -1 352 353 354 -1 352 203 353 -1 200 125 197 -1 125 200 126 -1 198 123 355 -1 123 198 124 -1 355 122 356 -1 122 355 123 -1 356 44 286 -1 44 356 122 -1 46 259 285 -1 224 259 46 -1 357 358 359 -1 358 357 360 -1 259 208 313 -1 259 258 208 -1 121 357 258 -1 120 357 121 -1 130 352 360 -1 130 129 352 -1 226 223 214 -1 361 223 226 -1 320 362 71 -1 362 320 350 -1 354 362 363 -1 354 353 362 -1 359 364 56 -1 359 358 364 -1 228 57 56 -1 228 68 57 -1 364 349 338 -1 363 349 364 -1 99 316 326 -1 316 99 271 -1 55 312 311 -1 24 312 55 -1 23 312 24 -1 23 217 312 -1 216 297 76 -1 297 216 64 -1 211 77 327 -1 78 77 211 -1 97 326 325 -1 326 97 99 -1 220 290 257 -1 219 290 220 -1 308 217 216 -1 283 217 308 -1 221 347 75 -1 347 221 322 -1 284 311 312 -1 311 284 291 -1 220 0 2 -1 42 0 220 -1 315 1 310 -1 319 1 315 -1 310 316 315 -1 316 310 326 -1 338 56 364 -1 338 228 56 -1 222 209 210 -1 222 313 209 -1 208 56 58 -1 56 208 359 -1 358 363 364 -1 363 358 354 -1 350 363 362 -1 363 350 349 -1 353 71 362 -1 72 353 202 -1 71 353 72 -1 47 292 48 -1 293 292 47 -1 63 15 20 -1 15 63 16 -1 21 361 226 -1 21 204 361 -1 120 360 357 -1 130 360 120 -1 258 359 208 -1 258 357 359 -1 360 354 358 -1 354 360 352 -1 285 313 222 -1 285 259 313 -1 361 286 223 -1 286 361 356 -1 204 356 361 -1 355 356 204 -1 127 200 199 -1 126 200 127 -1 129 203 352 -1 128 203 129 -1 203 202 353 -1 203 199 202 -1 201 197 196 -1 201 200 197 -1 195 355 204 -1 195 198 355 -1 305 294 351 -1 303 294 305 -1 318 348 351 -1 318 317 348 -1 278 304 279 -1 304 278 307 -1 321 338 349 -1 321 189 338 -1 132 321 133 -1 132 280 321 -1 26 348 188 -1 26 306 348 -1 186 314 328 -1 186 188 314 -1 240 35 42 -1 240 36 35 -1 284 245 291 -1 171 245 284 -1 309 341 248 -1 309 347 341 -1 341 183 180 -1 183 341 323 -1 94 346 232 -1 94 95 346 -1 143 102 138 -1 143 273 102 -1 105 101 100 -1 3 101 105 -1 175 178 177 -1 179 178 175 -1 241 112 179 -1 241 242 112 -1 173 289 174 -1 173 339 289 -1 166 243 164 -1 243 166 32 -1 167 169 165 -1 167 269 169 -1 247 155 154 -1 247 345 155 -1 160 155 345 -1 155 160 158 -1 340 82 84 -1 340 93 82 -1 231 89 324 -1 231 90 89 -1 182 256 255 -1 182 181 256 -1 337 334 333 -1 6 334 337 -1 253 260 298 -1 253 252 260 -1 265 344 342 -1 264 344 265 -1 234 152 252 -1 152 234 104 -1 250 330 251 -1 250 336 330 -1 342 110 116 -1 344 110 342 -1 13 267 14 -1 13 335 267 -1 268 148 147 -1 148 268 149 -1 235 150 270 -1 150 235 334 -1 145 275 70 -1 276 275 145 -1 32 139 134 -1 139 32 166 -1 118 342 116 -1 118 343 342 -1 155 254 52 -1 155 255 254 -1 84 181 340 -1 84 256 181 -1 249 137 4 -1 329 137 249 -1 273 39 135 -1 273 143 39 -1 60 327 77 -1 60 230 327 -1 332 6 337 -1 6 332 7 -1 14 146 114 -1 146 14 267 -1 3 104 234 -1 104 3 105 -1 116 242 119 -1 116 110 242 -1 169 335 170 -1 267 335 169 -1 107 330 336 -1 107 109 330 -1 103 100 108 -1 103 105 100 -1 88 233 236 -1 85 233 88 -1 266 7 332 -1 266 262 7 -1 115 262 12 -1 7 262 115 -1 111 109 113 -1 330 109 111 -1 82 329 83 -1 82 94 329 -1 95 89 91 -1 93 89 95 -1 230 328 327 -1 186 328 230 -1 282 81 83 -1 272 81 282 -1 325 41 43 -1 41 325 80 -1 323 213 231 -1 213 323 322 -1 77 61 60 -1 77 79 61 -1 75 309 76 -1 75 347 309 -1 202 67 72 -1 201 67 202 -1 192 350 320 -1 192 133 350 -1 279 28 227 -1 28 279 304 -1 191 184 229 -1 191 185 184 -1 71 275 320 -1 70 275 71 -1 66 72 67 -1 66 70 72 -1 225 64 20 -1 225 297 64 -1 287 301 300 -1 301 287 296 -1 319 317 318 -1 317 319 315 -1 328 316 271 -1 328 314 316 -1 38 36 135 -1 36 38 37 -1 140 33 134 -1 142 33 140 -1 311 218 55 -1 311 219 218 -1 40 346 172 -1 40 144 346 -1 38 172 43 -1 38 40 172 -1 35 43 41 -1 35 37 43 -1 248 308 309 -1 308 248 161 -1 241 140 168 -1 141 140 241 -1 303 292 294 -1 303 295 292 -1 28 306 26 -1 306 28 304 -1 307 303 305 -1 303 307 302 -1 206 276 145 -1 206 194 276 -1 49 73 25 -1 49 205 73 -1 299 293 47 -1 293 299 300 -1 22 16 63 -1 22 18 16 -1 331 9 251 -1 9 331 10 -1 149 115 148 -1 115 149 8 -1 319 2 1 -1 319 288 2 -1 319 296 288 -1' creaseAngle='1.571'>
            <Coordinate DEF='rmc5_Coord' point='-7.7657 27.5278 2.091 -7.7133 27.2114 2.1249 -7.6705 27.206 2.1632 -7.8342 28.4636 1.952 -7.8041 28.5002 1.845 -7.8096 28.4219 1.9178 -7.6011 28.556 1.9895 -7.578 28.5563 2.0543 -7.5621 28.5602 1.9966 -7.6903 28.5136 2.1103 -7.6517 28.4877 2.1213 -7.6507 28.5302 2.0953 -7.5185 28.5541 2.0652 -7.42 28.4893 2.0814 -7.4259 28.5569 2.0344 -7.2793 26.79 1.9058 -7.2652 26.7858 1.9585 -7.2241 26.6787 1.9574 -7.2758 26.7603 2.0037 -7.2878 26.7293 2.0289 -7.3488 26.8584 1.8825 -7.2966 26.7731 1.8547 -7.3138 26.7915 2.0181 -7.3565 26.9001 1.9647 -7.3892 26.8749 2.0421 -7.352 26.7544 2.0643 -7.7471 26.5501 1.913 -7.7442 26.5368 1.8658 -7.7177 26.4599 1.9052 -7.6626 26.482 1.7926 -7.7556 26.6301 1.7789 -7.6366 26.6137 1.7115 -7.3933 28.1966 2.0381 -7.4207 28.1342 2.1351 -7.4694 28.0007 2.0366 -7.8151 27.7228 2.0105 -7.8286 27.8485 1.9969 -7.852 27.8635 1.9227 -7.8559 27.8859 1.9092 -7.8508 28.0497 1.9041 -7.862 28.0479 1.8483 -7.8139 27.6747 2.0178 -7.7572 27.5375 2.0963 -7.8572 27.8588 1.9093 -7.3035 26.4898 1.6865 -7.2807 26.4126 1.7083 -7.317 26.4748 1.6721 -7.4326 26.6695 2.1484 -7.4142 26.5856 2.1356 -7.3926 26.6605 2.1152 -7.7031 28.495 1.7328 -7.7328 28.5254 1.7785 -7.6138 28.4856 1.7151 -7.7619 28.4902 1.7422 -7.7845 28.506 1.8314 -7.474 26.8674 2.1515 -7.5754 26.3396 1.7757 -7.6383 26.3998 1.7583 -7.5913 26.4449 1.7014 -7.6438 26.4137 1.7604 -7.681 26.7018 1.7432 -7.5828 26.8015 1.7163 -7.5763 26.7205 1.6835 -7.3225 26.8396 1.9588 -7.3654 26.9397 1.8832 -7.2255 26.5427 1.9956 -7.2691 26.4019 2.0284 -7.2548 26.3941 2.0192 -7.6796 26.3875 1.8039 -7.677 26.4086 1.8026 -7.353 26.3335 2.0423 -7.3568 26.3161 2.0374 -7.3399 26.3212 2.0342 -7.2989 26.5926 2.0455 -7.4782 26.9052 1.7304 -7.527 27.2167 1.8019 -7.4518 27.2172 1.8373 -7.7005 26.8117 1.7655 -7.7051 26.8673 1.7715 -7.5947 26.8727 1.741 -7.7931 27.5163 2.0311 -7.683 28.434 1.6771 -7.7888 28.3387 1.6669 -7.7776 28.4259 1.6989 -7.6868 28.335 1.6601 -7.8001 28.5059 1.8535 -7.5901 28.5511 1.7766 -7.6007 28.5325 1.7569 -7.7198 28.5301 1.8024 -7.8248 28.04 1.7519 -7.8463 27.8289 1.7942 -7.8556 28.0401 1.7703 -7.8719 27.8358 1.8174 -7.7976 28.1942 1.7073 -7.8209 28.3368 1.6963 -7.8295 28.1961 1.7263 -7.7995 27.2017 1.8175 -7.8398 27.4938 1.8529 -7.8213 27.4892 1.827 -7.8112 27.2036 1.851 -7.8293 28.3778 2.0316 -7.8206 28.399 1.9594 -7.8239 28.3833 1.96 -7.8395 28.4258 2.1136 -7.8505 28.4563 2.0373 -7.8535 28.441 2.0347 -7.8302 28.4446 2.1125 -7.8255 28.4038 2.1708 -7.8181 28.346 2.1347 -7.7912 28.3802 2.1839 -7.5855 28.3054 2.2001 -7.718 28.3543 2.2019 -7.6049 28.2927 2.1944 -7.7263 28.3337 2.2011 -7.4338 28.5726 2.0089 -7.5256 28.5624 2.0384 -7.4634 28.321 2.1653 -7.3826 28.3711 2.1109 -7.3896 28.389 2.121 -7.4586 28.3052 2.1537 -7.3187 26.3882 1.6817 -7.3258 26.4214 1.6659 -7.2798 26.4962 1.7095 -7.2586 26.4954 1.7376 -7.2383 26.4776 1.7623 -7.2348 26.4437 1.7771 -7.2471 26.4068 1.774 -7.2573 26.3833 1.7613 -7.2729 26.3655 1.7411 -7.2926 26.3613 1.7232 -7.3093 26.3691 1.6978 -7.6093 26.3944 2.1325 -7.6521 26.3868 2.104 -7.6023 26.3472 2.0873 -7.4139 28.182 2.131 -7.8482 28.0386 1.9675 -7.8603 28.0339 2.0175 -7.8323 28.4253 1.8054 -7.8313 28.3863 1.9079 -7.3934 28.3331 2.0936 -7.455 28.166 2.1693 -7.5474 28.1275 2.1745 -7.4624 28.1207 2.1718 -7.8489 28.1996 1.905 -7.8454 28.195 1.8452 -7.3346 26.4231 2.0229 -7.3533 28.5597 1.9873 -7.3733 28.5783 1.9321 -7.4536 28.577 1.9624 -7.4898 28.5726 1.918 -7.5334 28.5646 1.9094 -7.7029 28.5235 2.0927 -7.7845 28.5001 2.0463 -7.7747 28.4877 2.1069 -7.4667 28.4988 1.7908 -7.448 28.3484 1.7677 -7.4733 28.5569 1.8029 -7.4691 28.0507 1.8241 -7.4563 28.2015 1.8014 -7.4447 28.0459 1.8737 -7.4059 28.211 1.85 -7.4791 27.8205 1.8846 -7.4845 27.8181 1.9483 -7.4291 28.0235 1.9516 -7.3489 28.3501 1.9173 -7.3398 28.4734 2.0059 -7.3782 28.3323 2.0274 -7.3652 28.4962 1.9297 -7.4511 28.2812 2.1457 -7.3339 28.5415 1.9894 -7.3446 28.4612 2.0585 -7.4964 27.8161 2.0199 -7.8648 28.0435 1.8054 -7.6801 27.9629 2.1355 -7.5536 27.9618 2.1356 -7.6647 28.1266 2.1553 -7.7833 27.9863 2.1018 -7.7931 28.1562 2.1434 -7.7403 28.3092 2.1624 -7.6317 28.2603 2.1633 -7.5459 28.0448 1.7966 -7.6035 28.1904 1.7178 -7.5247 28.195 1.7596 -7.6247 28.0385 1.7706 -7.7162 26.4003 1.8746 -7.7224 26.3998 1.9 -7.7788 26.6545 1.8241 -7.768 26.623 1.8244 -7.7618 26.6568 1.9165 -7.6988 26.3479 1.923 -7.7251 26.3721 1.9431 -7.7254 26.3726 1.8991 -7.5577 26.3766 2.1272 -7.4902 26.519 2.1284 -7.4337 26.504 2.1032 -7.2121 26.6166 1.8884 -7.2011 26.5077 1.9375 -7.2024 26.4758 1.852 -7.2198 26.5502 1.8267 -7.236 26.3505 1.8306 -7.2146 26.3989 1.8578 -7.2213 26.3855 1.9527 -7.2635 26.3211 1.9473 -7.2769 26.3207 1.797 -7.2706 26.6759 1.822 -7.3518 26.593 2.0883 -7.3773 26.5118 2.0847 -7.5878 26.5132 1.663 -7.4789 26.4212 1.6438 -7.5648 26.5893 1.6507 -7.5064 26.6846 1.6552 -7.7855 26.8665 1.8127 -7.722 27.2069 1.7961 -7.7455 27.4896 1.8205 -7.4346 26.7566 1.6996 -7.461 26.8468 1.7244 -7.4305 27.2149 1.8668 -7.4166 27.2215 1.9502 -7.5197 26.9288 2.1647 -7.5584 27.2255 2.1476 -7.6633 27.2159 2.1663 -7.6194 27.2129 1.7927 -7.4259 26.6229 1.6339 -7.3826 26.6674 1.6888 -7.3287 26.448 1.6625 -7.395 26.8708 1.7958 -7.3654 26.7837 1.7761 -7.7269 26.4057 1.941 -7.6629 26.3421 1.8389 -7.7156 26.3716 1.8709 -7.766 26.6603 1.7954 -7.7579 27.8203 1.8024 -7.844 28.3619 1.7884 -7.7897 28.5119 1.8665 -7.8298 28.479 1.9577 -7.5867 28.5597 1.7981 -7.7056 28.535 1.8248 -7.8492 28.1719 2.1134 -7.8432 28.0207 2.0722 -7.8477 28.1967 2.0271 -7.7671 27.8378 2.083 -7.5707 28.2576 2.1616 -7.5807 28.2884 2.1903 -7.3685 28.2076 1.933 -7.5081 27.9765 2.1033 -7.5449 27.8151 2.0743 -7.3966 28.5599 1.856 -7.4002 28.5002 1.8543 -7.495 27.8199 1.8636 -7.7822 28.4721 1.7453 -7.7703 28.4701 2.1494 -7.7352 28.4447 2.1613 -7.7699 28.5109 1.9867 -7.7246 28.528 1.9364 -7.6047 28.4287 1.6869 -7.5194 28.3458 1.7098 -7.5961 28.3338 1.6714 -7.6802 27.5135 2.1263 -7.4043 26.425 1.6333 -7.4018 26.4968 1.6199 -7.6936 28.5335 2.0315 -7.6539 28.538 2.0798 -7.5722 28.5461 2.0764 -7.5278 28.5051 2.0972 -7.6004 28.4747 2.1246 -7.5626 28.4819 2.1147 -7.6083 28.5415 2.0818 -7.3477 28.5457 2.0096 -7.4143 28.5743 1.8661 -7.3626 28.558 1.9258 -7.4808 28.568 1.8165 -7.8015 26.8631 1.8371 -7.6993 28.481 1.7209 -7.843 28.1998 1.9668 -7.5379 26.4715 2.1177 -7.4652 26.3718 2.1024 -7.4467 26.4442 2.0766 -7.5467 26.3992 2.1266 -7.656 26.4198 2.1051 -7.7021 26.4117 2 -7.7039 26.3728 2.0065 -7.602 26.4232 2.1378 -7.7622 28.4754 1.7311 -7.4565 27.5025 1.9495 -7.4849 27.5025 2.0234 -7.3733 26.5552 1.6433 -7.3432 26.5789 1.6832 -7.5093 26.8614 2.1705 -7.6564 27.1587 2.1712 -7.5863 27.8159 2.1012 -7.5822 27.5028 2.1182 -7.5357 27.4997 2.0984 -7.4843 26.6128 2.1781 -7.4849 26.6673 2.1793 -7.5775 26.6385 2.2056 -7.5133 26.5257 2.1402 -7.6195 26.8603 2.2128 -7.4053 26.9377 1.8088 -7.675 28.5384 2.0115 -7.4504 26.746 2.1565 -7.4924 26.7448 2.1741 -7.5966 26.7506 2.2136 -7.5935 26.4809 2.1258 -7.5818 26.5477 2.1564 -7.6866 26.4626 1.998 -7.6516 26.5538 2.1089 -7.7023 26.552 2.0154 -7.646 26.4726 2.0927 -7.4655 27.4996 1.8884 -7.4788 27.4985 1.8703 -7.7608 27.2137 2.0517 -7.5164 27.2229 2.1268 -7.4459 27.2222 2.0322 -7.4655 26.541 1.6157 -7.7739 26.7568 1.9204 -7.733 26.8549 2.0545 -7.786 26.8568 1.9242 -7.724 26.756 2.0431 -7.6727 26.753 2.1466 -7.6779 26.8554 2.1597 -7.4809 26.3484 2.1035 -7.6588 26.3267 1.9835 -7.6404 27.4905 1.8268 -7.6582 27.8126 1.8119 -7.732 28.0316 1.7676 -7.8313 27.5116 1.9341 -7.8044 27.2079 1.9325 -7.7778 26.7661 1.8034 -7.7905 26.7578 1.8292 -7.8056 28.4166 1.7165 -7.7828 28.3979 2.1828 -7.6897 28.4202 2.1708 -7.6154 28.5497 2.0665 -7.6677 28.5411 1.9127 -7.6005 28.559 1.8991 -7.3561 28.4713 2.071 -7.8121 28.4274 2.1678 -7.6414 28.5463 1.9944 -7.633 26.3079 1.8859 -7.6807 27.8236 2.1086 -7.7074 28.1938 1.7104 -7.5691 27.815 1.8334 -7.5073 28.4033 2.1492 -7.4455 28.4375 2.1173 -7.588 28.3973 2.1699 -7.3852 28.3547 1.8336 -7.8436 28.1975 1.7775 -7.5525 27.4951 1.8452 -7.7149 26.6569 2.0316 -7.5939 26.2861 1.9554 -7.5285 26.2996 2.0558 -7.6641 26.6523 2.1295 -7.3204 26.3059 1.756 -7.3229 26.2749 1.9062 -7.3884 26.2604 1.8275 -7.2601 26.5879 1.7806 -7.3005 26.5901 1.7314 -7.3828 26.3598 1.6737 -7.4304 26.2857 1.7699 -7.4634 26.3386 1.7092 -7.3546 26.3228 1.7144 -7.3296 26.686 1.7492 -7.4104 26.2714 1.9912 -7.4898 26.2568 1.8992 -7.5334 26.2839 1.8367'/>
          </IndexedFaceSet>
        </Shape>
        <Shape DEF='rpphal'>
          <Appearance>
            <PhysicalMaterial baseColor='1 0.9765 0.8667' metallic='0' roughness='0.72'/>
          </Appearance>
          <IndexedFaceSet DEF='rpphal_Geo' coordIndex='0 1 2 -1 3 4 5 -1 5 6 3 -1 0 7 8 -1 9 0 10 -1 4 11 5 -1 4 12 11 -1 13 14 15 -1 13 16 14 -1 0 15 17 -1 3 18 4 -1 19 20 21 -1 21 22 19 -1 23 24 25 -1 24 26 25 -1 27 28 29 -1 28 30 29 -1 31 32 33 -1 34 35 36 -1 36 37 34 -1 0 38 7 -1 39 40 41 -1 39 42 40 -1 43 44 45 -1 44 46 45 -1 3 6 47 -1 48 49 50 -1 49 51 52 -1 51 53 52 -1 54 55 7 -1 55 8 7 -1 56 1 57 -1 57 58 56 -1 49 52 59 -1 59 50 49 -1 60 61 62 -1 62 63 60 -1 3 64 65 -1 3 47 66 -1 67 49 68 -1 67 51 49 -1 69 70 71 -1 69 72 70 -1 73 74 75 -1 75 76 73 -1 77 32 31 -1 31 78 77 -1 79 39 41 -1 41 80 79 -1 81 82 83 -1 81 84 82 -1 35 85 86 -1 35 34 85 -1 3 66 87 -1 88 52 53 -1 53 89 88 -1 0 17 57 -1 90 91 92 -1 91 93 92 -1 31 94 78 -1 31 95 94 -1 96 97 98 -1 97 99 98 -1 100 101 102 -1 103 104 105 -1 105 96 98 -1 106 107 105 -1 105 108 109 -1 105 110 111 -1 112 100 105 -1 113 114 115 -1 115 116 113 -1 117 24 23 -1 117 118 24 -1 119 120 121 -1 122 123 124 -1 122 125 123 -1 88 59 52 -1 88 126 59 -1 127 128 129 -1 126 125 122 -1 126 130 125 -1 125 131 123 -1 125 120 131 -1 132 133 134 -1 135 136 137 -1 138 139 140 -1 138 141 139 -1 101 142 28 -1 19 97 143 -1 19 99 97 -1 105 144 112 -1 105 100 110 -1 105 111 108 -1 109 106 105 -1 105 107 96 -1 105 98 103 -1 117 145 106 -1 106 109 117 -1 0 13 15 -1 146 0 2 -1 147 148 149 -1 148 150 149 -1 151 54 148 -1 151 55 54 -1 83 152 153 -1 83 82 152 -1 80 41 31 -1 31 33 80 -1 69 154 72 -1 154 155 72 -1 156 157 11 -1 3 87 64 -1 3 158 18 -1 159 51 160 -1 51 67 160 -1 39 6 161 -1 161 42 39 -1 162 133 132 -1 162 119 133 -1 105 104 144 -1 1 56 163 -1 163 2 1 -1 51 159 53 -1 159 164 53 -1 59 165 50 -1 59 166 165 -1 6 79 47 -1 6 39 79 -1 167 87 66 -1 167 168 87 -1 65 64 153 -1 64 169 153 -1 44 156 46 -1 156 154 46 -1 156 12 154 -1 12 155 154 -1 38 170 7 -1 170 54 7 -1 171 172 173 -1 84 81 149 -1 81 147 149 -1 174 175 176 -1 177 22 178 -1 22 21 178 -1 158 3 65 -1 18 73 4 -1 18 74 73 -1 0 146 10 -1 0 8 13 -1 16 179 14 -1 70 180 181 -1 5 11 182 -1 182 161 5 -1 72 76 180 -1 180 70 72 -1 38 0 9 -1 156 11 12 -1 5 161 6 -1 1 0 57 -1 62 38 9 -1 170 38 62 -1 163 172 2 -1 173 172 163 -1 94 183 184 -1 183 94 95 -1 185 40 42 -1 40 185 186 -1 4 155 12 -1 4 73 155 -1 60 70 181 -1 160 70 60 -1 76 155 73 -1 72 155 76 -1 2 187 146 -1 2 172 187 -1 17 14 188 -1 15 14 17 -1 151 16 55 -1 179 16 151 -1 158 153 152 -1 158 65 153 -1 189 149 190 -1 189 84 149 -1 191 192 135 -1 191 193 192 -1 194 142 195 -1 196 142 194 -1 196 28 142 -1 28 196 30 -1 197 178 198 -1 197 177 178 -1 176 199 143 -1 176 200 199 -1 175 201 202 -1 175 203 201 -1 115 204 205 -1 115 114 204 -1 81 206 147 -1 206 81 207 -1 190 180 189 -1 180 190 181 -1 82 74 152 -1 75 74 82 -1 61 149 150 -1 61 190 149 -1 90 127 91 -1 128 127 90 -1 157 182 11 -1 129 182 157 -1 208 46 209 -1 45 46 208 -1 18 152 74 -1 158 152 18 -1 64 168 169 -1 64 87 168 -1 66 79 167 -1 66 47 79 -1 166 210 165 -1 166 211 210 -1 144 212 213 -1 104 212 144 -1 198 162 132 -1 178 162 198 -1 214 119 121 -1 119 214 133 -1 40 31 41 -1 40 95 31 -1 44 157 156 -1 157 44 215 -1 71 209 69 -1 216 209 71 -1 60 190 61 -1 181 190 60 -1 167 85 168 -1 86 85 167 -1 153 217 83 -1 217 153 169 -1 170 148 54 -1 148 170 150 -1 13 55 16 -1 13 8 55 -1 80 35 86 -1 35 80 33 -1 151 147 206 -1 147 151 148 -1 34 217 85 -1 34 207 217 -1 89 172 171 -1 187 172 89 -1 218 219 220 -1 219 218 171 -1 184 171 173 -1 219 171 184 -1 129 185 182 -1 129 128 185 -1 104 221 212 -1 103 221 104 -1 107 145 174 -1 106 145 107 -1 109 118 117 -1 108 118 109 -1 116 110 113 -1 110 116 111 -1 145 23 203 -1 145 117 23 -1 143 174 176 -1 143 97 174 -1 22 99 19 -1 22 221 99 -1 222 197 195 -1 222 213 197 -1 27 101 28 -1 102 101 27 -1 137 139 223 -1 137 140 139 -1 127 136 224 -1 127 215 136 -1 225 192 134 -1 192 225 224 -1 134 193 132 -1 134 192 193 -1 121 93 214 -1 121 220 93 -1 131 119 162 -1 131 120 119 -1 125 121 120 -1 130 121 125 -1 211 122 124 -1 166 122 211 -1 226 165 210 -1 227 165 226 -1 228 49 48 -1 228 68 49 -1 229 227 226 -1 229 230 227 -1 140 136 43 -1 140 137 136 -1 216 208 209 -1 231 208 216 -1 232 233 234 -1 235 233 232 -1 232 228 230 -1 232 231 228 -1 139 204 29 -1 139 141 204 -1 30 191 223 -1 196 191 30 -1 162 21 131 -1 21 162 178 -1 123 199 124 -1 199 123 20 -1 210 201 226 -1 202 201 210 -1 26 233 235 -1 26 205 233 -1 25 235 229 -1 25 26 235 -1 126 218 130 -1 126 88 218 -1 205 141 233 -1 205 204 141 -1 201 229 226 -1 201 25 229 -1 200 124 199 -1 211 124 200 -1 20 131 21 -1 20 123 131 -1 194 132 193 -1 198 132 194 -1 29 223 139 -1 30 223 29 -1 235 230 229 -1 235 232 230 -1 231 68 228 -1 231 216 68 -1 234 231 232 -1 234 208 231 -1 138 233 141 -1 233 138 234 -1 215 43 136 -1 44 43 215 -1 48 230 228 -1 227 230 48 -1 50 227 48 -1 50 165 227 -1 166 126 122 -1 59 126 166 -1 218 121 130 -1 218 220 121 -1 133 225 134 -1 214 225 133 -1 93 225 214 -1 93 91 225 -1 223 135 137 -1 191 135 223 -1 224 91 127 -1 224 225 91 -1 24 116 115 -1 118 116 24 -1 114 102 27 -1 114 113 102 -1 212 22 177 -1 212 221 22 -1 174 203 175 -1 174 145 203 -1 100 222 101 -1 112 222 100 -1 113 100 102 -1 100 113 110 -1 118 111 116 -1 111 118 108 -1 97 107 174 -1 107 97 96 -1 221 98 99 -1 98 221 103 -1 112 213 222 -1 144 213 112 -1 90 183 186 -1 90 92 183 -1 78 163 56 -1 78 94 163 -1 93 219 92 -1 93 220 219 -1 184 92 219 -1 184 183 92 -1 171 88 89 -1 171 218 88 -1 53 187 89 -1 53 164 187 -1 37 236 179 -1 37 36 236 -1 206 179 151 -1 37 179 206 -1 207 83 217 -1 207 81 83 -1 36 77 236 -1 36 32 77 -1 236 58 188 -1 236 77 58 -1 169 85 217 -1 85 169 168 -1 86 79 80 -1 86 167 79 -1 77 56 58 -1 77 78 56 -1 189 76 75 -1 76 189 180 -1 160 71 70 -1 160 67 71 -1 67 216 71 -1 216 67 68 -1 154 209 46 -1 209 154 69 -1 213 177 197 -1 212 177 213 -1 57 188 58 -1 188 57 17 -1 211 202 210 -1 211 200 202 -1 45 234 138 -1 45 208 234 -1 43 138 140 -1 43 45 138 -1 215 129 157 -1 215 127 129 -1 128 186 185 -1 128 90 186 -1 150 62 61 -1 62 150 170 -1 84 75 82 -1 189 75 84 -1 207 37 206 -1 207 34 37 -1 35 32 36 -1 35 33 32 -1 204 27 29 -1 114 27 204 -1 24 205 26 -1 24 115 205 -1 203 25 201 -1 203 23 25 -1 200 175 202 -1 176 175 200 -1 20 143 199 -1 19 143 20 -1 195 198 194 -1 195 197 198 -1 195 101 222 -1 142 101 195 -1 193 196 194 -1 191 196 193 -1 135 224 136 -1 135 192 224 -1 179 188 14 -1 179 236 188 -1 146 164 10 -1 164 146 187 -1 63 160 60 -1 159 160 63 -1 42 182 185 -1 182 42 161 -1 186 95 40 -1 95 186 183 -1 184 163 94 -1 184 173 163 -1 159 10 164 -1 63 10 159 -1 9 63 62 -1 9 10 63 -1' creaseAngle='1.571'>
            <Coordinate DEF='rpphal_Coord' point='-5.6255 26.3852 3.8517 -5.5883 26.4422 3.9539 -5.6178 26.5045 3.923 -5.306 26.4804 3.7815 -5.3751 26.5541 3.7057 -5.3658 26.5706 3.7845 -5.3411 26.552 3.8703 -5.6479 26.3015 3.7865 -5.6319 26.2842 3.8256 -5.6606 26.3711 3.7754 -5.6735 26.4588 3.7823 -5.3697 26.5795 3.7836 -5.3862 26.5703 3.7138 -5.6178 26.2838 3.8593 -5.6013 26.293 3.8766 -5.6066 26.2938 3.8797 -5.6137 26.2831 3.8518 -5.5791 26.3301 3.9226 -5.3363 26.495 3.6838 -5.9169 27.1953 3.7259 -5.9175 27.1848 3.736 -5.8518 27.2459 3.7402 -5.8516 27.2499 3.7318 -5.8997 27.1043 3.4641 -5.8085 27.1337 3.4406 -5.9001 27.0892 3.4593 -5.8073 27.1255 3.4345 -5.6161 27.2459 3.4691 -5.6163 27.2718 3.5178 -5.6047 27.2405 3.467 -5.6025 27.2642 3.5217 -5.4724 26.5031 3.9243 -5.4601 26.4608 3.9012 -5.4554 26.463 3.9005 -5.4501 26.3947 3.8157 -5.4436 26.4079 3.8505 -5.4486 26.4055 3.8521 -5.4553 26.391 3.8181 -5.6574 26.3521 3.7764 -5.3462 26.5529 3.879 -5.4419 26.5798 3.8994 -5.4101 26.5286 3.9172 -5.3836 26.5879 3.8624 -5.5296 26.8945 3.6462 -5.4761 26.7653 3.6954 -5.5431 26.8889 3.6311 -5.4859 26.759 3.6894 -5.3144 26.5163 3.8687 -5.794 26.7968 3.6587 -5.713 26.6675 3.7399 -5.8024 26.8039 3.6849 -5.6765 26.5419 3.7699 -5.7185 26.6704 3.7538 -5.6779 26.5419 3.7812 -5.6409 26.3015 3.7802 -5.6251 26.2821 3.8211 -5.5813 26.4481 3.9595 -5.5777 26.3905 3.9499 -5.5697 26.3932 3.9497 -5.8057 26.8104 3.7029 -5.596 26.4642 3.7738 -5.5856 26.4066 3.7571 -5.6556 26.3688 3.7682 -5.6709 26.4575 3.7774 -5.2801 26.4338 3.7298 -5.3024 26.4537 3.6964 -5.2879 26.462 3.8284 -5.629 26.552 3.7584 -5.6791 26.6716 3.7167 -5.4746 26.6008 3.7332 -5.5273 26.4956 3.7652 -5.5591 26.5649 3.7502 -5.4446 26.5355 3.7244 -5.3822 26.5493 3.6954 -5.3452 26.4941 3.6797 -5.4099 26.4672 3.6959 -5.437 26.5199 3.7199 -5.5127 26.4238 3.9349 -5.5263 26.4793 3.9492 -5.3197 26.5133 3.8748 -5.383 26.4911 3.9009 -5.4777 26.4105 3.7599 -5.4024 26.4581 3.6919 -5.3698 26.4263 3.6985 -5.4973 26.4329 3.7475 -5.3326 26.4068 3.7992 -5.3449 26.4313 3.8447 -5.2694 26.4353 3.7791 -5.7207 26.6829 3.7891 -5.6717 26.5636 3.8221 -5.4853 26.6535 3.8747 -5.5371 26.7754 3.8415 -5.5424 26.631 3.8873 -5.5915 26.7543 3.8632 -5.5593 26.5352 3.9247 -5.5015 26.5555 3.9098 -5.8548 27.1651 3.6087 -5.9182 27.1484 3.6322 -5.841 27.1914 3.6288 -5.8886 27.1907 3.6817 -5.7422 27.2127 3.5579 -5.6696 27.2468 3.5396 -5.6724 27.2309 3.5017 -5.8152 27.2114 3.6361 -5.7921 27.2288 3.6313 -5.7935 27.1829 3.584 -5.8498 27.1508 3.5541 -5.8582 27.1535 3.5803 -5.8035 27.1692 3.5286 -5.8395 27.1535 3.5405 -5.7566 27.1964 3.5416 -5.7779 27.1807 3.5331 -5.7439 27.2315 3.5878 -5.6945 27.2007 3.4691 -5.6688 27.2084 3.4343 -5.737 27.161 3.4299 -5.75 27.1689 3.4632 -5.8698 27.124 3.4953 -5.8074 27.1463 3.4706 -5.74 27.0474 3.799 -5.7844 27.0314 3.8017 -5.7092 26.8727 3.8354 -5.8735 26.9499 3.7043 -5.9096 27.1519 3.7513 -5.9808 27.0863 3.6698 -5.8461 26.9941 3.7673 -5.7921 26.8195 3.7393 -5.4868 26.7803 3.8047 -5.4384 26.6585 3.8364 -5.4293 26.6618 3.8258 -5.769 26.847 3.8067 -5.8378 27.2009 3.764 -5.7048 27.2597 3.7251 -5.6957 27.0635 3.7964 -5.651 27.0931 3.7612 -5.5655 27.0848 3.6497 -5.5259 26.9048 3.7093 -5.5536 27.0733 3.6149 -5.5887 27.0355 3.531 -5.5794 27.196 3.4669 -5.5637 27.059 3.5571 -5.6403 27.1555 3.4239 -5.6351 27.2879 3.5669 -5.9806 27.1351 3.6475 -5.7688 27.239 3.6179 -5.9103 27.1204 3.5301 -5.6562 26.4911 3.8401 -5.4893 26.405 3.7612 -5.5629 26.3432 3.7674 -5.5026 26.4311 3.7491 -5.585 26.3952 3.7571 -5.5461 26.3294 3.7905 -5.3336 26.4771 3.675 -5.3078 26.4476 3.6923 -5.4303 26.6292 3.7283 -5.3936 26.5647 3.7037 -5.418 26.6288 3.7295 -5.4192 26.6519 3.7871 -5.3267 26.4802 3.6784 -5.6714 26.4738 3.7776 -5.6006 26.4813 3.7759 -5.3723 26.5877 3.8525 -5.7686 27.2422 3.7487 -5.61 26.5117 3.9258 -5.6744 26.476 3.7842 -5.8893 26.9038 3.6251 -5.8876 26.9194 3.6564 -5.2925 26.4573 3.8348 -5.2749 26.4305 3.7819 -5.286 26.4293 3.7303 -5.6524 26.3534 3.7693 -5.643 26.5955 3.8838 -5.6226 26.5204 3.9159 -5.6173 26.5256 3.9182 -5.9296 27.1267 3.5723 -5.9938 27.0932 3.5585 -5.9937 27.1033 3.5846 -5.792 27.2966 3.7167 -5.7856 27.2892 3.7272 -5.5267 26.33 3.8356 -5.5227 26.4865 3.7645 -5.5235 26.4863 3.7648 -5.3843 26.6009 3.8468 -5.51 26.5708 3.9052 -5.5679 26.5499 3.9185 -5.3971 26.6013 3.858 -5.4511 26.5946 3.8943 -5.657 26.5051 3.8364 -5.5721 26.3302 3.9206 -5.5025 26.4431 3.7486 -5.5078 26.4421 3.7501 -5.5956 27.243 3.5919 -5.5854 27.1041 3.708 -5.6189 27.2613 3.6479 -5.6451 27.3008 3.6357 -5.6582 27.3109 3.627 -5.6208 27.2774 3.5777 -5.7306 27.3184 3.6926 -5.7228 27.3121 3.7039 -5.9849 27.1243 3.6545 -5.9978 27.0905 3.5936 -5.9726 27.0725 3.501 -5.9994 27.0792 3.5576 -5.9677 27.0877 3.5042 -5.6615 27.1981 3.4277 -5.734 27.1517 3.4235 -5.4749 26.397 3.7771 -5.4688 26.4001 3.7748 -5.6029 26.8626 3.617 -5.5357 26.725 3.6897 -6.0009 27.0271 3.5585 -5.9945 27.0532 3.6104 -5.7917 27.2635 3.6714 -5.7505 27.2793 3.6547 -5.6547 26.9026 3.8361 -5.4736 26.7724 3.7577 -5.6164 26.6915 3.6976 -5.3425 26.4045 3.7388 -5.6964 26.7088 3.8503 -5.6014 26.6122 3.8951 -5.6507 26.7328 3.8666 -5.8356 27.2369 3.6882 -5.6996 27.2732 3.6065 -5.5727 27.2264 3.5365 -5.5403 26.9282 3.7668 -5.5891 26.9231 3.8018 -5.9764 27.0155 3.5046 -5.8806 26.9078 3.5747 -5.7498 26.8041 3.6337 -5.8955 27.0351 3.4618 -5.8327 26.9285 3.5428 -5.6815 26.8267 3.6241 -5.7462 26.97 3.5182 -5.7201 27.1074 3.4202 -5.6639 27.0008 3.5165 -5.7944 27.0702 3.4295 -5.5043 26.3608 3.8878'/>
          </IndexedFaceSet>
        </Shape>
        <Shape DEF='rpphal2'>
          <Appearance>
            <PhysicalMaterial baseColor='1 0.9765 0.8667' metallic='0' roughness='0.72'/>
          </Appearance>
          <IndexedFaceSet DEF='rpphal2_Geo' coordIndex='0 1 2 -1 3 4 5 -1 5 6 3 -1 7 8 9 -1 10 11 12 -1 12 13 10 -1 14 15 16 -1 17 18 19 -1 20 21 22 -1 23 24 25 -1 21 26 22 -1 21 24 26 -1 27 28 29 -1 30 31 29 -1 29 28 30 -1 32 33 34 -1 35 36 37 -1 38 39 40 -1 38 41 39 -1 42 43 44 -1 36 45 46 -1 36 47 45 -1 9 8 48 -1 49 50 51 -1 52 53 54 -1 52 55 53 -1 56 57 58 -1 56 16 57 -1 59 60 61 -1 60 62 61 -1 63 64 65 -1 66 67 68 -1 69 70 71 -1 71 72 69 -1 73 74 75 -1 76 77 75 -1 78 79 80 -1 81 82 70 -1 78 81 83 -1 78 80 81 -1 14 84 85 -1 84 86 85 -1 87 57 88 -1 87 58 57 -1 19 89 17 -1 90 91 92 -1 17 93 94 -1 94 95 17 -1 17 96 18 -1 34 1 0 -1 0 32 34 -1 97 98 99 -1 99 100 97 -1 101 102 103 -1 103 104 101 -1 105 77 76 -1 105 106 77 -1 56 68 67 -1 107 108 109 -1 107 110 108 -1 111 112 113 -1 114 40 115 -1 111 116 117 -1 117 118 119 -1 120 121 117 -1 117 122 123 -1 117 124 125 -1 117 114 126 -1 19 127 128 -1 128 89 19 -1 129 130 131 -1 130 132 131 -1 130 133 134 -1 44 135 42 -1 44 136 135 -1 137 138 139 -1 137 140 138 -1 7 141 137 -1 137 8 7 -1 142 143 144 -1 144 145 142 -1 94 20 95 -1 94 146 20 -1 3 6 147 -1 6 148 147 -1 79 52 54 -1 79 149 80 -1 79 150 151 -1 16 15 152 -1 16 152 153 -1 16 56 67 -1 16 67 154 -1 155 156 29 -1 156 27 29 -1 147 148 157 -1 157 158 147 -1 159 160 31 -1 31 161 159 -1 162 163 164 -1 165 166 55 -1 55 167 165 -1 64 168 65 -1 62 169 72 -1 62 170 169 -1 171 168 50 -1 171 85 168 -1 172 173 174 -1 174 175 172 -1 173 172 176 -1 172 177 176 -1 174 178 175 -1 174 179 178 -1 69 167 55 -1 55 83 69 -1 180 10 13 -1 180 181 10 -1 163 87 164 -1 182 183 184 -1 182 185 183 -1 186 183 187 -1 186 184 183 -1 16 188 57 -1 154 84 16 -1 16 153 188 -1 189 190 191 -1 191 192 189 -1 193 194 150 -1 79 195 73 -1 79 151 149 -1 79 78 52 -1 79 54 195 -1 80 196 81 -1 73 150 79 -1 5 53 197 -1 18 26 19 -1 26 198 19 -1 199 200 201 -1 33 202 42 -1 203 204 136 -1 40 39 36 -1 36 115 40 -1 205 206 207 -1 207 208 205 -1 117 116 114 -1 126 124 117 -1 125 122 117 -1 117 123 120 -1 117 121 118 -1 117 119 111 -1 114 209 38 -1 64 210 170 -1 64 181 210 -1 211 109 108 -1 212 110 107 -1 213 202 32 -1 202 33 32 -1 22 96 95 -1 95 20 22 -1 94 93 129 -1 129 131 94 -1 146 214 215 -1 215 216 146 -1 217 201 200 -1 42 202 218 -1 128 90 89 -1 128 219 90 -1 220 221 222 -1 222 134 220 -1 17 95 96 -1 91 223 92 -1 224 225 68 -1 68 163 224 -1 224 163 162 -1 75 74 226 -1 226 76 75 -1 53 5 4 -1 77 107 109 -1 109 193 77 -1 75 77 73 -1 53 55 166 -1 70 69 83 -1 83 81 70 -1 170 62 60 -1 59 61 179 -1 179 227 59 -1 228 229 230 -1 68 56 58 -1 52 78 83 -1 83 55 52 -1 171 50 49 -1 43 47 44 -1 35 136 44 -1 114 38 40 -1 37 36 39 -1 167 72 169 -1 167 69 72 -1 182 28 27 -1 27 185 182 -1 103 102 25 -1 102 187 25 -1 216 103 21 -1 168 85 65 -1 67 231 232 -1 232 154 67 -1 15 14 171 -1 14 85 171 -1 84 14 16 -1 102 13 12 -1 74 73 195 -1 3 226 4 -1 233 6 5 -1 195 226 74 -1 226 195 4 -1 234 154 232 -1 84 154 234 -1 63 181 64 -1 63 10 181 -1 84 11 86 -1 84 234 11 -1 85 63 65 -1 86 63 85 -1 100 235 204 -1 235 100 236 -1 187 12 186 -1 102 12 187 -1 225 66 68 -1 66 225 161 -1 237 167 169 -1 165 167 237 -1 238 145 217 -1 238 239 145 -1 166 191 240 -1 166 165 191 -1 37 41 203 -1 37 39 41 -1 23 26 24 -1 23 198 26 -1 241 36 46 -1 115 36 241 -1 242 230 229 -1 243 230 242 -1 176 244 173 -1 176 245 244 -1 174 227 179 -1 246 227 174 -1 147 105 76 -1 105 147 158 -1 195 53 4 -1 53 195 54 -1 106 107 77 -1 107 106 212 -1 60 50 168 -1 60 59 50 -1 247 152 49 -1 153 152 247 -1 248 153 247 -1 188 153 248 -1 249 250 196 -1 249 251 250 -1 211 193 109 -1 211 194 193 -1 228 225 224 -1 252 225 228 -1 132 134 222 -1 130 134 132 -1 36 44 47 -1 36 35 44 -1 133 253 254 -1 255 253 133 -1 256 46 257 -1 256 241 46 -1 97 258 98 -1 209 258 97 -1 205 259 260 -1 112 259 205 -1 261 93 223 -1 129 93 261 -1 130 255 133 -1 255 130 262 -1 263 42 218 -1 43 42 263 -1 5 264 233 -1 5 197 264 -1 201 221 199 -1 201 144 221 -1 238 264 265 -1 264 238 213 -1 104 216 215 -1 103 216 104 -1 214 94 131 -1 146 94 214 -1 156 157 266 -1 157 156 155 -1 104 267 101 -1 104 268 267 -1 204 135 136 -1 135 204 235 -1 180 210 181 -1 180 269 210 -1 119 219 259 -1 118 219 119 -1 223 120 261 -1 223 121 120 -1 223 91 121 -1 262 122 255 -1 122 262 123 -1 125 256 253 -1 124 256 125 -1 99 208 207 -1 208 99 98 -1 260 206 205 -1 260 270 206 -1 199 220 271 -1 221 220 199 -1 254 271 220 -1 257 271 254 -1 45 43 263 -1 47 43 45 -1 238 202 213 -1 202 238 217 -1 239 142 145 -1 239 272 142 -1 25 183 9 -1 25 187 183 -1 141 156 273 -1 141 27 156 -1 266 0 274 -1 266 275 0 -1 276 2 236 -1 2 276 277 -1 140 274 277 -1 140 273 274 -1 48 198 23 -1 48 278 198 -1 214 279 215 -1 280 279 214 -1 144 222 221 -1 144 143 222 -1 218 199 263 -1 218 200 199 -1 207 276 99 -1 207 138 276 -1 139 270 281 -1 139 206 270 -1 19 278 127 -1 19 198 278 -1 131 280 214 -1 131 132 280 -1 194 151 150 -1 282 151 194 -1 166 197 53 -1 166 240 197 -1 196 149 249 -1 80 149 196 -1 275 6 233 -1 275 148 6 -1 66 231 67 -1 66 30 231 -1 192 267 189 -1 269 267 192 -1 186 232 184 -1 232 186 234 -1 184 231 182 -1 231 184 232 -1 157 160 158 -1 157 155 160 -1 212 230 110 -1 230 212 228 -1 242 162 164 -1 242 229 162 -1 269 237 210 -1 269 192 237 -1 178 61 71 -1 179 61 178 -1 108 176 177 -1 176 108 243 -1 178 250 175 -1 178 82 250 -1 247 283 248 -1 247 284 283 -1 51 246 284 -1 227 246 51 -1 87 285 164 -1 285 87 88 -1 285 248 283 -1 285 88 248 -1 268 215 279 -1 268 104 215 -1 272 190 189 -1 190 272 239 -1 189 268 272 -1 189 267 268 -1 245 283 244 -1 245 285 283 -1 284 244 283 -1 284 246 244 -1 242 285 245 -1 242 164 285 -1 251 175 250 -1 172 175 251 -1 284 49 51 -1 284 247 49 -1 178 70 82 -1 178 71 70 -1 286 172 251 -1 172 286 177 -1 177 211 108 -1 177 286 211 -1 50 227 51 -1 59 227 50 -1 170 168 64 -1 60 168 170 -1 169 210 237 -1 170 210 169 -1 165 192 191 -1 237 192 165 -1 110 243 108 -1 243 110 230 -1 224 229 228 -1 224 162 229 -1 158 159 105 -1 158 160 159 -1 30 182 231 -1 30 28 182 -1 160 29 31 -1 160 155 29 -1 157 275 266 -1 157 148 275 -1 101 13 102 -1 13 101 180 -1 149 282 249 -1 151 282 149 -1 143 132 222 -1 280 132 143 -1 127 281 270 -1 127 278 281 -1 206 138 207 -1 206 139 138 -1 99 236 100 -1 99 276 236 -1 142 280 143 -1 280 142 279 -1 20 216 21 -1 146 216 20 -1 23 9 48 -1 23 25 9 -1 137 281 8 -1 137 139 281 -1 273 137 141 -1 273 140 137 -1 277 138 140 -1 277 276 138 -1 274 2 277 -1 274 0 2 -1 266 273 156 -1 273 266 274 -1 233 213 32 -1 233 264 213 -1 185 9 183 -1 7 9 185 -1 279 272 268 -1 272 279 142 -1 218 217 200 -1 218 202 217 -1 45 257 46 -1 257 45 271 -1 220 133 254 -1 134 133 220 -1 271 263 199 -1 271 45 263 -1 17 223 93 -1 17 92 223 -1 270 128 127 -1 270 260 128 -1 124 241 256 -1 126 241 124 -1 255 125 253 -1 125 255 122 -1 261 123 262 -1 123 261 120 -1 118 90 219 -1 91 118 121 -1 118 91 90 -1 111 259 112 -1 119 259 111 -1 258 111 113 -1 111 258 116 -1 77 150 73 -1 193 150 77 -1 197 265 264 -1 197 240 265 -1 209 116 258 -1 209 114 116 -1 135 1 34 -1 135 235 1 -1 101 269 180 -1 101 267 269 -1 144 217 145 -1 201 217 144 -1 275 32 0 -1 233 32 275 -1 208 112 205 -1 113 112 208 -1 259 128 260 -1 259 219 128 -1 98 113 208 -1 258 113 98 -1 41 209 97 -1 38 209 41 -1 253 257 254 -1 253 256 257 -1 129 262 130 -1 261 262 129 -1 90 17 89 -1 90 92 17 -1 286 194 211 -1 194 286 282 -1 212 252 228 -1 106 252 212 -1 58 163 68 -1 58 87 163 -1 249 286 251 -1 249 282 286 -1 88 188 248 -1 57 188 88 -1 196 82 81 -1 196 250 82 -1 49 15 171 -1 152 15 49 -1 72 61 62 -1 72 71 61 -1 226 147 76 -1 147 226 3 -1 252 161 225 -1 159 161 252 -1 105 252 106 -1 105 159 252 -1 173 246 174 -1 173 244 246 -1 243 245 176 -1 243 242 245 -1 8 278 48 -1 8 281 278 -1 115 126 114 -1 115 241 126 -1 35 203 136 -1 35 37 203 -1 239 265 190 -1 239 238 265 -1 240 190 265 -1 240 191 190 -1 34 42 135 -1 33 42 34 -1 161 30 66 -1 30 161 31 -1 27 7 185 -1 7 27 141 -1 25 21 103 -1 25 24 21 -1 11 186 12 -1 234 186 11 -1 26 96 22 -1 18 96 26 -1 204 97 100 -1 203 97 204 -1 203 41 97 -1 235 2 1 -1 235 236 2 -1 86 10 63 -1 86 11 10 -1' creaseAngle='1.571'>
            <Coordinate DEF='rpphal2_Coord' point='-6.7577 26.1186 4.3432 -6.7767 26.3536 4.2685 -6.8168 26.3541 4.2634 -6.5421 25.5705 4.5195 -6.4993 25.5627 4.5025 -6.5353 25.675 4.466 -6.576 25.6581 4.4724 -6.9052 26.0127 4.155 -6.9996 26.2131 4.0236 -6.8826 25.9999 4.1071 -6.6385 25.4489 4.2203 -6.6474 25.4443 4.2104 -6.6887 25.5556 4.2075 -6.6748 25.5609 4.2139 -6.6173 25.3772 4.19 -6.5876 25.3277 4.1794 -6.6044 25.3145 4.2303 -6.9043 26.4396 3.7625 -6.887 26.3297 3.7452 -6.9296 26.3452 3.7592 -6.8277 26.2522 3.8028 -6.8399 26.1342 3.9316 -6.8558 26.2428 3.7905 -6.9069 26.1522 3.943 -6.8627 26.1315 3.9261 -6.837 25.982 4.0623 -6.88 26.244 3.7941 -6.8459 25.7936 4.2776 -6.7601 25.5579 4.3314 -6.7566 25.5708 4.3638 -6.7255 25.451 4.3632 -6.7111 25.4767 4.388 -6.6761 26.1278 4.3301 -6.686 26.3491 4.2676 -6.7355 26.3531 4.2737 -6.7751 26.6748 4.1674 -6.7574 26.6986 4.1366 -6.7887 26.6828 4.1537 -6.8361 26.6703 4.1287 -6.7987 26.6887 4.1467 -6.812 26.6867 4.1292 -6.8303 26.67 4.1548 -6.6845 26.4788 4.2398 -6.677 26.623 4.1962 -6.7369 26.6305 4.2109 -6.6691 26.674 4.1515 -6.7186 26.6984 4.1213 -6.6971 26.6561 4.176 -6.9611 26.184 3.9728 -6.5521 25.2724 4.185 -6.5213 25.3871 4.2262 -6.4998 25.3328 4.2329 -6.3785 25.5372 4.4369 -6.4529 25.5786 4.4618 -6.4467 25.5667 4.4649 -6.3929 25.5364 4.4136 -6.6741 25.3075 4.3353 -6.6336 25.229 4.3266 -6.6567 25.2532 4.3567 -6.4719 25.4235 4.294 -6.4801 25.4326 4.2965 -6.465 25.4272 4.2971 -6.4759 25.437 4.3027 -6.6187 25.4212 4.2156 -6.5735 25.4039 4.2291 -6.5728 25.4083 4.2168 -6.716 25.399 4.3718 -6.692 25.3591 4.3213 -6.6947 25.3077 4.3808 -6.3467 25.5042 4.3917 -6.3362 25.4945 4.3883 -6.4007 25.476 4.3391 -6.4085 25.4833 4.3445 -6.4732 25.4917 4.5314 -6.4986 25.5188 4.5327 -6.5057 25.5015 4.5423 -6.532 25.501 4.5428 -6.4796 25.4382 4.5613 -6.3513 25.4977 4.4431 -6.4029 25.4923 4.4834 -6.3424 25.4616 4.4621 -6.3165 25.4695 4.4278 -6.3133 25.4589 4.4044 -6.337 25.4997 4.4096 -6.6499 25.4207 4.2198 -6.6108 25.3947 4.1881 -6.6346 25.4231 4.2063 -6.6569 25.2468 4.3701 -6.6312 25.227 4.3431 -6.9579 26.4419 3.7776 -6.9443 26.4613 3.788 -6.8887 26.4638 3.8036 -6.9002 26.464 3.7783 -6.8536 26.455 3.7712 -6.7965 26.3553 3.7658 -6.8285 26.3384 3.7525 -6.8629 26.3333 3.7421 -6.8737 26.6367 4.1531 -6.9567 26.5678 4.1262 -6.9695 26.534 4.1556 -6.8626 26.5829 4.1919 -6.6952 25.7799 4.1817 -6.7538 25.7709 4.1534 -6.8033 25.9774 4.0641 -6.7455 26.0113 4.1081 -6.5905 25.4948 4.4945 -6.5755 25.4661 4.5031 -6.5026 25.4291 4.5583 -6.5179 25.3775 4.5261 -6.4744 25.4144 4.5593 -6.5502 25.4185 4.5268 -6.9497 26.5102 4.0002 -7.0436 26.5109 3.977 -7.0064 26.5259 4.0545 -6.8383 26.5826 4.0572 -6.7726 26.691 4.116 -6.8928 26.5528 4.0477 -6.8432 26.519 3.9973 -6.9196 26.4756 3.8941 -6.957 26.4925 3.9416 -6.8075 26.4922 3.8811 -6.8579 26.4746 3.8765 -6.7424 26.5496 3.9357 -6.7664 26.517 3.8988 -6.7507 26.5967 4.0161 -6.7318 26.5753 3.9704 -6.7886 26.6058 4.0494 -7.0104 26.3685 3.8206 -7.002 26.4531 3.7999 -6.7786 26.491 3.8062 -6.7133 26.522 3.8495 -6.7334 26.3991 3.8197 -6.6673 26.4452 3.8783 -6.6578 26.5843 3.921 -6.6343 26.5565 3.935 -6.7709 26.4815 4.2454 -6.7982 26.6101 4.2067 -7.0077 26.2437 4.0922 -7.0148 26.3974 4.1393 -7.059 26.3449 4.0474 -6.9834 26.2932 4.1837 -6.9208 26.0216 4.188 -6.5976 26.283 4.1071 -6.5745 26.4043 4.0217 -6.5547 26.4406 4.0921 -6.59 26.329 4.158 -6.7937 26.2675 3.8278 -6.5705 25.5665 4.5149 -6.6032 25.6468 4.4767 -6.3626 25.4275 4.5023 -6.4266 25.4424 4.5387 -6.3918 25.4233 4.5279 -6.5651 25.2709 4.1873 -6.5667 25.2332 4.2251 -6.6713 25.4123 4.2637 -6.7171 25.5998 4.4243 -6.8239 25.8341 4.3601 -6.6625 25.6249 4.4642 -6.6159 25.5392 4.4796 -6.6477 25.4765 4.4527 -6.671 25.5156 4.4393 -6.6975 25.4349 4.4021 -6.6716 25.3501 4.4331 -6.6856 25.3031 4.4044 -6.6383 25.2959 4.4328 -6.4455 25.5908 4.3983 -6.4431 25.5921 4.41 -6.4 25.531 4.4069 -6.5283 25.3932 4.2252 -6.4432 25.4985 4.3656 -6.4972 25.4498 4.3129 -6.5802 25.3512 4.1736 -6.3952 25.3254 4.4428 -6.4807 25.3197 4.3947 -6.4527 25.3367 4.3491 -6.3677 25.3659 4.3852 -6.5319 25.3231 4.4441 -6.4555 25.3395 4.4958 -6.3818 25.4305 4.3479 -6.4481 25.3938 4.3012 -6.6427 25.5723 4.2289 -6.6089 25.4601 4.2445 -6.7567 25.5574 4.3014 -6.8125 25.7714 4.1898 -6.728 25.5471 4.2518 -6.8311 25.7838 4.2388 -6.7059 25.5396 4.2128 -6.7821 25.7658 4.1505 -6.5947 25.2132 4.2907 -6.565 25.8623 4.279 -6.55 25.8899 4.3124 -6.4907 25.6847 4.3887 -6.5218 25.6485 4.345 -6.4521 25.4226 4.5568 -6.4192 25.398 4.5531 -6.4874 25.5536 4.5024 -6.3069 25.4254 4.452 -6.5028 25.6852 4.4326 -6.9255 26.2623 3.8226 -6.5747 26.5832 4.1182 -6.5664 26.4742 4.1786 -6.5604 26.4596 4.1365 -6.6292 26.3447 4.2495 -6.8193 26.6481 4.1711 -6.8307 26.5964 4.1992 -7.0594 26.5027 3.9744 -7.0799 26.4324 4.0107 -7.0346 26.4868 4.1063 -7.0188 26.5179 4.0712 -6.8706 26.6404 4.1239 -6.5337 25.5106 4.3079 -6.4288 25.3836 4.5527 -6.5769 25.4526 4.5187 -6.6243 26.1234 4.2902 -6.7348 26.3113 3.8937 -6.75 26.1848 3.9908 -6.8167 26.1473 3.9514 -6.5902 26.3427 4.1916 -6.6031 26.4745 4.2166 -6.9868 26.4692 3.8134 -6.6038 26.6036 4.0038 -6.562 26.5402 4.0421 -6.584 26.4969 3.9649 -6.8713 26.4686 3.7817 -6.6865 25.3772 4.4281 -6.6838 25.3932 4.4161 -6.515 25.5348 4.5325 -6.4526 25.3904 4.2975 -6.6367 25.4326 4.4749 -6.6183 25.3876 4.4779 -6.6134 25.3905 4.4818 -6.7183 25.442 4.324 -6.6857 25.4388 4.2661 -6.6149 25.9129 4.3914 -6.6599 25.4403 4.2195 -6.8097 26.4782 4.2369 -6.8396 26.4756 4.2303 -6.4842 25.5603 4.3543 -6.5929 26.1269 4.2474 -6.5912 26.12 4.231 -6.4899 25.688 4.3998 -6.7385 26.6915 4.1023 -6.5874 25.3477 4.4759 -6.5826 25.3509 4.4795 -6.4856 25.3172 4.3913 -6.5365 25.3201 4.44 -6.4572 25.3337 4.3454 -6.5552 25.2313 4.2267 -6.585 25.2085 4.2993 -6.3331 25.3773 4.5023 -6.2985 25.4026 4.431 -6.3259 25.3588 4.4891 -6.6342 25.4488 4.4608 -6.6516 26.6335 3.9773 -6.6355 26.6321 3.9793 -6.6722 26.5894 3.9234 -6.6799 26.6632 4.0287 -6.6596 26.6673 4.0423 -6.9424 26.5767 4.1018 -7.0366 26.4933 3.8918 -7.055 26.4826 3.8854 -6.7839 26.5007 3.8161 -6.727 26.5285 3.8557 -6.6235 26.6164 4.183 -6.5769 25.9101 4.3554 -6.5508 25.8938 4.3242 -6.76 25.8672 4.4051 -6.6307 25.8141 4.2282 -6.6738 26.0395 4.1562 -6.5726 25.6081 4.292 -7.0708 26.4035 3.9103 -6.6197 26.6526 4.0842 -6.6065 26.0936 4.2006 -6.9042 26.0628 4.2802 -6.8349 26.0967 4.327 -6.6908 25.8908 4.4111 -6.9495 26.4389 4.1968 -6.9139 26.3353 4.2404 -6.985 26.2789 3.8787 -6.677 26.2332 4.0434 -6.6624 26.3573 3.9503 -7.0543 26.3046 3.9705 -6.3812 25.3831 4.537 -6.546 25.2434 4.3373 -6.5053 25.269 4.2677 -6.5974 25.2641 4.3981 -6.389 25.365 4.5373'/>
          </IndexedFaceSet>
        </Shape>
        <Shape DEF='rpphal3'>
          <Appearance>
            <PhysicalMaterial baseColor='1 0.9765 0.8667' metallic='0' roughness='0.72'/>
          </Appearance>
          <IndexedFaceSet DEF='rpphal3_Geo' coordIndex='0 1 2 -1 3 4 5 -1 6 7 8 -1 6 9 7 -1 10 11 12 -1 13 14 15 -1 16 17 18 -1 19 20 21 -1 3 22 4 -1 23 24 25 -1 25 26 23 -1 27 28 29 -1 27 30 28 -1 31 32 25 -1 33 34 35 -1 35 36 33 -1 37 38 39 -1 38 40 39 -1 41 42 43 -1 41 44 45 -1 41 46 42 -1 41 47 48 -1 41 45 49 -1 41 50 51 -1 41 52 53 -1 41 54 44 -1 41 43 55 -1 56 57 58 -1 56 53 57 -1 59 60 61 -1 62 63 64 -1 65 66 67 -1 65 68 66 -1 69 70 71 -1 72 73 74 -1 74 75 72 -1 76 77 78 -1 78 79 76 -1 80 81 82 -1 82 4 80 -1 83 84 85 -1 84 18 85 -1 86 87 88 -1 87 89 88 -1 90 9 38 -1 9 6 38 -1 18 17 91 -1 92 5 93 -1 92 3 5 -1 94 95 96 -1 96 97 94 -1 31 28 98 -1 22 3 88 -1 31 29 28 -1 31 99 32 -1 31 100 101 -1 102 91 80 -1 102 103 91 -1 104 105 106 -1 106 103 102 -1 107 104 106 -1 12 30 10 -1 30 108 10 -1 11 109 110 -1 111 112 113 -1 111 114 112 -1 115 116 2 -1 115 117 116 -1 77 2 118 -1 2 116 118 -1 106 22 107 -1 106 119 103 -1 106 102 22 -1 105 120 106 -1 106 120 119 -1 80 4 22 -1 22 102 80 -1 17 121 122 -1 123 124 125 -1 123 126 124 -1 31 127 100 -1 31 101 99 -1 31 25 24 -1 31 98 127 -1 128 59 129 -1 129 130 128 -1 131 132 133 -1 131 134 132 -1 135 136 137 -1 94 97 138 -1 138 139 94 -1 21 16 84 -1 16 18 84 -1 26 78 140 -1 26 79 78 -1 141 126 142 -1 141 124 126 -1 92 115 86 -1 115 143 86 -1 72 79 73 -1 79 26 73 -1 144 145 140 -1 140 78 144 -1 141 146 124 -1 146 62 124 -1 62 147 63 -1 62 146 147 -1 59 148 60 -1 59 128 148 -1 54 149 150 -1 54 48 149 -1 41 51 52 -1 41 49 50 -1 41 56 46 -1 41 48 54 -1 41 53 56 -1 29 31 24 -1 151 4 82 -1 151 5 4 -1 151 82 152 -1 121 17 16 -1 47 41 55 -1 21 84 19 -1 110 153 11 -1 8 93 5 -1 8 7 93 -1 154 10 108 -1 122 155 156 -1 157 158 159 -1 158 157 160 -1 160 161 162 -1 161 160 157 -1 163 164 165 -1 163 166 164 -1 167 135 137 -1 167 168 135 -1 169 170 171 -1 169 13 170 -1 121 155 122 -1 171 155 121 -1 154 172 10 -1 173 172 154 -1 10 109 11 -1 10 172 109 -1 16 20 169 -1 16 21 20 -1 92 88 3 -1 86 88 92 -1 32 74 73 -1 74 32 99 -1 101 174 175 -1 174 101 100 -1 176 98 12 -1 176 127 98 -1 23 177 27 -1 177 23 178 -1 179 123 180 -1 179 181 123 -1 182 50 183 -1 51 50 182 -1 49 184 185 -1 49 45 184 -1 149 47 186 -1 48 47 149 -1 42 187 188 -1 42 46 187 -1 134 69 189 -1 134 131 69 -1 138 60 148 -1 138 97 60 -1 190 182 191 -1 182 190 192 -1 90 37 193 -1 90 38 37 -1 194 195 196 -1 194 197 195 -1 198 146 199 -1 146 198 147 -1 200 201 202 -1 203 201 200 -1 204 205 206 -1 205 204 207 -1 208 209 210 -1 208 211 209 -1 212 213 214 -1 215 213 212 -1 145 142 126 -1 144 142 145 -1 140 23 26 -1 140 178 23 -1 216 174 217 -1 216 175 174 -1 2 143 115 -1 1 143 2 -1 218 219 220 -1 218 221 219 -1 222 223 224 -1 222 225 223 -1 63 215 212 -1 215 63 147 -1 108 27 177 -1 27 108 30 -1 12 153 176 -1 12 11 153 -1 226 227 228 -1 226 229 227 -1 230 190 231 -1 230 232 190 -1 233 234 235 -1 233 191 234 -1 236 237 238 -1 236 239 237 -1 133 240 131 -1 133 241 240 -1 236 139 242 -1 236 94 139 -1 243 239 244 -1 235 239 243 -1 233 245 231 -1 233 246 245 -1 247 248 249 -1 247 135 248 -1 250 207 251 -1 209 207 250 -1 107 88 89 -1 107 22 88 -1 105 219 221 -1 105 104 219 -1 157 252 161 -1 253 252 157 -1 254 165 255 -1 254 162 165 -1 256 156 257 -1 256 258 156 -1 226 259 260 -1 226 230 259 -1 234 185 237 -1 183 185 234 -1 184 95 238 -1 184 261 95 -1 96 149 61 -1 150 149 96 -1 262 263 186 -1 262 241 263 -1 240 188 70 -1 264 188 240 -1 187 228 227 -1 187 58 228 -1 265 189 213 -1 265 134 189 -1 130 266 267 -1 130 132 266 -1 148 268 138 -1 268 148 224 -1 269 242 139 -1 270 242 269 -1 270 244 242 -1 270 271 244 -1 243 272 246 -1 273 272 243 -1 274 275 276 -1 275 274 214 -1 260 277 278 -1 260 259 277 -1 229 260 276 -1 260 229 226 -1 275 69 71 -1 275 189 69 -1 133 130 129 -1 132 130 133 -1 64 212 279 -1 212 64 63 -1 201 280 125 -1 280 201 203 -1 281 64 279 -1 281 202 64 -1 282 202 281 -1 282 200 202 -1 283 277 284 -1 282 277 283 -1 272 283 284 -1 272 251 283 -1 207 283 251 -1 207 204 283 -1 248 206 205 -1 206 248 285 -1 271 286 287 -1 271 270 286 -1 250 210 209 -1 250 287 210 -1 270 288 286 -1 269 288 270 -1 40 33 65 -1 33 40 34 -1 289 194 112 -1 197 194 289 -1 290 198 196 -1 198 290 291 -1 292 193 225 -1 195 193 292 -1 293 67 288 -1 67 293 39 -1 293 224 223 -1 293 268 224 -1 290 267 266 -1 292 267 290 -1 291 266 265 -1 290 266 291 -1 177 167 108 -1 177 179 167 -1 179 168 167 -1 179 180 168 -1 168 280 285 -1 180 280 168 -1 294 220 87 -1 294 295 220 -1 296 82 81 -1 296 152 82 -1 119 85 18 -1 119 120 85 -1 120 221 85 -1 120 105 221 -1 33 258 256 -1 258 33 36 -1 258 152 296 -1 258 36 152 -1 256 65 33 -1 68 65 256 -1 156 296 122 -1 296 156 258 -1 297 135 247 -1 297 136 135 -1 7 289 298 -1 289 7 9 -1 298 93 7 -1 298 117 93 -1 116 111 118 -1 114 111 116 -1 77 144 78 -1 77 118 144 -1 1 294 143 -1 1 166 294 -1 164 76 299 -1 76 164 0 -1 255 164 299 -1 255 165 164 -1 217 254 216 -1 217 300 254 -1 153 300 217 -1 110 300 153 -1 294 163 295 -1 166 163 294 -1 253 159 19 -1 253 157 159 -1 141 199 146 -1 141 113 199 -1 194 113 112 -1 194 199 113 -1 83 19 84 -1 83 253 19 -1 218 253 83 -1 218 252 253 -1 110 160 300 -1 110 158 160 -1 216 255 75 -1 216 254 255 -1 255 72 75 -1 255 299 72 -1 79 299 76 -1 79 72 299 -1 92 117 115 -1 117 92 93 -1 144 111 142 -1 144 118 111 -1 114 117 298 -1 114 116 117 -1 112 298 289 -1 112 114 298 -1 113 142 111 -1 142 113 141 -1 109 158 110 -1 15 158 109 -1 171 297 155 -1 297 171 170 -1 136 154 137 -1 136 173 154 -1 247 155 297 -1 155 247 156 -1 156 249 257 -1 156 247 249 -1 135 285 248 -1 135 168 285 -1 35 152 36 -1 152 35 151 -1 91 119 18 -1 103 119 91 -1 122 81 17 -1 122 296 81 -1 126 181 145 -1 126 123 181 -1 178 145 181 -1 140 145 178 -1 265 215 291 -1 265 213 215 -1 225 267 292 -1 222 267 225 -1 268 288 269 -1 288 268 293 -1 223 39 293 -1 37 39 223 -1 196 292 290 -1 196 195 292 -1 291 147 198 -1 147 291 215 -1 289 90 197 -1 9 90 289 -1 66 288 67 -1 286 288 66 -1 66 287 286 -1 287 66 210 -1 273 287 250 -1 271 287 273 -1 211 257 249 -1 211 208 257 -1 204 282 283 -1 282 204 200 -1 251 273 250 -1 272 273 251 -1 285 203 206 -1 203 285 280 -1 278 282 281 -1 278 277 282 -1 281 274 278 -1 279 274 281 -1 125 62 201 -1 124 62 125 -1 214 279 212 -1 214 274 279 -1 276 71 229 -1 276 275 71 -1 259 284 277 -1 284 259 245 -1 278 276 260 -1 276 278 274 -1 284 246 272 -1 284 245 246 -1 244 273 243 -1 271 273 244 -1 139 268 269 -1 268 139 138 -1 263 59 61 -1 263 129 59 -1 222 130 267 -1 222 128 130 -1 266 134 265 -1 266 132 134 -1 57 52 192 -1 53 52 57 -1 227 188 187 -1 188 227 70 -1 241 264 240 -1 262 264 241 -1 61 186 263 -1 149 186 61 -1 261 96 95 -1 261 150 96 -1 238 185 184 -1 185 238 237 -1 183 191 182 -1 183 234 191 -1 220 252 218 -1 252 220 295 -1 257 68 256 -1 208 68 257 -1 300 162 254 -1 300 160 162 -1 161 295 163 -1 252 295 161 -1 104 89 219 -1 104 107 89 -1 87 143 294 -1 87 86 143 -1 205 249 248 -1 249 205 211 -1 230 245 259 -1 230 231 245 -1 246 235 243 -1 233 235 246 -1 242 239 236 -1 239 242 244 -1 70 229 71 -1 227 229 70 -1 129 241 133 -1 129 263 241 -1 238 94 236 -1 94 238 95 -1 235 237 239 -1 235 234 237 -1 231 191 233 -1 231 190 191 -1 228 230 226 -1 228 232 230 -1 151 8 5 -1 35 8 151 -1 136 170 173 -1 136 297 170 -1 224 128 222 -1 224 148 128 -1 193 223 225 -1 37 223 193 -1 6 35 34 -1 8 35 6 -1 219 87 220 -1 87 219 89 -1 83 221 218 -1 83 85 221 -1 80 17 81 -1 80 91 17 -1 77 0 2 -1 76 0 77 -1 175 75 74 -1 216 75 175 -1 217 176 153 -1 217 174 176 -1 214 189 275 -1 214 213 189 -1 39 65 67 -1 65 39 40 -1 68 210 66 -1 68 208 210 -1 211 207 209 -1 211 205 207 -1 206 200 204 -1 206 203 200 -1 202 62 64 -1 201 62 202 -1 199 196 198 -1 199 194 196 -1 193 197 90 -1 197 193 195 -1 58 232 228 -1 58 57 232 -1 232 192 190 -1 232 57 192 -1 60 96 61 -1 97 96 60 -1 69 240 70 -1 131 240 69 -1 46 58 187 -1 46 56 58 -1 188 43 42 -1 43 188 264 -1 186 55 262 -1 186 47 55 -1 45 261 184 -1 45 44 261 -1 183 49 185 -1 50 49 183 -1 192 51 182 -1 52 51 192 -1 44 150 261 -1 150 44 54 -1 43 262 55 -1 264 262 43 -1 38 34 40 -1 38 6 34 -1 180 125 280 -1 180 123 125 -1 177 181 179 -1 177 178 181 -1 27 24 23 -1 27 29 24 -1 98 30 12 -1 98 28 30 -1 174 127 176 -1 174 100 127 -1 99 175 74 -1 175 99 101 -1 25 73 26 -1 73 25 32 -1 14 19 159 -1 14 20 19 -1 14 169 20 -1 169 14 13 -1 137 108 167 -1 154 108 137 -1 169 121 16 -1 121 169 171 -1 173 13 172 -1 170 13 173 -1 166 0 164 -1 1 0 166 -1 163 162 161 -1 163 165 162 -1 159 15 14 -1 159 158 15 -1 172 15 109 -1 15 172 13 -1' creaseAngle='1.571'>
            <Coordinate DEF='rpphal3_Coord' point='-6.5672 25.2023 3.3552 -6.5699 25.1999 3.3459 -6.5796 25.1999 3.3558 -6.6624 25.1549 3.1821 -6.6974 25.1349 3.2003 -6.7056 25.1976 3.2058 -6.9374 25.5827 3.2131 -6.7701 25.303 3.2304 -6.7821 25.2983 3.2327 -6.9216 25.5899 3.2271 -6.5689 25.0138 3.5186 -6.5543 24.9982 3.5152 -6.5506 25.0075 3.5276 -6.6552 25.0206 3.4055 -6.6451 25.0041 3.4005 -6.6429 25.005 3.4085 -6.6529 24.9889 3.2795 -6.6853 25.0166 3.2581 -6.5961 24.9759 3.2222 -6.5666 24.9795 3.3007 -6.6497 24.9879 3.3261 -6.6415 24.9751 3.2804 -6.6328 25.1197 3.1742 -6.5509 25.2162 3.5565 -6.5226 25.1695 3.5357 -6.503 25.183 3.5309 -6.5148 25.2546 3.5346 -6.5857 25.1759 3.5656 -6.548 25.097 3.5416 -6.5465 25.1448 3.5435 -6.5826 25.0868 3.5445 -6.4981 25.12 3.526 -6.459 25.1789 3.5166 -7.0164 25.5524 3.2391 -6.9736 25.5687 3.2203 -6.8024 25.2903 3.238 -6.8294 25.2809 3.2553 -7.1134 25.9716 3.1429 -7.0531 25.8158 3.1795 -7.195 25.9384 3.1536 -7.1109 25.7927 3.1978 -7.2968 26.2592 3.3738 -7.2507 26.2875 3.3967 -7.2493 26.2866 3.3756 -7.3261 26.2383 3.3239 -7.3427 26.2303 3.3434 -7.2575 26.2848 3.412 -7.2685 26.2716 3.3273 -7.2863 26.2607 3.3183 -7.3498 26.2279 3.364 -7.3436 26.2337 3.3909 -7.3334 26.2412 3.4104 -7.315 26.2529 3.4252 -7.2959 26.2643 3.4298 -7.3046 26.25 3.3158 -7.2532 26.2822 3.3498 -7.2756 26.2754 3.4233 -7.3002 26.2791 3.4894 -7.2653 26.3045 3.4765 -7.2368 26.302 3.1475 -7.2521 26.297 3.1408 -7.2518 26.3019 3.1565 -6.9075 25.9062 3.5209 -6.9398 26.0626 3.5142 -6.9517 26.0614 3.537 -7.1686 25.7696 3.2161 -7.3329 25.8889 3.2679 -7.2714 25.9104 3.1874 -7.2282 25.7445 3.2724 -7.1407 26.3866 3.4323 -7.1653 26.3868 3.437 -7.1433 26.3912 3.4497 -6.4286 25.237 3.4904 -6.4281 25.2349 3.5035 -6.3836 25.1784 3.5002 -6.3836 25.1765 3.486 -6.5363 25.2406 3.4384 -6.5478 25.241 3.4441 -6.5269 25.2646 3.5251 -6.5102 25.258 3.5201 -6.7049 25.0803 3.2138 -6.7287 25.0912 3.233 -6.7235 25.1433 3.2142 -6.5314 24.9909 3.1906 -6.5888 24.9653 3.2303 -6.5398 24.9976 3.181 -6.6137 25.1709 3.1664 -6.5587 25.1443 3.1457 -6.6191 25.1593 3.1574 -6.567 25.134 3.141 -7.0266 25.8279 3.1936 -6.662 25.0167 3.2305 -6.6422 25.1768 3.1843 -6.6901 25.2033 3.2064 -7.4422 26.2275 3.1773 -7.4394 26.2353 3.1855 -7.3495 26.2704 3.1553 -7.3485 26.2662 3.1436 -6.5296 25.0672 3.5302 -6.4349 25.1501 3.5133 -6.4447 25.066 3.5124 -6.4287 25.1138 3.511 -6.6466 25.0797 3.1962 -6.6347 25.0392 3.2074 -6.5576 25.0806 3.1552 -6.545 25.0532 3.161 -6.5956 25.068 3.1786 -6.5857 25.1081 3.1563 -6.5967 25.0859 3.5378 -6.6032 25.0067 3.4824 -6.5158 24.999 3.4593 -6.6777 25.3473 3.4609 -6.87 25.6082 3.3647 -6.8308 25.6359 3.4467 -6.7042 25.3269 3.3756 -6.606 25.1906 3.2538 -6.6377 25.2481 3.3684 -6.6667 25.2237 3.2731 -6.6078 25.2713 3.4573 -6.5929 25.0145 3.2049 -6.5562 25.0189 3.1813 -6.685 25.0222 3.2876 -6.7642 25.1177 3.3034 -6.6992 25.3635 3.5585 -6.8134 25.6613 3.5276 -6.8507 25.6495 3.553 -6.6704 25.378 3.5471 -6.4901 25.0464 3.5222 -7.2108 26.2824 3.1283 -7.1912 26.3183 3.2038 -7.1702 26.2992 3.1958 -7.1379 26.3678 3.3782 -7.144 26.3217 3.3004 -7.1599 26.3377 3.301 -7.1072 26.3507 3.3748 -6.837 25.2685 3.4968 -6.7056 25.1299 3.4868 -6.6957 25.1551 3.5194 -7.3401 26.2406 3.1187 -7.4372 26.1953 3.1646 -6.5292 25.263 3.5383 -6.8062 25.6607 3.5094 -6.6629 25.3805 3.5332 -6.5919 25.1922 3.2475 -6.5884 25.2974 3.5302 -6.5918 25.2934 3.544 -6.906 25.9056 3.4958 -6.9494 26.061 3.4759 -7.2409 26.2726 3.1079 -7.2798 26.2706 3.263 -7.3193 26.2541 3.2575 -6.7285 25.1899 3.2144 -6.7476 25.1801 3.2271 -6.4937 24.9979 3.5076 -6.6189 25.0695 3.5189 -6.7517 25.106 3.3366 -6.8782 25.2453 3.3523 -6.5024 25.0272 3.3453 -6.5496 25.0036 3.3768 -6.5533 25.0016 3.3673 -6.4984 25.0289 3.3545 -6.4731 25.0792 3.3216 -6.4696 25.081 3.3312 -6.4779 25.1273 3.3168 -6.5038 25.1707 3.3323 -6.4749 25.1288 3.3247 -6.5072 25.168 3.3232 -6.6869 25.1832 3.5419 -6.7836 25.3021 3.5523 -6.6639 25.0059 3.3243 -6.6694 25.0372 3.4069 -6.6858 25.029 3.3248 -6.6159 25.0228 3.4851 -6.6382 25.0481 3.486 -6.4186 25.0363 3.5025 -6.379 25.1024 3.4993 -6.4877 25.0057 3.5181 -6.6014 25.1904 3.5697 -6.5647 25.2284 3.56 -6.6645 25.2444 3.5641 -6.7383 25.3413 3.5655 -6.6258 25.2772 3.559 -7.3673 26.2309 3.4481 -7.3933 26.2132 3.4077 -7.393 26.2109 3.3144 -7.4066 26.2052 3.3539 -7.243 26.2889 3.2805 -7.2288 26.3222 3.4461 -7.2113 26.327 3.4184 -7.086 26.3688 3.4297 -7.3892 26.2768 3.573 -7.4423 26.2289 3.5246 -7.3366 26.2527 3.4753 -7.0822 25.9851 3.1607 -6.9781 25.852 3.3434 -7.0518 25.9948 3.2263 -7.0295 26.0126 3.3266 -7.0081 25.8398 3.2519 -6.9849 26.0401 3.4051 -6.9361 25.8721 3.427 -7.1246 25.9831 3.6118 -6.9691 25.8801 3.5648 -7.0291 26.0298 3.5852 -7.0528 25.8355 3.5906 -7.2276 25.937 3.5928 -7.2004 25.7682 3.5273 -7.1367 25.7916 3.5742 -7.2908 25.9049 3.5411 -7.2503 25.7288 3.3573 -7.333 25.881 3.4593 -7.3532 25.873 3.353 -7.2385 25.7409 3.4543 -6.971 26.1873 3.503 -7.0293 26.3027 3.4396 -7.0237 26.3069 3.4898 -6.9795 26.1839 3.4578 -6.3777 25.1012 3.4872 -6.4195 25.0325 3.4911 -6.5079 25.0445 3.1548 -6.5291 25.0881 3.1355 -6.516 25.095 3.142 -6.5201 25.0463 3.1475 -7.172 26.2202 3.1176 -7.163 26.1074 3.1082 -7.2071 26.2093 3.094 -7.1296 26.1213 3.1285 -7.2339 26.3662 3.5544 -7.1882 26.3856 3.4831 -7.2438 26.363 3.5403 -7.1683 26.389 3.4966 -7.3152 26.3189 3.602 -7.3905 26.2703 3.5849 -7.3188 26.3216 3.5828 -7.4471 26.2186 3.5321 -7.4719 26.1933 3.4509 -7.4784 26.182 3.4549 -7.4857 26.1956 3.2552 -7.4906 26.1842 3.3527 -7.4807 26.2048 3.2619 -7.4975 26.1733 3.3526 -7.1585 26.3674 3.3815 -7.1743 26.336 3.3072 -7.4891 26.1634 3.2529 -7.4786 26.1616 3.4594 -7.4977 26.1437 3.3528 -7.3797 26.235 3.6043 -7.4405 26.1908 3.5414 -6.8675 25.2524 3.4309 -7.0505 25.5454 3.5183 -7.0882 25.5251 3.4471 -7.4039 25.9948 3.465 -7.3625 26.0255 3.5522 -6.4817 25.0576 3.2405 -6.5091 25.0075 3.2706 -6.4179 25.0887 3.4111 -6.4228 25.1607 3.4069 -7.0721 25.5339 3.2803 -7.0981 25.5239 3.3579 -6.8576 25.26 3.2892 -7.2836 26.2938 3.6285 -7.1943 26.3409 3.5921 -7.3641 26.2333 3.2742 -7.2152 26.3086 3.3251 -7.2027 26.3188 3.2181 -7.2072 26.3224 3.3764 -7.0625 26.2894 3.3746 -7.1058 26.2645 3.2974 -7.1289 26.2301 3.1929 -7.3057 26.17 3.102 -7.4085 26.1177 3.1584 -7.4622 26.0922 3.256 -7.4757 26.0859 3.3525 -7.4148 26.1189 3.5562 -7.4544 26.0972 3.4637 -7.0481 26.2987 3.5398 -7.0801 26.3751 3.4766 -7.1054 26.3713 3.5221 -7.2334 26.2231 3.651 -7.1335 26.2689 3.6141 -6.9952 26.1892 3.5457 -6.9279 25.6171 3.5765 -7.0814 26.1559 3.6066 -7.1813 26.1099 3.6339 -7.2918 26.06 3.6121 -7.3501 26.165 3.6208 -6.9912 25.5812 3.5673 -7.4116 25.9995 3.2652 -7.4254 25.9855 3.349 -7.356 26.0364 3.1716 -6.9046 25.5962 3.2737 -7.0705 26.1498 3.3118 -7.0186 26.1645 3.3894 -7.0906 26.1276 3.2043 -7.2626 26.0681 3.1168 -6.5266 25.1562 3.2264 -6.4863 25.1055 3.2271 -6.7696 25.1472 3.2608 -6.7314 25.1077 3.4142 -6.7373 25.3082 3.2881 -6.4572 25.2095 3.4097 -6.4517 25.0304 3.4317'/>
          </IndexedFaceSet>
        </Shape>
        <Shape DEF='rpphal4'>
          <Appearance>
            <PhysicalMaterial baseColor='1 0.9765 0.8667' metallic='0' roughness='0.72'/>
          </Appearance>
          <IndexedFaceSet DEF='rpphal4_Geo' coordIndex='0 1 2 -1 2 3 0 -1 4 5 6 -1 7 8 6 -1 9 10 6 -1 11 12 6 -1 13 14 6 -1 15 16 17 -1 15 18 16 -1 19 20 21 -1 19 22 20 -1 23 24 25 -1 23 26 24 -1 27 28 29 -1 27 30 28 -1 31 32 33 -1 32 30 33 -1 34 35 36 -1 37 38 39 -1 37 40 38 -1 41 42 43 -1 41 44 45 -1 41 46 47 -1 41 48 49 -1 41 50 51 -1 41 52 53 -1 41 54 55 -1 56 57 58 -1 57 59 58 -1 60 61 62 -1 60 63 61 -1 64 65 66 -1 64 67 65 -1 68 66 65 -1 24 26 28 -1 69 70 71 -1 72 73 68 -1 73 66 68 -1 74 75 76 -1 74 77 75 -1 78 79 80 -1 70 81 71 -1 81 82 71 -1 83 61 84 -1 84 85 83 -1 86 57 87 -1 57 88 87 -1 89 90 91 -1 90 92 91 -1 93 94 95 -1 93 96 94 -1 97 16 18 -1 98 3 99 -1 100 101 102 -1 100 103 104 -1 100 105 106 -1 100 27 29 -1 107 108 109 -1 108 110 109 -1 111 112 113 -1 112 82 113 -1 111 114 115 -1 115 112 111 -1 116 0 3 -1 116 117 0 -1 118 119 104 -1 119 105 104 -1 106 30 27 -1 106 33 30 -1 99 2 120 -1 121 122 31 -1 121 34 122 -1 123 124 125 -1 124 126 125 -1 118 34 121 -1 123 125 127 -1 36 128 34 -1 99 3 2 -1 31 122 129 -1 122 130 131 -1 122 132 130 -1 133 110 108 -1 133 134 110 -1 29 101 100 -1 100 106 27 -1 100 104 105 -1 100 135 103 -1 135 100 102 -1 136 137 131 -1 136 138 137 -1 116 139 140 -1 116 3 139 -1 141 96 93 -1 93 142 141 -1 143 144 145 -1 143 146 144 -1 147 148 143 -1 143 149 147 -1 83 150 151 -1 83 85 150 -1 152 153 154 -1 153 155 154 -1 31 129 32 -1 154 156 157 -1 69 26 70 -1 69 28 26 -1 94 158 159 -1 154 157 160 -1 160 161 154 -1 162 155 63 -1 63 60 162 -1 163 161 160 -1 163 164 161 -1 41 165 54 -1 41 55 52 -1 41 53 50 -1 41 51 48 -1 41 49 46 -1 41 47 44 -1 41 45 42 -1 41 43 165 -1 57 56 88 -1 56 166 88 -1 35 167 168 -1 119 118 121 -1 123 169 124 -1 123 170 169 -1 167 35 118 -1 35 34 118 -1 14 4 6 -1 12 13 6 -1 10 11 6 -1 8 9 6 -1 5 7 6 -1 1 171 2 -1 170 171 1 -1 128 122 34 -1 132 122 128 -1 172 91 173 -1 172 174 91 -1 175 176 92 -1 177 176 175 -1 177 130 178 -1 177 175 130 -1 13 97 179 -1 12 97 13 -1 11 22 16 -1 10 22 11 -1 9 180 20 -1 8 180 9 -1 181 5 120 -1 5 181 7 -1 99 14 98 -1 14 99 4 -1 98 139 3 -1 98 179 139 -1 180 182 183 -1 180 181 182 -1 123 120 2 -1 127 120 123 -1 182 120 127 -1 181 120 182 -1 36 124 169 -1 36 35 124 -1 184 185 186 -1 184 187 185 -1 71 188 69 -1 189 188 71 -1 190 58 62 -1 190 56 58 -1 166 191 88 -1 166 192 191 -1 193 194 195 -1 193 196 194 -1 197 198 199 -1 197 200 198 -1 201 202 203 -1 201 204 202 -1 42 205 206 -1 45 205 42 -1 202 46 207 -1 46 202 47 -1 208 48 209 -1 48 208 49 -1 152 51 50 -1 152 210 51 -1 53 211 153 -1 52 211 53 -1 84 54 85 -1 54 84 55 -1 165 212 150 -1 43 212 165 -1 164 95 213 -1 95 164 163 -1 154 162 156 -1 154 155 162 -1 190 151 214 -1 190 83 151 -1 215 159 158 -1 215 203 159 -1 216 217 218 -1 216 219 217 -1 213 94 159 -1 95 94 213 -1 201 215 220 -1 215 201 203 -1 221 96 141 -1 222 96 221 -1 221 223 198 -1 221 64 223 -1 224 225 226 -1 225 224 227 -1 228 229 230 -1 231 229 228 -1 232 147 233 -1 234 147 232 -1 148 38 235 -1 38 148 39 -1 137 32 129 -1 32 137 236 -1 237 138 238 -1 239 138 237 -1 216 212 206 -1 240 212 216 -1 205 201 219 -1 205 204 201 -1 203 207 159 -1 202 207 203 -1 209 213 208 -1 209 164 213 -1 154 210 152 -1 210 154 161 -1 153 63 155 -1 153 211 63 -1 241 160 40 -1 241 163 160 -1 242 243 149 -1 243 242 244 -1 233 149 243 -1 149 233 147 -1 245 230 229 -1 245 246 230 -1 247 145 59 -1 247 242 145 -1 246 79 78 -1 246 245 79 -1 248 249 250 -1 80 249 248 -1 172 248 250 -1 172 173 248 -1 251 88 191 -1 88 251 87 -1 252 174 251 -1 253 174 252 -1 252 254 253 -1 255 254 252 -1 256 90 89 -1 256 238 90 -1 257 254 258 -1 256 254 257 -1 194 259 255 -1 259 194 199 -1 259 198 223 -1 198 259 199 -1 258 72 257 -1 258 73 72 -1 260 261 262 -1 260 263 261 -1 264 68 265 -1 227 68 264 -1 263 266 267 -1 263 265 266 -1 232 261 268 -1 231 261 232 -1 268 269 270 -1 268 267 269 -1 67 266 65 -1 67 271 266 -1 270 39 234 -1 270 37 39 -1 272 270 269 -1 272 37 270 -1 58 145 144 -1 59 145 58 -1 235 143 148 -1 143 235 146 -1 272 93 241 -1 272 142 93 -1 196 218 217 -1 193 218 196 -1 192 214 273 -1 192 166 214 -1 144 62 58 -1 144 60 62 -1 146 156 162 -1 146 235 156 -1 163 93 95 -1 93 163 241 -1 140 77 274 -1 75 77 140 -1 275 246 78 -1 275 274 246 -1 117 275 276 -1 275 117 116 -1 276 178 117 -1 276 177 178 -1 175 131 130 -1 175 136 131 -1 238 136 90 -1 238 138 136 -1 236 226 25 -1 226 236 239 -1 135 188 185 -1 188 135 102 -1 104 187 118 -1 104 103 187 -1 69 29 28 -1 101 29 69 -1 277 82 81 -1 82 277 113 -1 134 26 23 -1 134 133 26 -1 134 278 110 -1 134 279 278 -1 225 264 279 -1 227 264 225 -1 262 278 260 -1 262 280 278 -1 280 228 74 -1 280 262 228 -1 76 107 109 -1 15 107 76 -1 281 21 282 -1 281 19 21 -1 111 281 282 -1 111 113 281 -1 111 283 114 -1 283 111 282 -1 131 129 122 -1 129 131 137 -1 0 284 1 -1 0 285 284 -1 286 186 115 -1 186 286 184 -1 287 114 283 -1 287 288 114 -1 287 127 125 -1 287 182 127 -1 125 288 287 -1 126 288 125 -1 286 126 168 -1 286 288 126 -1 283 182 287 -1 283 183 182 -1 115 288 286 -1 115 114 288 -1 168 184 286 -1 167 184 168 -1 168 124 35 -1 124 168 126 -1 106 119 33 -1 119 106 105 -1 117 285 0 -1 117 178 285 -1 30 24 28 -1 30 32 24 -1 183 282 21 -1 183 283 282 -1 189 115 186 -1 189 112 115 -1 82 189 71 -1 82 112 189 -1 113 289 281 -1 113 277 289 -1 289 15 17 -1 289 107 15 -1 74 109 280 -1 76 109 74 -1 277 107 289 -1 277 108 107 -1 110 280 109 -1 280 110 278 -1 279 260 278 -1 264 260 279 -1 279 23 225 -1 23 279 134 -1 108 81 133 -1 108 277 81 -1 133 70 26 -1 133 81 70 -1 187 135 185 -1 187 103 135 -1 102 69 188 -1 102 101 69 -1 226 237 224 -1 226 239 237 -1 136 92 90 -1 136 175 92 -1 177 290 176 -1 177 276 290 -1 276 78 290 -1 78 276 275 -1 116 274 275 -1 274 116 140 -1 75 139 18 -1 139 75 140 -1 230 274 77 -1 274 230 246 -1 40 157 38 -1 40 160 157 -1 162 144 146 -1 144 162 60 -1 56 214 166 -1 56 190 214 -1 273 193 192 -1 193 273 218 -1 220 200 197 -1 215 200 220 -1 272 40 37 -1 272 241 40 -1 57 247 59 -1 247 57 86 -1 142 269 271 -1 142 272 269 -1 271 141 142 -1 67 141 271 -1 271 267 266 -1 267 271 269 -1 268 234 232 -1 268 270 234 -1 268 263 267 -1 261 263 268 -1 265 65 266 -1 68 65 265 -1 265 260 264 -1 260 265 263 -1 231 262 261 -1 228 262 231 -1 223 258 259 -1 73 258 223 -1 224 257 72 -1 237 257 224 -1 258 255 259 -1 255 258 254 -1 257 238 256 -1 238 257 237 -1 256 253 254 -1 256 89 253 -1 195 255 252 -1 194 255 195 -1 174 89 91 -1 253 89 174 -1 252 191 195 -1 251 191 252 -1 248 176 290 -1 248 173 176 -1 172 86 87 -1 172 250 86 -1 247 250 249 -1 247 86 250 -1 80 290 78 -1 80 248 290 -1 249 242 247 -1 249 244 242 -1 79 243 244 -1 245 243 79 -1 229 243 245 -1 229 233 243 -1 145 149 143 -1 149 145 242 -1 63 84 61 -1 84 63 211 -1 161 209 210 -1 209 161 164 -1 208 159 207 -1 208 213 159 -1 204 47 202 -1 47 204 44 -1 206 219 216 -1 206 205 219 -1 240 150 212 -1 240 151 150 -1 80 244 249 -1 80 79 244 -1 137 239 236 -1 137 138 239 -1 148 234 39 -1 148 147 234 -1 233 231 232 -1 233 229 231 -1 230 74 228 -1 230 77 74 -1 76 18 15 -1 76 75 18 -1 68 224 72 -1 227 224 68 -1 23 226 225 -1 23 25 226 -1 64 73 223 -1 64 66 73 -1 215 222 200 -1 158 222 215 -1 221 67 64 -1 221 141 67 -1 222 94 96 -1 158 94 222 -1 240 218 273 -1 240 216 218 -1 219 220 217 -1 219 201 220 -1 273 151 240 -1 214 151 273 -1 62 83 190 -1 62 61 83 -1 235 157 156 -1 38 157 235 -1 165 85 54 -1 165 150 85 -1 211 55 84 -1 55 211 52 -1 153 50 53 -1 153 152 50 -1 210 48 51 -1 210 209 48 -1 207 49 208 -1 49 207 46 -1 45 204 205 -1 44 204 45 -1 43 206 212 -1 42 206 43 -1 200 221 198 -1 200 222 221 -1 196 199 194 -1 196 197 199 -1 195 192 193 -1 191 192 195 -1 217 197 196 -1 197 217 220 -1 167 187 184 -1 167 118 187 -1 186 188 189 -1 186 185 188 -1 33 121 31 -1 121 33 119 -1 32 25 24 -1 25 32 236 -1 17 281 289 -1 17 19 281 -1 123 171 170 -1 171 123 2 -1 20 183 21 -1 20 180 183 -1 16 19 17 -1 16 22 19 -1 179 18 139 -1 179 97 18 -1 14 179 98 -1 13 179 14 -1 5 99 120 -1 4 99 5 -1 8 181 180 -1 7 181 8 -1 22 9 20 -1 9 22 10 -1 97 11 16 -1 11 97 12 -1 169 128 36 -1 169 284 128 -1 132 178 130 -1 178 132 285 -1 173 92 176 -1 173 91 92 -1 174 87 251 -1 172 87 174 -1 284 132 128 -1 285 132 284 -1 169 1 284 -1 169 170 1 -1' creaseAngle='1.571'>
            <Coordinate DEF='rpphal4_Coord' point='-6.9544 25.2219 2.6907 -6.8736 25.134 2.689 -6.8494 25.1247 2.7117 -6.8998 25.2584 2.7507 -6.7636 25.2 2.7517 -6.7267 25.172 2.7507 -6.7168 25.2445 2.7519 -6.6884 25.1908 2.7459 -6.6582 25.2215 2.7418 -6.6591 25.2572 2.7436 -6.6764 25.283 2.7476 -6.6928 25.2976 2.7502 -6.7375 25.2906 2.7599 -6.7759 25.2833 2.7689 -6.7891 25.2483 2.7631 -6.7445 25.3746 2.7423 -6.6727 25.3422 2.7487 -6.67 25.3534 2.7342 -6.7517 25.3762 2.7589 -6.6351 25.3244 2.7306 -6.6015 25.2699 2.7352 -6.594 25.2709 2.722 -6.6424 25.3154 2.7439 -6.9858 25.4097 2.4349 -6.8801 25.3061 2.3743 -7.0025 25.397 2.4176 -6.8544 25.3022 2.3912 -6.9057 25.2211 2.4004 -6.86 25.2912 2.3672 -6.8423 25.2454 2.3685 -6.9409 25.2516 2.3994 -6.9809 25.1826 2.453 -6.9594 25.2679 2.3999 -6.9629 25.1744 2.4399 -6.9091 25.1046 2.5075 -6.8957 25.0843 2.5213 -6.9099 25.1065 2.5269 -7.3828 26.3155 2.7094 -7.4117 26.3944 2.7998 -7.3596 26.321 2.8106 -7.4214 26.3944 2.7042 -7.6043 26.3144 2.6203 -7.6313 26.2961 2.5979 -7.6351 26.2934 2.6068 -7.6092 26.3115 2.5816 -7.62 26.3041 2.5857 -7.5892 26.3252 2.5869 -7.6001 26.3178 2.5816 -7.5734 26.3356 2.6224 -7.5777 26.333 2.6029 -7.5827 26.3288 2.6502 -7.5764 26.3333 2.6409 -7.6022 26.3153 2.6601 -7.5903 26.3235 2.6564 -7.6283 26.2975 2.6466 -7.6129 26.3079 2.6587 -7.7435 26.1864 2.7749 -7.7061 26.1051 2.7779 -7.6727 26.2293 2.86 -7.6373 26.161 2.847 -7.608 26.3573 2.8573 -7.6909 26.3196 2.8187 -7.6944 26.3058 2.8361 -7.6121 26.3616 2.8387 -7.4107 26.1616 2.3906 -7.3281 26.0119 2.4431 -7.3412 26.0032 2.4239 -7.3878 26.1777 2.4154 -7.2439 25.8175 2.4439 -6.7813 25.2738 2.3498 -6.7695 25.3007 2.364 -6.7424 25.2833 2.3589 -7.2597 25.8101 2.4304 -7.3688 25.9845 2.4165 -6.9716 25.5664 2.7356 -6.8804 25.4548 2.7475 -6.8762 25.4554 2.7285 -6.9767 25.5604 2.7529 -7.194 25.5837 2.76 -7.2872 25.7639 2.7878 -7.326 25.7406 2.7771 -6.7539 25.3155 2.4479 -6.7172 25.2768 2.4381 -7.7499 26.2626 2.7472 -7.644 26.3005 2.7305 -7.6772 26.2794 2.6953 -7.6457 26.0172 2.7695 -7.7015 25.9911 2.6731 -7.7504 26.0781 2.6739 -7.4346 25.6647 2.5304 -7.3162 25.5168 2.53 -7.442 25.6547 2.5899 -7.3128 25.5105 2.5841 -7.45 26.3769 2.5105 -7.4912 26.4043 2.4248 -7.4825 26.4069 2.5314 -7.4626 26.3679 2.4076 -6.7581 25.3366 2.7679 -6.8621 25.2537 2.7664 -6.8104 25.1554 2.7514 -6.8252 25.1728 2.3874 -6.7922 25.2322 2.3587 -6.7549 25.2057 2.3566 -6.7804 25.1243 2.3897 -6.8212 25.1108 2.4109 -6.8911 25.1341 2.4245 -6.9131 25.1689 2.4188 -6.7765 25.3473 2.6541 -6.8085 25.3132 2.5749 -6.8996 25.4411 2.6613 -6.9209 25.4395 2.5895 -6.6814 25.2277 2.5485 -6.6807 25.2257 2.4263 -6.7044 25.2742 2.552 -6.6932 25.1704 2.5543 -6.6819 25.1554 2.4343 -7.0083 25.3668 2.7489 -7.061 25.3177 2.701 -6.8346 25.0715 2.4404 -6.9077 25.1059 2.4408 -6.7467 25.1125 2.7498 -6.9091 25.0981 2.4495 -7.0058 25.1963 2.5189 -6.8442 25.1039 2.6898 -6.8852 25.0955 2.617 -6.7974 25.0843 2.6833 -6.8238 25.0823 2.6047 -6.7513 25.1002 2.7362 -6.9149 25.1122 2.5287 -6.9968 25.2144 2.4683 -7.112 25.3001 2.5713 -7.1174 25.3062 2.5306 -7.0012 25.1992 2.5568 -6.8243 25.3191 2.4726 -6.9542 25.4274 2.5111 -6.7549 25.154 2.3678 -7.2119 25.4023 2.5315 -7.1022 25.3283 2.4744 -7.1834 25.4241 2.4831 -6.8558 25.3455 2.785 -6.9418 25.4225 2.7614 -7.4218 26.2886 2.4016 -7.4242 26.2984 2.4995 -7.4325 26.275 2.8716 -7.562 26.2933 2.8931 -7.5233 26.2172 2.8824 -7.4823 26.3572 2.8703 -7.3321 26.2029 2.8338 -7.3745 26.3108 2.8459 -7.3904 26.1723 2.8458 -7.6939 26.263 2.6354 -7.7802 26.2525 2.6554 -7.5419 26.359 2.703 -7.5634 26.346 2.7256 -7.4945 26.4248 2.7826 -7.5418 26.4053 2.8215 -7.4756 26.4212 2.8063 -7.4636 26.4251 2.7874 -7.5125 26.3967 2.4023 -7.5354 26.4052 2.4624 -7.4664 26.4221 2.6926 -7.4934 26.4138 2.6858 -7.5301 26.4022 2.8382 -7.4702 26.4088 2.6283 -7.4938 26.4077 2.6335 -7.6358 26.2926 2.6279 -7.7821 26.1774 2.6709 -6.8303 25.0627 2.4634 -6.827 25.0699 2.5106 -6.9027 25.1235 2.6161 -6.87 25.13 2.6889 -6.8677 25.1294 2.6915 -7.5767 25.8329 2.6599 -7.4319 25.66 2.6495 -7.5857 25.827 2.5951 -7.2111 25.4004 2.5793 -7.3008 25.5116 2.6421 -7.2017 25.4064 2.6359 -7.0965 25.2999 2.6256 -6.8267 25.3236 2.7839 -6.6161 25.2049 2.7345 -6.6664 25.1493 2.7413 -6.6612 25.1437 2.7293 -6.6044 25.2052 2.721 -6.7415 25.0909 2.4055 -6.7163 25.1386 2.3572 -6.6952 25.1378 2.3731 -6.7525 25.0962 2.3888 -6.7199 25.2177 2.3427 -6.6983 25.2236 2.3564 -7.7584 26.2396 2.7641 -7.7595 26.0833 2.5747 -7.7887 26.1799 2.5776 -7.7591 26.2147 2.4623 -7.679 26.1519 2.4088 -7.7372 26.1131 2.4779 -7.7032 26.2438 2.4058 -7.6376 26.2803 2.3767 -7.5414 26.2366 2.3582 -7.6111 26.1986 2.3743 -7.5724 26.3118 2.3651 -7.6493 26.343 2.4139 -7.5939 26.3324 2.5069 -7.5929 26.3747 2.4158 -7.6236 26.3116 2.5073 -7.6558 26.2916 2.5253 -7.6773 26.274 2.5538 -7.5632 26.3532 2.5249 -7.5403 26.3659 2.5769 -7.5295 26.3737 2.6282 -7.5317 26.3713 2.6648 -7.6006 26.3233 2.7387 -7.6889 26.2651 2.5898 -7.5091 26.408 2.5501 -7.7904 26.2299 2.663 -7.5896 26.3636 2.3814 -7.7572 26.2843 2.4753 -7.7091 26.3016 2.4133 -7.765 26.2634 2.4644 -7.7039 26.3145 2.4307 -7.6476 26.3308 2.3878 -7.4594 26.277 2.3703 -7.4908 26.3523 2.3813 -7.4682 26.1326 2.3783 -7.1652 25.64 2.4342 -7.0718 25.5266 2.4512 -7.0896 25.5108 2.4356 -7.1464 25.6511 2.4501 -7.0532 25.695 2.7443 -7.1616 25.8638 2.7819 -7.0564 25.6829 2.7596 -7.1551 25.8699 2.7662 -7.2535 26.0482 2.7886 -7.2583 26.0382 2.8059 -7.3197 26.2113 2.81 -7.4327 26.38 2.8425 -7.0562 25.3632 2.4267 -7.2262 25.5789 2.4437 -7.2806 25.543 2.4809 -7.1421 25.4631 2.4459 -7.7794 26.2582 2.572 -7.4404 26.3848 2.6227 -7.4788 26.1198 2.8496 -7.3028 26.0031 2.8167 -7.3963 25.9599 2.8165 -7.2046 25.8156 2.7947 -7.1114 25.6396 2.7748 -7.5741 26.0624 2.8235 -7.3904 25.6886 2.7386 -7.4661 25.9179 2.7974 -7.5357 25.8762 2.7561 -7.7076 25.9934 2.5812 -7.6836 26.0033 2.4937 -7.5684 25.8433 2.5222 -7.5194 25.8858 2.4608 -7.6237 26.0441 2.436 -7.3878 25.6984 2.4779 -7.3291 25.7355 2.4438 -7.4519 25.933 2.4332 -7.5533 26.0921 2.3979 -7.1128 25.673 2.6031 -7.1922 25.861 2.6857 -7.0807 25.6843 2.6806 -7.2243 25.847 2.6028 -7.1303 25.6616 2.5229 -7.2339 25.8408 2.5172 -7.3239 26.0256 2.5128 -7.3227 26.0373 2.6037 -7.2963 26.0468 2.6953 -7.3758 26.1927 2.6056 -7.3501 26.2056 2.7084 -7.3815 26.184 2.4993 -7.4125 26.306 2.6133 -7.7911 26.2362 2.5769 -7.0404 25.527 2.7646 -7.1062 25.4782 2.75 -7.1694 25.4365 2.711 -6.7372 25.2989 2.5613 -7.0178 25.5476 2.5995 -7.0453 25.5337 2.5228 -6.9951 25.5587 2.6711 -6.6575 25.301 2.6422 -6.626 25.2453 2.6416 -6.6277 25.1927 2.6486 -6.9075 25.1288 2.6162 -6.991 25.2052 2.6203 -6.7339 25.1017 2.4708 -6.6951 25.1243 2.6624 -6.7408 25.1203 2.5786 -6.6995 25.3353 2.6474 -7.2614 25.5365 2.7231'/>
          </IndexedFaceSet>
        </Shape>
        <Shape DEF='rpphal5'>
          <Appearance>
            <PhysicalMaterial baseColor='1 0.9765 0.8667' metallic='0' roughness='0.72'/>
          </Appearance>
          <IndexedFaceSet DEF='rpphal5_Geo' coordIndex='0 1 2 -1 0 3 1 -1 4 5 6 -1 4 7 5 -1 8 9 10 -1 11 12 13 -1 14 15 16 -1 17 18 19 -1 19 20 17 -1 21 22 23 -1 22 24 23 -1 25 26 27 -1 28 29 30 -1 31 32 33 -1 31 34 32 -1 35 36 34 -1 36 32 34 -1 2 1 37 -1 1 38 37 -1 39 40 41 -1 39 42 40 -1 40 43 44 -1 40 45 43 -1 46 47 48 -1 48 49 46 -1 50 27 51 -1 52 27 53 -1 54 27 55 -1 56 27 26 -1 51 27 57 -1 58 30 29 -1 28 59 60 -1 28 61 59 -1 62 63 64 -1 65 66 67 -1 67 68 65 -1 69 70 71 -1 71 37 69 -1 44 41 40 -1 72 73 74 -1 72 75 73 -1 76 77 63 -1 77 64 63 -1 78 79 80 -1 81 82 83 -1 83 84 81 -1 85 86 80 -1 87 88 89 -1 88 90 89 -1 7 91 92 -1 92 5 7 -1 93 85 80 -1 94 78 80 -1 95 96 80 -1 80 97 98 -1 99 100 80 -1 101 38 102 -1 38 103 102 -1 104 30 105 -1 61 30 106 -1 62 30 67 -1 107 108 109 -1 107 110 108 -1 63 66 74 -1 111 112 113 -1 112 114 113 -1 105 30 115 -1 116 46 117 -1 116 118 46 -1 4 119 120 -1 67 30 68 -1 106 30 62 -1 30 61 28 -1 30 104 68 -1 121 122 123 -1 124 125 126 -1 110 127 108 -1 110 128 127 -1 129 130 8 -1 131 132 133 -1 131 134 132 -1 100 135 80 -1 98 95 80 -1 96 94 80 -1 136 80 79 -1 86 137 80 -1 73 138 76 -1 138 6 76 -1 139 140 141 -1 141 142 139 -1 36 143 32 -1 143 144 32 -1 89 145 87 -1 66 65 146 -1 80 136 93 -1 147 148 94 -1 137 99 80 -1 74 73 76 -1 76 63 74 -1 149 41 44 -1 149 150 41 -1 151 152 153 -1 154 155 141 -1 141 156 154 -1 71 157 158 -1 71 70 157 -1 67 63 62 -1 67 66 63 -1 104 65 68 -1 104 159 65 -1 115 30 58 -1 160 57 27 -1 25 27 54 -1 55 27 52 -1 53 27 50 -1 6 77 76 -1 6 5 77 -1 47 118 120 -1 47 46 118 -1 7 118 91 -1 118 116 91 -1 41 161 39 -1 1 103 38 -1 37 38 69 -1 162 163 164 -1 164 113 162 -1 27 56 160 -1 165 166 49 -1 49 167 165 -1 33 144 168 -1 33 32 144 -1 169 15 170 -1 169 16 15 -1 22 171 24 -1 171 172 24 -1 173 174 18 -1 174 19 18 -1 10 175 176 -1 10 9 175 -1 177 178 179 -1 177 180 178 -1 97 80 135 -1 181 182 183 -1 182 184 183 -1 119 4 138 -1 4 6 138 -1 185 0 2 -1 185 123 0 -1 122 42 186 -1 122 187 42 -1 188 168 124 -1 188 33 168 -1 172 133 132 -1 133 172 189 -1 190 97 135 -1 169 97 190 -1 191 192 193 -1 192 191 194 -1 195 196 197 -1 195 198 196 -1 199 200 201 -1 199 202 200 -1 184 203 204 -1 203 184 182 -1 205 206 207 -1 208 206 205 -1 209 210 211 -1 209 212 210 -1 213 214 215 -1 216 214 213 -1 217 176 218 -1 217 10 176 -1 177 219 220 -1 177 179 219 -1 221 180 222 -1 180 221 178 -1 223 14 224 -1 223 15 14 -1 213 224 225 -1 224 213 215 -1 135 226 190 -1 135 100 226 -1 169 13 16 -1 169 190 13 -1 227 228 229 -1 228 227 230 -1 15 174 170 -1 174 15 19 -1 231 173 18 -1 147 173 231 -1 148 232 233 -1 148 234 232 -1 235 130 129 -1 235 236 130 -1 189 171 237 -1 171 189 172 -1 11 238 239 -1 226 238 11 -1 145 240 87 -1 145 241 240 -1 159 34 31 -1 159 242 34 -1 84 158 81 -1 84 243 158 -1 244 245 35 -1 244 121 245 -1 246 77 247 -1 77 246 64 -1 167 56 165 -1 160 56 167 -1 248 60 249 -1 248 250 60 -1 251 163 252 -1 164 163 251 -1 253 113 114 -1 253 162 113 -1 254 255 256 -1 257 255 254 -1 3 258 259 -1 258 3 260 -1 261 163 162 -1 261 262 163 -1 263 116 111 -1 263 91 116 -1 39 186 42 -1 39 260 186 -1 7 120 118 -1 120 7 4 -1 104 43 159 -1 105 43 104 -1 264 256 255 -1 264 101 256 -1 165 265 166 -1 165 266 265 -1 267 87 240 -1 267 268 87 -1 269 154 88 -1 269 155 154 -1 157 241 158 -1 157 270 241 -1 271 141 140 -1 271 156 141 -1 151 227 152 -1 230 227 151 -1 149 248 150 -1 250 248 149 -1 59 247 272 -1 246 247 59 -1 273 153 274 -1 153 273 275 -1 276 227 277 -1 227 276 152 -1 238 137 21 -1 238 99 137 -1 8 232 9 -1 8 130 232 -1 206 23 211 -1 206 239 23 -1 278 191 197 -1 278 279 191 -1 280 281 282 -1 280 283 281 -1 209 134 212 -1 209 132 134 -1 93 235 237 -1 93 136 235 -1 196 284 285 -1 284 196 201 -1 286 143 287 -1 143 286 288 -1 289 35 245 -1 35 289 36 -1 260 161 258 -1 161 260 39 -1 72 66 290 -1 72 74 66 -1 107 138 291 -1 107 119 138 -1 109 267 292 -1 268 267 109 -1 280 289 83 -1 280 287 289 -1 108 268 109 -1 108 269 268 -1 139 293 294 -1 293 139 142 -1 277 295 276 -1 277 296 295 -1 200 181 297 -1 200 182 181 -1 285 197 196 -1 278 197 285 -1 298 271 194 -1 156 271 298 -1 75 299 291 -1 75 273 299 -1 21 86 22 -1 21 137 86 -1 136 236 235 -1 79 236 136 -1 96 147 94 -1 173 147 96 -1 170 95 98 -1 170 174 95 -1 226 99 238 -1 226 100 99 -1 205 193 192 -1 207 193 205 -1 216 140 214 -1 216 271 140 -1 208 239 206 -1 208 11 239 -1 134 202 199 -1 202 134 131 -1 218 133 217 -1 131 133 218 -1 204 218 176 -1 204 203 218 -1 9 234 300 -1 9 232 234 -1 301 302 300 -1 301 221 302 -1 296 222 180 -1 222 296 277 -1 296 177 294 -1 177 296 180 -1 214 139 220 -1 140 139 214 -1 179 223 219 -1 20 223 179 -1 303 156 298 -1 303 154 156 -1 278 286 282 -1 286 278 285 -1 304 284 297 -1 304 288 284 -1 151 125 183 -1 153 125 151 -1 274 295 305 -1 274 276 295 -1 293 305 295 -1 293 128 305 -1 117 49 166 -1 46 49 117 -1 240 270 306 -1 241 270 240 -1 283 303 281 -1 90 303 283 -1 270 57 306 -1 270 51 57 -1 165 26 266 -1 165 56 26 -1 254 112 265 -1 114 112 254 -1 52 70 69 -1 70 52 53 -1 70 50 157 -1 70 53 50 -1 108 155 269 -1 155 108 127 -1 128 299 305 -1 110 299 128 -1 168 304 307 -1 144 304 168 -1 288 144 143 -1 288 304 144 -1 83 245 84 -1 83 289 245 -1 31 65 159 -1 146 65 31 -1 149 29 250 -1 149 58 29 -1 290 124 126 -1 188 124 290 -1 290 275 72 -1 290 126 275 -1 120 292 47 -1 120 119 292 -1 111 117 112 -1 116 117 111 -1 251 272 308 -1 249 272 251 -1 161 150 309 -1 41 150 161 -1 45 244 242 -1 244 45 187 -1 102 162 253 -1 102 261 162 -1 309 258 161 -1 258 309 262 -1 125 275 126 -1 153 275 125 -1 103 261 102 -1 103 259 261 -1 252 262 309 -1 252 163 262 -1 259 1 3 -1 103 1 259 -1 248 309 150 -1 248 252 309 -1 263 251 308 -1 263 164 251 -1 92 272 247 -1 272 92 308 -1 91 308 92 -1 91 263 308 -1 110 291 299 -1 291 110 107 -1 292 48 47 -1 267 48 292 -1 44 58 149 -1 44 115 58 -1 242 35 34 -1 242 244 35 -1 287 282 286 -1 282 287 280 -1 157 51 270 -1 51 157 50 -1 253 101 102 -1 256 101 253 -1 264 52 69 -1 52 264 55 -1 54 264 255 -1 264 54 55 -1 25 255 257 -1 25 54 255 -1 57 167 306 -1 167 57 160 -1 145 82 81 -1 145 89 82 -1 88 303 90 -1 88 154 303 -1 71 2 37 -1 71 185 2 -1 166 112 117 -1 166 265 112 -1 142 128 293 -1 142 127 128 -1 141 127 142 -1 141 155 127 -1 125 181 183 -1 125 307 181 -1 307 297 181 -1 307 304 297 -1 298 281 303 -1 298 279 281 -1 20 178 17 -1 20 179 178 -1 12 208 225 -1 12 11 208 -1 294 220 139 -1 220 294 177 -1 17 221 301 -1 221 17 178 -1 302 222 229 -1 222 302 221 -1 175 300 302 -1 175 9 300 -1 228 176 175 -1 228 204 176 -1 203 131 218 -1 203 202 131 -1 211 24 209 -1 23 24 211 -1 216 194 271 -1 194 216 192 -1 210 198 195 -1 210 212 198 -1 98 169 170 -1 169 98 97 -1 96 174 173 -1 174 96 95 -1 233 94 148 -1 233 78 94 -1 85 237 171 -1 237 85 93 -1 305 273 274 -1 305 299 273 -1 5 247 77 -1 5 92 247 -1 279 194 191 -1 298 194 279 -1 297 201 200 -1 284 201 297 -1 183 230 151 -1 183 184 230 -1 294 295 296 -1 295 294 293 -1 89 283 82 -1 89 90 283 -1 292 107 109 -1 292 119 107 -1 291 73 75 -1 291 138 73 -1 187 121 244 -1 187 122 121 -1 287 36 289 -1 36 287 143 -1 288 285 284 -1 288 286 285 -1 199 212 134 -1 199 198 212 -1 85 22 86 -1 171 22 85 -1 158 185 71 -1 185 158 243 -1 283 83 82 -1 83 283 280 -1 279 282 281 -1 282 279 278 -1 195 207 210 -1 195 193 207 -1 236 78 233 -1 236 79 78 -1 300 231 301 -1 300 234 231 -1 43 242 159 -1 43 45 242 -1 152 274 153 -1 152 276 274 -1 72 273 75 -1 275 273 72 -1 60 272 249 -1 60 59 272 -1 229 175 302 -1 175 229 228 -1 240 48 267 -1 48 240 306 -1 268 88 87 -1 268 269 88 -1 167 48 306 -1 49 48 167 -1 266 254 265 -1 257 254 266 -1 101 69 38 -1 69 101 264 -1 61 246 59 -1 106 246 61 -1 43 115 44 -1 43 105 115 -1 0 260 3 -1 186 260 0 -1 263 113 164 -1 113 263 111 -1 262 259 258 -1 262 261 259 -1 42 45 40 -1 45 42 187 -1 256 114 254 -1 256 253 114 -1 252 249 251 -1 252 248 249 -1 106 64 246 -1 64 106 62 -1 84 121 243 -1 245 121 84 -1 241 81 158 -1 81 241 145 -1 146 33 188 -1 31 33 146 -1 146 290 66 -1 146 188 290 -1 29 60 250 -1 60 29 28 -1 26 257 266 -1 257 26 25 -1 239 21 23 -1 238 21 239 -1 129 237 235 -1 237 129 189 -1 130 233 232 -1 236 233 130 -1 234 147 231 -1 234 148 147 -1 277 229 222 -1 229 277 227 -1 219 224 215 -1 223 224 219 -1 14 225 224 -1 225 14 12 -1 190 11 13 -1 190 226 11 -1 18 301 231 -1 17 301 18 -1 20 15 223 -1 20 19 15 -1 230 204 228 -1 204 230 184 -1 220 215 214 -1 220 219 215 -1 192 213 205 -1 192 216 213 -1 207 211 210 -1 206 211 207 -1 205 225 208 -1 225 205 213 -1 182 202 203 -1 202 182 200 -1 201 198 199 -1 198 201 196 -1 197 193 195 -1 193 197 191 -1 132 24 172 -1 132 209 24 -1 189 217 133 -1 217 189 129 -1 16 12 14 -1 12 16 13 -1 129 10 217 -1 129 8 10 -1 243 123 185 -1 121 123 243 -1 307 124 168 -1 125 124 307 -1 123 186 0 -1 123 122 186 -1' creaseAngle='1.571'>
            <Coordinate DEF='rpphal5_Coord' point='-7.0016 25.2701 1.813 -6.9566 25.2384 1.8687 -6.9698 25.261 1.8701 -6.9924 25.2501 1.8169 -6.9049 25.4114 1.7613 -6.9043 25.4221 1.6907 -6.9179 25.4215 1.6963 -6.8911 25.4085 1.7576 -7.6389 26.3121 1.7497 -7.5609 26.3369 1.7491 -7.6302 26.291 1.7345 -7.6295 26.2628 2.0577 -7.5514 26.2779 2.063 -7.5739 26.2921 2.0437 -7.4984 26.31 2.0294 -7.5001 26.3395 1.9786 -7.5237 26.3219 2.0159 -7.475 26.3628 1.8704 -7.5037 26.3725 1.8792 -7.4986 26.3532 1.9243 -7.4796 26.3407 1.9235 -7.7292 26.2103 1.9821 -7.7518 26.1991 1.9313 -7.7338 26.1975 1.9897 -7.7567 26.1825 1.9341 -6.8221 25.3303 1.8975 -6.8223 25.3513 1.897 -6.8805 25.3242 1.9152 -6.9364 25.3284 1.6079 -6.9365 25.3148 1.6084 -6.9853 25.3385 1.6384 -7.1279 25.408 1.69 -7.1674 25.4301 1.7463 -7.1595 25.46 1.71 -7.1266 25.3784 1.7339 -7.1032 25.3518 1.773 -7.1608 25.412 1.7875 -6.9277 25.2404 1.898 -6.8884 25.2254 1.8949 -7.0199 25.2447 1.7443 -7.0093 25.2492 1.6743 -6.99 25.2425 1.6621 -7.0284 25.2643 1.7474 -7.0272 25.2757 1.6662 -6.9894 25.2509 1.6463 -7.0282 25.2679 1.6856 -6.8628 25.4306 1.8422 -6.8855 25.4264 1.8489 -6.8837 25.4407 1.9013 -6.849 25.4341 1.8934 -6.928 25.333 1.9313 -6.9164 25.3632 1.9328 -6.8765 25.2783 1.9118 -6.9032 25.297 1.9205 -6.8316 25.3114 1.902 -6.8532 25.2914 1.9049 -6.836 25.3684 1.9017 -6.8854 25.3719 1.9197 -6.953 25.2922 1.6189 -6.8875 25.3478 1.5926 -6.8884 25.3232 1.5926 -6.9353 25.342 1.6096 -6.9745 25.3846 1.6287 -6.9635 25.435 1.631 -6.9453 25.4233 1.6221 -7.0766 25.4136 1.6638 -7.0421 25.4413 1.6595 -7.0068 25.3892 1.6486 -7.0305 25.3707 1.6571 -6.8742 25.2388 1.905 -6.9274 25.2706 1.9216 -6.9491 25.2642 1.908 -7.0732 25.516 1.6889 -6.9976 25.4582 1.6754 -7.0101 25.452 1.6642 -7.058 25.517 1.701 -6.9501 25.4365 1.6402 -6.935 25.4334 1.63 -7.6033 26.3161 1.8543 -7.6307 26.3006 1.8439 -7.6078 26.2768 1.9104 -7.0351 25.3839 1.9455 -7.0734 25.4346 1.9465 -7.1083 25.4133 1.8892 -7.0435 25.3451 1.8795 -7.6858 26.2405 1.8915 -7.6808 26.24 1.9161 -7.0002 25.5233 1.94 -7.075 25.6069 1.9547 -7.0321 25.4833 1.9557 -7.1123 25.5651 1.9619 -6.8664 25.3867 1.744 -6.8776 25.4047 1.6758 -7.685 26.2495 1.8636 -7.5751 26.3276 1.8708 -7.5461 26.3287 1.923 -7.5539 26.3339 1.8953 -7.5686 26.3067 1.9695 -7.5505 26.3196 1.9524 -7.6529 26.2547 1.9609 -7.624 26.2723 1.9761 -6.8297 25.2516 1.8807 -6.8566 25.247 1.8417 -6.9155 25.2283 1.86 -7.042 25.3352 1.6631 -7.0113 25.299 1.6559 -6.9502 25.3672 1.6177 -7.0195 25.497 1.8113 -7.0835 25.6071 1.8988 -7.0036 25.5178 1.8777 -7.1002 25.6035 1.8309 -6.8411 25.3537 1.7488 -6.7891 25.3735 1.8153 -6.8412 25.3243 1.7469 -6.7959 25.3308 1.8151 -6.9856 25.2879 1.6389 -6.8604 25.3885 1.7572 -6.8159 25.4213 1.8295 -6.8877 25.4081 1.7708 -6.9481 25.436 1.7928 -6.9022 25.4094 1.7749 -7.0587 25.3247 1.8183 -7.0147 25.2786 1.8044 -7.0115 25.2795 1.8139 -7.1836 25.5622 1.7033 -7.313 25.8123 1.691 -7.1608 25.5919 1.696 -7.2251 25.8232 1.9279 -7.2355 25.8289 1.8529 -7.7164 26.271 1.7582 -7.6435 26.3247 1.7635 -7.7173 26.1103 1.7634 -7.7587 26.1297 1.8565 -7.7473 26.1702 1.7756 -7.7241 26.0832 1.8536 -7.5929 26.2931 1.9777 -7.6617 26.2746 1.8458 -7.6712 26.2438 1.9375 -6.9759 25.4343 1.7216 -7.3806 26.1578 1.9693 -7.3789 26.1308 2.0275 -7.302 25.9848 2.0015 -7.3112 25.9951 1.9486 -7.2288 25.4892 1.8007 -7.2256 25.5078 1.7553 -7.0131 25.4601 1.9563 -7.096 25.4342 1.6702 -7.5316 26.3733 1.8383 -7.5597 26.3696 1.8148 -6.9295 25.2659 1.6121 -6.9261 25.2553 1.6233 -7.3705 26.0052 1.6597 -7.3509 26.0087 1.6671 -7.2702 25.8404 1.692 -7.2245 25.8229 1.9882 -7.2174 25.8286 1.9765 -7.3233 25.9699 2.0149 -6.9769 25.3464 1.9455 -7.0055 25.3466 1.9412 -7.1042 25.3744 1.6841 -6.8605 25.3701 1.9103 -6.976 25.236 1.7189 -6.8543 25.2929 1.7527 -6.8583 25.2936 1.7389 -6.8478 25.3224 1.7351 -6.7931 25.4139 1.8843 -6.7952 25.4231 1.8722 -6.8498 25.4283 1.9067 -7.2036 25.5339 1.7187 -7.5396 26.3239 2.0033 -7.516 26.3428 1.974 -7.7613 26.2023 1.8692 -7.7702 26.1881 1.8659 -7.5189 26.3683 1.8838 -7.5125 26.3532 1.9251 -7.5385 26.3058 1.7304 -7.6055 26.2401 1.7147 -7.4301 26.269 1.9114 -7.4486 26.336 1.8601 -7.4584 26.3181 1.9203 -7.4275 26.2825 1.8466 -7.49 25.9239 1.6915 -7.593 26.0476 1.6906 -7.4268 25.9804 1.659 -7.5152 26.1116 1.671 -6.981 25.2728 1.8704 -7.0067 25.2709 1.8033 -7.0359 25.2727 1.7502 -7.1332 25.4876 1.6912 -7.7572 26.2183 1.7986 -7.5823 26.2992 2.03 -7.5529 26.0143 2.0204 -7.5247 26.1173 2.0676 -7.5981 26.0709 2.0366 -7.4842 26.0627 2.0504 -7.6471 26.0376 1.9769 -7.6243 25.9715 1.9032 -7.6016 25.9819 1.9665 -7.6687 26.026 1.9142 -7.679 26.0277 1.8463 -7.6299 26.0017 1.7488 -7.6342 25.9723 1.8362 -7.6743 26.0559 1.7578 -7.6376 26.1029 1.7006 -7.5614 26.1745 1.6911 -7.5715 26.1765 2.082 -7.674 26.1879 2.046 -7.6421 26.1311 2.047 -7.6055 26.2254 2.0755 -7.744 26.1331 1.9321 -7.6926 26.0933 1.987 -7.7208 26.1517 1.9921 -7.7131 26.0804 1.9245 -7.4939 26.2185 2.0835 -7.4087 26.2002 2.0397 -7.4404 26.256 2.0482 -7.4519 26.1637 2.0683 -7.7078 26.2266 1.7312 -7.6772 26.1625 1.7135 -7.4416 26.2898 1.9837 -7.4131 26.2401 1.9788 -7.4602 26.3457 1.8005 -7.4225 26.2683 1.762 -7.4733 26.3201 1.9812 -7.4718 26.2875 2.0424 -7.5259 26.2517 2.0761 -7.6344 26.2713 2.0419 -7.416 26.1663 1.6854 -7.4896 26.2231 1.6891 -7.4438 26.2482 1.7138 -7.4578 26.1459 1.6636 -7.5175 26.3775 1.83 -7.5885 26.356 1.7765 -7.5977 26.3533 1.7966 -7.5514 26.372 1.797 -7.7066 26.2817 1.7805 -7.6443 26.3289 1.7824 -7.7492 26.233 1.8105 -7.6902 26.235 2.0192 -7.6894 26.2244 2.033 -6.9266 25.4636 1.9268 -6.9751 25.4222 1.9504 -7.1049 25.3518 1.7238 -7.0256 25.3257 1.8778 -7.0857 25.3298 1.7685 -7.0726 25.3424 1.8241 -6.9137 25.3982 1.6048 -6.9015 25.4065 1.6109 -6.8835 25.2913 1.6008 -6.8735 25.3218 1.5974 -6.8945 25.2973 1.5927 -6.8526 25.3233 1.6532 -6.8668 25.2882 1.6587 -6.8169 25.2842 1.824 -6.7705 25.3353 1.8622 -6.7882 25.2935 1.8816 -6.7913 25.2836 1.8683 -6.7725 25.3349 1.8769 -6.9552 25.2429 1.7847 -6.9504 25.2422 1.801 -6.9998 25.252 1.8035 -6.8949 25.2591 1.7746 -6.8987 25.2599 1.7604 -6.8488 25.3543 1.7366 -6.831 25.2585 1.8918 -6.7649 25.3829 1.8627 -6.7668 25.3799 1.8761 -6.9236 25.4707 1.9121 -6.9973 25.5297 1.9256 -7.0706 25.6138 1.9422 -6.9541 25.4034 1.9493 -7.4073 26.1056 2.0528 -6.8751 25.3478 1.5974 -7.1282 25.6208 1.712 -7.2607 25.8473 1.7063 -7.1385 25.6144 1.6983 -7.3346 26.0156 1.6924 -7.3966 26.1793 1.7256 -7.4902 25.8526 1.9525 -7.4478 25.8886 1.9994 -7.1872 25.5016 1.9013 -7.3328 25.7441 1.9772 -7.3728 25.7151 1.9332 -7.1518 25.5272 1.9496 -7.5282 25.843 1.8244 -7.5124 25.8378 1.8898 -7.396 25.7028 1.8739 -7.2109 25.4887 1.8518 -7.4087 25.7019 1.8194 -7.1363 25.409 1.84 -7.1046 25.5066 1.6852 -7.0393 25.4997 1.7446 -6.931 25.4548 1.8609 -7.3215 26.0103 1.8717 -7.3856 26.1697 1.8877 -7.3294 26.0202 1.7716 -7.389 26.1849 1.8066 -7.5194 25.8766 1.7539 -7.389 25.9337 2.0221 -7.115 25.6113 1.7592 -7.517 26.3599 1.7703 -7.4818 26.3698 1.812 -7.4938 26.3352 1.7559 -7.277 25.7817 1.9921 -7.3955 25.7276 1.761 -7.2523 25.8384 1.7726 -6.8872 25.436 1.9184 -7.3614 25.7674 1.7152 -6.8534 25.3561 1.6559 -6.9076 25.2538 1.6801'/>
          </IndexedFaceSet>
        </Shape>
        <Shape DEF='rmphal2'>
          <Appearance>
            <PhysicalMaterial baseColor='1 0.9765 0.8667' metallic='0' roughness='0.72'/>
          </Appearance>
          <IndexedFaceSet DEF='rmphal2_Geo' coordIndex='0 1 2 -1 3 2 4 -1 5 6 7 -1 5 8 6 -1 9 10 11 -1 9 12 10 -1 13 14 15 -1 16 17 18 -1 19 20 21 -1 20 22 21 -1 23 24 25 -1 26 24 27 -1 28 24 29 -1 30 24 31 -1 32 24 33 -1 34 35 36 -1 34 37 35 -1 38 2 39 -1 38 4 2 -1 40 41 42 -1 40 43 41 -1 44 45 46 -1 47 48 49 -1 50 51 52 -1 51 53 52 -1 54 55 56 -1 54 57 55 -1 58 59 60 -1 58 61 59 -1 62 63 64 -1 65 62 66 -1 65 67 62 -1 62 64 66 -1 68 69 70 -1 70 71 68 -1 72 73 74 -1 75 76 77 -1 76 78 77 -1 8 79 80 -1 81 82 76 -1 81 83 82 -1 74 73 68 -1 11 73 84 -1 85 73 13 -1 69 85 15 -1 86 87 88 -1 86 89 87 -1 90 91 18 -1 16 92 89 -1 87 92 93 -1 94 92 95 -1 90 92 91 -1 57 96 97 -1 57 98 96 -1 64 99 66 -1 100 45 51 -1 100 101 45 -1 102 64 63 -1 103 104 105 -1 104 106 105 -1 64 102 101 -1 107 64 108 -1 109 99 107 -1 110 111 112 -1 110 79 111 -1 59 113 114 -1 59 61 113 -1 61 115 113 -1 61 116 115 -1 114 117 59 -1 91 92 16 -1 95 92 90 -1 93 92 94 -1 89 92 87 -1 18 91 16 -1 118 93 49 -1 93 94 49 -1 88 87 119 -1 69 73 85 -1 15 85 13 -1 13 73 120 -1 121 9 84 -1 9 11 84 -1 84 73 72 -1 122 123 7 -1 124 125 126 -1 120 73 10 -1 5 79 8 -1 5 111 79 -1 72 127 128 -1 72 74 127 -1 68 73 69 -1 64 107 99 -1 105 107 103 -1 107 108 103 -1 129 51 50 -1 129 100 51 -1 130 88 131 -1 130 86 88 -1 132 49 48 -1 132 118 49 -1 45 44 51 -1 117 114 133 -1 65 134 135 -1 135 67 65 -1 136 137 138 -1 136 139 137 -1 44 46 140 -1 140 141 44 -1 97 142 143 -1 97 144 142 -1 32 35 38 -1 32 33 35 -1 25 24 32 -1 33 24 30 -1 31 24 28 -1 29 24 26 -1 27 24 23 -1 143 142 109 -1 145 83 81 -1 39 2 1 -1 1 146 39 -1 5 147 148 -1 148 111 5 -1 111 3 112 -1 111 148 3 -1 18 149 90 -1 15 70 69 -1 11 10 73 -1 147 5 7 -1 150 123 122 -1 20 123 150 -1 148 151 0 -1 148 147 151 -1 1 21 146 -1 19 21 1 -1 83 152 153 -1 152 83 145 -1 154 14 155 -1 154 149 14 -1 156 80 125 -1 80 156 157 -1 158 157 155 -1 158 6 157 -1 149 15 14 -1 149 18 15 -1 159 47 49 -1 159 160 47 -1 23 161 59 -1 23 25 161 -1 100 64 101 -1 100 108 64 -1 162 37 34 -1 37 162 163 -1 144 96 164 -1 96 144 97 -1 165 166 167 -1 165 168 166 -1 105 169 56 -1 106 169 105 -1 170 171 172 -1 171 170 173 -1 140 115 141 -1 140 174 115 -1 46 138 137 -1 138 46 45 -1 139 67 135 -1 139 136 67 -1 142 65 109 -1 142 134 65 -1 133 40 117 -1 40 133 43 -1 113 174 175 -1 113 115 174 -1 131 119 176 -1 131 88 119 -1 153 86 130 -1 153 17 86 -1 128 177 178 -1 127 177 128 -1 150 121 179 -1 150 9 121 -1 119 132 176 -1 119 118 132 -1 149 160 159 -1 160 149 154 -1 129 108 100 -1 103 108 129 -1 98 112 180 -1 112 98 110 -1 38 181 161 -1 181 38 39 -1 28 42 171 -1 28 29 42 -1 182 183 184 -1 183 182 185 -1 186 135 187 -1 135 186 139 -1 45 102 138 -1 45 101 102 -1 188 189 190 -1 191 189 188 -1 169 124 126 -1 169 167 124 -1 123 147 7 -1 123 151 147 -1 192 10 12 -1 192 120 10 -1 193 194 195 -1 193 104 194 -1 181 196 60 -1 181 197 196 -1 0 19 1 -1 151 19 0 -1 188 198 196 -1 188 199 198 -1 81 75 200 -1 81 76 75 -1 165 104 193 -1 106 104 165 -1 20 151 123 -1 151 20 19 -1 190 199 188 -1 190 201 199 -1 202 195 203 -1 193 195 202 -1 156 124 204 -1 124 156 125 -1 179 20 150 -1 179 22 20 -1 201 177 205 -1 190 177 201 -1 130 83 153 -1 83 130 82 -1 176 206 131 -1 176 203 206 -1 168 132 48 -1 168 202 132 -1 156 160 154 -1 156 204 160 -1 84 128 121 -1 128 84 72 -1 14 120 192 -1 14 13 120 -1 87 118 119 -1 87 93 118 -1 49 95 159 -1 49 94 95 -1 161 32 38 -1 32 161 25 -1 173 28 171 -1 173 31 28 -1 40 27 117 -1 40 26 27 -1 117 23 59 -1 117 27 23 -1 58 196 198 -1 58 60 196 -1 200 52 207 -1 200 75 52 -1 140 137 208 -1 46 137 140 -1 208 174 140 -1 208 209 174 -1 175 209 210 -1 174 209 175 -1 133 210 43 -1 210 133 175 -1 54 79 110 -1 54 126 79 -1 4 163 180 -1 4 37 163 -1 144 134 142 -1 134 144 211 -1 212 162 213 -1 212 164 162 -1 187 134 211 -1 134 187 135 -1 209 186 185 -1 208 186 209 -1 43 182 41 -1 43 210 182 -1 184 212 213 -1 184 183 212 -1 77 129 50 -1 77 194 129 -1 126 56 169 -1 54 56 126 -1 211 183 187 -1 211 212 183 -1 213 172 184 -1 170 172 213 -1 210 185 182 -1 185 210 209 -1 139 208 137 -1 139 186 208 -1 34 213 162 -1 34 170 213 -1 164 211 144 -1 211 164 212 -1 143 57 97 -1 55 57 143 -1 96 180 163 -1 98 180 96 -1 3 0 2 -1 148 0 3 -1 116 141 115 -1 116 53 141 -1 44 53 51 -1 53 44 141 -1 207 198 200 -1 58 198 207 -1 197 39 146 -1 39 197 181 -1 29 40 42 -1 29 26 40 -1 36 31 173 -1 31 36 30 -1 159 90 149 -1 159 95 90 -1 17 89 86 -1 17 16 89 -1 127 68 71 -1 74 68 127 -1 166 160 204 -1 166 47 160 -1 132 203 176 -1 132 202 203 -1 131 82 130 -1 82 131 206 -1 145 205 152 -1 145 201 205 -1 179 189 22 -1 179 178 189 -1 193 168 165 -1 193 202 168 -1 206 195 78 -1 206 203 195 -1 81 201 145 -1 199 201 81 -1 21 189 191 -1 21 22 189 -1 126 80 79 -1 126 125 80 -1 194 78 195 -1 78 194 77 -1 199 200 198 -1 199 81 200 -1 146 191 197 -1 146 21 191 -1 75 50 52 -1 75 77 50 -1 78 82 206 -1 76 82 78 -1 197 188 196 -1 197 191 188 -1 194 103 129 -1 104 103 194 -1 204 167 166 -1 167 204 124 -1 190 178 177 -1 189 178 190 -1 66 109 65 -1 109 66 99 -1 138 63 136 -1 138 102 63 -1 63 67 136 -1 62 67 63 -1 185 187 183 -1 187 185 186 -1 41 184 172 -1 184 41 182 -1 116 58 207 -1 116 61 58 -1 181 59 161 -1 60 59 181 -1 180 3 4 -1 180 112 3 -1 57 110 98 -1 110 57 54 -1 207 53 116 -1 52 53 207 -1 205 70 152 -1 205 71 70 -1 158 12 122 -1 12 158 192 -1 121 178 179 -1 121 128 178 -1 177 71 205 -1 177 127 71 -1 55 109 107 -1 55 143 109 -1 38 37 4 -1 37 38 35 -1 114 175 133 -1 113 175 114 -1 172 42 41 -1 42 172 171 -1 36 170 34 -1 36 173 170 -1 107 56 55 -1 105 56 107 -1 167 106 165 -1 169 106 167 -1 166 48 47 -1 48 166 168 -1 163 164 96 -1 163 162 164 -1 30 35 33 -1 30 36 35 -1 70 18 17 -1 18 70 15 -1 192 155 14 -1 192 158 155 -1 6 80 157 -1 6 8 80 -1 156 155 157 -1 156 154 155 -1 152 17 153 -1 70 17 152 -1 122 9 150 -1 122 12 9 -1 122 6 158 -1 7 6 122 -1' creaseAngle='1.571'>
            <Coordinate DEF='rmphal2_Coord' point='-6.0829 25.245 4.3289 -6.0778 25.2381 4.3482 -6.0285 25.1867 4.3191 -6.0403 25.1881 4.3036 -5.9702 25.1529 4.2959 -6.2413 25.3807 4.3686 -6.3763 25.4846 4.3762 -6.3457 25.49 4.4285 -6.2668 25.3583 4.3319 -6.3821 25.5117 4.4894 -6.4229 25.4899 4.4713 -6.4199 25.4878 4.4885 -6.3949 25.5194 4.4562 -6.4679 25.4699 4.4411 -6.4814 25.4937 4.3589 -6.5181 25.4208 4.4364 -6.5659 25.3669 4.4276 -6.5838 25.3825 4.5105 -6.5234 25.4163 4.431 -6.2219 25.3857 4.4232 -6.3332 25.4858 4.4749 -6.228 25.3671 4.451 -6.3362 25.4735 4.5086 -5.9332 25.0778 4.3353 -5.8919 25.081 4.3112 -5.9349 25.1006 4.3266 -5.8934 25.0519 4.3202 -5.9145 25.0563 4.3341 -5.8607 25.0708 4.2953 -5.8746 25.0573 4.3087 -5.8793 25.103 4.2896 -5.8616 25.0911 4.2859 -5.9225 25.1118 4.3139 -5.8971 25.1078 4.2987 -5.8675 25.131 4.2534 -5.8829 25.1315 4.2745 -5.8666 25.1249 4.2681 -5.8843 25.1344 4.2594 -5.9652 25.1474 4.3106 -6.0257 25.1786 4.333 -5.8931 25.0233 4.3282 -5.857 25.025 4.3006 -5.8573 25.0336 4.3061 -5.8947 25.0103 4.3278 -6.0895 24.9393 4.2083 -6.088 24.9403 4.1947 -6.0807 24.9329 4.2016 -6.5622 25.367 4.2376 -6.5752 25.3423 4.2427 -6.5792 25.363 4.2552 -6.1904 25.0395 4.2587 -6.1406 24.9952 4.2334 -6.1797 25.0425 4.2947 -6.1226 25.0012 4.2628 -6.1346 25.1328 4.2093 -6.1194 25.0636 4.1531 -6.1701 25.0977 4.1892 -6.0819 25.0936 4.1839 -6.0942 25.0875 4.3661 -5.9997 25.0749 4.363 -6.0575 25.1138 4.3817 -6.0363 25.051 4.342 -6.0371 24.9689 4.098 -6.0415 24.9504 4.1246 -6.0877 24.99 4.1449 -6.0226 24.9897 4.0664 -6.0447 24.9899 4.0944 -6.0142 24.9602 4.0836 -6.485 25.4438 4.5289 -6.4969 25.432 4.5016 -6.5644 25.3958 4.5275 -6.5074 25.4259 4.5613 -6.4335 25.4729 4.5328 -6.4561 25.4566 4.4912 -6.4599 25.4549 4.5385 -6.2389 25.0811 4.3257 -6.4112 25.1882 4.4055 -6.2477 25.0784 4.2851 -6.4253 25.1732 4.3493 -6.1468 25.2088 4.2723 -6.2904 25.3373 4.2976 -6.3786 25.213 4.4586 -6.5655 25.2745 4.4601 -6.5261 25.3112 4.5128 -6.4168 25.4857 4.5056 -6.4839 25.4423 4.4662 -6.6149 25.3359 4.4496 -6.61 25.3186 4.3684 -6.6255 25.3064 4.389 -6.5938 25.3395 4.416 -6.5249 25.4183 4.3559 -6.5454 25.3873 4.3967 -6.5688 25.3599 4.3546 -6.5882 25.3288 4.3141 -6.5764 25.3627 4.2889 -6.5535 25.397 4.3022 -5.9707 25.0839 4.182 -6.0126 25.0652 4.1179 -6.0401 25.1188 4.2211 -6.0668 25.0111 4.1054 -6.1405 25.0103 4.2041 -6.0882 24.9621 4.1734 -6.0624 24.9464 4.1531 -6.1884 25.0696 4.1989 -6.2411 25.1061 4.2203 -6.1776 25.0881 4.1894 -6.2321 25.1259 4.2069 -6.127 25.0539 4.1535 -6.1373 25.0305 4.176 -6.0601 25.0316 4.0809 -6.0938 25.1616 4.2498 -6.1091 25.2363 4.3036 -6.0545 25.183 4.2884 -5.9676 25.0001 4.319 -5.9449 25.021 4.3522 -6.0031 24.9761 4.2704 -6.0772 25.0297 4.307 -5.9381 25.0319 4.3531 -6.5936 25.3087 4.2863 -6.6129 25.2955 4.3438 -6.4455 25.4883 4.4518 -6.3831 25.499 4.5172 -6.378 25.5186 4.4482 -6.3378 25.4901 4.4473 -6.3402 25.2804 4.243 -6.3157 25.3068 4.267 -6.1885 25.174 4.2296 -6.4613 25.4471 4.5763 -6.4073 25.4787 4.5552 -6.1932 25.0498 4.2309 -6.6152 25.3219 4.4576 -6.6245 25.2926 4.3908 -6.5874 25.2961 4.277 -5.9357 25.0154 4.3496 -6.0097 24.9966 4.066 -6.0017 24.9597 4.0832 -6.0247 24.9327 4.1213 -6.0458 24.9205 4.1681 -6.0528 24.9268 4.1621 -6.015 24.9297 4.1247 -6.0536 24.9456 4.2338 -6.0632 24.9535 4.2375 -6.0467 25.036 4.0756 -6.0565 25.042 4.0824 -6.0022 25.0614 4.1096 -6.5065 25.3246 4.5299 -6.0812 25.2241 4.3623 -6.2301 25.3887 4.3815 -6.093 25.2445 4.314 -6.4924 25.4843 4.345 -6.3653 25.5083 4.4845 -6.2235 25.3907 4.3991 -6.563 25.3833 4.5404 -6.5834 25.37 4.5229 -6.4795 25.485 4.3247 -6.4642 25.4992 4.3451 -6.4387 25.4426 4.2996 -6.4127 25.4623 4.3301 -6.4189 25.523 4.3998 -6.543 25.4209 4.2702 -6.5285 25.4222 4.2566 -5.9717 25.116 4.3374 -5.9076 25.1155 4.2118 -5.9199 25.1196 4.2199 -5.9582 25.0802 4.173 -6.3901 25.2267 4.2249 -6.5285 25.3463 4.2269 -6.3735 25.2458 4.2197 -6.5453 25.3221 4.2304 -6.2255 25.1354 4.2061 -5.8339 25.0998 4.2533 -5.8335 25.062 4.2816 -5.8309 25.0569 4.2726 -5.8369 25.0994 4.2653 -5.9959 24.9697 4.2668 -5.9593 24.9929 4.3146 -6.6061 25.2787 4.3314 -6.4529 25.4349 4.5855 -6.3919 25.4722 4.5632 -6.3671 25.4948 4.5175 -5.998 25.1444 4.2636 -6.0353 25.1514 4.3606 -5.8897 24.9944 4.255 -5.9207 25.0049 4.1793 -5.8672 25.0296 4.2265 -5.935 24.978 4.2104 -5.9768 24.9438 4.1576 -5.963 24.9751 4.1183 -6.2807 25.2877 4.5023 -6.3627 25.4464 4.5549 -6.4101 25.3996 4.5798 -6.2474 25.3272 4.4847 -6.4319 25.5219 4.4146 -6.4139 25.1978 4.2534 -6.2503 25.0876 4.2521 -6.4273 25.1791 4.3026 -6.114 25.1568 4.4097 -6.091 25.1901 4.3912 -6.1578 25.1289 4.4016 -6.3266 25.2555 4.4934 -6.2019 25.1043 4.374 -6.4537 25.3641 4.5665 -6.5658 25.2808 4.2683 -6.5818 25.2581 4.3212 -6.4845 25.3956 4.2467 -6.505 25.4111 4.5708 -6.5846 25.2532 4.3846 -6.1365 25.0642 4.3376 -6.0102 24.9311 4.1969 -5.9648 24.9617 4.2437 -5.922 24.9805 4.2888 -5.972 25.0201 4.0991 -5.9281 25.0421 4.1636 -5.8728 25.0777 4.2065'/>
          </IndexedFaceSet>
        </Shape>
        <Shape DEF='rmphal3'>
          <Appearance>
            <PhysicalMaterial baseColor='1 0.9765 0.8667' metallic='0' roughness='0.72'/>
          </Appearance>
          <IndexedFaceSet DEF='rmphal3_Geo' coordIndex='0 1 2 -1 3 4 5 -1 3 6 4 -1 7 8 9 -1 7 10 8 -1 11 12 13 -1 11 14 12 -1 15 16 17 -1 17 18 15 -1 19 20 21 -1 19 22 20 -1 23 24 25 -1 26 24 27 -1 28 24 29 -1 30 24 31 -1 32 24 23 -1 33 34 35 -1 36 34 37 -1 38 34 39 -1 40 34 41 -1 35 34 42 -1 43 44 45 -1 44 46 45 -1 47 48 49 -1 50 51 52 -1 50 53 51 -1 36 54 39 -1 36 55 54 -1 56 57 58 -1 56 59 57 -1 60 61 62 -1 61 63 62 -1 64 65 66 -1 64 67 65 -1 51 68 69 -1 51 43 52 -1 43 45 52 -1 70 56 71 -1 72 73 74 -1 74 75 72 -1 53 76 77 -1 53 50 76 -1 78 79 80 -1 78 81 79 -1 82 83 84 -1 85 72 86 -1 85 87 72 -1 88 15 89 -1 15 18 89 -1 90 91 65 -1 92 93 94 -1 95 96 97 -1 66 65 98 -1 65 91 98 -1 27 69 26 -1 27 51 69 -1 62 57 59 -1 99 100 101 -1 101 102 99 -1 103 104 105 -1 106 107 108 -1 83 48 47 -1 47 84 83 -1 71 109 110 -1 111 109 71 -1 112 113 114 -1 50 115 76 -1 116 49 48 -1 117 77 118 -1 117 53 77 -1 107 105 119 -1 107 106 105 -1 68 117 120 -1 33 121 37 -1 33 122 121 -1 55 121 123 -1 124 102 101 -1 124 125 102 -1 126 127 21 -1 128 129 130 -1 131 132 133 -1 132 134 133 -1 135 136 137 -1 136 103 137 -1 73 138 101 -1 138 124 101 -1 139 140 54 -1 140 141 54 -1 89 142 88 -1 143 112 114 -1 82 84 144 -1 122 145 113 -1 113 121 122 -1 146 147 46 -1 46 44 146 -1 148 123 149 -1 148 139 123 -1 150 151 152 -1 151 153 152 -1 123 112 149 -1 53 68 51 -1 53 117 68 -1 52 115 50 -1 42 34 40 -1 41 34 38 -1 39 34 36 -1 37 34 33 -1 154 24 32 -1 155 24 30 -1 31 24 28 -1 29 24 26 -1 27 24 154 -1 25 24 155 -1 156 96 95 -1 156 157 96 -1 158 159 160 -1 160 161 158 -1 162 163 164 -1 165 166 167 -1 167 168 165 -1 169 90 170 -1 169 171 90 -1 106 172 173 -1 106 174 172 -1 175 7 9 -1 9 176 175 -1 177 178 179 -1 177 180 178 -1 156 128 130 -1 181 182 183 -1 171 184 22 -1 171 169 184 -1 185 186 187 -1 79 186 185 -1 188 81 189 -1 188 190 81 -1 141 191 17 -1 141 192 191 -1 193 175 140 -1 193 7 175 -1 10 99 194 -1 99 10 195 -1 196 125 3 -1 125 196 102 -1 182 197 198 -1 197 182 181 -1 98 199 200 -1 91 199 98 -1 181 200 197 -1 181 98 200 -1 91 171 199 -1 90 171 91 -1 201 127 126 -1 128 127 201 -1 202 135 137 -1 202 203 135 -1 135 180 136 -1 180 135 178 -1 177 204 205 -1 177 179 204 -1 206 196 207 -1 194 196 206 -1 175 208 192 -1 175 176 208 -1 174 209 172 -1 174 191 209 -1 173 105 106 -1 105 173 210 -1 170 211 169 -1 211 170 212 -1 12 213 13 -1 214 213 12 -1 166 215 167 -1 216 215 166 -1 12 168 167 -1 14 168 12 -1 209 217 218 -1 208 217 209 -1 164 160 159 -1 164 163 160 -1 93 2 1 -1 2 93 92 -1 127 97 219 -1 127 95 97 -1 220 221 222 -1 223 221 220 -1 224 225 226 -1 227 225 224 -1 228 222 229 -1 220 222 228 -1 230 42 142 -1 230 35 42 -1 4 0 5 -1 0 4 1 -1 231 158 232 -1 159 158 231 -1 108 233 234 -1 108 107 233 -1 104 117 118 -1 104 120 117 -1 155 235 70 -1 155 30 235 -1 236 28 237 -1 28 236 31 -1 238 239 240 -1 238 241 239 -1 242 159 231 -1 159 242 164 -1 157 243 244 -1 243 157 245 -1 11 96 246 -1 11 198 96 -1 247 22 184 -1 247 20 22 -1 133 94 93 -1 133 134 94 -1 205 61 177 -1 205 63 61 -1 59 236 62 -1 235 236 59 -1 248 9 249 -1 248 176 9 -1 152 249 150 -1 152 248 249 -1 49 89 234 -1 89 49 116 -1 147 250 110 -1 146 250 147 -1 149 143 251 -1 149 112 143 -1 111 138 87 -1 111 58 138 -1 142 116 228 -1 89 116 142 -1 190 0 2 -1 0 190 188 -1 125 57 252 -1 124 57 125 -1 216 253 215 -1 253 216 254 -1 255 256 257 -1 255 258 256 -1 259 132 260 -1 259 134 132 -1 2 261 262 -1 261 2 92 -1 48 223 220 -1 83 223 48 -1 263 264 265 -1 226 264 263 -1 266 267 114 -1 268 267 266 -1 124 58 57 -1 124 138 58 -1 251 148 149 -1 148 251 269 -1 173 270 271 -1 270 173 172 -1 59 70 235 -1 59 56 70 -1 23 250 146 -1 25 250 23 -1 180 61 272 -1 61 180 177 -1 120 103 136 -1 120 104 103 -1 241 126 239 -1 126 241 201 -1 262 273 274 -1 262 261 273 -1 79 211 80 -1 185 211 79 -1 268 86 267 -1 268 265 86 -1 100 73 101 -1 100 74 73 -1 133 178 131 -1 133 179 178 -1 5 188 207 -1 0 188 5 -1 249 8 275 -1 249 9 8 -1 172 218 270 -1 209 218 172 -1 103 210 137 -1 103 105 210 -1 131 135 203 -1 178 135 131 -1 132 203 258 -1 131 203 132 -1 150 275 78 -1 275 150 249 -1 276 165 277 -1 276 271 165 -1 278 257 279 -1 255 257 278 -1 280 158 161 -1 259 158 280 -1 262 187 186 -1 262 274 187 -1 152 253 254 -1 253 152 153 -1 281 14 282 -1 281 168 14 -1 246 279 282 -1 244 279 246 -1 231 278 243 -1 231 232 278 -1 247 274 240 -1 247 187 274 -1 67 283 284 -1 67 64 283 -1 166 271 270 -1 271 166 165 -1 130 242 245 -1 130 129 242 -1 163 201 241 -1 201 163 162 -1 128 162 129 -1 128 201 162 -1 200 19 219 -1 200 199 19 -1 28 285 237 -1 29 285 28 -1 44 23 146 -1 23 44 32 -1 272 60 286 -1 272 61 60 -1 193 269 195 -1 193 148 269 -1 55 37 121 -1 37 55 36 -1 122 35 230 -1 33 35 122 -1 88 41 15 -1 88 40 41 -1 120 286 68 -1 120 272 286 -1 77 119 118 -1 287 119 77 -1 18 234 89 -1 18 108 234 -1 115 84 76 -1 115 144 84 -1 87 109 111 -1 87 85 109 -1 114 145 266 -1 114 113 145 -1 288 226 225 -1 288 264 226 -1 115 45 227 -1 115 52 45 -1 289 83 82 -1 289 223 83 -1 267 72 75 -1 86 72 267 -1 227 144 115 -1 224 144 227 -1 220 116 48 -1 220 228 116 -1 147 225 46 -1 288 225 147 -1 229 266 145 -1 222 266 229 -1 109 264 288 -1 85 264 109 -1 107 287 233 -1 107 119 287 -1 41 16 15 -1 16 41 38 -1 142 40 88 -1 142 42 40 -1 38 54 16 -1 39 54 38 -1 62 252 57 -1 62 63 252 -1 235 31 236 -1 235 30 31 -1 51 154 43 -1 154 51 27 -1 29 69 285 -1 26 69 29 -1 197 219 97 -1 197 200 219 -1 21 239 126 -1 21 20 239 -1 129 164 242 -1 162 164 129 -1 156 245 157 -1 245 156 130 -1 198 97 96 -1 97 198 197 -1 11 282 14 -1 246 282 11 -1 67 212 170 -1 67 284 212 -1 273 160 238 -1 273 161 160 -1 243 279 244 -1 243 278 279 -1 257 282 279 -1 257 281 282 -1 283 215 253 -1 215 283 214 -1 212 80 211 -1 151 80 212 -1 261 161 273 -1 161 261 280 -1 232 255 278 -1 260 255 232 -1 281 256 277 -1 256 281 257 -1 254 248 152 -1 254 217 248 -1 189 78 275 -1 189 81 78 -1 203 256 258 -1 203 202 256 -1 210 271 276 -1 271 210 173 -1 176 217 208 -1 248 217 176 -1 275 206 189 -1 275 8 206 -1 204 1 4 -1 93 1 204 -1 221 265 268 -1 221 263 265 -1 141 16 54 -1 141 17 16 -1 184 187 247 -1 184 185 187 -1 153 283 253 -1 153 284 283 -1 238 274 273 -1 240 274 238 -1 136 272 120 -1 272 136 180 -1 110 288 147 -1 110 109 288 -1 64 214 283 -1 213 214 64 -1 250 155 70 -1 155 250 25 -1 74 269 251 -1 74 100 269 -1 267 143 114 -1 267 75 143 -1 222 268 266 -1 221 268 222 -1 85 265 264 -1 85 86 265 -1 224 82 144 -1 224 289 82 -1 151 78 80 -1 151 150 78 -1 2 186 190 -1 262 186 2 -1 261 94 280 -1 261 92 94 -1 260 258 255 -1 260 132 258 -1 277 168 281 -1 168 277 165 -1 202 277 256 -1 277 202 276 -1 195 100 99 -1 100 195 269 -1 112 121 113 -1 121 112 123 -1 145 230 229 -1 230 145 122 -1 77 84 287 -1 84 77 76 -1 87 73 72 -1 87 138 73 -1 75 251 143 -1 75 74 251 -1 71 250 70 -1 250 71 110 -1 84 233 287 -1 233 84 47 -1 286 237 285 -1 60 237 286 -1 148 140 139 -1 148 193 140 -1 285 68 286 -1 285 69 68 -1 93 179 133 -1 93 204 179 -1 280 134 259 -1 134 280 94 -1 170 65 67 -1 170 90 65 -1 66 213 64 -1 213 66 183 -1 157 246 96 -1 244 246 157 -1 245 231 243 -1 231 245 242 -1 160 241 238 -1 160 163 241 -1 240 20 247 -1 240 239 20 -1 237 62 236 -1 237 60 62 -1 56 111 71 -1 56 58 111 -1 123 54 55 -1 123 139 54 -1 104 119 105 -1 104 118 119 -1 47 234 233 -1 49 234 47 -1 158 260 232 -1 158 259 260 -1 284 151 212 -1 284 153 151 -1 189 207 188 -1 189 206 207 -1 142 229 230 -1 228 229 142 -1 226 289 224 -1 226 263 289 -1 227 46 225 -1 45 46 227 -1 223 263 221 -1 289 263 223 -1 154 44 43 -1 154 32 44 -1 219 21 127 -1 21 219 19 -1 218 254 216 -1 217 254 218 -1 13 198 11 -1 198 13 182 -1 216 270 218 -1 216 166 270 -1 167 214 12 -1 215 214 167 -1 183 13 213 -1 183 182 13 -1 208 191 192 -1 191 208 209 -1 8 194 206 -1 10 194 8 -1 3 207 196 -1 3 5 207 -1 4 205 204 -1 6 205 4 -1 276 137 210 -1 276 202 137 -1 128 95 127 -1 156 95 128 -1 98 183 66 -1 181 183 98 -1 63 6 252 -1 6 63 205 -1 252 3 125 -1 252 6 3 -1 194 102 196 -1 102 194 99 -1 195 7 193 -1 195 10 7 -1 175 141 140 -1 175 192 141 -1 17 174 18 -1 17 191 174 -1 190 79 81 -1 190 186 79 -1 199 22 19 -1 199 171 22 -1 169 185 184 -1 169 211 185 -1 174 108 18 -1 108 174 106 -1' creaseAngle='1.571'>
            <Coordinate DEF='rmphal3_Coord' point='-6.0166 24.9658 3.1909 -6.0259 24.9471 3.1609 -6.2383 25.0519 3.2076 -5.7899 24.8879 3.1426 -5.9163 24.9041 3.1328 -5.9022 24.9262 3.1701 -5.8133 24.8733 3.0988 -5.7466 24.9473 3.2911 -5.8641 24.9707 3.2743 -5.8572 24.9764 3.3092 -5.7516 24.9316 3.2499 -6.5043 24.9855 3.4997 -6.4124 24.9992 3.5367 -6.4688 25.0213 3.5287 -6.443 24.9601 3.4954 -5.651 24.8305 3.3266 -5.6649 24.8868 3.3264 -5.6946 24.8891 3.3279 -5.6741 24.8194 3.318 -6.4825 25.1197 3.3573 -6.4727 25.1739 3.3371 -6.4854 25.1166 3.3447 -6.4651 25.1764 3.3573 -5.635 24.8064 2.9998 -5.6725 24.795 3.009 -5.6506 24.8251 2.9986 -5.6962 24.7665 3.0263 -5.6578 24.7584 3.0225 -5.7178 24.8049 3.0177 -5.7156 24.791 3.0209 -5.6931 24.8303 3.0079 -5.7116 24.8162 3.0145 -5.6355 24.7892 3.0045 -5.5512 24.8956 3.2913 -5.5854 24.8881 3.307 -5.551 24.8774 3.2941 -5.5892 24.9251 3.2959 -5.5667 24.9199 3.2915 -5.6223 24.8848 3.3178 -5.6133 24.9148 3.3086 -5.5837 24.8478 3.308 -5.6116 24.861 3.3173 -5.5602 24.8593 3.3003 -5.604 24.7532 3.0071 -5.5966 24.7859 2.9953 -5.5972 24.7535 3.0134 -5.5884 24.7864 2.9991 -5.6331 24.751 3.2635 -5.596 24.7709 3.2545 -5.6143 24.7622 3.2818 -5.6547 24.7137 3.0752 -5.6354 24.7226 3.029 -5.628 24.7215 3.0346 -5.6669 24.7168 3.0765 -5.6513 24.9323 3.3098 -5.5948 24.9478 3.2894 -5.6727 24.8893 2.997 -5.7198 24.8631 3.0612 -5.6727 24.9075 3.0378 -5.707 24.87 3.0125 -5.7764 24.8227 3.033 -5.8095 24.8312 3.0516 -5.7619 24.8384 3.0301 -5.8 24.8463 3.0545 -6.3966 25.1133 3.5262 -6.4045 25.1537 3.4949 -6.4145 25.1144 3.5177 -6.3862 25.153 3.4994 -5.7452 24.7444 3.0537 -5.7266 24.7476 3.0423 -5.6662 24.8805 2.9893 -5.6597 24.8874 2.9932 -5.6305 24.909 3.1278 -5.6442 24.9088 3.1316 -5.6357 24.9326 3.1666 -5.622 24.9324 3.1658 -5.6726 24.7141 3.1286 -5.6828 24.7188 3.1316 -6.1868 25.1157 3.3532 -6.3111 25.1412 3.3371 -6.2954 25.1513 3.3849 -6.2045 25.0932 3.3104 -5.6289 24.7585 3.1796 -5.6169 24.7668 3.2115 -5.6673 24.7301 3.1965 -5.6134 24.8878 3.0794 -5.6127 24.8943 3.1298 -5.651 24.91 3.0876 -5.5812 24.8011 3.309 -5.5903 24.78 3.3025 -6.422 25.1779 3.4605 -6.4267 25.1492 3.4642 -6.254 25.019 3.1552 -6.0435 24.9188 3.1029 -6.264 24.996 3.1282 -6.5316 24.9978 3.388 -6.5502 24.9624 3.4166 -6.5269 25.0025 3.4015 -6.4388 25.1002 3.477 -5.7225 24.9111 3.204 -5.6755 24.9102 3.1905 -5.6847 24.8816 3.1589 -5.7303 24.8921 3.169 -5.831 24.7724 3.1683 -5.8024 24.765 3.1616 -5.8067 24.7864 3.2299 -5.7808 24.8266 3.3018 -5.7031 24.7922 3.2825 -5.6916 24.8036 3.3014 -5.6165 24.8779 3.0315 -5.623 24.8638 2.9835 -5.6628 24.9073 3.0355 -5.6046 24.9755 3.2527 -5.5514 24.9485 3.2649 -5.5712 24.9357 3.2153 -5.6302 24.7316 3.0973 -5.587 24.7754 3.2934 -5.7397 24.7404 3.0898 -5.7348 24.7444 3.1459 -5.7213 24.7602 3.2039 -5.8023 24.7675 3.0881 -5.5583 24.949 3.2746 -5.52 24.8972 3.277 -5.6034 24.9715 3.265 -5.7005 24.878 3.1144 -5.7445 24.8754 3.1301 -6.4889 25.104 3.3206 -6.491 25.0569 3.3562 -6.4996 25.031 3.3021 -6.5032 25.0041 3.2493 -6.5176 24.9805 3.2777 -6.0648 24.8661 3.1182 -6.2901 24.9149 3.1378 -6.0521 24.8999 3.0981 -6.2762 24.9596 3.1201 -5.9597 24.8151 3.1342 -5.8489 24.7863 3.1043 -5.9533 24.7952 3.1951 -5.663 24.9098 3.0926 -5.6575 24.9493 3.2855 -5.7015 24.9477 3.2946 -5.7011 24.9246 3.3168 -5.5363 24.8285 3.2941 -5.6103 24.9609 3.2082 -5.63 24.7477 3.145 -5.5155 24.8949 3.2671 -5.5967 24.8191 2.9821 -5.591 24.8214 2.9887 -5.6625 24.9533 3.2713 -5.6187 24.9747 3.2545 -6.177 25.1176 3.396 -6.2862 25.151 3.4338 -6.1788 25.0887 3.4397 -6.2853 25.129 3.4806 -5.6394 24.7725 3.0096 -5.6707 24.8336 3.0012 -6.5293 24.9829 3.328 -6.5597 24.9375 3.329 -6.4424 25.0104 3.1392 -6.4895 25.027 3.166 -6.4902 25.0731 3.1744 -6.4288 25.059 3.1488 -6.4942 25.0516 3.2176 -6.4997 25.072 3.1851 -6.4975 25.0314 3.1776 -6.244 24.9121 3.4388 -6.2247 24.9548 3.4696 -6.3489 24.9819 3.5217 -6.3811 24.944 3.4817 -6.4307 25.1921 3.4059 -6.4028 25.1846 3.4589 -6.4452 25.183 3.4094 -5.8863 24.8813 3.3523 -5.9063 24.8493 3.333 -5.7678 24.8505 3.3228 -5.7453 24.9446 3.305 -5.8569 24.968 3.328 -5.8429 24.8409 3.0653 -5.9555 24.8415 3.1051 -5.9465 24.8713 3.0864 -5.8497 24.8157 3.0755 -6.4639 25.0609 3.5028 -6.4811 25.0367 3.5192 -6.4424 25.0736 3.5319 -6.4494 25.1838 3.357 -6.3856 25.1741 3.3545 -6.3222 25.1278 3.2982 -6.3962 25.1648 3.3164 -6.0065 24.9849 3.2249 -5.9914 24.9974 3.2604 -6.2179 25.0779 3.2702 -5.755 24.8937 3.3311 -5.7447 24.9249 3.3206 -5.7046 24.9503 3.2812 -5.7639 24.9142 3.2145 -5.7127 24.9317 3.2393 -5.7754 24.9009 3.1796 -6.4925 25.0356 3.4634 -6.5142 25.0056 3.4885 -6.4521 25.1383 3.4179 -6.463 25.0824 3.4283 -6.4925 25.0782 3.271 -6.0769 24.8103 3.2215 -6.0747 24.8358 3.1531 -5.9405 24.8857 3.091 -5.8331 24.8542 3.0692 -5.8798 24.9523 3.2346 -5.8918 24.9417 3.2014 -5.8604 24.946 3.3427 -5.8702 24.9147 3.3547 -5.9313 24.8073 3.2665 -6.3742 25.1834 3.3964 -6.3525 25.1781 3.4572 -6.428 25.0696 3.5418 -6.3799 25.0527 3.5482 -6.3214 25.0304 3.5324 -6.2047 24.9945 3.4799 -5.9706 24.9757 3.3798 -5.9869 24.9361 3.3935 -6.4887 25.0595 3.3693 -5.5505 24.819 3.2359 -5.5579 24.8355 3.1858 -5.5365 24.8462 3.2258 -5.5712 24.8092 3.1975 -5.5974 24.7869 3.1157 -5.5853 24.8031 3.0578 -5.5854 24.8149 3.1031 -5.5951 24.7736 3.0695 -5.5297 24.826 3.2824 -5.515 24.8596 3.273 -5.521 24.8629 3.2827 -6.5026 24.9751 3.1932 -6.4624 24.9547 3.1668 -5.6412 24.7579 3.2683 -5.6203 24.7671 3.2886 -5.7027 24.8592 3.0051 -5.7456 24.8342 3.0209 -5.7614 24.8185 3.0256 -6.4856 25.1238 3.2114 -6.4866 25.1542 3.28 -6.4761 25.1596 3.2698 -6.4967 25.1188 3.2206 -6.5081 24.9825 3.2036 -6.5302 24.9324 3.243 -6.5551 24.9178 3.3254 -6.5335 24.9451 3.2513 -6.5436 24.9391 3.4221 -6.4587 25.1802 3.3319 -5.9625 25.0024 3.3592 -5.9621 25.0197 3.3316 -5.6277 24.857 2.9806 -5.6253 24.9605 3.2089 -5.7716 24.8631 3.0827 -6.2947 25.0878 3.5106 -6.1855 25.047 3.4697 -6.425 24.8929 3.2043 -6.303 24.8466 3.2714 -6.4377 24.8695 3.2971 -6.3027 24.8718 3.1873 -6.3866 24.9927 3.1261 -6.4055 24.9379 3.1529 -6.3521 25.0707 3.1746 -6.3415 25.103 3.2307 -5.5854 24.8245 3.1479 -5.5894 24.8436 3.0918 -5.5902 24.8522 3.1399 -5.5371 24.88 3.2209 -5.5936 24.914 3.1713 -5.5619 24.8665 3.1799 -5.6691 24.9345 3.2268 -6.0033 24.909 3.39 -6.0273 24.8699 3.3684 -5.8139 24.8072 3.0569 -6.4166 25.1032 3.1876 -6.4083 25.1385 3.2454 -5.9719 25.0176 3.2984 -6.056 24.8235 3.3071 -6.2808 24.859 3.3671 -6.486 24.9088 3.2193 -6.504 24.8884 3.3118 -6.3687 25.0361 3.1371 -6.4239 24.8939 3.4078 -6.4881 24.9133 3.4193 -6.3538 25.11 3.5289 -6.3437 25.1505 3.5009 -5.7597 24.7947 3.0309 -5.7785 24.7984 3.0388 -5.6755 24.7351 3.1982 -5.5873 24.834 3.0461 -5.5965 24.798 3.1573'/>
          </IndexedFaceSet>
        </Shape>
        <Shape DEF='rmphal4'>
          <Appearance>
            <PhysicalMaterial baseColor='1 0.9765 0.8667' metallic='0' roughness='0.72'/>
          </Appearance>
          <IndexedFaceSet DEF='rmphal4_Geo' coordIndex='0 1 2 -1 3 4 5 -1 6 7 8 -1 6 9 7 -1 10 11 12 -1 10 13 11 -1 14 15 16 -1 14 17 15 -1 18 19 20 -1 20 21 18 -1 22 23 16 -1 24 25 26 -1 27 28 29 -1 27 30 31 -1 27 32 33 -1 27 34 35 -1 27 29 36 -1 37 38 39 -1 37 40 41 -1 37 42 43 -1 37 44 45 -1 37 46 38 -1 47 48 49 -1 49 50 47 -1 51 52 53 -1 54 55 56 -1 56 57 54 -1 58 59 60 -1 60 61 58 -1 62 63 64 -1 63 65 64 -1 66 67 68 -1 67 69 68 -1 13 70 71 -1 13 10 70 -1 72 73 54 -1 55 54 48 -1 48 47 55 -1 59 74 75 -1 76 57 56 -1 76 77 57 -1 61 78 79 -1 61 80 78 -1 81 82 83 -1 84 85 86 -1 84 87 85 -1 15 88 16 -1 15 89 88 -1 90 91 92 -1 93 94 11 -1 94 95 11 -1 79 96 97 -1 79 98 96 -1 99 100 101 -1 100 102 101 -1 103 104 105 -1 106 107 108 -1 109 25 110 -1 98 79 78 -1 78 111 98 -1 112 113 114 -1 115 116 72 -1 117 89 15 -1 117 118 89 -1 77 115 57 -1 77 119 115 -1 52 51 120 -1 121 76 56 -1 122 123 124 -1 125 74 126 -1 125 127 74 -1 51 82 81 -1 51 53 82 -1 88 22 16 -1 128 117 129 -1 61 60 63 -1 130 131 132 -1 133 70 104 -1 70 105 104 -1 134 135 136 -1 96 137 138 -1 96 98 137 -1 139 66 18 -1 92 91 23 -1 23 22 92 -1 124 123 140 -1 84 138 137 -1 137 87 84 -1 82 141 83 -1 136 142 143 -1 136 135 142 -1 122 112 144 -1 144 145 122 -1 146 50 147 -1 50 49 147 -1 11 95 12 -1 95 85 12 -1 124 86 113 -1 121 56 55 -1 148 149 150 -1 37 45 46 -1 37 43 44 -1 37 41 42 -1 37 39 40 -1 27 36 151 -1 27 35 152 -1 27 33 34 -1 27 31 32 -1 27 151 30 -1 27 152 28 -1 153 154 155 -1 16 23 156 -1 23 157 156 -1 158 78 159 -1 158 160 78 -1 108 107 161 -1 4 162 163 -1 80 159 78 -1 159 62 164 -1 62 159 80 -1 4 2 5 -1 4 163 2 -1 165 18 21 -1 165 139 18 -1 109 166 108 -1 110 166 109 -1 165 24 26 -1 165 21 24 -1 167 168 169 -1 168 167 170 -1 158 164 171 -1 158 159 164 -1 78 172 111 -1 160 172 78 -1 173 174 175 -1 173 176 174 -1 177 156 93 -1 177 178 156 -1 179 4 180 -1 4 179 162 -1 181 182 183 -1 181 184 182 -1 185 186 187 -1 188 186 185 -1 180 3 189 -1 180 4 3 -1 190 181 191 -1 188 181 190 -1 178 192 187 -1 178 177 192 -1 154 193 194 -1 153 193 154 -1 150 136 148 -1 134 136 150 -1 131 109 132 -1 131 1 109 -1 195 196 197 -1 195 198 196 -1 199 200 201 -1 202 200 199 -1 203 197 204 -1 203 195 197 -1 205 46 90 -1 38 46 205 -1 103 172 206 -1 172 103 175 -1 158 149 160 -1 158 150 149 -1 207 194 208 -1 207 209 194 -1 88 210 211 -1 89 210 88 -1 116 119 128 -1 115 119 116 -1 42 114 94 -1 42 41 114 -1 152 212 75 -1 212 152 35 -1 213 33 214 -1 213 34 33 -1 215 216 217 -1 218 216 215 -1 219 194 209 -1 219 154 194 -1 220 221 222 -1 220 223 221 -1 189 130 224 -1 3 130 189 -1 225 21 20 -1 24 21 225 -1 100 135 134 -1 135 100 99 -1 164 64 7 -1 64 164 62 -1 60 213 63 -1 60 212 213 -1 226 70 133 -1 71 70 226 -1 52 92 211 -1 52 120 92 -1 146 227 127 -1 146 147 227 -1 86 140 84 -1 124 140 86 -1 228 138 229 -1 96 138 228 -1 126 97 230 -1 58 97 126 -1 90 120 203 -1 90 92 120 -1 231 149 148 -1 231 206 149 -1 185 232 184 -1 185 233 232 -1 234 235 236 -1 237 235 234 -1 238 101 239 -1 99 101 238 -1 148 143 240 -1 148 136 143 -1 231 241 104 -1 231 242 241 -1 51 198 195 -1 51 81 198 -1 243 244 202 -1 245 244 243 -1 228 246 230 -1 228 247 246 -1 248 249 123 -1 248 250 249 -1 79 58 61 -1 58 79 97 -1 227 152 75 -1 227 28 152 -1 182 69 179 -1 251 69 182 -1 127 252 146 -1 252 127 125 -1 253 254 116 -1 253 8 254 -1 215 255 256 -1 215 217 255 -1 232 257 251 -1 257 232 258 -1 20 259 225 -1 259 20 260 -1 93 157 94 -1 156 157 93 -1 196 245 250 -1 244 245 196 -1 171 150 158 -1 171 134 150 -1 105 175 103 -1 173 175 105 -1 177 71 192 -1 177 13 71 -1 169 261 167 -1 169 17 261 -1 168 253 129 -1 168 262 253 -1 170 237 263 -1 170 235 237 -1 233 71 226 -1 71 233 192 -1 264 235 265 -1 264 236 235 -1 207 234 266 -1 207 239 234 -1 143 267 256 -1 143 142 267 -1 268 241 260 -1 268 269 241 -1 251 184 232 -1 251 182 184 -1 264 270 236 -1 264 271 270 -1 221 270 222 -1 270 221 266 -1 256 193 215 -1 267 193 256 -1 68 268 19 -1 268 68 257 -1 189 271 272 -1 189 224 271 -1 3 131 130 -1 3 5 131 -1 161 223 220 -1 161 107 223 -1 106 154 219 -1 106 155 154 -1 25 216 110 -1 216 25 24 -1 5 1 131 -1 2 1 5 -1 32 73 273 -1 32 31 73 -1 54 151 48 -1 54 30 151 -1 212 34 213 -1 34 212 35 -1 63 80 61 -1 62 80 63 -1 43 94 157 -1 43 42 94 -1 40 144 112 -1 40 39 144 -1 90 45 91 -1 46 45 90 -1 44 157 23 -1 44 43 157 -1 89 274 210 -1 274 89 118 -1 243 125 246 -1 252 125 243 -1 204 248 145 -1 204 197 248 -1 146 199 50 -1 146 252 199 -1 120 195 203 -1 120 51 195 -1 201 141 121 -1 201 200 141 -1 249 228 229 -1 249 247 228 -1 275 81 83 -1 198 81 275 -1 121 47 201 -1 55 47 121 -1 252 202 199 -1 243 202 252 -1 122 248 123 -1 145 248 122 -1 230 125 126 -1 125 230 246 -1 141 76 121 -1 141 82 76 -1 22 211 92 -1 88 211 22 -1 274 119 77 -1 119 274 118 -1 116 276 72 -1 276 116 254 -1 91 44 23 -1 45 44 91 -1 144 38 205 -1 144 39 38 -1 114 40 112 -1 114 41 40 -1 87 12 85 -1 87 176 12 -1 174 98 111 -1 137 98 174 -1 254 65 276 -1 65 254 64 -1 49 29 147 -1 49 36 29 -1 73 30 54 -1 73 31 30 -1 33 273 214 -1 33 32 273 -1 0 26 1 -1 26 0 165 -1 108 155 106 -1 166 155 108 -1 67 139 277 -1 139 67 66 -1 153 166 218 -1 153 155 166 -1 107 219 223 -1 219 107 106 -1 188 261 186 -1 188 190 261 -1 68 251 257 -1 69 251 68 -1 225 255 217 -1 255 225 259 -1 209 266 221 -1 266 209 207 -1 222 271 224 -1 271 222 270 -1 264 272 271 -1 272 264 191 -1 226 232 233 -1 226 258 232 -1 242 255 259 -1 255 242 240 -1 142 208 267 -1 142 238 208 -1 266 236 270 -1 266 234 236 -1 167 190 265 -1 261 190 167 -1 101 263 237 -1 101 102 263 -1 102 262 263 -1 102 6 262 -1 129 169 168 -1 117 169 129 -1 14 187 186 -1 14 178 187 -1 70 173 105 -1 10 173 70 -1 160 206 172 -1 160 149 206 -1 100 6 102 -1 9 6 100 -1 250 247 249 -1 245 247 250 -1 260 242 259 -1 242 260 241 -1 240 256 255 -1 143 256 240 -1 218 110 216 -1 218 166 110 -1 116 129 253 -1 129 116 128 -1 7 254 8 -1 7 64 254 -1 29 227 147 -1 29 28 227 -1 212 59 75 -1 212 60 59 -1 17 186 261 -1 17 14 186 -1 123 229 140 -1 123 249 229 -1 197 250 248 -1 197 196 250 -1 246 245 243 -1 247 245 246 -1 200 83 141 -1 275 83 200 -1 269 104 241 -1 133 104 269 -1 148 242 231 -1 148 240 242 -1 239 237 234 -1 101 237 239 -1 265 191 264 -1 265 190 191 -1 170 265 235 -1 170 167 265 -1 176 137 174 -1 176 87 137 -1 124 112 122 -1 124 113 112 -1 145 205 204 -1 145 144 205 -1 82 77 76 -1 77 82 274 -1 96 230 97 -1 96 228 230 -1 84 229 138 -1 84 140 229 -1 74 227 75 -1 74 127 227 -1 82 210 274 -1 82 53 210 -1 86 95 113 -1 86 85 95 -1 276 214 273 -1 276 65 214 -1 258 133 269 -1 258 226 133 -1 273 72 276 -1 72 273 73 -1 134 9 100 -1 171 9 134 -1 142 99 238 -1 142 135 99 -1 19 66 68 -1 18 66 19 -1 67 179 69 -1 67 162 179 -1 220 224 130 -1 220 222 224 -1 223 209 221 -1 223 219 209 -1 193 218 215 -1 153 218 193 -1 217 24 225 -1 216 24 217 -1 214 63 213 -1 63 214 65 -1 59 126 74 -1 58 126 59 -1 95 114 113 -1 95 94 114 -1 57 72 54 -1 72 57 115 -1 128 118 117 -1 119 118 128 -1 53 211 210 -1 53 52 211 -1 208 239 207 -1 239 208 238 -1 257 269 268 -1 269 257 258 -1 206 104 103 -1 206 231 104 -1 203 205 90 -1 205 203 204 -1 202 275 200 -1 244 275 202 -1 50 201 47 -1 199 201 50 -1 198 244 196 -1 198 275 244 -1 151 49 48 -1 36 49 151 -1 1 25 109 -1 1 26 25 -1 130 161 220 -1 130 132 161 -1 267 194 193 -1 267 208 194 -1 187 233 185 -1 187 192 233 -1 183 191 181 -1 183 272 191 -1 272 180 189 -1 183 180 272 -1 188 184 181 -1 188 185 184 -1 183 179 180 -1 183 182 179 -1 19 260 20 -1 19 268 260 -1 117 17 169 -1 17 117 15 -1 16 178 14 -1 178 16 156 -1 11 177 93 -1 13 177 11 -1 10 176 173 -1 10 12 176 -1 175 111 172 -1 175 174 111 -1 7 171 164 -1 9 171 7 -1 262 8 253 -1 262 6 8 -1 263 168 170 -1 262 168 263 -1 108 132 109 -1 108 161 132 -1 277 162 67 -1 277 163 162 -1 0 163 277 -1 0 2 163 -1 277 165 0 -1 277 139 165 -1' creaseAngle='1.571'>
            <Coordinate DEF='rmphal4_Coord' point='-6.6718 25.18 2.6117 -6.6891 25.1629 2.5421 -6.6824 25.1575 2.6203 -6.7284 25.09 2.6616 -6.7004 25.1199 2.7037 -6.7094 25.1154 2.6444 -6.0852 24.9971 2.3382 -5.9627 25.0076 2.3127 -5.9693 24.9796 2.3191 -6.0753 25.0311 2.3239 -6.0192 25.1145 2.5847 -5.8998 25.0904 2.5863 -5.8995 25.0937 2.5748 -6.0201 25.1074 2.597 -6.0486 25.0092 2.6087 -5.9292 24.9622 2.5619 -5.9191 24.987 2.5909 -6.0645 24.9756 2.5832 -6.6402 25.2771 2.6702 -6.6205 25.2838 2.673 -6.6429 25.2974 2.6125 -6.6578 25.2881 2.6122 -5.8162 24.9593 2.5952 -5.7967 24.9716 2.6086 -6.6761 25.287 2.5307 -6.6863 25.2257 2.5259 -6.6852 25.2275 2.5398 -5.7746 24.9759 2.2725 -5.7525 25.0098 2.2686 -5.7351 24.9909 2.2696 -5.7586 24.9367 2.284 -5.7997 24.9426 2.2835 -5.8208 24.968 2.2783 -5.8236 24.9827 2.2764 -5.8175 24.9952 2.2754 -5.7983 25.0118 2.2729 -5.7351 24.9723 2.2722 -5.7297 25.0376 2.6047 -5.6915 25.03 2.5949 -5.6925 25.0493 2.5942 -5.7104 25.0738 2.5953 -5.7347 25.0775 2.5974 -5.7608 25.0638 2.6058 -5.7694 25.0308 2.6103 -5.7565 25.0066 2.6083 -5.7254 24.9956 2.6009 -5.7007 25.0098 2.5977 -5.694 24.9359 2.2823 -5.7002 24.9361 2.2748 -5.6932 24.9721 2.2678 -5.6852 24.9725 2.2729 -5.7258 24.9219 2.5342 -5.7479 24.9083 2.5588 -5.7644 24.8981 2.5358 -5.7337 24.8996 2.2892 -5.7267 24.8981 2.2959 -5.7593 24.8833 2.3333 -5.7724 24.8857 2.3332 -5.7923 25.0919 2.3166 -5.7797 25.0757 2.2718 -5.8161 25.0518 2.2807 -5.834 25.0426 2.328 -5.9169 25.0168 2.3081 -5.8734 25.0138 2.2873 -5.9254 25.0009 2.302 -5.8878 24.9963 2.2863 -6.6294 25.2483 2.7048 -6.6357 25.2036 2.7238 -6.6065 25.2477 2.7151 -6.6182 25.2022 2.7364 -6.1351 25.1453 2.603 -6.137 25.1306 2.6204 -5.8528 24.9135 2.3022 -5.8322 24.9193 2.2934 -5.7655 25.0749 2.2695 -5.7713 25.068 2.2637 -5.7851 24.8757 2.3861 -5.7965 24.8797 2.3883 -5.9187 25.0471 2.4143 -5.8217 25.0509 2.3872 -5.9087 25.0316 2.3494 -5.7416 24.9224 2.4863 -5.7897 24.8836 2.459 -5.7493 24.9173 2.4505 -5.7661 25.1278 2.5053 -5.8086 25.1093 2.5691 -5.7541 25.1319 2.5531 -5.8138 25.0875 2.5174 -5.8315 24.9476 2.5796 -5.8425 24.9349 2.5509 -5.6728 24.9798 2.5907 -5.7197 24.9469 2.5964 -5.7269 24.9253 2.5858 -5.8999 25.066 2.6011 -5.798 25.0809 2.6039 -5.8058 25.1021 2.5822 -5.7671 25.0766 2.4179 -5.7862 25.0858 2.3752 -5.8191 25.0561 2.4307 -6.429 25.1019 2.3228 -6.1888 25.054 2.3248 -6.4429 25.0522 2.3334 -6.2024 25.0154 2.3396 -6.1566 25.1319 2.5072 -6.3838 25.2261 2.5811 -6.1473 25.1366 2.5502 -6.6901 25.1212 2.4126 -6.7077 25.0907 2.4353 -6.6897 25.1415 2.4697 -6.6896 25.1618 2.5281 -6.686 25.2156 2.4991 -5.9111 25.0589 2.4499 -5.6971 25.1077 2.5863 -5.7451 25.1278 2.5657 -5.7413 25.1017 2.5926 -5.8516 24.9048 2.3399 -5.9184 24.9301 2.3327 -5.9423 24.9309 2.4841 -5.8489 24.9112 2.4629 -5.8542 24.9018 2.3991 -5.722 24.9219 2.5763 -5.738 24.9003 2.3618 -5.6908 25.1097 2.5779 -5.706 25.1002 2.5177 -5.7417 25.1332 2.5527 -5.725 25.0621 2.314 -5.7807 25.0926 2.3154 -5.7244 25.0535 2.2617 -5.9281 24.9177 2.4084 -5.9592 24.923 2.4123 -6.7531 25.052 2.5761 -6.7274 25.0989 2.5648 -6.7314 25.0934 2.5502 -6.3764 25.2266 2.6447 -6.1825 25.0715 2.3325 -6.4199 25.1394 2.3372 -6.4146 25.1603 2.3687 -5.8171 25.0709 2.4749 -5.7665 25.1002 2.458 -6.6436 25.2465 2.6681 -5.7528 25.1285 2.5069 -5.7452 24.9107 2.4132 -6.5328 25.1724 2.3346 -6.5221 25.2081 2.3752 -5.6583 25.0544 2.584 -5.6521 25.0536 2.5741 -5.6889 25.0103 2.2661 -5.6938 25.0084 2.2583 -6.4073 25.1885 2.4283 -6.1678 25.115 2.4403 -6.173 25.0961 2.3994 -5.7387 24.9541 2.2749 -5.7743 25.0172 2.2695 -6.6795 25.2003 2.3595 -6.6773 25.1619 2.3543 -6.6798 25.1753 2.3884 -5.9099 25.0316 2.6066 -5.8085 25.0295 2.614 -6.0523 25.0606 2.3801 -5.939 25.0349 2.3571 -6.0432 25.0811 2.4273 -6.7209 25.0864 2.4876 -6.6639 25.1578 2.729 -6.6731 25.1603 2.6852 -5.9539 25.0214 2.3197 -6.663 25.2401 2.6115 -6.6815 25.1951 2.446 -6.2154 24.9463 2.5309 -6.0917 24.937 2.4257 -6.0786 24.9413 2.5068 -6.2249 24.943 2.4377 -6.0706 25.0458 2.3313 -6.0384 25.092 2.4593 -6.0227 25.1091 2.5382 -5.9055 25.068 2.4834 -6.031 25.1 2.4953 -5.8981 25.0816 2.5262 -6.0246 25.0792 2.6104 -6.0344 25.0445 2.6176 -6.65 25.153 2.7422 -6.6868 25.1017 2.7155 -6.5592 25.0708 2.7186 -6.6 25.1386 2.7494 -6.6283 25.0837 2.7251 -6.5356 25.1204 2.7405 -6.4046 25.094 2.7091 -6.1772 25.027 2.6348 -6.1625 25.0556 2.6441 -6.4213 25.0529 2.6901 -6.7177 25.0664 2.6745 -6.4344 25.0116 2.6496 -6.5847 25.0325 2.6713 -6.1463 25.0996 2.6372 -6.6683 25.2033 2.3508 -6.6679 25.1561 2.3436 -5.6793 24.9768 2.5273 -5.6815 25.0003 2.4765 -5.6652 25.0073 2.5223 -5.6951 24.9708 2.4835 -5.6909 24.9823 2.3362 -5.71 24.9571 2.3924 -5.7006 24.9495 2.3432 -5.6978 24.9885 2.3845 -5.6642 24.9791 2.5792 -5.6501 25.016 2.5758 -5.6577 25.0179 2.5854 -6.1656 25.125 2.4686 -6.6274 25.0842 2.3424 -6.6072 25.1444 2.3251 -6.6797 25.0974 2.3549 -5.7739 24.9043 2.5405 -5.7555 24.9122 2.5656 -5.8099 25.0417 2.2723 -5.855 25.0114 2.2795 -5.871 24.9937 2.2802 -6.6697 25.2507 2.3963 -6.6818 25.2733 2.4679 -6.6699 25.2808 2.4603 -6.6822 25.2437 2.4027 -6.6878 25.1044 2.366 -6.7497 25.0372 2.4825 -6.7122 25.0449 2.3965 -6.7432 25.0173 2.4783 -6.718 25.0581 2.4061 -6.7454 25.0273 2.5814 -6.6614 25.2949 2.5289 -6.3786 25.1988 2.6832 -5.7285 25.0466 2.2571 -5.7539 25.0779 2.4161 -5.7539 25.1018 2.4586 -5.7725 25.0873 2.3716 -6.3961 25.2082 2.4988 -6.5079 25.1825 2.7361 -6.3868 25.151 2.7082 -6.5891 25.0181 2.3789 -6.4692 24.9627 2.4596 -6.6129 24.9808 2.4678 -6.4596 25.0002 2.3767 -6.5463 25.1305 2.3197 -6.5653 25.0713 2.3365 -6.52 25.2365 2.436 -6.5017 25.2692 2.5975 -6.5106 25.254 2.5113 -5.7024 25.0197 2.3759 -5.7043 24.9926 2.4321 -5.7101 25.0223 2.4266 -5.7287 25.0662 2.3652 -5.7351 25.0663 2.4183 -5.6675 25.0431 2.5214 -5.7221 25.0823 2.4664 -5.687 25.0333 2.4737 -6.5752 25.1975 2.7413 -5.6935 25.0159 2.3277 -5.9703 24.9451 2.3453 -5.929 24.9751 2.3038 -6.5948 25.2654 2.444 -6.5934 25.2358 2.3812 -6.5637 25.2439 2.7188 -6.4971 25.2299 2.7115 -6.5933 25.284 2.5212 -6.5828 25.2959 2.6077 -6.1967 24.9879 2.6042 -6.0916 24.9655 2.3644 -6.2152 24.9787 2.3705 -6.616 24.988 2.5811 -6.4596 24.964 2.5631 -6.6556 25.0298 2.3853 -6.598 25.1902 2.3375 -6.5685 25.2837 2.6734 -6.4971 25.2652 2.6644 -6.6851 24.9952 2.4737 -6.6856 25.0035 2.584 -6.6519 25.0444 2.6765 -5.8683 24.9683 2.2829 -5.7987 24.8881 2.4603 -5.7153 24.9631 2.4369 -5.8891 24.97 2.2889 -6.6544 25.1932 2.6719'/>
          </IndexedFaceSet>
        </Shape>
        <Shape DEF='rmphal5'>
          <Appearance>
            <PhysicalMaterial baseColor='1 0.9765 0.8667' metallic='0' roughness='0.72'/>
          </Appearance>
          <IndexedFaceSet DEF='rmphal5_Geo' coordIndex='0 1 2 -1 2 3 0 -1 4 5 6 -1 4 7 5 -1 8 9 10 -1 11 12 13 -1 14 15 16 -1 14 17 15 -1 18 19 20 -1 14 16 8 -1 21 12 22 -1 23 24 25 -1 25 26 23 -1 27 28 29 -1 29 30 27 -1 31 32 33 -1 31 34 32 -1 35 36 37 -1 38 39 40 -1 38 34 39 -1 41 42 43 -1 44 45 46 -1 45 47 46 -1 48 49 50 -1 50 51 48 -1 37 36 40 -1 40 39 37 -1 52 53 54 -1 52 55 53 -1 56 57 58 -1 58 59 56 -1 60 61 62 -1 62 63 60 -1 64 65 66 -1 64 67 65 -1 68 19 69 -1 68 70 19 -1 15 71 72 -1 15 73 71 -1 74 75 76 -1 74 77 75 -1 78 79 80 -1 79 81 80 -1 82 83 84 -1 85 86 87 -1 88 89 90 -1 90 91 88 -1 92 93 94 -1 94 95 24 -1 12 96 97 -1 94 23 98 -1 46 47 30 -1 47 27 30 -1 94 99 92 -1 94 28 100 -1 64 66 101 -1 66 102 101 -1 102 103 104 -1 102 66 103 -1 8 105 106 -1 9 8 16 -1 11 107 108 -1 11 13 107 -1 22 12 109 -1 67 89 110 -1 89 88 110 -1 71 73 53 -1 53 111 71 -1 112 113 8 -1 114 115 116 -1 115 117 116 -1 85 118 119 -1 85 87 118 -1 120 12 121 -1 12 11 122 -1 19 70 20 -1 8 10 112 -1 123 103 66 -1 66 65 123 -1 124 125 126 -1 124 127 125 -1 67 110 128 -1 128 65 67 -1 94 29 28 -1 94 100 99 -1 38 129 130 -1 38 131 129 -1 132 94 98 -1 94 24 23 -1 94 133 95 -1 96 12 120 -1 93 133 94 -1 134 135 136 -1 134 6 135 -1 105 8 113 -1 76 75 0 -1 15 137 73 -1 138 70 68 -1 139 140 42 -1 42 41 139 -1 141 142 143 -1 144 145 138 -1 138 68 144 -1 146 67 64 -1 146 89 67 -1 147 142 141 -1 147 148 142 -1 149 150 60 -1 150 61 60 -1 143 142 57 -1 57 56 143 -1 132 29 94 -1 130 32 34 -1 34 38 130 -1 36 35 151 -1 151 152 36 -1 13 12 21 -1 153 141 143 -1 143 154 153 -1 155 114 116 -1 14 8 20 -1 108 156 11 -1 156 122 11 -1 72 71 157 -1 157 158 72 -1 159 160 161 -1 159 111 160 -1 162 163 164 -1 162 165 163 -1 97 109 12 -1 106 20 8 -1 122 121 12 -1 136 166 134 -1 166 167 134 -1 121 156 82 -1 156 121 122 -1 156 83 82 -1 135 83 156 -1 106 18 20 -1 168 18 106 -1 2 169 170 -1 4 169 2 -1 147 97 63 -1 147 109 97 -1 148 164 163 -1 164 148 62 -1 165 161 160 -1 161 165 162 -1 71 159 157 -1 71 111 159 -1 22 153 21 -1 22 141 153 -1 63 96 60 -1 97 96 63 -1 149 121 82 -1 121 149 120 -1 76 113 74 -1 113 76 105 -1 112 158 171 -1 10 158 112 -1 172 77 173 -1 172 75 77 -1 118 137 174 -1 118 54 137 -1 86 52 87 -1 86 59 52 -1 154 56 175 -1 154 143 56 -1 43 130 41 -1 43 32 130 -1 123 128 33 -1 65 128 123 -1 176 98 177 -1 176 132 98 -1 99 178 179 -1 99 100 178 -1 131 92 129 -1 131 93 92 -1 180 133 181 -1 180 95 133 -1 80 151 35 -1 126 151 80 -1 39 78 37 -1 78 39 182 -1 103 140 104 -1 103 42 140 -1 49 125 183 -1 49 184 125 -1 185 44 50 -1 186 44 185 -1 46 176 51 -1 176 46 30 -1 54 73 137 -1 54 53 73 -1 150 82 84 -1 82 150 149 -1 154 187 153 -1 154 90 187 -1 145 188 189 -1 188 145 144 -1 5 116 117 -1 7 116 5 -1 108 190 136 -1 108 107 190 -1 146 90 89 -1 90 146 187 -1 0 168 76 -1 168 0 3 -1 77 171 191 -1 74 171 77 -1 155 192 193 -1 155 173 192 -1 4 1 7 -1 4 2 1 -1 194 195 196 -1 195 194 197 -1 167 169 134 -1 167 198 169 -1 199 162 164 -1 199 200 162 -1 201 202 170 -1 202 201 203 -1 144 69 204 -1 69 144 68 -1 205 119 206 -1 119 205 85 -1 190 166 136 -1 190 207 166 -1 36 181 40 -1 181 36 180 -1 26 152 208 -1 26 25 152 -1 51 177 48 -1 177 51 176 -1 179 139 41 -1 179 178 139 -1 40 131 38 -1 181 131 40 -1 197 209 195 -1 197 210 209 -1 211 212 213 -1 211 127 212 -1 188 124 81 -1 214 124 188 -1 215 79 216 -1 189 79 215 -1 128 217 218 -1 217 128 110 -1 216 78 182 -1 79 78 216 -1 127 183 125 -1 127 211 183 -1 195 219 186 -1 209 219 195 -1 218 33 128 -1 218 31 33 -1 214 203 212 -1 214 204 203 -1 144 214 188 -1 144 204 214 -1 146 101 207 -1 101 146 64 -1 167 210 197 -1 167 166 210 -1 213 203 201 -1 212 203 213 -1 134 4 6 -1 134 169 4 -1 217 206 215 -1 217 205 206 -1 174 119 118 -1 138 119 174 -1 91 86 85 -1 175 86 91 -1 142 163 57 -1 148 163 142 -1 173 116 172 -1 173 155 116 -1 115 84 117 -1 115 150 84 -1 193 114 155 -1 114 193 200 -1 161 200 193 -1 162 200 161 -1 157 192 191 -1 159 192 157 -1 164 61 199 -1 61 164 62 -1 173 191 192 -1 173 77 191 -1 199 150 115 -1 150 199 61 -1 55 111 53 -1 55 160 111 -1 165 57 163 -1 165 58 57 -1 175 90 154 -1 90 175 91 -1 215 145 189 -1 215 206 145 -1 110 205 217 -1 110 88 205 -1 135 108 136 -1 135 156 108 -1 3 170 202 -1 3 2 170 -1 201 194 213 -1 201 198 194 -1 166 101 210 -1 166 207 101 -1 187 107 153 -1 187 190 107 -1 168 105 76 -1 106 105 168 -1 216 31 218 -1 182 31 216 -1 219 102 104 -1 209 102 219 -1 211 185 183 -1 211 196 185 -1 218 215 216 -1 215 218 217 -1 80 124 126 -1 124 80 81 -1 214 127 124 -1 214 212 127 -1 213 196 211 -1 196 213 194 -1 210 102 209 -1 102 210 101 -1 129 41 130 -1 129 179 41 -1 178 47 139 -1 178 27 47 -1 177 208 48 -1 177 26 208 -1 25 36 152 -1 36 25 180 -1 146 190 187 -1 146 207 190 -1 85 88 91 -1 85 205 88 -1 138 206 119 -1 138 145 206 -1 203 69 202 -1 203 204 69 -1 170 198 201 -1 170 169 198 -1 115 200 199 -1 115 114 200 -1 197 198 167 -1 197 194 198 -1 196 186 185 -1 186 196 195 -1 160 58 165 -1 55 58 160 -1 159 193 192 -1 193 159 161 -1 83 117 84 -1 5 117 83 -1 172 0 75 -1 0 172 1 -1 191 158 157 -1 158 191 171 -1 19 202 69 -1 19 18 202 -1 81 189 188 -1 81 79 189 -1 55 59 58 -1 59 55 52 -1 17 138 174 -1 17 70 138 -1 208 151 184 -1 151 208 152 -1 48 184 49 -1 208 184 48 -1 44 51 50 -1 44 46 51 -1 139 45 140 -1 47 45 139 -1 186 45 44 -1 219 45 186 -1 50 183 185 -1 50 49 183 -1 104 45 219 -1 104 140 45 -1 123 42 103 -1 123 43 42 -1 34 182 39 -1 182 34 31 -1 35 78 80 -1 35 37 78 -1 126 184 151 -1 125 184 126 -1 93 181 133 -1 181 93 131 -1 179 92 99 -1 129 92 179 -1 100 27 178 -1 100 28 27 -1 132 30 29 -1 30 132 176 -1 26 98 23 -1 177 98 26 -1 25 95 180 -1 25 24 95 -1 43 33 32 -1 123 33 43 -1 175 59 86 -1 175 56 59 -1 87 54 118 -1 87 52 54 -1 15 174 137 -1 174 15 17 -1 70 14 20 -1 70 17 14 -1 72 16 15 -1 16 72 9 -1 74 112 171 -1 112 74 113 -1 96 149 60 -1 120 149 96 -1 22 147 141 -1 109 147 22 -1 107 21 153 -1 21 107 13 -1 148 63 62 -1 148 147 63 -1 158 9 72 -1 10 9 158 -1 7 172 116 -1 7 1 172 -1 18 3 202 -1 3 18 168 -1 135 5 83 -1 6 5 135 -1' creaseAngle='1.571'>
            <Coordinate DEF='rmphal5_Coord' point='-6.4758 24.8735 1.6276 -6.4767 24.8689 1.6801 -6.4886 24.89 1.6833 -6.4974 24.8949 1.6316 -6.4718 24.8971 1.7369 -6.431 24.8842 1.7826 -6.4498 24.9038 1.7842 -6.4578 24.8777 1.7365 -6.4526 24.935 1.5842 -6.4208 24.9561 1.5643 -6.4158 24.9341 1.5667 -6.4065 24.967 1.8321 -6.3664 24.9853 1.8321 -6.4028 24.9993 1.834 -6.4607 24.9773 1.5838 -6.4331 25.0083 1.5649 -6.4429 24.9774 1.5691 -6.4616 25.0008 1.5828 -6.5109 24.9292 1.6197 -6.513 24.9621 1.6061 -6.4828 24.9486 1.5951 -6.3773 25.0147 1.8301 -6.34 25.0115 1.8287 -6.9108 25.2441 1.7151 -6.8834 25.2821 1.6848 -6.9055 25.2868 1.6147 -6.9687 25.2313 1.692 -6.8326 25.2455 1.9088 -6.8522 25.2563 1.8343 -6.8796 25.2355 1.8207 -6.9104 25.2192 1.8642 -6.7519 25.3696 1.7221 -6.7272 25.3912 1.8242 -6.7177 25.3818 1.822 -6.7618 25.3825 1.7219 -6.8441 25.331 1.5683 -6.8505 25.3409 1.5767 -6.8358 25.3391 1.5742 -6.7754 25.3868 1.7245 -6.7908 25.3751 1.6488 -6.7992 25.3769 1.658 -6.7399 25.3684 1.8634 -6.725 25.3643 1.876 -6.7255 25.3698 1.8654 -6.9168 25.1932 1.8841 -6.8167 25.2322 1.9387 -6.918 25.2075 1.8782 -6.8267 25.2427 1.9307 -6.9836 25.2022 1.7719 -6.9843 25.1865 1.772 -6.9559 25.1899 1.8332 -6.9549 25.204 1.8281 -6.3869 25.0318 1.6901 -6.4051 25.0299 1.6202 -6.4137 25.0338 1.6245 -6.3783 25.025 1.6884 -6.3611 25.0507 1.766 -6.351 25.048 1.7651 -6.3716 25.03 1.7066 -6.3814 25.0361 1.7042 -6.2951 24.9443 1.8273 -6.2929 24.9409 1.8197 -6.2886 24.9684 1.8167 -6.2941 24.9698 1.8256 -6.5469 25.1074 1.8256 -6.63 25.2233 1.8241 -6.6313 25.207 1.8421 -6.5463 25.1171 1.8089 -6.5062 25.0054 1.6024 -6.5262 24.9712 1.6128 -6.4924 25 1.5984 -6.3867 24.9774 1.5595 -6.396 24.9719 1.5538 -6.4206 25.0138 1.567 -6.4213 24.88 1.5865 -6.4629 24.8679 1.6243 -6.4636 24.8789 1.6104 -6.4146 24.8766 1.602 -6.822 25.3273 1.577 -6.7095 25.2041 1.6091 -6.8349 25.3156 1.5679 -6.7242 25.1917 1.6029 -6.3896 24.8995 1.825 -6.4014 24.8951 1.8187 -6.3902 24.8923 1.8174 -6.4495 25.0382 1.7095 -6.4124 25.0327 1.7093 -6.4166 25.0306 1.6995 -6.498 25.0843 1.7823 -6.4898 25.0803 1.8119 -6.413 25.054 1.8144 -6.4284 25.0499 1.7719 -6.7996 25.3346 1.776 -6.8114 25.3447 1.7399 -6.8555 25.2806 1.7587 -6.8536 25.3098 1.6838 -6.3312 24.965 1.83 -6.3286 24.9781 1.8298 -6.9154 25.232 1.755 -6.8003 25.3229 1.8087 -6.8212 25.2873 1.8375 -6.5648 25.0765 1.8382 -6.6539 25.1623 1.8708 -6.7153 25.3544 1.8738 -6.7405 25.2895 1.9291 -6.4629 24.9052 1.5982 -6.4766 24.9219 1.6025 -6.4282 25.0093 1.8352 -6.447 24.9507 1.824 -6.3274 24.9911 1.8271 -6.5492 25.1218 1.7901 -6.3781 24.9792 1.6181 -6.4189 24.9137 1.5758 -6.4328 24.8991 1.5852 -6.3838 24.8956 1.7287 -6.3576 24.8973 1.7708 -6.4468 24.8727 1.734 -6.4192 24.8808 1.7805 -6.4372 25.0267 1.6335 -6.473 25.0267 1.6468 -6.3518 24.9501 1.8286 -6.3785 24.9423 1.8289 -6.3925 24.9547 1.8305 -6.7159 25.3604 1.8624 -6.7633 25.1375 1.6216 -6.973 25.1908 1.6703 -6.9009 25.2624 1.5766 -6.7962 25.0808 1.6674 -6.6301 25.237 1.8021 -6.7597 25.3725 1.8059 -6.7401 25.3898 1.819 -6.7922 25.3744 1.7311 -6.9039 25.2277 1.7928 -6.8302 25.3276 1.7041 -6.4832 24.9268 1.7865 -6.4292 24.9175 1.8211 -6.4649 24.9515 1.8177 -6.4295 25.0176 1.5705 -6.4919 25.0107 1.6083 -6.7653 25.3074 1.9235 -6.7514 25.3009 1.9304 -6.3329 25.045 1.8269 -6.326 25.0457 1.818 -6.3387 25.0527 1.8177 -6.5588 25.0361 1.6195 -6.5509 25.0493 1.6267 -6.4905 25.0725 1.8215 -6.2995 24.9951 1.8234 -6.2961 24.9958 1.8156 -6.3364 24.915 1.8244 -6.336 24.9087 1.8172 -6.9126 25.277 1.5767 -6.9126 25.286 1.5861 -6.3666 25.0466 1.8255 -6.3677 25.0496 1.8171 -6.3923 24.8913 1.7076 -6.418 24.9243 1.8287 -6.3787 24.9358 1.566 -6.3869 24.9331 1.5588 -6.3708 24.9439 1.6225 -6.3583 24.9864 1.6862 -6.3567 24.9564 1.6895 -6.3459 24.9582 1.715 -6.3185 24.9946 1.7645 -6.3134 24.9625 1.7633 -6.3484 24.9856 1.7113 -6.5324 24.9908 1.8222 -6.5567 24.9602 1.7961 -6.4912 24.903 1.6193 -6.5015 24.9189 1.7431 -6.5179 24.9138 1.6884 -6.3947 24.8991 1.5711 -6.4666 24.8651 1.6785 -6.4029 24.8829 1.65 -6.4583 25.0112 1.5896 -6.3914 25.0444 1.7687 -6.9435 25.2149 1.8191 -6.9668 25.2138 1.7677 -6.7775 25.3029 1.905 -6.7518 25.36 1.8527 -6.8509 25.3364 1.6054 -6.8094 25.3654 1.6709 -6.7802 25.3607 1.6487 -6.9637 25.1674 1.7665 -6.9889 25.2079 1.6754 -6.9355 25.1675 1.8283 -6.9 25.1748 1.8785 -6.4151 25.0471 1.823 -6.6175 25.084 1.6208 -6.608 25.0992 1.628 -6.4448 25.0155 1.8322 -6.3873 24.8992 1.581 -6.3763 24.9093 1.6287 -6.3635 24.9257 1.6944 -6.6518 24.9851 1.7649 -6.7565 25.0724 1.8321 -6.7826 25.0615 1.7855 -6.6337 24.9975 1.8088 -6.5731 24.9511 1.7558 -6.3199 24.9315 1.7671 -6.3508 24.9302 1.7226 -6.5908 24.9483 1.7006 -6.5312 24.9256 1.6375 -6.5971 24.9634 1.6479 -6.5815 25.001 1.626 -6.5166 25.0748 1.7183 -6.5388 25.0652 1.6531 -6.5043 25.0399 1.8296 -6.9879 25.2214 1.6829 -6.7041 25.1101 1.8696 -6.5961 25.0301 1.8378 -6.7971 25.061 1.7316 -6.6702 25.0005 1.6587 -6.6666 24.9837 1.7112 -6.6462 25.0391 1.628 -6.5918 25.1118 1.6528 -6.6864 25.2258 1.6521 -6.5729 25.1176 1.722 -6.6581 25.2321 1.7281 -6.8044 25.2134 1.9345'/>
          </IndexedFaceSet>
        </Shape>
        <Shape DEF='rdphal'>
          <Appearance>
            <PhysicalMaterial baseColor='1 0.9765 0.8667' metallic='0' roughness='0.72'/>
          </Appearance>
          <IndexedFaceSet DEF='rdphal_Geo' coordIndex='0 1 2 -1 3 4 5 -1 6 7 8 -1 9 10 11 -1 9 12 10 -1 13 14 15 -1 13 16 14 -1 17 18 19 -1 20 21 22 -1 23 24 25 -1 23 26 24 -1 27 21 28 -1 29 30 31 -1 29 32 30 -1 33 21 34 -1 35 21 36 -1 37 38 39 -1 37 40 38 -1 41 2 42 -1 41 43 2 -1 44 45 46 -1 44 47 45 -1 48 49 50 -1 48 51 49 -1 2 7 52 -1 2 8 7 -1 53 54 55 -1 55 56 53 -1 52 0 2 -1 57 58 59 -1 60 61 62 -1 61 63 62 -1 64 65 66 -1 67 68 69 -1 68 70 69 -1 71 72 73 -1 71 74 72 -1 75 76 68 -1 76 70 68 -1 74 71 77 -1 78 79 80 -1 78 81 79 -1 82 83 65 -1 82 84 83 -1 66 65 85 -1 37 65 86 -1 87 50 44 -1 44 88 87 -1 89 21 90 -1 91 21 35 -1 92 56 55 -1 92 8 56 -1 93 94 95 -1 93 96 94 -1 97 24 98 -1 24 26 98 -1 99 21 100 -1 28 21 33 -1 101 102 83 -1 101 103 102 -1 34 21 104 -1 100 21 20 -1 14 16 25 -1 16 23 25 -1 105 6 106 -1 106 107 105 -1 81 57 79 -1 57 59 79 -1 108 109 110 -1 111 112 95 -1 112 93 95 -1 113 114 115 -1 115 116 113 -1 36 21 27 -1 5 52 117 -1 5 0 52 -1 82 65 39 -1 86 65 64 -1 118 119 120 -1 118 121 119 -1 122 123 124 -1 124 125 122 -1 126 127 128 -1 128 129 126 -1 130 80 131 -1 80 79 131 -1 52 132 117 -1 52 7 132 -1 133 134 68 -1 37 39 65 -1 135 58 57 -1 135 136 58 -1 130 96 80 -1 130 108 96 -1 78 112 137 -1 78 93 112 -1 71 138 77 -1 103 101 122 -1 122 42 103 -1 106 6 8 -1 8 92 106 -1 139 53 56 -1 56 43 139 -1 22 21 89 -1 104 21 99 -1 66 140 64 -1 140 141 64 -1 123 47 49 -1 49 124 123 -1 90 21 91 -1 94 142 95 -1 23 16 143 -1 143 144 23 -1 145 146 147 -1 145 148 146 -1 119 139 29 -1 139 32 29 -1 149 128 150 -1 151 127 152 -1 153 154 155 -1 111 133 156 -1 12 9 88 -1 76 157 158 -1 159 45 47 -1 160 3 5 -1 160 140 3 -1 45 157 76 -1 45 159 157 -1 70 40 69 -1 70 38 40 -1 161 162 77 -1 161 141 162 -1 132 136 63 -1 136 132 105 -1 163 62 135 -1 62 163 72 -1 112 73 137 -1 73 112 164 -1 164 111 156 -1 164 112 111 -1 19 154 153 -1 154 19 18 -1 165 166 167 -1 168 166 165 -1 169 170 171 -1 172 170 169 -1 173 174 175 -1 176 174 173 -1 177 178 143 -1 179 178 177 -1 180 181 182 -1 180 183 181 -1 22 184 185 -1 89 184 22 -1 90 186 187 -1 91 186 90 -1 188 36 189 -1 36 188 35 -1 190 28 191 -1 28 190 27 -1 33 192 193 -1 34 192 33 -1 104 194 195 -1 99 194 104 -1 176 196 153 -1 196 176 197 -1 185 165 19 -1 184 165 185 -1 187 169 168 -1 186 169 187 -1 172 189 183 -1 189 172 188 -1 181 191 15 -1 191 181 190 -1 193 177 13 -1 192 177 193 -1 195 173 179 -1 194 173 195 -1 149 198 128 -1 199 198 149 -1 200 201 144 -1 200 202 201 -1 152 203 204 -1 152 127 203 -1 127 150 128 -1 150 127 151 -1 205 206 207 -1 208 206 205 -1 209 210 211 -1 210 209 212 -1 213 120 214 -1 213 118 120 -1 18 199 149 -1 18 17 199 -1 215 148 216 -1 215 217 148 -1 218 51 48 -1 219 51 218 -1 220 126 221 -1 126 220 222 -1 223 219 224 -1 223 51 219 -1 53 119 121 -1 53 139 119 -1 98 54 97 -1 98 145 54 -1 225 110 109 -1 225 226 110 -1 227 228 229 -1 227 131 228 -1 230 146 231 -1 147 146 230 -1 201 98 26 -1 98 201 216 -1 226 94 110 -1 226 142 94 -1 210 180 214 -1 210 170 180 -1 124 51 223 -1 124 49 51 -1 232 47 123 -1 232 159 47 -1 158 84 82 -1 158 157 84 -1 86 141 161 -1 64 141 86 -1 140 85 3 -1 85 140 66 -1 4 103 1 -1 103 4 102 -1 119 211 120 -1 29 211 119 -1 175 200 178 -1 200 175 204 -1 205 17 167 -1 199 17 205 -1 41 30 32 -1 41 125 30 -1 50 233 48 -1 50 87 233 -1 221 116 220 -1 116 221 113 -1 146 217 234 -1 146 148 217 -1 106 230 229 -1 230 106 92 -1 235 115 109 -1 115 235 236 -1 9 114 88 -1 9 225 114 -1 101 123 122 -1 123 101 232 -1 164 71 73 -1 164 138 71 -1 78 96 93 -1 80 96 78 -1 109 130 235 -1 109 108 130 -1 95 237 111 -1 95 142 237 -1 68 10 75 -1 68 134 10 -1 117 63 61 -1 117 132 63 -1 5 61 160 -1 117 61 5 -1 228 58 107 -1 228 59 58 -1 96 110 94 -1 96 108 110 -1 14 213 182 -1 213 14 25 -1 43 8 2 -1 43 56 8 -1 235 131 227 -1 131 235 130 -1 29 209 211 -1 31 209 29 -1 212 170 210 -1 212 171 170 -1 42 125 41 -1 42 122 125 -1 46 76 75 -1 46 45 76 -1 182 214 180 -1 182 213 214 -1 92 147 230 -1 92 55 147 -1 226 9 11 -1 226 225 9 -1 229 107 106 -1 107 229 228 -1 135 81 163 -1 135 57 81 -1 222 127 126 -1 222 203 127 -1 178 144 143 -1 178 200 144 -1 155 152 174 -1 155 151 152 -1 67 77 138 -1 77 67 69 -1 162 74 77 -1 162 60 74 -1 204 174 152 -1 175 174 204 -1 202 216 201 -1 202 215 216 -1 87 114 113 -1 88 114 87 -1 149 154 18 -1 150 154 149 -1 196 22 185 -1 196 20 22 -1 218 128 198 -1 129 128 218 -1 83 85 65 -1 102 85 83 -1 166 212 208 -1 166 171 212 -1 31 206 209 -1 224 206 31 -1 163 78 137 -1 81 78 163 -1 231 234 236 -1 146 234 231 -1 232 83 84 -1 232 101 83 -1 97 118 24 -1 121 118 97 -1 142 11 237 -1 142 226 11 -1 136 107 58 -1 107 136 105 -1 60 72 74 -1 60 62 72 -1 156 138 164 -1 67 138 156 -1 12 75 10 -1 75 12 46 -1 60 160 61 -1 162 160 60 -1 236 116 115 -1 234 116 236 -1 46 88 44 -1 46 12 88 -1 114 109 115 -1 114 225 109 -1 227 236 235 -1 236 227 231 -1 55 145 147 -1 55 54 145 -1 220 234 217 -1 234 220 116 -1 87 221 233 -1 113 221 87 -1 125 223 30 -1 124 223 125 -1 198 219 218 -1 198 207 219 -1 47 50 49 -1 50 47 44 -1 222 202 203 -1 215 202 222 -1 43 32 139 -1 32 43 41 -1 42 1 103 -1 42 2 1 -1 102 3 85 -1 102 4 3 -1 40 86 161 -1 86 40 37 -1 82 38 158 -1 39 38 82 -1 159 84 157 -1 84 159 232 -1 224 207 206 -1 224 219 207 -1 167 208 205 -1 208 167 166 -1 229 231 227 -1 230 231 229 -1 131 59 228 -1 131 79 59 -1 216 145 98 -1 216 148 145 -1 54 121 97 -1 54 53 121 -1 30 224 31 -1 30 223 224 -1 233 126 129 -1 233 221 126 -1 222 217 215 -1 222 220 217 -1 129 48 233 -1 218 48 129 -1 67 133 68 -1 67 156 133 -1 151 154 150 -1 151 155 154 -1 25 118 213 -1 25 24 118 -1 211 214 120 -1 214 211 210 -1 208 209 206 -1 212 209 208 -1 204 202 200 -1 204 203 202 -1 26 144 201 -1 144 26 23 -1 207 199 205 -1 207 198 199 -1 194 176 173 -1 197 176 194 -1 192 179 177 -1 195 179 192 -1 15 193 13 -1 193 15 191 -1 183 190 181 -1 190 183 189 -1 186 172 169 -1 188 172 186 -1 184 168 165 -1 187 168 184 -1 153 185 19 -1 185 153 196 -1 194 100 197 -1 100 194 99 -1 34 195 192 -1 104 195 34 -1 191 33 193 -1 33 191 28 -1 189 27 190 -1 27 189 36 -1 91 188 186 -1 35 188 91 -1 89 187 184 -1 90 187 89 -1 197 20 196 -1 197 100 20 -1 172 180 170 -1 183 180 172 -1 182 15 14 -1 182 181 15 -1 13 143 16 -1 177 143 13 -1 179 175 178 -1 173 175 179 -1 153 174 176 -1 153 155 174 -1 171 168 169 -1 171 166 168 -1 19 167 17 -1 19 165 167 -1 237 10 134 -1 11 10 237 -1 237 133 111 -1 133 237 134 -1 137 72 163 -1 72 137 73 -1 63 135 62 -1 63 136 135 -1 6 132 7 -1 105 132 6 -1 69 161 77 -1 69 40 161 -1 158 70 76 -1 158 38 70 -1 141 160 162 -1 141 140 160 -1 5 1 0 -1 1 5 4 -1' creaseAngle='1.571'>
            <Coordinate DEF='rdphal_Coord' point='-5.371 26.1346 4.1086 -5.3541 26.1338 4.1077 -5.3924 26.1987 4.0826 -5.3437 26.0603 4.1412 -5.346 26.0726 4.1387 -5.3625 26.0696 4.1394 -5.402 26.1214 4.0761 -5.3953 26.1272 4.0942 -5.4316 26.1857 4.0656 -5.2926 26.1017 4.0141 -5.2524 26.0435 4.047 -5.2644 26.0377 4.0288 -5.2795 26.1094 4.0267 -5.6124 26.3978 3.9365 -5.6064 26.4062 3.9815 -5.6007 26.4118 3.9739 -5.6171 26.3905 3.9384 -5.2736 26.4624 3.8485 -5.2746 26.4612 3.8464 -5.282 26.4684 3.8477 -5.4063 26.4461 3.8514 -5.4498 26.4476 3.8784 -5.3863 26.4564 3.8614 -5.6139 26.3586 3.9503 -5.6103 26.34 4.0119 -5.6105 26.3764 3.9974 -5.5898 26.3272 3.9576 -5.4898 26.4413 3.9195 -5.5067 26.4322 3.9159 -5.4226 26.3764 4.0208 -5.3368 26.3498 4.0189 -5.3421 26.387 4 -5.4075 26.341 4.0299 -5.5122 26.4266 3.9033 -5.505 26.4312 3.8847 -5.4428 26.4582 3.9044 -5.468 26.4509 3.9171 -5.285 25.9741 4.1226 -5.2702 25.9807 4.1105 -5.2802 25.9941 4.1207 -5.2822 25.9481 4.1101 -5.3876 26.2696 4.0505 -5.3618 26.2026 4.0752 -5.4364 26.26 4.0554 -5.2843 26.1733 4.0176 -5.2776 26.1167 4.0505 -5.2721 26.1144 4.0381 -5.2864 26.1834 4.0339 -5.258 26.3067 3.9735 -5.2734 26.26 4.0224 -5.2752 26.2426 4.0061 -5.2596 26.3309 3.9871 -5.3877 26.1332 4.1071 -5.529 26.2998 4.0302 -5.5516 26.2777 4.0029 -5.4971 26.2255 4.011 -5.4794 26.2411 4.0393 -5.3849 25.9649 4.0448 -5.3943 25.9867 4.0618 -5.3856 25.9883 4.044 -5.3595 25.9452 4.1161 -5.3738 25.9843 4.14 -5.3788 25.9475 4.1001 -5.3873 25.9862 4.12 -5.3119 25.9789 4.1357 -5.2987 26.0094 4.1347 -5.3192 25.9988 4.1434 -5.2671 25.9292 4.0751 -5.2413 25.9704 4.0757 -5.2746 25.939 4.0972 -5.2593 25.977 4.0977 -5.3257 25.9031 4.0785 -5.3635 25.9178 4.0678 -5.3396 25.9005 4.052 -5.3418 25.9171 4.085 -5.2509 26.0538 4.0663 -5.2609 26.059 4.0863 -5.3122 25.9202 4.1023 -5.3502 25.9379 4.0169 -5.3688 25.9879 4.0331 -5.3557 25.9871 4.0165 -5.3727 25.9456 4.0311 -5.2826 26.0366 4.117 -5.3069 26.081 4.1192 -5.286 26.0703 4.1049 -5.3249 26.0402 4.1397 -5.3009 25.9646 4.1243 -5.2952 26.2235 3.9872 -5.2943 26.1631 4.0031 -5.3895 26.463 3.872 -5.404 26.4637 3.8815 -5.4184 26.4641 3.8912 -5.4474 26.1735 4.0315 -5.3199 25.9352 4.0168 -5.3063 25.9851 4.0153 -5.2979 25.9564 4.0094 -5.3339 25.9871 4.0154 -5.5877 26.3049 4.009 -5.5659 26.2975 3.9666 -5.4601 26.4426 3.8502 -5.4346 26.4472 3.8466 -5.3131 26.1229 4.0918 -5.3307 26.0768 4.1317 -5.3369 26.131 4.1044 -5.4852 26.4352 3.8659 -5.4094 26.057 4.0989 -5.4099 26.1139 4.0457 -5.4052 26.0503 4.054 -5.3405 26.0402 4.0068 -5.3454 26.0948 4.002 -5.3236 26.0391 4.0063 -5.2717 25.9336 4.0306 -5.3138 25.9089 4.0234 -5.3512 26.2155 3.955 -5.3308 26.1536 3.9805 -5.3751 26.162 3.9776 -5.4126 26.2235 3.9412 -5.3839 26.0674 4.1331 -5.5741 26.3589 4.0352 -5.4991 26.3546 4.0435 -5.514 26.3799 4.0371 -5.5572 26.3275 4.037 -5.3291 26.2051 4.0617 -5.3048 26.1945 4.0486 -5.3003 26.2703 4.0323 -5.335 26.2794 4.0403 -5.3672 26.3148 3.8584 -5.3768 26.3576 3.8125 -5.259 26.3438 3.8716 -5.2563 26.3149 3.9212 -5.3597 26.0415 4.0148 -5.3776 26.0445 4.0251 -5.4021 26.0605 4.1204 -5.2562 25.9412 4.05 -5.2443 25.9739 4.0543 -5.389 25.9563 4.0828 -5.3942 25.9898 4.0984 -5.3466 25.9098 4.0347 -5.3085 25.9063 4.0675 -5.4786 26.3286 4.0407 -5.3338 25.9918 4.1469 -5.3211 25.9575 4.1294 -5.2844 25.9835 4.0153 -5.5967 26.4021 3.884 -5.5758 26.3685 3.895 -5.5358 26.2724 3.976 -5.4626 26.2196 3.9749 -5.4854 26.2208 3.9926 -5.5111 26.27 3.9485 -5.2676 26.4057 3.8527 -5.2955 26.3943 3.8336 -5.3507 26.4012 3.8081 -5.3931 26.4063 3.7988 -5.331 26.4436 3.8125 -5.3238 26.4377 3.8105 -5.3308 26.437 3.8076 -5.2646 25.9274 4.0487 -5.2719 26.0641 4.0977 -5.2712 26.0531 4.102 -5.2853 26.1188 4.0629 -5.3498 25.9872 4.1464 -5.305 25.9379 4.1143 -5.3365 25.9505 4.1264 -5.3731 25.9263 4.0515 -5.3103 25.8997 4.038 -5.2892 26.4865 3.8727 -5.3177 26.4906 3.8984 -5.2817 26.4834 3.8779 -5.3229 26.4926 3.8914 -5.3613 26.4965 3.916 -5.4254 26.4788 3.9598 -5.3559 26.4947 3.9234 -5.4288 26.481 3.9518 -5.4792 26.4362 3.799 -5.4099 26.4439 3.7901 -5.4791 26.4309 3.7955 -5.4117 26.4495 3.7942 -5.5945 26.4073 3.8857 -5.5459 26.4105 3.8342 -5.5456 26.4157 3.8376 -5.5018 26.4556 3.9969 -5.5601 26.4338 3.9906 -5.5641 26.4291 3.9997 -5.5011 26.4591 3.9877 -5.3325 26.4759 3.8704 -5.3265 26.4619 3.8499 -5.3869 26.4811 3.9052 -5.3591 26.4794 3.8868 -5.4351 26.4696 3.9308 -5.4858 26.4543 3.9563 -5.5291 26.4353 3.9603 -5.5606 26.4183 3.9512 -5.5553 26.4165 3.8872 -5.5696 26.4079 3.9248 -5.4706 26.4376 3.8218 -5.5184 26.4232 3.8508 -5.3649 26.4434 3.8273 -5.4211 26.4469 3.8164 -5.2387 26.3627 3.9091 -5.2581 26.4152 3.8708 -5.5266 26.3803 3.8445 -5.5468 26.325 3.8995 -5.5014 26.3408 3.8537 -5.4463 26.3506 3.8218 -5.4646 26.3954 3.8072 -5.2637 26.4348 3.8976 -5.2919 26.4093 3.9496 -5.2422 26.3794 3.9332 -5.3058 26.4543 3.9188 -5.3483 26.4227 3.9774 -5.4299 26.448 3.9807 -5.4338 26.4092 4.0052 -5.3523 26.4634 3.9472 -5.571 26.3971 4.0179 -5.5087 26.4215 4.0163 -5.4933 26.3068 3.8884 -5.5325 26.2954 3.9248 -5.4823 26.275 3.9224 -5.2405 26.3325 3.9431 -5.2458 26.3542 3.9619 -5.4452 26.2768 3.9026 -5.3586 26.28 3.9142 -5.4472 26.315 3.8577 -5.2942 26.3415 4.0034 -5.2897 26.3759 3.9782 -5.3125 26.0909 3.9998 -5.2948 26.0365 4.0054 -5.3825 26.1022 4.0199 -5.3956 26.0464 4.0362 -5.4007 26.1068 4.0306 -5.437 26.1679 4.017 -5.4166 26.1657 4.0039 -5.2952 26.1208 4.0751 -5.2797 26.2841 3.9555 -5.4359 26.2215 3.9574 -5.3632 26.0984 4.0106 -5.394 26.164 3.9901 -5.2557 25.9777 4.0364'/>
          </IndexedFaceSet>
        </Shape>
        <Shape DEF='rdphal2'>
          <Appearance>
            <PhysicalMaterial baseColor='1 0.9765 0.8667' metallic='0' roughness='0.72'/>
          </Appearance>
          <IndexedFaceSet DEF='rdphal2_Geo' coordIndex='0 1 2 -1 3 4 5 -1 6 7 8 -1 9 10 11 -1 9 12 10 -1 13 14 15 -1 16 17 18 -1 19 20 21 -1 20 22 21 -1 23 17 24 -1 25 17 26 -1 27 17 28 -1 29 30 31 -1 30 32 31 -1 33 34 35 -1 33 36 34 -1 37 7 0 -1 7 6 0 -1 38 39 40 -1 40 41 38 -1 42 43 44 -1 42 45 43 -1 0 2 37 -1 46 47 48 -1 49 50 51 -1 49 52 50 -1 53 54 55 -1 56 57 58 -1 56 59 57 -1 60 61 62 -1 61 63 62 -1 50 64 65 -1 50 52 64 -1 57 66 67 -1 57 59 66 -1 68 62 63 -1 69 70 71 -1 70 72 71 -1 73 74 75 -1 75 54 73 -1 76 54 53 -1 77 54 31 -1 78 17 79 -1 28 17 80 -1 81 82 83 -1 82 84 83 -1 72 48 85 -1 48 86 85 -1 87 17 88 -1 26 17 23 -1 73 89 90 -1 73 91 89 -1 92 17 25 -1 18 17 87 -1 93 8 94 -1 94 95 93 -1 46 48 72 -1 72 70 46 -1 96 43 97 -1 81 98 99 -1 81 83 98 -1 24 17 27 -1 29 54 75 -1 55 54 77 -1 100 101 102 -1 101 103 102 -1 104 105 106 -1 106 107 104 -1 108 70 109 -1 70 69 109 -1 64 7 37 -1 37 65 64 -1 57 110 111 -1 54 29 31 -1 48 47 86 -1 47 112 86 -1 84 97 109 -1 109 69 84 -1 113 98 71 -1 98 83 71 -1 68 114 62 -1 115 90 116 -1 90 89 116 -1 43 117 118 -1 118 44 43 -1 119 45 42 -1 42 120 119 -1 121 122 123 -1 123 124 121 -1 79 17 16 -1 88 17 92 -1 125 126 127 -1 127 128 125 -1 55 129 53 -1 55 130 129 -1 131 132 74 -1 131 133 132 -1 80 17 78 -1 81 134 82 -1 135 136 21 -1 135 137 136 -1 138 104 139 -1 140 105 141 -1 21 142 135 -1 21 22 142 -1 143 144 145 -1 146 111 99 -1 147 11 10 -1 148 132 66 -1 34 36 133 -1 3 129 149 -1 3 5 129 -1 66 133 36 -1 66 132 133 -1 56 30 59 -1 56 32 30 -1 150 151 68 -1 150 130 151 -1 112 64 52 -1 94 64 112 -1 61 86 49 -1 61 85 86 -1 113 152 98 -1 152 113 60 -1 99 152 146 -1 99 98 152 -1 13 144 14 -1 13 145 144 -1 153 154 155 -1 154 153 156 -1 157 158 159 -1 158 157 160 -1 161 162 163 -1 162 161 164 -1 165 166 137 -1 166 165 167 -1 136 168 169 -1 168 136 170 -1 171 172 173 -1 171 174 172 -1 79 175 176 -1 16 175 79 -1 177 78 178 -1 78 177 80 -1 179 28 180 -1 28 179 27 -1 23 181 182 -1 24 181 23 -1 25 183 184 -1 26 183 25 -1 185 92 186 -1 92 185 88 -1 187 164 145 -1 188 164 187 -1 176 13 154 -1 175 13 176 -1 158 178 156 -1 178 158 177 -1 172 180 160 -1 180 172 179 -1 182 174 168 -1 181 174 182 -1 184 170 166 -1 183 170 184 -1 162 186 167 -1 186 162 185 -1 189 104 190 -1 139 104 189 -1 135 127 191 -1 135 142 127 -1 192 105 140 -1 192 126 105 -1 138 105 104 -1 141 105 138 -1 193 194 195 -1 193 196 194 -1 197 198 199 -1 197 200 198 -1 201 102 202 -1 201 100 102 -1 15 139 189 -1 15 14 139 -1 203 123 128 -1 203 204 123 -1 205 206 207 -1 206 205 208 -1 106 122 209 -1 125 122 106 -1 210 205 211 -1 208 205 210 -1 38 212 213 -1 38 41 212 -1 101 214 103 -1 101 215 214 -1 216 217 218 -1 216 219 217 -1 43 220 117 -1 96 220 43 -1 108 221 222 -1 108 119 221 -1 223 120 224 -1 225 120 223 -1 22 203 142 -1 203 22 218 -1 96 134 220 -1 82 134 96 -1 198 173 157 -1 201 173 198 -1 211 226 227 -1 211 205 226 -1 228 133 131 -1 228 34 133 -1 74 148 75 -1 74 132 148 -1 55 151 130 -1 77 151 55 -1 5 53 129 -1 53 5 76 -1 1 91 4 -1 91 1 89 -1 116 229 40 -1 116 0 229 -1 212 100 200 -1 101 100 212 -1 165 192 163 -1 192 165 191 -1 207 226 205 -1 230 226 207 -1 189 155 15 -1 195 155 189 -1 231 230 207 -1 231 232 230 -1 121 209 122 -1 233 209 121 -1 204 124 123 -1 124 204 224 -1 214 234 219 -1 234 214 235 -1 221 236 93 -1 236 221 225 -1 117 147 118 -1 117 11 147 -1 115 131 90 -1 131 115 228 -1 62 152 60 -1 62 114 152 -1 83 69 71 -1 83 84 69 -1 45 97 43 -1 109 97 45 -1 134 99 237 -1 99 134 81 -1 67 110 57 -1 67 12 110 -1 65 149 50 -1 3 149 65 -1 46 95 47 -1 95 46 222 -1 82 97 84 -1 96 97 82 -1 19 171 202 -1 19 169 171 -1 6 229 0 -1 6 235 229 -1 109 119 108 -1 109 45 119 -1 213 200 197 -1 212 200 213 -1 199 157 159 -1 198 157 199 -1 115 40 39 -1 40 115 116 -1 67 36 33 -1 67 66 36 -1 230 147 35 -1 230 232 147 -1 173 202 171 -1 201 202 173 -1 234 225 223 -1 234 236 225 -1 236 235 6 -1 234 235 236 -1 11 220 9 -1 11 117 220 -1 222 93 95 -1 222 221 93 -1 105 125 106 -1 105 126 125 -1 20 218 22 -1 218 20 216 -1 137 191 165 -1 135 191 137 -1 161 141 143 -1 161 140 141 -1 68 58 114 -1 56 58 68 -1 51 68 63 -1 51 150 68 -1 192 161 163 -1 192 140 161 -1 21 169 19 -1 21 136 169 -1 142 128 127 -1 142 203 128 -1 118 232 233 -1 232 118 147 -1 44 233 121 -1 44 118 233 -1 138 14 144 -1 139 14 138 -1 16 187 175 -1 16 18 187 -1 107 190 104 -1 206 190 107 -1 37 3 65 -1 37 2 3 -1 54 91 73 -1 54 76 91 -1 159 194 199 -1 194 159 153 -1 210 197 196 -1 213 197 210 -1 39 228 115 -1 227 228 39 -1 72 113 71 -1 85 113 72 -1 224 42 124 -1 120 42 224 -1 74 90 131 -1 74 73 90 -1 102 216 20 -1 216 102 103 -1 134 9 220 -1 9 134 237 -1 94 47 95 -1 94 112 47 -1 49 63 61 -1 63 49 51 -1 114 146 152 -1 146 114 58 -1 33 12 67 -1 33 10 12 -1 150 50 149 -1 51 50 150 -1 124 44 121 -1 42 44 124 -1 10 35 147 -1 10 33 35 -1 6 93 236 -1 6 8 93 -1 219 223 217 -1 219 234 223 -1 233 231 209 -1 232 231 233 -1 227 38 211 -1 39 38 227 -1 229 214 215 -1 235 214 229 -1 206 193 190 -1 208 193 206 -1 226 35 34 -1 35 226 230 -1 40 215 41 -1 40 229 215 -1 89 0 116 -1 89 1 0 -1 76 4 91 -1 76 5 4 -1 77 32 151 -1 31 32 77 -1 30 75 148 -1 75 30 29 -1 227 34 228 -1 227 226 34 -1 196 208 210 -1 196 193 208 -1 195 153 155 -1 153 195 194 -1 217 224 204 -1 223 224 217 -1 225 119 120 -1 221 119 225 -1 70 222 46 -1 70 108 222 -1 218 204 203 -1 218 217 204 -1 103 219 216 -1 103 214 219 -1 41 101 212 -1 41 215 101 -1 211 213 210 -1 211 38 213 -1 209 107 106 -1 209 231 107 -1 128 122 125 -1 128 123 122 -1 207 107 231 -1 107 207 206 -1 111 58 57 -1 111 146 58 -1 144 141 138 -1 144 143 141 -1 20 202 102 -1 202 20 19 -1 201 200 100 -1 198 200 201 -1 199 196 197 -1 194 196 199 -1 191 126 192 -1 191 127 126 -1 190 195 189 -1 190 193 195 -1 164 185 162 -1 185 164 188 -1 167 184 166 -1 184 167 186 -1 183 168 170 -1 182 168 183 -1 181 172 174 -1 179 172 181 -1 160 177 158 -1 177 160 180 -1 156 176 154 -1 176 156 178 -1 175 145 13 -1 187 145 175 -1 188 88 185 -1 88 188 87 -1 186 25 184 -1 25 186 92 -1 26 182 183 -1 23 182 26 -1 24 179 181 -1 27 179 24 -1 180 80 177 -1 80 180 28 -1 178 79 176 -1 79 178 78 -1 18 188 187 -1 18 87 188 -1 173 160 157 -1 160 173 172 -1 169 174 171 -1 169 168 174 -1 137 170 136 -1 170 137 166 -1 163 167 165 -1 167 163 162 -1 164 143 145 -1 164 161 143 -1 156 159 158 -1 156 153 159 -1 154 15 155 -1 154 13 15 -1 12 237 110 -1 237 12 9 -1 111 237 99 -1 110 237 111 -1 85 60 113 -1 60 85 61 -1 49 112 52 -1 49 86 112 -1 94 7 64 -1 8 7 94 -1 151 56 68 -1 151 32 56 -1 59 148 66 -1 59 30 148 -1 149 130 150 -1 149 129 130 -1 2 4 3 -1 4 2 1 -1' creaseAngle='1.571'>
            <Coordinate DEF='rdphal2_Coord' point='-5.7154 24.9026 4.1441 -5.6758 24.882 4.112 -5.6703 24.8933 4.1186 -5.6201 24.8821 4.0982 -5.628 24.8697 4.0923 -5.6208 24.8694 4.0863 -5.7077 24.9421 4.1403 -5.6672 24.9221 4.1161 -5.6727 24.9406 4.1061 -5.7057 24.8917 3.9789 -5.7337 24.8898 4.0337 -5.7334 24.9093 4.0269 -5.7017 24.8695 3.9869 -5.9893 24.9143 4.1242 -5.9896 24.9119 4.1172 -5.9891 24.9094 4.1187 -5.9451 24.9825 4.1596 -5.9238 25.0193 4.1805 -5.9441 25.0065 4.1536 -5.805 25.0614 4.2532 -5.7801 25.0489 4.2424 -5.8207 25.1076 4.2193 -5.8111 25.0807 4.196 -5.8911 25.0369 4.2068 -5.8946 25.0195 4.2094 -5.9075 25.0604 4.1904 -5.8949 25.0522 4.1987 -5.9019 25.0033 4.208 -5.9143 24.9928 4.1988 -5.6221 24.8519 4.0108 -5.6251 24.8545 3.9931 -5.6081 24.8592 4.0046 -5.6032 24.8716 3.9826 -5.732 24.8755 4.0397 -5.766 24.8747 4.0781 -5.7713 24.8858 4.0635 -5.7238 24.8705 4.0496 -5.6651 24.9066 4.1231 -5.8309 24.8711 4.1769 -5.794 24.8794 4.1468 -5.7723 24.8949 4.1645 -5.8089 24.8968 4.1975 -5.7524 24.9791 4.0751 -5.721 24.9565 4.034 -5.7643 24.9766 4.0614 -5.7119 24.9626 4.0469 -5.6258 24.983 4.0166 -5.6102 24.9781 4.0308 -5.6127 24.9878 4.0057 -5.5707 24.9511 4.0266 -5.5675 24.9119 4.0654 -5.5671 24.9266 4.0249 -5.576 24.9347 4.0613 -5.595 24.865 4.0463 -5.6144 24.8527 4.0357 -5.5919 24.8696 4.0285 -5.6096 24.8766 3.9663 -5.653 24.8581 3.9524 -5.6213 24.8879 3.9443 -5.6355 24.8555 3.9782 -5.5917 24.9646 3.9538 -5.5814 24.968 3.9844 -5.5819 24.936 3.9635 -5.5788 24.9405 3.9828 -5.6124 24.9262 4.101 -5.6151 24.9025 4.103 -5.682 24.8462 4.0222 -5.6953 24.8533 4.0037 -5.5813 24.9061 3.9792 -5.6541 24.979 3.9848 -5.639 24.9776 4.0014 -5.6295 24.9866 3.9578 -5.6157 24.9924 3.9818 -5.657 24.8527 4.0717 -5.6672 24.8497 4.05 -5.6454 24.8462 4.033 -5.6178 24.8613 4.0667 -5.5956 24.8724 4.009 -5.9339 24.9798 4.1795 -5.9411 24.9761 4.17 -5.9268 24.9835 4.1888 -5.6649 24.9477 3.9357 -5.6732 24.9431 3.9579 -5.6402 24.9646 3.9406 -5.6634 24.9633 3.973 -5.5924 24.9839 3.9841 -5.5824 24.968 4.026 -5.9446 25.0307 4.1597 -5.9376 25.0484 4.1665 -5.6816 24.8727 4.1031 -5.6919 24.8664 4.0851 -5.6396 24.8624 4.0847 -5.9222 25.0582 4.1775 -5.6845 24.9685 4.0891 -5.6211 24.9468 4.0905 -5.6465 24.9753 4.0606 -5.6985 24.9502 3.9942 -5.6928 24.9619 4.0022 -5.6245 24.962 3.9278 -5.6498 24.9195 3.9228 -5.8069 24.9475 4.2481 -5.7948 24.9332 4.2354 -5.7872 24.9956 4.2528 -5.7752 24.9809 4.2339 -5.9297 24.9291 4.067 -5.9402 25.0349 4.0755 -5.8985 25.0085 4.0749 -5.8915 24.914 4.0752 -5.6708 24.9757 4.0301 -5.6818 24.9703 4.0154 -5.6672 24.8736 3.9432 -5.6478 24.8933 3.93 -5.589 24.9532 4.0536 -5.6048 24.9791 3.9519 -5.5974 24.9296 3.9496 -5.7485 24.8767 4.1181 -5.7303 24.887 4.1337 -5.7309 24.9353 4.0189 -5.77 24.9476 4.0467 -5.7022 24.9692 4.0605 -5.7385 24.9827 4.0908 -5.8077 25.0023 4.0845 -5.8456 25.03 4.0999 -5.8277 25.037 4.12 -5.792 25.0019 4.1002 -5.8849 25.0606 4.095 -5.9197 25.0806 4.0952 -5.8885 25.0997 4.1215 -5.8575 25.0695 4.1191 -5.5831 24.8755 4.0526 -5.5805 24.8859 4.019 -5.706 24.8654 4.0701 -5.6736 24.8455 4.0363 -5.7152 24.8671 4.0597 -5.681 24.9271 3.9459 -5.864 25.1207 4.1828 -5.8381 25.1175 4.2359 -5.8765 25.1395 4.2121 -5.9597 24.9546 4.0854 -5.9615 24.92 4.0937 -5.9652 25.0432 4.0991 -5.9649 25.0075 4.0896 -5.8498 25.0994 4.1496 -5.986 24.9841 4.1016 -5.9861 24.977 4.1016 -5.9852 24.9792 4.1082 -5.6379 24.9038 3.9266 -5.7716 24.9044 4.0541 -5.6663 24.8443 4.0306 -5.5746 24.889 4.0583 -5.5726 24.9012 4.0216 -5.586 24.8885 3.9916 -5.6118 24.952 3.9298 -5.9553 24.9007 4.1788 -5.9794 24.8982 4.1507 -5.9774 24.8903 4.1495 -5.959 24.9084 4.1774 -5.8962 24.9388 4.2378 -5.9377 24.9192 4.2054 -5.9338 24.9109 4.2071 -5.9009 24.9466 4.2355 -5.9863 25.0524 4.1202 -5.9657 25.1007 4.1457 -5.9657 25.1043 4.1409 -5.9856 25.0495 4.1262 -5.9203 25.1333 4.1732 -5.8785 25.1355 4.2152 -5.9208 25.1294 4.1778 -5.8338 25.0727 4.2594 -5.8258 25.0718 4.2622 -5.8436 25.1142 4.2377 -5.8362 25.0197 4.2701 -5.8644 24.9774 4.2625 -5.858 24.9713 4.2659 -5.8437 25.0235 4.2665 -5.9679 24.9461 4.1393 -5.9599 24.9333 4.1602 -5.9309 24.9479 4.198 -5.9453 24.9406 4.1792 -5.8809 24.9877 4.2367 -5.9059 24.9666 4.2183 -5.8663 25.0201 4.2395 -5.8593 25.0549 4.2343 -5.8667 25.0853 4.2182 -5.892 25.1016 4.2017 -5.9524 25.0775 4.1538 -5.9215 25.0971 4.1757 -5.9657 24.9935 4.1275 -5.9665 25.0417 4.1399 -5.9576 24.8991 4.1061 -5.9218 24.8875 4.0918 -5.9055 25.1176 4.1491 -5.9442 25.0933 4.1196 -5.9134 24.8672 4.116 -5.9289 24.8883 4.1697 -5.9474 24.8794 4.1338 -5.8983 24.8739 4.1593 -5.876 24.882 4.1982 -5.8719 24.9281 4.2333 -5.9068 24.8978 4.2035 -5.8442 24.9144 4.2269 -5.8345 24.9604 4.2577 -5.8138 25.0087 4.2622 -5.8265 25.0685 4.1443 -5.8056 25.0349 4.1407 -5.8612 24.8673 4.1212 -5.8914 24.884 4.0917 -5.86 24.8875 4.0977 -5.8875 24.8638 4.1175 -5.8562 24.9786 4.0834 -5.8723 24.867 4.1551 -5.8461 24.8673 4.1494 -5.8252 24.9014 4.2155 -5.8528 24.8733 4.1894 -5.771 24.9687 4.2093 -5.788 24.9253 4.2157 -5.7703 25.0335 4.2169 -5.7859 25.0269 4.1656 -5.7977 25.0544 4.1797 -5.7687 25.014 4.1897 -5.7082 24.93 3.9791 -5.6926 24.9739 4.0745 -5.6588 24.9811 4.0448 -5.7576 25.0024 4.1367 -5.7741 25.0026 4.1182 -5.7258 24.9848 4.1062 -5.8132 24.8748 4.1005 -5.8039 24.8757 4.1234 -5.7574 24.8743 4.098 -5.7539 24.9164 4.1773 -5.8147 24.889 4.0833 -5.8548 24.9159 4.083 -5.8116 24.9104 4.0719 -5.8116 24.9619 4.0685 -5.7456 24.9942 4.1539 -5.7423 24.956 4.1722 -5.7171 24.9789 4.1208 -5.676 24.8931 3.9405'/>
          </IndexedFaceSet>
        </Shape>
        <Shape DEF='rdphal3'>
          <Appearance>
            <PhysicalMaterial baseColor='1 0.9765 0.8667' metallic='0' roughness='0.72'/>
          </Appearance>
          <IndexedFaceSet DEF='rdphal3_Geo' coordIndex='0 1 2 -1 3 4 5 -1 6 7 8 -1 9 10 11 -1 9 12 10 -1 13 14 15 -1 16 17 18 -1 19 20 21 -1 20 22 21 -1 23 17 24 -1 25 17 26 -1 27 17 28 -1 29 30 31 -1 30 32 31 -1 33 34 35 -1 33 36 34 -1 37 7 0 -1 7 6 0 -1 38 39 40 -1 40 41 38 -1 42 43 44 -1 42 45 43 -1 0 2 37 -1 46 47 48 -1 49 50 51 -1 49 52 50 -1 53 54 55 -1 56 57 58 -1 56 59 57 -1 60 61 62 -1 61 63 62 -1 50 64 65 -1 50 52 64 -1 57 66 67 -1 57 59 66 -1 68 62 63 -1 69 70 71 -1 70 72 71 -1 73 74 75 -1 75 54 73 -1 76 54 53 -1 77 54 31 -1 78 17 79 -1 28 17 80 -1 81 82 83 -1 82 84 83 -1 85 17 86 -1 26 17 23 -1 73 87 88 -1 73 89 87 -1 90 17 25 -1 18 17 85 -1 19 21 91 -1 91 92 19 -1 93 8 94 -1 94 95 93 -1 46 48 72 -1 72 70 46 -1 96 43 97 -1 81 98 99 -1 81 83 98 -1 24 17 27 -1 29 54 75 -1 55 54 77 -1 100 101 102 -1 101 103 102 -1 104 105 106 -1 106 107 104 -1 108 70 109 -1 70 69 109 -1 64 7 37 -1 37 65 64 -1 57 110 111 -1 54 29 31 -1 48 47 112 -1 47 113 112 -1 84 97 109 -1 109 69 84 -1 114 98 71 -1 98 83 71 -1 68 115 62 -1 116 87 117 -1 116 88 87 -1 43 118 119 -1 119 44 43 -1 120 45 42 -1 42 121 120 -1 122 123 124 -1 124 125 122 -1 79 17 16 -1 86 17 90 -1 126 127 128 -1 128 129 126 -1 55 130 53 -1 55 131 130 -1 80 17 78 -1 81 132 82 -1 133 91 21 -1 133 134 91 -1 135 104 136 -1 137 105 138 -1 21 139 133 -1 21 22 139 -1 140 141 142 -1 143 111 99 -1 144 11 10 -1 145 146 66 -1 34 36 147 -1 3 130 148 -1 3 5 130 -1 66 147 36 -1 66 146 147 -1 32 59 56 -1 32 30 59 -1 149 150 68 -1 149 131 150 -1 52 94 64 -1 94 52 113 -1 61 112 49 -1 61 151 112 -1 152 114 60 -1 152 98 114 -1 99 152 143 -1 99 98 152 -1 14 142 141 -1 14 13 142 -1 153 154 155 -1 156 154 153 -1 157 158 159 -1 160 158 157 -1 161 162 163 -1 162 161 164 -1 165 166 134 -1 166 165 167 -1 91 168 92 -1 168 91 169 -1 170 171 172 -1 170 173 171 -1 79 174 175 -1 16 174 79 -1 176 78 177 -1 78 176 80 -1 178 28 179 -1 28 178 27 -1 23 180 181 -1 24 180 23 -1 25 182 183 -1 26 182 25 -1 184 90 185 -1 90 184 86 -1 142 186 164 -1 186 142 187 -1 175 13 156 -1 174 13 175 -1 160 177 153 -1 177 160 176 -1 171 179 157 -1 179 171 178 -1 181 173 168 -1 180 173 181 -1 183 169 166 -1 182 169 183 -1 162 185 167 -1 185 162 184 -1 188 136 104 -1 136 188 189 -1 128 133 139 -1 133 128 190 -1 191 105 137 -1 191 127 105 -1 135 105 104 -1 138 105 135 -1 192 193 194 -1 192 195 193 -1 196 197 198 -1 196 199 197 -1 100 200 201 -1 100 102 200 -1 189 14 136 -1 189 15 14 -1 202 124 129 -1 202 203 124 -1 204 205 206 -1 205 204 207 -1 106 123 208 -1 126 123 106 -1 209 204 210 -1 207 204 209 -1 38 211 212 -1 38 41 211 -1 213 103 101 -1 213 214 103 -1 215 216 217 -1 215 218 216 -1 219 43 96 -1 219 118 43 -1 108 220 221 -1 108 120 220 -1 121 222 223 -1 121 224 222 -1 22 202 139 -1 202 22 217 -1 96 132 219 -1 82 132 96 -1 172 197 201 -1 172 159 197 -1 225 210 204 -1 210 225 226 -1 227 147 228 -1 227 34 147 -1 74 145 75 -1 74 146 145 -1 131 77 150 -1 77 131 55 -1 5 53 130 -1 53 5 76 -1 1 89 4 -1 89 1 87 -1 117 229 40 -1 117 0 229 -1 211 100 199 -1 101 100 211 -1 165 191 163 -1 191 165 190 -1 206 225 204 -1 230 225 206 -1 189 154 15 -1 194 154 189 -1 231 230 206 -1 231 232 230 -1 122 208 123 -1 233 208 122 -1 203 125 124 -1 125 203 224 -1 234 218 214 -1 235 218 234 -1 236 220 223 -1 236 93 220 -1 119 11 144 -1 119 118 11 -1 116 228 88 -1 228 116 227 -1 115 60 62 -1 115 152 60 -1 69 83 84 -1 71 83 69 -1 97 45 109 -1 97 43 45 -1 132 99 237 -1 99 132 81 -1 67 110 57 -1 67 12 110 -1 65 148 50 -1 3 148 65 -1 46 95 47 -1 95 46 221 -1 82 97 84 -1 96 97 82 -1 19 170 200 -1 19 92 170 -1 0 234 229 -1 0 6 234 -1 120 109 45 -1 109 120 108 -1 212 199 196 -1 211 199 212 -1 198 159 158 -1 197 159 198 -1 40 116 117 -1 40 39 116 -1 36 67 66 -1 67 36 33 -1 232 35 230 -1 35 232 144 -1 201 170 172 -1 201 200 170 -1 235 223 222 -1 235 236 223 -1 236 234 6 -1 235 234 236 -1 11 219 9 -1 11 118 219 -1 221 93 95 -1 221 220 93 -1 151 48 112 -1 72 48 151 -1 105 126 106 -1 105 127 126 -1 20 217 22 -1 217 20 215 -1 134 190 165 -1 133 190 134 -1 161 138 140 -1 161 137 138 -1 68 58 115 -1 56 58 68 -1 51 68 63 -1 51 149 68 -1 163 137 161 -1 191 137 163 -1 139 129 128 -1 139 202 129 -1 119 232 233 -1 232 119 144 -1 44 233 122 -1 44 119 233 -1 141 136 14 -1 136 141 135 -1 16 187 174 -1 16 18 187 -1 107 188 104 -1 205 188 107 -1 3 37 2 -1 65 37 3 -1 76 73 54 -1 73 76 89 -1 158 193 198 -1 193 158 155 -1 209 196 195 -1 212 196 209 -1 39 227 116 -1 226 227 39 -1 72 114 71 -1 151 114 72 -1 42 224 121 -1 42 125 224 -1 74 88 228 -1 74 73 88 -1 215 102 103 -1 215 20 102 -1 219 237 9 -1 219 132 237 -1 94 47 95 -1 94 113 47 -1 49 63 61 -1 63 49 51 -1 115 143 152 -1 143 115 58 -1 33 12 67 -1 33 10 12 -1 50 149 51 -1 50 148 149 -1 44 125 42 -1 44 122 125 -1 35 10 33 -1 144 10 35 -1 6 93 236 -1 6 8 93 -1 218 222 216 -1 218 235 222 -1 233 231 208 -1 232 231 233 -1 226 38 210 -1 39 38 226 -1 229 214 213 -1 234 214 229 -1 205 192 188 -1 207 192 205 -1 230 34 225 -1 35 34 230 -1 213 40 229 -1 40 213 41 -1 87 0 117 -1 87 1 0 -1 76 4 89 -1 76 5 4 -1 77 32 150 -1 31 32 77 -1 30 75 145 -1 75 30 29 -1 228 146 74 -1 228 147 146 -1 34 226 225 -1 226 34 227 -1 195 207 209 -1 195 192 207 -1 194 155 154 -1 155 194 193 -1 224 216 222 -1 224 203 216 -1 120 223 220 -1 120 121 223 -1 221 70 108 -1 46 70 221 -1 217 203 202 -1 217 216 203 -1 103 218 215 -1 103 214 218 -1 41 101 211 -1 41 213 101 -1 210 212 209 -1 210 38 212 -1 208 107 106 -1 208 231 107 -1 129 123 126 -1 129 124 123 -1 206 107 231 -1 107 206 205 -1 111 58 57 -1 111 143 58 -1 141 138 135 -1 141 140 138 -1 20 200 102 -1 200 20 19 -1 201 199 100 -1 197 199 201 -1 195 198 193 -1 195 196 198 -1 190 127 191 -1 190 128 127 -1 188 194 189 -1 188 192 194 -1 164 184 162 -1 184 164 186 -1 185 166 167 -1 183 166 185 -1 182 168 169 -1 181 168 182 -1 173 178 171 -1 178 173 180 -1 157 176 160 -1 176 157 179 -1 153 175 156 -1 175 153 177 -1 174 142 13 -1 187 142 174 -1 186 86 184 -1 86 186 85 -1 90 183 185 -1 25 183 90 -1 26 181 182 -1 23 181 26 -1 180 27 178 -1 27 180 24 -1 179 80 176 -1 80 179 28 -1 177 79 175 -1 79 177 78 -1 187 85 186 -1 187 18 85 -1 171 159 172 -1 157 159 171 -1 92 173 170 -1 92 168 173 -1 134 169 91 -1 169 134 166 -1 163 167 165 -1 167 163 162 -1 164 140 142 -1 164 161 140 -1 160 155 158 -1 153 155 160 -1 156 15 154 -1 156 13 15 -1 9 110 12 -1 237 110 9 -1 111 237 99 -1 110 237 111 -1 151 60 114 -1 60 151 61 -1 49 113 52 -1 49 112 113 -1 94 7 64 -1 8 7 94 -1 150 56 68 -1 150 32 56 -1 59 145 66 -1 59 30 145 -1 148 131 149 -1 148 130 131 -1 2 4 3 -1 4 2 1 -1' creaseAngle='1.571'>
            <Coordinate DEF='rdphal3_Coord' point='-5.344 24.7705 3.0954 -5.2919 24.7631 3.0655 -5.2889 24.7715 3.077 -5.2306 24.769 3.0645 -5.2362 24.7593 3.0528 -5.2271 24.7613 3.0486 -5.3385 24.8097 3.1074 -5.2874 24.7999 3.0854 -5.292 24.8212 3.0812 -5.2898 24.8213 2.9362 -5.3326 24.7988 2.9815 -5.3321 24.8199 2.982 -5.286 24.7972 2.9369 -5.6308 24.7861 3.0253 -5.6292 24.7864 3.0178 -5.6288 24.7835 3.0184 -5.5997 24.8386 3.0925 -5.5865 24.8661 3.13 -5.5998 24.8636 3.0957 -5.4861 24.8808 3.2397 -5.4558 24.8732 3.2302 -5.4992 24.9373 3.2212 -5.4796 24.9203 3.191 -5.5608 24.8736 3.1683 -5.5632 24.8559 3.1636 -5.5766 24.9019 3.1579 -5.5645 24.8912 3.1654 -5.5687 24.841 3.1549 -5.5783 24.8342 3.1397 -5.2078 24.7724 2.9704 -5.2068 24.7815 2.9539 -5.1924 24.7819 2.9701 -5.183 24.8019 2.9548 -5.3312 24.783 2.9826 -5.3773 24.7677 3.0121 -5.3801 24.7837 3.001 -5.3247 24.7747 2.9919 -5.2859 24.7826 3.0872 -5.4728 24.7272 3.0924 -5.4261 24.7466 3.0738 -5.4093 24.755 3.1007 -5.4573 24.7442 3.1257 -5.3718 24.8685 3.0492 -5.3252 24.8625 3.008 -5.3807 24.8711 3.0328 -5.3194 24.8636 3.0244 -5.2244 24.8953 3.0213 -5.2115 24.8856 3.0365 -5.2089 24.9041 3.0157 -5.1677 24.8618 3.0317 -5.1711 24.8101 3.0556 -5.1613 24.8392 3.0221 -5.1804 24.8333 3.0577 -5.19 24.7722 3.0146 -5.2062 24.7641 2.996 -5.1825 24.7831 2.9999 -5.1861 24.8127 2.9398 -5.2267 24.7997 2.9111 -5.1941 24.8314 2.9206 -5.2141 24.7879 2.938 -5.1731 24.9014 2.9634 -5.1699 24.8935 2.9956 -5.1623 24.8707 2.9643 -5.164 24.8679 2.9847 -5.2272 24.8101 3.0844 -5.2285 24.7868 3.0774 -5.2722 24.7621 2.9663 -5.2821 24.7756 2.9485 -5.1627 24.8363 2.9686 -5.2455 24.9029 2.9837 -5.2335 24.8956 3.0021 -5.2151 24.9205 2.9668 -5.207 24.9173 2.9944 -5.2593 24.7503 3.0208 -5.264 24.7554 2.9969 -5.2368 24.7585 2.9844 -5.2183 24.7608 3.0277 -5.1817 24.793 2.9816 -5.5926 24.8287 3.1126 -5.5975 24.8286 3.1008 -5.5878 24.8289 3.1242 -5.2426 24.8912 2.9244 -5.2555 24.8784 2.9415 -5.2198 24.9057 2.9403 -5.2507 24.8922 2.9649 -5.6044 24.8845 3.1101 -5.6007 24.8989 3.1246 -5.2947 24.7574 3.0525 -5.3 24.758 3.0309 -5.2455 24.7549 3.0404 -5.5884 24.9044 3.1417 -5.5228 24.9404 3.2371 -5.5113 24.8871 3.2477 -5.3025 24.854 3.0725 -5.2351 24.8334 3.0797 -5.256 24.8714 3.0558 -5.2909 24.8714 2.9727 -5.2881 24.8797 2.9856 -5.2008 24.9082 2.931 -5.2217 24.8693 2.9056 -5.474 24.774 3.1928 -5.4564 24.7651 3.178 -5.4599 24.8184 3.219 -5.4404 24.8114 3.198 -5.5556 24.8221 2.989 -5.5801 24.9198 3.0333 -5.5323 24.8952 3.0314 -5.5151 24.8051 2.9987 -5.2734 24.8828 3.0217 -5.2806 24.883 3.0034 -5.2404 24.8177 2.9048 -5.219 24.8416 2.9035 -5.1811 24.878 3.0345 -5.1932 24.8536 3.0539 -5.1877 24.9158 2.9641 -5.1743 24.8695 2.9455 -5.3696 24.7551 3.0545 -5.3555 24.7594 3.0768 -5.3298 24.8478 2.9842 -5.38 24.8488 3.0072 -5.3134 24.865 3.0416 -5.3616 24.8663 3.0682 -5.4364 24.8866 3.0558 -5.4844 24.9071 3.0733 -5.4713 24.9064 3.0986 -5.4236 24.8806 3.0737 -5.529 24.9377 3.0723 -5.5685 24.9563 3.073 -5.5443 24.9652 3.1113 -5.5071 24.9375 3.104 -5.1804 24.78 3.0269 -5.1698 24.8024 2.9992 -5.2596 24.8676 2.9231 -5.5366 24.9628 3.1822 -5.5591 24.9697 3.2143 -5.5944 24.8393 3.0094 -5.5949 24.8031 3.0044 -5.613 24.9186 3.0534 -5.6065 24.8881 3.0315 -5.5106 24.9548 3.1457 -5.6289 24.8611 3.0299 -5.6283 24.8544 3.0272 -5.6291 24.854 3.0344 -5.2088 24.853 2.9062 -5.3795 24.8048 2.9985 -5.2579 24.7574 2.9769 -5.2669 24.7564 2.9811 -5.3179 24.7678 3.0021 -5.1744 24.7909 3.0391 -5.1637 24.8161 3.0088 -5.1689 24.8149 2.973 -5.1829 24.9087 2.9987 -5.1872 24.8981 2.9321 -5.6112 24.7611 3.0796 -5.622 24.754 3.043 -5.607 24.7533 3.079 -5.6251 24.7611 3.0465 -5.5688 24.7767 3.1606 -5.5925 24.7528 3.1139 -5.5637 24.7684 3.161 -5.5969 24.7613 3.1145 -5.6409 24.9193 3.072 -5.6309 24.9562 3.1181 -5.6301 24.9615 3.1149 -5.6412 24.9144 3.0767 -5.5942 24.9777 3.1658 -5.5614 24.9648 3.2153 -5.5953 24.9723 3.1686 -5.519 24.889 3.2436 -5.5285 24.9365 3.2363 -5.5181 24.8344 3.2338 -5.5408 24.7965 3.2052 -5.5345 24.7896 3.2076 -5.5254 24.8392 3.2302 -5.615 24.8111 3.0554 -5.6104 24.7912 3.0722 -5.5908 24.7915 3.1192 -5.6005 24.7913 3.0958 -5.5524 24.8156 3.1809 -5.5716 24.8021 3.1505 -5.5415 24.8457 3.1984 -5.5368 24.881 3.2078 -5.544 24.9158 3.2021 -5.5681 24.9372 3.1871 -5.6163 24.9313 3.1201 -5.5918 24.9423 3.1545 -5.6237 24.902 3.0909 -5.6148 24.8607 3.0619 -5.5493 24.7733 2.9991 -5.5917 24.7787 3.0094 -5.5712 24.9718 3.1405 -5.6016 24.9591 3.0954 -5.5445 24.745 3.0164 -5.576 24.7451 3.0716 -5.5859 24.7498 3.0307 -5.5399 24.7356 3.0629 -5.527 24.7292 3.1074 -5.5362 24.7602 3.158 -5.5622 24.7419 3.1116 -5.5041 24.7499 3.1528 -5.4916 24.8271 3.2271 -5.5068 24.7824 3.2008 -5.4804 24.9276 3.1339 -5.453 24.897 3.122 -5.4901 24.7438 3.0318 -5.5164 24.7704 3.0038 -5.4845 24.7718 3.0169 -5.517 24.7416 3.0219 -5.4856 24.864 3.0367 -5.5106 24.7308 3.0618 -5.4813 24.7335 3.0617 -5.4799 24.7418 3.1412 -5.4995 24.7244 3.1006 -5.443 24.765 3.1577 -5.4278 24.8089 3.1707 -5.4367 24.8679 3.202 -5.4379 24.8804 3.1469 -5.4577 24.9013 3.1683 -5.4249 24.8594 3.1688 -5.2959 24.8577 2.9494 -5.3076 24.8644 3.0587 -5.2652 24.8826 3.0402 -5.3969 24.868 3.1157 -5.3526 24.8628 3.0863 -5.4093 24.8749 3.0948 -5.4339 24.759 3.0242 -5.43 24.7516 3.0482 -5.3735 24.76 3.0326 -5.3108 24.7625 3.0133 -5.3953 24.771 3.1245 -5.4321 24.779 3.0124 -5.4777 24.8043 3.014 -5.4277 24.8036 3.0098 -5.4319 24.854 3.025 -5.3855 24.8108 3.1361 -5.388 24.854 3.1317 -5.3468 24.8518 3.1 -5.2504 24.8372 2.9071'/>
          </IndexedFaceSet>
        </Shape>
        <Shape DEF='rdphal4'>
          <Appearance>
            <PhysicalMaterial baseColor='1 0.9765 0.8667' metallic='0' roughness='0.72'/>
          </Appearance>
          <IndexedFaceSet DEF='rdphal4_Geo' coordIndex='0 1 2 -1 3 4 5 -1 6 7 8 -1 9 10 11 -1 9 12 10 -1 13 14 15 -1 16 17 18 -1 19 20 21 -1 20 22 21 -1 23 17 24 -1 25 17 26 -1 27 17 28 -1 29 30 31 -1 30 32 31 -1 33 34 35 -1 33 36 34 -1 37 7 0 -1 7 6 0 -1 38 39 40 -1 40 41 38 -1 42 43 44 -1 42 45 43 -1 0 2 37 -1 46 47 48 -1 49 50 51 -1 49 52 50 -1 53 54 55 -1 56 57 58 -1 56 59 57 -1 60 61 62 -1 61 63 62 -1 50 64 65 -1 50 52 64 -1 57 66 67 -1 57 59 66 -1 68 62 63 -1 69 70 71 -1 70 72 71 -1 73 74 75 -1 75 54 73 -1 76 54 53 -1 77 54 31 -1 78 17 79 -1 28 17 80 -1 81 82 83 -1 82 84 83 -1 85 17 86 -1 26 17 23 -1 73 87 88 -1 73 89 87 -1 90 17 25 -1 18 17 85 -1 19 21 91 -1 91 92 19 -1 93 8 94 -1 94 95 93 -1 46 48 72 -1 72 70 46 -1 96 43 97 -1 81 98 99 -1 81 83 98 -1 24 17 27 -1 29 54 75 -1 55 54 77 -1 100 101 102 -1 101 103 102 -1 104 105 106 -1 106 107 104 -1 108 70 109 -1 70 69 109 -1 64 7 37 -1 37 65 64 -1 57 110 111 -1 54 29 31 -1 48 47 112 -1 47 113 112 -1 84 97 109 -1 109 69 84 -1 114 98 71 -1 98 83 71 -1 68 115 62 -1 116 87 117 -1 116 88 87 -1 43 118 119 -1 119 44 43 -1 120 45 42 -1 42 121 120 -1 122 123 124 -1 124 125 122 -1 79 17 16 -1 86 17 90 -1 126 127 128 -1 128 129 126 -1 55 130 53 -1 55 131 130 -1 80 17 78 -1 81 132 82 -1 133 91 21 -1 133 134 91 -1 135 104 136 -1 137 105 138 -1 21 139 133 -1 21 22 139 -1 140 141 142 -1 143 111 99 -1 144 11 10 -1 145 146 66 -1 34 36 147 -1 3 130 148 -1 3 5 130 -1 66 147 36 -1 66 146 147 -1 32 59 56 -1 32 30 59 -1 149 150 68 -1 149 131 150 -1 52 94 64 -1 94 52 113 -1 61 112 49 -1 61 151 112 -1 152 114 60 -1 152 98 114 -1 99 152 143 -1 99 98 152 -1 14 142 141 -1 14 13 142 -1 153 154 155 -1 156 154 153 -1 157 158 159 -1 160 158 157 -1 161 162 163 -1 161 164 162 -1 165 134 166 -1 167 134 165 -1 91 168 92 -1 168 91 169 -1 170 171 172 -1 170 173 171 -1 79 174 175 -1 16 174 79 -1 80 176 177 -1 78 176 80 -1 178 28 179 -1 28 178 27 -1 180 24 181 -1 24 180 23 -1 25 182 183 -1 26 182 25 -1 184 90 185 -1 90 184 86 -1 142 186 163 -1 186 142 187 -1 175 13 156 -1 174 13 175 -1 177 153 160 -1 176 153 177 -1 171 179 157 -1 179 171 178 -1 168 181 173 -1 181 168 180 -1 183 169 167 -1 182 169 183 -1 161 185 165 -1 185 161 184 -1 188 136 104 -1 136 188 189 -1 128 133 139 -1 133 128 190 -1 191 105 137 -1 191 127 105 -1 135 105 104 -1 138 105 135 -1 192 193 194 -1 192 195 193 -1 196 197 198 -1 196 199 197 -1 102 200 100 -1 200 102 201 -1 189 14 136 -1 189 15 14 -1 124 202 203 -1 202 124 129 -1 204 205 206 -1 205 204 207 -1 106 123 208 -1 126 123 106 -1 207 209 210 -1 207 204 209 -1 38 211 212 -1 38 41 211 -1 213 103 101 -1 213 214 103 -1 215 216 217 -1 215 218 216 -1 219 43 96 -1 219 118 43 -1 108 220 221 -1 108 120 220 -1 222 121 223 -1 224 121 222 -1 22 202 139 -1 202 22 217 -1 96 132 219 -1 82 132 96 -1 172 197 200 -1 172 159 197 -1 225 204 226 -1 209 204 225 -1 227 147 228 -1 227 34 147 -1 74 145 75 -1 74 146 145 -1 131 77 150 -1 77 131 55 -1 76 130 5 -1 53 130 76 -1 1 89 4 -1 89 1 87 -1 229 117 0 -1 117 229 40 -1 211 100 199 -1 101 100 211 -1 166 191 164 -1 191 166 190 -1 206 226 204 -1 230 226 206 -1 189 154 15 -1 194 154 189 -1 231 230 206 -1 231 232 230 -1 122 208 123 -1 233 208 122 -1 203 125 124 -1 125 203 223 -1 234 218 214 -1 235 218 234 -1 236 220 224 -1 236 93 220 -1 119 11 144 -1 119 118 11 -1 116 228 88 -1 228 116 227 -1 115 60 62 -1 115 152 60 -1 69 83 84 -1 71 83 69 -1 97 45 109 -1 97 43 45 -1 132 99 237 -1 99 132 81 -1 12 57 67 -1 12 110 57 -1 65 148 50 -1 3 148 65 -1 46 95 47 -1 95 46 221 -1 82 97 84 -1 96 97 82 -1 19 170 201 -1 19 92 170 -1 0 234 229 -1 0 6 234 -1 120 109 45 -1 109 120 108 -1 212 199 196 -1 211 199 212 -1 198 159 158 -1 197 159 198 -1 40 116 117 -1 40 39 116 -1 36 67 66 -1 67 36 33 -1 232 35 230 -1 35 232 144 -1 200 170 172 -1 200 201 170 -1 235 224 222 -1 235 236 224 -1 236 234 6 -1 235 234 236 -1 118 9 11 -1 118 219 9 -1 95 220 93 -1 221 220 95 -1 151 48 112 -1 72 48 151 -1 105 126 106 -1 105 127 126 -1 20 217 22 -1 217 20 215 -1 190 134 133 -1 190 166 134 -1 162 138 140 -1 162 137 138 -1 68 58 115 -1 56 58 68 -1 51 68 63 -1 51 149 68 -1 164 137 162 -1 191 137 164 -1 129 139 202 -1 139 129 128 -1 119 232 233 -1 232 119 144 -1 44 233 122 -1 44 119 233 -1 141 136 14 -1 136 141 135 -1 16 187 174 -1 16 18 187 -1 107 188 104 -1 205 188 107 -1 65 2 3 -1 65 37 2 -1 54 89 73 -1 54 76 89 -1 193 158 155 -1 193 198 158 -1 210 196 195 -1 212 196 210 -1 225 116 39 -1 225 227 116 -1 72 114 71 -1 151 114 72 -1 42 223 121 -1 42 125 223 -1 74 88 228 -1 74 73 88 -1 215 102 103 -1 215 20 102 -1 219 237 9 -1 219 132 237 -1 113 95 94 -1 113 47 95 -1 49 63 61 -1 63 49 51 -1 115 143 152 -1 143 115 58 -1 33 12 67 -1 33 10 12 -1 50 149 51 -1 50 148 149 -1 125 44 122 -1 42 44 125 -1 35 10 33 -1 144 10 35 -1 8 236 6 -1 8 93 236 -1 218 222 216 -1 218 235 222 -1 233 231 208 -1 232 231 233 -1 39 209 225 -1 39 38 209 -1 229 214 213 -1 234 214 229 -1 205 192 188 -1 207 192 205 -1 230 34 226 -1 35 34 230 -1 213 40 229 -1 40 213 41 -1 87 0 117 -1 87 1 0 -1 5 89 76 -1 5 4 89 -1 32 77 31 -1 32 150 77 -1 30 75 145 -1 75 30 29 -1 146 228 147 -1 228 146 74 -1 226 227 225 -1 226 34 227 -1 192 210 195 -1 192 207 210 -1 194 155 154 -1 155 194 193 -1 223 216 222 -1 223 203 216 -1 224 120 121 -1 220 120 224 -1 70 221 46 -1 70 108 221 -1 217 203 202 -1 217 216 203 -1 103 218 215 -1 103 214 218 -1 41 101 211 -1 41 213 101 -1 209 212 210 -1 209 38 212 -1 208 107 106 -1 208 231 107 -1 123 129 124 -1 129 123 126 -1 206 107 231 -1 107 206 205 -1 111 58 57 -1 111 143 58 -1 141 138 135 -1 141 140 138 -1 20 201 102 -1 201 20 19 -1 200 199 100 -1 197 199 200 -1 195 198 193 -1 195 196 198 -1 190 127 191 -1 190 128 127 -1 188 194 189 -1 188 192 194 -1 163 184 161 -1 184 163 186 -1 185 167 165 -1 183 167 185 -1 182 168 169 -1 180 168 182 -1 173 178 171 -1 178 173 181 -1 157 177 160 -1 177 157 179 -1 176 156 153 -1 175 156 176 -1 174 142 13 -1 187 142 174 -1 186 86 184 -1 86 186 85 -1 90 183 185 -1 25 183 90 -1 26 180 182 -1 23 180 26 -1 181 27 178 -1 27 181 24 -1 179 80 177 -1 80 179 28 -1 78 175 176 -1 79 175 78 -1 187 85 186 -1 187 18 85 -1 172 157 159 -1 157 172 171 -1 92 173 170 -1 92 168 173 -1 167 91 134 -1 169 91 167 -1 164 165 166 -1 165 164 161 -1 163 140 142 -1 163 162 140 -1 160 155 158 -1 153 155 160 -1 156 15 154 -1 156 13 15 -1 9 110 12 -1 237 110 9 -1 111 237 99 -1 110 237 111 -1 151 60 114 -1 60 151 61 -1 49 113 52 -1 49 112 113 -1 94 7 64 -1 8 7 94 -1 150 56 68 -1 150 32 56 -1 59 145 66 -1 59 30 145 -1 131 148 130 -1 148 131 149 -1 2 4 3 -1 4 2 1 -1' creaseAngle='1.571'>
            <Coordinate DEF='rdphal4_Coord' point='-5.4444 24.9774 2.4249 -5.3854 24.9895 2.4042 -5.3869 24.9967 2.4176 -5.3262 25.0125 2.4165 -5.3269 25.0032 2.4023 -5.3177 25.0084 2.4 -5.4528 25.0161 2.4429 -5.3954 25.0242 2.4298 -5.4057 25.0449 2.427 -5.3796 25.0701 2.2789 -5.4227 25.0281 2.3138 -5.4287 25.0493 2.3168 -5.3685 25.047 2.2776 -5.7223 24.9254 2.2956 -5.7196 24.9274 2.2882 -5.7184 24.9245 2.2886 -5.7186 24.9752 2.3769 -5.72 25.0001 2.4213 -5.7267 24.9997 2.3831 -5.6429 25.024 2.5562 -5.609 25.0264 2.5518 -5.67 25.08 2.5411 -5.6404 25.0735 2.5121 -5.7031 25.0081 2.4667 -5.6994 24.9906 2.4594 -5.7256 25.0339 2.456 -5.7116 25.0252 2.465 -5.6988 24.9756 2.4475 -5.7038 24.9687 2.4292 -5.2889 25.0382 2.3252 -5.2879 25.0503 2.3095 -5.2765 25.052 2.3292 -5.2706 25.0772 2.3177 -5.4167 25.0125 2.3134 -5.4628 24.9794 2.3323 -5.4685 24.9965 2.3223 -5.4093 25.0044 2.3233 -5.389 25.007 2.4299 -5.5587 24.8989 2.3901 -5.5151 24.9344 2.383 -5.5054 24.9429 2.415 -5.554 24.9146 2.4294 -5.494 25.0756 2.3831 -5.439 25.0894 2.3499 -5.5009 25.0784 2.3648 -5.4364 25.0894 2.368 -5.3511 25.1479 2.3882 -5.3378 25.1392 2.4053 -5.3374 25.1619 2.3867 -5.2864 25.1283 2.4067 -5.2781 25.0716 2.4244 -5.2715 25.1091 2.3956 -5.2947 25.0918 2.4274 -5.2786 25.0354 2.3742 -5.289 25.026 2.3508 -5.272 25.0509 2.362 -5.2745 25.0896 2.303 -5.3061 25.0702 2.2637 -5.285 25.1094 2.2839 -5.2944 25.0573 2.2925 -5.2924 25.178 2.3402 -5.2922 25.1655 2.3728 -5.2725 25.1501 2.3398 -5.2768 25.1434 2.36 -5.3386 25.0512 2.4423 -5.3316 25.0287 2.4322 -5.3491 25.0107 2.3065 -5.3601 25.0245 2.2877 -5.2632 25.1149 2.34 -5.3681 25.156 2.3462 -5.3571 25.1489 2.3666 -5.3404 25.1849 2.3371 -5.336 25.1793 2.3667 -5.3418 24.9932 2.3637 -5.344 25.0011 2.3387 -5.3159 25.0139 2.3319 -5.3053 25.014 2.3804 -5.271 25.0641 2.3445 -5.7118 24.9639 2.3978 -5.7147 24.9644 2.3847 -5.709 24.9634 2.4107 -5.3519 25.1551 2.2846 -5.3636 25.1359 2.298 -5.3362 25.1733 2.3073 -5.3669 25.147 2.3246 -5.74 25.0168 2.3994 -5.7432 25.0299 2.4166 -5.3844 24.9852 2.3896 -5.3862 24.988 2.3664 -5.3327 24.9984 2.3872 -5.7355 25.0358 2.4373 -5.697 25.0739 2.5528 -5.6712 25.022 2.5599 -5.4247 25.0762 2.4197 -5.3527 25.0732 2.4386 -5.381 25.1094 2.4142 -5.4019 25.1138 2.3219 -5.4037 25.1207 2.3367 -5.3166 25.1826 2.302 -5.3213 25.1421 2.2672 -5.5908 24.9284 2.4982 -5.5682 24.9269 2.4857 -5.5946 24.9723 2.5331 -5.5696 24.9743 2.5148 -5.6525 24.9884 2.2781 -5.7138 25.0719 2.3297 -5.6587 25.0608 2.3348 -5.6087 24.9809 2.2945 -5.396 25.1218 2.377 -5.4003 25.123 2.3568 -5.3242 25.0855 2.2565 -5.3099 25.1156 2.2624 -5.305 25.1404 2.4087 -5.3129 25.1093 2.4232 -5.3113 25.1882 2.3395 -5.281 25.1488 2.3179 -5.4583 24.9618 2.3759 -5.4493 24.9662 2.4022 -5.4352 25.0774 2.3228 -5.4892 25.0607 2.3361 -5.4338 25.0895 2.387 -5.4864 25.0729 2.4045 -5.5648 25.0747 2.3786 -5.6216 25.0789 2.3891 -5.6126 25.0776 2.4176 -5.5532 25.0692 2.399 -5.675 25.0973 2.3824 -5.7199 25.1049 2.377 -5.705 25.1139 2.4223 -5.6584 25.0979 2.4193 -5.2734 25.0437 2.3897 -5.2651 25.0738 2.366 -5.3614 25.127 2.277 -5.7084 25.1017 2.4963 -5.7382 25.097 2.5253 -5.6996 24.9914 2.2929 -5.6884 24.9559 2.2835 -5.7495 25.0582 2.3434 -5.7301 25.0332 2.3187 -5.6741 25.1071 2.4634 -5.744 25.0002 2.3093 -5.7409 24.9941 2.306 -5.7428 24.9923 2.3131 -5.3037 25.1294 2.2685 -5.4739 25.0183 2.3222 -5.3352 25.0082 2.3198 -5.3446 25.0039 2.3221 -5.4021 24.9977 2.3344 -5.2728 25.0542 2.4046 -5.2648 25.0875 2.3787 -5.2636 25.091 2.3408 -5.3101 25.1766 2.3751 -5.3001 25.1761 2.3048 -5.7044 24.8967 2.3524 -5.7069 24.8927 2.3118 -5.6977 24.8901 2.3517 -5.7127 24.8984 2.3156 -5.6804 24.9104 2.446 -5.689 24.8877 2.3904 -5.6729 24.9034 2.4465 -5.696 24.8949 2.3911 -5.7894 25.0799 2.4104 -5.7805 25.048 2.3568 -5.7801 25.0422 2.361 -5.7897 25.086 2.4078 -5.7674 25.0973 2.4713 -5.7675 25.1035 2.4693 -5.7392 25.0913 2.5253 -5.6787 25.0224 2.5543 -5.7014 25.0685 2.5504 -5.6598 24.9697 2.5382 -5.6661 24.9303 2.4997 -5.6581 24.9247 2.5027 -5.6678 24.9731 2.5335 -5.7192 24.9498 2.3325 -5.7114 24.9282 2.3484 -5.7056 24.9271 2.3747 -5.6999 24.926 2.4007 -5.6793 24.9504 2.4746 -5.6892 24.9367 2.4379 -5.6881 25.0155 2.513 -5.6805 24.9805 2.4983 -5.7048 25.0494 2.5098 -5.7327 25.0666 2.4918 -5.7677 25.0587 2.4125 -5.7524 25.0706 2.4541 -5.7614 25.0323 2.3776 -5.7351 24.9983 2.345 -5.6331 24.9396 2.284 -5.6787 24.9315 2.2865 -5.7386 25.1083 2.4475 -5.7574 25.0947 2.3935 -5.6227 24.9097 2.2996 -5.6632 24.8917 2.3496 -5.6676 24.9006 2.3061 -5.623 24.8937 2.347 -5.6157 24.8833 2.3945 -5.6426 24.9033 2.4481 -5.6551 24.8856 2.3931 -5.6068 24.9027 2.4482 -5.6272 24.9264 2.5006 -5.63 24.9709 2.5359 -5.6339 25.0902 2.4543 -5.5954 25.0693 2.4442 -5.5709 24.9209 2.3264 -5.6004 24.945 2.2954 -5.5713 24.953 2.3155 -5.5953 24.9129 2.3104 -5.6036 25.0416 2.3463 -5.564 24.908 2.3577 -5.5923 24.8973 2.3514 -5.5783 24.9033 2.4404 -5.5858 24.8873 2.3928 -5.5514 24.9339 2.4676 -5.5517 24.9798 2.4891 -5.5837 25.0312 2.5262 -5.5795 25.0526 2.4709 -5.6091 25.0644 2.4912 -5.5638 25.0315 2.4936 -5.3988 25.1026 2.2954 -5.4306 25.0876 2.4057 -5.3909 25.1207 2.3976 -5.5299 25.0568 2.4461 -5.5408 25.0638 2.4228 -5.4794 25.0689 2.4245 -5.5162 24.9427 2.3565 -5.5184 24.9531 2.332 -5.4601 24.9694 2.3533 -5.3953 24.9924 2.3467 -5.5004 24.9587 2.4441 -5.5207 24.9755 2.3227 -5.5739 24.9879 2.3177 -5.5233 25.0018 2.3237 -5.5453 25.0485 2.3443 -5.5046 24.9993 2.4627 -5.5195 25.0426 2.4626 -5.4726 25.0572 2.4385 -5.3404 25.1019 2.259'/>
          </IndexedFaceSet>
        </Shape>
        <Shape DEF='rdphal5'>
          <Appearance>
            <PhysicalMaterial baseColor='1 0.9765 0.8667' metallic='0' roughness='0.72'/>
          </Appearance>
          <IndexedFaceSet DEF='rdphal5_Geo' coordIndex='0 1 2 -1 3 4 5 -1 3 6 4 -1 7 8 9 -1 10 11 12 -1 13 14 15 -1 13 16 14 -1 17 18 19 -1 19 20 17 -1 18 17 21 -1 22 23 24 -1 25 26 27 -1 26 28 27 -1 29 23 30 -1 31 32 33 -1 32 34 33 -1 35 36 37 -1 35 38 36 -1 39 23 40 -1 41 23 42 -1 43 44 45 -1 44 46 45 -1 47 48 49 -1 47 5 48 -1 50 11 0 -1 11 10 0 -1 34 51 52 -1 34 32 51 -1 53 54 55 -1 54 56 55 -1 57 58 59 -1 57 60 58 -1 0 2 50 -1 61 62 63 -1 61 64 62 -1 65 66 67 -1 68 69 70 -1 68 71 69 -1 72 73 74 -1 75 76 77 -1 75 78 76 -1 63 79 61 -1 79 80 61 -1 69 81 82 -1 69 71 81 -1 76 3 83 -1 76 78 3 -1 84 61 80 -1 85 86 87 -1 86 88 87 -1 89 90 91 -1 91 73 89 -1 92 73 72 -1 93 73 45 -1 94 23 95 -1 42 23 96 -1 55 10 97 -1 97 53 55 -1 98 99 100 -1 99 101 100 -1 88 67 102 -1 67 103 102 -1 104 26 105 -1 104 28 26 -1 106 23 107 -1 40 23 29 -1 89 108 109 -1 89 110 108 -1 111 23 39 -1 24 23 106 -1 25 27 112 -1 112 113 25 -1 114 115 116 -1 115 12 116 -1 86 67 88 -1 86 65 67 -1 117 58 118 -1 98 119 120 -1 98 100 119 -1 30 23 41 -1 82 50 7 -1 50 2 7 -1 43 73 91 -1 74 73 93 -1 38 121 36 -1 38 57 121 -1 122 123 124 -1 124 125 122 -1 86 85 126 -1 126 127 86 -1 81 11 50 -1 50 82 81 -1 47 14 16 -1 16 83 47 -1 76 128 129 -1 73 43 45 -1 67 66 103 -1 66 130 103 -1 57 131 121 -1 57 59 131 -1 101 118 126 -1 126 85 101 -1 132 119 87 -1 119 100 87 -1 84 64 61 -1 58 133 134 -1 134 59 58 -1 135 60 57 -1 57 38 135 -1 12 115 97 -1 97 10 12 -1 95 23 22 -1 107 23 111 -1 74 136 72 -1 74 137 136 -1 138 6 90 -1 138 4 6 -1 96 23 94 -1 98 139 99 -1 140 112 27 -1 140 141 112 -1 36 142 143 -1 143 37 36 -1 144 135 35 -1 135 38 35 -1 33 145 146 -1 33 34 145 -1 147 148 149 -1 147 150 148 -1 151 122 152 -1 153 123 154 -1 27 155 140 -1 27 28 155 -1 156 20 19 -1 157 129 120 -1 158 15 14 -1 159 6 3 -1 48 5 4 -1 7 136 160 -1 7 9 136 -1 46 78 75 -1 46 44 78 -1 161 162 84 -1 161 137 162 -1 71 116 81 -1 116 71 130 -1 79 103 68 -1 79 102 103 -1 62 132 63 -1 62 119 132 -1 120 62 157 -1 120 119 62 -1 163 164 165 -1 166 164 163 -1 167 168 169 -1 170 168 167 -1 171 172 173 -1 172 171 174 -1 175 141 176 -1 177 141 175 -1 178 113 112 -1 179 113 178 -1 180 181 182 -1 180 183 181 -1 95 184 185 -1 22 184 95 -1 96 186 187 -1 94 186 96 -1 41 188 189 -1 42 188 41 -1 190 30 191 -1 30 190 29 -1 39 192 193 -1 40 192 39 -1 107 194 195 -1 111 194 107 -1 19 196 174 -1 196 19 197 -1 185 18 166 -1 184 18 185 -1 187 163 170 -1 186 163 187 -1 189 167 181 -1 188 167 189 -1 179 191 183 -1 191 179 190 -1 193 178 177 -1 192 178 193 -1 195 175 172 -1 194 175 195 -1 198 152 122 -1 152 198 199 -1 140 200 201 -1 140 155 200 -1 202 123 153 -1 202 203 123 -1 151 123 122 -1 154 123 151 -1 204 205 206 -1 204 207 205 -1 208 147 209 -1 208 150 147 -1 148 210 149 -1 148 211 210 -1 199 17 152 -1 199 21 17 -1 212 213 214 -1 212 142 213 -1 215 216 217 -1 215 218 216 -1 124 219 220 -1 221 219 124 -1 222 218 223 -1 216 218 222 -1 145 224 146 -1 145 56 224 -1 105 143 104 -1 105 54 143 -1 58 225 133 -1 117 225 58 -1 127 144 226 -1 127 135 144 -1 28 212 155 -1 212 28 104 -1 117 139 225 -1 99 139 117 -1 147 182 169 -1 149 182 147 -1 227 218 228 -1 223 218 227 -1 229 4 138 -1 229 48 4 -1 90 159 91 -1 90 6 159 -1 137 93 162 -1 93 137 74 -1 92 136 9 -1 72 136 92 -1 1 110 8 -1 110 1 108 -1 230 231 52 -1 230 0 231 -1 33 148 150 -1 146 148 33 -1 176 202 173 -1 202 176 201 -1 215 228 218 -1 232 228 215 -1 199 164 21 -1 206 164 199 -1 233 232 215 -1 233 234 232 -1 220 131 235 -1 220 219 131 -1 142 121 213 -1 121 142 36 -1 97 144 35 -1 97 115 144 -1 134 15 158 -1 134 133 15 -1 236 138 109 -1 138 236 229 -1 85 100 101 -1 87 100 85 -1 118 60 126 -1 118 58 60 -1 139 120 237 -1 120 139 98 -1 16 76 83 -1 16 128 76 -1 82 160 69 -1 7 160 82 -1 65 114 66 -1 114 65 226 -1 99 118 101 -1 117 118 99 -1 25 180 210 -1 25 113 180 -1 0 55 231 -1 0 10 55 -1 135 126 60 -1 126 135 127 -1 31 150 208 -1 33 150 31 -1 209 169 168 -1 147 169 209 -1 236 52 51 -1 52 236 230 -1 5 83 3 -1 83 5 47 -1 234 49 232 -1 49 234 158 -1 149 180 182 -1 149 210 180 -1 53 35 37 -1 53 97 35 -1 15 225 13 -1 15 133 225 -1 114 144 115 -1 226 144 114 -1 123 221 124 -1 123 203 221 -1 201 141 140 -1 201 176 141 -1 171 154 156 -1 171 153 154 -1 84 77 64 -1 75 77 84 -1 70 84 80 -1 70 161 84 -1 173 153 171 -1 202 153 173 -1 155 214 200 -1 155 212 214 -1 134 234 235 -1 234 134 158 -1 59 235 131 -1 59 134 235 -1 20 152 17 -1 152 20 151 -1 22 197 184 -1 22 24 197 -1 125 198 122 -1 217 198 125 -1 73 110 89 -1 73 92 110 -1 211 146 224 -1 148 146 211 -1 205 168 165 -1 205 209 168 -1 222 208 207 -1 31 208 222 -1 227 236 51 -1 227 229 236 -1 88 132 87 -1 102 132 88 -1 90 109 138 -1 90 89 109 -1 26 224 105 -1 26 211 224 -1 225 237 13 -1 225 139 237 -1 130 114 116 -1 130 66 114 -1 68 80 79 -1 80 68 70 -1 64 157 62 -1 157 64 77 -1 69 161 70 -1 69 160 161 -1 109 230 236 -1 109 108 230 -1 49 14 47 -1 158 14 49 -1 54 37 143 -1 54 53 37 -1 213 131 219 -1 131 213 121 -1 235 233 220 -1 234 233 235 -1 51 223 227 -1 51 32 223 -1 231 56 145 -1 55 56 231 -1 217 204 198 -1 216 204 217 -1 232 48 228 -1 49 48 232 -1 221 200 214 -1 221 203 200 -1 145 52 231 -1 52 145 34 -1 108 0 230 -1 108 1 0 -1 9 110 92 -1 9 8 110 -1 46 93 45 -1 46 162 93 -1 44 91 159 -1 91 44 43 -1 228 229 227 -1 228 48 229 -1 207 216 222 -1 207 204 216 -1 206 165 164 -1 165 206 205 -1 86 226 65 -1 86 127 226 -1 104 142 212 -1 104 143 142 -1 56 105 224 -1 56 54 105 -1 223 31 222 -1 223 32 31 -1 220 125 124 -1 220 233 125 -1 219 214 213 -1 214 219 221 -1 233 217 125 -1 233 215 217 -1 129 77 76 -1 129 157 77 -1 20 154 151 -1 20 156 154 -1 26 210 211 -1 210 26 25 -1 207 209 205 -1 207 208 209 -1 201 203 202 -1 201 200 203 -1 198 206 199 -1 198 204 206 -1 174 195 172 -1 195 174 196 -1 194 177 175 -1 193 177 194 -1 192 179 178 -1 190 179 192 -1 183 189 181 -1 189 183 191 -1 188 170 167 -1 187 170 188 -1 186 166 163 -1 185 166 186 -1 184 19 18 -1 197 19 184 -1 196 107 195 -1 107 196 106 -1 111 193 194 -1 39 193 111 -1 40 190 192 -1 29 190 40 -1 191 41 189 -1 41 191 30 -1 42 187 188 -1 96 187 42 -1 94 185 186 -1 95 185 94 -1 197 106 196 -1 197 24 106 -1 181 169 182 -1 167 169 181 -1 113 183 180 -1 113 179 183 -1 177 112 141 -1 178 112 177 -1 173 175 176 -1 175 173 172 -1 174 156 19 -1 174 171 156 -1 170 165 168 -1 163 165 170 -1 166 21 164 -1 166 18 21 -1 13 128 16 -1 237 128 13 -1 129 237 120 -1 128 237 129 -1 102 63 132 -1 63 102 79 -1 68 130 71 -1 68 103 130 -1 116 11 81 -1 12 11 116 -1 162 75 84 -1 162 46 75 -1 78 159 3 -1 78 44 159 -1 137 160 136 -1 160 137 161 -1 2 8 7 -1 8 2 1 -1' creaseAngle='1.571'>
            <Coordinate DEF='rdphal5_Coord' point='-6.116 24.9247 1.7218 -6.0625 24.9302 1.7164 -6.063 24.9374 1.7293 -6.028 24.945 1.6301 -6.0788 24.9409 1.6481 -6.085 24.9486 1.6368 -6.0244 24.9381 1.6454 -6.0053 24.9457 1.7376 -6.0068 24.9365 1.7237 -5.998 24.9401 1.7224 -6.1195 24.962 1.7418 -6.0686 24.9649 1.7415 -6.0767 24.986 1.7388 -6.052 25.007 1.6026 -6.0958 24.974 1.6275 -6.0999 24.9955 1.6312 -6.0432 24.9827 1.6015 -6.3603 24.9444 1.5448 -6.3629 24.9424 1.5511 -6.3703 25.0085 1.5844 -6.3687 25.0106 1.5778 -6.3597 24.9413 1.5446 -6.351 24.978 1.6417 -6.3435 24.9902 1.6904 -6.3526 25.0003 1.6549 -6.2635 24.977 1.8233 -6.2365 24.9765 1.8225 -6.2778 25.0349 1.8199 -6.2582 25.0281 1.7945 -6.3236 24.9836 1.7345 -6.3246 24.9689 1.7226 -6.2495 24.8655 1.6468 -6.225 24.8714 1.6515 -6.2384 24.8725 1.6951 -6.2172 24.8805 1.6914 -6.1387 25.0171 1.7273 -6.1903 25.0199 1.7172 -6.1802 25.0089 1.7388 -6.1456 25.0235 1.708 -6.3378 25.0131 1.7319 -6.3274 25.0009 1.7378 -6.3282 24.9581 1.7073 -6.3354 24.9572 1.6883 -5.9697 24.9627 1.6528 -5.9678 24.9739 1.6378 -5.9569 24.9742 1.6575 -5.9493 24.9975 1.647 -6.0912 24.9578 1.6267 -6.1355 24.9339 1.6314 -6.1396 24.952 1.623 -6.0637 24.9475 1.7412 -6.1844 24.8976 1.6599 -6.1734 24.9009 1.6932 -6.1718 24.9924 1.7529 -6.206 24.9825 1.774 -6.164 24.9497 1.7476 -6.2031 24.9333 1.7605 -6.153 25.0289 1.6872 -6.1053 25.0355 1.6647 -6.1593 25.0343 1.6694 -6.1027 25.0345 1.6823 -5.9441 25.0692 1.6687 -5.9669 25.0978 1.6328 -5.9597 25.0994 1.6678 -5.9525 25.0687 1.6471 -6.0188 25.0806 1.7124 -6.0068 25.0705 1.7294 -6.0043 25.092 1.7114 -5.9586 25.0519 1.7326 -5.9547 24.9959 1.7489 -5.9465 25.0305 1.7225 -5.9692 25.0182 1.7517 -5.9595 24.9596 1.7004 -5.9705 24.9515 1.6772 -5.9524 24.9733 1.6893 -5.9518 25.0098 1.6326 -5.9822 24.995 1.5918 -5.9596 25.0302 1.6134 -5.9732 24.9814 1.6209 -5.9609 25.088 1.6998 -5.949 25.0638 1.6883 -6.0135 24.9856 1.7624 -6.0088 24.9626 1.7526 -6.037 24.9597 1.6113 -5.9388 25.0335 1.6694 -6.0343 25.0901 1.6708 -6.0249 25.082 1.6914 -6.0044 25.1136 1.6628 -6.0009 25.1082 1.6919 -6.0222 24.928 1.6851 -6.0241 24.9355 1.6614 -5.9969 24.9435 1.6574 -5.9864 24.9431 1.7046 -5.9509 24.9855 1.6729 -6.3457 24.9617 1.6578 -6.349 24.9657 1.6459 -6.3424 24.9577 1.6696 -6.1331 25.0041 1.7397 -6.018 25.0852 1.611 -6.0319 25.0688 1.6241 -6.0018 25.1009 1.6341 -6.0343 25.0807 1.65 -5.9765 25.1017 1.7011 -5.9752 25.0666 1.7339 -6.2374 25.0186 1.7752 -6.2183 24.9808 1.8022 -6.3583 25.0139 1.6749 -6.3565 25.0219 1.6945 -6.0621 24.926 1.7025 -6.0643 24.9289 1.6806 -6.013 24.9322 1.7086 -6.3472 25.0209 1.7153 -6.2993 25.0315 1.8274 -6.2861 24.978 1.8242 -6.0494 25.0471 1.7341 -6.0912 25.0188 1.7317 -6.0253 25.0087 1.7585 -6.0698 25.0537 1.6438 -6.0708 25.0608 1.6581 -5.9816 25.1067 1.6293 -5.9901 25.0673 1.5951 -6.2016 25.0302 1.6947 -6.2987 24.9914 1.554 -6.3329 25.0734 1.6215 -6.2914 25.0529 1.6262 -6.2635 24.9728 1.5718 -6.0673 25.0627 1.6779 -6.0632 25.0609 1.6977 -5.9978 25.0125 1.5841 -5.9818 25.0396 1.5909 -5.9854 25.038 1.7474 -6.2117 25.0403 1.6756 -5.9764 25.1122 1.6662 -6.1032 25.0238 1.6382 -6.1522 25.0172 1.6412 -6.0996 25.0337 1.7008 -5.9536 24.9672 1.7155 -5.944 24.9945 1.694 -6.0728 24.9346 1.6606 -6.0299 25.0592 1.6032 -6.3085 25.0664 1.7833 -6.3308 25.0626 1.8054 -6.231 25.029 1.7339 -6.2181 25.007 1.756 -6.0962 25.031 1.7187 -6.2098 24.8932 1.7314 -6.2229 24.8868 1.7444 -6.2925 24.8823 1.6926 -6.2406 24.8895 1.7528 -6.2711 24.8921 1.7495 -6.2622 24.8756 1.6974 -6.3368 25.0028 1.5664 -6.3323 24.9674 1.5492 -6.3625 25.0643 1.6306 -6.3534 25.0432 1.6011 -6.2839 25.0724 1.7565 -6.3701 25.0163 1.5826 -5.9749 25.0521 1.5973 -6.1429 24.9742 1.6247 -6.0153 24.9407 1.6442 -5.9517 24.9777 1.73 -5.9423 25.0082 1.7064 -5.9415 25.0104 1.6699 -6.3508 24.9048 1.5982 -6.3534 24.9055 1.56 -6.3459 24.8971 1.5966 -6.3577 24.912 1.5643 -6.3231 24.8959 1.6889 -6.3372 24.887 1.632 -6.3177 24.888 1.6884 -6.3423 24.8951 1.6337 -6.3875 25.0567 1.6393 -6.3843 25.0753 1.6965 -6.3837 25.0814 1.695 -6.388 25.0506 1.6422 -6.3584 25.0756 1.7569 -6.3576 25.0819 1.7559 -6.3324 25.0571 1.8045 -6.3038 25.027 1.8241 -6.2925 24.9797 1.8188 -6.2872 24.9304 1.7923 -6.3026 24.9013 1.7456 -6.2964 24.8947 1.7479 -6.2937 24.935 1.7881 -6.3577 24.9623 1.5926 -6.3536 24.9377 1.6019 -6.3477 24.9311 1.6261 -6.3414 24.9236 1.6499 -6.3278 24.9234 1.6875 -6.3135 24.926 1.7258 -6.3052 24.9791 1.779 -6.3067 24.9486 1.7562 -6.313 25.0136 1.7843 -6.3339 25.0371 1.7715 -6.3525 25.0516 1.7382 -6.3708 25.0525 1.6966 -6.374 25.036 1.6576 -6.3622 25.0082 1.6178 -6.2881 24.9392 1.5507 -6.327 24.9412 1.5471 -6.3108 25.0915 1.7192 -6.3357 25.0861 1.7397 -6.3579 25.0879 1.6861 -6.3281 25.095 1.6741 -6.2819 24.906 1.5604 -6.3175 24.8923 1.5976 -6.3207 24.9065 1.5596 -6.2833 24.8858 1.6002 -6.2757 24.8675 1.6428 -6.3092 24.878 1.6368 -6.2632 24.9281 1.793 -6.2344 24.9261 1.7949 -6.2566 25.0523 1.7461 -6.2459 25.0441 1.7103 -6.2778 25.0699 1.715 -6.2342 24.9349 1.5903 -6.258 24.9018 1.5747 -6.2599 24.9358 1.5661 -6.2362 24.9024 1.5945 -6.2553 25.0524 1.6835 -6.2501 25.0223 1.6352 -6.2942 25.0797 1.6796 -6.2563 24.8818 1.6095 -6.2305 24.8852 1.6221 -6.2156 24.9273 1.7812 -6.0674 25.042 1.6178 -6.058 25.0593 1.7177 -6.1857 24.9082 1.6365 -6.1873 24.9207 1.6152 -6.1334 24.9228 1.6502 -6.1223 24.9156 1.698 -6.1656 24.9124 1.7242 -6.1878 24.9435 1.6097 -6.2332 24.9688 1.5989 -6.188 24.9693 1.6148 -6.2011 25.0164 1.6397 -6.1318 24.9141 1.6707 -6.0118 25.031 1.5862'/>
          </IndexedFaceSet>
        </Shape>
      </Group>
    </Transform>
  </Scene>
</X3D>